{
"type": "FeatureCollection",
"name": "cdmx_mun",
"features": [
{ "type": "Feature", "properties": { "CVEGEO": "09002", "CVE_ENT": "09", "CVE_MUN": "002", "NOMGEO": "Azcapotzalco", "ENTIDAD FEDERATIVA": "Ciudad de México", "CLAVE DEL MUNICIPIO": 9002, "POBLACIÓN 2020": 404958, "POBLACIÓN EN SITUACIÓN DE POBREZA 2020": 97943, "POBLACIÓN EN SITUACIÓN DE POBREZA EXTREMA 2020": 9990, "GRADO DE REZAGO": "Muy bajo", "autoad.indig": 32463.347469280001, "% autoad.indig": 7.728338, "OCURRENCIAS_DONANTE": 0, "MONTOASIGNADO_TOTAL": 0 }, "geometry": { "type": "MultiPolygon", "coordinates": [ [ [ [ 2794859.977200001478195, 837218.408100001513958 ], [ 2794861.689599998295307, 837217.398600000888109 ], [ 2794900.889600001275539, 837220.378800000995398 ], [ 2795365.57660000026226, 837099.757699999958277 ], [ 2795369.358900003135204, 837098.775699999183416 ], [ 2795374.745800003409386, 837097.377199999988079 ], [ 2795374.814900003373623, 837097.359299998730421 ], [ 2795374.837899997830391, 837097.353300001472235 ], [ 2795374.929999999701977, 837097.3293999992311 ], [ 2795379.302500002086163, 837096.193199999630451 ], [ 2795382.772600002586842, 837095.292500000447035 ], [ 2795411.419799998402596, 837087.857700001448393 ], [ 2795412.772399999201298, 837087.506599999964237 ], [ 2795444.992899999022484, 837113.034200001507998 ], [ 2795456.671300001442432, 837122.288199998438358 ], [ 2795513.625299997627735, 837167.412900000810623 ], [ 2795518.354900002479553, 837172.811299998313189 ], [ 2795568.271600000560284, 837229.777899999171495 ], [ 2795582.367899999022484, 837233.235700000077486 ], [ 2795586.325300000607967, 837234.206700000911951 ], [ 2795605.145499996840954, 837238.825100000947714 ], [ 2795637.321400001645088, 837246.720199998468161 ], [ 2795723.898000001907349, 837287.372499998658895 ], [ 2795757.744999997317791, 837311.424899999052286 ], [ 2795762.591499999165535, 837314.868400000035763 ], [ 2795772.95440000295639, 837322.233399998396635 ], [ 2795826.894799999892712, 837359.686599999666214 ], [ 2795873.645199999213219, 837342.928800001740456 ], [ 2795978.5515, 837305.323699999600649 ], [ 2796011.48929999768734, 837293.518500000238419 ], [ 2796055.089199997484684, 837277.8902000002563 ], [ 2796104.030699998140335, 837260.3462999984622 ], [ 2796152.45099999755621, 837235.755100000649691 ], [ 2796196.998400002717972, 837213.131900001317263 ], [ 2796238.378100000321865, 837192.116500001400709 ], [ 2796241.969899997115135, 837190.292100001126528 ], [ 2796274.673299998044968, 837173.683200001716614 ], [ 2796286.406599998474121, 837167.724399998784065 ], [ 2796425.547899998724461, 837109.660300001502037 ], [ 2796431.609300002455711, 837107.128600001335144 ], [ 2796456.426899999380112, 837096.774500001221895 ], [ 2796536.7179000005126, 837069.247499998658895 ], [ 2796585.284000001847744, 837052.597300000488758 ], [ 2796635.7483000010252, 837035.298099998384714 ], [ 2796681.711499996483326, 837019.541700001806021 ], [ 2796737.520300000905991, 837000.410199999809265 ], [ 2796787.38740000128746, 836983.315000001341105 ], [ 2796838.13459999859333, 836967.346700001507998 ], [ 2796887.201999999582767, 836951.905099999159575 ], [ 2796896.943999998271465, 836948.840300001204014 ], [ 2796900.22070000320673, 836947.809200000017881 ], [ 2796932.616499997675419, 836937.614399999380112 ], [ 2796984.367899999022484, 836921.329799998551607 ], [ 2797013.962600000202656, 836912.018300000578165 ], [ 2797031.806000001728535, 836906.403900001198053 ], [ 2797054.576800003647804, 836899.238099999725819 ], [ 2797082.308399997651577, 836890.511100001633167 ], [ 2797128.775600001215935, 836875.889699999243021 ], [ 2797155.954499997198582, 836867.337400000542402 ], [ 2797173.796599999070168, 836861.723000001162291 ], [ 2797179.644599996507168, 836859.882800001651049 ], [ 2797187.214400000870228, 836857.500700000673532 ], [ 2797230.141500003635883, 836843.992800001055002 ], [ 2797230.145199999213219, 836843.991700001060963 ], [ 2797280.935900002717972, 836828.008900001645088 ], [ 2797499.081000000238419, 836759.365299999713898 ], [ 2797523.575400002300739, 836745.319600000977516 ], [ 2797542.192900002002716, 836693.723000001162291 ], [ 2797565.280100002884865, 836629.738800000399351 ], [ 2797587.088299997150898, 836573.747800000011921 ], [ 2797622.367899999022484, 836478.899099998176098 ], [ 2797649.611000001430511, 836405.656199999153614 ], [ 2797660.383699998259544, 836376.693900000303984 ], [ 2797780.674900002777576, 836053.291299998760223 ], [ 2797807.929899998009205, 835980.016499999910593 ], [ 2797829.718299999833107, 835921.438499998301268 ], [ 2797852.359099999070168, 835860.301199998706579 ], [ 2797919.201300002634525, 835679.819699998944998 ], [ 2797946.381300002336502, 835606.429800000041723 ], [ 2797958.099299997091293, 835574.788899999111891 ], [ 2797964.388099998235703, 835557.844399999827147 ], [ 2798049.421800002455711, 835333.981899999082088 ], [ 2798077.18469999730587, 835260.892299998551607 ], [ 2798088.876599997282028, 835230.111800000071526 ], [ 2798124.629000000655651, 835135.430500000715256 ], [ 2798159.511500000953674, 835042.982599999755621 ], [ 2798193.587300002574921, 834952.688999999314547 ], [ 2798238.454899996519089, 834833.790500000119209 ], [ 2798284.565999999642372, 834711.914599999785423 ], [ 2798312.258500002324581, 834638.720800001174212 ], [ 2798322.777199998497963, 834610.918600000441074 ], [ 2798355.21000000089407, 834530.30689999833703 ], [ 2798357.409699998795986, 834524.839699998497963 ], [ 2798361.598800003528595, 834513.458500001579523 ], [ 2798419.676399998366833, 834355.669900000095367 ], [ 2798439.773599997162819, 834305.799100000411272 ], [ 2798453.592600002884865, 834268.871599998325109 ], [ 2798480.997299998998642, 834195.640099998563528 ], [ 2798492.315399996936321, 834165.395599998533726 ], [ 2798500.594800002872944, 834147.861400000751019 ], [ 2798523.463500000536442, 834090.587699998170137 ], [ 2798537.662000000476837, 834052.750100001692772 ], [ 2798558.355800002813339, 833999.292399998754263 ], [ 2798567.627700001001358, 833975.767200000584126 ], [ 2798591.906599998474121, 833911.832899998873472 ], [ 2798596.31139999628067, 833901.086899999529123 ], [ 2798617.647600002586842, 833846.779699999839067 ], [ 2798636.487099997699261, 833795.302999999374151 ], [ 2798658.415299996733665, 833740.353000000119209 ], [ 2798683.071400001645088, 833675.493500001728535 ], [ 2798693.512000001966953, 833646.830099999904633 ], [ 2798720.263800002634525, 833573.386100001633167 ], [ 2798723.9712999984622, 833563.207699999213219 ], [ 2798745.38849999755621, 833501.714600000530481 ], [ 2798772.212399996817112, 833432.238600000739098 ], [ 2798792.826300002634525, 833380.824700001627207 ], [ 2798817.991400003433228, 833318.329900000244379 ], [ 2798838.954300001263618, 833266.23200000077486 ], [ 2798846.399400003254414, 833245.511500000953674 ], [ 2798858.187899999320507, 833212.703099999576807 ], [ 2798861.497599996626377, 833204.177299998700619 ], [ 2798880.552299998700619, 833157.643699999898672 ], [ 2798901.792099997401237, 833101.072700001299381 ], [ 2798911.767800003290176, 833074.065400000661612 ], [ 2798938.377700001001358, 833005.26069999858737 ], [ 2798943.215700000524521, 832993.765900000929832 ], [ 2798950.853200003504753, 832972.44539999961853 ], [ 2798977.215400002896786, 832898.853399999439716 ], [ 2798989.843400001525879, 832863.601399999111891 ], [ 2799044.470499999821186, 832727.548700001090765 ], [ 2799053.649800002574921, 832695.759899999946356 ], [ 2799056.303999997675419, 832686.568599998950958 ], [ 2799059.45380000025034, 832660.487199999392033 ], [ 2799053.636600002646446, 832619.059399999678135 ], [ 2798832.694899998605251, 832532.19649999961257 ], [ 2798774.456699997186661, 832513.281800001859665 ], [ 2798721.905900001525879, 832496.211500000208616 ], [ 2798690.064099997282028, 832485.868900001049042 ], [ 2798667.861000001430511, 832478.657800000160933 ], [ 2798618.214599996805191, 832462.530999999493361 ], [ 2798573.595899999141693, 832447.630300000309944 ], [ 2798542.237099997699261, 832437.157400000840425 ], [ 2798512.150799997150898, 832428.823899999260902 ], [ 2798469.405000001192093, 832416.982200000435114 ], [ 2798334.877599999308586, 832378.920699998736382 ], [ 2798305.093800000846386, 832372.058499999344349 ], [ 2798280.011799998581409, 832369.386500000953674 ], [ 2798251.318199999630451, 832369.684000000357628 ], [ 2798161.132299996912479, 832379.501200001686811 ], [ 2798089.866800002753735, 832387.650299999862909 ], [ 2798036.012999996542931, 832393.487100001424551 ], [ 2798000.024800002574921, 832397.1418999992311 ], [ 2797973.855899997055531, 832399.79839999973774 ], [ 2797958.185000002384186, 832402.984499998390675 ], [ 2797860.594999998807907, 832420.492199998348951 ], [ 2797813.91160000115633, 832429.344500001519918 ], [ 2797741.417900003492832, 832442.163499999791384 ], [ 2797699.224799998104572, 832451.791900001466274 ], [ 2797652.612499997019768, 832463.353900000452995 ], [ 2797594.595399998128414, 832474.399700000882149 ], [ 2797570.319300003349781, 832478.302099999040365 ], [ 2797542.413099996745586, 832480.776999998837709 ], [ 2797504.491599999368191, 832479.821199998259544 ], [ 2797472.580799996852875, 832474.557799998670816 ], [ 2797430.411899998784065, 832461.211500000208616 ], [ 2797409.415500000119209, 832451.307399999350309 ], [ 2797383.708499997854233, 832435.261500000953674 ], [ 2797362.864600002765656, 832418.873799998313189 ], [ 2797347.790700003504753, 832404.611699998378754 ], [ 2797337.713799998164177, 832393.085900001227856 ], [ 2797319.345499999821186, 832364.35359999909997 ], [ 2797287.413800001144409, 832312.179099999368191 ], [ 2797265.87780000269413, 832268.809099998325109 ], [ 2797246.95719999819994, 832231.043499998748302 ], [ 2797219.703400000929832, 832178.972800001502037 ], [ 2797204.541000001132488, 832154.675599999725819 ], [ 2797185.361400000751019, 832130.032800000160933 ], [ 2797163.223300002515316, 832107.420099999755621 ], [ 2797126.834399998188019, 832076.336399998515844 ], [ 2797077.627300001680851, 832035.86089999973774 ], [ 2797054.875, 832017.392400000244379 ], [ 2797029.169799998402596, 831994.794300001114607 ], [ 2797016.023999996483326, 831979.685300000011921 ], [ 2797003.067699998617172, 831963.148299999535084 ], [ 2796992.023800000548363, 831946.535399999469519 ], [ 2796977.2588, 831915.510099999606609 ], [ 2796970.061999998986721, 831895.558899998664856 ], [ 2796954.616099998354912, 831815.686900001019239 ], [ 2796941.166199997067451, 831748.178599998354912 ], [ 2796930.359899997711182, 831693.919900000095367 ], [ 2796916.935999996960163, 831624.188799999654293 ], [ 2796866.760200001299381, 831631.639299999922514 ], [ 2796775.4121999964118, 831646.106100000441074 ], [ 2796718.113899998366833, 831653.672400001436472 ], [ 2796525.0044, 831682.329900000244379 ], [ 2796434.529799997806549, 831696.557599999010563 ], [ 2796421.097800001502037, 831698.583399999886751 ], [ 2796139.652400001883507, 831741.031300000846386 ], [ 2795861.631899997591972, 831783.082100000232458 ], [ 2795773.129900000989437, 831796.331599999219179 ], [ 2795729.005800001323223, 831802.975600000470877 ], [ 2795651.076099999248981, 831814.709699999541044 ], [ 2795532.847999997437, 831832.543800000101328 ], [ 2795473.662600003182888, 831841.476300001144409 ], [ 2795441.355099998414516, 831846.907299999147654 ], [ 2795418.062700003385544, 831850.822900000959635 ], [ 2795334.068300001323223, 831868.278000000864267 ], [ 2795321.043700002133846, 831870.405699998140335 ], [ 2795215.126999996602535, 831887.707800000905991 ], [ 2795092.650499999523163, 831904.664599999785423 ], [ 2794994.919399999082088, 831921.880300000309944 ], [ 2794879.150799997150898, 831938.585400000214577 ], [ 2794775.791799999773502, 831957.738600000739098 ], [ 2794775.367600001394749, 831957.797600001096725 ], [ 2794766.26690000295639, 831959.10080000013113 ], [ 2794652.450300000607967, 831975.398600000888109 ], [ 2794640.4324000030756, 831974.459399998188019 ], [ 2794445.076399996876717, 832020.785799998790026 ], [ 2794440.986400000751019, 832021.755699999630451 ], [ 2794314.775100000202656, 832052.32319999858737 ], [ 2794336.389300003647804, 832225.97690000012517 ], [ 2794337.314599998295307, 832232.706399999558926 ], [ 2794356.370999999344349, 832371.302799999713898 ], [ 2794358.75959999859333, 832388.484600000083447 ], [ 2794238.532700002193451, 832423.311700001358986 ], [ 2794146.643500000238419, 832452.281300000846386 ], [ 2794071.076700001955032, 832477.432700000703335 ], [ 2794072.905100002884865, 832529.755800001323223 ], [ 2794075.123099997639656, 832593.225099999457598 ], [ 2794075.695100001990795, 832618.222199998795986 ], [ 2794079.895199999213219, 832838.017900001257658 ], [ 2794088.589000001549721, 833116.668099999427795 ], [ 2794073.847999997437, 833121.524900000542402 ], [ 2794034.674400001764297, 833134.431800000369549 ], [ 2793986.790899999439716, 833148.734400000423193 ], [ 2793872.712999999523163, 833174.500700000673532 ], [ 2793864.836800001561642, 833176.279699999839067 ], [ 2793851.63459999859333, 833179.261599998921156 ], [ 2793848.787500001490116, 833179.904699999839067 ], [ 2793818.554700002074242, 833186.733199998736382 ], [ 2793783.280299998819828, 833194.700500000268221 ], [ 2793765.485100001096725, 833198.720499999821186 ], [ 2793700.4037000015378, 833213.422499999403954 ], [ 2793649.657700002193451, 833227.218600001186132 ], [ 2793616.931400001049042, 833236.118599999696016 ], [ 2793609.943000003695488, 833238.019099999219179 ], [ 2793593.703500002622604, 833242.435400001704693 ], [ 2793584.76799999922514, 833245.059399999678135 ], [ 2793579.082500003278255, 833246.728999998420477 ], [ 2793543.421400003135204, 833257.201299998909235 ], [ 2793489.985699996352196, 833272.032800000160933 ], [ 2793434.614500001072884, 833287.919399999082088 ], [ 2793389.880000002682209, 833300.905600000172853 ], [ 2793350.171400003135204, 833312.538400001823902 ], [ 2793320.219899997115135, 833321.390399999916553 ], [ 2793311.418600000441074, 833323.991500001400709 ], [ 2793298.498099997639656, 833327.810100000351667 ], [ 2793266.430799998342991, 833337.681699998676777 ], [ 2793262.671099998056889, 833338.839000001549721 ], [ 2793254.483599998056889, 833341.359499998390675 ], [ 2793178.639899998903275, 833365.66950000077486 ], [ 2793107.430799998342991, 833387.119600001722574 ], [ 2793072.782300002872944, 833397.435699999332428 ], [ 2793050.647799998521805, 833403.502700001001358 ], [ 2793011.538699999451637, 833414.22239999845624 ], [ 2792993.964100003242493, 833414.660900000482798 ], [ 2792975.992700003087521, 833415.109400000423193 ], [ 2792931.04389999806881, 833400.656399998813868 ], [ 2792839.43639999628067, 833374.365600001066923 ], [ 2792723.197899997234344, 833336.442299999296665 ], [ 2792630.097900003194809, 833302.73200000077486 ], [ 2792564.872400000691414, 833278.227800000458956 ], [ 2792531.928599998354912, 833259.050200000405312 ], [ 2792406.629299998283386, 833182.885800000280142 ], [ 2792372.538699999451637, 833166.609299998730421 ], [ 2792272.780500002205372, 833192.886599998921156 ], [ 2792252.307099997997284, 833198.279100000858307 ], [ 2792212.120200000703335, 833208.865800000727177 ], [ 2792210.027000002563, 833209.41780000180006 ], [ 2792148.306100003421307, 833225.67680000141263 ], [ 2792118.792700000107288, 833233.451200000941753 ], [ 2792114.903599999845028, 833234.475600000470877 ], [ 2792076.836000002920628, 833244.50279999896884 ], [ 2792038.799900002777576, 833254.522700000554323 ], [ 2792034.913999997079372, 833255.546300001442432 ], [ 2792003.6831, 833263.773400001227856 ], [ 2791955.894299998879433, 833276.361999999731779 ], [ 2791953.917000003159046, 833276.883000001311302 ], [ 2791952.624499998986721, 833277.223499998450279 ], [ 2791889.730800002813339, 833293.790800001472235 ], [ 2791823.202299997210503, 833311.317600000649691 ], [ 2791761.792700000107288, 833327.493700001388788 ], [ 2791691.854900002479553, 833345.916299998760223 ], [ 2791663.610100001096725, 833353.358600001782179 ], [ 2791630.149800002574921, 833362.173300001770258 ], [ 2791594.739600002765656, 833371.499899998307228 ], [ 2791593.703199997544289, 833371.772799998521805 ], [ 2791566.446599997580051, 833378.952399998903275 ], [ 2791526.582000002264977, 833389.4560999982059 ], [ 2791525.066200003027916, 833389.855500001460314 ], [ 2791494.516999997198582, 833397.903599999845028 ], [ 2791455.381499998271465, 833408.212400000542402 ], [ 2791421.37219999730587, 833417.171399999409914 ], [ 2791388.740500003099442, 833425.766499999910593 ], [ 2791314.649899996817112, 833445.285900000482798 ], [ 2791248.652099996805191, 833462.670899998396635 ], [ 2791178.5945999994874, 833481.125599998980761 ], [ 2791107.341700002551079, 833499.897399999201298 ], [ 2791037.541299998760223, 833518.284800000488758 ], [ 2790969.393200002610683, 833536.23759999871254 ], [ 2790927.276199996471405, 833547.333399999886751 ], [ 2790868.686800003051758, 833562.768500000238419 ], [ 2790887.307899996638298, 833655.815600000321865 ], [ 2790907.342299997806549, 833755.930799998342991 ], [ 2790927.442500002682209, 833856.367199998348951 ], [ 2790941.257100000977516, 833904.919199999421835 ], [ 2790943.394400000572205, 833912.430100001394749 ], [ 2790971.726800002157688, 834011.996700000017881 ], [ 2790998.731100000441074, 834106.899500001221895 ], [ 2791009.45889999717474, 834144.598900001496077 ], [ 2791029.844099998474121, 834209.909400001168251 ], [ 2791061.227399997413158, 834310.454100001603365 ], [ 2791091.665100000798702, 834407.969999998807907 ], [ 2791113.482799999415874, 834477.868400000035763 ], [ 2791122.162399999797344, 834505.680300001055002 ], [ 2791140.0304000005126, 834562.922200001776218 ], [ 2791157.926700003445148, 834620.258499998599291 ], [ 2791168.833800002932549, 834655.20380000025034 ], [ 2791222.740500003099442, 834826.188000001013279 ], [ 2791236.199600003659725, 834868.873500000685453 ], [ 2791241.186300002038479, 834884.688499998301268 ], [ 2791255.866599999368191, 834931.251400001347065 ], [ 2791256.380199998617172, 834932.886300001293421 ], [ 2791285.987099997699261, 835026.791700001806021 ], [ 2791317.353799998760223, 835126.280499998480082 ], [ 2791326.229099996387959, 835154.427299998700619 ], [ 2791341.332500003278255, 835202.331300001591444 ], [ 2791343.065700002014637, 835207.828499998897314 ], [ 2791352.831399999558926, 835238.806400001049042 ], [ 2791369.858599998056889, 835297.093800000846386 ], [ 2791398.302699998021126, 835394.457100000232458 ], [ 2791399.520599998533726, 835398.626899998635054 ], [ 2791400.126599997282028, 835400.701799999922514 ], [ 2791424.797200001776218, 835485.153799999505281 ], [ 2791430.709299996495247, 835505.388900000602007 ], [ 2791448.7516999989748, 835567.154399998486042 ], [ 2791470.431000001728535, 835641.359400000423193 ], [ 2791485.973099999129772, 835694.564399998635054 ], [ 2791507.247500002384186, 835767.388300001621246 ], [ 2791530.285499997437, 835846.249400001019239 ], [ 2791555.424699999392033, 835932.306499999016523 ], [ 2791577.525799997150898, 836007.959100000560284 ], [ 2791582.629699997603893, 836025.433100000023842 ], [ 2791597.79619999974966, 836077.345800001174212 ], [ 2791615.81870000064373, 836139.039099998772144 ], [ 2791619.48200000077486, 836153.827100001275539 ], [ 2791677.554499998688698, 836388.245700001716614 ], [ 2791713.231499999761581, 836525.794100001454353 ], [ 2791730.590400002896786, 836593.355799999088049 ], [ 2791738.865900002419949, 836625.563999999314547 ], [ 2791762.416799999773502, 836719.7939000017941 ], [ 2791764.877300001680851, 836733.706199999898672 ], [ 2791791.528999999165535, 836884.37049999833107 ], [ 2791812.824100002646446, 837075.351500000804663 ], [ 2791818.86370000243187, 837129.5016999989748 ], [ 2791834.115800000727177, 837196.013199999928474 ], [ 2791839.661200001835823, 837220.188400000333786 ], [ 2791850.193800002336502, 837266.121599998325109 ], [ 2791877.36540000140667, 837337.325500000268221 ], [ 2791885.322599999606609, 837366.464899998158216 ], [ 2791885.338600002229214, 837366.524099998176098 ], [ 2791885.354599997401237, 837366.583399999886751 ], [ 2791886.401799999177456, 837370.465700000524521 ], [ 2791891.64639999717474, 837389.699799999594688 ], [ 2791907.112800002098083, 837446.832600001245737 ], [ 2791916.926299996674061, 837498.724700000137091 ], [ 2791921.724899999797344, 837513.224399998784065 ], [ 2791929.879699997603893, 837537.867600001394749 ], [ 2791937.348700001835823, 837565.262699998915195 ], [ 2791945.273000001907349, 837577.150699999183416 ], [ 2791947.310400001704693, 837580.20719999819994 ], [ 2791947.545800000429153, 837580.552600000053644 ], [ 2791948.466899998486042, 837581.903400000184774 ], [ 2791951.814400002360344, 837586.812800001353025 ], [ 2791955.363099999725819, 837592.017299998551607 ], [ 2791959.694799996912479, 837598.369100000709295 ], [ 2791974.282799996435642, 837617.212200000882149 ], [ 2791985.495999999344349, 837631.683299999684095 ], [ 2791987.244599997997284, 837634.234999999403954 ], [ 2791988.585400000214577, 837636.191700000315905 ], [ 2791990.721799999475479, 837639.309300001710653 ], [ 2791991.133199997246265, 837639.909600000828505 ], [ 2791991.856100000441074, 837640.964600000530481 ], [ 2792005.410099998116493, 837660.741099998354912 ], [ 2792014.541500002145767, 837678.378499999642372 ], [ 2792016.942400000989437, 837683.013900000602007 ], [ 2792023.58219999819994, 837695.835200000554323 ], [ 2792029.4824, 837707.233600001782179 ], [ 2792029.742600001394749, 837707.503499999642372 ], [ 2792035.931699998676777, 837713.922600001096725 ], [ 2792047.890299998223782, 837726.328899998217821 ], [ 2792048.393200002610683, 837726.850600000470877 ], [ 2792058.933899998664856, 837737.788499999791384 ], [ 2792070.268700003623962, 837745.55180000141263 ], [ 2792086.2533999979496, 837756.499899998307228 ], [ 2792105.080300003290176, 837769.39469999819994 ], [ 2792144.319499999284744, 837796.271299999207258 ], [ 2792149.370099999010563, 837798.885299999266863 ], [ 2792249.450000002980232, 837850.667500000447035 ], [ 2792261.157899998128414, 837857.721700001507998 ], [ 2792304.380699999630451, 837883.766699999570847 ], [ 2792348.262299999594688, 837910.208799999207258 ], [ 2792374.655199997127056, 837926.112900000065565 ], [ 2792385.940700002014637, 837934.639299999922514 ], [ 2792415.527800001204014, 837956.99040000140667 ], [ 2792444.979800000786781, 837979.240600001066923 ], [ 2792455.011900000274181, 837985.802000001072884 ], [ 2792473.579599998891354, 837997.948600001633167 ], [ 2792503.434000000357628, 838017.479200001806021 ], [ 2792538.869199998676777, 838006.936099998652935 ], [ 2792583.97860000282526, 837993.513099998235703 ], [ 2792623.464000001549721, 837981.765399999916553 ], [ 2792654.932899996638298, 837972.402399998158216 ], [ 2792685.600000001490116, 837963.277899999171495 ], [ 2792685.648000001907349, 837963.263799998909235 ], [ 2792685.654700003564358, 837963.261799998581409 ], [ 2792685.690600000321865, 837963.250999998301268 ], [ 2792686.197200000286102, 837963.100299999117851 ], [ 2792686.777999997138977, 837962.927499998360872 ], [ 2792707.362099997699261, 837956.802200000733137 ], [ 2792721.404100000858307, 837952.625199999660254 ], [ 2792722.45549999922514, 837952.312600001692772 ], [ 2792723.252700001001358, 837952.075300000607967 ], [ 2792723.262599997222424, 837952.072299998253584 ], [ 2792723.273100003600121, 837952.069299999624491 ], [ 2792723.294200003147125, 837952.062899999320507 ], [ 2792723.364100001752377, 837952.041999999433756 ], [ 2792723.449699997901917, 837952.016199998557568 ], [ 2792723.646499998867512, 837951.95719999819994 ], [ 2792795.583200000226498, 837930.554000001400709 ], [ 2792796.368699997663498, 837930.320700000971556 ], [ 2792796.42230000346899, 837930.304800000041723 ], [ 2792796.475900001823902, 837930.288800001144409 ], [ 2792815.807199999690056, 837924.537500001490116 ], [ 2792892.637500002980232, 837901.677099999040365 ], [ 2792911.016000002622604, 837896.209699999541044 ], [ 2792964.07880000025034, 837880.420699998736382 ], [ 2792977.034500002861023, 837876.566199999302626 ], [ 2792978.554700002074242, 837876.113499999046326 ], [ 2792984.387199997901917, 837874.377399999648333 ], [ 2792998.533600002527237, 837870.168600000441074 ], [ 2793022.757100000977516, 837862.961100000888109 ], [ 2793059.709399998188019, 837851.966400001198053 ], [ 2793082.128799997270107, 837845.295400001108646 ], [ 2793093.332400001585484, 837841.962499998509884 ], [ 2793094.388599999248981, 837841.648200001567602 ], [ 2793096.735699996352196, 837840.94990000128746 ], [ 2793121.626599997282028, 837833.543699998408556 ], [ 2793137.923900000751019, 837828.695000000298023 ], [ 2793317.170100003480911, 837775.364700000733137 ], [ 2793340.524599999189377, 837768.416499998420477 ], [ 2793349.936499997973442, 837765.616799999028444 ], [ 2793350.824299998581409, 837765.352699998766184 ], [ 2793623.395000003278255, 837684.252999998629093 ], [ 2793626.280799999833107, 837683.394400000572205 ], [ 2793635.53830000013113, 837680.640000000596046 ], [ 2793834.19200000166893, 837621.533100001513958 ], [ 2793847.625500001013279, 837617.537300001829863 ], [ 2793848.251500003039837, 837617.351100001484156 ], [ 2793891.553000003099442, 837541.636700000613928 ], [ 2793978.122100003063679, 837524.625300001353025 ], [ 2794007.725900001823902, 837518.807300001382828 ], [ 2794081.600199997425079, 837504.288899999111891 ], [ 2794081.614600002765656, 837504.286100000143051 ], [ 2794158.994400002062321, 837489.078899998217821 ], [ 2794161.517300002276897, 837488.581900000572205 ], [ 2794201.18860000371933, 837480.787099998444319 ], [ 2794213.848099999129772, 837478.298900000751019 ], [ 2794312.444899998605251, 837437.971400000154972 ], [ 2794315.379199996590614, 837436.771200001239777 ], [ 2794315.881700001657009, 837436.565699998289347 ], [ 2794318.486400000751019, 837435.500399999320507 ], [ 2794324.495700001716614, 837433.042500000447035 ], [ 2794325.875900000333786, 837432.478000000119209 ], [ 2794364.830899998545647, 837416.5439000017941 ], [ 2794366.254600003361702, 837415.963100001215935 ], [ 2794366.273599997162819, 837415.955400001257658 ], [ 2794366.279700003564358, 837415.952500000596046 ], [ 2794411.161300003528595, 837395.059000000357628 ], [ 2794452.888800002634525, 837375.631700001657009 ], [ 2794459.288999997079372, 837372.652100000530481 ], [ 2794469.885799996554852, 837367.718800000846386 ], [ 2794535.457699999213219, 837337.191899999976158 ], [ 2794552.745200000703335, 837329.144099999219179 ], [ 2794562.485399998724461, 837325.9831000007689 ], [ 2794616.423299998044968, 837308.478799998760223 ], [ 2794654.991300001740456, 837295.963199999183416 ], [ 2794699.543300002813339, 837281.504799999296665 ], [ 2794736.245099999010563, 837269.594099998474121 ], [ 2794778.752400003373623, 837255.800700001418591 ], [ 2794818.303900003433228, 837242.965999998152256 ], [ 2794844.714800000190735, 837227.402399998158216 ], [ 2794844.823700003325939, 837227.338100001215935 ], [ 2794844.8279, 837227.33559999987483 ], [ 2794844.932300001382828, 837227.273400001227856 ], [ 2794845.164099998772144, 837227.135600000619888 ], [ 2794856.424400001764297, 837220.501299999654293 ], [ 2794859.977200001478195, 837218.408100001513958 ] ] ] ] } },
{ "type": "Feature", "properties": { "CVEGEO": "09003", "CVE_ENT": "09", "CVE_MUN": "003", "NOMGEO": "Coyoacán", "ENTIDAD FEDERATIVA": "Ciudad de México", "CLAVE DEL MUNICIPIO": 9003, "POBLACIÓN 2020": 568913, "POBLACIÓN EN SITUACIÓN DE POBREZA 2020": 154045, "POBLACIÓN EN SITUACIÓN DE POBREZA EXTREMA 2020": 16777, "GRADO DE REZAGO": "Muy bajo", "autoad.indig": 39261.493975520003, "% autoad.indig": 6.548734, "OCURRENCIAS_DONANTE": 0, "MONTOASIGNADO_TOTAL": 0 }, "geometry": { "type": "MultiPolygon", "coordinates": [ [ [ [ 2800218.994599997997284, 820661.624099999666214 ], [ 2800250.439499996602535, 820661.481899999082088 ], [ 2800281.4287, 820664.113899998366833 ], [ 2800300.83839999884367, 820668.493099998682737 ], [ 2800343.862800002098083, 820685.692099999636412 ], [ 2800360.421499997377396, 820693.193999998271465 ], [ 2800383.604500003159046, 820706.537399999797344 ], [ 2800403.127499997615814, 820719.760200001299381 ], [ 2800416.868199996650219, 820729.519999999552965 ], [ 2800425.314000003039837, 820735.975299999117851 ], [ 2800441.841099999845028, 820750.031500000506639 ], [ 2800463.750699996948242, 820774.640700001269579 ], [ 2800479.05799999833107, 820796.662500001490116 ], [ 2800513.352799996733665, 820857.343899998813868 ], [ 2800519.711400002241135, 820870.230700001120567 ], [ 2800538.2566, 820902.085999999195337 ], [ 2800570.605999998748302, 820899.039000000804663 ], [ 2800627.476899996399879, 820893.682900000363588 ], [ 2800646.97070000320673, 820891.847300000488758 ], [ 2800676.816200003027916, 820889.036400001496077 ], [ 2800711.648500002920628, 820885.755699999630451 ], [ 2800726.376999996602535, 820884.368999999016523 ], [ 2800756.645599998533726, 820881.518199998885393 ], [ 2800774.228900000452995, 820879.901700001209974 ], [ 2800798.922499999403954, 820877.53770000115037 ], [ 2800830.147200003266335, 820874.664200000464916 ], [ 2800842.802500002086163, 820873.406199999153614 ], [ 2800896.318300001323223, 820868.36600000038743 ], [ 2800902.497900001704693, 820867.783100001513958 ], [ 2800958.965899996459484, 820862.466600000858307 ], [ 2800967.56530000269413, 820861.657400000840425 ], [ 2801004.821999996900558, 820858.147700000554323 ], [ 2801020.662399999797344, 820856.651200000196695 ], [ 2801051.667599998414516, 820853.708599999547005 ], [ 2801069.960900001227856, 820852.015000000596046 ], [ 2801095.9408999979496, 820849.567999999970198 ], [ 2801122.414399996399879, 820847.075699999928474 ], [ 2801174.819700002670288, 820842.140099998563528 ], [ 2801226.323100000619888, 820837.290300000458956 ], [ 2801314.34009999781847, 820829.001899998635054 ], [ 2801331.632500000298023, 820827.373599998652935 ], [ 2801428.566399998962879, 820818.245200000703335 ], [ 2801443.721000000834465, 820816.81810000166297 ], [ 2801451.700099997222424, 820816.066700000315905 ], [ 2801461.263300001621246, 820815.16609999909997 ], [ 2801462.464800000190735, 820815.052999999374151 ], [ 2801501.700499996542931, 820811.357999999076128 ], [ 2801501.876199997961521, 820811.341499999165535 ], [ 2801502.089900001883507, 820811.321400001645088 ], [ 2801503.168600000441074, 820811.213100001215935 ], [ 2801503.943400003015995, 820811.135299999266863 ], [ 2801503.943800002336502, 820811.131799999624491 ], [ 2801504.255900003015995, 820808.96680000051856 ], [ 2801504.385899998247623, 820808.065000001341105 ], [ 2801514.815999999642372, 820735.690600000321865 ], [ 2801551.617899999022484, 820478.066399998962879 ], [ 2801567.344899997115135, 820399.297100000083447 ], [ 2801588.712300002574921, 820335.700500000268221 ], [ 2801625.596199996769428, 820223.264600001275539 ], [ 2801642.783600002527237, 820171.323499999940395 ], [ 2801674.510200001299381, 820095.837499998509884 ], [ 2801674.619599997997284, 820095.577300000935793 ], [ 2801688.615599997341633, 820062.280099999159575 ], [ 2801688.673799999058247, 820062.141699999570847 ], [ 2801701.695299997925758, 820031.161899998784065 ], [ 2801712.009499996900558, 820016.639699999243021 ], [ 2801746.733999997377396, 819969.276000000536442 ], [ 2801775.234300002455711, 819928.150100000202656 ], [ 2801776.677299998700619, 819925.597800001502037 ], [ 2801786.355099998414516, 819910.888399999588728 ], [ 2801846.135600000619888, 819820.024500001221895 ], [ 2801918.844400003552437, 819709.508600000292063 ], [ 2801929.153099998831749, 819693.839800000190735 ], [ 2801937.266699999570847, 819681.507599998265505 ], [ 2801969.538699999451637, 819625.170099999755621 ], [ 2802009.925599999725819, 819554.666200000792742 ], [ 2802024.255599997937679, 819527.926600001752377 ], [ 2802045.348399996757507, 819488.511300001293421 ], [ 2802046.99719999730587, 819485.471799999475479 ], [ 2802117.3706, 819358.612300001084805 ], [ 2802137.433700002729893, 819328.319200001657009 ], [ 2802152.105499997735023, 819311.80799999833107 ], [ 2802174.404399998486042, 819283.740499999374151 ], [ 2802189.797899998724461, 819264.941899999976158 ], [ 2802197.688799999654293, 819254.095199998468161 ], [ 2802207.141500003635883, 819235.665100000798702 ], [ 2802224.254900000989437, 819197.076699998229742 ], [ 2802236.160700000822544, 819170.230599999427795 ], [ 2802243.226999998092651, 819153.935699999332428 ], [ 2802251.97070000320673, 819133.772999998182058 ], [ 2802257.245300002396107, 819122.992899999022484 ], [ 2802275.05290000140667, 819083.358199998736382 ], [ 2802319.380000002682209, 818984.69539999961853 ], [ 2802327.454599998891354, 818964.977800000458956 ], [ 2802330.68129999935627, 818952.691399998962879 ], [ 2802332.443300001323223, 818942.419199999421835 ], [ 2802336.524999998509884, 818924.312800001353025 ], [ 2802342.739100001752377, 818885.9087999984622 ], [ 2802346.731700003147125, 818859.421599999070168 ], [ 2802358.11429999768734, 818793.280000001192093 ], [ 2802362.085100002586842, 818769.59569999948144 ], [ 2802362.702600002288818, 818764.640900000929832 ], [ 2802367.836900003254414, 818728.082100000232458 ], [ 2802375.739200003445148, 818685.427099999040365 ], [ 2802379.118299998342991, 818672.969300001859665 ], [ 2802381.417000003159046, 818653.526299998164177 ], [ 2802388.798500001430511, 818618.057100001722574 ], [ 2802394.634999997913837, 818584.945000000298023 ], [ 2802410.586999997496605, 818539.761300001293421 ], [ 2802428.7195999994874, 818509.651299998164177 ], [ 2802470.163199998438358, 818436.43019999936223 ], [ 2802491.310699999332428, 818390.630100000649691 ], [ 2802497.753899998962879, 818376.488499999046326 ], [ 2802500.927199997007847, 818369.836199998855591 ], [ 2802554.450199998915195, 818289.864000000059605 ], [ 2802584.789800003170967, 818244.529500000178814 ], [ 2802609.23650000244379, 818216.876400001347065 ], [ 2802642.613200001418591, 818184.832400001585484 ], [ 2802679.711499996483326, 818158.845300000160933 ], [ 2802737.883100003004074, 818128.933899998664856 ], [ 2802751.687700003385544, 818121.835499998182058 ], [ 2802757.137100003659725, 818118.744600001722574 ], [ 2802768.625600002706051, 818109.671900000423193 ], [ 2802780.022600002586842, 818100.669199999421835 ], [ 2802796.754600003361702, 818080.779399998486042 ], [ 2802804.89299999922514, 818068.246399998664856 ], [ 2802815.453199997544289, 818041.276700001209974 ], [ 2802817.125900000333786, 818037.007599998265505 ], [ 2802833.174599997699261, 817982.945999998599291 ], [ 2802835.518200002610683, 817975.051300000399351 ], [ 2802846.261900000274181, 817945.996199999004602 ], [ 2802856.174099996685982, 817929.337600000202656 ], [ 2802891.1809, 817880.857099998742342 ], [ 2802909.085500001907349, 817852.471900001168251 ], [ 2802930.167999997735023, 817819.045400001108646 ], [ 2802965.199400000274181, 817764.328499998897314 ], [ 2802994.29559999704361, 817718.879099998623133 ], [ 2802996.07660000026226, 817716.097199998795986 ], [ 2803031.141999997198582, 817661.328000001609325 ], [ 2803040.091899998486042, 817647.34739999845624 ], [ 2803076.762999996542931, 817599.555399999022484 ], [ 2803132.27929999679327, 817540.920499999076128 ], [ 2803159.234399996697903, 817512.863600000739098 ], [ 2803188.572999998927116, 817482.325699999928474 ], [ 2803200.414599999785423, 817470.000599998980761 ], [ 2803236.936599999666214, 817431.987399999052286 ], [ 2803238.684199996292591, 817430.168499998748302 ], [ 2803241.891699999570847, 817426.829900000244379 ], [ 2803271.586599998176098, 817389.735300000756979 ], [ 2803273.037399999797344, 817387.923799999058247 ], [ 2803275.976800002157688, 817384.252700001001358 ], [ 2803279.770199999213219, 817380.499400001019239 ], [ 2803295.601000003516674, 817364.835700001567602 ], [ 2803308.156900003552437, 817352.410799998790026 ], [ 2803330.760099999606609, 817330.048500001430511 ], [ 2803331.906099997460842, 817328.914700001478195 ], [ 2803333.741400003433228, 817327.098799999803305 ], [ 2803343.119800001382828, 817317.819600000977516 ], [ 2803362.07490000128746, 817299.063099998980761 ], [ 2803365.607299998402596, 817295.567899998277426 ], [ 2803424.9628000035882, 817236.839000001549721 ], [ 2803440.973099999129772, 817223.091699998825788 ], [ 2803462.132500000298023, 817208.378499999642372 ], [ 2803477.741099998354912, 817200.244699999690056 ], [ 2803479.767700001597404, 817199.1886 ], [ 2803518.121699996292591, 817181.117400001734495 ], [ 2803589.824100002646446, 817142.695599999278784 ], [ 2803630.31139999628067, 817119.648499999195337 ], [ 2803665.665399998426437, 817098.499499998986721 ], [ 2803704.331799998879433, 817075.36939999833703 ], [ 2803734.515000000596046, 817055.539299998432398 ], [ 2803760.895300000905991, 817038.208099998533726 ], [ 2803773.882299996912479, 817028.651900000870228 ], [ 2803795.672700002789497, 817012.621399998664856 ], [ 2803812.605700001120567, 816995.673500001430511 ], [ 2803842.354999996721745, 816965.540100000798702 ], [ 2803890.851099997758865, 816913.000399999320507 ], [ 2803935.780100002884865, 816856.502199999988079 ], [ 2803961.355499997735023, 816823.959300000220537 ], [ 2803967.51070000231266, 816811.610800001770258 ], [ 2803971.340000003576279, 816803.929699998348951 ], [ 2803980.561999998986721, 816775.423799999058247 ], [ 2803986.031800001859665, 816752.028099998831749 ], [ 2803986.035400003194809, 816752.012600000947714 ], [ 2803986.103100001811981, 816751.724700000137091 ], [ 2803963.216899998486042, 816752.150600001215935 ], [ 2803959.997400000691414, 816622.211500000208616 ], [ 2803940.989500001072884, 816298.678399998694658 ], [ 2803935.429899998009205, 816205.540100000798702 ], [ 2803918.683300003409386, 815925.361400000751019 ], [ 2803905.598300002515316, 815586.146899998188019 ], [ 2803893.240599997341633, 815350.266499999910593 ], [ 2803887.160300001502037, 815234.163100000470877 ], [ 2803886.533100001513958, 815220.122499998658895 ], [ 2803885.9331, 815206.722899999469519 ], [ 2803872.906300000846386, 814984.554499998688698 ], [ 2803861.132299996912479, 814791.853700000792742 ], [ 2803849.00789999961853, 814630.368099998682737 ], [ 2803837.523199997842312, 814493.989100001752377 ], [ 2803837.417900003492832, 814493.989100001752377 ], [ 2803835.65429999679327, 814493.987399999052286 ], [ 2803827.389300003647804, 814493.672400001436472 ], [ 2803795.654600001871586, 814491.933299999684095 ], [ 2803712.757200002670288, 814486.079900000244379 ], [ 2803628.489100001752377, 814479.636399999260902 ], [ 2803540.507799997925758, 814472.909000001847744 ], [ 2803512.318400003015995, 814470.605099998414516 ], [ 2803463.476300001144409, 814466.975499998778105 ], [ 2803438.008000001311302, 814465.075699999928474 ], [ 2803416.677699998021126, 814463.484499998390675 ], [ 2803409.663800001144409, 814462.939899999648333 ], [ 2803367.496100001037121, 814459.892599999904633 ], [ 2803352.064999997615814, 814458.835799999535084 ], [ 2803297.942400000989437, 814454.317299999296665 ], [ 2803265.974200002849102, 814451.779800001531839 ], [ 2803246.521499998867512, 814450.311799999326468 ], [ 2803194.05629999935627, 814446.467599999159575 ], [ 2803175.534500002861023, 814444.795499999076128 ], [ 2803162.135099999606609, 814444.14979999884963 ], [ 2803074.792099997401237, 814436.854299999773502 ], [ 2803052.301100000739098, 814434.61089999973774 ], [ 2803012.858800001442432, 814431.00560000166297 ], [ 2802972.07599999755621, 814432.061599999666214 ], [ 2802970.937899999320507, 814432.091600000858307 ], [ 2802970.218400001525879, 814432.269200000911951 ], [ 2802948.363399997353554, 814437.636399999260902 ], [ 2802895.104800000786781, 814450.480500001460314 ], [ 2802855.958200000226498, 814459.560400001704693 ], [ 2802736.761900000274181, 814487.116099998354912 ], [ 2802681.235299997031689, 814500.729100000113249 ], [ 2802629.017300002276897, 814513.300200000405312 ], [ 2802575.277000002563, 814525.678700000047684 ], [ 2802502.858000002801418, 814539.599199999123812 ], [ 2802435.22919999808073, 814553.29839999973774 ], [ 2802301.572599999606609, 814584.043499998748302 ], [ 2802289.54559999704361, 814586.886500000953674 ], [ 2802238.105099998414516, 814599.041900001466274 ], [ 2802170.487199999392033, 814614.939699999988079 ], [ 2802106.455700002610683, 814631.25560000166297 ], [ 2802067.318800002336502, 814641.890000000596046 ], [ 2801849.881800003349781, 814701.103500001132488 ], [ 2801734.959299996495247, 814736.020300000905991 ], [ 2801620.211300000548363, 814771.30799999833107 ], [ 2801576.825900003314018, 814787.139400001615286 ], [ 2801520.180500000715256, 814807.986000001430511 ], [ 2801397.657300002872944, 814858.408399999141693 ], [ 2801347.241800002753735, 814879.156100001186132 ], [ 2801342.3783999979496, 814881.001899998635054 ], [ 2801324.470799997448921, 814887.30180000141263 ], [ 2801306.795699998736382, 814894.769200000911951 ], [ 2801191.519000001251698, 814943.471000000834465 ], [ 2801111.736100003123283, 814977.797100000083447 ], [ 2801085.866300001740456, 814988.622499998658895 ], [ 2801061.001000002026558, 814999.026500001549721 ], [ 2801029.283100001513958, 815012.299699999392033 ], [ 2801008.523299999535084, 815021.170699998736382 ], [ 2800957.326800003647804, 815043.051500000059605 ], [ 2800888.485699996352196, 815072.471400000154972 ], [ 2800833.138700000941753, 815096.535100001841784 ], [ 2800780.407999999821186, 815119.252500001341105 ], [ 2800775.680399999022484, 815121.28770000115037 ], [ 2800729.270300000905991, 815141.21680000051856 ], [ 2800675.350900001823902, 815164.371199999004602 ], [ 2800618.143500000238419, 815188.9814000017941 ], [ 2800576.658100001513958, 815206.676300000399351 ], [ 2800513.265900000929832, 815233.71510000154376 ], [ 2800481.519599996507168, 815246.051500000059605 ], [ 2800336.749300003051758, 815309.96000000089407 ], [ 2800279.330799996852875, 815335.277199998497963 ], [ 2800277.810000002384186, 815335.947900000959635 ], [ 2800277.473300002515316, 815335.482900001108646 ], [ 2800190.979599997401237, 815215.308600001037121 ], [ 2800136.438199996948242, 815149.520100001245737 ], [ 2800106.513400003314018, 815114.480599999427795 ], [ 2800033.100299999117851, 815034.129900000989437 ], [ 2799971.424199998378754, 814957.403400000184774 ], [ 2799953.134800001978874, 814934.652300000190735 ], [ 2799927.390500001609325, 814904.145100001245737 ], [ 2799915.693599998950958, 814890.80350000038743 ], [ 2799896.648900002241135, 814870.168400000780821 ], [ 2799876.689000003039837, 814845.597600001841784 ], [ 2799871.023900002241135, 814838.457899998873472 ], [ 2799860.863499999046326, 814826.032299999147654 ], [ 2799845.647200003266335, 814807.423700001090765 ], [ 2799837.299699999392033, 814797.437100000679493 ], [ 2799804.649400003254414, 814757.493400000035763 ], [ 2799803.195100001990795, 814755.714299999177456 ], [ 2799802.164700001478195, 814754.45160000026226 ], [ 2799773.399800002574921, 814720.783900000154972 ], [ 2799770.730099998414516, 814717.661200001835823 ], [ 2799724.87389999628067, 814660.894600000232458 ], [ 2799721.594300001859665, 814656.989199999719858 ], [ 2799721.465000003576279, 814656.835200000554323 ], [ 2799685.384400002658367, 814610.188499998301268 ], [ 2799669.143299996852875, 814590.869300000369549 ], [ 2799647.090800002217293, 814564.635099999606609 ], [ 2799642.979299999773502, 814559.744600001722574 ], [ 2799609.461900003254414, 814519.750799998641014 ], [ 2799557.068499997258186, 814457.705699998885393 ], [ 2799525.56530000269413, 814422.350900001823902 ], [ 2799495.778599999845028, 814388.918400000780821 ], [ 2799470.346000000834465, 814360.987300001084805 ], [ 2799470.0033999979496, 814360.609499998390675 ], [ 2799468.490500003099442, 814361.193199999630451 ], [ 2799388.0625, 814392.18129999935627 ], [ 2799350.196800000965595, 814406.604400001466274 ], [ 2799313.64469999819994, 814420.495000001043081 ], [ 2799269.819399997591972, 814437.442800000309944 ], [ 2799257.960799999535084, 814441.859499998390675 ], [ 2799250.0713, 814444.902199998497963 ], [ 2799212.163099996745586, 814459.523400001227856 ], [ 2799192.276799999177456, 814467.13910000026226 ], [ 2799150.024499997496605, 814478.646499998867512 ], [ 2799122.739500001072884, 814484.017599999904633 ], [ 2799105.670100003480911, 814487.377700001001358 ], [ 2799102.085500001907349, 814488.083299998193979 ], [ 2799050.684900000691414, 814497.94709999859333 ], [ 2799048.87049999833107, 814498.145100001245737 ], [ 2799014.923699997365475, 814501.781199999153614 ], [ 2799005.204300001263618, 814501.4364 ], [ 2798995.854500003159046, 814501.104800000786781 ], [ 2798994.227600000798702, 814501.047100000083447 ], [ 2798993.999099999666214, 814501.311900001019239 ], [ 2798964.99719999730587, 814534.832600001245737 ], [ 2798963.958499997854233, 814536.035300001502037 ], [ 2798963.141699999570847, 814535.038499999791384 ], [ 2798962.464000001549721, 814534.212699998170137 ], [ 2798940.21000000089407, 814507.090799998492002 ], [ 2798918.162699997425079, 814484.638300001621246 ], [ 2798884.249399997293949, 814455.438799999654293 ], [ 2798868.9846, 814442.119100000709295 ], [ 2798822.331799998879433, 814401.41160000115633 ], [ 2798737.461400002241135, 814329.092399999499321 ], [ 2798687.500200003385544, 814287.667399998754263 ], [ 2798631.961300000548363, 814243.883699998259544 ], [ 2798621.6963, 814235.790800001472235 ], [ 2798583.598700001835823, 814207.925400000065565 ], [ 2798554.850599996745586, 814186.627599999308586 ], [ 2798537.441399998962879, 814171.763599999248981 ], [ 2798529.889499999582767, 814165.253800000995398 ], [ 2798512.599799998104572, 814156.775199998170137 ], [ 2798496.684199996292591, 814150.948399998247623 ], [ 2798475.814300000667572, 814144.427000001072884 ], [ 2798299.2128000035882, 814097.430300001055002 ], [ 2798217.814900003373623, 814078.085999999195337 ], [ 2798155.111100003123283, 814063.390399999916553 ], [ 2798149.875799998641014, 814062.166900001466274 ], [ 2798077.875299997627735, 814044.501499999314547 ], [ 2798029.019400000572205, 814032.740899998694658 ], [ 2798005.312100000679493, 814026.071100000292063 ], [ 2798003.915100000798702, 814025.677999999374151 ], [ 2798003.454499997198582, 814026.278299998492002 ], [ 2797997.909199997782707, 814033.498700000345707 ], [ 2797988.907600000500679, 814045.203899998217821 ], [ 2797931.82320000231266, 814119.434399999678135 ], [ 2797916.053300000727177, 814140.41160000115633 ], [ 2797869.931100003421307, 814205.326499998569489 ], [ 2797815.1118, 814275.451799999922514 ], [ 2797790.255199998617172, 814301.194299999624491 ], [ 2797766.64299999922514, 814324.97859999909997 ], [ 2797747.976499997079372, 814341.960099998861551 ], [ 2797710.780599996447563, 814369.80350000038743 ], [ 2797676.7654, 814395.265399999916553 ], [ 2797649.362000003457069, 814413.799699999392033 ], [ 2797620.631800003349781, 814429.832299999892712 ], [ 2797564.600400000810623, 814457.654100000858307 ], [ 2797509.421800002455711, 814478.743599999696016 ], [ 2797482.53830000013113, 814486.970400001853704 ], [ 2797477.723999999463558, 814488.263000000268221 ], [ 2797435.272600002586842, 814498.681499999016523 ], [ 2797407.542000003159046, 814504.161200001835823 ], [ 2797376.300200000405312, 814508.655099999159575 ], [ 2797360.16669999808073, 814511.140399999916553 ], [ 2797345.323399998247623, 814513.427000001072884 ], [ 2797311.123499996960163, 814517.649399999529123 ], [ 2797298.294299997389317, 814519.234000001102686 ], [ 2797248.381099998950958, 814525.471000000834465 ], [ 2797195.820699997246265, 814532.04109999909997 ], [ 2797130.250699996948242, 814540.30970000103116 ], [ 2797070.029899999499321, 814547.910100001841784 ], [ 2797061.018100000917912, 814549.047100000083447 ], [ 2797023.129699997603893, 814553.730500001460314 ], [ 2797015.759900003671646, 814554.639299999922514 ], [ 2796961.632100000977516, 814561.332699999213219 ], [ 2796947.121699996292591, 814562.96169999986887 ], [ 2796881.608300000429153, 814571.146299999207258 ], [ 2796881.077500000596046, 814571.211899999529123 ], [ 2796879.750699996948242, 814571.35249999910593 ], [ 2796851.527900002896786, 814574.331500001251698 ], [ 2796850.561499997973442, 814574.434900000691414 ], [ 2796849.670400001108646, 814574.537599999457598 ], [ 2796811.698700003325939, 814578.9847999997437 ], [ 2796787.923600003123283, 814581.663100000470877 ], [ 2796753.563400000333786, 814585.734499998390675 ], [ 2796697.807700000703335, 814592.756700001657009 ], [ 2796686.446000002324581, 814594.198499999940395 ], [ 2796628.232500001788139, 814601.462799999862909 ], [ 2796616.534999996423721, 814603.041499998420477 ], [ 2796615.637500002980232, 814603.162399999797344 ], [ 2796613.263700000941753, 814603.482900001108646 ], [ 2796611.609200000762939, 814603.706199999898672 ], [ 2796611.312799997627735, 814603.746700000017881 ], [ 2796609.753799997270107, 814603.912500001490116 ], [ 2796575.726499997079372, 814607.538199998438358 ], [ 2796573.987199999392033, 814607.727099999785423 ], [ 2796573.961199998855591, 814607.731100000441074 ], [ 2796558.721900001168251, 814610.033599998801947 ], [ 2796557.508400000631809, 814610.183400001376867 ], [ 2796557.085600003600121, 814610.235599998384714 ], [ 2796494.759800001978874, 814617.928100001066923 ], [ 2796439.4397, 814624.460799999535084 ], [ 2796439.415500000119209, 814624.463599998503923 ], [ 2796439.409500002861023, 814624.464400000870228 ], [ 2796439.39130000025034, 814624.466299999505281 ], [ 2796438.876999996602535, 814624.523499999195337 ], [ 2796437.583200000226498, 814624.667199999094009 ], [ 2796437.564000003039837, 814624.669300001114607 ], [ 2796437.557599999010563, 814624.670000001788139 ], [ 2796437.535899996757507, 814624.672400001436472 ], [ 2796419.798600003123283, 814626.640399999916553 ], [ 2796417.943199999630451, 814626.846700001507998 ], [ 2796360.441799998283386, 814634.059900000691414 ], [ 2796293.034199997782707, 814642.590599998831749 ], [ 2796235.438699997961521, 814650.327899999916553 ], [ 2796168.706600002944469, 814658.212200000882149 ], [ 2796104.94709999859333, 814666.488800000399351 ], [ 2796038.766800001263618, 814674.089699998497963 ], [ 2795975.668700002133846, 814682.381000000983477 ], [ 2795906.202399998903275, 814690.236900001764297 ], [ 2795882.586800001561642, 814693.915300000458956 ], [ 2795879.954199999570847, 814694.325399998575449 ], [ 2795846.694700002670288, 814698.161100000143051 ], [ 2795844.937100000679493, 814698.35869999974966 ], [ 2795844.90429999679327, 814698.362399999052286 ], [ 2795824.8141999989748, 814699.724399998784065 ], [ 2795817.230499997735023, 814700.116999998688698 ], [ 2795695.569799996912479, 814706.414599999785423 ], [ 2795618.817699998617172, 814707.683800000697374 ], [ 2795606.338500000536442, 814707.427299998700619 ], [ 2795556.374499998986721, 814706.146499998867512 ], [ 2795505.704999998211861, 814703.798700001090765 ], [ 2795474.961199998855591, 814701.576699998229742 ], [ 2795412.1266999989748, 814696.376600001007318 ], [ 2795394.470499999821186, 814694.971799999475479 ], [ 2795298.354699999094009, 814683.628400001674891 ], [ 2795248.748700000345707, 814676.341499999165535 ], [ 2795208.553800001740456, 814670.571299999952316 ], [ 2795162.578900001943111, 814664.416000001132488 ], [ 2795106.037299998104572, 814656.749400001019239 ], [ 2794941.688299998641014, 814633.539799999445677 ], [ 2794918.60419999808073, 814630.464499998837709 ], [ 2794890.844400003552437, 814627.030299998819828 ], [ 2794699.222999997437, 814601.962200000882149 ], [ 2794677.957999996840954, 814598.924100000411272 ], [ 2794544.046700000762939, 814580.302099999040365 ], [ 2794332.796599999070168, 814551.496899999678135 ], [ 2794191.672200001776218, 814532.292300000786781 ], [ 2794137.628100000321865, 814524.936599999666214 ], [ 2794077.985799998044968, 814519.892900001257658 ], [ 2794031.166400000452995, 814518.923900000751019 ], [ 2793992.619599997997284, 814520.553599998354912 ], [ 2793972.085199996829033, 814521.991900000721216 ], [ 2793969.899999998509884, 814522.144999999552965 ], [ 2793969.760799996554852, 814522.154699999839067 ], [ 2793968.044699996709824, 814522.350600000470877 ], [ 2793962.715199999511242, 814522.971099998801947 ], [ 2793951.576200000941753, 814524.26799999922514 ], [ 2793946.417700000107288, 814524.868500001728535 ], [ 2793933.745899997651577, 814526.343899998813868 ], [ 2793929.78660000115633, 814526.804900001734495 ], [ 2793926.26969999819994, 814527.423099998384714 ], [ 2793875.074000000953674, 814536.422800000756979 ], [ 2793840.056999996304512, 814544.482799999415874 ], [ 2793795.252700001001358, 814557.60700000077486 ], [ 2793748.11429999768734, 814573.716600000858307 ], [ 2793684.288400001823902, 814600.694299999624491 ], [ 2793647.450000002980232, 814620.388900000602007 ], [ 2793610.223200000822544, 814642.155699998140335 ], [ 2793585.193999998271465, 814658.361999999731779 ], [ 2793543.711999997496605, 814684.54619999974966 ], [ 2793499.329099997878075, 814708.496500000357628 ], [ 2793456.678000003099442, 814730.570700000971556 ], [ 2793427.457299999892712, 814745.691700000315905 ], [ 2793312.5801, 814794.851199999451637 ], [ 2793211.482199996709824, 814828.386599998921156 ], [ 2793159.580700002610683, 814842.355900000780821 ], [ 2793108.886799998581409, 814854.712400000542402 ], [ 2793068.114500001072884, 814862.151700001209974 ], [ 2792988.064800001680851, 814875.798900000751019 ], [ 2792962.986299999058247, 814879.859000001102686 ], [ 2792914.910400003194809, 814888.230599999427795 ], [ 2792849.29389999806881, 814899.343299999833107 ], [ 2792840.779899999499321, 814900.786100000143051 ], [ 2792841.722000002861023, 814907.7956000007689 ], [ 2792843.854599997401237, 814921.44200000166893 ], [ 2792850.164300002157688, 814959.950399998575449 ], [ 2792859.255300000309944, 815015.439500000327826 ], [ 2792859.361699998378754, 815016.089000001549721 ], [ 2792859.370300002396107, 815016.141199998557568 ], [ 2792861.216600000858307, 815015.882399998605251 ], [ 2792861.923600003123283, 815015.762800000607967 ], [ 2792864.124600000679493, 815015.390299998223782 ], [ 2792866.041400000452995, 814997.989399999380112 ], [ 2792871.0757, 814989.138700000941753 ], [ 2792878.364699997007847, 814979.758900001645088 ], [ 2792891.974799998104572, 814971.027899999171495 ], [ 2792893.248700000345707, 814970.210299998521805 ], [ 2792893.8301, 814970.823300000280142 ], [ 2792896.110200002789497, 814973.219500001519918 ], [ 2792913.844200000166893, 814991.861999999731779 ], [ 2792918.536399997770786, 814996.79450000077486 ], [ 2793158.704700000584126, 815249.258299998939037 ], [ 2793170.879699997603893, 815262.056600000709295 ], [ 2793183.989900000393391, 815276.104800000786781 ], [ 2793236.672399997711182, 815332.556200001388788 ], [ 2793239.089900001883507, 815335.146699998527765 ], [ 2793242.109499998390675, 815338.382399998605251 ], [ 2793248.686099998652935, 815345.429400000721216 ], [ 2793252.376800000667572, 815349.384199999272823 ], [ 2793253.289399996399879, 815350.362100001424551 ], [ 2793255.28660000115633, 815352.479100000113249 ], [ 2793351.332800000905991, 815454.284800000488758 ], [ 2793354.7466000020504, 815457.903499998152256 ], [ 2793356.275799997150898, 815459.524300001561642 ], [ 2793357.495300002396107, 815460.911299999803305 ], [ 2793365.186200000345707, 815469.657600000500679 ], [ 2793366.123400002717972, 815470.723400000482798 ], [ 2793371.529799997806549, 815476.916900001466274 ], [ 2793405.838699996471405, 815516.653299998492002 ], [ 2793381.570100001990795, 815543.112900000065565 ], [ 2793381.359099999070168, 815543.342799998819828 ], [ 2793379.713899999856949, 815543.319699998944998 ], [ 2793363.477099999785423, 815543.087699998170137 ], [ 2793313.585299998521805, 815547.054499998688698 ], [ 2793311.024499997496605, 815547.258099999278784 ], [ 2793308.845299996435642, 815547.43129999935627 ], [ 2793307.005900003015995, 815547.607500001788139 ], [ 2793303.551100000739098, 815554.170099999755621 ], [ 2793303.219300001859665, 815557.814500000327826 ], [ 2793303.033699996769428, 815559.854100000113249 ], [ 2793302.535700000822544, 815565.323899999260902 ], [ 2793301.697300001978874, 815577.460299998521805 ], [ 2793303.127899996936321, 815593.632500000298023 ], [ 2793305.891500003635883, 815602.314899999648333 ], [ 2793310.209499999880791, 815611.313700001686811 ], [ 2793429.58669999986887, 815813.406899999827147 ], [ 2793555.156499996781349, 816032.511100001633167 ], [ 2793770.681500002741814, 816414.481300000101328 ], [ 2793933.8699000030756, 816706.421100001782179 ], [ 2793939.144900001585484, 816727.224899999797344 ], [ 2793942.221799999475479, 816849.899700000882149 ], [ 2793941.002300001680851, 816885.619500000029802 ], [ 2793941.774499997496605, 817024.354499999433756 ], [ 2793942.910899996757507, 817290.048300001770258 ], [ 2793941.087700001895428, 817465.864100001752377 ], [ 2793942.832299999892712, 817533.133499998599291 ], [ 2793945.467699997127056, 817633.083299998193979 ], [ 2793913.214699998497963, 817676.223700001835823 ], [ 2793881.893700003623962, 817726.644900001585484 ], [ 2793831.379299998283386, 817820.109700001776218 ], [ 2793795.457699999213219, 817869.468299999833107 ], [ 2793776.598899997770786, 817900.382500000298023 ], [ 2793766.393500000238419, 817922.328499998897314 ], [ 2793763.592699997127056, 817938.162500001490116 ], [ 2793762.252499997615814, 817961.625500001013279 ], [ 2793762.31870000064373, 817970.894499998539686 ], [ 2793763.627899996936321, 817979.887299999594688 ], [ 2793771.499700002372265, 818004.824499998241663 ], [ 2793761.422499999403954, 818009.59910000115633 ], [ 2793749.471100002527237, 818012.285100001841784 ], [ 2793749.466700002551079, 818012.286100000143051 ], [ 2793749.461900003254414, 818012.286499999463558 ], [ 2793747.615500003099442, 818012.490299999713898 ], [ 2793747.610100001096725, 818012.491099998354912 ], [ 2793747.604800000786781, 818012.491700001060963 ], [ 2793739.541500002145767, 818013.384500000625849 ], [ 2793737.686499997973442, 818013.588899999856949 ], [ 2793704.33049999922514, 818013.390500001609325 ], [ 2793570.277099996805191, 817987.204300001263618 ], [ 2793518.534299999475479, 817977.055100001394749 ], [ 2793394.159299999475479, 817953.118500001728535 ], [ 2793392.105499997735023, 817952.72410000115633 ], [ 2793392.303300000727177, 817953.325300000607967 ], [ 2793402.340700000524521, 817983.709899999201298 ], [ 2793425.415299996733665, 818021.203299999237061 ], [ 2793447.087899997830391, 818048.533900000154972 ], [ 2793467.829499997198582, 818074.692699998617172 ], [ 2793515.620899997651577, 818146.859900001436472 ], [ 2793534.36710000038147, 818167.846900001168251 ], [ 2793547.618900001049042, 818180.179900001734495 ], [ 2793561.8699000030756, 818193.607900001108646 ], [ 2793582.894299998879433, 818205.707499999552965 ], [ 2793602.617299996316433, 818212.685300000011921 ], [ 2793622.873700000345707, 818218.714099999517202 ], [ 2793700.018299996852875, 818235.767099998891354 ], [ 2793777.727300003170967, 818254.027300000190735 ], [ 2793890.784299999475479, 818287.568500000983477 ], [ 2793976.105899997055531, 818313.587900001555681 ], [ 2794093.807499997317791, 818340.041900001466274 ], [ 2794233.1266999989748, 818369.865299999713898 ], [ 2794243.250100001692772, 818372.032299999147654 ], [ 2794263.721100002527237, 818374.2516999989748 ], [ 2794279.500699996948242, 818375.511300001293421 ], [ 2794281.194499999284744, 818375.299300000071526 ], [ 2794292.448100000619888, 818373.695099998265505 ], [ 2794292.647900000214577, 818373.666700001806021 ], [ 2794294.48589999973774, 818373.435499999672174 ], [ 2794294.503100000321865, 818373.462099999189377 ], [ 2794294.665100000798702, 818373.712699998170137 ], [ 2794294.796099998056889, 818373.915899999439716 ], [ 2794300.85080000013113, 818383.29450000077486 ], [ 2794313.662299998104572, 818403.139699999243021 ], [ 2794358.768299996852875, 818468.056099999696016 ], [ 2794395.502499997615814, 818497.128400001674891 ], [ 2794386.447700001299381, 818573.555700000375509 ], [ 2794386.397600002586842, 818573.967599999159575 ], [ 2794388.302400000393391, 818573.34910000115633 ], [ 2794413.813400000333786, 818565.063799999654293 ], [ 2794415.458800002932549, 818564.528599999845028 ], [ 2794415.669299997389317, 818564.857299998402596 ], [ 2794472.125399999320507, 818652.555799998342991 ], [ 2794488.321900002658367, 818671.469099998474121 ], [ 2794490.284199997782707, 818673.760299999266863 ], [ 2794505.684199996292591, 818691.741200000047684 ], [ 2794565.094300001859665, 818738.612399999052286 ], [ 2794566.790200002491474, 818739.950300000607967 ], [ 2794568.454199999570847, 818741.30460000038147 ], [ 2794600.35249999910593, 818767.26630000025034 ], [ 2794602.346799999475479, 818768.889499999582767 ], [ 2794605.628300003707409, 818772.743400000035763 ], [ 2794624.326899997889996, 818794.703400000929832 ], [ 2794625.354299999773502, 818795.910000000149012 ], [ 2794627.753899998962879, 818798.785500001162291 ], [ 2794660.037399999797344, 818837.471500001847744 ], [ 2794694.850900001823902, 818850.847800001502037 ], [ 2794737.219300001859665, 818864.510099999606609 ], [ 2794748.769299998879433, 818868.234600000083447 ], [ 2794753.720100000500679, 818873.511199999600649 ], [ 2794761.454300001263618, 818881.754299998283386 ], [ 2794767.379699997603893, 818903.71339999884367 ], [ 2794779.141199998557568, 818941.116999998688698 ], [ 2794834.181500002741814, 818999.046399999409914 ], [ 2794897.548900000751019, 819058.728199999779463 ], [ 2794910.197400003671646, 819069.785999998450279 ], [ 2794917.146999999880791, 819075.861600000411272 ], [ 2794957.104000002145767, 819110.793499998748302 ], [ 2794985.452799998223782, 819127.841499999165535 ], [ 2795002.853500001132488, 819132.118000000715256 ], [ 2795033.842699997127056, 819135.471200000494719 ], [ 2795054.398400001227856, 819165.865699999034405 ], [ 2795070.306100003421307, 819203.363000001758337 ], [ 2795087.276100002229214, 819238.260099999606609 ], [ 2795097.139899998903275, 819261.190900001674891 ], [ 2795101.455600000917912, 819277.781399998813868 ], [ 2795108.424900002777576, 819315.489500001072884 ], [ 2795120.952500000596046, 819377.231899999082088 ], [ 2795121.501500003039837, 819379.937600001692772 ], [ 2795128.411899998784065, 819410.450500000268221 ], [ 2795149.35980000346899, 819461.929200001060963 ], [ 2795171.420000001788139, 819462.70380000025034 ], [ 2795188.74719999730587, 819469.313099998980761 ], [ 2795205.504100002348423, 819482.592999998480082 ], [ 2795260.907399997115135, 819547.890500001609325 ], [ 2795261.129699997603893, 819548.152100000530481 ], [ 2795262.764300003647804, 819547.684099998325109 ], [ 2795263.34570000320673, 819547.517499998211861 ], [ 2795263.417499996721745, 819547.497000001370907 ], [ 2795354.729500003159046, 819521.343699999153614 ], [ 2795354.897100001573563, 819521.295699998736382 ], [ 2795361.546899996697903, 819519.391100000590086 ], [ 2795363.3059, 819518.886900000274181 ], [ 2795363.402699999511242, 819519.18470000103116 ], [ 2795365.214599996805191, 819524.784800000488758 ], [ 2795366.925599999725819, 819527.943999998271465 ], [ 2795369.305200003087521, 819531.319499999284744 ], [ 2795370.600699998438358, 819532.588199999183416 ], [ 2795372.58330000191927, 819534.194899998605251 ], [ 2795373.636399999260902, 819534.895700000226498 ], [ 2795375.241499997675419, 819535.870099999010563 ], [ 2795376.659999996423721, 819536.586899999529123 ], [ 2795378.611199997365475, 819537.393699999898672 ], [ 2795380.82769999653101, 819538.082100000232458 ], [ 2795382.375, 819538.427200000733137 ], [ 2795384.219099998474121, 819538.709600001573563 ], [ 2795390.995200000703335, 819538.604400001466274 ], [ 2795431.36370000243187, 819763.772700000554323 ], [ 2795435.042700000107288, 819773.7010000012815 ], [ 2795438.073700003325939, 819781.888599999248981 ], [ 2795451.056800000369549, 819805.543299999088049 ], [ 2795466.114900000393391, 819826.206000000238419 ], [ 2795484.27419999986887, 819846.693399999290705 ], [ 2795521.172200001776218, 819884.146699998527765 ], [ 2795603.105599999427795, 819959.490800000727177 ], [ 2795616.322899997234344, 819971.328000001609325 ], [ 2795684.238499999046326, 820042.138300001621246 ], [ 2795690.722599998116493, 820050.788100000470877 ], [ 2795701.853799998760223, 820072.075899999588728 ], [ 2795722.481799997389317, 820109.737100001424551 ], [ 2795728.387000001966953, 820120.269000001251698 ], [ 2795737.290899999439716, 820129.278900001198053 ], [ 2795747.287500001490116, 820137.879799999296665 ], [ 2795851.464800000190735, 820229.39130000025034 ], [ 2795876.910999998450279, 820253.033399999141693 ], [ 2795913.436300002038479, 820294.034099999815226 ], [ 2795934.389600001275539, 820322.800000000745058 ], [ 2795962.91499999910593, 820366.933299999684095 ], [ 2796038.515100002288818, 820457.818999998271465 ], [ 2796104.164700001478195, 820534.020399998873472 ], [ 2796162.373700000345707, 820604.367499999701977 ], [ 2796184.57039999961853, 820641.2364999987185 ], [ 2796189.296300001442432, 820652.401099998503923 ], [ 2796220.552400000393391, 820732.821299999952316 ], [ 2796282.492200002074242, 820895.328400000929832 ], [ 2796290.812299996614456, 820917.157299999147654 ], [ 2796291.095200002193451, 820917.900400001555681 ], [ 2796292.666900001466274, 820916.9510000012815 ], [ 2796383.781400002539158, 820861.964999999850988 ], [ 2796412.9037000015378, 820845.245999999344349 ], [ 2796417.535499997437, 820843.531199999153614 ], [ 2796429.076399996876717, 820839.256400000303984 ], [ 2796454.906999997794628, 820830.783599998801947 ], [ 2796494.641699999570847, 820821.628699999302626 ], [ 2796496.408100001513958, 820821.440999999642372 ], [ 2796555.755999997258186, 820815.897599998861551 ], [ 2796561.589299999177456, 820815.586199998855591 ], [ 2796623.86429999768734, 820812.261900000274181 ], [ 2796705.800999999046326, 820809.607299998402596 ], [ 2796752.194700002670288, 820808.065099999308586 ], [ 2796770.305600002408028, 820807.463300000876188 ], [ 2796855.475000001490116, 820803.962499998509884 ], [ 2797002.037799999117851, 820798.750199999660254 ], [ 2797089.898299999535084, 820794.767799999564886 ], [ 2797153.42960000038147, 820791.888099998235703 ], [ 2797330.110299997031689, 820784.643699999898672 ], [ 2797341.976300001144409, 820784.231699999421835 ], [ 2797471.327600002288818, 820779.736400000751019 ], [ 2797510.821900002658367, 820778.26969999819994 ], [ 2797571.19820000231266, 820776.027399998158216 ], [ 2797614.471900001168251, 820774.421500001102686 ], [ 2797648.641999997198582, 820772.902499999850988 ], [ 2797721.853799998760223, 820769.649999998509884 ], [ 2797762.662600003182888, 820767.790100000798702 ], [ 2797818.655599996447563, 820765.238099999725819 ], [ 2797839.99719999730587, 820764.265700001269579 ], [ 2797848.483800001442432, 820764.170200001448393 ], [ 2797856.57320000231266, 820764.079799998551607 ], [ 2797918.962099999189377, 820761.649399999529123 ], [ 2797984.046999998390675, 820759.112399999052286 ], [ 2797985.507100000977516, 820759.055500000715256 ], [ 2798086.291799999773502, 820755.127000000327826 ], [ 2798102.57940000295639, 820754.703600000590086 ], [ 2798119.06870000064373, 820754.27479999884963 ], [ 2798152.674999997019768, 820753.486900001764297 ], [ 2798180.681599996984005, 820752.830299999564886 ], [ 2798204.769500002264977, 820751.593499999493361 ], [ 2798237.747900001704693, 820749.900100000202656 ], [ 2798357.816299997270107, 820745.80460000038147 ], [ 2798415.513999998569489, 820742.897599998861551 ], [ 2798426.01240000128746, 820742.733899999409914 ], [ 2798436.590400002896786, 820742.568799998611212 ], [ 2798492.2466000020504, 820740.778099998831749 ], [ 2798519.643500000238419, 820739.896600000560284 ], [ 2798561.779399998486042, 820738.137299999594688 ], [ 2798602.505599997937679, 820736.654599998146296 ], [ 2798684.643700003623962, 820733.732200000435114 ], [ 2798773.225199997425079, 820730.445900000631809 ], [ 2798818.843299999833107, 820729.426300000399351 ], [ 2798838.000200003385544, 820728.998199999332428 ], [ 2798859.3728, 820728.520500000566244 ], [ 2798890.579700000584126, 820728.334699999541044 ], [ 2798911.483000002801418, 820728.210299998521805 ], [ 2798945.816500000655651, 820727.825800001621246 ], [ 2798967.009499996900558, 820727.588500000536442 ], [ 2799030.116099998354912, 820726.975299999117851 ], [ 2799053.040200002491474, 820726.615499999374151 ], [ 2799085.595100000500679, 820726.104600001126528 ], [ 2799115.144100002944469, 820725.647399999201298 ], [ 2799158.191200003027916, 820723.869100000709295 ], [ 2799192.519000001251698, 820721.86769999936223 ], [ 2799213.239100001752377, 820721.280099999159575 ], [ 2799250.716399997472763, 820719.673900000751019 ], [ 2799314.270199999213219, 820716.243299998342991 ], [ 2799368.571800000965595, 820713.935899998992682 ], [ 2799378.916900001466274, 820713.496199999004602 ], [ 2799410.723399996757507, 820710.190799999982119 ], [ 2799461.289200000464916, 820704.785199999809265 ], [ 2799501.110799998044968, 820700.49379999935627 ], [ 2799520.943800002336502, 820698.366599999368191 ], [ 2799536.893700003623962, 820697.419199999421835 ], [ 2799573.485200002789497, 820695.246100001037121 ], [ 2799635.191399998962879, 820691.581500001251698 ], [ 2799698.586800001561642, 820687.070799998939037 ], [ 2799856.993199996650219, 820679.540100000798702 ], [ 2799903.443400003015995, 820677.638700000941753 ], [ 2799939.284699998795986, 820675.533399999141693 ], [ 2799977.337099999189377, 820673.791400000452995 ], [ 2800010.950400002300739, 820672.272199999541044 ], [ 2800046.481700003147125, 820669.845199998468161 ], [ 2800087.48929999768734, 820668.09739999845624 ], [ 2800139.1841000020504, 820665.372999999672174 ], [ 2800168.99719999730587, 820663.776000000536442 ], [ 2800188.643500000238419, 820663.550299998372793 ], [ 2800205.782300002872944, 820662.006999999284744 ], [ 2800218.994599997997284, 820661.624099999666214 ] ] ] ] } },
{ "type": "Feature", "properties": { "CVEGEO": "09004", "CVE_ENT": "09", "CVE_MUN": "004", "NOMGEO": "Cuajimalpa de Morelos", "ENTIDAD FEDERATIVA": "Ciudad de México", "CLAVE DEL MUNICIPIO": 9004, "POBLACIÓN 2020": 199872, "POBLACIÓN EN SITUACIÓN DE POBREZA 2020": 64917, "POBLACIÓN EN SITUACIÓN DE POBREZA EXTREMA 2020": 8902, "GRADO DE REZAGO": "Muy bajo", "autoad.indig": 12763.276272200001, "% autoad.indig": 6.091093, "OCURRENCIAS_DONANTE": 1, "MONTOASIGNADO_TOTAL": 1081358 }, "geometry": { "type": "MultiPolygon", "coordinates": [ [ [ [ 2787229.790500000119209, 825329.28489999845624 ], [ 2787272.743699997663498, 825254.0929000005126 ], [ 2787277.269299998879433, 825256.929499998688698 ], [ 2787281.7949, 825259.767000000923872 ], [ 2787290.614100001752377, 825270.281300000846386 ], [ 2787304.230700001120567, 825286.517499998211861 ], [ 2787318.4507, 825333.078200001269579 ], [ 2787332.9003000035882, 825375.620700001716614 ], [ 2787352.359700001776218, 825432.917500000447035 ], [ 2787357.199299998581409, 825448.582899998873472 ], [ 2787358.6897, 825453.412500001490116 ], [ 2787369.442500002682209, 825488.22690000012517 ], [ 2787366.718699999153614, 825553.172699999064207 ], [ 2787365.479099996387959, 825582.74549999833107 ], [ 2787364.697499997913837, 825601.375700000673532 ], [ 2787388.77929999679327, 825603.043099999427795 ], [ 2787403.577299997210503, 825574.545699998736382 ], [ 2787414.797499999403954, 825550.882500000298023 ], [ 2787436.077500000596046, 825493.935699999332428 ], [ 2787436.4375, 825484.583700001239777 ], [ 2787436.779500000178814, 825475.705099999904633 ], [ 2787437.202100001275539, 825464.727299999445677 ], [ 2787436.601300001144409, 825457.739100001752377 ], [ 2787434.3429000005126, 825431.474700000137091 ], [ 2787438.244499996304512, 825416.667700000107288 ], [ 2787438.789899997413158, 825415.280900001525879 ], [ 2787453.865299999713898, 825376.938499998301268 ], [ 2787452.680500000715256, 825356.216299999505281 ], [ 2787451.4983000010252, 825335.538100000470877 ], [ 2787447.777900002896786, 825315.371500000357628 ], [ 2787442.180299997329712, 825285.02930000051856 ], [ 2787437.750100001692772, 825249.675500001758337 ], [ 2787442.225299999117851, 825216.232099998742342 ], [ 2787456.133100003004074, 825156.384300000965595 ], [ 2787461.080300003290176, 825115.084100000560284 ], [ 2787457.474899999797344, 825063.777899999171495 ], [ 2787442.127999998629093, 825009.766499999910593 ], [ 2787415.127300001680851, 824906.966699998825788 ], [ 2787360.711499996483326, 824840.992300000041723 ], [ 2787346.469700001180172, 824822.980900000780821 ], [ 2787208.159699998795986, 824717.376299999654293 ], [ 2787130.784699998795986, 824657.470499999821186 ], [ 2787072.968299999833107, 824623.063499998301268 ], [ 2787054.006499998271465, 824611.743900001049042 ], [ 2787045.062700003385544, 824606.403099998831749 ], [ 2787022.422899998724461, 824590.911899998784065 ], [ 2787014.641500003635883, 824582.410500001162291 ], [ 2787008.459499999880791, 824573.545499999076128 ], [ 2787006.749899998307228, 824569.540699999779463 ], [ 2787005.66889999806881, 824564.155699998140335 ], [ 2787005.293700002133846, 824553.424300000071526 ], [ 2787009.855899997055531, 824534.297699999064207 ], [ 2787013.947700001299381, 824513.024700000882149 ], [ 2787015.070299997925758, 824507.183899998664856 ], [ 2787035.663800001144409, 824448.696299999952316 ], [ 2787047.617700003087521, 824400.860300000756979 ], [ 2787048.676899999380112, 824390.549300000071526 ], [ 2787051.331500001251698, 824385.181699998676777 ], [ 2787055.1316, 824381.7027000002563 ], [ 2787089.757200002670288, 824367.712400000542402 ], [ 2787099.564499996602535, 824366.963599998503923 ], [ 2787110.723700001835823, 824370.519799999892712 ], [ 2787132.914599999785423, 824394.492199998348951 ], [ 2787142.8125, 824398.64919999986887 ], [ 2787198.281800001859665, 824405.777300000190735 ], [ 2787306.689000003039837, 824416.977400001138449 ], [ 2787320.878200002014637, 824419.6886 ], [ 2787333.850599996745586, 824423.5810999982059 ], [ 2787381.621500000357628, 824470.538100000470877 ], [ 2787394.279700003564358, 824480.329900000244379 ], [ 2787405.818899996578693, 824485.974599998444319 ], [ 2787424.95719999819994, 824491.128800000995398 ], [ 2787445.063100002706051, 824494.66330000013113 ], [ 2787462.991099998354912, 824497.536800000816584 ], [ 2787486.613799996674061, 824504.956199999898672 ], [ 2787511.006800003349781, 824516.299699999392033 ], [ 2787539.369699999690056, 824535.977000001817942 ], [ 2787552.045299999415874, 824547.262899998575449 ], [ 2787558.573399998247623, 824556.811599999666214 ], [ 2787560.5471, 824565.726500000804663 ], [ 2787559.041799999773502, 824573.7635000012815 ], [ 2787555.362099997699261, 824581.398899998515844 ], [ 2787511.117700003087521, 824630.511799998581409 ], [ 2787504.176600001752377, 824641.66499999910593 ], [ 2787499.080200001597404, 824654.739100001752377 ], [ 2787496.88289999961853, 824668.721000000834465 ], [ 2787500.9441, 824676.346700001507998 ], [ 2787507.0669, 824680.465900000184774 ], [ 2787516.764300003647804, 824683.040600001811981 ], [ 2787533.593900002539158, 824676.956300001591444 ], [ 2787549.894299998879433, 824668.148299999535084 ], [ 2787564.676399998366833, 824658.701900001615286 ], [ 2787604.571900002658367, 824625.636300001293421 ], [ 2787654.964500002563, 824574.192800000309944 ], [ 2787679.503899998962879, 824550.700699999928474 ], [ 2787701.085100002586842, 824524.352200001478195 ], [ 2787707.919299997389317, 824511.8445999994874 ], [ 2787716.024099998176098, 824505.302000001072884 ], [ 2787750.470600001513958, 824500.735599998384714 ], [ 2787819.899800002574921, 824495.993999999016523 ], [ 2787851.517800003290176, 824495.581000000238419 ], [ 2787863.785599999129772, 824495.834899999201298 ], [ 2787884.317100003361702, 824498.964099999517202 ], [ 2787910.390100002288818, 824509.7652000002563 ], [ 2787927.174599997699261, 824518.073300000280142 ], [ 2787952.349500000476837, 824523.42119999974966 ], [ 2787996.1765, 824522.444400001317263 ], [ 2788018.594400003552437, 824520.290899999439716 ], [ 2788032.283699996769428, 824517.811099998652935 ], [ 2788060.902300000190735, 824509.597699999809265 ], [ 2788078.421700000762939, 824502.418800000101328 ], [ 2788096.788599997758865, 824496.500399999320507 ], [ 2788116.854999996721745, 824500.064800001680851 ], [ 2788133.036700002849102, 824509.214899998158216 ], [ 2788149.95160000026226, 824525.081399999558926 ], [ 2788170.102899998426437, 824543.984200000762939 ], [ 2788187.980800002813339, 824562.614900000393391 ], [ 2788205.293999999761581, 824578.087200000882149 ], [ 2788227.034599997103214, 824592.389299999922514 ], [ 2788246.076899997889996, 824596.2511 ], [ 2788263.043099999427795, 824596.882500000298023 ], [ 2788306.641800001263618, 824591.636399999260902 ], [ 2788327.230999998748302, 824584.332400001585484 ], [ 2788328.407300002872944, 824583.078099999576807 ], [ 2788338.189000003039837, 824572.646200001239777 ], [ 2788338.776699997484684, 824571.875500001013279 ], [ 2788346.254299998283386, 824562.069099999964237 ], [ 2788352.016500003635883, 824548.240800000727177 ], [ 2788357.828100003302097, 824532.385299999266863 ], [ 2788359.964400000870228, 824514.473200000822544 ], [ 2788353.652900002896786, 824473.870799999684095 ], [ 2788342.69650000333786, 824435.260299999266863 ], [ 2788339.005500003695488, 824416.619199998676777 ], [ 2788315.644900001585484, 824390.209199998527765 ], [ 2788260.023500002920628, 824337.64469999819994 ], [ 2788250.795299999415874, 824326.768800001591444 ], [ 2788246.170100003480911, 824319.076799999922514 ], [ 2788222.169200003147125, 824267.92850000038743 ], [ 2788212.741700001060963, 824246.201999999582767 ], [ 2788195.693599998950958, 824206.905000001192093 ], [ 2788192.444799996912479, 824201.350000001490116 ], [ 2788190.465700000524521, 824197.966099999845028 ], [ 2788188.929899998009205, 824195.340300001204014 ], [ 2788181.169299997389317, 824182.072299998253584 ], [ 2788179.050599999725819, 824165.002500001341105 ], [ 2788179.647600002586842, 824154.037000000476837 ], [ 2788181.521700002253056, 824141.043600000441074 ], [ 2788195.389899998903275, 823986.434399999678135 ], [ 2788205.387199997901917, 823864.750300001353025 ], [ 2788211.345299996435642, 823840.94200000166893 ], [ 2788227.229000002145767, 823802.705099999904633 ], [ 2788242.849399998784065, 823765.145399998873472 ], [ 2788265.179300002753735, 823736.469200000166893 ], [ 2788275.599200002849102, 823715.292399998754263 ], [ 2788279.813100002706051, 823704.055300001055002 ], [ 2788281.633500002324581, 823699.200399998575449 ], [ 2788281.549599997699261, 823697.932900000363588 ], [ 2788280.058799996972084, 823675.402100000530481 ], [ 2788163.845100000500679, 823571.898800000548363 ], [ 2788064.304300002753735, 823484.468899998813868 ], [ 2788034.728299997746944, 823458.592300001531839 ], [ 2788004.679499998688698, 823435.730700001120567 ], [ 2787967.877899996936321, 823410.103300001472235 ], [ 2787958.648900002241135, 823403.334300000220537 ], [ 2787915.369099996984005, 823372.916299998760223 ], [ 2787782.831500001251698, 823280.472899999469519 ], [ 2787599.254600003361702, 823152.008600000292063 ], [ 2787562.195699997246265, 823126.074700001627207 ], [ 2787522.701300002634525, 823098.796100001782179 ], [ 2787439.2483000010252, 823040.766499999910593 ], [ 2787409.703500002622604, 823020.221900001168251 ], [ 2787324.041299998760223, 822956.707699999213219 ], [ 2787299.530100002884865, 822933.767900001257658 ], [ 2787247.588899999856949, 822882.178899999707937 ], [ 2787219.767300002276897, 822854.545699998736382 ], [ 2787120.604699999094009, 822757.536100000143051 ], [ 2787099.039499998092651, 822736.491500001400709 ], [ 2787026.286899998784065, 822665.495099999010563 ], [ 2786944.695100001990795, 822589.566700000315905 ], [ 2786900.015900000929832, 822553.410300001502037 ], [ 2786866.530100002884865, 822531.4864999987185 ], [ 2786842.587600000202656, 822517.426699999719858 ], [ 2786831.76969999819994, 822511.074099998921156 ], [ 2786812.392200000584126, 822500.688299998641014 ], [ 2786795.023500002920628, 822491.379099998623133 ], [ 2786698.067699998617172, 822439.757100000977516 ], [ 2786669.02250000089407, 822430.090300001204014 ], [ 2786646.85869999974966, 822424.484099999070168 ], [ 2786614.2971, 822418.232299998402596 ], [ 2786480.888700000941753, 822394.550900001078844 ], [ 2786419.837300002574921, 822383.714499998837709 ], [ 2786350.967500001192093, 822370.780499998480082 ], [ 2786344.337300002574921, 822368.698899999260902 ], [ 2786337.873499996960163, 822366.292700000107288 ], [ 2786331.546099998056889, 822363.551100000739098 ], [ 2786325.369499996304512, 822360.482299998402596 ], [ 2786319.363499999046326, 822357.094500001519918 ], [ 2786313.542499996721745, 822353.396499998867512 ], [ 2786307.9243, 822349.400100000202656 ], [ 2786302.521099999547005, 822345.112900000065565 ], [ 2786297.349299997091293, 822340.550700001418591 ], [ 2786292.424699999392033, 822335.725099999457598 ], [ 2786287.758500002324581, 822330.646099999547005 ], [ 2786283.366099998354912, 822325.331399999558926 ], [ 2786279.241099998354912, 822319.773699998855591 ], [ 2786253.010099999606609, 822271.710700001567602 ], [ 2786245.372100003063679, 822262.801500000059605 ], [ 2786237.535099998116493, 822255.917700000107288 ], [ 2786227.793499998748302, 822250.404100000858307 ], [ 2786219.890699997544289, 822246.643199998885393 ], [ 2786210.5515, 822244.418499998748302 ], [ 2786202.286700002849102, 822243.765299998223782 ], [ 2786193.603699997067451, 822244.000700000673532 ], [ 2786182.823700003325939, 822245.859700001776218 ], [ 2786174.863899998366833, 822247.236099999397993 ], [ 2786167.100100003182888, 822249.715700000524521 ], [ 2786160.003100000321865, 822251.992899999022484 ], [ 2786132.377899996936321, 822261.918299999088049 ], [ 2786124.281499996781349, 822263.58669999986887 ], [ 2786116.512900002300739, 822264.773499999195337 ], [ 2786109.879699997603893, 822265.538100000470877 ], [ 2786102.418499998748302, 822265.71510000154376 ], [ 2786094.483300000429153, 822265.633499998599291 ], [ 2786087.524499997496605, 822265.120099999010563 ], [ 2786079.946699999272823, 822264.274700000882149 ], [ 2786073.235500000417233, 822263.191899999976158 ], [ 2786058.0996999964118, 822260.660300001502037 ], [ 2786045.485100001096725, 822258.555500000715256 ], [ 2786034.85530000180006, 822256.097500000149012 ], [ 2786024.79730000346899, 822253.332499999552965 ], [ 2786015.847499996423721, 822250.35249999910593 ], [ 2786002.644100002944469, 822244.397700000554323 ], [ 2785989.538099996745586, 822235.854699999094009 ], [ 2785982.116700001060963, 822229.427299998700619 ], [ 2785975.07490000128746, 822223.307300001382828 ], [ 2785968.99889999628067, 822215.992300000041723 ], [ 2785963.944300003349781, 822208.360100001096725 ], [ 2785959.381700001657009, 822200.245999999344349 ], [ 2785956.015299998223782, 822191.822299998253584 ], [ 2785952.286499999463558, 822179.494500000029802 ], [ 2785951.002099998295307, 822168.971900001168251 ], [ 2785950.82150000333786, 822159.47069999948144 ], [ 2785951.543300002813339, 822145.600299999117851 ], [ 2785954.476700000464916, 822129.381900001317263 ], [ 2785959.808899998664856, 822112.692299999296665 ], [ 2785993.425300002098083, 822029.479100000113249 ], [ 2786085.482100002467632, 822055.865899998694658 ], [ 2786139.090499997138977, 822072.492199998348951 ], [ 2786148.641099996864796, 822034.471900001168251 ], [ 2786152.9341000020504, 822009.269499998539686 ], [ 2786156.823899999260902, 821978.438900001347065 ], [ 2786155.932300001382828, 821950.114900000393391 ], [ 2786155.109899997711182, 821938.286299999803305 ], [ 2786153.011100001633167, 821919.475699998438358 ], [ 2786148.094700001180172, 821900.789299998432398 ], [ 2786141.470100000500679, 821878.648899998515844 ], [ 2786117.278099998831749, 821829.081500001251698 ], [ 2786084.884099997580051, 821787.983500000089407 ], [ 2786068.537000000476837, 821768.097800001502037 ], [ 2786078.436899997293949, 821757.682300001382828 ], [ 2786120.432899996638298, 821740.63230000063777 ], [ 2786138.170500002801418, 821731.648899998515844 ], [ 2786139.960199996829033, 821730.742300000041723 ], [ 2786155.896099999547005, 821729.686799999326468 ], [ 2786168.655900001525879, 821731.679900001734495 ], [ 2786179.318899996578693, 821734.665100000798702 ], [ 2786194.08669999986887, 821739.980700001120567 ], [ 2786207.070699997246265, 821747.85249999910593 ], [ 2786237.345899999141693, 821773.55350000038743 ], [ 2786256.04389999806881, 821789.65089999884367 ], [ 2786264.733300000429153, 821799.27589999884367 ], [ 2786268.149099998176098, 821803.059300001710653 ], [ 2786278.067699998617172, 821820.909299999475479 ], [ 2786301.471600003540516, 821864.791799999773502 ], [ 2786323.838899999856949, 821908.302499998360872 ], [ 2786344.207099996507168, 821946.86430000141263 ], [ 2786349.243500001728535, 821956.379900000989437 ], [ 2786358.677299998700619, 821988.717500001192093 ], [ 2786361.752599999308586, 822003.662599999457598 ], [ 2786363.848700001835823, 822013.858500000089407 ], [ 2786365.95830000191927, 822028.677099999040365 ], [ 2786370.135499998927116, 822042.806499999016523 ], [ 2786381.045500002801418, 822056.843299999833107 ], [ 2786408.817100003361702, 822083.076499998569489 ], [ 2786431.0581, 822100.698899999260902 ], [ 2786441.093500003218651, 822103.457100000232458 ], [ 2786450.060699999332428, 822101.671900000423193 ], [ 2786459.820100001990795, 822095.2668999992311 ], [ 2786485.382600001990795, 822072.117400001734495 ], [ 2786447.549099996685982, 821992.008299998939037 ], [ 2786412.222699999809265, 821900.663899999111891 ], [ 2786388.0515, 821835.385099999606609 ], [ 2786357.004900000989437, 821751.779699999839067 ], [ 2786335.368299998342991, 821690.916700001806021 ], [ 2786327.339699998497963, 821662.799899999052286 ], [ 2786321.039099998772144, 821634.338500000536442 ], [ 2786315.769299998879433, 821601.818500000983477 ], [ 2786315.7753000035882, 821548.01410000026226 ], [ 2786318.94709999859333, 821524.038899999111891 ], [ 2786331.404899999499321, 821451.283700000494719 ], [ 2786337.620999999344349, 821412.825399998575449 ], [ 2786341.194899998605251, 821396.231600001454353 ], [ 2786345.789899997413158, 821383.736600000411272 ], [ 2786350.613099999725819, 821355.694699998944998 ], [ 2786354.378499999642372, 821327.081700000911951 ], [ 2786355.902900002896786, 821290.698899999260902 ], [ 2786354.383299998939037, 821258.006299998611212 ], [ 2786350.409100003540516, 821232.659299999475479 ], [ 2786344.376299999654293, 821209.978100001811981 ], [ 2786318.485399998724461, 821163.596799999475479 ], [ 2786415.350500002503395, 821127.099399998784065 ], [ 2786444.594499997794628, 821113.187600001692772 ], [ 2786475.285099998116493, 821098.587999999523163 ], [ 2786500.997500002384186, 821089.482099998742342 ], [ 2786528.591499999165535, 821080.997400000691414 ], [ 2786589.495300002396107, 821064.317999999970198 ], [ 2786644.699799999594688, 821048.912399999797344 ], [ 2786699.10980000346899, 821031.607299998402596 ], [ 2786741.115299999713898, 821015.522900000214577 ], [ 2786771.689499996602535, 821000.514299999922514 ], [ 2786802.890000000596046, 820982.1239 ], [ 2786829.138099998235703, 820966.059099998325109 ], [ 2786844.294200003147125, 820954.686599999666214 ], [ 2786862.469499997794628, 820940.395300000905991 ], [ 2786889.219899997115135, 820917.676300000399351 ], [ 2786907.523900002241135, 820898.730700001120567 ], [ 2786921.242700003087521, 820874.852000001817942 ], [ 2786930.869499996304512, 820843.835900001227856 ], [ 2786946.666400000452995, 820766.233800001442432 ], [ 2786982.983199998736382, 820600.782699998468161 ], [ 2787015.217699997127056, 820451.536899998784065 ], [ 2787022.727899998426437, 820397.952500000596046 ], [ 2787034.039800003170967, 820330.103500001132488 ], [ 2787049.935999996960163, 820265.618999999016523 ], [ 2787070.510300002992153, 820146.996700000017881 ], [ 2787112.80120000243187, 819994.402899999171495 ], [ 2787120.118500001728535, 819957.129000000655651 ], [ 2787137.749700002372265, 819879.70380000025034 ], [ 2787140.143299996852875, 819851.515900000929832 ], [ 2787140.088899999856949, 819818.61430000141263 ], [ 2787137.402900002896786, 819786.225600000470877 ], [ 2787132.0022, 819762.788400001823902 ], [ 2787126.020400002598763, 819739.826999999582767 ], [ 2787127.263999998569489, 819724.652499999850988 ], [ 2787127.433499999344349, 819723.908300001174212 ], [ 2787128.614100001752377, 819718.72410000115633 ], [ 2787130.428199999034405, 819710.757800001651049 ], [ 2787132.513599999248981, 819702.971099998801947 ], [ 2787135.015000000596046, 819697.101199999451637 ], [ 2787139.430100001394749, 819690.953299999237061 ], [ 2787144.282899998128414, 819686.629799999296665 ], [ 2787151.516699999570847, 819682.355200000107288 ], [ 2787155.28320000320673, 819681.328899998217821 ], [ 2787158.475599996745586, 819680.458999998867512 ], [ 2787163.587700001895428, 819680.109600000083447 ], [ 2787177.258100003004074, 819682.894299998879433 ], [ 2787217.693199999630451, 819691.131099998950958 ], [ 2787228.715499997138977, 819693.376499999314547 ], [ 2787230.622900001704693, 819693.593499999493361 ], [ 2787232.052299998700619, 819693.756099998950958 ], [ 2787235.3882, 819693.073600001633167 ], [ 2787238.289300002157688, 819691.848299998790026 ], [ 2787241.979500003159046, 819688.925799999386072 ], [ 2787245.157899998128414, 819685.24269999936223 ], [ 2787248.399099998176098, 819680.203999999910593 ], [ 2787250.785899996757507, 819674.196299999952316 ], [ 2787251.430699996650219, 819669.245799999684095 ], [ 2787251.887699998915195, 819664.360300000756979 ], [ 2787251.153800003230572, 819659.449799999594688 ], [ 2787249.237000003457069, 819653.918400000780821 ], [ 2787244.225500002503395, 819646.970800001174212 ], [ 2787239.952600002288818, 819642.889199998229742 ], [ 2787208.517200000584126, 819622.523600000888109 ], [ 2787169.988099999725819, 819599.101100001484156 ], [ 2787145.673500001430511, 819580.26069999858737 ], [ 2787135.589599996805191, 819568.232599999755621 ], [ 2787126.460699997842312, 819555.799899999052286 ], [ 2787118.1787, 819538.4814000017941 ], [ 2787111.128799997270107, 819524.625599998980761 ], [ 2787103.871100001037121, 819514.628899998962879 ], [ 2787095.511100001633167, 819505.170800000429153 ], [ 2787087.420800000429153, 819498.763999998569489 ], [ 2787076.960600003600121, 819493.920499999076128 ], [ 2787067.51070000231266, 819492.690000001341105 ], [ 2787044.315499998629093, 819491.211199998855591 ], [ 2787028.620200000703335, 819489.139400001615286 ], [ 2787006.818800002336502, 819483.598999999463558 ], [ 2786960.414099998772144, 819454.392700001597404 ], [ 2786954.117299996316433, 819448.234400000423193 ], [ 2786948.779399998486042, 819440.590700000524521 ], [ 2786949.822899997234344, 819434.733800001442432 ], [ 2786955.068300001323223, 819432.077199999243021 ], [ 2786961.184000000357628, 819431.973099999129772 ], [ 2786967.259199999272823, 819433.826999999582767 ], [ 2786978.561599999666214, 819444.395500000566244 ], [ 2786991.940999999642372, 819453.491200000047684 ], [ 2787007.178000003099442, 819461.835200000554323 ], [ 2787032.481700003147125, 819468.254999998956919 ], [ 2787047.173100002110004, 819468.402100000530481 ], [ 2787057.839900001883507, 819467.263399999588728 ], [ 2787086.141199998557568, 819459.722500000149012 ], [ 2787095.1891999989748, 819459.063000001013279 ], [ 2787101.422499999403954, 819459.440400000661612 ], [ 2787111.750699996948242, 819463.293299999088049 ], [ 2787142.567299999296665, 819476.69029999896884 ], [ 2787154.570500001311302, 819483.433600001037121 ], [ 2787163.85700000077486, 819487.670699998736382 ], [ 2787169.945699997246265, 819486.839800000190735 ], [ 2787174.076999999582767, 819482.770799998193979 ], [ 2787174.728399999439716, 819477.033399999141693 ], [ 2787171.887800000607967, 819470.16160000115633 ], [ 2787168.3574, 819467.194899998605251 ], [ 2787126.3684, 819449.258699998259544 ], [ 2787108.674900002777576, 819442.462999999523163 ], [ 2787096.736599996685982, 819439.067299999296665 ], [ 2787086.480999998748302, 819434.206799998879433 ], [ 2787078.159500002861023, 819425.971599999815226 ], [ 2787070.518899999558926, 819419.549100000411272 ], [ 2787046.748599998652935, 819409.663100000470877 ], [ 2787038.904700003564358, 819407.853799998760223 ], [ 2787031.950499996542931, 819408.289599999785423 ], [ 2787022.753700003027916, 819409.607700001448393 ], [ 2787007.961599998176098, 819407.92509999871254 ], [ 2787002.3662, 819404.925599999725819 ], [ 2786998.381899997591972, 819400.70380000025034 ], [ 2786992.485699996352196, 819385.69649999961257 ], [ 2786987.64919999986887, 819378.301899999380112 ], [ 2786977.128700003027916, 819370.741399999707937 ], [ 2786963.237199999392033, 819370.344700001180172 ], [ 2786943.718199998140335, 819368.526700001209974 ], [ 2786936.941100001335144, 819362.328299999237061 ], [ 2786923.317500002682209, 819352.789700001478195 ], [ 2786915.430699996650219, 819352.567299999296665 ], [ 2786904.984099999070168, 819353.52930000051856 ], [ 2786898.983900003135204, 819353.675200000405312 ], [ 2786890.814400002360344, 819352.178899999707937 ], [ 2786870.207000002264977, 819344.021800000220537 ], [ 2786863.647399999201298, 819341.302000001072884 ], [ 2786855.615299999713898, 819335.079700000584126 ], [ 2786851.080700002610683, 819328.002300001680851 ], [ 2786844.037100002169609, 819320.224500000476837 ], [ 2786834.746200002729893, 819313.9560999982059 ], [ 2786824.111400000751019, 819310.503800000995398 ], [ 2786814.980899997055531, 819309.607500001788139 ], [ 2786806.708400003612041, 819311.583700001239777 ], [ 2786800.339900001883507, 819313.617199998348951 ], [ 2786793.292099997401237, 819317.202199999243021 ], [ 2786782.97410000115633, 819324.492899999022484 ], [ 2786773.6266999989748, 819331.176100000739098 ], [ 2786766.310599997639656, 819333.16950000077486 ], [ 2786757.796300001442432, 819332.934099998325109 ], [ 2786748.785700000822544, 819327.620600000023842 ], [ 2786739.840300001204014, 819320.10249999910593 ], [ 2786734.944399997591972, 819314.60359999909997 ], [ 2786729.627700001001358, 819301.502000000327826 ], [ 2786726.479500003159046, 819290.042599998414516 ], [ 2786724.868699997663498, 819280.21229999884963 ], [ 2786722.681199997663498, 819268.153000000864267 ], [ 2786719.153599999845028, 819259.210200000554323 ], [ 2786711.495700001716614, 819250.7804000005126 ], [ 2786703.431800000369549, 819245.495999999344349 ], [ 2786691.250399999320507, 819241.0439000017941 ], [ 2786678.981299996376038, 819239.434099998325109 ], [ 2786670.483900003135204, 819238.250700000673532 ], [ 2786660.672799997031689, 819238.916999999433756 ], [ 2786649.373000003397465, 819236.699700001627207 ], [ 2786643.139700002968311, 819233.687100000679493 ], [ 2786636.987000003457069, 819228.142200000584126 ], [ 2786635.459700003266335, 819215.150400001555681 ], [ 2786635.181999996304512, 819202.511500000953674 ], [ 2786634.702200002968311, 819186.078499998897314 ], [ 2786635.08389999717474, 819172.826099999248981 ], [ 2786632.867799997329712, 819161.714600000530481 ], [ 2786628.292499996721745, 819156.212000001221895 ], [ 2786621.514899998903275, 819150.02589999884367 ], [ 2786614.337200000882149, 819147.293299999088049 ], [ 2786605.153300002217293, 819147.982599999755621 ], [ 2786596.551700003445148, 819150.887800000607967 ], [ 2786586.371200002729893, 819153.443799998611212 ], [ 2786579.389499999582767, 819154.825399998575449 ], [ 2786572.527699999511242, 819151.789700001478195 ], [ 2786565.489900000393391, 819143.69310000166297 ], [ 2786562.300700001418591, 819133.818300001323223 ], [ 2786560.476400002837181, 819120.181600000709295 ], [ 2786562.195100001990795, 819104.132800001651049 ], [ 2786562.337700001895428, 819099.076799999922514 ], [ 2786560.906900003552437, 819093.988499999046326 ], [ 2786556.645400002598763, 819088.183899998664856 ], [ 2786552.633400000631809, 819084.907800000160933 ], [ 2786547.658100001513958, 819082.241599999368191 ], [ 2786541.701499998569489, 819080.8108000010252 ], [ 2786536.35080000013113, 819080.032000001519918 ], [ 2786527.550599999725819, 819078.513900000602007 ], [ 2786518.470799997448921, 819076.052099999040365 ], [ 2786507.48200000077486, 819073.839800000190735 ], [ 2786501.5658999979496, 819070.834300000220537 ], [ 2786491.652000002563, 819063.913899999111891 ], [ 2786489.091499999165535, 819060.249299999326468 ], [ 2786483.762100003659725, 819052.636799998581409 ], [ 2786480.9408999979496, 819040.874600000679493 ], [ 2786471.625, 819024.1891999989748 ], [ 2786469.463799998164177, 819022.558100000023842 ], [ 2786459.825499996542931, 819017.231699999421835 ], [ 2786450.73030000180006, 819015.077599998563528 ], [ 2786442.190399996936321, 819015.460200000554323 ], [ 2786429.842699997127056, 819016.693199999630451 ], [ 2786419.063500002026558, 819018.276200000196695 ], [ 2786407.031900003552437, 819019.2060999982059 ], [ 2786391.841600000858307, 819020.349599998444319 ], [ 2786381.418300002813339, 819020.684200000017881 ], [ 2786365.474200002849102, 819014.868900001049042 ], [ 2786359.364, 819007.74720000103116 ], [ 2786349.571199998259544, 818985.673900000751019 ], [ 2786332.639399997889996, 818958.984200000762939 ], [ 2786307.255999997258186, 818918.798799999058247 ], [ 2786277.257399998605251, 818863.313799999654293 ], [ 2786242.531199999153614, 818818.434799998998642 ], [ 2786222.738300003111362, 818792.612700000405312 ], [ 2786217.186200000345707, 818788.039900001138449 ], [ 2786209.765799999237061, 818782.457800000905991 ], [ 2786205.464800000190735, 818778.227899998426437 ], [ 2786201.811300002038479, 818773.394299998879433 ], [ 2786198.110500000417233, 818770.444400001317263 ], [ 2786191.544399999082088, 818768.04280000180006 ], [ 2786184.676299996674061, 818765.327399998903275 ], [ 2786174.893399998545647, 818765.046100001782179 ], [ 2786165.726899996399879, 818765.415800001472235 ], [ 2786154.953400000929832, 818766.690099999308586 ], [ 2786143.529899999499321, 818768.581300001591444 ], [ 2786119.975699998438358, 818775.169900000095367 ], [ 2786100.126500003039837, 818785.0287000015378 ], [ 2786085.678199999034405, 818782.097300000488758 ], [ 2786049.582900002598763, 818752.337000001221895 ], [ 2786034.959299996495247, 818733.286299999803305 ], [ 2785995.508699998259544, 818710.383600000292063 ], [ 2785960.838100001215935, 818686.031800001859665 ], [ 2785883.746200002729893, 818654.161299999803305 ], [ 2785849.175999999046326, 818637.075199998915195 ], [ 2785816.781499996781349, 818621.311299998313189 ], [ 2785791.173000000417233, 818611.424300000071526 ], [ 2785774.050599999725819, 818602.729899998754263 ], [ 2785755.779899999499321, 818590.210200000554323 ], [ 2785737.231200002133846, 818576.109700001776218 ], [ 2785725.726000003516674, 818569.78660000115633 ], [ 2785708.171400003135204, 818565.182300001382828 ], [ 2785689.724899999797344, 818558.657600000500679 ], [ 2785658.939099997282028, 818541.988400001078844 ], [ 2785630.70380000025034, 818524.454700000584126 ], [ 2785595.690399996936321, 818500.724300000816584 ], [ 2785565.076499998569489, 818489.118400000035763 ], [ 2785511.716399997472763, 818466.76630000025034 ], [ 2785473.154399998486042, 818445.776299998164177 ], [ 2785411.325900003314018, 818421.285199999809265 ], [ 2785349.655100002884865, 818391.118000000715256 ], [ 2785272.924500003457069, 818357.679699998348951 ], [ 2785201.768700003623962, 818317.141499999910593 ], [ 2785150.697400003671646, 818291.692999999970198 ], [ 2785114.598399996757507, 818284.343899998813868 ], [ 2785076.622100003063679, 818276.008600000292063 ], [ 2785030.466899998486042, 818277.852299999445677 ], [ 2785007.61150000244379, 818270.896999999880791 ], [ 2784990.076800003647804, 818254.610800001770258 ], [ 2784961.269500002264977, 818245.894400000572205 ], [ 2784927.232100002467632, 818243.667899999767542 ], [ 2784893.959100000560284, 818247.772300001233816 ], [ 2784872.852399997413158, 818253.329599998891354 ], [ 2784871.81530000269413, 818241.701900001615286 ], [ 2784872.938400000333786, 818228.840999998152256 ], [ 2784877.191799998283386, 818216.432599999010563 ], [ 2784883.958499997854233, 818206.333999998867512 ], [ 2784894.024800002574921, 818196.993500001728535 ], [ 2784931.633900001645088, 818177.012200001627207 ], [ 2784973.124799996614456, 818155.21000000089407 ], [ 2784979.534100003540516, 818147.285199999809265 ], [ 2784984.92679999768734, 818136.968499999493361 ], [ 2784990.788099996745586, 818124.610399998724461 ], [ 2784993.598300002515316, 818108.123799998313189 ], [ 2784991.6382, 818037.023800000548363 ], [ 2784988.84910000115633, 818026.375199999660254 ], [ 2784983.774499997496605, 818018.364000000059605 ], [ 2784976.527300000190735, 818012.17509999871254 ], [ 2784967.417700000107288, 818008.362300001084805 ], [ 2784958.753700003027916, 818006.371899999678135 ], [ 2784946.563400000333786, 818005.396499998867512 ], [ 2784930.411100000143051, 818008.929099999368191 ], [ 2784805.461300000548363, 818044.445999998599291 ], [ 2784791.7654, 818050.092000000178814 ], [ 2784780.280299998819828, 818054.498100001364946 ], [ 2784764.424500003457069, 818061.635600000619888 ], [ 2784747.800899997353554, 818070.578099999576807 ], [ 2784680.039499998092651, 818117.520500000566244 ], [ 2784665.654899999499321, 818127.218800000846386 ], [ 2784650.4391999989748, 818136.588799998164177 ], [ 2784621.374399997293949, 818148.860800001770258 ], [ 2784596.04730000346899, 818156.407499998807907 ], [ 2784580.783600002527237, 818158.464499998837709 ], [ 2784541.602300003170967, 818163.372099999338388 ], [ 2784526.485500000417233, 818161.823899999260902 ], [ 2784513.320100001990795, 818159.565099999308586 ], [ 2784501.843299999833107, 818155.841299999505281 ], [ 2784487.835299998521805, 818146.939100001007318 ], [ 2784477.249300003051758, 818139.620700001716614 ], [ 2784467.101499997079372, 818129.032900001853704 ], [ 2784463.450300000607967, 818122.771099999547005 ], [ 2784459.969499997794628, 818116.803899999707937 ], [ 2784452.768299996852875, 818099.594500001519918 ], [ 2784373.589500002563, 817891.766699999570847 ], [ 2784343.161300003528595, 817818.290899999439716 ], [ 2784318.847300000488758, 817766.299699999392033 ], [ 2784295.021899998188019, 817711.954100001603365 ], [ 2784287.761900000274181, 817696.889899998903275 ], [ 2784278.5537, 817677.777699999511242 ], [ 2784241.740099996328354, 817594.966499999165535 ], [ 2784227.364100001752377, 817563.364500001072884 ], [ 2784221.611699998378754, 817547.11430000141263 ], [ 2784219.517099998891354, 817534.620900001376867 ], [ 2784219.245099999010563, 817529.606499999761581 ], [ 2784219.023299999535084, 817525.481899999082088 ], [ 2784220.348700001835823, 817510.826200000941753 ], [ 2784225.210699997842312, 817493.864900000393391 ], [ 2784230.204300001263618, 817484.015500001609325 ], [ 2784231.402300000190735, 817481.652699999511242 ], [ 2784231.790899999439716, 817480.886199999600649 ], [ 2784240.6537000015378, 817468.294300001114607 ], [ 2784263.803300000727177, 817444.050700001418591 ], [ 2784264.692699998617172, 817443.119300000369549 ], [ 2784299.392099998891354, 817405.308899998664856 ], [ 2784308.215700000524521, 817396.564899999648333 ], [ 2784300.300899997353554, 817392.892099998891354 ], [ 2784286.048900000751019, 817396.665500000119209 ], [ 2784265.836300000548363, 817405.279100000858307 ], [ 2784230.819700002670288, 817421.742899999022484 ], [ 2784183.944499999284744, 817444.175299998372793 ], [ 2784171.709700003266335, 817452.467300001531839 ], [ 2784162.926100000739098, 817461.259700000286102 ], [ 2784149.635499998927116, 817473.060300000011921 ], [ 2784136.177500002086163, 817492.55970000103116 ], [ 2784130.560099996626377, 817518.753499999642372 ], [ 2784127.579499997198582, 817543.695300001651049 ], [ 2784129.796099998056889, 817564.481499999761581 ], [ 2784137.7993, 817592.630699999630451 ], [ 2784146.883500002324581, 817617.840700000524521 ], [ 2784148.014300003647804, 817620.978700000792742 ], [ 2784157.00789999961853, 817641.526500001549721 ], [ 2784180.924099996685982, 817696.648699998855591 ], [ 2784198.427699998021126, 817746.570900000631809 ], [ 2784198.500500001013279, 817746.915199998766184 ], [ 2784200.851700000464916, 817758.049300000071526 ], [ 2784200.748700000345707, 817767.986099999397993 ], [ 2784199.126900002360344, 817776.488699998706579 ], [ 2784196.415100000798702, 817785.045899998396635 ], [ 2784192.6853, 817791.358899999409914 ], [ 2784187.872699998319149, 817796.281500000506639 ], [ 2784182.205899998545647, 817800.161100000143051 ], [ 2784175.247900001704693, 817802.6570999994874 ], [ 2784168.326099999248981, 817803.227299999445677 ], [ 2784156.568300001323223, 817800.938099998980761 ], [ 2784146.29619999974966, 817795.901500001549721 ], [ 2784137.582099996507168, 817789.733899999409914 ], [ 2784130.626299999654293, 817783.295899998396635 ], [ 2784107.111699998378754, 817758.70549999922514 ], [ 2784074.796700000762939, 817724.909699998795986 ], [ 2784017.924099996685982, 817652.567899998277426 ], [ 2784016.176899999380112, 817650.345300000160933 ], [ 2784014.429499998688698, 817648.122699998319149 ], [ 2783985.881700001657009, 817604.017900001257658 ], [ 2783944.714299999177456, 817502.540300000458956 ], [ 2783927.384300000965595, 817476.138099998235703 ], [ 2783875.665500000119209, 817397.562899999320507 ], [ 2783871.688900001347065, 817391.520300000905991 ], [ 2783839.907700002193451, 817341.656500000506639 ], [ 2783831.136100001633167, 817319.80350000038743 ], [ 2783825.412299998104572, 817301.332699999213219 ], [ 2783821.084700003266335, 817284.632500000298023 ], [ 2783819.035300001502037, 817266.399900000542402 ], [ 2783822.643899999558926, 817241.263300001621246 ], [ 2783832.880500003695488, 817212.417500000447035 ], [ 2783848.94030000269413, 817173.91609999909997 ], [ 2783884.269100002944469, 817089.220300000160933 ], [ 2783887.018500000238419, 817078.00730000063777 ], [ 2783887.182499997317791, 817059.667500000447035 ], [ 2783886.854500003159046, 817043.913899999111891 ], [ 2783884.240299999713898, 817035.988099999725819 ], [ 2783872.038900002837181, 817010.489900000393391 ], [ 2783830.837300002574921, 816924.402100000530481 ], [ 2783827.602300003170967, 816919.044900000095367 ], [ 2783815.739699997007847, 816899.399099998176098 ], [ 2783806.202299997210503, 816880.682700000703335 ], [ 2783803.750500001013279, 816875.104499999433756 ], [ 2783798.897299997508526, 816864.063099998980761 ], [ 2783793.207500003278255, 816845.343299999833107 ], [ 2783789.378700003027916, 816822.807500001043081 ], [ 2783788.780100002884865, 816801.557100001722574 ], [ 2783789.846900001168251, 816789.420299999415874 ], [ 2783791.48589999973774, 816772.615299999713898 ], [ 2783799.893500000238419, 816725.239199999719858 ], [ 2783802.623099997639656, 816710.463300000876188 ], [ 2783806.32769999653101, 816690.409099999815226 ], [ 2783809.866899996995926, 816672.827300000935793 ], [ 2783816.004100002348423, 816639.011700000613928 ], [ 2783817.931100003421307, 816633.215300001204014 ], [ 2783819.801299996674061, 816627.593400001525879 ], [ 2783821.477099999785423, 816622.554099999368191 ], [ 2783827.63629999756813, 816611.268500000238419 ], [ 2783834.076499998569489, 816603.6385000012815 ], [ 2783840.807300001382828, 816597.831300001591444 ], [ 2783855.551899999380112, 816587.980900000780821 ], [ 2783889.524499997496605, 816576.36430000141263 ], [ 2783907.615500003099442, 816565.871700000017881 ], [ 2783918.99210000038147, 816556.048300001770258 ], [ 2783926.315700002014637, 816546.272100001573563 ], [ 2783932.73870000243187, 816532.678700000047684 ], [ 2783934.45549999922514, 816519.987700000405312 ], [ 2783934.120099999010563, 816505.225499998778105 ], [ 2783931.9408999979496, 816494.193300001323223 ], [ 2783928.692699998617172, 816483.880499999970198 ], [ 2783919.68469999730587, 816471.071899998933077 ], [ 2783906.223499998450279, 816459.190499998629093 ], [ 2783900.95889999717474, 816456.740499999374151 ], [ 2783873.579300001263618, 816448.022100001573563 ], [ 2783830.962499998509884, 816437.601700000464916 ], [ 2783796.12389999628067, 816429.903099998831749 ], [ 2783773.159299999475479, 816425.11710000038147 ], [ 2783754.239100001752377, 816421.402300000190735 ], [ 2783730.259499996900558, 816414.861699998378754 ], [ 2783709.116400003433228, 816406.249400001019239 ], [ 2783687.048900000751019, 816393.517900001257658 ], [ 2783668.347099997103214, 816378.450699999928474 ], [ 2783652.227300003170967, 816364.029699999839067 ], [ 2783633.869099996984005, 816342.584300000220537 ], [ 2783622.088299997150898, 816323.40260000154376 ], [ 2783609.545299999415874, 816291.343100000172853 ], [ 2783604.638300001621246, 816256.440099999308586 ], [ 2783595.329099997878075, 816190.432500001043081 ], [ 2783591.217699997127056, 816175.233500000089407 ], [ 2783586.48870000243187, 816161.44370000064373 ], [ 2783577.958499997854233, 816138.519900001585484 ], [ 2783568.249899998307228, 816113.551300000399351 ], [ 2783548.719300001859665, 816064.44649999961257 ], [ 2783539.976099997758865, 816042.740899998694658 ], [ 2783529.519900001585484, 816017.778000000864267 ], [ 2783515.239100001752377, 815985.800299998372793 ], [ 2783513.544699996709824, 815981.76069999858737 ], [ 2783509.495700001716614, 815972.108500000089407 ], [ 2783492.437899999320507, 815961.7010000012815 ], [ 2783489.050700001418591, 815961.786100000143051 ], [ 2783481.331299997866154, 815961.980500001460314 ], [ 2783473.4243, 815964.786899998784065 ], [ 2783465.710900001227856, 815972.503699999302626 ], [ 2783447.050300002098083, 816003.737100001424551 ], [ 2783436.084100000560284, 816019.743700001388788 ], [ 2783426.3015, 816029.079700000584126 ], [ 2783414.892899997532368, 816031.933899998664856 ], [ 2783403.698700003325939, 816030.244500000029802 ], [ 2783393.664899997413158, 816022.442699998617172 ], [ 2783368.522900000214577, 816002.796100001782179 ], [ 2783346.784299999475479, 815990.314100001007318 ], [ 2783323.726899996399879, 815987.118099998682737 ], [ 2783311.457900002598763, 815993.073100000619888 ], [ 2783305.318099997937679, 816000.286100000143051 ], [ 2783301.396499998867512, 816009.582499999552965 ], [ 2783302.353500001132488, 816019.371700000017881 ], [ 2783312.125299997627735, 816054.746199999004602 ], [ 2783316.887100003659725, 816078.155299998819828 ], [ 2783315.90089999884367, 816090.545499999076128 ], [ 2783312.828299999237061, 816103.474899999797344 ], [ 2783279.370899997651577, 816147.553899999707937 ], [ 2783264.012699998915195, 816160.979100000113249 ], [ 2783241.326700001955032, 816170.741099998354912 ], [ 2783216.286899998784065, 816177.149900000542402 ], [ 2783195.327500000596046, 816180.508699998259544 ], [ 2783177.030500002205372, 816184.639899998903275 ], [ 2783149.228100001811981, 816196.194499999284744 ], [ 2783129.498499996960163, 816205.608300000429153 ], [ 2783116.901100002229214, 816219.039299998432398 ], [ 2783103.283100001513958, 816233.242899999022484 ], [ 2783085.329899996519089, 816260.197500001639128 ], [ 2783072.112899996340275, 816287.780099999159575 ], [ 2783058.418700002133846, 816346.269099999219179 ], [ 2783054.123499996960163, 816368.904500000178814 ], [ 2783037.972000002861023, 816410.889699999243021 ], [ 2783029.008299998939037, 816424.747099999338388 ], [ 2783004.0050999969244, 816434.970300000160933 ], [ 2782972.135099999606609, 816458.972100000828505 ], [ 2782958.342500001192093, 816484.853700000792742 ], [ 2782951.072700001299381, 816501.657600000500679 ], [ 2782925.911899998784065, 816531.89809999987483 ], [ 2782919.145999997854233, 816540.534800000488758 ], [ 2782912.554099999368191, 816545.499400001019239 ], [ 2782907.450400002300739, 816548.024399999529123 ], [ 2782893.8800999969244, 816549.362100001424551 ], [ 2782887.201399996876717, 816547.966699998825788 ], [ 2782881.272799998521805, 816545.256099998950958 ], [ 2782876.505999997258186, 816541.122699998319149 ], [ 2782876.496799997985363, 816541.114700000733137 ], [ 2782874.76129999756813, 816539.6097999997437 ], [ 2782871.395999997854233, 816532.414200000464916 ], [ 2782870.615599997341633, 816525.815900001674891 ], [ 2782870.804899998009205, 816514.811799999326468 ], [ 2782872.028200000524521, 816501.65989999845624 ], [ 2782873.797799997031689, 816487.394400000572205 ], [ 2782879.101499997079372, 816471.792100001126528 ], [ 2782879.464599996805191, 816454.174600001424551 ], [ 2782873.548500001430511, 816436.491799999028444 ], [ 2782871.02759999781847, 816416.675900001078844 ], [ 2782867.095600001513958, 816392.025199998170137 ], [ 2782871.390699997544289, 816358.021000001579523 ], [ 2782871.410199999809265, 816340.274399999529123 ], [ 2782864.4397, 816314.067099999636412 ], [ 2782858.021799996495247, 816305.328999999910593 ], [ 2782851.258199997246265, 816293.965500000864267 ], [ 2782846.316399998962879, 816280.916200000792742 ], [ 2782831.804799996316433, 816266.709600001573563 ], [ 2782825.148599997162819, 816252.307500001043081 ], [ 2782819.780799999833107, 816228.756999999284744 ], [ 2782820.92400000244379, 816205.661299999803305 ], [ 2782817.6382, 816187.221000000834465 ], [ 2782814.1216000020504, 816176.302799999713898 ], [ 2782812.68299999833107, 816164.302000001072884 ], [ 2782806.663099996745586, 816147.721400000154972 ], [ 2782797.006899997591972, 816136.837799999862909 ], [ 2782779.813400000333786, 816136.072599999606609 ], [ 2782769.04450000077486, 816135.298099998384714 ], [ 2782760.713799998164177, 816133.4510000012815 ], [ 2782755.233999997377396, 816127.719300001859665 ], [ 2782752.005199998617172, 816121.890799999237061 ], [ 2782750.141000002622604, 816113.116999998688698 ], [ 2782749.269900001585484, 816101.200800001621246 ], [ 2782751.064499996602535, 816095.289099998772144 ], [ 2782754.365800000727177, 816089.183899998664856 ], [ 2782795.108499996364117, 816053.736699998378754 ], [ 2782800.9309, 816047.341099999845028 ], [ 2782807.773199997842312, 816036.940200001001358 ], [ 2782815.456699997186661, 816009.742300000041723 ], [ 2782819.786499999463558, 815977.833000000566244 ], [ 2782822.164899997413158, 815964.241300001740456 ], [ 2782822.105499997735023, 815948.29839999973774 ], [ 2782866.12219999730587, 815857.168999999761581 ], [ 2782878.316699996590614, 815804.820999998599291 ], [ 2782899.236000001430511, 815748.332499999552965 ], [ 2782921.976800002157688, 815693.756299998611212 ], [ 2782935.877899996936321, 815668.821699999272823 ], [ 2782943.582699999213219, 815626.588700000196695 ], [ 2782942.989399999380112, 815602.260000001639128 ], [ 2782940.367499999701977, 815579.505199998617172 ], [ 2782934.016699999570847, 815556.887600000947714 ], [ 2782916.119499996304512, 815504.224800001829863 ], [ 2782901.086099997162819, 815462.4679000005126 ], [ 2782899.238899998366833, 815457.964899998158216 ], [ 2782894.279399998486042, 815454.976599998772144 ], [ 2782854.983499996364117, 815442.360300000756979 ], [ 2782848.703199997544289, 815439.664000000804663 ], [ 2782843.0801, 815436.618000000715256 ], [ 2782836.88849999755621, 815429.646200001239777 ], [ 2782834.544299997389317, 815418.640700001269579 ], [ 2782828.852099999785423, 815395.713199999183416 ], [ 2782820.199299998581409, 815335.380899999290705 ], [ 2782822.0591000020504, 815296.545400001108646 ], [ 2782824.546099998056889, 815149.740600001066923 ], [ 2782824.000699996948242, 815138.848400000482798 ], [ 2782821.542400002479553, 815131.499699998646975 ], [ 2782817.501299999654293, 815125.768500000238419 ], [ 2782810.680500000715256, 815123.427600000053644 ], [ 2782804.372599996626377, 815123.297800000756979 ], [ 2782801.545699998736382, 815124.120200000703335 ], [ 2782787.627099998295307, 815127.858399998396635 ], [ 2782777.308200001716614, 815130.92680000141263 ], [ 2782744.20269999653101, 815171.275600001215935 ], [ 2782685.303099997341633, 815246.815600000321865 ], [ 2782664.12219999730587, 815269.130499999970198 ], [ 2782636.588799998164177, 815297.196400001645088 ], [ 2782632.9408999979496, 815300.7668999992311 ], [ 2782628.6963, 815304.073300000280142 ], [ 2782626.307099997997284, 815305.98369999974966 ], [ 2782622.487499997019768, 815307.596700001507998 ], [ 2782616.716399997472763, 815308.913600001484156 ], [ 2782611.759800001978874, 815308.942899998277426 ], [ 2782607.344700001180172, 815307.941300000995398 ], [ 2782601.024499997496605, 815303.621399998664856 ], [ 2782595.253899998962879, 815298.774099998176098 ], [ 2782591.825199998915195, 815293.6418999992311 ], [ 2782570.732199996709824, 815249.471500001847744 ], [ 2782541.0304000005126, 815182.300000000745058 ], [ 2782507.279399998486042, 815115.833099998533726 ], [ 2782497.432899996638298, 815112.845800001174212 ], [ 2782489.435199998319149, 815110.204700000584126 ], [ 2782483.992899999022484, 815103.228300001472235 ], [ 2782463.207800000905991, 815091.159699998795986 ], [ 2782452.032700002193451, 815090.70890000090003 ], [ 2782447.80120000243187, 815090.082899998873472 ], [ 2782442.514799997210503, 815086.917500000447035 ], [ 2782438.013899996876717, 815083.214800000190735 ], [ 2782430.706500001251698, 815074.91160000115633 ], [ 2782426.741300001740456, 815065.580400001257658 ], [ 2782393.834799997508526, 814983.761700000613928 ], [ 2782372.941299997270107, 814933.707100000232458 ], [ 2782357.385899998247623, 814895.620600000023842 ], [ 2782354.630599997937679, 814889.732599999755621 ], [ 2782348.338299997150898, 814880.901999998837709 ], [ 2782342.362099997699261, 814872.707800000905991 ], [ 2782336.460400000214577, 814868.406899999827147 ], [ 2782329.695799998939037, 814865.687399998307228 ], [ 2782323.865599997341633, 814864.00899999961257 ], [ 2782318.861199997365475, 814863.676500000059605 ], [ 2782313.03660000115633, 814864.423799999058247 ], [ 2782307.299199998378754, 814865.502900000661612 ], [ 2782300.533500000834465, 814867.299199998378754 ], [ 2782293.636900000274181, 814870.934599999338388 ], [ 2782288.261100001633167, 814875.980900000780821 ], [ 2782230.4265, 814946.835099998861551 ], [ 2782224.30290000140667, 814950.114100001752377 ], [ 2782215.318800002336502, 814951.320000000298023 ], [ 2782207.399700000882149, 814949.515099998563528 ], [ 2782199.796300001442432, 814947.975699998438358 ], [ 2782193.906300000846386, 814943.896999999880791 ], [ 2782188.988600000739098, 814938.724700000137091 ], [ 2782185.4408999979496, 814933.387200001627207 ], [ 2782187.635099999606609, 814830.205699998885393 ], [ 2782170.912799999117851, 814786.575899999588728 ], [ 2782151.99549999833107, 814724.678599998354912 ], [ 2782142.294699996709824, 814703.358600001782179 ], [ 2782128.763599999248981, 814682.984700001776218 ], [ 2782109.746100001037121, 814668.57039999961853 ], [ 2782088.581399999558926, 814653.722699999809265 ], [ 2782061.689099997282028, 814636.634500000625849 ], [ 2782044.579800002276897, 814629.625900000333786 ], [ 2782034.465499997138977, 814628.269000001251698 ], [ 2782026.864100001752377, 814628.113099999725819 ], [ 2782018.529399998486042, 814630.012600000947714 ], [ 2782009.695699997246265, 814633.979400001466274 ], [ 2782000.806199997663498, 814640.242899999022484 ], [ 2781991.669799998402596, 814647.657699998468161 ], [ 2781983.373800002038479, 814658.997800000011921 ], [ 2781978.091099999845028, 814668.185300000011921 ], [ 2781975.641000002622604, 814674.908500000834465 ], [ 2781975.195299997925758, 814684.023200001567602 ], [ 2781983.607199996709824, 814713.880100000649691 ], [ 2781985.708099998533726, 814749.010899998247623 ], [ 2781982.618299998342991, 814781.615299999713898 ], [ 2781975.089800000190735, 814814.127599999308586 ], [ 2781965.8103, 814833.700199998915195 ], [ 2781901.480099998414516, 814897.904199998825788 ], [ 2781896.732500001788139, 814900.928700000047684 ], [ 2781890.32490000128746, 814901.021600000560284 ], [ 2781883.899700000882149, 814898.814300000667572 ], [ 2781878.471400000154972, 814895.651999998837709 ], [ 2781874.270999997854233, 814891.797200001776218 ], [ 2781869.409000001847744, 814886.892200000584126 ], [ 2781864.47580000013113, 814877.956999998539686 ], [ 2781847.906700000166893, 814824.040399998426437 ], [ 2781842.556400001049042, 814815.044399999082088 ], [ 2781836.084899999201298, 814809.488699998706579 ], [ 2781830.1404, 814806.462400000542402 ], [ 2781821.98200000077486, 814807.456500001251698 ], [ 2781812.570799998939037, 814812.879999998956919 ], [ 2781788.142700001597404, 814821.35190000012517 ], [ 2781774.677299998700619, 814824.120200000703335 ], [ 2781766.304899998009205, 814823.340500000864267 ], [ 2781749.740199998021126, 814812.784000001847744 ], [ 2781727.66669999808073, 814785.792500000447035 ], [ 2781712.949299998581409, 814766.940200001001358 ], [ 2781700.917199999094009, 814718.743000000715256 ], [ 2781683.492799997329712, 814673.064599998295307 ], [ 2781678.704099997878075, 814637.501499999314547 ], [ 2781694.070299997925758, 814604.360800001770258 ], [ 2781706.678300000727177, 814563.338199999183416 ], [ 2781712.835900001227856, 814539.845899999141693 ], [ 2781700.365599997341633, 814520.784000001847744 ], [ 2781680.94539999961853, 814520.382500000298023 ], [ 2781618.438199996948242, 814520.302999999374151 ], [ 2781595.737499997019768, 814509.975000001490116 ], [ 2781578.273000001907349, 814492.412900000810623 ], [ 2781543.398599997162819, 814454.216899998486042 ], [ 2781515.111199997365475, 814395.822500001639128 ], [ 2781513.018799997866154, 814335.550400000065565 ], [ 2781518.747000001370907, 814271.673000000417233 ], [ 2781514.788599997758865, 814232.4983000010252 ], [ 2781507.554099999368191, 814215.94709999859333 ], [ 2781491.710199996829033, 814208.892099998891354 ], [ 2781463.530199997127056, 814208.3136 ], [ 2781433.984300002455711, 814215.909600000828505 ], [ 2781422.825800001621246, 814213.025499999523163 ], [ 2781386.914099998772144, 814196.629599999636412 ], [ 2781357.113799996674061, 814151.35020000115037 ], [ 2781322.283299997448921, 814112.246800001710653 ], [ 2781288.223300002515316, 814081.300700001418591 ], [ 2781256.902300000190735, 814058.209600001573563 ], [ 2781253.977200001478195, 814051.838300000876188 ], [ 2781254.078199997544289, 814046.952399998903275 ], [ 2781258.1216000020504, 814038.484499998390675 ], [ 2781270.072200000286102, 814022.748399998992682 ], [ 2781284.969300001859665, 814007.984900001436472 ], [ 2781306.618900001049042, 813984.243400000035763 ], [ 2781312.662699997425079, 813961.990800000727177 ], [ 2781308.516999997198582, 813941.081000000238419 ], [ 2781300.899999998509884, 813921.695000000298023 ], [ 2781291.038400001823902, 813902.263799998909235 ], [ 2781278.755699999630451, 813869.419799998402596 ], [ 2781279.186599999666214, 813844.320599999278784 ], [ 2781266.785800002515316, 813803.885899998247623 ], [ 2781256.48309999704361, 813767.189300000667572 ], [ 2781225.060699999332428, 813722.184300001710653 ], [ 2781207.227899998426437, 813662.103199999779463 ], [ 2781186.838699996471405, 813588.986600000411272 ], [ 2781188.981100000441074, 813508.426899999380112 ], [ 2781210.780599996447563, 813460.339099999517202 ], [ 2781195.425899997353554, 813416.445099998265505 ], [ 2781204.874399997293949, 813385.416499998420477 ], [ 2781200.809299997985363, 813349.305700000375509 ], [ 2781195.748199999332428, 813322.781899999827147 ], [ 2781198.005999997258186, 813290.804999999701977 ], [ 2781205.562899999320507, 813234.918400000780821 ], [ 2781215.010499998927116, 813203.889699999243021 ], [ 2781245.52080000191927, 813137.176100000739098 ], [ 2781260.194899998605251, 813045.067499998956919 ], [ 2781304.877899996936321, 812983.222100000828505 ], [ 2781348.403200000524521, 812939.102699998766184 ], [ 2781318.900200001895428, 812805.588700000196695 ], [ 2781304.422899998724461, 812694.953699998557568 ], [ 2781265.465499997138977, 812637.126400001347065 ], [ 2781257.794600002467632, 812521.521999999880791 ], [ 2781305.853399999439716, 812330.294700000435114 ], [ 2781352.5735, 812255.399900000542402 ], [ 2781363.214199997484684, 812165.267599999904633 ], [ 2781364.923900000751019, 812088.828099999576807 ], [ 2781325.711499996483326, 811931.896999999880791 ], [ 2781313.119300000369549, 811819.41270000115037 ], [ 2781268.995899997651577, 811767.473700001835823 ], [ 2781248.171800002455711, 811650.206599999219179 ], [ 2781256.988200001418591, 811585.666400000452995 ], [ 2781226.109999999403954, 811517.266399998217821 ], [ 2781231.7434, 811420.767000000923872 ], [ 2781225.409999996423721, 811365.701499998569489 ], [ 2781206.673500001430511, 811276.694699998944998 ], [ 2781165.206699997186661, 811216.863400001078844 ], [ 2781063.227399997413158, 811092.297100000083447 ], [ 2780570.739699997007847, 810184.518100000917912 ], [ 2780568.767099998891354, 810094.799300000071526 ], [ 2780611.83669999986887, 808673.109200000762939 ], [ 2780613.235399998724461, 808601.538100000470877 ], [ 2780564.500399999320507, 807230.905099999159575 ], [ 2780559.415799997746944, 806785.728100001811981 ], [ 2780566.648900002241135, 806598.460799999535084 ], [ 2780315.181999996304512, 806588.887099999934435 ], [ 2779911.446000002324581, 807124.061599999666214 ], [ 2779874.084100000560284, 807173.585299998521805 ], [ 2779352.207800000905991, 807317.558800000697374 ], [ 2778659.838299997150898, 807502.945900000631809 ], [ 2778675.257299996912479, 808211.754299998283386 ], [ 2778744.637599997222424, 808722.089600000530481 ], [ 2778882.290799997746944, 809553.136199999600649 ], [ 2779106.78660000115633, 810041.697799999266863 ], [ 2778938.914899997413158, 810442.386199999600649 ], [ 2778752.226199999451637, 810450.036499999463558 ], [ 2778687.363399997353554, 810481.573800001293421 ], [ 2778649.59740000218153, 810490.189399998635054 ], [ 2778613.33219999819994, 810501.965300001204014 ], [ 2778558.121399998664856, 810521.178700000047684 ], [ 2778528.405000001192093, 810528.682799998670816 ], [ 2778482.50789999961853, 810563.672800000756979 ], [ 2778459.545299999415874, 810573.155900001525879 ], [ 2778420.796099998056889, 810589.421999998390675 ], [ 2778355.97580000013113, 810627.9054000005126 ], [ 2778308.612999998033047, 810684.108899999409914 ], [ 2778266.181999996304512, 810732.481699999421835 ], [ 2778231.760399997234344, 810772.623599998652935 ], [ 2778198.722499996423721, 810827.341299999505281 ], [ 2778181.994099996984005, 810905.895500000566244 ], [ 2778162.477399997413158, 810928.420800000429153 ], [ 2778052.519400000572205, 811014.421100001782179 ], [ 2777977.1162, 811116.177700001746416 ], [ 2777145.449400000274181, 811214.370099999010563 ], [ 2776536.681800000369549, 811286.245400000363588 ], [ 2776217.890100002288818, 811504.232999999076128 ], [ 2777377.900399997830391, 813089.577599998563528 ], [ 2777275.092799998819828, 813237.144400000572205 ], [ 2777360.898999996483326, 813246.886900000274181 ], [ 2777386.449299998581409, 813249.787500001490116 ], [ 2777406.684399999678135, 813260.421300001442432 ], [ 2777435.503100000321865, 813279.989100001752377 ], [ 2777496.060699999332428, 813319.185300000011921 ], [ 2777543.921899996697903, 813336.223200000822544 ], [ 2777592.334600001573563, 813338.434399999678135 ], [ 2777615.336599998176098, 813428.336100000888109 ], [ 2777615.347099997103214, 813428.376600001007318 ], [ 2777615.432300001382828, 813428.709499999880791 ], [ 2777569.075900003314018, 813459.119100000709295 ], [ 2777569.0713, 813459.122099999338388 ], [ 2777438.429999999701977, 813544.82209999859333 ], [ 2777375.521499998867512, 813693.205699998885393 ], [ 2777744.772699996829033, 813637.67960000038147 ], [ 2777075.171499997377396, 814196.948300000280142 ], [ 2777062.597599998116493, 814342.33500000089407 ], [ 2777030.72919999808073, 814710.775699999183416 ], [ 2779367.26349999755621, 817394.375700000673532 ], [ 2779409.059299997985363, 817481.347800001502037 ], [ 2779473.237700000405312, 817597.865600001066923 ], [ 2779522.089000001549721, 817720.490899998694658 ], [ 2779560.209200002253056, 817879.757800001651049 ], [ 2779568.898900002241135, 817944.282499998807907 ], [ 2779585.219200000166893, 818065.472100000828505 ], [ 2779578.13120000064373, 818193.563499998301268 ], [ 2779587.582500003278255, 818228.577599998563528 ], [ 2779600.238799996674061, 818263.865600001066923 ], [ 2779628.238300003111362, 818304.755100000649691 ], [ 2779626.798500001430511, 818374.91160000115633 ], [ 2779630.2434, 818413.365600001066923 ], [ 2779680.523699998855591, 818446.052799999713898 ], [ 2779713.813199996948242, 818548.6875 ], [ 2779727.141699999570847, 818564.04450000077486 ], [ 2779775.685699999332428, 818619.971700001507998 ], [ 2779799.46169999986887, 818691.873799998313189 ], [ 2779832.327799998223782, 818763.983800001442432 ], [ 2779845.353399999439716, 818815.226500000804663 ], [ 2779854.371399998664856, 818841.490800000727177 ], [ 2779873.041299998760223, 818868.474700000137091 ], [ 2779877.195699997246265, 818912.059099998325109 ], [ 2779900.018799997866154, 818963.951299998909235 ], [ 2779920.771200001239777, 819017.918200001120567 ], [ 2779856.09910000115633, 819063.295099999755621 ], [ 2779863.950099997222424, 819109.159600000828505 ], [ 2779899.11089999973774, 819196.015799999237061 ], [ 2779888.712899997830391, 819282.997000001370907 ], [ 2779870.78490000218153, 819314.437199998646975 ], [ 2779877.890299998223782, 819359.928700000047684 ], [ 2779881.212099999189377, 819381.195999998599291 ], [ 2779893.726300001144409, 819426.047699999064207 ], [ 2779899.984899997711182, 819452.123500000685453 ], [ 2779906.23870000243187, 819490.7179000005126 ], [ 2779895.812299996614456, 819514.710900001227856 ], [ 2779872.871699996292591, 819542.870400000363588 ], [ 2779849.490299999713898, 819585.588100001215935 ], [ 2779858.830899998545647, 819617.449099998921156 ], [ 2779862.186099998652935, 819657.73930000141263 ], [ 2779868.903099998831749, 819699.148499999195337 ], [ 2779848.757799997925758, 819778.606899999082088 ], [ 2779863.303800001740456, 819842.398499999195337 ], [ 2779882.323299996554852, 819888.280699998140335 ], [ 2779928.2051, 819918.499600000679493 ], [ 2779962.888099998235703, 819949.83669999986887 ], [ 2779965.884999997913837, 819994.830899998545647 ], [ 2779990.495099999010563, 820005.259100001305342 ], [ 2780064.504299998283386, 819972.262299999594688 ], [ 2780100.319300003349781, 819956.29450000077486 ], [ 2780155.549900002777576, 820059.051899999380112 ], [ 2780168.80629999935627, 820104.356699999421835 ], [ 2780187.587300002574921, 820133.08049999922514 ], [ 2780210.787699997425079, 820164.01630000025034 ], [ 2780236.1897, 820185.012899998575449 ], [ 2780237.248700000345707, 820218.680100001394749 ], [ 2780274.388899996876717, 820262.523899998515844 ], [ 2780328.082099996507168, 820364.992499999701977 ], [ 2780366.843500003218651, 820433.894900001585484 ], [ 2780416.088100001215935, 820477.3277000002563 ], [ 2780463.642499998211861, 820496.044300001114607 ], [ 2780527.160899996757507, 820515.089099999517202 ], [ 2780545.786300003528595, 820510.952199999243021 ], [ 2780597.034599997103214, 820499.56980000063777 ], [ 2780681.76070000231266, 820466.948699999600649 ], [ 2780715.191500000655651, 820441.496100001037121 ], [ 2780746.456900000572205, 820417.691399998962879 ], [ 2780750.216700002551079, 820414.830400001257658 ], [ 2780850.542900003492832, 820407.111699998378754 ], [ 2780890.66889999806881, 820431.812600001692772 ], [ 2780913.404700003564358, 820448.771600000560284 ], [ 2780956.10869999974966, 820467.407900001853704 ], [ 2780917.996399998664856, 820501.899300001561642 ], [ 2780682.717500001192093, 820714.829799998551607 ], [ 2780797.275399997830391, 821067.414500001817942 ], [ 2780817.354299999773502, 821075.848700001835823 ], [ 2780861.138099998235703, 821094.24040000140667 ], [ 2780945.376599997282028, 821129.625100001692772 ], [ 2780946.579099997878075, 821144.778299998492002 ], [ 2780951.207299999892712, 821203.088300000876188 ], [ 2780995.61370000243187, 821304.233199998736382 ], [ 2781072.569200001657009, 821369.374600000679493 ], [ 2781227.593800000846386, 821326.109299998730421 ], [ 2781315.021799996495247, 821477.033500000834465 ], [ 2781361.32209999859333, 821605.108500000089407 ], [ 2781386.169100001454353, 821705.852600000798702 ], [ 2781459.292999997735023, 821833.922200001776218 ], [ 2781583.413500003516674, 821833.992199998348951 ], [ 2781668.1338, 821834.039900001138449 ], [ 2781708.737999998033047, 821834.062800001353025 ], [ 2781804.494800001382828, 821920.554200001060963 ], [ 2781812.196000002324581, 821927.510200001299381 ], [ 2781855.673900000751019, 821966.780099999159575 ], [ 2781931.3191, 821966.955699998885393 ], [ 2782014.495300002396107, 821967.148699998855591 ], [ 2782181.824299998581409, 822195.3733000010252 ], [ 2782274.866700001060963, 822496.962000001221895 ], [ 2782280.889399997889996, 822516.484000001102686 ], [ 2782292.597300000488758, 822554.434000000357628 ], [ 2782366.4391999989748, 822607.46510000154376 ], [ 2782367.921300001442432, 822608.529500000178814 ], [ 2782369.09910000115633, 822609.375399999320507 ], [ 2782449.917499996721745, 822667.416400000452995 ], [ 2782450.517200000584126, 822667.212200000882149 ], [ 2782591.80460000038147, 822619.105099998414516 ], [ 2782615.329499997198582, 822611.095100000500679 ], [ 2782622.777699999511242, 822608.559000000357628 ], [ 2782634.09910000115633, 822604.704100001603365 ], [ 2782645.55179999768734, 822600.804699998348951 ], [ 2782653.083499997854233, 822598.240299999713898 ], [ 2782658.787399999797344, 822596.298200000077486 ], [ 2782661.659500002861023, 822595.320300001651049 ], [ 2782664.657499998807907, 822594.299600001424551 ], [ 2782679.1985, 822589.348700001835823 ], [ 2782655.088899999856949, 822532.979499999433756 ], [ 2782653.287500001490116, 822528.767499998211861 ], [ 2782650.933499999344349, 822523.263900000602007 ], [ 2782624.905500002205372, 822462.40989999845624 ], [ 2782616.033900000154972, 822441.668600000441074 ], [ 2782657.696400001645088, 822350.535100001841784 ], [ 2782680.881399996578693, 822230.736099999397993 ], [ 2782692.891800001263618, 822140.984200000762939 ], [ 2782705.889799997210503, 822054.325599998235703 ], [ 2782722.602899998426437, 822022.623799998313189 ], [ 2782726.466399997472763, 822003.504399999976158 ], [ 2782729.586300000548363, 821943.177000001072884 ], [ 2782736.868100002408028, 821876.609600000083447 ], [ 2782726.465499997138977, 821819.40260000154376 ], [ 2782702.648299999535084, 821774.657999999821186 ], [ 2782771.98759999871254, 821705.142799999564886 ], [ 2782774.195100001990795, 821702.92960000038147 ], [ 2782789.590599998831749, 821687.495400000363588 ], [ 2782789.648299999535084, 821687.437699999660254 ], [ 2782789.668600000441074, 821687.417300000786781 ], [ 2782789.694600000977516, 821687.391100000590086 ], [ 2782789.714100003242493, 821687.371599998325109 ], [ 2782789.759499996900558, 821687.326200000941753 ], [ 2782789.836099997162819, 821687.249400001019239 ], [ 2782868.028300002217293, 821608.860300000756979 ], [ 2782938.853699997067451, 821537.856699999421835 ], [ 2782968.955399997532368, 821625.252399999648333 ], [ 2782978.252599999308586, 821646.653400000184774 ], [ 2782996.906199999153614, 821689.594399999827147 ], [ 2782998.328500002622604, 821691.351700000464916 ], [ 2783014.31530000269413, 821711.103999998420477 ], [ 2783023.898699998855591, 821722.945599999278784 ], [ 2783024.751299999654293, 821723.999000001698732 ], [ 2783050.582800000905991, 821739.754200000315905 ], [ 2783096.961999997496605, 821750.459499999880791 ], [ 2783152.19030000269413, 821740.059500001370907 ], [ 2783193.217000000178814, 821732.333000000566244 ], [ 2783217.048100002110004, 821728.752599999308586 ], [ 2783218.604800000786781, 821728.5185999982059 ], [ 2783226.711900003254414, 821727.300900001078844 ], [ 2783271.074600003659725, 821720.636300001293421 ], [ 2783271.642300002276897, 821720.550999999046326 ], [ 2783276.778200000524521, 821719.779399998486042 ], [ 2783295.127499997615814, 821717.021999999880791 ], [ 2783323.237000003457069, 821750.704700000584126 ], [ 2783347.500600002706051, 821774.074999999254942 ], [ 2783360.9824, 821788.457400001585484 ], [ 2783378.951200000941753, 821805.532200001180172 ], [ 2783412.714500002563, 821812.75899999961257 ], [ 2783444.643500000238419, 821826.902199998497963 ], [ 2783444.772799998521805, 821826.959499999880791 ], [ 2783444.829599998891354, 821826.984600000083447 ], [ 2783444.902000002563, 821827.016699999570847 ], [ 2783450.970600001513958, 821829.703200001269579 ], [ 2783469.932599999010563, 821838.102400001138449 ], [ 2783470.740199998021126, 821838.460099998861551 ], [ 2783483.892899997532368, 821871.160799998790026 ], [ 2783494.944700002670288, 821898.6418999992311 ], [ 2783518.144199997186661, 821956.328299999237061 ], [ 2783535.777699999511242, 822035.111200001090765 ], [ 2783543.70719999819994, 822046.818799998611212 ], [ 2783567.536399997770786, 822082.004099998623133 ], [ 2783599.293600000441074, 822118.310699999332428 ], [ 2783631.319499999284744, 822157.577899999916553 ], [ 2783637.6184, 822165.2989999987185 ], [ 2783656.314300000667572, 822188.220199998468161 ], [ 2783679.576200000941753, 822201.153599999845028 ], [ 2783699.027699999511242, 822211.965999998152256 ], [ 2783748.004100002348423, 822212.42960000038147 ], [ 2783751.337499998509884, 822251.561299998313189 ], [ 2783758.002999998629093, 822271.541700001806021 ], [ 2783788.842699997127056, 822304.843899998813868 ], [ 2783803.64190000295639, 822382.98369999974966 ], [ 2783854.796999998390675, 822382.395899999886751 ], [ 2783865.229500003159046, 822382.278000000864267 ], [ 2783889.194200001657009, 822382.001499999314547 ], [ 2783897.808499999344349, 822381.902699999511242 ], [ 2783912.400399997830391, 822403.510099999606609 ], [ 2783944.0304000005126, 822401.406500000506639 ], [ 2783970.704499997198582, 822399.634799998253584 ], [ 2783978.020599998533726, 822399.148800000548363 ], [ 2783996.663199998438358, 822397.911499999463558 ], [ 2784009.719700001180172, 822397.044399999082088 ], [ 2784046.757399998605251, 822443.287300001829863 ], [ 2784064.701499998569489, 822465.691300000995398 ], [ 2784070.317699998617172, 822472.705299999564886 ], [ 2784090.917099997401237, 822525.941599998623133 ], [ 2784094.712999999523163, 822535.748500000685453 ], [ 2784108.731499999761581, 822571.975600000470877 ], [ 2784188.5591000020504, 822553.607999999076128 ], [ 2784242.446900002658367, 822547.057399999350309 ], [ 2784260.578699998557568, 822547.058299999684095 ], [ 2784269.821699999272823, 822547.392200000584126 ], [ 2784315.659500002861023, 822549.05689999833703 ], [ 2784312.836499996483326, 822638.142099998891354 ], [ 2784316.143899999558926, 822680.663699999451637 ], [ 2784377.873700000345707, 822722.467500001192093 ], [ 2784371.974899999797344, 822818.389899998903275 ], [ 2784378.595299996435642, 822838.587000001221895 ], [ 2784399.238300003111362, 822845.659299999475479 ], [ 2784416.470299996435642, 822872.309500001370907 ], [ 2784427.043700002133846, 822909.875900000333786 ], [ 2784438.222900003194809, 822918.109299998730421 ], [ 2784462.176100000739098, 822921.937699999660254 ], [ 2784506.412500001490116, 822909.136700000613928 ], [ 2784509.972699999809265, 822943.426100000739098 ], [ 2784558.5735, 822995.388099998235703 ], [ 2784567.331500001251698, 823015.408900000154972 ], [ 2784567.777900002896786, 823016.429299999028444 ], [ 2784582.76969999819994, 823050.700100000947714 ], [ 2784605.504699997603893, 823102.6722999997437 ], [ 2784622.824299998581409, 823104.249099999666214 ], [ 2784708.347099997103214, 823112.026900000870228 ], [ 2784716.11710000038147, 823112.732700001448393 ], [ 2784845.229900002479553, 823177.786499999463558 ], [ 2784880.649899996817112, 823195.632100000977516 ], [ 2784881.079899996519089, 823195.848900001496077 ], [ 2784896.456900000572205, 823203.598000001162291 ], [ 2784896.459899999201298, 823203.600699998438358 ], [ 2784933.175499998033047, 823245.844300001859665 ], [ 2784949.056900002062321, 823264.116999998688698 ], [ 2784990.171099998056889, 823311.422899998724461 ], [ 2785032.029700003564358, 823346.47749999910593 ], [ 2785056.932899996638298, 823367.335499998182058 ], [ 2785307.601899996399879, 823577.267400000244379 ], [ 2785305.660099998116493, 823534.163699999451637 ], [ 2785311.033600002527237, 823538.717099998146296 ], [ 2785346.6908999979496, 823568.932900000363588 ], [ 2785524.657700002193451, 823719.742300000041723 ], [ 2785551.488099999725819, 823742.478500001132488 ], [ 2785559.679700002074242, 823765.069699998944998 ], [ 2785599.569899998605251, 823804.128100000321865 ], [ 2785620.219300001859665, 823888.997299998998642 ], [ 2785622.713699996471405, 823910.869500000029802 ], [ 2785628.903099998831749, 823963.092500001192093 ], [ 2785641.804099999368191, 824002.886100001633167 ], [ 2785677.125299997627735, 824036.509899999946356 ], [ 2785739.356899999082088, 824044.07490000128746 ], [ 2785822.371299996972084, 824067.152499999850988 ], [ 2785835.757299996912479, 824070.541299998760223 ], [ 2785900.285499997437, 824086.8766999989748 ], [ 2785906.286899998784065, 824088.396299999207258 ], [ 2785907.531499996781349, 824088.711300000548363 ], [ 2785954.568300001323223, 824106.724300000816584 ], [ 2785975.465700000524521, 824120.063099998980761 ], [ 2785978.236100003123283, 824147.490499999374151 ], [ 2785972.401500001549721, 824164.566300000995398 ], [ 2785969.005699999630451, 824188.700100000947714 ], [ 2785983.0515, 824228.232099998742342 ], [ 2786006.16889999806881, 824250.799499999731779 ], [ 2786033.048100002110004, 824264.232500001788139 ], [ 2786077.668300002813339, 824293.248500000685453 ], [ 2786103.471500001847744, 824315.814300000667572 ], [ 2786118.807899996638298, 824350.796900000423193 ], [ 2786139.877300001680851, 824346.164700001478195 ], [ 2786176.301100000739098, 824348.134300000965595 ], [ 2786202.905100002884865, 824339.348900001496077 ], [ 2786230.148500002920628, 824311.17790000140667 ], [ 2786345.417900003492832, 824387.026299998164177 ], [ 2786343.330700002610683, 824437.45890000090003 ], [ 2786436.5996999964118, 824439.18189999833703 ], [ 2786436.273500002920628, 824497.948300000280142 ], [ 2786445.3462999984622, 824497.063499998301268 ], [ 2786456.065700002014637, 824498.235300000756979 ], [ 2786468.723499998450279, 824501.50730000063777 ], [ 2786478.601300001144409, 824506.890700001269579 ], [ 2786486.365299999713898, 824514.223900001496077 ], [ 2786491.292499996721745, 824522.969099998474121 ], [ 2786494.253899998962879, 824529.702899999916553 ], [ 2786497.057700000703335, 824536.11769999936223 ], [ 2786497.436499997973442, 824538.396099999547005 ], [ 2786497.885899998247623, 824549.411299999803305 ], [ 2786785.901100002229214, 824754.31529999896884 ], [ 2786784.843500003218651, 824806.462699998170137 ], [ 2786799.222599998116493, 824831.611900001764297 ], [ 2786800.77929999679327, 824867.375900000333786 ], [ 2786818.496500000357628, 824870.775299999862909 ], [ 2786824.030900001525879, 824898.343100000172853 ], [ 2786829.666299998760223, 824911.339699998497963 ], [ 2786813.838600002229214, 824960.607700001448393 ], [ 2786808.036700002849102, 825005.593800000846386 ], [ 2786808.053099997341633, 825032.453899998217821 ], [ 2786815.729099996387959, 825070.909299999475479 ], [ 2786822.807700000703335, 825091.750900000333786 ], [ 2786831.224899999797344, 825125.052700001746416 ], [ 2786838.687899999320507, 825159.200100000947714 ], [ 2786862.215700000524521, 825193.976700000464916 ], [ 2786909.354299999773502, 825227.203899998217821 ], [ 2786969.764899998903275, 825260.264400001615286 ], [ 2787009.661300003528595, 825304.290699999779463 ], [ 2787031.588699996471405, 825332.667899999767542 ], [ 2787051.207900002598763, 825363.687300000339746 ], [ 2787034.694700002670288, 825396.739500001072884 ], [ 2787052.404100000858307, 825476.488299999386072 ], [ 2787061.339100003242493, 825564.131700001657009 ], [ 2787072.4353, 825616.47690000012517 ], [ 2787087.102899998426437, 825651.150699999183416 ], [ 2787143.106899999082088, 825729.834300000220537 ], [ 2787168.677100002765656, 825739.124099999666214 ], [ 2787188.196699999272823, 825740.030499998480082 ], [ 2787185.919299997389317, 825721.364100001752377 ], [ 2787186.166500002145767, 825702.519499998539686 ], [ 2787180.906800001859665, 825677.706300001591444 ], [ 2787157.848700001835823, 825641.899500001221895 ], [ 2787134.861299999058247, 825544.902699999511242 ], [ 2787132.992499999701977, 825500.095100000500679 ], [ 2787136.969499997794628, 825482.746100001037121 ], [ 2787145.479299999773502, 825472.025699999183416 ], [ 2787147.890100002288818, 825467.892499998211861 ], [ 2787186.0658999979496, 825402.447299998253584 ], [ 2787197.914499998092651, 825382.135899998247623 ], [ 2787198.662500001490116, 825380.85359999909997 ], [ 2787199.798900000751019, 825378.970899999141693 ], [ 2787203.113099999725819, 825373.48030000180006 ], [ 2787222.977899998426437, 825340.571100000292063 ], [ 2787229.790500000119209, 825329.28489999845624 ] ] ] ] } },
{ "type": "Feature", "properties": { "CVEGEO": "09005", "CVE_ENT": "09", "CVE_MUN": "005", "NOMGEO": "Gustavo A. Madero", "ENTIDAD FEDERATIVA": "Ciudad de México", "CLAVE DEL MUNICIPIO": 9005, "POBLACIÓN 2020": 1130265, "POBLACIÓN EN SITUACIÓN DE POBREZA 2020": 381752, "POBLACIÓN EN SITUACIÓN DE POBREZA EXTREMA 2020": 41672, "GRADO DE REZAGO": "Muy bajo", "autoad.indig": 109430.3992672, "% autoad.indig": 9.617245, "OCURRENCIAS_DONANTE": 0, "MONTOASIGNADO_TOTAL": 0 }, "geometry": { "type": "MultiPolygon", "coordinates": [ [ [ [ 2802175.660499997437, 843326.717999998480082 ], [ 2801806.564499996602535, 842888.556499999016523 ], [ 2801718.096100002527237, 842783.538499999791384 ], [ 2801723.611699998378754, 842683.803899999707937 ], [ 2801734.075499996542931, 842494.589899998158216 ], [ 2801439.183700002729893, 842283.969500001519918 ], [ 2801246.154500000178814, 842030.4037000015378 ], [ 2801239.74889999628067, 842021.989900000393391 ], [ 2801178.636699996888638, 841941.710499998182058 ], [ 2801160.577100001275539, 841893.262099999934435 ], [ 2801151.432099997997284, 841868.723900001496077 ], [ 2801136.21509999781847, 841827.901500001549721 ], [ 2801119.258500002324581, 841782.4070999994874 ], [ 2801108.024099998176098, 841752.267900001257658 ], [ 2801094.550700001418591, 841716.118900001049042 ], [ 2801085.000500001013279, 841690.495099999010563 ], [ 2801067.455700002610683, 841653.591099999845028 ], [ 2801059.116099998354912, 841636.0439000017941 ], [ 2801026.066500000655651, 841566.52309999987483 ], [ 2801018.863300003111362, 841551.370900001376867 ], [ 2801009.27250000089407, 841531.194899998605251 ], [ 2800958.623199999332428, 841478.003100000321865 ], [ 2800944.335900001227856, 841462.998599998652935 ], [ 2800929.9221, 841447.861299999058247 ], [ 2800859.854099996387959, 841374.276900000870228 ], [ 2800857.496899999678135, 841371.801100000739098 ], [ 2800813.967500001192093, 841304.115800000727177 ], [ 2800808.887299999594688, 841296.214299999177456 ], [ 2800748.480800002813339, 841202.285000000149012 ], [ 2800739.6963, 841188.628899998962879 ], [ 2800711.388700000941753, 841150.235500000417233 ], [ 2800707.310599997639656, 841144.701900001615286 ], [ 2800677.847599998116493, 841104.741099998354912 ], [ 2800647.798699997365475, 841070.454500000923872 ], [ 2800529.216300003230572, 840935.151000000536442 ], [ 2800456.386500000953674, 840852.049600001424551 ], [ 2800277.145099997520447, 840583.806099999696016 ], [ 2800239.875299997627735, 840528.030900001525879 ], [ 2800209.668099999427795, 840482.824700001627207 ], [ 2800547.371500000357628, 840378.387699998915195 ], [ 2800553.755300000309944, 840006.16330000013113 ], [ 2800491.266699999570847, 839441.808899998664856 ], [ 2800482.347900003194809, 839361.261300001293421 ], [ 2800491.807899996638298, 839296.527899999171495 ], [ 2800504.063500002026558, 839212.657900001853704 ], [ 2800526.212099999189377, 839194.55350000038743 ], [ 2800532.953900001943111, 839189.043499998748302 ], [ 2800545.42849999666214, 839181.501800000667572 ], [ 2800557.904700003564358, 839173.959100000560284 ], [ 2800569.975500002503395, 839162.8125 ], [ 2800573.649700000882149, 839156.770700000226498 ], [ 2800579.328299999237061, 839145.766499999910593 ], [ 2800585.24210000038147, 839134.30460000038147 ], [ 2800601.969300001859665, 839101.896099999547005 ], [ 2800604.89190000295639, 839096.230099998414516 ], [ 2800641.474299997091293, 839025.3429000005126 ], [ 2800642.140699997544289, 839024.053700000047684 ], [ 2800672.713699996471405, 838964.808800000697374 ], [ 2800675.535099998116493, 838959.343899998813868 ], [ 2800702.555299997329712, 838906.985399998724461 ], [ 2800702.687600001692772, 838906.728700000792742 ], [ 2800702.819899998605251, 838906.471900001168251 ], [ 2800728.888700000941753, 838855.957100000232458 ], [ 2800731.748099997639656, 838850.416299998760223 ], [ 2800748.988899998366833, 838830.538100000470877 ], [ 2800785.9087999984622, 838787.974300000816584 ], [ 2800798.400499999523163, 838773.572999998927116 ], [ 2800821.210100002586842, 838750.7511 ], [ 2800822.193199999630451, 838749.767499998211861 ], [ 2800852.372699998319149, 838719.573699999600649 ], [ 2800895.792999997735023, 838676.13230000063777 ], [ 2800898.214500002563, 838673.710499998182058 ], [ 2800908.289499998092651, 838663.631299998611212 ], [ 2800914.224600002169609, 838657.69310000166297 ], [ 2800934.077100001275539, 838637.830299999564886 ], [ 2800946.643100000917912, 838625.257599998265505 ], [ 2801253.584499999880791, 838318.16950000077486 ], [ 2801257.079499997198582, 838315.55629999935627 ], [ 2801258.119300000369549, 838314.7787000015378 ], [ 2801268.624899998307228, 838306.922899998724461 ], [ 2801654.54730000346899, 838018.357900001108646 ], [ 2801692.7544, 837989.789299998432398 ], [ 2801792.890500001609325, 837971.368299998342991 ], [ 2801956.518100000917912, 837754.88569999858737 ], [ 2802355.719700001180172, 837775.322700001299381 ], [ 2802356.08669999986887, 837775.188499998301268 ], [ 2802358.829300001263618, 837774.186500001698732 ], [ 2802389.326700001955032, 837763.047699999064207 ], [ 2802393.409699998795986, 837761.55629999935627 ], [ 2802419.68129999935627, 837715.426300000399351 ], [ 2802429.651299998164177, 837697.920099999755621 ], [ 2802478.609700001776218, 837682.737399999052286 ], [ 2802499.528399996459484, 837712.897300001233816 ], [ 2802507.819899998605251, 837730.84569999948144 ], [ 2802524.8574, 837771.800400000065565 ], [ 2802536.284299999475479, 837752.229699999094009 ], [ 2802547.712300002574921, 837732.654500000178814 ], [ 2802550.1206, 837727.99379999935627 ], [ 2802558.093699999153614, 837712.566899999976158 ], [ 2802560.601000003516674, 837704.183800000697374 ], [ 2802645.105899997055531, 837702.709899999201298 ], [ 2802658.740900002419949, 837746.328299999237061 ], [ 2802660.633100003004074, 837752.000700000673532 ], [ 2802665.096500001847744, 837765.377900000661612 ], [ 2802678.781300000846386, 837728.475699998438358 ], [ 2802684.515299998223782, 837697.337499998509884 ], [ 2802686.920500002801418, 837684.269799999892712 ], [ 2802693.160499997437, 837655.238099999725819 ], [ 2802695.682800002396107, 837645.441300000995398 ], [ 2802702.73870000243187, 837618.047600001096725 ], [ 2802723.909299999475479, 837660.301500000059605 ], [ 2802729.045100003480911, 837673.043299999088049 ], [ 2802732.134999997913837, 837675.892700001597404 ], [ 2802740.285899996757507, 837683.409099999815226 ], [ 2802760.138300001621246, 837703.105200000107288 ], [ 2802776.667900003492832, 837701.355700001120567 ], [ 2802789.350199997425079, 837692.502099998295307 ], [ 2802789.847499996423721, 837692.154899999499321 ], [ 2802792.810500003397465, 837690.086500000208616 ], [ 2802814.500299997627735, 837681.910700000822544 ], [ 2802825.313299998641014, 837672.395899999886751 ], [ 2802835.733599998056889, 837654.745600000023842 ], [ 2802845.916400000452995, 837643.165100000798702 ], [ 2802888.444700002670288, 837692.789099998772144 ], [ 2802961.636799998581409, 837730.101599998772144 ], [ 2803005.370099999010563, 837752.395300000905991 ], [ 2803024.456600002944469, 837762.124899998307228 ], [ 2803059.975400000810623, 837780.232599999755621 ], [ 2803104.46000000089407, 837802.910399999469519 ], [ 2803167.223800003528595, 837817.318799998611212 ], [ 2803178.08219999819994, 837819.811099998652935 ], [ 2803210.304300002753735, 837827.208999998867512 ], [ 2803218.371100001037121, 837829.059900000691414 ], [ 2803219.694799996912479, 837829.363600000739098 ], [ 2803232.468099996447563, 837832.296100001782179 ], [ 2803236.292900003492832, 837833.1739999987185 ], [ 2803316.54110000282526, 837851.596700001507998 ], [ 2803348.974600002169609, 837859.041200000792742 ], [ 2803360.678999997675419, 837861.728399999439716 ], [ 2803400.585799999535084, 837870.889299999922514 ], [ 2803407.656999997794628, 837872.874600000679493 ], [ 2803485.841600000858307, 837894.828699998557568 ], [ 2803514.847499996423721, 837902.97239999845624 ], [ 2803520.886200003325939, 837904.666499998420477 ], [ 2803545.071099996566772, 837911.458799999207258 ], [ 2803577.48759999871254, 837920.5614 ], [ 2803605.207999996840954, 837928.343699999153614 ], [ 2803633.09179999679327, 837936.172400001436472 ], [ 2803641.696000002324581, 837938.589600000530481 ], [ 2803684.881399996578693, 837950.715300001204014 ], [ 2803732.490099996328354, 837964.083000000566244 ], [ 2803757.622000001370907, 837952.7804000005126 ], [ 2803900.322899997234344, 837888.599700000137091 ], [ 2803921.215999998152256, 837879.205099999904633 ], [ 2803983.660999998450279, 837851.121399998664856 ], [ 2803996.988799996674061, 837845.125799998641014 ], [ 2804037.756999999284744, 837826.791900001466274 ], [ 2804178.313799999654293, 837763.578200001269579 ], [ 2804208.07320000231266, 837750.194299999624491 ], [ 2804314.07599999755621, 837702.522599998861551 ], [ 2804420.322400003671646, 837654.739500001072884 ], [ 2804424.355599999427795, 837652.925599999725819 ], [ 2804434.924099996685982, 837648.172499999403954 ], [ 2804442.829199999570847, 837644.617199998348951 ], [ 2804451.031800001859665, 837640.928100001066923 ], [ 2804455.193000003695488, 837639.056600000709295 ], [ 2804458.489699997007847, 837637.574400000274181 ], [ 2804460.001599997282028, 837636.894600000232458 ], [ 2804471.789399996399879, 837631.610199999064207 ], [ 2804473.393399998545647, 837630.891100000590086 ], [ 2804473.397600002586842, 837630.889199998229742 ], [ 2804476.760799996554852, 837629.357500001788139 ], [ 2804476.779200002551079, 837629.349199999123812 ], [ 2804476.854800000786781, 837629.315200001001358 ], [ 2804487.053000003099442, 837624.727899998426437 ], [ 2804496.1096, 837621.638000000268221 ], [ 2804501.950900003314018, 837619.644999999552965 ], [ 2804518.211000002920628, 837614.09739999845624 ], [ 2804567.545800000429153, 837597.263300001621246 ], [ 2804583.283500000834465, 837591.893399998545647 ], [ 2804625.5, 837574.525400001555681 ], [ 2804659.593800000846386, 837560.497600000351667 ], [ 2804693.688500002026558, 837546.469399999827147 ], [ 2804743.663599997758865, 837525.910100001841784 ], [ 2804771.738099999725819, 837514.359700001776218 ], [ 2804791.425300002098083, 837506.259700000286102 ], [ 2804802.174099996685982, 837501.836300000548363 ], [ 2804838.940200001001358, 837486.709399998188019 ], [ 2804885.511600002646446, 837467.54839999973774 ], [ 2804965.524499997496605, 837434.629599999636412 ], [ 2804999.117899999022484, 837420.808499999344349 ], [ 2805034.318800002336502, 837405.362199999392033 ], [ 2805052.388700000941753, 837397.433800000697374 ], [ 2805081.56530000269413, 837384.630300000309944 ], [ 2805131.826200000941753, 837362.576799999922514 ], [ 2805177.484499998390675, 837342.541499998420477 ], [ 2805226.5608000010252, 837321.005100000649691 ], [ 2805274.204999998211861, 837300.098700001835823 ], [ 2805274.615800000727177, 837299.920499999076128 ], [ 2805323.145199999213219, 837278.624899998307228 ], [ 2805370.463299997150898, 837257.861200001090765 ], [ 2805382.523900002241135, 837252.570700000971556 ], [ 2805416.794100001454353, 837237.531199999153614 ], [ 2805463.217799998819828, 837217.161299999803305 ], [ 2805510.220600001513958, 837196.536200001835823 ], [ 2805560.727899998426437, 837174.373199999332428 ], [ 2805565.444799996912479, 837172.304499998688698 ], [ 2805608.966600000858307, 837153.2060999982059 ], [ 2805652.748000003397465, 837134.577899999916553 ], [ 2805691.056699998676777, 837118.275600001215935 ], [ 2805791.765100002288818, 837075.424899999052286 ], [ 2805817.725000001490116, 837063.354200001806021 ], [ 2805836.545199997723103, 837054.604200001806021 ], [ 2805863.969800002872944, 837041.855900000780821 ], [ 2805945.856600001454353, 837010.7939000017941 ], [ 2805987.0929000005126, 836995.15260000154376 ], [ 2805992.433200001716614, 836993.112199999392033 ], [ 2806025.083400003612041, 836980.627500001341105 ], [ 2806073.686300002038479, 836962.046799998730421 ], [ 2806108.025700002908707, 836948.915600001811981 ], [ 2806121.815700002014637, 836943.644400000572205 ], [ 2806173.818099997937679, 836923.7635000012815 ], [ 2806188.564000003039837, 836918.125399999320507 ], [ 2806200.853799998760223, 836913.427499998360872 ], [ 2806255.40429999679327, 836892.571100000292063 ], [ 2806273.959899999201298, 836885.476500000804663 ], [ 2806285.195799998939037, 836881.181000001728535 ], [ 2806310.542599998414516, 836871.489700000733137 ], [ 2806327.377499997615814, 836865.054299999028444 ], [ 2806378.226300001144409, 836845.613200001418591 ], [ 2806473.984499998390675, 836809.003100000321865 ], [ 2806553.131700001657009, 836778.74269999936223 ], [ 2806611.947700001299381, 836756.257100000977516 ], [ 2806658.980800002813339, 836738.274599999189377 ], [ 2806710.351099997758865, 836718.63289999961853 ], [ 2806750.473499998450279, 836703.5337999984622 ], [ 2806791.35249999910593, 836688.149000000208616 ], [ 2806826.48650000244379, 836674.926300000399351 ], [ 2806905.428199999034405, 836645.215500000864267 ], [ 2806947.267499998211861, 836629.466499999165535 ], [ 2807049.39919999986887, 836591.02760000154376 ], [ 2807120.508000001311302, 836564.266199998557568 ], [ 2807130.296599999070168, 836560.581900000572205 ], [ 2807191.69709999859333, 836537.473600000143051 ], [ 2807272.659500002861023, 836507.001299999654293 ], [ 2807238.546899996697903, 836420.747999999672174 ], [ 2807228.157899998128414, 836394.480200000107288 ], [ 2807226.947599999606609, 836391.421900000423193 ], [ 2807193.953299999237061, 836307.993200000375509 ], [ 2807188.581600002944469, 836294.411299999803305 ], [ 2807174.9199, 836259.868000000715256 ], [ 2807163.304399996995926, 836230.502900000661612 ], [ 2807147.632100000977516, 836190.873599998652935 ], [ 2807136.901399999856949, 836163.742199998348951 ], [ 2807134.288699999451637, 836157.134899999946356 ], [ 2807132.426399998366833, 836152.427299998700619 ], [ 2807114.80799999833107, 836107.8766999989748 ], [ 2807107.292199999094009, 836088.877199999988079 ], [ 2807066.389399997889996, 835985.454199999570847 ], [ 2807049.507500000298023, 835939.323600001633167 ], [ 2807049.377599999308586, 835938.968800000846386 ], [ 2807049.333999998867512, 835938.849800001829863 ], [ 2807049.329700000584126, 835938.837999999523163 ], [ 2807049.269599996507168, 835938.673599999397993 ], [ 2807049.161499999463558, 835938.378199998289347 ], [ 2807030.095299996435642, 835886.278299998492002 ], [ 2806997.102300003170967, 835796.122499998658895 ], [ 2806993.819600000977516, 835787.153599999845028 ], [ 2806990.337700001895428, 835777.63740000128746 ], [ 2806981.361100003123283, 835753.108399998396635 ], [ 2806966.098800003528595, 835711.402199998497963 ], [ 2806950.370300002396107, 835668.422600001096725 ], [ 2806936.036700002849102, 835629.25450000166893 ], [ 2806917.05009999871254, 835577.373700000345707 ], [ 2806866.349799998104572, 835438.828400000929832 ], [ 2806862.506800003349781, 835428.327899999916553 ], [ 2806869.864900000393391, 835420.566700000315905 ], [ 2806877.556800000369549, 835412.459100000560284 ], [ 2806902.663099996745586, 835353.284499999135733 ], [ 2806906.829499997198582, 835343.467700000852346 ], [ 2806914.660800002515316, 835325.012699998915195 ], [ 2806917.583200000226498, 835318.124499998986721 ], [ 2806937.01630000025034, 835272.328000001609325 ], [ 2806940.5371999964118, 835264.029100000858307 ], [ 2806958.128100000321865, 835222.574099998921156 ], [ 2806967.122100003063679, 835201.377599999308586 ], [ 2806972.433700002729893, 835188.8597999997437 ], [ 2807001.283699996769428, 835120.866500001400709 ], [ 2807002.544200003147125, 835117.895199999213219 ], [ 2807016.909400001168251, 835084.040800001472235 ], [ 2807030.451899997889996, 835052.122400000691414 ], [ 2807045.966600000858307, 835015.561599999666214 ], [ 2807048.902400001883507, 835008.641699999570847 ], [ 2807060.574000000953674, 834981.135999999940395 ], [ 2807073.100299999117851, 834951.615499999374151 ], [ 2807074.362000003457069, 834948.638700000941753 ], [ 2807088.859399996697903, 834914.476799998432398 ], [ 2807104.805600002408028, 834876.894900001585484 ], [ 2807118.206600002944469, 834845.3125 ], [ 2807140.060900002717972, 834793.807599999010563 ], [ 2807146.192199997603893, 834779.358199998736382 ], [ 2807148.706799998879433, 834773.432000000029802 ], [ 2807149.651699997484684, 834771.205899998545647 ], [ 2807174.299099996685982, 834713.118099998682737 ], [ 2807175.165899999439716, 834711.0760000012815 ], [ 2807207.297899998724461, 834635.353000000119209 ], [ 2807223.730800002813339, 834615.864199999719858 ], [ 2807238.711499996483326, 834604.4560999982059 ], [ 2807244.094099998474121, 834603.320000000298023 ], [ 2807278.916299998760223, 834595.967700000852346 ], [ 2807297.882100000977516, 834591.963500000536442 ], [ 2807324.076800003647804, 834586.433600001037121 ], [ 2807324.148599997162819, 834586.418299999088049 ], [ 2807324.212399996817112, 834586.404800001531839 ], [ 2807324.262999996542931, 834586.394000001251698 ], [ 2807369.97919999808073, 834576.741700001060963 ], [ 2807373.413900002837181, 834576.016499999910593 ], [ 2807341.545299999415874, 834432.067200001329184 ], [ 2807406.070000000298023, 834416.802299998700619 ], [ 2807370.714199997484684, 834282.500199999660254 ], [ 2807410.737000003457069, 834192.868299998342991 ], [ 2807450.744099996984005, 834103.270500000566244 ], [ 2807467.026100002229214, 834066.803700000047684 ], [ 2807467.70549999922514, 834065.2820999994874 ], [ 2807538.616400003433228, 833906.470100000500679 ], [ 2807581.362800002098083, 833807.416999999433756 ], [ 2807584.652699999511242, 833799.79450000077486 ], [ 2807645.417099997401237, 833658.983899999409914 ], [ 2807651.896899998188019, 833643.969700001180172 ], [ 2807696.230099998414516, 833541.236699998378754 ], [ 2807799.843500003218651, 833301.139899998903275 ], [ 2807827.318099997937679, 833240.209100000560284 ], [ 2807834.429899998009205, 833224.440000001341105 ], [ 2807836.598099999129772, 833219.63230000063777 ], [ 2807836.608300000429153, 833219.608899999409914 ], [ 2807836.648100003600121, 833219.520599998533726 ], [ 2807836.714199997484684, 833219.374000001698732 ], [ 2807836.746299996972084, 833219.302799999713898 ], [ 2807836.767099998891354, 833219.256499998271465 ], [ 2807836.830899998545647, 833219.115100000053644 ], [ 2807839.213100001215935, 833213.831700000911951 ], [ 2807887.195299997925758, 833107.425400000065565 ], [ 2807969.066299997270107, 832925.866300001740456 ], [ 2807988.295900002121925, 832885.131499998271465 ], [ 2808008.665100000798702, 832841.982900001108646 ], [ 2808048.904700003564358, 832756.73930000141263 ], [ 2808116.201499998569489, 832608.591899998486042 ], [ 2808118.785099998116493, 832602.904100000858307 ], [ 2808146.535300001502037, 832536.889899998903275 ], [ 2808171.749300003051758, 832476.905299998819828 ], [ 2808183.962300002574921, 832447.85530000180006 ], [ 2808185.462700001895428, 832444.282900001853704 ], [ 2808257.122100003063679, 832273.817099999636412 ], [ 2808284.802500002086163, 832210.893399998545647 ], [ 2808304.623099997639656, 832165.834899999201298 ], [ 2808312.239500001072884, 832148.520300000905991 ], [ 2808324.488899998366833, 832120.675500001758337 ], [ 2808325.12049999833107, 832119.236699998378754 ], [ 2808345.186200000345707, 832073.622299998998642 ], [ 2808350.429999999701977, 832061.702500000596046 ], [ 2808364.876400001347065, 832028.864500001072884 ], [ 2808366.734899997711182, 832024.638099998235703 ], [ 2808384.592000000178814, 831984.043200001120567 ], [ 2808385.884800001978874, 831981.105700001120567 ], [ 2808404.382399998605251, 831939.055599998682737 ], [ 2808405.446800000965595, 831936.636700000613928 ], [ 2808424.210299998521805, 831893.983899999409914 ], [ 2808426.263300001621246, 831889.314399998635054 ], [ 2808444.10530000180006, 831848.75560000166297 ], [ 2808445.053199999034405, 831846.60249999910593 ], [ 2808453.783699996769428, 831826.755300000309944 ], [ 2808464.481600001454353, 831802.435499999672174 ], [ 2808465.96000000089407, 831799.076799999922514 ], [ 2808469.527099996805191, 831790.967300001531839 ], [ 2808484.775600001215935, 831756.301399998366833 ], [ 2808484.901799999177456, 831756.014800000935793 ], [ 2808484.907499998807907, 831756.001800000667572 ], [ 2808485.0304000005126, 831755.722600001841784 ], [ 2808485.233800001442432, 831755.260999999940395 ], [ 2808485.244300000369549, 831755.237100001424551 ], [ 2808485.286300003528595, 831755.141699999570847 ], [ 2808505.35419999808073, 831709.522900000214577 ], [ 2808505.51129999756813, 831709.166200000792742 ], [ 2808505.613300003111362, 831708.933400001376867 ], [ 2808505.63289999961853, 831708.888599999248981 ], [ 2808505.668600000441074, 831708.807399999350309 ], [ 2808523.427500002086163, 831668.436700001358986 ], [ 2808524.267700001597404, 831666.526500001549721 ], [ 2808525.793399997055531, 831663.059500001370907 ], [ 2808527.999799996614456, 831658.044100001454353 ], [ 2808544.824799999594688, 831619.798599999397993 ], [ 2808544.843900002539158, 831619.754599999636412 ], [ 2808544.898400001227856, 831619.631400000303984 ], [ 2808544.96509999781847, 831619.480000000447035 ], [ 2808559.480499997735023, 831586.482200000435114 ], [ 2808559.742200002074242, 831585.87049999833107 ], [ 2808564.280900001525879, 831575.259899999946356 ], [ 2808564.404600001871586, 831574.971099998801947 ], [ 2808564.521700002253056, 831574.697900000959635 ], [ 2808564.523400001227856, 831574.693999998271465 ], [ 2808564.528499998152256, 831574.682100001722574 ], [ 2808583.619000002741814, 831530.065499998629093 ], [ 2808583.787399999797344, 831529.673300001770258 ], [ 2808583.796800002455711, 831529.651399999856949 ], [ 2808583.936899997293949, 831529.324599999934435 ], [ 2808601.471100002527237, 831488.343299999833107 ], [ 2808605.216600000858307, 831479.594300001859665 ], [ 2808620.613600000739098, 831443.605200000107288 ], [ 2808622.544100001454353, 831439.095499999821186 ], [ 2808636.201999999582767, 831407.178599998354912 ], [ 2808639.229299999773502, 831400.100499998778105 ], [ 2808647.774300001561642, 831380.130199998617172 ], [ 2808712.258699998259544, 831229.426699999719858 ], [ 2808715.276199996471405, 831222.372699998319149 ], [ 2808720.130599997937679, 831213.492899999022484 ], [ 2808736.62780000269413, 831183.315900001674891 ], [ 2808738.78830000013113, 831179.363800000399351 ], [ 2808742.592699997127056, 831172.380699999630451 ], [ 2808719.361599996685982, 831146.961599998176098 ], [ 2808714.971500001847744, 831142.165500000119209 ], [ 2808675.776000000536442, 831097.102000001817942 ], [ 2808631.569899998605251, 831046.466699998825788 ], [ 2808621.901600003242493, 831035.695300001651049 ], [ 2808600.413800001144409, 831010.645399998873472 ], [ 2808569.085900001227856, 830974.625300001353025 ], [ 2808492.499099999666214, 830940.872099999338388 ], [ 2808430.542400002479553, 830915.175200000405312 ], [ 2808350.76690000295639, 830881.495299998670816 ], [ 2808276.098600000143051, 830849.517900001257658 ], [ 2808263.795699998736382, 830844.249099999666214 ], [ 2808229.471100002527237, 830829.69709999859333 ], [ 2808207.427100002765656, 830820.351500000804663 ], [ 2808190.57880000025034, 830813.16440000012517 ], [ 2808103.502899996936321, 830776.019799999892712 ], [ 2808072.840499997138977, 830762.939899999648333 ], [ 2808005.808600001037121, 830735.513199999928474 ], [ 2808004.902999997138977, 830735.142499998211861 ], [ 2807942.832999996840954, 830709.744100000709295 ], [ 2807850.996899999678135, 830672.162500001490116 ], [ 2807754.457099996507168, 830632.66499999910593 ], [ 2807660.055699996650219, 830594.037999998778105 ], [ 2807568.577799998223782, 830556.607799999415874 ], [ 2807559.755800001323223, 830552.997999999672174 ], [ 2807524.138999998569489, 830565.392200000584126 ], [ 2807504.736900001764297, 830572.145100001245737 ], [ 2807438.638300001621246, 830595.147999998182058 ], [ 2807376.229299999773502, 830616.869899999350309 ], [ 2807309.830399997532368, 830639.97749999910593 ], [ 2807247.153899997472763, 830661.790500000119209 ], [ 2807038.395000003278255, 830734.443199999630451 ], [ 2807021.869099996984005, 830746.415399998426437 ], [ 2806978.351099997758865, 830730.128600001335144 ], [ 2806948.622500002384186, 830722.204900000244379 ], [ 2806935.352799996733665, 830720.793200001120567 ], [ 2806918.269299998879433, 830721.983899999409914 ], [ 2806904.491499997675419, 830723.911299999803305 ], [ 2806895.375699996948242, 830725.491300001740456 ], [ 2806827.17339999973774, 830748.834399998188019 ], [ 2806763.662699997425079, 830770.571800000965595 ], [ 2806700.636100001633167, 830792.143500000238419 ], [ 2806646.819899998605251, 830810.562699999660254 ], [ 2806272.974799998104572, 830938.515799999237061 ], [ 2806188.16330000013113, 830966.910399999469519 ], [ 2806172.368199996650219, 830971.905999999493361 ], [ 2806141.431500002741814, 830982.352600000798702 ], [ 2806011.4712999984622, 831026.237199999392033 ], [ 2805893.321699999272823, 831066.132699999958277 ], [ 2805830.752999998629093, 831064.813700001686811 ], [ 2805791.25450000166893, 831066.800999999046326 ], [ 2805765.1941, 831068.859000001102686 ], [ 2805661.021499998867512, 831097.175700001418591 ], [ 2805631.504000000655651, 831103.628899998962879 ], [ 2805601.5515, 831105.477699998766184 ], [ 2805572.942900002002716, 831088.732500001788139 ], [ 2805534.1199000030756, 831060.1570999994874 ], [ 2805495.465899996459484, 831029.331300001591444 ], [ 2805409.120899997651577, 830960.472699999809265 ], [ 2805381.952500000596046, 830938.960299998521805 ], [ 2805292.76129999756813, 830868.33729999884963 ], [ 2805258.571900002658367, 830841.259899999946356 ], [ 2805144.82150000333786, 830756.283500000834465 ], [ 2805143.893700003623962, 830755.590300001204014 ], [ 2804983.568899996578693, 830630.617499999701977 ], [ 2804954.076099999248981, 830607.626899998635054 ], [ 2804938.23030000180006, 830639.454300001263618 ], [ 2804913.328699998557568, 830677.856300000101328 ], [ 2804890.651699997484684, 830703.231699999421835 ], [ 2804870.143700003623962, 830726.180100001394749 ], [ 2804839.292300000786781, 830756.124099999666214 ], [ 2804812.624899998307228, 830782.055500000715256 ], [ 2804794.155699998140335, 830800.014899998903275 ], [ 2804771.5669, 830820.473900001496077 ], [ 2804756.62950000166893, 830834.513099998235703 ], [ 2804713.1743, 830875.354699999094009 ], [ 2804682.855499997735023, 830903.851700000464916 ], [ 2804675.97070000320673, 830910.322299998253584 ], [ 2804642.786899998784065, 830941.509899999946356 ], [ 2804604.584499999880791, 830977.416700001806021 ], [ 2804582.352899998426437, 830998.309500001370907 ], [ 2804564.090499997138977, 831015.472899999469519 ], [ 2804526.424500003457069, 831050.876299999654293 ], [ 2804512.498499996960163, 831063.964699998497963 ], [ 2804494.234099999070168, 831081.130800001323223 ], [ 2804484.016500003635883, 831090.734000001102686 ], [ 2804460.64299999922514, 831112.700899999588728 ], [ 2804444.053599998354912, 831128.295499999076128 ], [ 2804422.01519999653101, 831148.199799999594688 ], [ 2804384.046599999070168, 831182.497900001704693 ], [ 2804366.430699996650219, 831198.41950000077486 ], [ 2804340.360299997031689, 831218.303899999707937 ], [ 2804331.215300001204014, 831225.282000001519918 ], [ 2804306.313500002026558, 831238.456199999898672 ], [ 2804281.946000002324581, 831246.661400001496077 ], [ 2804252.93860000371933, 831253.468800000846386 ], [ 2804247.347499996423721, 831254.194499999284744 ], [ 2804231.019199997186661, 831256.312100000679493 ], [ 2804201.233800001442432, 831257.846799999475479 ], [ 2804169.270700000226498, 831256.261900000274181 ], [ 2804147.07769999653101, 831252.508200000971556 ], [ 2804130.207699999213219, 831248.168999999761581 ], [ 2804091.788099996745586, 831234.880899999290705 ], [ 2804080.923900000751019, 831230.271499998867512 ], [ 2804024.196900002658367, 831206.206999998539686 ], [ 2804021.17960000038147, 831204.935899998992682 ], [ 2803959.817400000989437, 831179.126200001686811 ], [ 2803915.830300003290176, 831160.634399998933077 ], [ 2803865.009800001978874, 831139.267700001597404 ], [ 2803822.981899999082088, 831121.59739999845624 ], [ 2803811.324400000274181, 831116.696199998259544 ], [ 2803762.996699996292591, 831096.379399999976158 ], [ 2803720.298900000751019, 831078.426399998366833 ], [ 2803706.356799997389317, 831072.673200000077486 ], [ 2803666.236199997365475, 831056.116500001400709 ], [ 2803631.785400003194809, 831041.89919999986887 ], [ 2803622.501199997961521, 831039.094000000506639 ], [ 2803573.547799997031689, 831029.140000000596046 ], [ 2803552.279100000858307, 831027.5 ], [ 2803542.283699996769428, 831027.293499998748302 ], [ 2803517.397799998521805, 831027.8445999994874 ], [ 2803488.115500003099442, 831031.463100001215935 ], [ 2803460.312700003385544, 831037.531300000846386 ], [ 2803457.284199997782707, 831038.254999998956919 ], [ 2803454.174800001084805, 831039.463899999856949 ], [ 2803449.146300002932549, 831041.276500001549721 ], [ 2803404.837300002574921, 831057.315400000661612 ], [ 2803395.182700000703335, 831060.806000001728535 ], [ 2803395.17960000038147, 831060.807100001722574 ], [ 2803394.430799998342991, 831061.078200001269579 ], [ 2803369.093000002205372, 831070.263199999928474 ], [ 2803333.011, 831083.289299998432398 ], [ 2803282.491999998688698, 831101.528000000864267 ], [ 2803270.223700001835823, 831105.957400001585484 ], [ 2803232.851899996399879, 831119.450100000947714 ], [ 2803190.767800003290176, 831134.703400000929832 ], [ 2803166.854400001466274, 831143.370999999344349 ], [ 2803146.130999997258186, 831150.882100000977516 ], [ 2803100.471000000834465, 831167.431200001388788 ], [ 2803033.576099999248981, 831191.676699999719858 ], [ 2803013.172499999403954, 831199.070900000631809 ], [ 2802965.292499996721745, 831216.258799999952316 ], [ 2802921.295299999415874, 831232.051500000059605 ], [ 2802899.785700000822544, 831239.773400001227856 ], [ 2802890.637500002980232, 831243.057199999690056 ], [ 2802877.467100001871586, 831247.784800000488758 ], [ 2802850.840700000524521, 831257.342700000852346 ], [ 2802832.757100000977516, 831263.83390000090003 ], [ 2802789.647299997508526, 831279.308200001716614 ], [ 2802765.486100003123283, 831287.98030000180006 ], [ 2802745.14639999717474, 831295.280000001192093 ], [ 2802694.970299996435642, 831313.401500001549721 ], [ 2802694.966300003230572, 831313.402899999171495 ], [ 2802697.421300001442432, 831323.245400000363588 ], [ 2802697.423900000751019, 831323.256000000983477 ], [ 2802699.853399999439716, 831332.996700000017881 ], [ 2802681.948100000619888, 831339.525499999523163 ], [ 2802663.068400003015995, 831346.355799999088049 ], [ 2802657.675599999725819, 831330.248700000345707 ], [ 2802603.340999998152256, 831349.500100001692772 ], [ 2802581.611900001764297, 831357.166200000792742 ], [ 2802568.831900000572205, 831361.674400001764297 ], [ 2802560.377400003373623, 831364.656700000166893 ], [ 2802531.925999999046326, 831374.692200001329184 ], [ 2802517.784100003540516, 831379.682900000363588 ], [ 2802501.681699998676777, 831385.361699998378754 ], [ 2802494.924900002777576, 831387.745299998670816 ], [ 2802469.704700000584126, 831396.642099998891354 ], [ 2802456.0154, 831401.471599999815226 ], [ 2802418.478200003504753, 831414.713700000196695 ], [ 2802402.88740000128746, 831420.212999999523163 ], [ 2802395.751999996602535, 831422.866599999368191 ], [ 2802376.104800000786781, 831431.937199998646975 ], [ 2802359.199699997901917, 831439.888300001621246 ], [ 2802350.117200002074242, 831445.059500001370907 ], [ 2802332.742200002074242, 831456.532800000160933 ], [ 2802316.529899999499321, 831468.663100000470877 ], [ 2802303.602799996733665, 831478.337099999189377 ], [ 2802268.208800002932549, 831507.014499999582767 ], [ 2802261.476800002157688, 831512.522300001233816 ], [ 2802225.585199996829033, 831541.889699999243021 ], [ 2802183.608000002801418, 831576.236999999731779 ], [ 2802175.992399998009205, 831582.467799998819828 ], [ 2802135.279899999499321, 831613.770700000226498 ], [ 2802123.427000001072884, 831623.420099999755621 ], [ 2802080.878899998962879, 831662.743900001049042 ], [ 2802046.292499996721745, 831691.601300001144409 ], [ 2802019.068899996578693, 831713.107900001108646 ], [ 2801966.705300003290176, 831754.476500000804663 ], [ 2801927.201899997889996, 831785.686099998652935 ], [ 2801907.340599998831749, 831801.375599998980761 ], [ 2801891.561200000345707, 831813.840500000864267 ], [ 2801879.929200001060963, 831823.029699999839067 ], [ 2801831.333099998533726, 831861.422100000083447 ], [ 2801813.293700002133846, 831875.672100000083447 ], [ 2801807.223399996757507, 831880.467000000178814 ], [ 2801797.475100003182888, 831887.532699998468161 ], [ 2801787.360299997031689, 831894.081000000238419 ], [ 2801774.633000001311302, 831901.244699999690056 ], [ 2801766.171899996697903, 831905.537799999117851 ], [ 2801753.995899997651577, 831910.855700001120567 ], [ 2801749.07880000025034, 831912.729600001126528 ], [ 2801730.410400003194809, 831919.412900000810623 ], [ 2801696.925800003111362, 831930.922899998724461 ], [ 2801649.904899999499321, 831947.084499999880791 ], [ 2801645.188500002026558, 831948.707499999552965 ], [ 2801595.268799997866154, 831965.209399998188019 ], [ 2801594.32769999653101, 831965.51410000026226 ], [ 2801551.281599998474121, 831979.446299999952316 ], [ 2801506.337399996817112, 831993.991900000721216 ], [ 2801459.165299996733665, 832009.260200001299381 ], [ 2801452.574000000953674, 832011.392400000244379 ], [ 2801369.072999998927116, 832038.417599998414516 ], [ 2801319.293700002133846, 832054.529199998825788 ], [ 2801294.619000002741814, 832062.515299998223782 ], [ 2801276.485299997031689, 832068.384300000965595 ], [ 2801265.22410000115633, 832073.010000001639128 ], [ 2801257.170100003480911, 832076.851199999451637 ], [ 2801250.362199999392033, 832080.039299998432398 ], [ 2801232.496399998664856, 832084.981100000441074 ], [ 2801183.9679000005126, 832100.293600000441074 ], [ 2801138.156400002539158, 832114.947700001299381 ], [ 2801094.719099998474121, 832128.700100000947714 ], [ 2801047.948299996554852, 832143.944499999284744 ], [ 2800999.473399996757507, 832159.739999998360872 ], [ 2800910.674900002777576, 832189.115899998694658 ], [ 2800811.503100000321865, 832222.523499999195337 ], [ 2800709.075599998235703, 832254.507500000298023 ], [ 2800690.806599996984005, 832261.479400001466274 ], [ 2800631.4070999994874, 832295.736699998378754 ], [ 2800593.292700000107288, 832317.717599999159575 ], [ 2800553.960299998521805, 832340.401700001209974 ], [ 2800517.051600001752377, 832361.688299998641014 ], [ 2800483.028599999845028, 832381.311700001358986 ], [ 2800385.529600001871586, 832439.554000001400709 ], [ 2800335.315499998629093, 832469.569499999284744 ], [ 2800280.979000002145767, 832502.317699998617172 ], [ 2800174.269299998879433, 832565.59739999845624 ], [ 2800128.055399999022484, 832594.005699999630451 ], [ 2800100.675300002098083, 832607.068500000983477 ], [ 2800077.865299999713898, 832616.480500001460314 ], [ 2800041.625100001692772, 832625.140500001609325 ], [ 2800025.130999997258186, 832627.27250000089407 ], [ 2799984.183300003409386, 832628.596900001168251 ], [ 2799911.717799998819828, 832630.241999998688698 ], [ 2799784.2412, 832633.282600000500679 ], [ 2799641.8378000035882, 832635.531700000166893 ], [ 2799527.120999999344349, 832639.03999999910593 ], [ 2799460.994099996984005, 832640.499200001358986 ], [ 2799399.44200000166893, 832646.203999999910593 ], [ 2799294.863200001418591, 832655.895100001245737 ], [ 2799275.69879999756813, 832659.681400001049042 ], [ 2799264.074500001966953, 832662.508600000292063 ], [ 2799252.161399997770786, 832667.800700001418591 ], [ 2799240.309000000357628, 832678.397100001573563 ], [ 2799229.554300002753735, 832690.389899998903275 ], [ 2799223.70440000295639, 832695.382199998944998 ], [ 2799205.674999997019768, 832703.371800001710653 ], [ 2799196.176100000739098, 832705.052499998360872 ], [ 2799176.040100000798702, 832705.581700000911951 ], [ 2799154.254699997603893, 832699.140000000596046 ], [ 2799130.607500001788139, 832685.296999998390675 ], [ 2799120.185500003397465, 832676.709499999880791 ], [ 2799053.636600002646446, 832619.059399999678135 ], [ 2799059.45380000025034, 832660.487199999392033 ], [ 2799056.303999997675419, 832686.568599998950958 ], [ 2799053.649800002574921, 832695.759899999946356 ], [ 2799044.470499999821186, 832727.548700001090765 ], [ 2798989.843400001525879, 832863.601399999111891 ], [ 2798977.215400002896786, 832898.853399999439716 ], [ 2798950.853200003504753, 832972.44539999961853 ], [ 2798943.215700000524521, 832993.765900000929832 ], [ 2798938.377700001001358, 833005.26069999858737 ], [ 2798911.767800003290176, 833074.065400000661612 ], [ 2798901.792099997401237, 833101.072700001299381 ], [ 2798880.552299998700619, 833157.643699999898672 ], [ 2798861.497599996626377, 833204.177299998700619 ], [ 2798858.187899999320507, 833212.703099999576807 ], [ 2798846.399400003254414, 833245.511500000953674 ], [ 2798838.954300001263618, 833266.23200000077486 ], [ 2798817.991400003433228, 833318.329900000244379 ], [ 2798792.826300002634525, 833380.824700001627207 ], [ 2798772.212399996817112, 833432.238600000739098 ], [ 2798745.38849999755621, 833501.714600000530481 ], [ 2798723.9712999984622, 833563.207699999213219 ], [ 2798720.263800002634525, 833573.386100001633167 ], [ 2798693.512000001966953, 833646.830099999904633 ], [ 2798683.071400001645088, 833675.493500001728535 ], [ 2798658.415299996733665, 833740.353000000119209 ], [ 2798636.487099997699261, 833795.302999999374151 ], [ 2798617.647600002586842, 833846.779699999839067 ], [ 2798596.31139999628067, 833901.086899999529123 ], [ 2798591.906599998474121, 833911.832899998873472 ], [ 2798567.627700001001358, 833975.767200000584126 ], [ 2798558.355800002813339, 833999.292399998754263 ], [ 2798537.662000000476837, 834052.750100001692772 ], [ 2798523.463500000536442, 834090.587699998170137 ], [ 2798500.594800002872944, 834147.861400000751019 ], [ 2798492.315399996936321, 834165.395599998533726 ], [ 2798480.997299998998642, 834195.640099998563528 ], [ 2798453.592600002884865, 834268.871599998325109 ], [ 2798439.773599997162819, 834305.799100000411272 ], [ 2798419.676399998366833, 834355.669900000095367 ], [ 2798361.598800003528595, 834513.458500001579523 ], [ 2798357.409699998795986, 834524.839699998497963 ], [ 2798355.21000000089407, 834530.30689999833703 ], [ 2798322.777199998497963, 834610.918600000441074 ], [ 2798312.258500002324581, 834638.720800001174212 ], [ 2798284.565999999642372, 834711.914599999785423 ], [ 2798238.454899996519089, 834833.790500000119209 ], [ 2798193.587300002574921, 834952.688999999314547 ], [ 2798159.511500000953674, 835042.982599999755621 ], [ 2798124.629000000655651, 835135.430500000715256 ], [ 2798088.876599997282028, 835230.111800000071526 ], [ 2798077.18469999730587, 835260.892299998551607 ], [ 2798049.421800002455711, 835333.981899999082088 ], [ 2797964.388099998235703, 835557.844399999827147 ], [ 2797958.099299997091293, 835574.788899999111891 ], [ 2797946.381300002336502, 835606.429800000041723 ], [ 2797919.201300002634525, 835679.819699998944998 ], [ 2797852.359099999070168, 835860.301199998706579 ], [ 2797829.718299999833107, 835921.438499998301268 ], [ 2797807.929899998009205, 835980.016499999910593 ], [ 2797780.674900002777576, 836053.291299998760223 ], [ 2797660.383699998259544, 836376.693900000303984 ], [ 2797649.611000001430511, 836405.656199999153614 ], [ 2797622.367899999022484, 836478.899099998176098 ], [ 2797587.088299997150898, 836573.747800000011921 ], [ 2797565.280100002884865, 836629.738800000399351 ], [ 2797523.575400002300739, 836745.319600000977516 ], [ 2797499.081000000238419, 836759.365299999713898 ], [ 2797441.617700003087521, 836908.184799998998642 ], [ 2797436.046700000762939, 836922.613499999046326 ], [ 2797421.993900001049042, 836959.006599999964237 ], [ 2797369.281099997460842, 837095.521600000560284 ], [ 2797360.476300001144409, 837118.321899998933077 ], [ 2797315.558600001037121, 837234.654699999839067 ], [ 2797314.685900002717972, 837236.914799999445677 ], [ 2797292.934600003063679, 837293.245700001716614 ], [ 2797292.927799999713898, 837293.263599999248981 ], [ 2797292.924599997699261, 837293.272100001573563 ], [ 2797292.922899998724461, 837293.276500001549721 ], [ 2797292.92059999704361, 837293.282299999147654 ], [ 2797292.917900003492832, 837293.289500001817942 ], [ 2797247.581000000238419, 837410.702399998903275 ], [ 2797241.9912, 837425.181200001388788 ], [ 2797241.987300001084805, 837425.190999999642372 ], [ 2797241.983400002121925, 837425.201200000941753 ], [ 2797233.359200000762939, 837447.534600000828505 ], [ 2797231.134999997913837, 837453.294799998402596 ], [ 2797167.275799997150898, 837618.679000001400709 ], [ 2797114.5675999969244, 837755.18299999833107 ], [ 2797095.232900001108646, 837805.255300000309944 ], [ 2797095.225900001823902, 837805.273499999195337 ], [ 2797095.223600000143051, 837805.279500000178814 ], [ 2797095.214100003242493, 837805.303800001740456 ], [ 2797094.598600000143051, 837806.89640000090003 ], [ 2797082.0962999984622, 837839.277800001204014 ], [ 2797081.715700000524521, 837840.263700000941753 ], [ 2797070.118199996650219, 837870.301899999380112 ], [ 2797049.4037000015378, 837923.946699999272823 ], [ 2796992.222000002861023, 838072.033100001513958 ], [ 2796941.545699998736382, 838203.279699999839067 ], [ 2796934.091399997472763, 838222.584300000220537 ], [ 2796914.439099997282028, 838273.477200001478195 ], [ 2796869.380500003695488, 838390.174699999392033 ], [ 2796859.821599997580051, 838414.927099999040365 ], [ 2796790.528399996459484, 838455.875799998641014 ], [ 2796740.915100000798702, 838485.194600000977516 ], [ 2796673.552100002765656, 838525.00279999896884 ], [ 2796673.544799998402596, 838525.007100000977516 ], [ 2796673.536499999463558, 838525.011900000274181 ], [ 2796673.532600000500679, 838525.014199998229742 ], [ 2796673.529700003564358, 838525.015999998897314 ], [ 2796673.516000002622604, 838525.024099998176098 ], [ 2796543.786200001835823, 838601.689599998295307 ], [ 2796495.927799999713898, 838629.969300001859665 ], [ 2796452.943000003695488, 838655.371800001710653 ], [ 2796405.932099997997284, 838683.155200000852346 ], [ 2796400.847900003194809, 838686.1587999984622 ], [ 2796398.085299998521805, 838687.791400000452995 ], [ 2796350.809900000691414, 838715.728900000452995 ], [ 2796350.716099999845028, 838715.784299999475479 ], [ 2796350.6925999969244, 838715.79839999973774 ], [ 2796350.622000001370907, 838715.840300001204014 ], [ 2796303.368100002408028, 838743.763000000268221 ], [ 2796259.042300000786781, 838769.957400001585484 ], [ 2796212.498099997639656, 838797.463599998503923 ], [ 2796168.429899998009205, 838823.507699999958277 ], [ 2796119.8496999964118, 838852.214800000190735 ], [ 2796069.640900000929832, 838871.80629999935627 ], [ 2796060.993100002408028, 838875.182300001382828 ], [ 2796026.523299999535084, 838888.631400000303984 ], [ 2796021.978900000452995, 838890.120299998670816 ], [ 2795970.878499999642372, 838906.855399999767542 ], [ 2795925.425599999725819, 838921.742800001055002 ], [ 2795923.33669999986887, 838922.42680000141263 ], [ 2795874.419299997389317, 838938.447000000625849 ], [ 2795845.913900002837181, 838947.782000001519918 ], [ 2795823.912399999797344, 838954.401799999177456 ], [ 2795799.855700001120567, 838961.640099998563528 ], [ 2795775.014600001275539, 838969.115699999034405 ], [ 2795725.524300001561642, 838984.006900001317263 ], [ 2795675.321199998259544, 838999.1114999987185 ], [ 2795661.276199996471405, 839018.107900001108646 ], [ 2795653.17509999871254, 839029.066199999302626 ], [ 2795627.104400001466274, 839064.326900001615286 ], [ 2795645.592699997127056, 839085.784499999135733 ], [ 2795670.514700002968311, 839114.709499999880791 ], [ 2795692.327200002968311, 839137.528599999845028 ], [ 2795716.167900003492832, 839162.472800001502037 ], [ 2795747.170299999415874, 839194.908700000494719 ], [ 2795779.613300003111362, 839228.852200001478195 ], [ 2795786.908299997448921, 839236.483399998396635 ], [ 2795859.737800002098083, 839312.68129999935627 ], [ 2795882.439099997282028, 839335.613099999725819 ], [ 2795903.176399998366833, 839356.562300000339746 ], [ 2795961.724600002169609, 839415.707299999892712 ], [ 2795920.288999997079372, 839446.935600001364946 ], [ 2795915.857600003480911, 839450.191899999976158 ], [ 2795882.3015, 839474.848700001835823 ], [ 2795837.756899997591972, 839507.58049999922514 ], [ 2795831.876500003039837, 839511.901500001549721 ], [ 2795829.713699996471405, 839513.467199999839067 ], [ 2795806.087399996817112, 839530.561299998313189 ], [ 2795789.230599999427795, 839542.757399998605251 ], [ 2795744.691500000655651, 839574.984000001102686 ], [ 2795740.162500001490116, 839578.260999999940395 ], [ 2795699.737899996340275, 839608.582499999552965 ], [ 2795642.61259999871254, 839651.428100001066923 ], [ 2795547.898299999535084, 839721.426300000399351 ], [ 2795537.602099999785423, 839728.133499998599291 ], [ 2795521.162399999797344, 839700.20160000026226 ], [ 2795496.6537000015378, 839658.562399998307228 ], [ 2795457.334399998188019, 839591.763199999928474 ], [ 2795456.1787, 839592.355799999088049 ], [ 2795445.711099997162819, 839597.72239999845624 ], [ 2795412.187100000679493, 839614.912099998444319 ], [ 2795408.485799998044968, 839616.809900000691414 ], [ 2795363.012000001966953, 839640.126200001686811 ], [ 2795440.414800003170967, 839786.704100001603365 ], [ 2795432.835100002586842, 839794.702199999243021 ], [ 2795441.012999996542931, 839831.52930000051856 ], [ 2795460.303800001740456, 839918.376899998635054 ], [ 2795465.330399997532368, 839941.011700000613928 ], [ 2795526.948299996554852, 839935.713799998164177 ], [ 2795576.285700000822544, 839925.763199999928474 ], [ 2795621.388400003314018, 839908.24100000038743 ], [ 2795669.412600003182888, 839893.774500001221895 ], [ 2795819.279100000858307, 839831.809900000691414 ], [ 2795848.534299999475479, 839819.712499998509884 ], [ 2795852.598099999129772, 839818.327799998223782 ], [ 2795890.67400000244379, 839805.349599998444319 ], [ 2795896.8191, 839803.254999998956919 ], [ 2795925.008500002324581, 839793.646999999880791 ], [ 2795943.552000001072884, 839787.32660000026226 ], [ 2796053.934299997985363, 839749.70549999922514 ], [ 2796058.374300003051758, 839748.193599998950958 ], [ 2796100.736000001430511, 839733.753600001335144 ], [ 2796112.909800000488758, 839729.606100000441074 ], [ 2796188.390900000929832, 839703.878699999302626 ], [ 2796230.795000001788139, 839689.426600001752377 ], [ 2796244.748499996960163, 839684.667500000447035 ], [ 2796295.056599996984005, 839667.504700001329184 ], [ 2796308.874200001358986, 839662.790699999779463 ], [ 2796337.853799998760223, 839652.905000001192093 ], [ 2796343.768299996852875, 839650.887299999594688 ], [ 2796368.6570999994874, 839644.132199998944998 ], [ 2796444.405299998819828, 839623.579500000923872 ], [ 2796493.129900000989437, 839610.356800001114607 ], [ 2796539.43299999833107, 839597.811700001358986 ], [ 2796599.721000000834465, 839581.479899998754263 ], [ 2796670.276600003242493, 839562.363299999386072 ], [ 2796712.635300002992153, 839550.887499999254942 ], [ 2796833.315600000321865, 839518.505800001323223 ], [ 2796858.02759999781847, 839511.873799998313189 ], [ 2796876.8108000010252, 839506.833399999886751 ], [ 2796920.325000002980232, 839495.158100001513958 ], [ 2796927.69650000333786, 839493.179099999368191 ], [ 2796942.52589999884367, 839489.199599999934435 ], [ 2796965.204000003635883, 839483.113699998706579 ], [ 2796972.088200002908707, 839481.266399998217821 ], [ 2796976.589500002563, 839480.058400001376867 ], [ 2797029.034699998795986, 839465.986099999397993 ], [ 2797042.566600002348423, 839462.355200000107288 ], [ 2797077.338699996471405, 839453.024099998176098 ], [ 2797114.417099997401237, 839443.074200000613928 ], [ 2797165.9966000020504, 839429.234700001776218 ], [ 2797197.596600003540516, 839420.754999998956919 ], [ 2797239.578299999237061, 839409.489599999040365 ], [ 2797254.338600002229214, 839426.745900001376867 ], [ 2797273.283600002527237, 839448.892299998551607 ], [ 2797430.26799999922514, 839520.818999998271465 ], [ 2797483.9324000030756, 839545.404699999839067 ], [ 2797447.236699998378754, 839563.077100001275539 ], [ 2797321.068199999630451, 839615.102800000458956 ], [ 2797293.883400000631809, 839626.312300000339746 ], [ 2797302.194799996912479, 839638.217399999499321 ], [ 2797310.726099997758865, 839650.432599999010563 ], [ 2797311.664899997413158, 839651.777100000530481 ], [ 2797323.367799997329712, 839668.53660000115633 ], [ 2797408.908299997448921, 839791.043200001120567 ], [ 2797414.5132, 839799.070199999958277 ], [ 2797415.77250000089407, 839800.873799998313189 ], [ 2797418.823399998247623, 839805.246899999678135 ], [ 2797437.010099999606609, 839831.290500000119209 ], [ 2797466.00110000371933, 839872.810899998992682 ], [ 2797490.914300002157688, 839908.490800000727177 ], [ 2797491.290500000119209, 839909.029500000178814 ], [ 2797508.041299998760223, 839933.017700001597404 ], [ 2797544.915600001811981, 839985.828999999910593 ], [ 2797572.69030000269413, 840025.608300000429153 ], [ 2797573.889700002968311, 840027.326099999248981 ], [ 2797453.63459999859333, 840094.5945999994874 ], [ 2797443.369999997317791, 840100.336399998515844 ], [ 2797362.566500000655651, 840145.536100000143051 ], [ 2797299.714900001883507, 840180.694400001317263 ], [ 2797291.730700001120567, 840185.160700000822544 ], [ 2797337.751000002026558, 840337.073699999600649 ], [ 2797349.04900000244379, 840352.182799998670816 ], [ 2797350.61599999666214, 840354.278000000864267 ], [ 2797410.145900003612041, 840433.896200001239777 ], [ 2797437.60249999910593, 840470.619699999690056 ], [ 2797476.1294, 840522.14979999884963 ], [ 2797541.608599998056889, 840609.723499998450279 ], [ 2797615.782799996435642, 840708.928899999707937 ], [ 2797684.117899999022484, 840800.322700001299381 ], [ 2797739.124099999666214, 840873.893800001591444 ], [ 2797754.4341000020504, 840899.103300001472235 ], [ 2797755.30460000038147, 840900.534499999135733 ], [ 2797793.280199997127056, 840963.067200001329184 ], [ 2797817.647200003266335, 841003.190400000661612 ], [ 2797825.84740000218153, 841017.527399998158216 ], [ 2797827.608199998736382, 841020.605599999427795 ], [ 2797858.278899997472763, 841074.228999998420477 ], [ 2797887.264399997889996, 841124.905999999493361 ], [ 2797912.714100003242493, 841169.398699998855591 ], [ 2797926.480499997735023, 841193.470499999821186 ], [ 2797943.135300002992153, 841222.589000001549721 ], [ 2797944.798100002110004, 841225.495200000703335 ], [ 2797944.902500003576279, 841225.677700001746416 ], [ 2797944.906199999153614, 841225.684099998325109 ], [ 2797944.963799998164177, 841225.784499999135733 ], [ 2797944.989100001752377, 841225.828600000590086 ], [ 2797945.014300003647804, 841225.872900001704693 ], [ 2797954.978200003504753, 841243.293299999088049 ], [ 2797956.330300003290176, 841245.657200001180172 ], [ 2797989.303000003099442, 841305.350000001490116 ], [ 2798010.863099999725819, 841344.383400000631809 ], [ 2798031.584700003266335, 841381.897799998521805 ], [ 2798044.900100000202656, 841406.000399999320507 ], [ 2798043.415600001811981, 841406.705800000578165 ], [ 2797998.911200001835823, 841427.852000001817942 ], [ 2797855.726700000464916, 841495.892499998211861 ], [ 2797850.950499996542931, 841498.162099998444319 ], [ 2797839.787299998104572, 841503.468499999493361 ], [ 2797717.667700000107288, 841561.497299998998642 ], [ 2797696.721500001847744, 841571.450899999588728 ], [ 2797666.406099997460842, 841585.855900000780821 ], [ 2797596.173000000417233, 841619.231699999421835 ], [ 2797593.865900002419949, 841620.327300000935793 ], [ 2797588.813500002026558, 841622.557100001722574 ], [ 2797541.443499997258186, 841643.465500000864267 ], [ 2797467.1721, 841676.248500000685453 ], [ 2797420.093699999153614, 841697.028299998492002 ], [ 2797359.495700001716614, 841723.777899999171495 ], [ 2797307.687299996614456, 841746.645199999213219 ], [ 2797294.722900003194809, 841752.36769999936223 ], [ 2797246.40990000218153, 841773.692099999636412 ], [ 2797255.975299999117851, 841821.215300001204014 ], [ 2797257.58049999922514, 841829.189100001007318 ], [ 2797181.472499996423721, 841842.519900001585484 ], [ 2797168.149899996817112, 841844.985700000077486 ], [ 2797171.218099996447563, 841856.964299999177456 ], [ 2797185.842100001871586, 841865.822900000959635 ], [ 2797185.643100000917912, 841869.843499999493361 ], [ 2797178.950900003314018, 841870.975900001823902 ], [ 2797154.181100003421307, 841872.310899998992682 ], [ 2797136.507500000298023, 841870.763300001621246 ], [ 2797127.514300003647804, 841865.709499999880791 ], [ 2797104.117299996316433, 841859.861699998378754 ], [ 2797095.191500000655651, 841857.629700001329184 ], [ 2797008.562299996614456, 841872.801699999719858 ], [ 2797172.082099996507168, 842165.473099999129772 ], [ 2797292.588699996471405, 842367.476100001484156 ], [ 2797344.332299999892712, 842518.175799999386072 ], [ 2797322.322300001978874, 842617.469700001180172 ], [ 2797291.168700002133846, 842676.675299998372793 ], [ 2797284.219700001180172, 842771.294900000095367 ], [ 2797482.223700001835823, 843084.628699999302626 ], [ 2797678.856299996376038, 843223.371100001037121 ], [ 2797773.169699996709824, 843245.27589999884367 ], [ 2797827.0801, 843291.282900001853704 ], [ 2797953.063699997961521, 843229.057900000363588 ], [ 2798029.8125, 843135.886300001293421 ], [ 2798205.882100000977516, 843304.127999998629093 ], [ 2798224.997500002384186, 843344.424699999392033 ], [ 2798449.163699999451637, 843598.452300000935793 ], [ 2798531.023900002241135, 843739.801100000739098 ], [ 2798538.356299996376038, 843911.543200001120567 ], [ 2798538.521600000560284, 843915.383200000971556 ], [ 2798544.452299997210503, 844054.292399998754263 ], [ 2798649.3772, 844285.894999999552965 ], [ 2798760.943000003695488, 844437.834899999201298 ], [ 2798782.371699996292591, 844456.287799999117851 ], [ 2799097.917499996721745, 844727.988299999386072 ], [ 2799182.352300003170967, 844800.692099999636412 ], [ 2799220.187299996614456, 845140.622400000691414 ], [ 2799343.707999996840954, 845437.445799998939037 ], [ 2799657.927000001072884, 845749.916600000113249 ], [ 2799768.855700001120567, 845860.229499999433756 ], [ 2799765.751199997961521, 846009.786499999463558 ], [ 2800082.749600000679493, 846116.117899999022484 ], [ 2800326.352399997413158, 846215.660399999469519 ], [ 2800468.50959999859333, 846273.750599998980761 ], [ 2800802.773100003600121, 846749.508699998259544 ], [ 2800966.250100001692772, 846721.791499998420477 ], [ 2801109.454700000584126, 846697.510000001639128 ], [ 2801228.582699999213219, 846677.311500001698732 ], [ 2801241.451999999582767, 846675.128899998962879 ], [ 2801248.233400002121925, 846673.978799998760223 ], [ 2801301.841399997472763, 846625.679099999368191 ], [ 2801327.173100002110004, 846602.855799999088049 ], [ 2801355.663900002837181, 846577.186099998652935 ], [ 2801415.963500000536442, 846522.857400000095367 ], [ 2801355.3412000015378, 845844.959600001573563 ], [ 2801538.910599999129772, 845515.625199999660254 ], [ 2801777.279100000858307, 845338.483899999409914 ], [ 2801968.104599997401237, 844674.021099999547005 ], [ 2801980.63289999961853, 844621.396200001239777 ], [ 2802033.618900001049042, 844398.836500000208616 ], [ 2802099.256700001657009, 844123.135000001639128 ], [ 2802496.937700003385544, 843707.463199999183416 ], [ 2802175.660499997437, 843326.717999998480082 ] ] ] ] } },
{ "type": "Feature", "properties": { "CVEGEO": "09006", "CVE_ENT": "09", "CVE_MUN": "006", "NOMGEO": "Iztacalco", "ENTIDAD FEDERATIVA": "Ciudad de México", "CLAVE DEL MUNICIPIO": 9006, "POBLACIÓN 2020": 376976, "POBLACIÓN EN SITUACIÓN DE POBREZA 2020": 95006, "POBLACIÓN EN SITUACIÓN DE POBREZA EXTREMA 2020": 9856, "GRADO DE REZAGO": "Muy bajo", "autoad.indig": 35414.168093200002, "% autoad.indig": 9.011468, "OCURRENCIAS_DONANTE": 0, "MONTOASIGNADO_TOTAL": 0 }, "geometry": { "type": "MultiPolygon", "coordinates": [ [ [ [ 2808145.907899998128414, 826363.204900000244379 ], [ 2808144.575499996542931, 826346.099700000137091 ], [ 2808142.495700001716614, 826319.373199999332428 ], [ 2808137.958099998533726, 826261.059300001710653 ], [ 2808134.07769999653101, 826211.196699999272823 ], [ 2808129.817500002682209, 826156.460999999195337 ], [ 2808128.734300002455711, 826142.53489999845624 ], [ 2808125.292999997735023, 826098.319499999284744 ], [ 2808121.129799999296665, 826044.8277000002563 ], [ 2808116.957599997520447, 825991.209800001233816 ], [ 2808111.453900001943111, 825920.497699998319149 ], [ 2808096.358400002121925, 825726.517000000923872 ], [ 2808095.307099997997284, 825713.010999999940395 ], [ 2808094.184600003063679, 825698.591600000858307 ], [ 2808094.132200002670288, 825698.597199998795986 ], [ 2808080.044100001454353, 825700.097800001502037 ], [ 2808080.043700002133846, 825700.092300001531839 ], [ 2808075.794600002467632, 825649.818900000303984 ], [ 2808072.762199997901917, 825613.854200001806021 ], [ 2808071.086800001561642, 825594.008299998939037 ], [ 2808059.229900002479553, 825465.235800001770258 ], [ 2808058.243299998342991, 825456.769200000911951 ], [ 2808057.559000000357628, 825450.895100001245737 ], [ 2808055.821000002324581, 825435.977699998766184 ], [ 2808055.120700001716614, 825429.967700000852346 ], [ 2808055.320000000298023, 825422.295499999076128 ], [ 2808054.825800001621246, 825415.337400000542402 ], [ 2808053.719300001859665, 825399.762099999934435 ], [ 2808052.033100001513958, 825376.024599999189377 ], [ 2808046.818099997937679, 825302.614799998700619 ], [ 2808037.441699996590614, 825189.192299999296665 ], [ 2808033.187600001692772, 825143.779599998146296 ], [ 2808023.778800003230572, 825075.900299999862909 ], [ 2808020.305200003087521, 825021.066500000655651 ], [ 2808019.889200001955032, 825014.4989 ], [ 2808020.432899996638298, 824983.337000001221895 ], [ 2808010.08110000193119, 824928.69649999961257 ], [ 2808003.342500001192093, 824885.339200001209974 ], [ 2808000.596900001168251, 824872.250999998301268 ], [ 2807996.452799998223782, 824847.357500001788139 ], [ 2807985.662600003182888, 824765.292899999767542 ], [ 2807979.611599996685982, 824721.352400001138449 ], [ 2807977.193400003015995, 824695.458700001239777 ], [ 2807972.827100001275539, 824665.974599998444319 ], [ 2807969.45830000191927, 824646.282600000500679 ], [ 2807963.457900002598763, 824589.342099998146296 ], [ 2807957.033699996769428, 824542.759199999272823 ], [ 2807957.032999999821186, 824542.754099998623133 ], [ 2807952.947499997913837, 824513.128800000995398 ], [ 2807944.98030000180006, 824473.422600001096725 ], [ 2807940.885300002992153, 824437.58390000090003 ], [ 2807940.852799996733665, 824437.300000000745058 ], [ 2807938.487000003457069, 824416.595400001853704 ], [ 2807933.524099998176098, 824373.160500001162291 ], [ 2807933.379100002348423, 824371.890799999237061 ], [ 2807932.680100001394749, 824365.773800000548363 ], [ 2807927.805600002408028, 824323.112700000405312 ], [ 2807923.007200002670288, 824289.129599999636412 ], [ 2807911.560199998319149, 824216.266399998217821 ], [ 2807907.878700003027916, 824185.296900000423193 ], [ 2807903.9746999964118, 824150.771200001239777 ], [ 2807895.01860000193119, 824086.817699998617172 ], [ 2807893.064400002360344, 824076.555500000715256 ], [ 2807887.796499997377396, 824038.535100001841784 ], [ 2807880.250100001692772, 823986.456700000911951 ], [ 2807868.255599997937679, 823885.484499998390675 ], [ 2807858.409999996423721, 823813.694099999964237 ], [ 2807858.342000000178814, 823813.197999998927116 ], [ 2807858.339000001549721, 823813.175000000745058 ], [ 2807855.680100001394749, 823793.787500001490116 ], [ 2807855.642700001597404, 823793.223099999129772 ], [ 2807855.446000002324581, 823790.268199998885393 ], [ 2807854.255400002002716, 823772.36540000140667 ], [ 2807851.380999997258186, 823752.241799999028444 ], [ 2807851.346699997782707, 823748.371800001710653 ], [ 2807851.228699997067451, 823735.060699999332428 ], [ 2807851.218400001525879, 823733.894499998539686 ], [ 2807850.84570000320673, 823691.868900001049042 ], [ 2807830.722499996423721, 823694.8293999992311 ], [ 2807779.602700002491474, 823702.350099999457598 ], [ 2807688.590800002217293, 823717.485300000756979 ], [ 2807598.568499997258186, 823731.716099999845028 ], [ 2807587.758500002324581, 823733.605000000447035 ], [ 2807555.343900002539158, 823739.269099999219179 ], [ 2807506.292999997735023, 823746.047100000083447 ], [ 2807414.688100002706051, 823762.236099999397993 ], [ 2807357.356200002133846, 823772.122999999672174 ], [ 2807357.151199996471405, 823772.158300001174212 ], [ 2807356.656400002539158, 823772.243599999696016 ], [ 2807326.60080000013113, 823777.426699999719858 ], [ 2807292.819399997591972, 823781.864599999040365 ], [ 2807292.577100001275539, 823781.89640000090003 ], [ 2807270.908299997448921, 823784.743099998682737 ], [ 2807251.381899997591972, 823794.261700000613928 ], [ 2807231.855700001120567, 823803.780299998819828 ], [ 2807139.616800002753735, 823852.180300001055002 ], [ 2806996.671499997377396, 823925.524300001561642 ], [ 2806941.358900003135204, 823953.97520000115037 ], [ 2806891.451700001955032, 823980.058200001716614 ], [ 2806839.072300001978874, 824006.490499999374151 ], [ 2806809.166599996387959, 824022.669599998742342 ], [ 2806788.438500002026558, 824033.8429000005126 ], [ 2806740.185900002717972, 824061.526799999177456 ], [ 2806702.283299997448921, 824081.157400000840425 ], [ 2806660.813699997961521, 824100.887499999254942 ], [ 2806618.671499997377396, 824123.281300000846386 ], [ 2806566.89580000191927, 824147.756099998950958 ], [ 2806516.597000002861023, 824175.011399999260902 ], [ 2806471.986400000751019, 824198.369699999690056 ], [ 2806450.644100002944469, 824208.860300000756979 ], [ 2806450.083800002932549, 824209.13569999858737 ], [ 2806427.6283999979496, 824220.17339999973774 ], [ 2806408.274800002574921, 824230.017400000244379 ], [ 2806408.031800001859665, 824230.140999998897314 ], [ 2806373.332500003278255, 824247.790199998766184 ], [ 2806261.995300002396107, 824308.713899999856949 ], [ 2806217.085500001907349, 824331.411100000143051 ], [ 2806170.469800002872944, 824354.287799999117851 ], [ 2806117.142300002276897, 824380.083700001239777 ], [ 2806054.5658999979496, 824413.243999999016523 ], [ 2806001.428400002419949, 824442.171999998390675 ], [ 2805953.087899997830391, 824465.667700000107288 ], [ 2805947.9628000035882, 824468.600499998778105 ], [ 2805894.825000002980232, 824495.7027000002563 ], [ 2805892.141599997878075, 824497.421100001782179 ], [ 2805833.500100001692772, 824527.70380000025034 ], [ 2805787.770499996840954, 824553.685199998319149 ], [ 2805779.733900003135204, 824557.912300001829863 ], [ 2805753.875699996948242, 824570.381299998611212 ], [ 2805730.540299996733665, 824582.590300001204014 ], [ 2805715.829899996519089, 824589.616099998354912 ], [ 2805682.380800001323223, 824608.415699999779463 ], [ 2805675.924900002777576, 824611.315900001674891 ], [ 2805639.209299996495247, 824630.567999999970198 ], [ 2805624.598300002515316, 824636.836300000548363 ], [ 2805603.530100002884865, 824647.193900000303984 ], [ 2805575.736199997365475, 824662.288899999111891 ], [ 2805568.898900002241135, 824665.966299999505281 ], [ 2805530.821900002658367, 824686.912200000137091 ], [ 2805494.742700003087521, 824706.679900001734495 ], [ 2805487.496200002729893, 824709.878800000995398 ], [ 2805447.84740000218153, 824729.105900000780821 ], [ 2805440.897100001573563, 824734.116999998688698 ], [ 2805421.430200003087521, 824739.115800000727177 ], [ 2805401.962899997830391, 824744.114799998700619 ], [ 2805400.650600001215935, 824735.697500001639128 ], [ 2805390.363899998366833, 824669.703200001269579 ], [ 2805382.312600001692772, 824621.799499999731779 ], [ 2805375.239699997007847, 824578.378100000321865 ], [ 2805373.51129999756813, 824565.538600001484156 ], [ 2805367.935000002384186, 824529.564399998635054 ], [ 2805354.758000001311302, 824451.27309999987483 ], [ 2805349.665200002491474, 824401.15089999884367 ], [ 2805315.372699998319149, 824422.004099998623133 ], [ 2805160.740000002086163, 824466.593800000846386 ], [ 2805144.694200001657009, 824471.706199999898672 ], [ 2805140.305100001394749, 824461.15989999845624 ], [ 2805131.132200002670288, 824461.608199998736382 ], [ 2805119.640100002288818, 824462.399300001561642 ], [ 2805109.491899996995926, 824464.343800000846386 ], [ 2805081.878600001335144, 824467.982500001788139 ], [ 2805043.490099996328354, 824473.220800001174212 ], [ 2805004.838100001215935, 824478.241900000721216 ], [ 2804964.647100001573563, 824482.94029999896884 ], [ 2804925.854000002145767, 824489.109700001776218 ], [ 2804919.745300002396107, 824490.081399999558926 ], [ 2804905.955200001597404, 824492.274399999529123 ], [ 2804886.294100001454353, 824458.411299999803305 ], [ 2804872.168700002133846, 824433.690400000661612 ], [ 2804852.833700001239777, 824399.813000001013279 ], [ 2804834.933200001716614, 824367.681400001049042 ], [ 2804817.227799996733665, 824337.7364999987185 ], [ 2804798.09740000218153, 824306.058100000023842 ], [ 2804762.664300002157688, 824245.514299999922514 ], [ 2804745.331200003623962, 824214.864900000393391 ], [ 2804736.264799997210503, 824199.220199998468161 ], [ 2804729.136600002646446, 824187.339800000190735 ], [ 2804709.893200002610683, 824155.266100000590086 ], [ 2804689.617200002074242, 824120.594700001180172 ], [ 2804666.521300002932549, 824081.129900000989437 ], [ 2804627.01349999755621, 824010.623700000345707 ], [ 2804592.891099996864796, 823951.352099999785423 ], [ 2804558.15990000218153, 823890.978500001132488 ], [ 2804550.137199997901917, 823875.615600001066923 ], [ 2804498.84570000320673, 823789.082499999552965 ], [ 2804496.561700001358986, 823785.229100000113249 ], [ 2804492.718800000846386, 823772.703600000590086 ], [ 2804491.502400003373623, 823768.739399999380112 ], [ 2804490.257600001990795, 823765.75789999961853 ], [ 2804486.175499998033047, 823755.981300000101328 ], [ 2804483.327200002968311, 823749.159400001168251 ], [ 2804466.484300002455711, 823722.81700000166893 ], [ 2804456.368600003421307, 823705.448699999600649 ], [ 2804427.112800002098083, 823655.205299999564886 ], [ 2804388.911399997770786, 823589.60359999909997 ], [ 2804344.16610000282526, 823512.765099998563528 ], [ 2804323.560999996960163, 823477.38289999961853 ], [ 2804307.802699998021126, 823450.320700000971556 ], [ 2804296.206699997186661, 823430.407499998807907 ], [ 2804290.629000000655651, 823420.829700000584126 ], [ 2804271.284100003540516, 823387.610500000417233 ], [ 2804252.118600003421307, 823354.697500001639128 ], [ 2804223.213799998164177, 823305.062300000339746 ], [ 2804213.106700003147125, 823287.706300001591444 ], [ 2804204.14360000193119, 823291.444099999964237 ], [ 2804177.336000002920628, 823302.622699998319149 ], [ 2804144.382200002670288, 823303.338700000196695 ], [ 2804106.3091000020504, 823305.611600000411272 ], [ 2804068.855800002813339, 823308.10700000077486 ], [ 2804040.800499998033047, 823310.299100000411272 ], [ 2804006.545199997723103, 823313.302000001072884 ], [ 2803969.459799997508526, 823317.091299999505281 ], [ 2803933.059600003063679, 823321.199200000613928 ], [ 2803890.446000002324581, 823325.313900001347065 ], [ 2803846.795800000429153, 823329.570099998265505 ], [ 2803807.174500003457069, 823333.484000001102686 ], [ 2803672.748400002717972, 823346.672499999403954 ], [ 2803641.532700002193451, 823347.289000000804663 ], [ 2803636.015100002288818, 823347.040500000119209 ], [ 2803624.900600001215935, 823346.539799999445677 ], [ 2803439.336900003254414, 823365.731699999421835 ], [ 2803402.366899996995926, 823371.913699999451637 ], [ 2803361.855499997735023, 823376.288800001144409 ], [ 2803308.296800002455711, 823382.962999999523163 ], [ 2803256.965800002217293, 823388.843299999833107 ], [ 2803219.888800002634525, 823393.376400001347065 ], [ 2803188.834299996495247, 823396.909499999135733 ], [ 2803161.116099998354912, 823400.122499998658895 ], [ 2803155.062799997627735, 823399.997000001370907 ], [ 2803132.68469999730587, 823401.916799999773502 ], [ 2803116.768799997866154, 823403.480200000107288 ], [ 2803094.643799997866154, 823404.588199999183416 ], [ 2803067.602300003170967, 823403.344799999147654 ], [ 2803048.038400001823902, 823403.85869999974966 ], [ 2803036.671899996697903, 823404.841600000858307 ], [ 2803028.787600003182888, 823405.477400001138449 ], [ 2803017.269599996507168, 823406.434099998325109 ], [ 2803000.240800000727177, 823407.910000000149012 ], [ 2802988.272699996829033, 823408.945900000631809 ], [ 2802983.273500002920628, 823409.401500001549721 ], [ 2802975.76860000193119, 823410.857599999755621 ], [ 2802950.829300001263618, 823412.702799998223782 ], [ 2802915.732600003480911, 823416.353700000792742 ], [ 2802861.471500001847744, 823422.496399998664856 ], [ 2802856.547200001776218, 823422.759199999272823 ], [ 2802837.178000003099442, 823425.20160000026226 ], [ 2802818.750600002706051, 823427.459899999201298 ], [ 2802792.024300001561642, 823430.109499998390675 ], [ 2802769.527000002563, 823432.340999998152256 ], [ 2802767.883000001311302, 823432.577500000596046 ], [ 2802765.568800002336502, 823432.910399999469519 ], [ 2802665.707400001585484, 823443.459399998188019 ], [ 2802662.714500002563, 823443.692800000309944 ], [ 2802658.137999996542931, 823444.322599999606609 ], [ 2802651.089900001883507, 823444.956700000911951 ], [ 2802647.904899999499321, 823445.169700000435114 ], [ 2802645.140600003302097, 823445.441899999976158 ], [ 2802634.021499998867512, 823446.588500000536442 ], [ 2802608.054300002753735, 823449.266399998217821 ], [ 2802588.35419999808073, 823453.793499998748302 ], [ 2802566.181800000369549, 823457.890999998897314 ], [ 2802542.384499996900558, 823461.927099999040365 ], [ 2802524.533500000834465, 823464.541799999773502 ], [ 2802500.4341000020504, 823467.812399998307228 ], [ 2802491.328900001943111, 823468.936200000345707 ], [ 2802474.155100002884865, 823471.214600000530481 ], [ 2802456.183200001716614, 823474.212200000882149 ], [ 2802433.288400001823902, 823477.301899999380112 ], [ 2802420.493600003421307, 823478.915500000119209 ], [ 2802408.726899996399879, 823480.122600000351667 ], [ 2802385.132299996912479, 823480.381799999624491 ], [ 2802379.188699997961521, 823480.383600000292063 ], [ 2802351.403399996459484, 823481.428399998694658 ], [ 2802331.828900001943111, 823482.739000000059605 ], [ 2802311.44370000064373, 823484.719999998807907 ], [ 2802295.166500002145767, 823487.018899999558926 ], [ 2802276.08330000191927, 823489.68189999833703 ], [ 2802243.741300001740456, 823494.019099999219179 ], [ 2802237.427199997007847, 823494.828200001269579 ], [ 2802208.546499997377396, 823499.552000001072884 ], [ 2802201.652900002896786, 823500.429000001400709 ], [ 2802176.888300001621246, 823502.714000001549721 ], [ 2802167.840800002217293, 823504.10190000012517 ], [ 2802148.971900001168251, 823505.959100000560284 ], [ 2802138.048100002110004, 823506.761599998921156 ], [ 2802119.368500001728535, 823507.809000000357628 ], [ 2802104.592100001871586, 823510.186799999326468 ], [ 2802093.484499998390675, 823511.896600000560284 ], [ 2802074.2787000015378, 823513.684099998325109 ], [ 2802061.309299997985363, 823515.137899998575449 ], [ 2802042.641000002622604, 823516.141399998217821 ], [ 2802026.333700001239777, 823517.588700000196695 ], [ 2802005.8091000020504, 823518.4864999987185 ], [ 2801995.517800003290176, 823519.718100000172853 ], [ 2801979.540299996733665, 823521.231800001114607 ], [ 2801968.259400002658367, 823521.667399998754263 ], [ 2801950.695600003004074, 823522.353199999779463 ], [ 2801932.596100002527237, 823522.940999999642372 ], [ 2801911.950800001621246, 823523.217099998146296 ], [ 2801901.767700001597404, 823523.561200000345707 ], [ 2801896.364200003445148, 823523.793699998408556 ], [ 2801889.189400002360344, 823523.6891999989748 ], [ 2801884.851099997758865, 823523.885800000280142 ], [ 2801873.752899996936321, 823524.19370000064373 ], [ 2801857.123800002038479, 823524.714099999517202 ], [ 2801848.204800002276897, 823525.187300000339746 ], [ 2801821.267300002276897, 823526.541600000113249 ], [ 2801782.181500002741814, 823528.685199998319149 ], [ 2801752.917400002479553, 823529.661699999123812 ], [ 2801723.178999997675419, 823530.517099998891354 ], [ 2801679.161700002849102, 823532.41950000077486 ], [ 2801644.762199997901917, 823533.522700000554323 ], [ 2801616.058799996972084, 823534.592399999499321 ], [ 2801598.663500003516674, 823534.924300000071526 ], [ 2801567.446599997580051, 823535.844200000166893 ], [ 2801538.611900001764297, 823537.303300000727177 ], [ 2801397.0337999984622, 823544.678399998694658 ], [ 2801396.493100002408028, 823535.82319999858737 ], [ 2801390.670900002121925, 823440.468699999153614 ], [ 2801390.51410000026226, 823419.937300000339746 ], [ 2801389.637000001966953, 823306.218299999833107 ], [ 2801389.630599997937679, 823305.394400000572205 ], [ 2801391.730400003492832, 823287.001499999314547 ], [ 2801391.800300002098083, 823280.046999998390675 ], [ 2801391.902400001883507, 823269.895899999886751 ], [ 2801393.063000001013279, 823154.437800001353025 ], [ 2801396.5912000015378, 823063.062100000679493 ], [ 2801397.145599998533726, 823048.703499998897314 ], [ 2801397.421800002455711, 823041.550900001078844 ], [ 2801398.116800002753735, 823023.551500000059605 ], [ 2801398.647600002586842, 823008.444400001317263 ], [ 2801399.233300000429153, 822991.774599999189377 ], [ 2801405.107699997723103, 822824.567699998617172 ], [ 2801405.949400000274181, 822800.6114999987185 ], [ 2801392.273199997842312, 822804.583299998193979 ], [ 2801339.057300001382828, 822814.424400001764297 ], [ 2801298.642700001597404, 822820.628699999302626 ], [ 2801253.755900003015995, 822828.162099998444319 ], [ 2801241.857100002467632, 822830.481499999761581 ], [ 2801208.905500002205372, 822835.921599999070168 ], [ 2801203.779200002551079, 822837.1064000017941 ], [ 2801190.809600003063679, 822840.103999998420477 ], [ 2801144.748400002717972, 822849.622400000691414 ], [ 2801118.560400001704693, 822853.62950000166893 ], [ 2801100.907899998128414, 822856.451900001615286 ], [ 2801083.714199997484684, 822858.777499999850988 ], [ 2801052.787600003182888, 822862.96059999987483 ], [ 2801044.290200002491474, 822864.276299998164177 ], [ 2801041.925399996340275, 822864.713199999183416 ], [ 2801023.743199996650219, 822868.072000000625849 ], [ 2801000.514200001955032, 822871.073100000619888 ], [ 2800994.761600002646446, 822872.19990000128746 ], [ 2800975.697200000286102, 822876.3885000012815 ], [ 2800971.952299997210503, 822877.211100000888109 ], [ 2800957.240900002419949, 822879.773600000888109 ], [ 2800911.046700000762939, 822886.535500001162291 ], [ 2800902.353699997067451, 822887.676199998706579 ], [ 2800889.281400002539158, 822889.489900000393391 ], [ 2800871.623499996960163, 822893.108500000089407 ], [ 2800849.680799998342991, 822897.022199999541044 ], [ 2800801.946000002324581, 822905.427299998700619 ], [ 2800793.077299997210503, 822906.97749999910593 ], [ 2800787.762500002980232, 822908.05460000038147 ], [ 2800715.067400000989437, 822919.923599999397993 ], [ 2800675.899800002574921, 822926.870999999344349 ], [ 2800669.501000002026558, 822928.672800000756979 ], [ 2800665.070299997925758, 822929.132800001651049 ], [ 2800652.501900002360344, 822932.307000000029802 ], [ 2800612.422200001776218, 822935.74100000038743 ], [ 2800600.17790000140667, 822936.650800000876188 ], [ 2800561.309199996292591, 822939.925900001078844 ], [ 2800532.701899997889996, 822942.121300000697374 ], [ 2800508.69650000333786, 822944.924400001764297 ], [ 2800473.799900002777576, 822947.900499999523163 ], [ 2800458.337899997830391, 822948.969000000506639 ], [ 2800410.346199996769428, 822952.530099999159575 ], [ 2800364.031099997460842, 822956.7652000002563 ], [ 2800318.818800002336502, 822961.024700000882149 ], [ 2800271.34910000115633, 822965.271299999207258 ], [ 2800216.876400001347065, 822969.874800000339746 ], [ 2800185.287600003182888, 822972.789599999785423 ], [ 2800093.346900001168251, 822962.126800000667572 ], [ 2800052.317900002002716, 822950.899500001221895 ], [ 2800045.979299999773502, 822937.605099998414516 ], [ 2800050.108400002121925, 822961.847100000828505 ], [ 2800060.580200001597404, 823023.326499998569489 ], [ 2800092.58500000089407, 823168.240299999713898 ], [ 2800092.860200002789497, 823169.68470000103116 ], [ 2800095.343999996781349, 823182.720800001174212 ], [ 2800095.960500001907349, 823185.9560999982059 ], [ 2800120.318300001323223, 823313.796000000089407 ], [ 2800134.055200003087521, 823392.432000000029802 ], [ 2800145.017300002276897, 823463.554099999368191 ], [ 2800145.606700003147125, 823467.378699999302626 ], [ 2800148.858400002121925, 823485.189300000667572 ], [ 2800149.703100003302097, 823489.815999999642372 ], [ 2800156.107100002467632, 823527.439899999648333 ], [ 2800167.605800002813339, 823599.879399999976158 ], [ 2800169.971900001168251, 823612.411299999803305 ], [ 2800171.17960000038147, 823618.807300001382828 ], [ 2800172.852700002491474, 823627.668699998408556 ], [ 2800193.845600001513958, 823744.749099999666214 ], [ 2800194.210900001227856, 823746.51069999858737 ], [ 2800194.531000003218651, 823748.055700000375509 ], [ 2800196.676299996674061, 823758.405999999493361 ], [ 2800198.266000002622604, 823766.075399998575449 ], [ 2800220.70099999755621, 823881.795699998736382 ], [ 2800221.119999997317791, 823883.956799998879433 ], [ 2800222.08389999717474, 823888.930900000035763 ], [ 2800223.274099998176098, 823894.292599998414516 ], [ 2800226.704199999570847, 823909.744699999690056 ], [ 2800238.456600002944469, 823966.313200000673532 ], [ 2800242.67400000244379, 823986.623199999332428 ], [ 2800261.1908999979496, 824079.405000001192093 ], [ 2800277.132500000298023, 824176.583599999547005 ], [ 2800279.766800001263618, 824192.195099998265505 ], [ 2800280.791199997067451, 824198.266800001263618 ], [ 2800292.68469999730587, 824269.499299999326468 ], [ 2800303.669100001454353, 824328.244899999350309 ], [ 2800304.041900001466274, 824330.605000000447035 ], [ 2800307.921499997377396, 824355.17509999871254 ], [ 2800311.617299996316433, 824376.094399999827147 ], [ 2800311.971100002527237, 824378.096999999135733 ], [ 2800337.467699997127056, 824480.600099999457598 ], [ 2800338.760600000619888, 824485.798099998384714 ], [ 2800341.488300003111362, 824499.291200000792742 ], [ 2800342.221100002527237, 824502.916600000113249 ], [ 2800365.988600000739098, 824632.240600001066923 ], [ 2800366.255400002002716, 824633.692600000649691 ], [ 2800366.639700002968311, 824635.482900001108646 ], [ 2800366.641000002622604, 824635.488600000739098 ], [ 2800366.901600003242493, 824636.70380000025034 ], [ 2800368.819399997591972, 824645.638999998569489 ], [ 2800370.315700002014637, 824652.610500000417233 ], [ 2800372.417499996721745, 824667.107299998402596 ], [ 2800386.032700002193451, 824743.972699999809265 ], [ 2800387.219899997115135, 824750.675599999725819 ], [ 2800389.383000001311302, 824764.204300001263618 ], [ 2800392.012999996542931, 824779.5168999992311 ], [ 2800392.89580000191927, 824784.6570999994874 ], [ 2800404.306199997663498, 824851.091099999845028 ], [ 2800404.776500001549721, 824853.828899998217821 ], [ 2800405.624600000679493, 824858.767299998551607 ], [ 2800408.674199998378754, 824876.412900000810623 ], [ 2800425.47240000218153, 824972.78660000115633 ], [ 2800429.802500002086163, 824994.189300000667572 ], [ 2800443.287100002169609, 825052.999099999666214 ], [ 2800456.175399996340275, 825082.482099998742342 ], [ 2800469.272900000214577, 825103.565699998289347 ], [ 2800474.269900001585484, 825203.984400000423193 ], [ 2800473.94879999756813, 825349.310100000351667 ], [ 2800413.226000003516674, 825348.754399999976158 ], [ 2800377.447499997913837, 825348.42960000038147 ], [ 2800316.434500001370907, 825349.760800000280142 ], [ 2800263.768200002610683, 825351.582499999552965 ], [ 2800211.089800000190735, 825351.698499999940395 ], [ 2800148.957299999892712, 825351.69649999961257 ], [ 2800078.86540000140667, 825354.220499999821186 ], [ 2800020.877499997615814, 825355.460900001227856 ], [ 2799960.411799997091293, 825356.405999999493361 ], [ 2799910.800800003111362, 825358.253499999642372 ], [ 2799820.001800000667572, 825363.399099998176098 ], [ 2799831.63570000231266, 825435.882699999958277 ], [ 2799847.179700002074242, 825554.387299999594688 ], [ 2799853.199100002646446, 825600.500199999660254 ], [ 2799855.406499996781349, 825624.252599999308586 ], [ 2799874.314400002360344, 825763.192800000309944 ], [ 2799889.576700001955032, 825763.368400000035763 ], [ 2799909.545900002121925, 825767.253600001335144 ], [ 2799931.504699997603893, 825775.265599999576807 ], [ 2799948.564599998295307, 825791.484000001102686 ], [ 2799961.195600003004074, 825807.442800000309944 ], [ 2799965.004699997603893, 825810.633499998599291 ], [ 2799970.51630000025034, 825815.250199999660254 ], [ 2799972.554700002074242, 825816.957699999213219 ], [ 2799986.773500002920628, 825822.882699999958277 ], [ 2799995.239900000393391, 825826.410599999129772 ], [ 2800022.329800002276897, 825825.539700001478195 ], [ 2800068.848700001835823, 825823.499400001019239 ], [ 2800112.999300003051758, 825821.7652000002563 ], [ 2800152.947800002992153, 825819.648499999195337 ], [ 2800153.449199996888638, 825819.621800001710653 ], [ 2800157.254100002348423, 825819.420200001448393 ], [ 2800163.150100000202656, 825819.107799999415874 ], [ 2800165.19370000064373, 825818.999499998986721 ], [ 2800171.239100001752377, 825818.802999999374151 ], [ 2800174.500500001013279, 825818.697000000625849 ], [ 2800174.744400002062321, 825818.689100001007318 ], [ 2800223.763899996876717, 825817.09569999948144 ], [ 2800258.267300002276897, 825815.178899999707937 ], [ 2800276.834799997508526, 825814.711100000888109 ], [ 2800301.616899996995926, 825813.638999998569489 ], [ 2800334.731600001454353, 825811.131599999964237 ], [ 2800356.513099998235703, 825809.974199999123812 ], [ 2800393.861599996685982, 825808.163199998438358 ], [ 2800406.550399996340275, 825807.692800000309944 ], [ 2800446.276699997484684, 825806.777499999850988 ], [ 2800452.769500002264977, 825807.190000001341105 ], [ 2800473.762599997222424, 825808.216099999845028 ], [ 2800501.801100000739098, 825810.888000000268221 ], [ 2800507.972900003194809, 825811.680500000715256 ], [ 2800530.777000002563, 825815.293099999427795 ], [ 2800559.125500001013279, 825820.573399998247623 ], [ 2800584.987400002777576, 825827.043800000101328 ], [ 2800614.840300001204014, 825836.198399998247623 ], [ 2800659.951300002634525, 825851.895599998533726 ], [ 2800660.818099997937679, 825852.197299998253584 ], [ 2800665.764200001955032, 825853.918400000780821 ], [ 2800679.232600003480911, 825858.605000000447035 ], [ 2800684.46679999679327, 825860.426300000399351 ], [ 2800697.343900002539158, 825864.482900001108646 ], [ 2800701.624600000679493, 825865.831300001591444 ], [ 2800701.943999998271465, 825865.932100001722574 ], [ 2800738.610699996352196, 825877.4831000007689 ], [ 2800756.45719999819994, 825883.516199998557568 ], [ 2800779.461099997162819, 825891.571299999952316 ], [ 2800803.121200002729893, 825899.284099999815226 ], [ 2800821.781999997794628, 825905.301500000059605 ], [ 2800868.764399997889996, 825921.739500001072884 ], [ 2800930.100400000810623, 825935.866399999707937 ], [ 2800937.555200003087521, 825937.305300001055002 ], [ 2800984.253200002014637, 825947.651599999517202 ], [ 2800985.980200000107288, 825948.034200001507998 ], [ 2800993.110600002110004, 825949.614000000059605 ], [ 2801006.981600001454353, 825952.687199998646975 ], [ 2801011.087600000202656, 825953.596900001168251 ], [ 2801011.185900002717972, 825953.618700001388788 ], [ 2801011.274300001561642, 825953.635200001299381 ], [ 2801014.022600002586842, 825954.146899998188019 ], [ 2801020.593699999153614, 825955.494800001382828 ], [ 2801024.806800000369549, 825956.359000001102686 ], [ 2801195.04730000346899, 825991.279500000178814 ], [ 2801215.814400002360344, 825995.980000000447035 ], [ 2801264.000100001692772, 826006.886500000953674 ], [ 2801367.625500001013279, 826029.079500000923872 ], [ 2801426.204300001263618, 826039.406100001186132 ], [ 2801437.137900002300739, 826041.399599999189377 ], [ 2801438.207000002264977, 826041.594500001519918 ], [ 2801438.258400000631809, 826041.605700001120567 ], [ 2801438.296899996697903, 826041.614100001752377 ], [ 2801489.095600001513958, 826052.667899999767542 ], [ 2801499.293300002813339, 826054.226100001484156 ], [ 2801560.63849999755621, 826065.753699999302626 ], [ 2801590.446400001645088, 826071.354499999433756 ], [ 2801640.591600000858307, 826081.417700000107288 ], [ 2801729.879900000989437, 826099.001899998635054 ], [ 2801806.102300003170967, 826101.590999998152256 ], [ 2801896.313000001013279, 826104.655299998819828 ], [ 2801896.365500003099442, 826104.656500000506639 ], [ 2801946.974299997091293, 826106.008200000971556 ], [ 2801947.026900000870228, 826106.009399998933077 ], [ 2801984.186300002038479, 826107.0016999989748 ], [ 2801984.238899998366833, 826107.002999998629093 ], [ 2802071.026500001549721, 826109.323100000619888 ], [ 2802121.670400001108646, 826111.489100001752377 ], [ 2802172.676399998366833, 826118.692600000649691 ], [ 2802173.449000000953674, 826118.801699999719858 ], [ 2802187.418700002133846, 826122.440099999308586 ], [ 2802189.5591000020504, 826122.997499998658895 ], [ 2802248.435500003397465, 826138.335700001567602 ], [ 2802271.138300001621246, 826142.240299999713898 ], [ 2802278.492600001394749, 826145.645100001245737 ], [ 2802286.659500002861023, 826148.598499998450279 ], [ 2802286.975500002503395, 826148.712900001555681 ], [ 2802316.78830000013113, 826157.437300000339746 ], [ 2802354.036200001835823, 826166.015500001609325 ], [ 2802421.679200001060963, 826181.589299999177456 ], [ 2802634.02080000191927, 826230.4983000010252 ], [ 2802921.947899997234344, 826299.686099998652935 ], [ 2803059.030900001525879, 826332.480700001120567 ], [ 2803107.919699996709824, 826344.179499998688698 ], [ 2803192.83669999986887, 826365.106499999761581 ], [ 2803324.35809999704361, 826397.339499998837709 ], [ 2803398.025600001215935, 826414.898699998855591 ], [ 2803493.728299997746944, 826437.872499998658895 ], [ 2803579.345499999821186, 826457.846500001847744 ], [ 2803725.787100002169609, 826491.941300000995398 ], [ 2803780.690399996936321, 826503.538199998438358 ], [ 2803806.230899997055531, 826508.932900000363588 ], [ 2803888.939000003039837, 826518.392599999904633 ], [ 2803892.70610000193119, 826518.823499999940395 ], [ 2803896.229800000786781, 826542.43189999833703 ], [ 2803903.153200000524521, 826543.057399999350309 ], [ 2803904.247400000691414, 826543.156100001186132 ], [ 2803910.909000001847744, 826543.619300000369549 ], [ 2803922.769400000572205, 826544.443900000303984 ], [ 2803949.18129999935627, 826546.280099999159575 ], [ 2803982.3800999969244, 826547.657699998468161 ], [ 2803985.552500002086163, 826547.641600001603365 ], [ 2803993.913500003516674, 826547.599700000137091 ], [ 2803999.776299998164177, 826547.570199999958277 ], [ 2804002.692100003361702, 826547.555500000715256 ], [ 2804007.588200002908707, 826547.498599998652935 ], [ 2804065.366099998354912, 826546.827300000935793 ], [ 2804097.328100003302097, 826544.101700000464916 ], [ 2804141.069200001657009, 826538.89130000025034 ], [ 2804153.000299997627735, 826537.434900000691414 ], [ 2804197.374300003051758, 826532.0135000012815 ], [ 2804240.765500001609325, 826526.713300000876188 ], [ 2804286.050899997353554, 826521.183499999344349 ], [ 2804330.057300001382828, 826515.810100000351667 ], [ 2804372.723899997770786, 826510.597300000488758 ], [ 2804412.736900001764297, 826505.712900001555681 ], [ 2804419.600500002503395, 826504.875100001692772 ], [ 2804422.573700003325939, 826504.474800001829863 ], [ 2804423.727300003170967, 826504.319499999284744 ], [ 2804461.547799997031689, 826499.243099998682737 ], [ 2804468.623400002717972, 826498.293400000780821 ], [ 2804495.027999997138977, 826494.749299999326468 ], [ 2804526.765000000596046, 826490.488499999046326 ], [ 2804567.811700001358986, 826484.977899998426437 ], [ 2804572.885899998247623, 826484.298099998384714 ], [ 2804629.94820000231266, 826476.638900000602007 ], [ 2804690.787799999117851, 826468.471999999135733 ], [ 2804701.507500000298023, 826467.032900001853704 ], [ 2804708.177400000393391, 826466.137499999254942 ], [ 2804713.015100002288818, 826465.488099999725819 ], [ 2804717.06700000166893, 826464.944299999624491 ], [ 2804789.951300002634525, 826455.162500001490116 ], [ 2804856.151699997484684, 826446.276700001209974 ], [ 2804923.537299998104572, 826437.230900000780821 ], [ 2805007.267399996519089, 826426.263900000602007 ], [ 2805068.651299998164177, 826418.372000001370907 ], [ 2805120.419299997389317, 826411.715500000864267 ], [ 2805175.647200003266335, 826404.614999998360872 ], [ 2805178.471100002527237, 826404.251899998635054 ], [ 2805187.277400001883507, 826403.119699999690056 ], [ 2805188.337700001895428, 826402.983399998396635 ], [ 2805237.559600003063679, 826396.655099999159575 ], [ 2805296.118000000715256, 826389.315900001674891 ], [ 2805357.9037000015378, 826381.573499999940395 ], [ 2805400.157300002872944, 826376.085400000214577 ], [ 2805408.958700001239777, 826374.942299999296665 ], [ 2805410.943400003015995, 826374.684500001370907 ], [ 2805469.73929999768734, 826367.050500001758337 ], [ 2805527.898199997842312, 826359.497699998319149 ], [ 2805587.418600000441074, 826352.403499998152256 ], [ 2805625.765500001609325, 826347.833000000566244 ], [ 2805642.468900002539158, 826345.842199999839067 ], [ 2805655.737899996340275, 826344.26069999858737 ], [ 2805679.062799997627735, 826341.438999999314547 ], [ 2805698.431999996304512, 826339.095899999141693 ], [ 2805703.35700000077486, 826338.500100001692772 ], [ 2805766.796899996697903, 826331.690499998629093 ], [ 2805800.139600001275539, 826330.815099999308586 ], [ 2805812.57490000128746, 826330.956700000911951 ], [ 2805819.2787000015378, 826330.914500001817942 ], [ 2805847.156999997794628, 826335.105399999767542 ], [ 2805887.313699997961521, 826346.976700000464916 ], [ 2805897.196800000965595, 826351.356699999421835 ], [ 2805945.135200001299381, 826347.152100000530481 ], [ 2805974.431500002741814, 826354.166499998420477 ], [ 2805986.752499997615814, 826359.283100001513958 ], [ 2805989.845200002193451, 826360.567200001329184 ], [ 2806001.633699998259544, 826365.462699998170137 ], [ 2806045.11370000243187, 826426.031100001186132 ], [ 2806091.618500001728535, 826508.334499999880791 ], [ 2806088.059299997985363, 826510.219700001180172 ], [ 2806068.251299999654293, 826520.549499999731779 ], [ 2806068.655900001525879, 826521.127999998629093 ], [ 2806076.941200003027916, 826532.975999999791384 ], [ 2806088.281099997460842, 826549.192099999636412 ], [ 2806099.231600001454353, 826568.006700001657009 ], [ 2806105.413000002503395, 826578.755699999630451 ], [ 2806107.814900003373623, 826582.932599999010563 ], [ 2806109.985299997031689, 826586.706700000911951 ], [ 2806113.226300001144409, 826592.021699998527765 ], [ 2806118.619800001382828, 826600.867300000041723 ], [ 2806126.596500001847744, 826613.949000000953674 ], [ 2806129.363300003111362, 826618.486699998378754 ], [ 2806132.001000002026558, 826622.8125 ], [ 2806137.828100003302097, 826632.13289999961853 ], [ 2806166.407899998128414, 826677.844900000840425 ], [ 2806168.355499997735023, 826680.749099999666214 ], [ 2806189.666500002145767, 826712.5287000015378 ], [ 2806211.705700002610683, 826748.534499999135733 ], [ 2806237.542099997401237, 826793.421100001782179 ], [ 2806256.28999999910593, 826825.994899999350309 ], [ 2806273.284500002861023, 826856.127300001680851 ], [ 2806292.231499999761581, 826889.19310000166297 ], [ 2806302.271200001239777, 826906.035100001841784 ], [ 2806327.214500002563, 826947.878699999302626 ], [ 2806359.435099996626377, 827002.846900001168251 ], [ 2806402.064099997282028, 827073.740899998694658 ], [ 2806426.428099997341633, 827114.965300001204014 ], [ 2806453.226099997758865, 827161.22520000115037 ], [ 2806456.569399997591972, 827165.094000000506639 ], [ 2806464.052699998021126, 827173.753499999642372 ], [ 2806465.45889999717474, 827176.154599998146296 ], [ 2806472.506499998271465, 827188.188499998301268 ], [ 2806477.086000002920628, 827197.067699998617172 ], [ 2806479.04280000180006, 827200.501299999654293 ], [ 2806481.689900003373623, 827205.172499999403954 ], [ 2806485.008000001311302, 827211.028200000524521 ], [ 2806490.084100000560284, 827219.970800001174212 ], [ 2806579.439800001680851, 827377.388700000941753 ], [ 2806584.76240000128746, 827386.884399998933077 ], [ 2806608.265500001609325, 827428.813700001686811 ], [ 2806608.291199997067451, 827428.859499998390675 ], [ 2806661.477700002491474, 827523.743599999696016 ], [ 2806663.789700001478195, 827527.868099998682737 ], [ 2806666.051700003445148, 827532.006099998950958 ], [ 2806673.160899996757507, 827545.010099999606609 ], [ 2806737.8158999979496, 827654.092000000178814 ], [ 2806746.187200002372265, 827668.215300001204014 ], [ 2806777.221500001847744, 827721.267700001597404 ], [ 2806816.662699997425079, 827787.11710000038147 ], [ 2806833.10530000180006, 827807.355900000780821 ], [ 2806860.325800001621246, 827829.793200001120567 ], [ 2806881.290600001811981, 827843.749699998646975 ], [ 2806909.401100002229214, 827860.756099998950958 ], [ 2806938.213100001215935, 827873.638900000602007 ], [ 2806969.540700003504753, 827885.132699999958277 ], [ 2806991.046800002455711, 827890.393500000238419 ], [ 2807020.6233000010252, 827893.830899998545647 ], [ 2807028.373099997639656, 827894.086500000208616 ], [ 2807253.269900001585484, 827900.355900000780821 ], [ 2807352.093299999833107, 827903.112700000405312 ], [ 2807468.209200002253056, 827904.000500001013279 ], [ 2807679.240800000727177, 827910.145899999886751 ], [ 2807867.708499997854233, 827915.633900001645088 ], [ 2808070.590499997138977, 827924.558699999004602 ], [ 2808076.838600002229214, 827926.854100000113249 ], [ 2808088.260600000619888, 827931.5011 ], [ 2808106.567400000989437, 827939.196100000292063 ], [ 2808124.281400002539158, 827946.28830000013113 ], [ 2808139.008500002324581, 827952.947299998253584 ], [ 2808153.202600002288818, 827959.299499999731779 ], [ 2808163.558600001037121, 827965.770500000566244 ], [ 2808174.224600002169609, 827972.745900001376867 ], [ 2808184.319600000977516, 827979.126499999314547 ], [ 2808196.200800001621246, 827988.647300001233816 ], [ 2808211.826300002634525, 828002.307300001382828 ], [ 2808229.342299997806549, 828019.18470000103116 ], [ 2808239.763800002634525, 828032.715999998152256 ], [ 2808247.764200001955032, 828045.665500000119209 ], [ 2808254.476099997758865, 828060.037099998444319 ], [ 2808256.398599997162819, 828063.511900000274181 ], [ 2808264.036100000143051, 828077.316500000655651 ], [ 2808278.336400002241135, 828072.213100001215935 ], [ 2808291.346100002527237, 828067.570199999958277 ], [ 2808286.542900003492832, 828047.615299999713898 ], [ 2808282.019900001585484, 828002.177299998700619 ], [ 2808270.870700001716614, 827890.167500000447035 ], [ 2808270.709799997508526, 827888.565699998289347 ], [ 2808262.29389999806881, 827804.022799998521805 ], [ 2808257.769100002944469, 827758.564800001680851 ], [ 2808256.799099996685982, 827748.817600000649691 ], [ 2808256.753600001335144, 827748.359000001102686 ], [ 2808245.279200002551079, 827633.093899998813868 ], [ 2808245.278099998831749, 827633.084899999201298 ], [ 2808245.277000002563, 827633.072900000959635 ], [ 2808237.496200002729893, 827554.914000000804663 ], [ 2808234.03320000320673, 827504.554999999701977 ], [ 2808231.557700000703335, 827468.548200000077486 ], [ 2808225.293200001120567, 827377.447299998253584 ], [ 2808223.410400003194809, 827350.070500001311302 ], [ 2808218.332500003278255, 827276.219500001519918 ], [ 2808216.910099998116493, 827255.548900000751019 ], [ 2808215.214299999177456, 827234.524900000542402 ], [ 2808210.973099999129772, 827181.907600000500679 ], [ 2808207.843500003218651, 827143.110800001770258 ], [ 2808205.667099997401237, 827116.100999999791384 ], [ 2808203.001000002026558, 827083.052200000733137 ], [ 2808201.023100003600121, 827058.512800000607967 ], [ 2808195.769500002264977, 826993.359700001776218 ], [ 2808194.70099999755621, 826980.096400000154972 ], [ 2808181.94990000128746, 826821.978399999439716 ], [ 2808180.608999997377396, 826805.344500001519918 ], [ 2808175.172399997711182, 826737.923200000077486 ], [ 2808172.219300001859665, 826701.294700000435114 ], [ 2808171.089100003242493, 826686.787099998444319 ], [ 2808168.450900003314018, 826652.873199999332428 ], [ 2808161.762999996542931, 826566.940699998289347 ], [ 2808158.574100002646446, 826525.964200001209974 ], [ 2808156.062399998307228, 826493.692299999296665 ], [ 2808148.618299998342991, 826398.049899999052286 ], [ 2808145.907899998128414, 826363.204900000244379 ] ] ] ] } },
{ "type": "Feature", "properties": { "CVEGEO": "09007", "CVE_ENT": "09", "CVE_MUN": "007", "NOMGEO": "Iztapalapa", "ENTIDAD FEDERATIVA": "Ciudad de México", "CLAVE DEL MUNICIPIO": 9007, "POBLACIÓN 2020": 1760382, "POBLACIÓN EN SITUACIÓN DE POBREZA 2020": 772584, "POBLACIÓN EN SITUACIÓN DE POBREZA EXTREMA 2020": 115470, "GRADO DE REZAGO": "Muy bajo", "autoad.indig": 164670.5816496, "% autoad.indig": 9.265815, "OCURRENCIAS_DONANTE": 0, "MONTOASIGNADO_TOTAL": 0 }, "geometry": { "type": "MultiPolygon", "coordinates": [ [ [ [ 2812453.034599997103214, 823708.051199998706579 ], [ 2812495.143299996852875, 823685.949999999254942 ], [ 2812505.93639999628067, 823680.284400001168251 ], [ 2812546.574199996888638, 823659.049199998378754 ], [ 2812572.448299996554852, 823645.526500001549721 ], [ 2812592.179899998009205, 823635.215799998492002 ], [ 2812642.315099999308586, 823609.017000000923872 ], [ 2812643.378700003027916, 823608.455099999904633 ], [ 2812692.188199996948242, 823582.681499999016523 ], [ 2812696.579300001263618, 823580.364999998360872 ], [ 2812742.068999998271465, 823556.343100000172853 ], [ 2812754.384199999272823, 823549.841699998825788 ], [ 2812789.998499996960163, 823531.035100001841784 ], [ 2812835.38570000231266, 823507.06980000063777 ], [ 2812838.064900003373623, 823505.653900001198053 ], [ 2812888.394199997186661, 823479.078999999910593 ], [ 2812919.292400002479553, 823462.763399999588728 ], [ 2812935.672799997031689, 823454.114500001072884 ], [ 2812985.7588, 823427.667300000786781 ], [ 2812998.837099999189377, 823420.761300001293421 ], [ 2813029.963299997150898, 823404.32490000128746 ], [ 2813081.913199998438358, 823376.894499998539686 ], [ 2813083.356100000441074, 823376.133000001311302 ], [ 2813129.513400003314018, 823351.760600000619888 ], [ 2813168.572700001299381, 823331.136100001633167 ], [ 2813201.610699996352196, 823311.273600000888109 ], [ 2813226.269500002264977, 823296.449099998921156 ], [ 2813231.101099997758865, 823293.543699998408556 ], [ 2813243.910599999129772, 823285.8429000005126 ], [ 2813244.738200001418591, 823285.34569999948144 ], [ 2813257.735500000417233, 823277.560499999672174 ], [ 2813262.965199999511242, 823274.429200001060963 ], [ 2813263.374399997293949, 823274.184200000017881 ], [ 2813268.076099999248981, 823271.368200000375509 ], [ 2813268.328100003302097, 823271.217799998819828 ], [ 2813268.579999998211861, 823271.067400000989437 ], [ 2813278.077100001275539, 823265.378699999302626 ], [ 2813294.842100001871586, 823255.338199999183416 ], [ 2813294.858400002121925, 823255.328400000929832 ], [ 2813316.477099999785423, 823242.380800001323223 ], [ 2813328.40820000320673, 823235.2347999997437 ], [ 2813338.891999997198582, 823228.9560999982059 ], [ 2813339.752999998629093, 823228.440499998629093 ], [ 2813351.306000001728535, 823221.521099999547005 ], [ 2813351.36599999666214, 823221.484999999403954 ], [ 2813393.310999996960163, 823196.365600001066923 ], [ 2813396.44030000269413, 823194.491500001400709 ], [ 2813425.51969999819994, 823177.074700001627207 ], [ 2813428.0641999989748, 823175.550799999386072 ], [ 2813431.85080000013113, 823173.282999999821186 ], [ 2813455.501000002026558, 823159.119199998676777 ], [ 2813471.395000003278255, 823149.600499998778105 ], [ 2813513.128300003707409, 823124.6081000007689 ], [ 2813555.512100003659725, 823099.22410000115633 ], [ 2813593.464199997484684, 823076.493500001728535 ], [ 2813633.197800002992153, 823052.698300000280142 ], [ 2813643.2871999964118, 823046.655699998140335 ], [ 2813673.195799998939037, 823028.744300000369549 ], [ 2813712.252700001001358, 823005.35249999910593 ], [ 2813738.683399997651577, 822989.523699998855591 ], [ 2813756.534400001168251, 822978.832899998873472 ], [ 2813797.853799998760223, 822954.086399998515844 ], [ 2813799.000399999320507, 822953.421500001102686 ], [ 2813844.872500002384186, 822926.820500001311302 ], [ 2813893.883199997246265, 822898.398400001227856 ], [ 2813934.315700002014637, 822874.950899999588728 ], [ 2813937.776500001549721, 822872.944299999624491 ], [ 2813966.007500000298023, 822856.572799999266863 ], [ 2814009.535199999809265, 822831.331999998539686 ], [ 2814053.021600000560284, 822806.115899998694658 ], [ 2814096.890000000596046, 822780.675000000745058 ], [ 2814139.3108000010252, 822756.074999999254942 ], [ 2814181.766800001263618, 822731.454799998551607 ], [ 2814226.066299997270107, 822705.764899998903275 ], [ 2814230.220899999141693, 822703.356600001454353 ], [ 2814238.355099998414516, 822698.6402000002563 ], [ 2814268.369999997317791, 822680.872400000691414 ], [ 2814305.223800003528595, 822659.054499998688698 ], [ 2814310.947599999606609, 822655.666700001806021 ], [ 2814351.704700000584126, 822631.541400000452995 ], [ 2814392.937299996614456, 822607.131299998611212 ], [ 2814422.382799997925758, 822589.701799999922514 ], [ 2814436.620800003409386, 822581.273400001227856 ], [ 2814453.552500002086163, 822571.249699998646975 ], [ 2814471.436999998986721, 822560.662999998778105 ], [ 2814482.781700000166893, 822553.947599999606609 ], [ 2814498.768200002610683, 822544.484400000423193 ], [ 2814498.7820999994874, 822544.476199999451637 ], [ 2814498.795900002121925, 822544.467999998480082 ], [ 2814507.151900000870228, 822539.521099999547005 ], [ 2814512.846100002527237, 822536.149900000542402 ], [ 2814540.989100001752377, 822519.49040000140667 ], [ 2814547.2837999984622, 822515.765799999237061 ], [ 2814585.387100003659725, 822493.209600001573563 ], [ 2814585.447200000286102, 822493.1739999987185 ], [ 2814585.507100000977516, 822493.1385000012815 ], [ 2814585.721500001847744, 822493.011199999600649 ], [ 2814585.942400000989437, 822492.880800001323223 ], [ 2814585.999099999666214, 822492.847300000488758 ], [ 2814586.055500000715256, 822492.813900001347065 ], [ 2814621.376199997961521, 822471.904199998825788 ], [ 2814631.260300002992153, 822466.054400000721216 ], [ 2814654.211000002920628, 822452.469399999827147 ], [ 2814666.090800002217293, 822445.436999998986721 ], [ 2814689.874499998986721, 822431.358300000429153 ], [ 2814713.11599999666214, 822417.599300000816584 ], [ 2814713.290799997746944, 822417.495600000023842 ], [ 2814713.334600001573563, 822417.469700001180172 ], [ 2814713.464199997484684, 822417.392900001257658 ], [ 2814737.17400000244379, 822403.357200000435114 ], [ 2814742.330200001597404, 822400.304900001734495 ], [ 2814763.343000002205372, 822387.866300001740456 ], [ 2814789.82599999755621, 822372.190499998629093 ], [ 2814807.445799998939037, 822361.759799998253584 ], [ 2814819.837999999523163, 822354.423599999397993 ], [ 2814853.413999997079372, 822334.549800001084805 ], [ 2814853.642899997532368, 822334.413699999451637 ], [ 2814853.685999996960163, 822334.388099998235703 ], [ 2814853.726199999451637, 822334.36430000141263 ], [ 2814853.77250000089407, 822334.336800001561642 ], [ 2814854.133299998939037, 822334.123399998992682 ], [ 2814865.693099997937679, 822327.280499998480082 ], [ 2814875.712899997830391, 822321.34910000115633 ], [ 2814888.42119999974966, 822313.826200000941753 ], [ 2814897.021700002253056, 822308.735700000077486 ], [ 2814924.684799998998642, 822292.360500000417233 ], [ 2814942.837499998509884, 822281.613299999386072 ], [ 2814963.415399998426437, 822269.43299999833107 ], [ 2814984.432800002396107, 822256.99040000140667 ], [ 2814995.385399997234344, 822250.507399998605251 ], [ 2815030.167199999094009, 822229.918800000101328 ], [ 2815030.173299998044968, 822229.915199998766184 ], [ 2815030.448700003325939, 822229.751499999314547 ], [ 2815030.704099997878075, 822229.599599998444319 ], [ 2815031.226499997079372, 822229.291999999433756 ], [ 2815031.236400000751019, 822229.286100000143051 ], [ 2815061.962700001895428, 822211.097300000488758 ], [ 2815061.968999996781349, 822211.093600001186132 ], [ 2815066.678199999034405, 822208.305900000035763 ], [ 2815075.10809999704361, 822203.315699998289347 ], [ 2815102.147900000214577, 822187.309799998998642 ], [ 2815106.989699997007847, 822182.472899999469519 ], [ 2815117.045900002121925, 822172.427099999040365 ], [ 2815122.775799997150898, 822122.057300001382828 ], [ 2815117.69370000064373, 822106.627399999648333 ], [ 2815111.471000000834465, 822087.730000000447035 ], [ 2815110.183600001037121, 822081.611800000071526 ], [ 2815106.928000003099442, 822066.121899999678135 ], [ 2815104.07940000295639, 822052.559500001370907 ], [ 2815103.101899996399879, 822047.908500000834465 ], [ 2815100.382700003683567, 822034.974800001829863 ], [ 2815095.57039999961853, 822012.07490000128746 ], [ 2815093.883000001311302, 822004.050400000065565 ], [ 2815081.51240000128746, 821945.187100000679493 ], [ 2815075.145900003612041, 821914.900400001555681 ], [ 2815071.783699996769428, 821898.900400001555681 ], [ 2815066.786399997770786, 821875.1233000010252 ], [ 2815059.239600002765656, 821839.207600001245737 ], [ 2815054.634700000286102, 821817.303399998694658 ], [ 2815051.71339999884367, 821803.4070999994874 ], [ 2815044.189300000667572, 821767.605500001460314 ], [ 2815042.337200000882149, 821758.785999998450279 ], [ 2815039.507299996912479, 821745.331000000238419 ], [ 2815037.744800001382828, 821736.942999999970198 ], [ 2815034.549999997019768, 821721.739100001752377 ], [ 2815028.672200001776218, 821693.774500001221895 ], [ 2815025.42790000140667, 821678.338899999856949 ], [ 2815025.086800001561642, 821676.716499999165535 ], [ 2815017.288099996745586, 821639.609700001776218 ], [ 2815016.41160000115633, 821635.834199998527765 ], [ 2815012.523900002241135, 821619.100999999791384 ], [ 2815010.693899996578693, 821611.227099999785423 ], [ 2815006.244800001382828, 821592.079700000584126 ], [ 2815001.775499999523163, 821572.845899999141693 ], [ 2814993.122400000691414, 821535.604100000113249 ], [ 2814989.735299997031689, 821521.028799999505281 ], [ 2814966.677199997007847, 821421.797200001776218 ], [ 2814958.759199999272823, 821387.718499999493361 ], [ 2814953.944200001657009, 821377.621199999004602 ], [ 2814946.105800002813339, 821361.185100000351667 ], [ 2814899.067100003361702, 821262.55689999833703 ], [ 2814887.726499997079372, 821238.772599998861551 ], [ 2814859.648999996483326, 821215.877399999648333 ], [ 2814849.873800002038479, 821184.795899998396635 ], [ 2814849.874600000679493, 821137.858399998396635 ], [ 2814880.355800002813339, 821106.537599999457598 ], [ 2814935.935699999332428, 821055.594700001180172 ], [ 2815069.146099999547005, 820942.783300001174212 ], [ 2815072.431999996304512, 820940.001499999314547 ], [ 2815164.845799997448921, 820861.738600000739098 ], [ 2815179.654100000858307, 820849.198899999260902 ], [ 2815190.9358000010252, 820838.325300000607967 ], [ 2815230.465499997138977, 820800.231499999761581 ], [ 2815241.831299997866154, 820789.277899999171495 ], [ 2815258.433499999344349, 820773.277100000530481 ], [ 2815273.11429999768734, 820759.12950000166893 ], [ 2815325.218299999833107, 820708.915300000458956 ], [ 2815376.707699999213219, 820659.29450000077486 ], [ 2815424.76410000026226, 820612.984600000083447 ], [ 2815467.413900002837181, 820571.880899999290705 ], [ 2815540.54110000282526, 820501.408300001174212 ], [ 2815591.871699996292591, 820451.282600000500679 ], [ 2815595.071900002658367, 820448.157900001853704 ], [ 2815638.82150000333786, 820405.436900001019239 ], [ 2815760.368600003421307, 820286.746399998664856 ], [ 2815778.592500001192093, 820268.951200000941753 ], [ 2815822.573100000619888, 820226.004200000315905 ], [ 2815849.012299999594688, 820200.186299998313189 ], [ 2815891.042900003492832, 820159.144299998879433 ], [ 2815903.1300999969244, 820147.341899998486042 ], [ 2815926.599299997091293, 820124.423099998384714 ], [ 2815993.280699998140335, 820060.278099998831749 ], [ 2816132.469099998474121, 819926.389499999582767 ], [ 2816150.910899996757507, 819908.648499999195337 ], [ 2816167.8081, 819892.395100001245737 ], [ 2816245.973099999129772, 819817.205299999564886 ], [ 2816270.160099998116493, 819793.506299998611212 ], [ 2816335.752700001001358, 819729.235500000417233 ], [ 2816343.815600000321865, 819721.335099998861551 ], [ 2816420.326300002634525, 819646.366700001060963 ], [ 2816445.890900000929832, 819621.318900000303984 ], [ 2816459.805500000715256, 819607.684799998998642 ], [ 2816492.642700001597404, 819575.508699998259544 ], [ 2816511.031499996781349, 819557.489599999040365 ], [ 2816513.867299996316433, 819554.713100001215935 ], [ 2816535.529500000178814, 819533.487100001424551 ], [ 2816562.493299998342991, 819501.292899999767542 ], [ 2816612.483199998736382, 819441.60700000077486 ], [ 2816612.523699998855591, 819441.558699999004602 ], [ 2816612.564099997282028, 819441.510400000959635 ], [ 2816614.003499999642372, 819439.790899999439716 ], [ 2816639.954099997878075, 819408.804900001734495 ], [ 2816641.412699997425079, 819407.063299998641014 ], [ 2816671.964100003242493, 819355.337699998170137 ], [ 2816699.1118, 819309.368900001049042 ], [ 2816711.659299999475479, 819288.127700001001358 ], [ 2816788.360299997031689, 819158.317999999970198 ], [ 2816825.619599997997284, 819100.281500000506639 ], [ 2816856.815700002014637, 819051.69200000166893 ], [ 2816857.001000002026558, 819051.403299998492002 ], [ 2816894.196400001645088, 818993.468299999833107 ], [ 2816922.563799999654293, 818961.145599998533726 ], [ 2816950.033600002527237, 818929.845100000500679 ], [ 2816984.689900003373623, 818890.354800000786781 ], [ 2817018.179200001060963, 818852.196899998933077 ], [ 2817018.239500001072884, 818852.145500000566244 ], [ 2817018.243500001728535, 818852.142099998891354 ], [ 2817018.269500002264977, 818852.120000001043081 ], [ 2817018.441500000655651, 818851.973600000143051 ], [ 2817018.564800001680851, 818851.868700001388788 ], [ 2817018.601099997758865, 818851.837900001555681 ], [ 2817019.440800003707409, 818851.123500000685453 ], [ 2817021.050800003111362, 818849.753800000995398 ], [ 2817021.516699999570847, 818849.357500001788139 ], [ 2817022.632500000298023, 818848.408100001513958 ], [ 2817030.644599996507168, 818841.591899998486042 ], [ 2817037.776299998164177, 818835.524599999189377 ], [ 2817040.270099997520447, 818833.403000000864267 ], [ 2817048.511600002646446, 818826.391499999910593 ], [ 2817050.615199998021126, 818824.601799998432398 ], [ 2817059.101099997758865, 818817.382399998605251 ], [ 2817066.483599998056889, 818811.101700000464916 ], [ 2817066.5066, 818811.082100000232458 ], [ 2817068.226000003516674, 818809.619300000369549 ], [ 2817125.639700002968311, 818760.774500001221895 ], [ 2817173.590899996459484, 818719.979899998754263 ], [ 2817182.210400000214577, 818712.648299999535084 ], [ 2817185.567400000989437, 818709.942400000989437 ], [ 2817206.802100002765656, 818692.826499998569489 ], [ 2817280.565399996936321, 818633.377700001001358 ], [ 2817305.328100003302097, 818613.420400001108646 ], [ 2817351.489699997007847, 818573.4989 ], [ 2817420.399599999189377, 818513.904199998825788 ], [ 2817455.922600001096725, 818483.358600001782179 ], [ 2817490.230899997055531, 818453.857599999755621 ], [ 2817504.883299998939037, 818441.258200000971556 ], [ 2817652.7971, 818314.069899998605251 ], [ 2817662.233300000429153, 818305.955299999564886 ], [ 2817681.625900000333786, 818289.278599999845028 ], [ 2817688.55349999666214, 818283.322399999946356 ], [ 2817690.096199996769428, 818281.996100001037121 ], [ 2817726.4309, 818250.7516999989748 ], [ 2817728.027500003576279, 818249.378800000995398 ], [ 2817770.568499997258186, 818212.799300000071526 ], [ 2817778.319799996912479, 818206.135400000959635 ], [ 2817808.839599996805191, 818179.88910000026226 ], [ 2817823.615900002419949, 818167.507699999958277 ], [ 2817851.258599996566772, 818144.340700000524521 ], [ 2817899.917999997735023, 818103.563900001347065 ], [ 2817939.393100000917912, 818070.4814000017941 ], [ 2817965.562799997627735, 818048.549800001084805 ], [ 2817973.560199998319149, 818041.847500000149012 ], [ 2817977.7324, 818038.350600000470877 ], [ 2817982.770099997520447, 818034.128100000321865 ], [ 2818120.440600000321865, 817918.753699999302626 ], [ 2818143.969099998474121, 817898.749600000679493 ], [ 2818227.395499996840954, 817827.820099998265505 ], [ 2818276.838699996471405, 817785.78319999948144 ], [ 2818382.236199997365475, 817696.173799999058247 ], [ 2818403.396700002253056, 817678.183100000023842 ], [ 2818419.191799998283386, 817664.754000000655651 ], [ 2818420.615800000727177, 817663.543299999088049 ], [ 2818427.514300003647804, 817657.678199999034405 ], [ 2818453.024400003254414, 817635.98930000141263 ], [ 2818458.959899999201298, 817630.941300000995398 ], [ 2818499.005900003015995, 817596.88289999961853 ], [ 2818499.177100002765656, 817596.737399999052286 ], [ 2818454.432599999010563, 817598.200800001621246 ], [ 2818451.266000002622604, 817598.304299999028444 ], [ 2818448.539200000464916, 817598.393500000238419 ], [ 2818444.660700000822544, 817598.520100001245737 ], [ 2818443.901600003242493, 817598.544799998402596 ], [ 2818438.320500001311302, 817598.724399998784065 ], [ 2818421.008900001645088, 817599.281899999827147 ], [ 2818411.438299998641014, 817599.589999999850988 ], [ 2818408.999099999666214, 817599.668600000441074 ], [ 2818405.734899997711182, 817599.773699998855591 ], [ 2818362.178000003099442, 817601.176199998706579 ], [ 2818359.581600002944469, 817601.259799998253584 ], [ 2818356.327299997210503, 817601.364599999040365 ], [ 2818313.836999997496605, 817602.732799999415874 ], [ 2818307.773900002241135, 817602.927999999374151 ], [ 2818300.063699997961521, 817603.176300000399351 ], [ 2818297.402300000190735, 817603.261999998241663 ], [ 2818248.118299998342991, 817604.848900001496077 ], [ 2818244.302500002086163, 817604.971799999475479 ], [ 2818240.14580000191927, 817605.105700001120567 ], [ 2818192.531300000846386, 817606.638700000941753 ], [ 2818190.195000000298023, 817606.714000001549721 ], [ 2818185.996299996972084, 817606.849199999123812 ], [ 2818127.860500000417233, 817608.721200000494719 ], [ 2818122.027300000190735, 817608.909000001847744 ], [ 2818117.92119999974966, 817609.041200000792742 ], [ 2818063.386500000953674, 817610.797200001776218 ], [ 2818060.783299997448921, 817610.881000000983477 ], [ 2818056.825000002980232, 817611.008499998599291 ], [ 2817949.030699998140335, 817614.479400001466274 ], [ 2817936.0537, 817614.897300001233816 ], [ 2817926.283100001513958, 817615.211899999529123 ], [ 2817922.218599997460842, 817615.342799998819828 ], [ 2817901.379199996590614, 817616.013700000941753 ], [ 2817897.401000000536442, 817616.141600001603365 ], [ 2817889.700000002980232, 817616.389600001275539 ], [ 2817879.968699999153614, 817616.702599998563528 ], [ 2817678.404399998486042, 817618.044700000435114 ], [ 2817678.338299997150898, 817618.045099999755621 ], [ 2817674.343999996781349, 817611.739000000059605 ], [ 2817643.602300003170967, 817563.20890000090003 ], [ 2817608.868000000715256, 817508.377900000661612 ], [ 2817608.864799998700619, 817508.372699998319149 ], [ 2817599.878600001335144, 817509.087999999523163 ], [ 2817572.445900000631809, 817511.275199998170137 ], [ 2817513.853799998760223, 817518.645799998193979 ], [ 2817458.359999999403954, 817525.627199999988079 ], [ 2817415.896999999880791, 817552.856499999761581 ], [ 2817374.340499997138977, 817579.503299999982119 ], [ 2817004.39919999986887, 817597.70719999819994 ], [ 2816940.070699997246265, 817593.728999998420477 ], [ 2816875.402699999511242, 817515.436700001358986 ], [ 2816853.148199997842312, 817514.384300000965595 ], [ 2816849.59740000218153, 817514.216400001198053 ], [ 2816840.214199997484684, 817513.772599998861551 ], [ 2816848.442400000989437, 817443.039500001817942 ], [ 2816818.328100003302097, 817437.931699998676777 ], [ 2816808.965300001204014, 817514.126299999654293 ], [ 2816771.877899996936321, 817526.660100001841784 ], [ 2816724.274300001561642, 817542.837200000882149 ], [ 2816723.845600001513958, 817542.982900001108646 ], [ 2816723.783299997448921, 817543.004099998623133 ], [ 2816722.608599998056889, 817536.429699998348951 ], [ 2816714.737700000405312, 817492.377300001680851 ], [ 2816656.409500002861023, 817515.854899998754263 ], [ 2816668.198100000619888, 817548.435300000011921 ], [ 2816639.123499996960163, 817552.890399999916553 ], [ 2816634.930299997329712, 817525.567800000309944 ], [ 2816634.928900003433228, 817525.558800000697374 ], [ 2816634.732299998402596, 817524.278099998831749 ], [ 2816627.401399999856949, 817476.510999999940395 ], [ 2816611.049699999392033, 817472.696199998259544 ], [ 2816610.194200001657009, 817461.593499999493361 ], [ 2816607.929399996995926, 817432.19990000128746 ], [ 2816606.243299998342991, 817410.317200001329184 ], [ 2816605.020099997520447, 817394.442099999636412 ], [ 2816605.019799999892712, 817394.438200000673532 ], [ 2816579.319600000977516, 817395.96059999987483 ], [ 2816566.454499997198582, 817396.722699999809265 ], [ 2816523.258900001645088, 817399.280799999833107 ], [ 2816484.479299999773502, 817405.967599999159575 ], [ 2816433.241999998688698, 817417.79450000077486 ], [ 2816425.8158999979496, 817422.417899999767542 ], [ 2816388.798600003123283, 817473.152300000190735 ], [ 2816421.0176, 817511.65089999884367 ], [ 2816441.960500001907349, 817536.675700001418591 ], [ 2816495.122299998998642, 817600.198899999260902 ], [ 2816462.78830000013113, 817638.443500000983477 ], [ 2816355.354800000786781, 817641.471099998801947 ], [ 2815763.631999999284744, 817657.815600000321865 ], [ 2815463.846900001168251, 817666.128299999982119 ], [ 2815091.838699996471405, 817676.440200001001358 ], [ 2814564.195100001990795, 817691.069899998605251 ], [ 2814209.478100001811981, 817700.906800001859665 ], [ 2814209.416900001466274, 817700.908500000834465 ], [ 2813564.715700000524521, 817470.732099998742342 ], [ 2813367.24549999833107, 817400.245200000703335 ], [ 2812400.602399997413158, 817055.210099998861551 ], [ 2811649.234399996697903, 816786.881900001317263 ], [ 2811647.657899998128414, 816786.3766999989748 ], [ 2810716.730899997055531, 816487.755199998617172 ], [ 2810319.307499997317791, 816360.513099998235703 ], [ 2810313.11540000140667, 816355.980799999088049 ], [ 2810306.923299998044968, 816351.448600001633167 ], [ 2810294.332800000905991, 816333.785999998450279 ], [ 2810288.468199998140335, 816325.559000000357628 ], [ 2810280.829800002276897, 816312.632500000298023 ], [ 2810276.111599996685982, 816304.647900000214577 ], [ 2810269.005000002682209, 816292.622699998319149 ], [ 2810267.35249999910593, 816289.826400000602007 ], [ 2810262.005699999630451, 816280.781399998813868 ], [ 2810259.698399998247623, 816276.875999998301268 ], [ 2810255.83110000193119, 816271.818799998611212 ], [ 2810253.375399999320507, 816268.6081000007689 ], [ 2810239.810500003397465, 816250.871800001710653 ], [ 2810232.367399998009205, 816244.050400000065565 ], [ 2810214.257299996912479, 816259.578099999576807 ], [ 2810201.960500001907349, 816270.120900001376867 ], [ 2810182.522200003266335, 816286.786499999463558 ], [ 2810177.112000003457069, 816291.424899999052286 ], [ 2810140.887900002300739, 816322.481499999761581 ], [ 2810109.714699998497963, 816293.422499999403954 ], [ 2810010.595499999821186, 816201.030299998819828 ], [ 2810003.060900002717972, 816209.408700000494719 ], [ 2809985.362300001084805, 816186.857299998402596 ], [ 2809982.018100000917912, 816182.409299999475479 ], [ 2809961.746500000357628, 816155.453499998897314 ], [ 2809956.985100001096725, 816149.122600000351667 ], [ 2809940.289499998092651, 816126.919900000095367 ], [ 2809927.081299997866154, 816109.355700001120567 ], [ 2809918.640699997544289, 816098.131700001657009 ], [ 2809915.063699997961521, 816093.376299999654293 ], [ 2809900.79110000282526, 816074.39469999819994 ], [ 2809898.260899998247623, 816071.032299999147654 ], [ 2809875.651699997484684, 816040.966699998825788 ], [ 2809851.031499996781349, 816008.22749999910593 ], [ 2809827.020499996840954, 815976.296900000423193 ], [ 2809816.035099998116493, 815961.688099998980761 ], [ 2809711.779899999499321, 816037.134700000286102 ], [ 2809702.819499999284744, 816043.636700000613928 ], [ 2809686.504299998283386, 816022.143100000917912 ], [ 2809686.31530000269413, 816021.896299999207258 ], [ 2809676.0287000015378, 816030.965700000524521 ], [ 2809639.778899997472763, 816087.142900001257658 ], [ 2809622.689900003373623, 816106.911200001835823 ], [ 2809602.801100000739098, 816130.542700000107288 ], [ 2809598.760899998247623, 816135.343100000172853 ], [ 2809593.045500002801418, 816142.998399998992682 ], [ 2809581.603699997067451, 816158.327399998903275 ], [ 2809568.323899999260902, 816173.423300001770258 ], [ 2809546.774899996817112, 816191.050400000065565 ], [ 2809527.65820000320673, 816211.553300000727177 ], [ 2809495.0801, 816249.737500000745058 ], [ 2809488.126900002360344, 816226.690499998629093 ], [ 2809446.293700002133846, 816166.98759999871254 ], [ 2809404.355999998748302, 816107.135400000959635 ], [ 2809386.73870000243187, 816081.992600001394749 ], [ 2809341.503700003027916, 816017.434500001370907 ], [ 2809312.039599999785423, 815977.241500001400709 ], [ 2809266.803199999034405, 815915.53319999948144 ], [ 2809266.133299998939037, 815914.618299998342991 ], [ 2809210.907300002872944, 815955.717000000178814 ], [ 2809186.587499998509884, 815972.078299999237061 ], [ 2809112.781300000846386, 816021.732099998742342 ], [ 2809112.273699998855591, 816022.049499999731779 ], [ 2809100.038699999451637, 816029.690099999308586 ], [ 2809075.480999998748302, 815999.937899999320507 ], [ 2809053.260499998927116, 815973.017299998551607 ], [ 2809048.612199999392033, 815966.784000001847744 ], [ 2808934.60869999974966, 815813.908900000154972 ], [ 2808932.498499996960163, 815810.936500001698732 ], [ 2808912.881499998271465, 815783.304099999368191 ], [ 2808751.195699997246265, 815901.361099999397993 ], [ 2808730.995700001716614, 815874.630499999970198 ], [ 2808729.475199997425079, 815872.669199999421835 ], [ 2808710.087499998509884, 815847.674300000071526 ], [ 2808707.759199999272823, 815844.670699998736382 ], [ 2808683.278800003230572, 815813.870600000023842 ], [ 2808662.005500003695488, 815787.274700000882149 ], [ 2808637.170800000429153, 815753.149500001221895 ], [ 2808613.086499996483326, 815721.57490000128746 ], [ 2808607.654899999499321, 815714.454300001263618 ], [ 2808591.315099999308586, 815692.120200000703335 ], [ 2808577.94030000269413, 815673.839400000870228 ], [ 2808548.279100000858307, 815634.393800001591444 ], [ 2808514.937899999320507, 815589.55970000103116 ], [ 2808504.234099999070168, 815575.098900001496077 ], [ 2808430.013300001621246, 815474.82880000025034 ], [ 2808279.828599996864796, 815272.900100000202656 ], [ 2808130.004600003361702, 815069.436299998313189 ], [ 2808064.969899997115135, 815095.656700000166893 ], [ 2808022.778899997472763, 815113.343499999493361 ], [ 2807835.115800000727177, 815173.820599999278784 ], [ 2807757.468500003218651, 815199.193199999630451 ], [ 2807754.94990000128746, 815191.037300001829863 ], [ 2807753.985600002110004, 815187.914799999445677 ], [ 2807726.2871999964118, 815098.218899998813868 ], [ 2807715.037500001490116, 815062.190400000661612 ], [ 2807695.2179000005126, 814998.50899999961257 ], [ 2807681.394599996507168, 814954.178800001740456 ], [ 2807664.237099997699261, 814896.760299999266863 ], [ 2807650.284800000488758, 814850.835299998521805 ], [ 2807649.267700001597404, 814847.569400001317263 ], [ 2807622.225400000810623, 814750.144600000232458 ], [ 2807643.4375, 814689.14130000025034 ], [ 2807661.8037, 814636.323300000280142 ], [ 2807665.976899996399879, 814626.19539999961853 ], [ 2807714.296400003135204, 814513.267400000244379 ], [ 2807752.002999998629093, 814424.870299998670816 ], [ 2807773.968900002539158, 814395.341600000858307 ], [ 2807820.5304000005126, 814332.748599998652935 ], [ 2807838.314900003373623, 814308.839400000870228 ], [ 2807855.786799997091293, 814275.832299999892712 ], [ 2807858.77250000089407, 814241.39130000025034 ], [ 2807860.27250000089407, 814224.101300001144409 ], [ 2807862.11599999666214, 814210.877199999988079 ], [ 2807871.630800001323223, 814167.997299998998642 ], [ 2807878.104500003159046, 814143.379399999976158 ], [ 2807883.81870000064373, 814121.653200000524521 ], [ 2807889.780199997127056, 814098.960400000214577 ], [ 2807891.064499996602535, 814094.457499999552965 ], [ 2807915.344700001180172, 814003.020599998533726 ], [ 2807931.939000003039837, 813959.503899998962879 ], [ 2807959.48759999871254, 813937.391399998217821 ], [ 2807976.238799996674061, 813923.676600001752377 ], [ 2807973.337300002574921, 813864.409499999135733 ], [ 2807972.704099997878075, 813810.685300000011921 ], [ 2807972.176100000739098, 813765.795299999415874 ], [ 2807970.4408999979496, 813762.139600001275539 ], [ 2807966.924900002777576, 813754.731300000101328 ], [ 2807962.863600000739098, 813749.761100001633167 ], [ 2807924.763800002634525, 813703.13399999961257 ], [ 2807882.812200002372265, 813651.786299999803305 ], [ 2807850.347499996423721, 813612.207800000905991 ], [ 2807825.354000002145767, 813583.820500001311302 ], [ 2807792.692299999296665, 813546.727899998426437 ], [ 2807787.915700003504753, 813541.302499998360872 ], [ 2807777.235500000417233, 813529.325699999928474 ], [ 2807756.790100000798702, 813506.397900000214577 ], [ 2807712.936899997293949, 813457.54450000077486 ], [ 2807701.857299998402596, 813445.198499999940395 ], [ 2807689.435099996626377, 813431.44819999858737 ], [ 2807654.907700002193451, 813393.222300000488758 ], [ 2807632.578900001943111, 813368.504900000989437 ], [ 2807625.770599998533726, 813360.967700000852346 ], [ 2807590.877999998629093, 813322.337000001221895 ], [ 2807573.841600000858307, 813303.710200000554323 ], [ 2807555.803999997675419, 813284.001899998635054 ], [ 2807549.531000003218651, 813277.14809999987483 ], [ 2807528.541000001132488, 813254.212699998170137 ], [ 2807521.64750000089407, 813246.731199998408556 ], [ 2807504.873800002038479, 813228.528400000184774 ], [ 2807487.224200002849102, 813209.372400000691414 ], [ 2807451.852099999785423, 813170.981699999421835 ], [ 2807420.110600002110004, 813136.534299999475479 ], [ 2807416.265299998223782, 813132.361400000751019 ], [ 2807401.4934, 813115.722199998795986 ], [ 2807383.6162, 813095.58559999987483 ], [ 2807363.609300002455711, 813073.049199998378754 ], [ 2807342.782399997115135, 813049.337799999862909 ], [ 2807326.463699996471405, 813030.753600001335144 ], [ 2807310.572300001978874, 813012.655099999159575 ], [ 2807307.51860000193119, 813009.198499999940395 ], [ 2807289.199000000953674, 812985.867400001734495 ], [ 2807270.914099998772144, 812962.576799999922514 ], [ 2807262.373499996960163, 812951.700800001621246 ], [ 2807254.066699996590614, 812941.234700001776218 ], [ 2807235.811300002038479, 812918.238499999046326 ], [ 2807220.874799996614456, 812899.420899998396635 ], [ 2807201.070900000631809, 812913.357999999076128 ], [ 2807123.416199997067451, 812983.430799998342991 ], [ 2806963.636, 813127.610100001096725 ], [ 2806877.124600000679493, 813208.452899999916553 ], [ 2806858.881700001657009, 813222.424499999731779 ], [ 2806676.288199998438358, 813345.764600001275539 ], [ 2806632.370899997651577, 813374.99549999833107 ], [ 2806584.0735, 813410.039700001478195 ], [ 2806551.276000000536442, 813451.454199999570847 ], [ 2806479.638700000941753, 813550.127500001341105 ], [ 2806337.563699997961521, 813752.880499999970198 ], [ 2806327.920100003480911, 813765.295499999076128 ], [ 2806284.94030000269413, 813793.686000000685453 ], [ 2806252.609700001776218, 813820.194699998944998 ], [ 2806184.260099999606609, 813900.41160000115633 ], [ 2806150.789399996399879, 813941.175999999046326 ], [ 2806125.457500003278255, 813971.535100001841784 ], [ 2806073.04110000282526, 814035.138300001621246 ], [ 2806043.277199998497963, 814069.196699999272823 ], [ 2806000.322700001299381, 814120.148200001567602 ], [ 2805791.025799997150898, 814374.921500001102686 ], [ 2805699.538000002503395, 814491.105799999088049 ], [ 2805677.221000000834465, 814537.749800000339746 ], [ 2805653.57150000333786, 814573.77930000051856 ], [ 2805626.284999996423721, 814607.928399998694658 ], [ 2805597.446800000965595, 814642.244800001382828 ], [ 2805570.994300000369549, 814677.815400000661612 ], [ 2805558.768200002610683, 814693.903000000864267 ], [ 2805546.542099997401237, 814709.990600001066923 ], [ 2805517.367700003087521, 814744.515599999576807 ], [ 2805487.738300003111362, 814775.79839999973774 ], [ 2805460.775700002908707, 814810.755899999290705 ], [ 2805434.854500003159046, 814843.068199999630451 ], [ 2805407.926399998366833, 814875.87779999896884 ], [ 2805377.605800002813339, 814909.885000001639128 ], [ 2805363.349799998104572, 814920.614500001072884 ], [ 2805318.231299996376038, 814940.803300000727177 ], [ 2805268.49379999935627, 814978.910000000149012 ], [ 2805267.096900001168251, 814980.647100001573563 ], [ 2805238.383599996566772, 815015.179699998348951 ], [ 2805217.684000000357628, 815036.639800000935793 ], [ 2805217.682199999690056, 815036.644000001251698 ], [ 2805187.252499997615814, 815107.017200000584126 ], [ 2805185.711900003254414, 815108.863600000739098 ], [ 2805164.771899998188019, 815133.958500001579523 ], [ 2805142.796599999070168, 815163.913499999791384 ], [ 2805138.284299999475479, 815170.064399998635054 ], [ 2805136.851899996399879, 815171.437300000339746 ], [ 2805132.620200000703335, 815175.493299998342991 ], [ 2805122.049800001084805, 815187.795499999076128 ], [ 2805114.17790000140667, 815196.957299999892712 ], [ 2805110.1096, 815201.122699998319149 ], [ 2805090.000200003385544, 815221.71169999986887 ], [ 2805077.094099998474121, 815234.925599999725819 ], [ 2805070.740599997341633, 815241.430799998342991 ], [ 2805068.333599999547005, 815244.803300000727177 ], [ 2805047.909500002861023, 815273.419799998402596 ], [ 2805040.001299999654293, 815282.328999999910593 ], [ 2805032.723999999463558, 815290.527399998158216 ], [ 2805020.6266999989748, 815304.155900001525879 ], [ 2805012.696000002324581, 815321.943599998950958 ], [ 2805008.056900002062321, 815332.348499998450279 ], [ 2805000.761699996888638, 815342.250999998301268 ], [ 2804989.688199996948242, 815357.282299999147654 ], [ 2804978.42339999973774, 815368.077199999243021 ], [ 2804962.582599997520447, 815383.576900001615286 ], [ 2804934.001199997961521, 815411.54280000180006 ], [ 2804926.195299997925758, 815422.104400001466274 ], [ 2804924.697499997913837, 815424.037200000137091 ], [ 2804907.882500000298023, 815445.735300000756979 ], [ 2804903.811800003051758, 815450.545899998396635 ], [ 2804879.550899997353554, 815479.216899998486042 ], [ 2804877.880800001323223, 815481.190600000321865 ], [ 2804875.060099996626377, 815484.939500000327826 ], [ 2804812.703299999237061, 815567.817400000989437 ], [ 2804778.619499996304512, 815613.435100000351667 ], [ 2804772.374399997293949, 815620.546000000089407 ], [ 2804758.068999998271465, 815637.851100001484156 ], [ 2804723.39639999717474, 815678.348299998790026 ], [ 2804712.800399996340275, 815688.6435999982059 ], [ 2804683.812200002372265, 815722.135600000619888 ], [ 2804677.344700001180172, 815730.19480000063777 ], [ 2804672.103000000119209, 815736.726500000804663 ], [ 2804660.640699997544289, 815751.959499999880791 ], [ 2804623.130699999630451, 815799.710799999535084 ], [ 2804618.74210000038147, 815805.692299999296665 ], [ 2804581.135099999606609, 815854.312800001353025 ], [ 2804542.140699997544289, 815904.727099999785423 ], [ 2804525.586400002241135, 815926.477299999445677 ], [ 2804507.3141999989748, 815915.426899999380112 ], [ 2804431.956000000238419, 816015.456700000911951 ], [ 2804336.656199999153614, 816137.595800001174212 ], [ 2804239.068499997258186, 816265.179699998348951 ], [ 2804165.574100002646446, 816356.214299999177456 ], [ 2804136.542499996721745, 816393.888599999248981 ], [ 2804079.471199996769428, 816479.601700000464916 ], [ 2804057.336099997162819, 816513.703600000590086 ], [ 2804035.259900003671646, 816548.316899999976158 ], [ 2804030.992899999022484, 816557.52930000051856 ], [ 2804028.181900002062321, 816570.776999998837709 ], [ 2804034.566399998962879, 816588.862300001084805 ], [ 2804050.79450000077486, 816598.081999998539686 ], [ 2804027.679999999701977, 816664.229600001126528 ], [ 2804014.964199997484684, 816753.043999999761581 ], [ 2803987.891699999570847, 816751.807300001382828 ], [ 2803986.103100001811981, 816751.724700000137091 ], [ 2803986.035400003194809, 816752.012600000947714 ], [ 2803986.031800001859665, 816752.028099998831749 ], [ 2803980.561999998986721, 816775.423799999058247 ], [ 2803971.340000003576279, 816803.929699998348951 ], [ 2803967.51070000231266, 816811.610800001770258 ], [ 2803961.355499997735023, 816823.959300000220537 ], [ 2803949.079800002276897, 816839.579199999570847 ], [ 2803936.812200002372265, 816855.188900001347065 ], [ 2803935.780100002884865, 816856.502199999988079 ], [ 2803929.414800003170967, 816864.506599999964237 ], [ 2803890.851099997758865, 816913.000399999320507 ], [ 2803842.354999996721745, 816965.540100000798702 ], [ 2803812.605700001120567, 816995.673500001430511 ], [ 2803795.672700002789497, 817012.621399998664856 ], [ 2803773.882299996912479, 817028.651900000870228 ], [ 2803760.895300000905991, 817038.208099998533726 ], [ 2803734.515000000596046, 817055.539299998432398 ], [ 2803704.331799998879433, 817075.36939999833703 ], [ 2803676.209799997508526, 817092.191899999976158 ], [ 2803665.665399998426437, 817098.499499998986721 ], [ 2803630.31139999628067, 817119.648499999195337 ], [ 2803589.824100002646446, 817142.695599999278784 ], [ 2803530.084700003266335, 817174.706999998539686 ], [ 2803518.121699996292591, 817181.117400001734495 ], [ 2803479.767700001597404, 817199.1886 ], [ 2803477.741099998354912, 817200.244699999690056 ], [ 2803462.132500000298023, 817208.378499999642372 ], [ 2803440.973099999129772, 817223.091699998825788 ], [ 2803424.9628000035882, 817236.839000001549721 ], [ 2803365.607299998402596, 817295.567899998277426 ], [ 2803362.07490000128746, 817299.063099998980761 ], [ 2803343.119800001382828, 817317.819600000977516 ], [ 2803333.741400003433228, 817327.098799999803305 ], [ 2803331.906099997460842, 817328.914700001478195 ], [ 2803330.760099999606609, 817330.048500001430511 ], [ 2803308.156900003552437, 817352.410799998790026 ], [ 2803295.601000003516674, 817364.835700001567602 ], [ 2803279.770199999213219, 817380.499400001019239 ], [ 2803275.976800002157688, 817384.252700001001358 ], [ 2803273.037399999797344, 817387.923799999058247 ], [ 2803271.586599998176098, 817389.735300000756979 ], [ 2803241.891699999570847, 817426.829900000244379 ], [ 2803238.684199996292591, 817430.168499998748302 ], [ 2803236.936599999666214, 817431.987399999052286 ], [ 2803200.414599999785423, 817470.000599998980761 ], [ 2803188.572999998927116, 817482.325699999928474 ], [ 2803159.234399996697903, 817512.863600000739098 ], [ 2803132.27929999679327, 817540.920499999076128 ], [ 2803076.762999996542931, 817599.555399999022484 ], [ 2803040.091899998486042, 817647.34739999845624 ], [ 2803031.141999997198582, 817661.328000001609325 ], [ 2802996.07660000026226, 817716.097199998795986 ], [ 2802994.29559999704361, 817718.879099998623133 ], [ 2802965.199400000274181, 817764.328499998897314 ], [ 2802930.167999997735023, 817819.045400001108646 ], [ 2802909.085500001907349, 817852.471900001168251 ], [ 2802891.1809, 817880.857099998742342 ], [ 2802856.174099996685982, 817929.337600000202656 ], [ 2802846.261900000274181, 817945.996199999004602 ], [ 2802835.518200002610683, 817975.051300000399351 ], [ 2802833.174599997699261, 817982.945999998599291 ], [ 2802817.125900000333786, 818037.007599998265505 ], [ 2802815.453199997544289, 818041.276700001209974 ], [ 2802804.89299999922514, 818068.246399998664856 ], [ 2802796.754600003361702, 818080.779399998486042 ], [ 2802780.022600002586842, 818100.669199999421835 ], [ 2802768.625600002706051, 818109.671900000423193 ], [ 2802757.137100003659725, 818118.744600001722574 ], [ 2802751.687700003385544, 818121.835499998182058 ], [ 2802737.883100003004074, 818128.933899998664856 ], [ 2802679.711499996483326, 818158.845300000160933 ], [ 2802642.613200001418591, 818184.832400001585484 ], [ 2802609.23650000244379, 818216.876400001347065 ], [ 2802584.789800003170967, 818244.529500000178814 ], [ 2802554.450199998915195, 818289.864000000059605 ], [ 2802500.927199997007847, 818369.836199998855591 ], [ 2802497.753899998962879, 818376.488499999046326 ], [ 2802491.310699999332428, 818390.630100000649691 ], [ 2802470.163199998438358, 818436.43019999936223 ], [ 2802428.7195999994874, 818509.651299998164177 ], [ 2802410.586999997496605, 818539.761300001293421 ], [ 2802394.634999997913837, 818584.945000000298023 ], [ 2802388.798500001430511, 818618.057100001722574 ], [ 2802381.417000003159046, 818653.526299998164177 ], [ 2802379.118299998342991, 818672.969300001859665 ], [ 2802375.739200003445148, 818685.427099999040365 ], [ 2802367.836900003254414, 818728.082100000232458 ], [ 2802362.702600002288818, 818764.640900000929832 ], [ 2802362.085100002586842, 818769.59569999948144 ], [ 2802358.11429999768734, 818793.280000001192093 ], [ 2802346.731700003147125, 818859.421599999070168 ], [ 2802342.739100001752377, 818885.9087999984622 ], [ 2802336.524999998509884, 818924.312800001353025 ], [ 2802332.443300001323223, 818942.419199999421835 ], [ 2802330.68129999935627, 818952.691399998962879 ], [ 2802327.454599998891354, 818964.977800000458956 ], [ 2802319.380000002682209, 818984.69539999961853 ], [ 2802275.05290000140667, 819083.358199998736382 ], [ 2802257.245300002396107, 819122.992899999022484 ], [ 2802251.97070000320673, 819133.772999998182058 ], [ 2802243.226999998092651, 819153.935699999332428 ], [ 2802236.160700000822544, 819170.230599999427795 ], [ 2802224.254900000989437, 819197.076699998229742 ], [ 2802207.141500003635883, 819235.665100000798702 ], [ 2802197.688799999654293, 819254.095199998468161 ], [ 2802189.797899998724461, 819264.941899999976158 ], [ 2802174.404399998486042, 819283.740499999374151 ], [ 2802152.105499997735023, 819311.80799999833107 ], [ 2802137.433700002729893, 819328.319200001657009 ], [ 2802117.3706, 819358.612300001084805 ], [ 2802046.99719999730587, 819485.471799999475479 ], [ 2802045.348399996757507, 819488.511300001293421 ], [ 2802024.255599997937679, 819527.926600001752377 ], [ 2802009.925599999725819, 819554.666200000792742 ], [ 2801969.538699999451637, 819625.170099999755621 ], [ 2801937.266699999570847, 819681.507599998265505 ], [ 2801929.153099998831749, 819693.839800000190735 ], [ 2801918.844400003552437, 819709.508600000292063 ], [ 2801846.135600000619888, 819820.024500001221895 ], [ 2801786.355099998414516, 819910.888399999588728 ], [ 2801776.677299998700619, 819925.597800001502037 ], [ 2801775.234300002455711, 819928.150100000202656 ], [ 2801746.733999997377396, 819969.276000000536442 ], [ 2801712.009499996900558, 820016.639699999243021 ], [ 2801701.695299997925758, 820031.161899998784065 ], [ 2801688.673799999058247, 820062.141699999570847 ], [ 2801688.615599997341633, 820062.280099999159575 ], [ 2801674.619599997997284, 820095.577300000935793 ], [ 2801674.510200001299381, 820095.837499998509884 ], [ 2801642.783600002527237, 820171.323499999940395 ], [ 2801625.596199996769428, 820223.264600001275539 ], [ 2801588.712300002574921, 820335.700500000268221 ], [ 2801567.344899997115135, 820399.297100000083447 ], [ 2801551.617899999022484, 820478.066399998962879 ], [ 2801514.815999999642372, 820735.690600000321865 ], [ 2801504.385899998247623, 820808.065000001341105 ], [ 2801504.255900003015995, 820808.96680000051856 ], [ 2801503.943800002336502, 820811.131799999624491 ], [ 2801503.943400003015995, 820811.135299999266863 ], [ 2801503.168600000441074, 820811.213100001215935 ], [ 2801502.089900001883507, 820811.321400001645088 ], [ 2801501.876199997961521, 820811.341499999165535 ], [ 2801501.700499996542931, 820811.357999999076128 ], [ 2801462.464800000190735, 820815.052999999374151 ], [ 2801461.263300001621246, 820815.16609999909997 ], [ 2801451.700099997222424, 820816.066700000315905 ], [ 2801443.721000000834465, 820816.81810000166297 ], [ 2801428.566399998962879, 820818.245200000703335 ], [ 2801331.632500000298023, 820827.373599998652935 ], [ 2801314.34009999781847, 820829.001899998635054 ], [ 2801226.323100000619888, 820837.290300000458956 ], [ 2801174.819700002670288, 820842.140099998563528 ], [ 2801122.414399996399879, 820847.075699999928474 ], [ 2801095.9408999979496, 820849.567999999970198 ], [ 2801069.960900001227856, 820852.015000000596046 ], [ 2801051.667599998414516, 820853.708599999547005 ], [ 2801020.662399999797344, 820856.651200000196695 ], [ 2801004.821999996900558, 820858.147700000554323 ], [ 2800967.56530000269413, 820861.657400000840425 ], [ 2800958.965899996459484, 820862.466600000858307 ], [ 2800902.497900001704693, 820867.783100001513958 ], [ 2800896.318300001323223, 820868.36600000038743 ], [ 2800842.802500002086163, 820873.406199999153614 ], [ 2800830.147200003266335, 820874.664200000464916 ], [ 2800798.922499999403954, 820877.53770000115037 ], [ 2800774.228900000452995, 820879.901700001209974 ], [ 2800756.645599998533726, 820881.518199998885393 ], [ 2800726.376999996602535, 820884.368999999016523 ], [ 2800711.648500002920628, 820885.755699999630451 ], [ 2800676.816200003027916, 820889.036400001496077 ], [ 2800646.97070000320673, 820891.847300000488758 ], [ 2800627.476899996399879, 820893.682900000363588 ], [ 2800570.605999998748302, 820899.039000000804663 ], [ 2800538.2566, 820902.085999999195337 ], [ 2800519.711400002241135, 820870.230700001120567 ], [ 2800513.352799996733665, 820857.343899998813868 ], [ 2800479.05799999833107, 820796.662500001490116 ], [ 2800463.750699996948242, 820774.640700001269579 ], [ 2800441.841099999845028, 820750.031500000506639 ], [ 2800425.314000003039837, 820735.975299999117851 ], [ 2800416.868199996650219, 820729.519999999552965 ], [ 2800403.127499997615814, 820719.760200001299381 ], [ 2800383.604500003159046, 820706.537399999797344 ], [ 2800360.421499997377396, 820693.193999998271465 ], [ 2800343.862800002098083, 820685.692099999636412 ], [ 2800300.83839999884367, 820668.493099998682737 ], [ 2800281.4287, 820664.113899998366833 ], [ 2800250.439499996602535, 820661.481899999082088 ], [ 2800218.994599997997284, 820661.624099999666214 ], [ 2800205.782300002872944, 820662.006999999284744 ], [ 2800188.643500000238419, 820663.550299998372793 ], [ 2800168.99719999730587, 820663.776000000536442 ], [ 2800139.1841000020504, 820665.372999999672174 ], [ 2800087.48929999768734, 820668.09739999845624 ], [ 2800046.481700003147125, 820669.845199998468161 ], [ 2800010.950400002300739, 820672.272199999541044 ], [ 2799977.337099999189377, 820673.791400000452995 ], [ 2799939.284699998795986, 820675.533399999141693 ], [ 2799903.443400003015995, 820677.638700000941753 ], [ 2799856.993199996650219, 820679.540100000798702 ], [ 2799698.586800001561642, 820687.070799998939037 ], [ 2799635.191399998962879, 820691.581500001251698 ], [ 2799629.177500002086163, 820716.01799999922514 ], [ 2799628.138999998569489, 820741.344099998474121 ], [ 2799650.849299997091293, 820850.435899998992682 ], [ 2799675.097300000488758, 820981.548799999058247 ], [ 2799695.211800001561642, 821086.732099998742342 ], [ 2799709.277400001883507, 821157.682900000363588 ], [ 2799722.07150000333786, 821233.217700000852346 ], [ 2799734.9628000035882, 821305.560499999672174 ], [ 2799747.144100002944469, 821374.244500000029802 ], [ 2799758.329700000584126, 821435.222199998795986 ], [ 2799771.213500000536442, 821507.969799999147654 ], [ 2799786.284199997782707, 821577.137600000947714 ], [ 2799800.332800000905991, 821642.748599998652935 ], [ 2799812.508699998259544, 821707.945799998939037 ], [ 2799823.796800002455711, 821775.832499999552965 ], [ 2799832.217100001871586, 821832.000700000673532 ], [ 2799849.4309, 821920.812300000339746 ], [ 2799862.709399998188019, 821988.121300000697374 ], [ 2799885.688799999654293, 822098.596400000154972 ], [ 2799908.924500003457069, 822228.662200000137091 ], [ 2799928.508699998259544, 822321.375 ], [ 2799954.339900001883507, 822459.35869999974966 ], [ 2799975.702299997210503, 822567.419700000435114 ], [ 2799997.412699997425079, 822681.013399999588728 ], [ 2800003.025200001895428, 822720.637600000947714 ], [ 2800016.336099997162819, 822791.756900001317263 ], [ 2800022.748800002038479, 822827.245999999344349 ], [ 2800045.979299999773502, 822937.605099998414516 ], [ 2800052.317800000309944, 822950.899500001221895 ], [ 2800093.346900001168251, 822962.126800000667572 ], [ 2800185.287600003182888, 822972.789599999785423 ], [ 2800216.876400001347065, 822969.874800000339746 ], [ 2800271.34910000115633, 822965.271299999207258 ], [ 2800318.818800002336502, 822961.024700000882149 ], [ 2800364.031099997460842, 822956.7652000002563 ], [ 2800410.346199996769428, 822952.530099999159575 ], [ 2800458.337899997830391, 822948.969000000506639 ], [ 2800473.799800001084805, 822947.900499999523163 ], [ 2800508.69650000333786, 822944.924400001764297 ], [ 2800532.701899997889996, 822942.121300000697374 ], [ 2800561.309199996292591, 822939.925900001078844 ], [ 2800600.17790000140667, 822936.650800000876188 ], [ 2800612.422200001776218, 822935.74100000038743 ], [ 2800652.501900002360344, 822932.307000000029802 ], [ 2800665.070299997925758, 822929.132800001651049 ], [ 2800669.501000002026558, 822928.672800000756979 ], [ 2800675.899800002574921, 822926.870999999344349 ], [ 2800715.067400000989437, 822919.923599999397993 ], [ 2800787.762500002980232, 822908.05460000038147 ], [ 2800793.077299997210503, 822906.97749999910593 ], [ 2800801.946000002324581, 822905.427299998700619 ], [ 2800849.680799998342991, 822897.022199999541044 ], [ 2800871.623499996960163, 822893.108500000089407 ], [ 2800889.281400002539158, 822889.489900000393391 ], [ 2800902.353699997067451, 822887.676199998706579 ], [ 2800911.046700000762939, 822886.535500001162291 ], [ 2800957.240900002419949, 822879.773600000888109 ], [ 2800971.952299997210503, 822877.211100000888109 ], [ 2800975.697200000286102, 822876.3885000012815 ], [ 2800994.761600002646446, 822872.19990000128746 ], [ 2801000.514200001955032, 822871.073100000619888 ], [ 2801023.743199996650219, 822868.072000000625849 ], [ 2801041.925399996340275, 822864.713199999183416 ], [ 2801044.290200002491474, 822864.276299998164177 ], [ 2801052.787600003182888, 822862.96059999987483 ], [ 2801083.714199997484684, 822858.777499999850988 ], [ 2801100.907899998128414, 822856.451900001615286 ], [ 2801118.560400001704693, 822853.62950000166893 ], [ 2801144.748400002717972, 822849.622400000691414 ], [ 2801190.809600003063679, 822840.103999998420477 ], [ 2801203.779200002551079, 822837.1064000017941 ], [ 2801208.9054000005126, 822835.921599999070168 ], [ 2801241.857100002467632, 822830.481499999761581 ], [ 2801253.755900003015995, 822828.162099998444319 ], [ 2801298.642700001597404, 822820.628699999302626 ], [ 2801339.057300001382828, 822814.424400001764297 ], [ 2801392.273299999535084, 822804.583299998193979 ], [ 2801405.949600003659725, 822800.6114999987185 ], [ 2801405.107699997723103, 822824.567699998617172 ], [ 2801399.233300000429153, 822991.774599999189377 ], [ 2801398.647600002586842, 823008.444400001317263 ], [ 2801398.116800002753735, 823023.551500000059605 ], [ 2801397.421800002455711, 823041.550900001078844 ], [ 2801397.145599998533726, 823048.703499998897314 ], [ 2801396.5912000015378, 823063.062100000679493 ], [ 2801393.063000001013279, 823154.437800001353025 ], [ 2801391.902400001883507, 823269.895899999886751 ], [ 2801391.800300002098083, 823280.046999998390675 ], [ 2801391.730400003492832, 823287.001499999314547 ], [ 2801389.630599997937679, 823305.394400000572205 ], [ 2801389.637000001966953, 823306.218299999833107 ], [ 2801390.51410000026226, 823419.937300000339746 ], [ 2801390.670900002121925, 823440.468699999153614 ], [ 2801396.493100002408028, 823535.82319999858737 ], [ 2801397.0337999984622, 823544.678399998694658 ], [ 2801538.611900001764297, 823537.303300000727177 ], [ 2801567.446599997580051, 823535.844200000166893 ], [ 2801598.663500003516674, 823534.924300000071526 ], [ 2801616.058799996972084, 823534.592399999499321 ], [ 2801644.762199997901917, 823533.522700000554323 ], [ 2801679.16160000115633, 823532.41950000077486 ], [ 2801723.178999997675419, 823530.517099998891354 ], [ 2801752.917400002479553, 823529.661699999123812 ], [ 2801782.181500002741814, 823528.685199998319149 ], [ 2801821.267300002276897, 823526.541600000113249 ], [ 2801848.204700000584126, 823525.187300000339746 ], [ 2801857.123800002038479, 823524.714099999517202 ], [ 2801873.752899996936321, 823524.19370000064373 ], [ 2801884.851099997758865, 823523.885800000280142 ], [ 2801889.189400002360344, 823523.6891999989748 ], [ 2801896.364200003445148, 823523.793699998408556 ], [ 2801901.767700001597404, 823523.561200000345707 ], [ 2801911.950800001621246, 823523.217099998146296 ], [ 2801932.596100002527237, 823522.940999999642372 ], [ 2801950.695600003004074, 823522.353199999779463 ], [ 2801968.259400002658367, 823521.667399998754263 ], [ 2801979.540299996733665, 823521.231800001114607 ], [ 2801995.517800003290176, 823519.718100000172853 ], [ 2802005.8091000020504, 823518.4864999987185 ], [ 2802026.333700001239777, 823517.588700000196695 ], [ 2802042.641000002622604, 823516.141399998217821 ], [ 2802061.309299997985363, 823515.137899998575449 ], [ 2802074.2787000015378, 823513.684099998325109 ], [ 2802093.484499998390675, 823511.896600000560284 ], [ 2802104.592100001871586, 823510.186799999326468 ], [ 2802119.368500001728535, 823507.809000000357628 ], [ 2802138.048100002110004, 823506.761599998921156 ], [ 2802148.971900001168251, 823505.959100000560284 ], [ 2802167.840800002217293, 823504.10190000012517 ], [ 2802176.888300001621246, 823502.714000001549721 ], [ 2802201.652900002896786, 823500.429000001400709 ], [ 2802208.546499997377396, 823499.552000001072884 ], [ 2802237.427199997007847, 823494.828200001269579 ], [ 2802243.741300001740456, 823494.019099999219179 ], [ 2802276.08330000191927, 823489.68189999833703 ], [ 2802295.166400000452995, 823487.018899999558926 ], [ 2802311.44370000064373, 823484.719999998807907 ], [ 2802331.828900001943111, 823482.739000000059605 ], [ 2802351.403399996459484, 823481.428399998694658 ], [ 2802379.188699997961521, 823480.383600000292063 ], [ 2802385.132299996912479, 823480.381799999624491 ], [ 2802408.726700000464916, 823480.122600000351667 ], [ 2802420.493600003421307, 823478.915500000119209 ], [ 2802433.288400001823902, 823477.301899999380112 ], [ 2802456.183200001716614, 823474.212200000882149 ], [ 2802474.155100002884865, 823471.214600000530481 ], [ 2802491.328900001943111, 823468.936200000345707 ], [ 2802500.4341000020504, 823467.812399998307228 ], [ 2802524.533500000834465, 823464.541799999773502 ], [ 2802542.384499996900558, 823461.927099999040365 ], [ 2802566.181800000369549, 823457.890999998897314 ], [ 2802588.35419999808073, 823453.793499998748302 ], [ 2802608.054300002753735, 823449.266399998217821 ], [ 2802634.021499998867512, 823446.588500000536442 ], [ 2802645.140600003302097, 823445.441899999976158 ], [ 2802647.904899999499321, 823445.169700000435114 ], [ 2802651.089900001883507, 823444.956700000911951 ], [ 2802658.137999996542931, 823444.322599999606609 ], [ 2802662.714500002563, 823443.692800000309944 ], [ 2802665.707400001585484, 823443.459399998188019 ], [ 2802765.568800002336502, 823432.910399999469519 ], [ 2802767.883000001311302, 823432.577500000596046 ], [ 2802769.527000002563, 823432.340999998152256 ], [ 2802792.024300001561642, 823430.109499998390675 ], [ 2802818.750500001013279, 823427.459899999201298 ], [ 2802837.178000003099442, 823425.20160000026226 ], [ 2802856.547200001776218, 823422.759199999272823 ], [ 2802861.471500001847744, 823422.496399998664856 ], [ 2802915.732600003480911, 823416.353700000792742 ], [ 2802950.829300001263618, 823412.702799998223782 ], [ 2802975.76860000193119, 823410.857599999755621 ], [ 2802983.273500002920628, 823409.401500001549721 ], [ 2802988.272699996829033, 823408.945900000631809 ], [ 2803000.240800000727177, 823407.910000000149012 ], [ 2803017.269599996507168, 823406.434099998325109 ], [ 2803028.787600003182888, 823405.477400001138449 ], [ 2803036.671899996697903, 823404.841600000858307 ], [ 2803048.038400001823902, 823403.85869999974966 ], [ 2803067.602300003170967, 823403.344799999147654 ], [ 2803094.643799997866154, 823404.588199999183416 ], [ 2803116.768799997866154, 823403.480200000107288 ], [ 2803132.68469999730587, 823401.916799999773502 ], [ 2803155.062799997627735, 823399.997000001370907 ], [ 2803161.116099998354912, 823400.122499998658895 ], [ 2803188.834299996495247, 823396.909499999135733 ], [ 2803219.888800002634525, 823393.376400001347065 ], [ 2803256.965700000524521, 823388.843299999833107 ], [ 2803308.296800002455711, 823382.962999999523163 ], [ 2803361.855499997735023, 823376.288800001144409 ], [ 2803402.366899996995926, 823371.913699999451637 ], [ 2803439.336900003254414, 823365.731699999421835 ], [ 2803624.900600001215935, 823346.539799999445677 ], [ 2803636.015100002288818, 823347.040500000119209 ], [ 2803641.532700002193451, 823347.289000000804663 ], [ 2803672.748400002717972, 823346.672499999403954 ], [ 2803807.174500003457069, 823333.484000001102686 ], [ 2803846.795800000429153, 823329.570099998265505 ], [ 2803890.446000002324581, 823325.313900001347065 ], [ 2803933.059600003063679, 823321.199200000613928 ], [ 2803969.459799997508526, 823317.091299999505281 ], [ 2804006.545199997723103, 823313.302000001072884 ], [ 2804040.800499998033047, 823310.299100000411272 ], [ 2804068.855800002813339, 823308.10700000077486 ], [ 2804106.3091000020504, 823305.611600000411272 ], [ 2804144.382200002670288, 823303.338700000196695 ], [ 2804177.336000002920628, 823302.622699998319149 ], [ 2804204.14360000193119, 823291.444099999964237 ], [ 2804213.106700003147125, 823287.706300001591444 ], [ 2804223.213799998164177, 823305.062300000339746 ], [ 2804252.118600003421307, 823354.697500001639128 ], [ 2804271.284100003540516, 823387.610500000417233 ], [ 2804290.629000000655651, 823420.829700000584126 ], [ 2804296.206699997186661, 823430.407499998807907 ], [ 2804307.802699998021126, 823450.320700000971556 ], [ 2804323.560999996960163, 823477.38289999961853 ], [ 2804344.16610000282526, 823512.765099998563528 ], [ 2804388.911399997770786, 823589.60359999909997 ], [ 2804427.112800002098083, 823655.205299999564886 ], [ 2804456.368600003421307, 823705.448699999600649 ], [ 2804466.484300002455711, 823722.81700000166893 ], [ 2804483.327200002968311, 823749.159400001168251 ], [ 2804486.175499998033047, 823755.981300000101328 ], [ 2804490.257600001990795, 823765.75789999961853 ], [ 2804491.502400003373623, 823768.739399999380112 ], [ 2804492.718800000846386, 823772.703600000590086 ], [ 2804496.561700001358986, 823785.229100000113249 ], [ 2804498.84570000320673, 823789.082499999552965 ], [ 2804550.137199997901917, 823875.615600001066923 ], [ 2804558.15990000218153, 823890.978500001132488 ], [ 2804592.891099996864796, 823951.352099999785423 ], [ 2804627.01349999755621, 824010.623700000345707 ], [ 2804666.521300002932549, 824081.129900000989437 ], [ 2804689.61710000038147, 824120.594700001180172 ], [ 2804709.893200002610683, 824155.266100000590086 ], [ 2804729.136600002646446, 824187.339800000190735 ], [ 2804736.264799997210503, 824199.220199998468161 ], [ 2804745.331200003623962, 824214.864900000393391 ], [ 2804762.664300002157688, 824245.514299999922514 ], [ 2804798.09740000218153, 824306.058100000023842 ], [ 2804817.227799996733665, 824337.7364999987185 ], [ 2804834.933200001716614, 824367.681400001049042 ], [ 2804852.833700001239777, 824399.813000001013279 ], [ 2804872.168700002133846, 824433.690400000661612 ], [ 2804886.294100001454353, 824458.411299999803305 ], [ 2804905.955200001597404, 824492.274399999529123 ], [ 2804919.745300002396107, 824490.081399999558926 ], [ 2804925.854000002145767, 824489.109700001776218 ], [ 2804964.647100001573563, 824482.94029999896884 ], [ 2805004.838100001215935, 824478.241900000721216 ], [ 2805043.490099996328354, 824473.220800001174212 ], [ 2805081.878600001335144, 824467.982500001788139 ], [ 2805109.491899996995926, 824464.343800000846386 ], [ 2805119.640100002288818, 824462.399300001561642 ], [ 2805131.132200002670288, 824461.608199998736382 ], [ 2805140.305200003087521, 824461.15989999845624 ], [ 2805144.694200001657009, 824471.706199999898672 ], [ 2805160.740000002086163, 824466.593800000846386 ], [ 2805315.372699998319149, 824422.004099998623133 ], [ 2805349.665200002491474, 824401.15089999884367 ], [ 2805354.758000001311302, 824451.27309999987483 ], [ 2805367.935000002384186, 824529.564399998635054 ], [ 2805373.51129999756813, 824565.538600001484156 ], [ 2805375.239699997007847, 824578.378100000321865 ], [ 2805382.312600001692772, 824621.799499999731779 ], [ 2805390.363899998366833, 824669.703200001269579 ], [ 2805400.650600001215935, 824735.697500001639128 ], [ 2805401.962899997830391, 824744.114799998700619 ], [ 2805421.430200003087521, 824739.115800000727177 ], [ 2805440.897100001573563, 824734.116999998688698 ], [ 2805447.84740000218153, 824729.105900000780821 ], [ 2805487.496200002729893, 824709.878800000995398 ], [ 2805494.742700003087521, 824706.679900001734495 ], [ 2805530.821900002658367, 824686.912200000137091 ], [ 2805568.898900002241135, 824665.966299999505281 ], [ 2805575.736199997365475, 824662.288899999111891 ], [ 2805603.530100002884865, 824647.193900000303984 ], [ 2805624.598300002515316, 824636.836300000548363 ], [ 2805639.209299996495247, 824630.567999999970198 ], [ 2805675.924900002777576, 824611.315900001674891 ], [ 2805682.380800001323223, 824608.415699999779463 ], [ 2805715.829899996519089, 824589.616099998354912 ], [ 2805730.540299996733665, 824582.590300001204014 ], [ 2805753.875699996948242, 824570.381299998611212 ], [ 2805779.733900003135204, 824557.912300001829863 ], [ 2805787.770499996840954, 824553.685199998319149 ], [ 2805833.500100001692772, 824527.70380000025034 ], [ 2805892.141599997878075, 824497.421100001782179 ], [ 2805894.825000002980232, 824495.7027000002563 ], [ 2805947.9628000035882, 824468.600499998778105 ], [ 2805953.087899997830391, 824465.667700000107288 ], [ 2806001.428400002419949, 824442.171999998390675 ], [ 2806054.5658999979496, 824413.243999999016523 ], [ 2806117.142300002276897, 824380.083700001239777 ], [ 2806170.469800002872944, 824354.287799999117851 ], [ 2806217.085500001907349, 824331.411100000143051 ], [ 2806261.995300002396107, 824308.713899999856949 ], [ 2806373.332500003278255, 824247.790199998766184 ], [ 2806408.031800001859665, 824230.140999998897314 ], [ 2806408.274800002574921, 824230.017400000244379 ], [ 2806427.6283999979496, 824220.17339999973774 ], [ 2806450.083800002932549, 824209.13569999858737 ], [ 2806450.644100002944469, 824208.860300000756979 ], [ 2806471.986400000751019, 824198.369699999690056 ], [ 2806516.597000002861023, 824175.011399999260902 ], [ 2806566.89580000191927, 824147.756099998950958 ], [ 2806618.671499997377396, 824123.281300000846386 ], [ 2806660.813699997961521, 824100.887499999254942 ], [ 2806702.283299997448921, 824081.157400000840425 ], [ 2806740.185900002717972, 824061.526799999177456 ], [ 2806788.438500002026558, 824033.8429000005126 ], [ 2806809.166599996387959, 824022.669599998742342 ], [ 2806839.072300001978874, 824006.490499999374151 ], [ 2806891.451700001955032, 823980.058200001716614 ], [ 2806941.358900003135204, 823953.97520000115037 ], [ 2806996.671499997377396, 823925.524300001561642 ], [ 2807139.616800002753735, 823852.180300001055002 ], [ 2807231.855700001120567, 823803.780299998819828 ], [ 2807251.381899997591972, 823794.261700000613928 ], [ 2807270.908299997448921, 823784.743099998682737 ], [ 2807292.577100001275539, 823781.89640000090003 ], [ 2807292.819399997591972, 823781.864599999040365 ], [ 2807326.60080000013113, 823777.426699999719858 ], [ 2807356.656400002539158, 823772.243599999696016 ], [ 2807357.151199996471405, 823772.158300001174212 ], [ 2807357.356200002133846, 823772.122999999672174 ], [ 2807414.688100002706051, 823762.236099999397993 ], [ 2807506.292999997735023, 823746.047100000083447 ], [ 2807555.343900002539158, 823739.269099999219179 ], [ 2807587.758500002324581, 823733.605000000447035 ], [ 2807598.568499997258186, 823731.716099999845028 ], [ 2807688.590700000524521, 823717.485300000756979 ], [ 2807779.602700002491474, 823702.350099999457598 ], [ 2807830.722499996423721, 823694.8293999992311 ], [ 2807850.84570000320673, 823691.868900001049042 ], [ 2807851.218400001525879, 823733.894499998539686 ], [ 2807851.228699997067451, 823735.060699999332428 ], [ 2807851.346699997782707, 823748.371800001710653 ], [ 2807851.380999997258186, 823752.241799999028444 ], [ 2807854.255400002002716, 823772.36540000140667 ], [ 2807855.446000002324581, 823790.268199998885393 ], [ 2807855.642700001597404, 823793.223099999129772 ], [ 2807855.680100001394749, 823793.787500001490116 ], [ 2807858.339000001549721, 823813.175000000745058 ], [ 2807858.342000000178814, 823813.197999998927116 ], [ 2807858.409999996423721, 823813.694099999964237 ], [ 2807868.255599997937679, 823885.484499998390675 ], [ 2807880.250100001692772, 823986.456700000911951 ], [ 2807887.796499997377396, 824038.535100001841784 ], [ 2807893.064400002360344, 824076.555500000715256 ], [ 2807895.01860000193119, 824086.817699998617172 ], [ 2807903.9746999964118, 824150.771200001239777 ], [ 2807907.878700003027916, 824185.296900000423193 ], [ 2807911.560199998319149, 824216.266399998217821 ], [ 2807923.007200002670288, 824289.129599999636412 ], [ 2807927.805600002408028, 824323.112700000405312 ], [ 2807932.680100001394749, 824365.773800000548363 ], [ 2807933.379100002348423, 824371.890799999237061 ], [ 2807933.524099998176098, 824373.160500001162291 ], [ 2807938.487000003457069, 824416.595400001853704 ], [ 2807940.852799996733665, 824437.300000000745058 ], [ 2807940.885300002992153, 824437.58390000090003 ], [ 2807944.98030000180006, 824473.422600001096725 ], [ 2807952.947499997913837, 824513.128800000995398 ], [ 2807963.457900002598763, 824589.342099998146296 ], [ 2807969.45830000191927, 824646.282600000500679 ], [ 2807972.827100001275539, 824665.974599998444319 ], [ 2807977.193400003015995, 824695.458700001239777 ], [ 2807979.611599996685982, 824721.352400001138449 ], [ 2807985.662600003182888, 824765.292899999767542 ], [ 2807996.452799998223782, 824847.357500001788139 ], [ 2808000.596900001168251, 824872.250999998301268 ], [ 2808003.342500001192093, 824885.339200001209974 ], [ 2808010.08110000193119, 824928.69649999961257 ], [ 2808020.432899996638298, 824983.337000001221895 ], [ 2808019.889200001955032, 825014.4989 ], [ 2808023.778800003230572, 825075.900299999862909 ], [ 2808033.187600001692772, 825143.779599998146296 ], [ 2808037.441699996590614, 825189.192299999296665 ], [ 2808046.818099997937679, 825302.614799998700619 ], [ 2808052.033100001513958, 825376.024599999189377 ], [ 2808053.719300001859665, 825399.762099999934435 ], [ 2808054.825800001621246, 825415.337400000542402 ], [ 2808055.320000000298023, 825422.295499999076128 ], [ 2808055.120700001716614, 825429.967700000852346 ], [ 2808055.821000002324581, 825435.977699998766184 ], [ 2808057.559000000357628, 825450.895100001245737 ], [ 2808058.243299998342991, 825456.769200000911951 ], [ 2808059.229900002479553, 825465.235800001770258 ], [ 2808071.086800001561642, 825594.008299998939037 ], [ 2808072.762199997901917, 825613.854200001806021 ], [ 2808075.794600002467632, 825649.818900000303984 ], [ 2808080.043700002133846, 825700.092300001531839 ], [ 2808080.044100001454353, 825700.097800001502037 ], [ 2808094.132200002670288, 825698.597199998795986 ], [ 2808094.184600003063679, 825698.591600000858307 ], [ 2808093.949299998581409, 825695.558499999344349 ], [ 2808115.433600001037121, 825686.787399999797344 ], [ 2808149.35419999808073, 825672.939100001007318 ], [ 2808287.802699998021126, 825616.416700001806021 ], [ 2808307.625500001013279, 825608.32490000128746 ], [ 2808364.940099999308586, 825584.926300000399351 ], [ 2808429.358300000429153, 825558.62779999896884 ], [ 2808434.810699999332428, 825556.140900000929832 ], [ 2808434.831299997866154, 825556.131499998271465 ], [ 2808434.845600001513958, 825556.124800000339746 ], [ 2808434.869999997317791, 825556.113699998706579 ], [ 2808512.142300002276897, 825520.877599999308586 ], [ 2808538.516199998557568, 825508.851100001484156 ], [ 2808552.959100000560284, 825502.227800000458956 ], [ 2808602.912500001490116, 825479.319200001657009 ], [ 2808646.651699997484684, 825459.262699998915195 ], [ 2808682.033100001513958, 825443.250799998641014 ], [ 2808693.840199999511242, 825437.909400001168251 ], [ 2808757.194799996912479, 825409.239900000393391 ], [ 2808806.057599999010563, 825387.127599999308586 ], [ 2808814.547700002789497, 825383.286899998784065 ], [ 2808861.934500001370907, 825361.843199998140335 ], [ 2808884.285499997437, 825351.729699999094009 ], [ 2808900.174500003457069, 825344.539200000464916 ], [ 2808942.214199997484684, 825325.302000001072884 ], [ 2808992.087399996817112, 825302.481300000101328 ], [ 2809033.481200002133846, 825283.539000000804663 ], [ 2809043.570299997925758, 825278.923200000077486 ], [ 2809075.785700000822544, 825264.180700000375509 ], [ 2809117.505400002002716, 825245.090799998492002 ], [ 2809149.2324, 825230.572399999946356 ], [ 2809164.509999997913837, 825223.581599999219179 ], [ 2809174.804499998688698, 825218.870900001376867 ], [ 2809176.478500001132488, 825218.104800000786781 ], [ 2809188.204800002276897, 825212.738899998366833 ], [ 2809229.186499997973442, 825194.299800001084805 ], [ 2809267.041500002145767, 825177.267099998891354 ], [ 2809285.353699997067451, 825169.028400000184774 ], [ 2809343.706699997186661, 825142.772100001573563 ], [ 2809399.391099996864796, 825117.718600001186132 ], [ 2809411.30290000140667, 825112.358899999409914 ], [ 2809456.216600000858307, 825092.149999998509884 ], [ 2809511.885499998927116, 825067.103199999779463 ], [ 2809525.331699997186661, 825061.053100001066923 ], [ 2809538.355999998748302, 825055.19310000166297 ], [ 2809553.640299998223782, 825048.250300001353025 ], [ 2809598.439000003039837, 825027.89809999987483 ], [ 2809643.064400002360344, 825007.626400001347065 ], [ 2809667.376900002360344, 824996.582899998873472 ], [ 2809687.030000001192093, 824987.654800001531839 ], [ 2809726.052799999713898, 824969.92960000038147 ], [ 2809769.750100001692772, 824950.078499998897314 ], [ 2809770.280900001525879, 824949.837699998170137 ], [ 2809770.695299997925758, 824949.64919999986887 ], [ 2809770.741700001060963, 824949.628100000321865 ], [ 2809770.809799998998642, 824949.597199998795986 ], [ 2809817.632100000977516, 824928.328400000929832 ], [ 2809824.882500000298023, 824925.03489999845624 ], [ 2809841.489100001752377, 824917.491399999707937 ], [ 2809884.127599999308586, 824897.887099999934435 ], [ 2809921.283399999141693, 824880.803899999707937 ], [ 2809924.220499999821186, 824879.454700000584126 ], [ 2809964.26690000295639, 824861.042399998754263 ], [ 2809995.588699996471405, 824846.642099998891354 ], [ 2810008.576899997889996, 824840.671399999409914 ], [ 2810041.27589999884367, 824825.637200001627207 ], [ 2810086.695600003004074, 824804.756000000983477 ], [ 2810128.967799998819828, 824785.319200001657009 ], [ 2810169.540299996733665, 824766.667399998754263 ], [ 2810169.664200000464916, 824766.610300000756979 ], [ 2810169.69200000166893, 824766.59739999845624 ], [ 2810169.738600000739098, 824766.576099999248981 ], [ 2810169.844999998807907, 824766.527199998497963 ], [ 2810202.937200002372265, 824751.313200000673532 ], [ 2810211.935500003397465, 824747.176199998706579 ], [ 2810253.257200002670288, 824728.177200000733137 ], [ 2810295.283399999141693, 824708.857200000435114 ], [ 2810315.059000000357628, 824699.764499999582767 ], [ 2810334.708800002932549, 824690.730000000447035 ], [ 2810381.639799997210503, 824669.154399998486042 ], [ 2810418.359700001776218, 824652.2787000015378 ], [ 2810461.177299998700619, 824632.602299999445677 ], [ 2810463.7676, 824631.41270000115037 ], [ 2810506.450000002980232, 824611.797699999064207 ], [ 2810549.696199998259544, 824591.9239999987185 ], [ 2810579.762500002980232, 824578.106100000441074 ], [ 2810583.672899998724461, 824576.309000000357628 ], [ 2810661.667199999094009, 824540.4679000005126 ], [ 2810685.070100001990795, 824529.712999999523163 ], [ 2810703.821199998259544, 824521.095300000160933 ], [ 2810745.226499997079372, 824502.067200001329184 ], [ 2810764.125799998641014, 824493.383200000971556 ], [ 2810786.7820999994874, 824482.971700001507998 ], [ 2810828.091300003230572, 824463.988299999386072 ], [ 2810868.964900001883507, 824445.204599998891354 ], [ 2810911.706600002944469, 824425.563200000673532 ], [ 2810919.0016999989748, 824422.21000000089407 ], [ 2810959.089599996805191, 824403.788899999111891 ], [ 2810983.782399997115135, 824392.440699998289347 ], [ 2810998.663599997758865, 824385.754799999296665 ], [ 2811039.118600003421307, 824367.577799998223782 ], [ 2811073.999499998986721, 824351.904199998825788 ], [ 2811082.973600000143051, 824347.872699998319149 ], [ 2811123.544100001454353, 824329.642000000923872 ], [ 2811166.630500003695488, 824310.283300001174212 ], [ 2811166.709399998188019, 824310.247800000011921 ], [ 2811166.751800000667572, 824310.228700000792742 ], [ 2811166.824500001966953, 824310.195900000631809 ], [ 2811166.990199998021126, 824310.121300000697374 ], [ 2811167.102700002491474, 824310.070599999278784 ], [ 2811167.110699996352196, 824310.06700000166893 ], [ 2811167.28999999910593, 824309.986299999058247 ], [ 2811167.589699998497963, 824309.851700000464916 ], [ 2811204.633000001311302, 824293.207800000905991 ], [ 2811207.659000001847744, 824291.848099999129772 ], [ 2811249.297899998724461, 824273.139800000935793 ], [ 2811288.309000000357628, 824255.610300000756979 ], [ 2811315.871299996972084, 824243.225699998438358 ], [ 2811335.70099999755621, 824234.317600000649691 ], [ 2811381.833700001239777, 824213.588500000536442 ], [ 2811421.574699997901917, 824195.732200000435114 ], [ 2811460.083800002932549, 824178.430100001394749 ], [ 2811466.363499999046326, 824175.6081000007689 ], [ 2811504.37780000269413, 824158.527699999511242 ], [ 2811545.2676, 824140.155600000172853 ], [ 2811573.762100003659725, 824127.352600000798702 ], [ 2811602.25450000166893, 824114.550599999725819 ], [ 2811609.818099997937679, 824111.152499999850988 ], [ 2811618.503700003027916, 824107.2489 ], [ 2811660.618500001728535, 824088.327399998903275 ], [ 2811701.776299998164177, 824069.833200000226498 ], [ 2811742.410700000822544, 824051.576699998229742 ], [ 2811756.363099999725819, 824045.306099999696016 ], [ 2811790.969499997794628, 824029.758699998259544 ], [ 2811834.444799996912479, 824010.224500000476837 ], [ 2811839.631099998950958, 824007.893300000578165 ], [ 2811876.618299998342991, 823991.274900000542402 ], [ 2811877.932899996638298, 823990.683899998664856 ], [ 2811919.664499998092651, 823971.934000000357628 ], [ 2811922.839299999177456, 823970.50730000063777 ], [ 2811962.513999998569489, 823952.68189999833703 ], [ 2812003.287600003182888, 823934.360500000417233 ], [ 2812009.094800002872944, 823931.751899998635054 ], [ 2812046.916799999773502, 823914.759300000965595 ], [ 2812089.84910000115633, 823895.469500001519918 ], [ 2812090.982900001108646, 823894.907900001853704 ], [ 2812119.949000000953674, 823880.57880000025034 ], [ 2812132.083599999547005, 823874.57660000026226 ], [ 2812172.038000002503395, 823854.812199998646975 ], [ 2812174.17339999973774, 823853.697399999946356 ], [ 2812217.132500000298023, 823831.272999998182058 ], [ 2812256.276500001549721, 823810.837200000882149 ], [ 2812262.494000002741814, 823807.592599999159575 ], [ 2812303.738600000739098, 823786.061299998313189 ], [ 2812340.0176, 823767.122900001704693 ], [ 2812343.912399999797344, 823765.090700000524521 ], [ 2812348.97410000115633, 823762.44819999858737 ], [ 2812388.431199997663498, 823741.85020000115037 ], [ 2812418.923000000417233, 823725.932900000363588 ], [ 2812422.834600001573563, 823723.890900000929832 ], [ 2812426.840599998831749, 823721.799300000071526 ], [ 2812442.840000003576279, 823713.402399998158216 ], [ 2812453.034599997103214, 823708.051199998706579 ] ] ] ] } },
{ "type": "Feature", "properties": { "CVEGEO": "09008", "CVE_ENT": "09", "CVE_MUN": "008", "NOMGEO": "La Magdalena Contreras", "ENTIDAD FEDERATIVA": "Ciudad de México", "CLAVE DEL MUNICIPIO": 9008, "POBLACIÓN 2020": 241690, "POBLACIÓN EN SITUACIÓN DE POBREZA 2020": 102723, "POBLACIÓN EN SITUACIÓN DE POBREZA EXTREMA 2020": 16224, "GRADO DE REZAGO": "Muy bajo", "autoad.indig": 19922.671321419999, "% autoad.indig": 8.288749, "OCURRENCIAS_DONANTE": 1, "MONTOASIGNADO_TOTAL": 96765 }, "geometry": { "type": "MultiPolygon", "coordinates": [ [ [ [ 2792518.204899996519089, 818323.066700000315905 ], [ 2792478.172899998724461, 818251.734099999070168 ], [ 2792469.522900000214577, 818238.352099999785423 ], [ 2792504.563299998641014, 818252.124099999666214 ], [ 2792529.556500002741814, 818261.947900000959635 ], [ 2792556.207099996507168, 818272.618700001388788 ], [ 2792632.574100002646446, 818304.186099998652935 ], [ 2792668.179099999368191, 818277.603500001132488 ], [ 2792680.128899998962879, 818269.159499999135733 ], [ 2792667.117899999022484, 818256.7635000012815 ], [ 2792653.194300003349781, 818243.547100000083447 ], [ 2792598.031700000166893, 818189.555700000375509 ], [ 2792544.9949000030756, 818141.073300000280142 ], [ 2792521.070500001311302, 818115.144299998879433 ], [ 2792496.664300002157688, 818083.883299998939037 ], [ 2792477.459100000560284, 818056.617499999701977 ], [ 2792446.932899996638298, 818009.570700000971556 ], [ 2792427.419699996709824, 817978.842199999839067 ], [ 2792402.469700001180172, 817939.145300000905991 ], [ 2792380.510300002992153, 817895.915300000458956 ], [ 2792336.771700002253056, 817797.908300001174212 ], [ 2792315.268700003623962, 817749.725099999457598 ], [ 2792311.173699997365475, 817740.466099999845028 ], [ 2792296.2212999984622, 817706.665300000458956 ], [ 2792293.406099997460842, 817700.300900001078844 ], [ 2792288.325400002300739, 817689.390900000929832 ], [ 2792272.769100002944469, 817655.972699999809265 ], [ 2792158.548299998044968, 817399.52309999987483 ], [ 2792127.013700000941753, 817332.043699998408556 ], [ 2792090.939800001680851, 817265.830800000578165 ], [ 2792068.456299997866154, 817230.97069999948144 ], [ 2792058.703900001943111, 817216.87950000166893 ], [ 2791974.066299997270107, 817118.185899998992682 ], [ 2791897.773800000548363, 817050.830899998545647 ], [ 2791733.455399997532368, 816925.127399999648333 ], [ 2791566.004100002348423, 816799.447599999606609 ], [ 2791462.483000002801418, 816721.644999999552965 ], [ 2791411.4087999984622, 816682.7652000002563 ], [ 2791385.34179999679327, 816662.921999998390675 ], [ 2791308.067500002682209, 816605.093199998140335 ], [ 2791277.648999996483326, 816580.253400001674891 ], [ 2791267.747000001370907, 816572.167399998754263 ], [ 2791265.586099997162819, 816570.403000000864267 ], [ 2791260.523299999535084, 816565.441300000995398 ], [ 2791260.329000003635883, 816565.250100001692772 ], [ 2791255.153099998831749, 816560.176899999380112 ], [ 2791252.213200002908707, 816557.255899999290705 ], [ 2791240.156499996781349, 816545.276799999177456 ], [ 2791221.351800002157688, 816521.679099999368191 ], [ 2791207.902400001883507, 816499.091600000858307 ], [ 2791196.442400000989437, 816479.429800000041723 ], [ 2791187.821900002658367, 816460.083599999547005 ], [ 2791180.060500003397465, 816439.300000000745058 ], [ 2791170.343999996781349, 816409.868900001049042 ], [ 2791164.917000003159046, 816371.870299998670816 ], [ 2791163.694799996912479, 816335.249299999326468 ], [ 2791165.082000002264977, 816304.714999999850988 ], [ 2791168.109300002455711, 816285.33839999884367 ], [ 2791171.489799998700619, 816263.696299999952316 ], [ 2791177.821699999272823, 816236.870400000363588 ], [ 2791183.891199998557568, 816210.988800000399351 ], [ 2791186.689400002360344, 816199.057000000029802 ], [ 2791194.539399996399879, 816162.42850000038743 ], [ 2791197.633699998259544, 816147.980700001120567 ], [ 2791202.260099999606609, 816124.523400001227856 ], [ 2791211.570699997246265, 816075.269200000911951 ], [ 2791215.719700001180172, 816052.428599998354912 ], [ 2791223.723499998450279, 816012.034800000488758 ], [ 2791223.930100001394749, 816010.878800000995398 ], [ 2791225.167300000786781, 816003.956500001251698 ], [ 2791238.90820000320673, 815930.879000000655651 ], [ 2791243.160800002515316, 815908.164000000804663 ], [ 2791249.149400003254414, 815877.64919999986887 ], [ 2791251.750399999320507, 815864.374299999326468 ], [ 2791260.534500002861023, 815821.589699998497963 ], [ 2791276.376299999654293, 815757.492600001394749 ], [ 2791288.129299998283386, 815722.051399998366833 ], [ 2791300.160800002515316, 815688.087400000542402 ], [ 2791320.039099998772144, 815643.213599998503923 ], [ 2791341.507700003683567, 815598.339699998497963 ], [ 2791286.270199999213219, 815493.378699999302626 ], [ 2791276.990699999034405, 815482.918600000441074 ], [ 2791266.864699997007847, 815473.618999999016523 ], [ 2791261.950599998235703, 815471.613699998706579 ], [ 2791234.442199997603893, 815465.427499998360872 ], [ 2791199.293300002813339, 815462.806499999016523 ], [ 2791153.943899996578693, 815459.379599999636412 ], [ 2791022.287600003182888, 815447.208299998193979 ], [ 2790924.928000003099442, 815439.332400001585484 ], [ 2790912.041199997067451, 815435.094900000840425 ], [ 2790852.290799997746944, 815419.387499999254942 ], [ 2790820.312399998307228, 815404.318199999630451 ], [ 2790812.057599999010563, 815375.226599998772144 ], [ 2790796.812899999320507, 815333.142499998211861 ], [ 2790617.133900001645088, 815185.253600001335144 ], [ 2790583.342200003564358, 815157.943799998611212 ], [ 2790563.157600000500679, 815137.472300000488758 ], [ 2790544.900700002908707, 815118.957800000905991 ], [ 2790533.69650000333786, 815102.492199998348951 ], [ 2790531.542300000786781, 815087.961300000548363 ], [ 2790535.332800000905991, 815068.826499998569489 ], [ 2790542.917400002479553, 815043.531300000846386 ], [ 2790548.977799996733665, 815023.069099999964237 ], [ 2790542.05290000140667, 815008.486900001764297 ], [ 2790540.476599998772144, 815005.168400000780821 ], [ 2790533.244499996304512, 814997.473200000822544 ], [ 2790518.187799997627735, 814985.460900001227856 ], [ 2790504.384999997913837, 814979.355500001460314 ], [ 2790494.409999996423721, 814974.94310000166297 ], [ 2790437.722000002861023, 814949.868299998342991 ], [ 2790408.265299998223782, 814942.127900000661612 ], [ 2790365.025799997150898, 814940.747000001370907 ], [ 2790345.63740000128746, 814929.659299999475479 ], [ 2790319.176899999380112, 814907.58390000090003 ], [ 2790306.594499997794628, 814888.151500001549721 ], [ 2790282.215000003576279, 814871.262600000947714 ], [ 2790257.11370000243187, 814860.216899998486042 ], [ 2790235.078000001609325, 814850.219900000840425 ], [ 2790204.376199997961521, 814837.620999999344349 ], [ 2790174.951399996876717, 814823.38060000166297 ], [ 2790123.623599998652935, 814795.201099999248981 ], [ 2790101.676100000739098, 814777.048900000751019 ], [ 2790099.511500000953674, 814749.993900001049042 ], [ 2790094.900399997830391, 814692.359000001102686 ], [ 2790089.729000002145767, 814648.599399998784065 ], [ 2790089.722699999809265, 814648.5962999984622 ], [ 2790068.329300001263618, 814638.000900000333786 ], [ 2790060.713699996471405, 814548.858399998396635 ], [ 2790038.658500000834465, 814550.388099998235703 ], [ 2790029.431400001049042, 814492.914500001817942 ], [ 2789996.507700003683567, 814418.149300001561642 ], [ 2790075.314400002360344, 814381.952599998563528 ], [ 2790057.979299999773502, 814365.835900001227856 ], [ 2790020.228900000452995, 814334.479299999773502 ], [ 2790002.157600000500679, 814320.329199999570847 ], [ 2789968.338600002229214, 814304.594500001519918 ], [ 2789954.276299998164177, 814307.598000001162291 ], [ 2789959.1875, 814243.158599998801947 ], [ 2789958.578500002622604, 814226.153499998152256 ], [ 2789975.186800003051758, 814228.389499999582767 ], [ 2789990.610299997031689, 814229.00730000063777 ], [ 2790017.728500001132488, 814215.678399998694658 ], [ 2790028.244400002062321, 814206.701699998229742 ], [ 2790026.765799999237061, 814196.733899999409914 ], [ 2790019.687200002372265, 814187.676100000739098 ], [ 2790014.458700001239777, 814172.654199998825788 ], [ 2790016.430799998342991, 814158.629200000315905 ], [ 2790018.636900000274181, 814143.828099999576807 ], [ 2790021.830300003290176, 814129.208299998193979 ], [ 2790026.809500001370907, 814114.502599999308586 ], [ 2790028.903599999845028, 814100.126600001007318 ], [ 2790029.258500002324581, 814082.93470000103116 ], [ 2790029.372100003063679, 814077.479299999773502 ], [ 2790029.439900003373623, 814074.186999998986721 ], [ 2790029.808300003409386, 814056.342799998819828 ], [ 2790033.557599999010563, 814040.672699999064207 ], [ 2790045.219700001180172, 814013.109400000423193 ], [ 2790052.099500000476837, 813999.819400001317263 ], [ 2790056.338899999856949, 813984.992400001734495 ], [ 2790055.438900001347065, 813969.378299999982119 ], [ 2790041.608199998736382, 813943.084100000560284 ], [ 2789985.100199997425079, 813853.623500000685453 ], [ 2789973.315200001001358, 813841.91330000013113 ], [ 2789957.183799996972084, 813827.108399998396635 ], [ 2789938.764899998903275, 813815.396099999547005 ], [ 2789918.338899999856949, 813803.768800001591444 ], [ 2789902.046599999070168, 813792.951099999248981 ], [ 2789891.833800002932549, 813782.012099999934435 ], [ 2789881.706500001251698, 813770.995299998670816 ], [ 2789861.634099997580051, 813745.756700001657009 ], [ 2789854.848899997770786, 813739.732099998742342 ], [ 2789846.249899998307228, 813736.876800000667572 ], [ 2789837.002700001001358, 813735.449700001627207 ], [ 2789829.632100000977516, 813733.032900001853704 ], [ 2789822.102099999785423, 813728.347699999809265 ], [ 2789807.914700001478195, 813705.89130000025034 ], [ 2789785.58049999922514, 813690.345300000160933 ], [ 2789770.593900002539158, 813681.019000001251698 ], [ 2789757.637900002300739, 813673.529699999839067 ], [ 2789749.033500000834465, 813660.99439999833703 ], [ 2789738.890100002288818, 813660.326099999248981 ], [ 2789727.75110000371933, 813671.641699999570847 ], [ 2789714.095299996435642, 813676.585499998182058 ], [ 2789696.435099996626377, 813676.78830000013113 ], [ 2789683.483300000429153, 813672.134500000625849 ], [ 2789677.3213, 813659.664900001138449 ], [ 2789679.09009999781847, 813649.039900001138449 ], [ 2789692.080899998545647, 813641.612300001084805 ], [ 2789703.051299996674061, 813629.687300000339746 ], [ 2789708.34009999781847, 813619.306699998676777 ], [ 2789705.348499998450279, 813606.119899999350309 ], [ 2789698.342299997806549, 813600.460900001227856 ], [ 2789683.0658999979496, 813597.569699998944998 ], [ 2789655.338500000536442, 813595.357099998742342 ], [ 2789640.020499996840954, 813589.658300001174212 ], [ 2789619.586099997162819, 813592.699299998581409 ], [ 2789596.97070000320673, 813583.129299998283386 ], [ 2789583.137199997901917, 813577.49549999833107 ], [ 2789567.933899998664856, 813576.125100001692772 ], [ 2789540.421700000762939, 813582.057500001043081 ], [ 2789523.887299999594688, 813583.944899998605251 ], [ 2789509.96509999781847, 813588.19370000064373 ], [ 2789496.010300002992153, 813593.525100000202656 ], [ 2789488.898500002920628, 813596.13289999961853 ], [ 2789487.037699997425079, 813597.108500000089407 ], [ 2789484.281099997460842, 813598.658399999141693 ], [ 2789482.242899999022484, 813599.80290000140667 ], [ 2789426.189499996602535, 813620.801300000399351 ], [ 2789418.949699997901917, 813622.322500001639128 ], [ 2789412.240900002419949, 813621.743900001049042 ], [ 2789340.518299996852875, 813597.470300000160933 ], [ 2789312.451099999248981, 813584.697500001639128 ], [ 2789298.640100002288818, 813577.497699998319149 ], [ 2789276.972099997103214, 813566.031700000166893 ], [ 2789260.86710000038147, 813556.016499999910593 ], [ 2789259.145300000905991, 813554.945500001311302 ], [ 2789253.082099996507168, 813552.299800001084805 ], [ 2789247.018899999558926, 813549.65430000051856 ], [ 2789237.546700000762939, 813546.778900001198053 ], [ 2789226.778899997472763, 813551.747800000011921 ], [ 2789217.355700001120567, 813555.967599999159575 ], [ 2789209.767700001597404, 813560.654199998825788 ], [ 2789205.046899996697903, 813562.667899999767542 ], [ 2789195.535099998116493, 813561.682100001722574 ], [ 2789189.74889999628067, 813559.141800001263618 ], [ 2789177.584299996495247, 813549.576900001615286 ], [ 2789162.907700002193451, 813546.666700001806021 ], [ 2789148.168300002813339, 813544.071100000292063 ], [ 2789131.680299997329712, 813541.202300000935793 ], [ 2789122.024899996817112, 813531.441700000315905 ], [ 2789119.42679999768734, 813516.04109999909997 ], [ 2789115.960900001227856, 813501.485100001096725 ], [ 2789108.569700002670288, 813488.472199998795986 ], [ 2789091.8147, 813463.672699999064207 ], [ 2789077.273699998855591, 813443.618099998682737 ], [ 2789116.845299996435642, 813413.374499998986721 ], [ 2789043.130500003695488, 813416.470400001853704 ], [ 2789036.434299997985363, 813410.967799998819828 ], [ 2789011.145900003612041, 813369.349700000137091 ], [ 2789001.24099999666214, 813345.948499999940395 ], [ 2788984.04389999806881, 813301.21229999884963 ], [ 2788978.136699996888638, 813279.762699998915195 ], [ 2788968.214400000870228, 813253.066300000995398 ], [ 2788988.935900002717972, 813113.684999998658895 ], [ 2788994.822800002992153, 813056.094500001519918 ], [ 2788997.262100003659725, 813024.26969999819994 ], [ 2789002.211300000548363, 813015.01410000026226 ], [ 2789025.818199999630451, 813012.716499999165535 ], [ 2789038.140000000596046, 813011.193500000983477 ], [ 2789049.180100001394749, 813004.682799998670816 ], [ 2789069.138099998235703, 812988.132599998265505 ], [ 2789088.701300002634525, 812975.317899998277426 ], [ 2789100.077399998903275, 812966.604299999773502 ], [ 2789124.063799999654293, 812943.607500001788139 ], [ 2789131.7212999984622, 812934.396200001239777 ], [ 2789151.042700000107288, 812911.161699999123812 ], [ 2789176.671800002455711, 812885.563099998980761 ], [ 2789183.309900000691414, 812876.538699999451637 ], [ 2789183.344899997115135, 812868.817499998956919 ], [ 2789183.525399997830391, 812829.048900000751019 ], [ 2789188.770700000226498, 812816.891800001263618 ], [ 2789204.286700002849102, 812801.827500000596046 ], [ 2789207.366999998688698, 812785.911100000143051 ], [ 2789207.199299998581409, 812766.890399999916553 ], [ 2789193.271099999547005, 812747.710900001227856 ], [ 2789188.082999996840954, 812744.358300000429153 ], [ 2789173.134499996900558, 812738.09739999845624 ], [ 2789168.1858000010252, 812734.727299999445677 ], [ 2789159.182599999010563, 812728.595199998468161 ], [ 2789134.105899997055531, 812705.515700001269579 ], [ 2789125.011, 812689.480999998748302 ], [ 2789116.116700001060963, 812664.003299999982119 ], [ 2789112.272399999201298, 812646.219099998474121 ], [ 2789102.981600001454353, 812620.472100000828505 ], [ 2789094.1824000030756, 812600.618400000035763 ], [ 2789092.147600002586842, 812596.028099998831749 ], [ 2789082.596199996769428, 812579.627999998629093 ], [ 2789053.363600000739098, 812529.428700000047684 ], [ 2789018.947700001299381, 812470.328499998897314 ], [ 2789016.415399998426437, 812469.528999999165535 ], [ 2788998.603699997067451, 812463.902100000530481 ], [ 2788991.050399996340275, 812454.813400000333786 ], [ 2788986.749099999666214, 812447.645500000566244 ], [ 2788992.152099996805191, 812426.030000001192093 ], [ 2788999.457000002264977, 812406.760999999940395 ], [ 2789027.166599996387959, 812384.279199998825788 ], [ 2789054.876199997961521, 812361.798599999397993 ], [ 2789079.233499996364117, 812358.208299998193979 ], [ 2789088.359399996697903, 812353.56529999896884 ], [ 2789093.946099996566772, 812340.231100000441074 ], [ 2789095.071000002324581, 812324.864399999380112 ], [ 2789088.41950000077486, 812312.934399999678135 ], [ 2789075.356499999761581, 812304.011300001293421 ], [ 2789009.342799998819828, 812268.797600001096725 ], [ 2788994.865699999034405, 812263.348600000143051 ], [ 2788975.573299996554852, 812256.087900001555681 ], [ 2788962.84179999679327, 812251.295200001448393 ], [ 2788953.886900000274181, 812247.924499999731779 ], [ 2788951.91610000282526, 812246.606899999082088 ], [ 2788950.694899998605251, 812245.790500000119209 ], [ 2788940.6897, 812239.101500000804663 ], [ 2788930.246899999678135, 812231.410300001502037 ], [ 2788921.968099996447563, 812217.368900001049042 ], [ 2788920.540299996733665, 812204.736699998378754 ], [ 2788926.439300000667572, 812190.983899999409914 ], [ 2788935.858900003135204, 812179.356699999421835 ], [ 2788944.744300000369549, 812167.313700001686811 ], [ 2788955.811899997293949, 812148.875399999320507 ], [ 2788956.988899998366833, 812140.005300000309944 ], [ 2788956.611699998378754, 812125.045899998396635 ], [ 2788951.985299997031689, 812108.832100000232458 ], [ 2788941.892399996519089, 812099.023299999535084 ], [ 2788931.243100002408028, 812088.508099999278784 ], [ 2788920.657700002193451, 812077.930300001055002 ], [ 2788910.0713, 812067.351100001484156 ], [ 2788899.469899997115135, 812056.790500000119209 ], [ 2788889.142899997532368, 812045.959300000220537 ], [ 2788880.171800002455711, 812033.982599999755621 ], [ 2788868.26349999755621, 812024.918499998748302 ], [ 2788854.836900003254414, 812018.309500001370907 ], [ 2788841.027099996805191, 812015.054099999368191 ], [ 2788824.895499996840954, 812010.084699999541044 ], [ 2788791.358199998736382, 812002.000599998980761 ], [ 2788789.218000002205372, 811994.597100000828505 ], [ 2788791.899700000882149, 811974.361299999058247 ], [ 2788799.629299998283386, 811936.255899999290705 ], [ 2788802.072899997234344, 811924.195799998939037 ], [ 2788804.414300002157688, 811912.639699999243021 ], [ 2788806.092500001192093, 811900.879700001329184 ], [ 2788805.524700000882149, 811890.704100001603365 ], [ 2788804.440099999308586, 811884.121500000357628 ], [ 2788798.5647, 811863.150299999862909 ], [ 2788783.481299996376038, 811813.549699999392033 ], [ 2788772.429300002753735, 811768.691700000315905 ], [ 2788760.483000002801418, 811720.203400000929832 ], [ 2788751.44539999961853, 811662.980000000447035 ], [ 2788750.413199998438358, 811650.831199999898672 ], [ 2788751.819200001657009, 811631.840500000864267 ], [ 2788760.331699997186661, 811612.6385000012815 ], [ 2788769.481200002133846, 811598.759700000286102 ], [ 2788802.360100001096725, 811568.518500000238419 ], [ 2788815.2051, 811581.462900001555681 ], [ 2788831.207999996840954, 811574.601199999451637 ], [ 2788847.527800001204014, 811569.914099998772144 ], [ 2788873.732799999415874, 811556.830099999904633 ], [ 2788884.183499999344349, 811548.793999999761581 ], [ 2788898.3706, 811534.179499998688698 ], [ 2788914.044200003147125, 811541.349599998444319 ], [ 2788953.287299998104572, 811509.562699999660254 ], [ 2788952.881300002336502, 811490.920299999415874 ], [ 2788951.788699999451637, 811478.759199999272823 ], [ 2788949.762000001966953, 811470.737300001084805 ], [ 2788946.554499998688698, 811456.671799998730421 ], [ 2788937.279600001871586, 811428.296999998390675 ], [ 2788926.785999998450279, 811402.05970000103116 ], [ 2788914.010300002992153, 811368.216099999845028 ], [ 2788907.429899998009205, 811355.174499999731779 ], [ 2788895.03830000013113, 811339.85700000077486 ], [ 2788884.418600000441074, 811320.502700001001358 ], [ 2788870.983300000429153, 811287.58500000089407 ], [ 2788858.835500001907349, 811245.168800000101328 ], [ 2788838.112999998033047, 811204.054200001060963 ], [ 2788846.821900002658367, 811199.204300001263618 ], [ 2788850.185699999332428, 811182.9375 ], [ 2788871.468699999153614, 811155.324400000274181 ], [ 2788894.969300001859665, 811142.349800001829863 ], [ 2788907.430299997329712, 811118.116700001060963 ], [ 2788922.930299997329712, 811082.721999999135733 ], [ 2788928.925300002098083, 811066.165899999439716 ], [ 2788933.731700003147125, 811047.080200001597404 ], [ 2788939.645499996840954, 811016.690600000321865 ], [ 2788942.299999997019768, 810996.907900001853704 ], [ 2788944.246200002729893, 810982.282400000840425 ], [ 2788944.170999996364117, 810962.35530000180006 ], [ 2788949.781499996781349, 810928.712600000202656 ], [ 2788949.662900000810623, 810915.302799999713898 ], [ 2788949.996699996292591, 810914.372099999338388 ], [ 2788957.343400001525879, 810893.885499998927116 ], [ 2788961.235100001096725, 810883.033300001174212 ], [ 2788963.445200003683567, 810870.398299999535084 ], [ 2788964.769199997186661, 810862.828999999910593 ], [ 2788962.520099997520447, 810851.432900000363588 ], [ 2788951.651100002229214, 810830.953999999910593 ], [ 2788936.827200002968311, 810813.851799998432398 ], [ 2788924.190700002014637, 810804.4375 ], [ 2788915.506399996578693, 810797.967700000852346 ], [ 2788893.456500001251698, 810781.540399998426437 ], [ 2788859.50959999859333, 810756.249899998307228 ], [ 2788822.782700002193451, 810736.518800001591444 ], [ 2788819.785099998116493, 810734.908399999141693 ], [ 2788809.750500001013279, 810719.4054000005126 ], [ 2788802.227200001478195, 810710.250199999660254 ], [ 2788791.251800000667572, 810696.894099999219179 ], [ 2788779.13629999756813, 810682.150600001215935 ], [ 2788773.714400000870228, 810676.685199998319149 ], [ 2788773.495200000703335, 810676.464200001209974 ], [ 2788769.495099999010563, 810672.967199999839067 ], [ 2788769.013099998235703, 810672.545699998736382 ], [ 2788767.411499999463558, 810671.145500000566244 ], [ 2788767.279899999499321, 810671.0304000005126 ], [ 2788766.669100001454353, 810670.502500001341105 ], [ 2788766.419299997389317, 810670.286499999463558 ], [ 2788726.4628000035882, 810635.751600001007318 ], [ 2788718.96509999781847, 810627.651399999856949 ], [ 2788715.169100001454353, 810623.550299998372793 ], [ 2788709.038099996745586, 810614.552400000393391 ], [ 2788704.692500002682209, 810608.174699999392033 ], [ 2788699.149599999189377, 810588.692600000649691 ], [ 2788697.159400001168251, 810568.873500000685453 ], [ 2788699.320600003004074, 810553.413800001144409 ], [ 2788708.932899996638298, 810532.234099999070168 ], [ 2788713.470200002193451, 810495.804699998348951 ], [ 2788711.533100001513958, 810487.796599999070168 ], [ 2788709.269599996507168, 810480.679900001734495 ], [ 2788705.81700000166893, 810473.782200001180172 ], [ 2788701.457000002264977, 810466.305100001394749 ], [ 2788668.335400000214577, 810419.30009999871254 ], [ 2788638.510600000619888, 810407.887899998575449 ], [ 2788607.74549999833107, 810397.716499999165535 ], [ 2788603.757299996912479, 810392.768399998545647 ], [ 2788601.3783999979496, 810385.322700001299381 ], [ 2788598.071400001645088, 810333.313200000673532 ], [ 2788595.739699997007847, 810299.156599998474121 ], [ 2788606.263099998235703, 810271.476500000804663 ], [ 2788671.515299998223782, 810216.124800000339746 ], [ 2788722.288000002503395, 810175.406800001859665 ], [ 2788751.441699996590614, 810150.316100001335144 ], [ 2788761.498199999332428, 810119.012099999934435 ], [ 2788763.3301, 810101.86879999935627 ], [ 2788760.629900000989437, 810059.237199999392033 ], [ 2788755.523599997162819, 810023.5135000012815 ], [ 2788752.720299996435642, 809967.680799998342991 ], [ 2788746.033500000834465, 809950.907200001180172 ], [ 2788723.847599998116493, 809909.75959999859333 ], [ 2788694.216099999845028, 809874.855599999427795 ], [ 2788687.264499999582767, 809859.25620000064373 ], [ 2788668.596500001847744, 809848.468899998813868 ], [ 2788630.807199999690056, 809834.768300000578165 ], [ 2788593.847499996423721, 809810.896800000220537 ], [ 2788589.902199998497963, 809805.293600000441074 ], [ 2788594.885200001299381, 809796.99100000038743 ], [ 2788635.054999999701977, 809744.76799999922514 ], [ 2788684.9934, 809704.372600000351667 ], [ 2788724.839599996805191, 809671.260999999940395 ], [ 2788735.638099998235703, 809666.257800001651049 ], [ 2788749.992600001394749, 809660.860399998724461 ], [ 2788766.322400003671646, 809657.832800000905991 ], [ 2788785.153800003230572, 809657.832400001585484 ], [ 2788800.302799999713898, 809657.043499998748302 ], [ 2788817.307300001382828, 809662.67119999974966 ], [ 2788836.092699997127056, 809669.268500000238419 ], [ 2788852.038099996745586, 809679.531100001186132 ], [ 2788867.652199998497963, 809690.719200000166893 ], [ 2788891.0066, 809711.713100001215935 ], [ 2788896.564800001680851, 809716.110700000077486 ], [ 2788924.85249999910593, 809721.627500001341105 ], [ 2788931.592500001192093, 809715.927000001072884 ], [ 2788943.165700003504753, 809693.200500000268221 ], [ 2788945.239500001072884, 809677.672800000756979 ], [ 2788944.350100003182888, 809665.077100001275539 ], [ 2788943.1908999979496, 809655.824000000953674 ], [ 2788894.35360000282526, 809590.578899998217821 ], [ 2788886.20269999653101, 809577.690200001001358 ], [ 2788831.540799997746944, 809532.252500001341105 ], [ 2788800.354599997401237, 809504.607999999076128 ], [ 2788790.123400002717972, 809485.043299999088049 ], [ 2788789.773800000548363, 809466.557300001382828 ], [ 2788800.920699998736382, 809437.256999999284744 ], [ 2788807.027699999511242, 809426.352600000798702 ], [ 2788817.442400000989437, 809414.696100000292063 ], [ 2788834.907399997115135, 809396.589800000190735 ], [ 2788839.958599999547005, 809390.950199998915195 ], [ 2788851.988300003111362, 809377.518899999558926 ], [ 2788851.546899996697903, 809369.490899998694658 ], [ 2788846.92679999768734, 809360.0320999994874 ], [ 2788840.531300000846386, 809344.139499999582767 ], [ 2788829.930100001394749, 809333.291700001806021 ], [ 2788827.468699999153614, 809323.754099998623133 ], [ 2788824.223300002515316, 809315.337600000202656 ], [ 2788817.060999996960163, 809294.316899999976158 ], [ 2788811.816299997270107, 809272.391199998557568 ], [ 2788809.1426, 809254.683100000023842 ], [ 2788812.022699996829033, 809246.49439999833703 ], [ 2788813.7804000005126, 809241.496700000017881 ], [ 2788816.329499997198582, 809230.261100001633167 ], [ 2788823.703699998557568, 809220.979800000786781 ], [ 2788842.861100003123283, 809191.540800001472235 ], [ 2788850.1266999989748, 809179.234200000762939 ], [ 2788857.561200000345707, 809160.486900001764297 ], [ 2788862.187700003385544, 809121.146999999880791 ], [ 2788867.536100000143051, 809082.168800000101328 ], [ 2788875.202500000596046, 809046.332299999892712 ], [ 2788879.240000002086163, 809030.718499999493361 ], [ 2788880.813799999654293, 809016.489500001072884 ], [ 2788881.151000000536442, 809012.1858000010252 ], [ 2788883.838600002229214, 808977.87950000166893 ], [ 2788883.062899999320507, 808974.710900001227856 ], [ 2788881.198700003325939, 808967.096200000494719 ], [ 2788870.164499998092651, 808956.943399999290705 ], [ 2788863.379900000989437, 808945.898299999535084 ], [ 2788865.785199999809265, 808932.70549999922514 ], [ 2788841.757399998605251, 808874.704300001263618 ], [ 2788820.644000001251698, 808818.045499999076128 ], [ 2788817.704800002276897, 808789.479299999773502 ], [ 2788821.013300001621246, 808764.977200001478195 ], [ 2788822.530100002884865, 808741.975499998778105 ], [ 2788824.201999999582767, 808726.836199998855591 ], [ 2788821.013899996876717, 808716.576799999922514 ], [ 2788815.589699998497963, 808704.914099998772144 ], [ 2788809.664800003170967, 808695.507599998265505 ], [ 2788763.639300003647804, 808647.741399999707937 ], [ 2788748.307800002396107, 808635.865200001746416 ], [ 2788727.44820000231266, 808625.204599998891354 ], [ 2788710.652199998497963, 808618.760600000619888 ], [ 2788692.626900002360344, 808613.413600001484156 ], [ 2788682.858599998056889, 808609.789900001138449 ], [ 2788672.194600000977516, 808599.891600001603365 ], [ 2788655.79619999974966, 808580.593699999153614 ], [ 2788638.248499996960163, 808568.397999998182058 ], [ 2788598.433600001037121, 808544.013199999928474 ], [ 2788590.420400001108646, 808530.627999998629093 ], [ 2788585.954199999570847, 808507.83049999922514 ], [ 2788578.543700002133846, 808483.149000000208616 ], [ 2788578.669699996709824, 808458.442200001329184 ], [ 2788572.862999998033047, 808433.473499998450279 ], [ 2788574.084200002253056, 808410.607299998402596 ], [ 2788578.137599997222424, 808390.657499998807907 ], [ 2788573.902500003576279, 808376.418499998748302 ], [ 2788563.002499997615814, 808350.222500000149012 ], [ 2788554.868699997663498, 808335.516600001603365 ], [ 2788546.38459999859333, 808323.711300000548363 ], [ 2788537.755599997937679, 808308.852400001138449 ], [ 2788519.290200002491474, 808313.3564000017941 ], [ 2788507.325199998915195, 808317.2972999997437 ], [ 2788474.454000003635883, 808319.644600000232458 ], [ 2788444.125399999320507, 808307.644400000572205 ], [ 2788421.855999998748302, 808290.630199998617172 ], [ 2788408.345600001513958, 808282.191300000995398 ], [ 2788390.615299999713898, 808272.486600000411272 ], [ 2788372.074199996888638, 808261.256000000983477 ], [ 2788370.771300002932549, 808247.166999999433756 ], [ 2788370.338100001215935, 808233.994699999690056 ], [ 2788367.269500002264977, 808218.027899999171495 ], [ 2788349.238099999725819, 808195.688000001013279 ], [ 2788337.41669999808073, 808191.046799998730421 ], [ 2788313.351800002157688, 808193.156899999827147 ], [ 2788294.302199997007847, 808189.295800000429153 ], [ 2788284.963600002229214, 808156.569899998605251 ], [ 2788282.043399997055531, 808135.592999998480082 ], [ 2788311.608499996364117, 808103.534699998795986 ], [ 2788318.977200001478195, 808091.052999999374151 ], [ 2788317.871699996292591, 808078.807399999350309 ], [ 2788309.513700000941753, 808064.345800001174212 ], [ 2788296.063799999654293, 808059.794900000095367 ], [ 2788272.094300001859665, 808033.673000000417233 ], [ 2788244.557899996638298, 807997.867600001394749 ], [ 2788229.315099999308586, 807976.168600000441074 ], [ 2788209.4003000035882, 807930.541900001466274 ], [ 2788199.009300000965595, 807906.960499998182058 ], [ 2788184.847099997103214, 807881.671599999070168 ], [ 2788152.587700001895428, 807826.603799998760223 ], [ 2788150.01860000193119, 807781.493900001049042 ], [ 2788171.98030000180006, 807742.933800000697374 ], [ 2788194.633000001311302, 807721.08219999819994 ], [ 2788216.468099996447563, 807699.098999999463558 ], [ 2788231.979299999773502, 807660.367800001055002 ], [ 2788238.01410000026226, 807609.915100000798702 ], [ 2788188.634400002658367, 807566.593199998140335 ], [ 2788157.053300000727177, 807502.583299998193979 ], [ 2788148.251299999654293, 807444.604899998754263 ], [ 2788134.445600003004074, 807406.539500001817942 ], [ 2788117.081699997186661, 807380.331199999898672 ], [ 2788094.413999997079372, 807354.013599999248981 ], [ 2788063.409299999475479, 807315.763399999588728 ], [ 2788047.476800002157688, 807289.829900000244379 ], [ 2788055.23759999871254, 807246.098099999129772 ], [ 2788071.164800003170967, 807185.985199999064207 ], [ 2788070.893200002610683, 807125.105999998748302 ], [ 2788055.786799997091293, 807086.475699998438358 ], [ 2788047.742200002074242, 807055.446100000292063 ], [ 2788025.42790000140667, 807014.478300001472235 ], [ 2787994.252899996936321, 806982.007500000298023 ], [ 2787937.176299996674061, 806940.107799999415874 ], [ 2787896.719400003552437, 806897.969000000506639 ], [ 2787858.395700000226498, 806882.11879999935627 ], [ 2787817.940499998629093, 806856.473600000143051 ], [ 2787765.219999998807907, 806802.063499998301268 ], [ 2787732.554399996995926, 806752.234299998730421 ], [ 2787719.692699998617172, 806725.913699999451637 ], [ 2787692.442299999296665, 806724.743099998682737 ], [ 2787629.979999996721745, 806724.742899999022484 ], [ 2787596.753100000321865, 806715.908700000494719 ], [ 2787578.651799999177456, 806670.195500001311302 ], [ 2787559.646899998188019, 806640.467000000178814 ], [ 2787532.02759999781847, 806613.27140000090003 ], [ 2787513.392399996519089, 806582.962600000202656 ], [ 2787482.531999997794628, 806549.182599999010563 ], [ 2787458.959799997508526, 806525.176100000739098 ], [ 2787430.430200003087521, 806496.416299998760223 ], [ 2787319.013400003314018, 806422.400400001555681 ], [ 2787284.767700001597404, 806404.868400000035763 ], [ 2787219.466300003230572, 806371.078000001609325 ], [ 2787183.610299997031689, 806361.785900000482798 ], [ 2787147.754000000655651, 806353.821199998259544 ], [ 2787105.2566, 806343.866999998688698 ], [ 2787060.878799997270107, 806336.368000000715256 ], [ 2787032.618500001728535, 806319.818799998611212 ], [ 2786969.42509999871254, 806280.665699999779463 ], [ 2786923.479000002145767, 806263.931600000709295 ], [ 2786896.685199998319149, 806233.783599998801947 ], [ 2786788.265100002288818, 806143.9679000005126 ], [ 2786783.087099999189377, 806120.522999998182058 ], [ 2786770.589199997484684, 806108.949000000953674 ], [ 2786738.096799999475479, 806106.158500000834465 ], [ 2786717.110500000417233, 806094.409299999475479 ], [ 2786691.519000001251698, 806089.291499998420477 ], [ 2786668.976700000464916, 806084.885499998927116 ], [ 2786640.672799997031689, 806070.852600000798702 ], [ 2786603.9679000005126, 806040.993200000375509 ], [ 2786516.045500002801418, 805974.447000000625849 ], [ 2786461.415799997746944, 805934.348299998790026 ], [ 2786425.194899998605251, 805880.806800000369549 ], [ 2786367.755400002002716, 805835.872600000351667 ], [ 2786332.7516999989748, 805810.423300001770258 ], [ 2786300.60700000077486, 805800.25 ], [ 2786223.490599997341633, 805786.613600000739098 ], [ 2786208.441399998962879, 805776.510800000280142 ], [ 2786199.154500000178814, 805749.11540000140667 ], [ 2786183.761500000953674, 805720.866200000047684 ], [ 2786164.151799999177456, 805703.419799998402596 ], [ 2786143.412000000476837, 805690.291400000452995 ], [ 2786127.090700000524521, 805682.375100001692772 ], [ 2786098.512699998915195, 805657.818199999630451 ], [ 2786076.831299997866154, 805634.249400001019239 ], [ 2786046.500100001692772, 805603.094799999147654 ], [ 2786016.079099997878075, 805544.886500000953674 ], [ 2785971.143399998545647, 805507.947500001639128 ], [ 2785912.673500001430511, 805480.48930000141263 ], [ 2785888.721799999475479, 805457.958700001239777 ], [ 2785871.462399996817112, 805441.764199998229742 ], [ 2785850.367299996316433, 805420.314800001680851 ], [ 2785849.322800002992153, 805383.054400000721216 ], [ 2785857.336099997162819, 805349.972199998795986 ], [ 2785864.659500002861023, 805317.037000000476837 ], [ 2785867.908299997448921, 805273.544399999082088 ], [ 2785871.689099997282028, 805253.874099999666214 ], [ 2785865.132100000977516, 805178.949099998921156 ], [ 2785858.17230000346899, 805154.892900001257658 ], [ 2785857.840899996459484, 805135.466899998486042 ], [ 2785856.301600001752377, 805119.046700000762939 ], [ 2785851.168200001120567, 805101.60080000013113 ], [ 2785834.739100001752377, 805093.903599999845028 ], [ 2785826.011699996888638, 805071.839000001549721 ], [ 2785809.582900002598763, 805030.790100000798702 ], [ 2785738.378499999642372, 804978.330699998885393 ], [ 2785702.0691, 804944.926399998366833 ], [ 2785679.257399998605251, 804924.666799999773502 ], [ 2785662.93860000371933, 804914.409000001847744 ], [ 2785641.411200001835823, 804906.661499999463558 ], [ 2785637.655000001192093, 804899.030699998140335 ], [ 2785632.0757, 804859.925000000745058 ], [ 2785630.436700001358986, 804837.090700000524521 ], [ 2785625.054200001060963, 804827.274700000882149 ], [ 2785619.026900000870228, 804822.077500000596046 ], [ 2785610.209200002253056, 804818.935300000011921 ], [ 2785604.017499998211861, 804811.409499999135733 ], [ 2785598.703199997544289, 804802.420800000429153 ], [ 2785593.81139999628067, 804793.441199999302626 ], [ 2785587.600199997425079, 804782.021600000560284 ], [ 2785545.423699997365475, 804729.855900000780821 ], [ 2785529.764799997210503, 804716.043000001460314 ], [ 2785517.909299999475479, 804711.791900001466274 ], [ 2785512.415899999439716, 804712.227600000798702 ], [ 2785509.470899999141693, 804711.541200000792742 ], [ 2785506.595299996435642, 804708.352800000458956 ], [ 2785502.648500002920628, 804701.646000001579523 ], [ 2785496.292199999094009, 804697.200100000947714 ], [ 2785487.394500002264977, 804692.964299999177456 ], [ 2785467.351899996399879, 804690.196600001305342 ], [ 2785463.000100001692772, 804688.463199999183416 ], [ 2785459.499600000679493, 804685.375599998980761 ], [ 2785455.723200000822544, 804682.283900000154972 ], [ 2785439.543799996376038, 804666.037399999797344 ], [ 2785398.434900000691414, 804655.079599998891354 ], [ 2785376.509499996900558, 804642.411200001835823 ], [ 2785318.259199999272823, 804631.72690000012517 ], [ 2785297.016199998557568, 804623.831700000911951 ], [ 2785266.786100000143051, 804614.306400001049042 ], [ 2785236.663699999451637, 804600.922800000756979 ], [ 2785219.494199998676777, 804592.396200001239777 ], [ 2785190.747299998998642, 804592.547800000756979 ], [ 2785173.466099999845028, 804589.468400001525879 ], [ 2785159.226099997758865, 804595.118000000715256 ], [ 2785150.9978, 804597.6739999987185 ], [ 2785143.283100001513958, 804599.248100001364946 ], [ 2785133.222499996423721, 804596.091400001198053 ], [ 2785112.617299996316433, 804590.069200001657009 ], [ 2785087.115800000727177, 804576.944699998944998 ], [ 2785055.496899999678135, 804561.26069999858737 ], [ 2785029.589000001549721, 804542.014499999582767 ], [ 2785003.331000000238419, 804525.568599998950958 ], [ 2784929.285499997437, 804521.313400000333786 ], [ 2784908.392200000584126, 804532.590300001204014 ], [ 2784897.428099997341633, 804537.805399999022484 ], [ 2784882.776799999177456, 804561.076299998909235 ], [ 2784864.431599996984005, 804573.515700001269579 ], [ 2784840.16330000013113, 804580.230099998414516 ], [ 2784822.589000001549721, 804585.090399999171495 ], [ 2784790.381800003349781, 804582.789900001138449 ], [ 2784773.130300000309944, 804587.388000000268221 ], [ 2784766.804399996995926, 804588.249899998307228 ], [ 2784757.740299999713898, 804582.151900000870228 ], [ 2784747.255800001323223, 804573.8429000005126 ], [ 2784732.894900001585484, 804565.056400001049042 ], [ 2784723.823700003325939, 804561.212099999189377 ], [ 2784713.470600001513958, 804552.99720000103116 ], [ 2784702.193400003015995, 804545.219900000840425 ], [ 2784688.302500002086163, 804542.190799999982119 ], [ 2784669.599399998784065, 804539.520100001245737 ], [ 2784621.580399997532368, 804543.615600001066923 ], [ 2784595.023900002241135, 804545.864700000733137 ], [ 2784569.819799996912479, 804539.118000000715256 ], [ 2784539.214000001549721, 804530.121500000357628 ], [ 2784509.060400001704693, 804525.172800000756979 ], [ 2784466.30349999666214, 804522.923000000417233 ], [ 2784433.854900002479553, 804519.292500000447035 ], [ 2784410.17960000038147, 804524.887099999934435 ], [ 2784394.400600001215935, 804538.935699999332428 ], [ 2784353.899700000882149, 804571.271000001579523 ], [ 2784337.059500001370907, 804583.086800001561642 ], [ 2784315.355700001120567, 804589.27309999987483 ], [ 2784303.094300001859665, 804593.650299999862909 ], [ 2784291.768899999558926, 804592.521899998188019 ], [ 2784264.182199999690056, 804583.296999998390675 ], [ 2784215.493500001728535, 804602.697599999606609 ], [ 2784176.622500002384186, 804619.753100000321865 ], [ 2784137.490800000727177, 804639.400800000876188 ], [ 2784091.540700003504753, 804659.833000000566244 ], [ 2784051.773100003600121, 804675.055399999022484 ], [ 2784017.83219999819994, 804639.594099998474121 ], [ 2783953.175300002098083, 804587.897300001233816 ], [ 2783915.459799997508526, 804581.434500001370907 ], [ 2783873.5471, 804595.320500001311302 ], [ 2783846.803999997675419, 804620.97239999845624 ], [ 2783829.641500003635883, 804633.720100000500679 ], [ 2783820.542199999094009, 804640.084300000220537 ], [ 2783812.788199998438358, 804648.198499999940395 ], [ 2783805.878799997270107, 804661.807900000363588 ], [ 2783801.70610000193119, 804666.8614999987185 ], [ 2783788.684000000357628, 804675.156899999827147 ], [ 2783769.949199996888638, 804690.40260000154376 ], [ 2783761.364500001072884, 804701.57319999858737 ], [ 2783749.917999997735023, 804716.539000000804663 ], [ 2783735.995800003409386, 804726.956300001591444 ], [ 2783710.163000002503395, 804732.902100000530481 ], [ 2783694.066799998283386, 804739.794599998742342 ], [ 2783682.488799996674061, 804749.665399998426437 ], [ 2783670.571000002324581, 804765.321299999952316 ], [ 2783647.017300002276897, 804817.508200000971556 ], [ 2783623.571900002658367, 804854.616999998688698 ], [ 2783586.27080000191927, 804905.251600001007318 ], [ 2783554.702500000596046, 804943.08839999884367 ], [ 2783522.644400000572205, 804988.554900001734495 ], [ 2783492.800599999725819, 805013.998700000345707 ], [ 2783459.393299996852875, 805020.986900001764297 ], [ 2783424.044299997389317, 805029.820099998265505 ], [ 2783377.403300002217293, 805051.410700000822544 ], [ 2783341.2971, 805046.265000000596046 ], [ 2783291.745899997651577, 805028.577300000935793 ], [ 2783228.777699999511242, 805003.086500000208616 ], [ 2783167.501599997282028, 805005.427400000393391 ], [ 2783119.439000003039837, 805004.651700001209974 ], [ 2783089.936099998652935, 805029.130899999290705 ], [ 2783044.290200002491474, 805053.611099999397993 ], [ 2782996.709399998188019, 805055.164799999445677 ], [ 2782988.726599998772144, 805062.598299998790026 ], [ 2782935.759999997913837, 805098.9206000007689 ], [ 2782887.338500000536442, 805135.697299998253584 ], [ 2782857.929200001060963, 805167.118700001388788 ], [ 2782819.232600003480911, 805202.8429000005126 ], [ 2782803.480999998748302, 805228.268100000917912 ], [ 2782782.223800003528595, 805257.64979999884963 ], [ 2782754.6382, 805283.864000000059605 ], [ 2782724.9846, 805310.118700001388788 ], [ 2782645.923199996352196, 805392.218600001186132 ], [ 2782569.125200003385544, 805465.890900000929832 ], [ 2782539.957000002264977, 805489.95890000090003 ], [ 2782503.676600001752377, 805503.404399998486042 ], [ 2782457.057499997317791, 805507.559500001370907 ], [ 2782392.573600001633167, 805545.337799999862909 ], [ 2782319.214299999177456, 805591.717099998146296 ], [ 2782290.967399999499321, 805617.367400001734495 ], [ 2782254.530299998819828, 805623.988800000399351 ], [ 2782230.832000002264977, 805635.812800001353025 ], [ 2782196.502300001680851, 805670.490800000727177 ], [ 2782170.23030000180006, 805710.140900000929832 ], [ 2782144.5, 805738.429200001060963 ], [ 2782123.700000002980232, 805759.589600000530481 ], [ 2782085.163599997758865, 805764.302600000053644 ], [ 2782031.31700000166893, 805809.149999998509884 ], [ 2781996.075599998235703, 805803.670299999415874 ], [ 2781975.422200001776218, 805828.441100001335144 ], [ 2781960.778999999165535, 805841.576999999582767 ], [ 2781948.011600002646446, 805853.960799999535084 ], [ 2781931.365199998021126, 805865.07490000128746 ], [ 2781901.944700002670288, 805879.36600000038743 ], [ 2781873.123400002717972, 805886.599199999123812 ], [ 2781843.070100001990795, 805894.702799998223782 ], [ 2781803.412699997425079, 805887.057199999690056 ], [ 2781770.370999999344349, 805869.537200000137091 ], [ 2781740.943599998950958, 805888.016699999570847 ], [ 2781708.758500002324581, 805912.94819999858737 ], [ 2781660.20440000295639, 805941.649900000542402 ], [ 2781613.647600002586842, 805956.745700001716614 ], [ 2781591.139600001275539, 805965.552000001072884 ], [ 2781549.718400001525879, 805986.123799998313189 ], [ 2781496.371200002729893, 806040.062100000679493 ], [ 2781514.897299997508526, 806239.289500001817942 ], [ 2780883.565099999308586, 806610.525400001555681 ], [ 2780783.123499996960163, 806606.700599998235703 ], [ 2780750.135099999606609, 806725.154500000178814 ], [ 2780749.617299996316433, 806736.374400001019239 ], [ 2780749.095200002193451, 806749.227299999445677 ], [ 2780740.579999998211861, 806764.164700001478195 ], [ 2780730.034999996423721, 806829.565200001001358 ], [ 2780724.014799997210503, 806899.061599999666214 ], [ 2780726.418099999427795, 806937.518800001591444 ], [ 2780698.763300001621246, 806965.159200001507998 ], [ 2780703.979599997401237, 807023.554000001400709 ], [ 2780712.192500002682209, 807054.410199999809265 ], [ 2780723.30120000243187, 807142.614100001752377 ], [ 2780719.812299996614456, 807154.0489999987185 ], [ 2780713.9121999964118, 807160.938299998641014 ], [ 2780709.7179000005126, 807170.109700001776218 ], [ 2780709.241099998354912, 807186.828000001609325 ], [ 2780707.42400000244379, 807198.374699998646975 ], [ 2780700.270900003612041, 807208.569699998944998 ], [ 2780681.054499998688698, 807217.981800001114607 ], [ 2780673.097099997103214, 807223.562899999320507 ], [ 2780668.248800002038479, 807229.842399999499321 ], [ 2780664.119599997997284, 807238.278499998152256 ], [ 2780661.426600001752377, 807245.456199999898672 ], [ 2780659.854299999773502, 807256.649700000882149 ], [ 2780674.571099996566772, 807313.6570999994874 ], [ 2780674.20269999653101, 807331.593100000172853 ], [ 2780701.621500000357628, 807396.835099998861551 ], [ 2780723.902900002896786, 807451.255300000309944 ], [ 2780779.72240000218153, 807519.937100000679493 ], [ 2780868.711599998176098, 807620.897599998861551 ], [ 2780916.963500000536442, 807673.673099998384714 ], [ 2780943.005800001323223, 807709.276799999177456 ], [ 2780961.581399999558926, 807738.111600000411272 ], [ 2780978.1316, 807755.346700001507998 ], [ 2780991.723200000822544, 807769.494500000029802 ], [ 2781017.058300003409386, 807785.173599999397993 ], [ 2781046.178300000727177, 807798.551699999719858 ], [ 2781061.351300001144409, 807802.936200000345707 ], [ 2781074.826200000941753, 807804.193999998271465 ], [ 2781090.934900000691414, 807796.674300000071526 ], [ 2781115.538599997758865, 807781.967300001531839 ], [ 2781124.577200002968311, 807777.393899999558926 ], [ 2781131.721600003540516, 807779.450899999588728 ], [ 2781145.075199998915195, 807787.695999998599291 ], [ 2781165.891599997878075, 807809.742400001734495 ], [ 2781177.270099997520447, 807837.5793999992311 ], [ 2781235.844200000166893, 807909.63120000064373 ], [ 2781242.879799999296665, 807923.106699999421835 ], [ 2781246.293200001120567, 807934.7787000015378 ], [ 2781253.94030000269413, 807979.926699999719858 ], [ 2781254.837399996817112, 808012.365200001746416 ], [ 2781223.8794, 808052.823699999600649 ], [ 2781230.927000001072884, 808080.846900001168251 ], [ 2781233.443999998271465, 808083.814500000327826 ], [ 2781245.167099997401237, 808091.078400000929832 ], [ 2781247.186999998986721, 808098.868500001728535 ], [ 2781245.307599999010563, 808107.789299998432398 ], [ 2781230.809000000357628, 808133.973999999463558 ], [ 2781216.237000003457069, 808202.771600000560284 ], [ 2781215.280799999833107, 808213.136199999600649 ], [ 2781218.669699996709824, 808229.367899999022484 ], [ 2781223.459899999201298, 808239.698699999600649 ], [ 2781248.339299999177456, 808267.518699999898672 ], [ 2781271.986400000751019, 808316.809399999678135 ], [ 2781287.013400003314018, 808372.468899998813868 ], [ 2781300.437200002372265, 808438.139699999243021 ], [ 2781298.272100001573563, 808491.699700001627207 ], [ 2781289.838200002908707, 808566.150299999862909 ], [ 2781315.8684, 808612.69200000166893 ], [ 2781320.707999996840954, 808618.747299998998642 ], [ 2781328.625399999320507, 808618.702199999243021 ], [ 2781335.556500002741814, 808614.478199999779463 ], [ 2781339.737199999392033, 808619.99549999833107 ], [ 2781350.351300001144409, 808640.095600001513958 ], [ 2781354.541299998760223, 808647.354400001466274 ], [ 2781360.1266999989748, 808649.309500001370907 ], [ 2781366.830799996852875, 808647.63399999961257 ], [ 2781382.571199998259544, 808627.870400000363588 ], [ 2781386.576800003647804, 808627.052099999040365 ], [ 2781389.6294, 808626.497499998658895 ], [ 2781393.377999998629093, 808626.635000001639128 ], [ 2781396.01690000295639, 808626.497800000011921 ], [ 2781398.653300002217293, 808626.497499998658895 ], [ 2781401.708800002932549, 808627.190600000321865 ], [ 2781405.851599998772144, 808629.350600000470877 ], [ 2781409.898400001227856, 808635.515799999237061 ], [ 2781409.707500003278255, 808642.802000001072884 ], [ 2781408.013700000941753, 808651.833200000226498 ], [ 2781404.589100003242493, 808676.408500000834465 ], [ 2781406.571599997580051, 808702.772199999541044 ], [ 2781409.23589999973774, 808716.519200000911951 ], [ 2781402.117700003087521, 808736.173599999397993 ], [ 2781392.755199998617172, 808748.380499999970198 ], [ 2781390.311599999666214, 808756.518800001591444 ], [ 2781392.754199996590614, 808763.844300001859665 ], [ 2781402.118000000715256, 808774.4239999987185 ], [ 2781411.0757, 808793.142700001597404 ], [ 2781413.11150000244379, 808804.943500000983477 ], [ 2781403.087499998509884, 808824.259700000286102 ], [ 2781404.085299998521805, 808843.900499999523163 ], [ 2781410.204300001263618, 808856.394799999892712 ], [ 2781424.853900000452995, 808866.883600000292063 ], [ 2781438.733400002121925, 808885.690000001341105 ], [ 2781448.012699998915195, 808900.217799998819828 ], [ 2781472.453599996864796, 808972.37950000166893 ], [ 2781478.751299999654293, 809016.997299998998642 ], [ 2781493.688500002026558, 809039.897799998521805 ], [ 2781509.896499998867512, 809070.312800001353025 ], [ 2781521.769299998879433, 809086.220800001174212 ], [ 2781520.031700000166893, 809112.593100000172853 ], [ 2781510.4353, 809126.496899999678135 ], [ 2781500.263999998569489, 809136.264899998903275 ], [ 2781491.159100003540516, 809145.363800000399351 ], [ 2781479.453299999237061, 809158.624200001358986 ], [ 2781468.707699999213219, 809172.802499998360872 ], [ 2781449.915799997746944, 809188.155099999159575 ], [ 2781446.204199999570847, 809196.750999998301268 ], [ 2781445.089000001549721, 809204.115899998694658 ], [ 2781446.517899997532368, 809212.817999999970198 ], [ 2781456.7212999984622, 809237.405299998819828 ], [ 2781468.065399996936321, 809244.020700000226498 ], [ 2781491.020199999213219, 809251.691500000655651 ], [ 2781518.337600000202656, 809255.597199998795986 ], [ 2781536.451300002634525, 809280.546900000423193 ], [ 2781557.488499999046326, 809289.482599999755621 ], [ 2781577.58389999717474, 809291.032699998468161 ], [ 2781590.906400002539158, 809289.825899999588728 ], [ 2781601.423100002110004, 809285.741999998688698 ], [ 2781623.911899998784065, 809273.498599998652935 ], [ 2781647.332999996840954, 809272.790100000798702 ], [ 2781724.634499996900558, 809280.348900001496077 ], [ 2781751.673000000417233, 809307.912900000810623 ], [ 2781779.792199999094009, 809323.58559999987483 ], [ 2781890.646499998867512, 809324.665600001811981 ], [ 2781936.8794, 809337.384500000625849 ], [ 2781995.704800002276897, 809348.616200000047684 ], [ 2782044.044600002467632, 809384.461800001561642 ], [ 2782095.354599997401237, 809411.997099999338388 ], [ 2782143.810099996626377, 809442.264699999243021 ], [ 2782205.584100000560284, 809433.423799999058247 ], [ 2782272.524999998509884, 809423.511999998241663 ], [ 2782341.323600001633167, 809410.504000000655651 ], [ 2782410.627700001001358, 809408.329799998551607 ], [ 2782508.305500000715256, 809432.005100000649691 ], [ 2782655.330700002610683, 809483.450800001621246 ], [ 2782694.890500001609325, 809515.500799998641014 ], [ 2782745.223800003528595, 809516.487100001424551 ], [ 2782813.360100001096725, 809546.55290000140667 ], [ 2782834.348600000143051, 809594.137099999934435 ], [ 2782860.273900002241135, 809611.958999998867512 ], [ 2782879.829000003635883, 809670.455099999904633 ], [ 2782903.677500002086163, 809722.12220000103116 ], [ 2782951.928800001740456, 809764.608199998736382 ], [ 2782965.557899996638298, 809783.084399998188019 ], [ 2782997.930299997329712, 809789.448600001633167 ], [ 2783033.115599997341633, 809772.554900001734495 ], [ 2783081.355700001120567, 809767.773499999195337 ], [ 2783167.213200002908707, 809806.276799999177456 ], [ 2783225.538099996745586, 809818.560600001364946 ], [ 2783267.956399999558926, 809833.971000000834465 ], [ 2783290.928300000727177, 809881.711300000548363 ], [ 2783339.034100003540516, 809927.386799998581409 ], [ 2783372.051100000739098, 809974.853799998760223 ], [ 2783387.652400001883507, 810019.339299999177456 ], [ 2783447.131300002336502, 810041.723299998790026 ], [ 2783496.503799997270107, 810065.6537000015378 ], [ 2783564.881099998950958, 810098.853199999779463 ], [ 2783596.912500001490116, 810126.361099999397993 ], [ 2783625.8412000015378, 810155.413800001144409 ], [ 2783654.167700000107288, 810188.144099999219179 ], [ 2783658.637800000607967, 810220.873700000345707 ], [ 2783678.913999997079372, 810264.0608000010252 ], [ 2783671.068300001323223, 810295.474899999797344 ], [ 2783674.388700000941753, 810346.116300001740456 ], [ 2783697.98650000244379, 810384.415100000798702 ], [ 2783724.549999997019768, 810441.916799999773502 ], [ 2783804.424400001764297, 810526.947599999606609 ], [ 2783815.979299999773502, 810581.224700000137091 ], [ 2783820.215000003576279, 810601.242199998348951 ], [ 2783855.556599996984005, 810628.393500000238419 ], [ 2783917.902999997138977, 810654.398699998855591 ], [ 2783957.486100003123283, 810682.862500000745058 ], [ 2783992.110500000417233, 810703.15819999948144 ], [ 2784033.939900003373623, 810744.464999999850988 ], [ 2784071.735399998724461, 810781.047200001776218 ], [ 2784091.420999996364117, 810801.786299999803305 ], [ 2784125.089500002563, 810825.370000001043081 ], [ 2784156.539599999785423, 810833.124800000339746 ], [ 2784189.843800000846386, 810827.491599999368191 ], [ 2784268.601700000464916, 810815.406399998813868 ], [ 2784304.140900000929832, 810814.406800001859665 ], [ 2784345.697999998927116, 810816.883299998939037 ], [ 2784420.83500000089407, 810845.111099999397993 ], [ 2784484.9628000035882, 810875.741099998354912 ], [ 2784540.152400001883507, 810959.003299999982119 ], [ 2784561.358000002801418, 811003.644299998879433 ], [ 2784562.874200001358986, 811044.798900000751019 ], [ 2784578.6963, 811145.494600001722574 ], [ 2784610.261799998581409, 811164.555599998682737 ], [ 2784633.277000002563, 811196.103799998760223 ], [ 2784654.976899996399879, 811235.537099998444319 ], [ 2784677.993299998342991, 811273.658300001174212 ], [ 2784701.120200000703335, 811311.692200001329184 ], [ 2784733.542999997735023, 811330.523499999195337 ], [ 2784775.343000002205372, 811368.864799998700619 ], [ 2784787.147299997508526, 811409.138799998909235 ], [ 2784790.008000001311302, 811439.723400000482798 ], [ 2784775.674199998378754, 811468.268699999898672 ], [ 2784729.137800000607967, 811492.682900000363588 ], [ 2784710.524899996817112, 811543.776500001549721 ], [ 2784704.961900003254414, 811573.37779999896884 ], [ 2784755.6897, 811608.976500000804663 ], [ 2784800.004900000989437, 811664.320500001311302 ], [ 2784875.028099998831749, 811805.338700000196695 ], [ 2784900.533500000834465, 811827.009300000965595 ], [ 2784957.124799996614456, 811857.428700000047684 ], [ 2784976.703900001943111, 811938.169599998742342 ], [ 2784993.46169999986887, 811982.787200000137091 ], [ 2785027.911100000143051, 811998.648699998855591 ], [ 2785064.456600002944469, 811999.401299998164177 ], [ 2785089.786799997091293, 812006.837699998170137 ], [ 2785106.53660000115633, 812019.242300000041723 ], [ 2785149.760499998927116, 812044.822299998253584 ], [ 2785168.90259999781847, 812071.606199998408556 ], [ 2785194.553199999034405, 812102.598799999803305 ], [ 2785213.311099998652935, 812107.956500001251698 ], [ 2785251.574000000953674, 812098.308100000023842 ], [ 2785271.969499997794628, 812081.846200000494719 ], [ 2785287.903599999845028, 812074.348999999463558 ], [ 2785297.400200001895428, 812076.246199999004602 ], [ 2785306.506800003349781, 812084.102699998766184 ], [ 2785320.285099998116493, 812091.970499999821186 ], [ 2785327.668600000441074, 812108.694699998944998 ], [ 2785330.128100000321865, 812134.272199999541044 ], [ 2785330.619199998676777, 812177.556699998676777 ], [ 2785330.358999997377396, 812193.226599998772144 ], [ 2785330.129199996590614, 812207.069600000977516 ], [ 2785467.409699998795986, 812294.949000000953674 ], [ 2785803.423799999058247, 812502.689300000667572 ], [ 2785789.676899999380112, 812521.736299999058247 ], [ 2785774.529200002551079, 812542.724300000816584 ], [ 2785624.675599999725819, 812750.357200000435114 ], [ 2785496.676299996674061, 812928.425999999046326 ], [ 2785642.340599998831749, 813177.493700001388788 ], [ 2785803.168700002133846, 813381.576400000602007 ], [ 2785874.515799999237061, 813500.161499999463558 ], [ 2785869.71679999679327, 813549.415199998766184 ], [ 2785882.597999997437, 813588.929099999368191 ], [ 2785886.250299997627735, 813624.431800000369549 ], [ 2785908.877300001680851, 813643.751400001347065 ], [ 2785934.156099997460842, 813711.254099998623133 ], [ 2785947.020300000905991, 813790.433899998664856 ], [ 2785963.484499998390675, 813891.704799998551607 ], [ 2785968.751000002026558, 813919.929999999701977 ], [ 2785949.410700000822544, 813957.6570999994874 ], [ 2785967.699699997901917, 814050.005899999290705 ], [ 2786062.962700001895428, 814107.554200001060963 ], [ 2786085.264399997889996, 814149.910399999469519 ], [ 2786110.500500001013279, 814203.598799999803305 ], [ 2786145.411300003528595, 814274.350999999791384 ], [ 2786143.076300002634525, 814275.199799999594688 ], [ 2786077.463299997150898, 814299.027100000530481 ], [ 2786066.059500001370907, 814316.67339999973774 ], [ 2786056.217100001871586, 814323.150199998170137 ], [ 2786024.716399997472763, 814343.879200000315905 ], [ 2786018.970299996435642, 814347.660399999469519 ], [ 2785994.976899996399879, 814361.814399998635054 ], [ 2785981.584499999880791, 814369.716699998825788 ], [ 2785957.8191, 814395.857900001108646 ], [ 2785942.3926, 814398.227099999785423 ], [ 2785906.210600003600121, 814403.784000001847744 ], [ 2785890.918499998748302, 814406.133000001311302 ], [ 2785882.798100002110004, 814410.8885000012815 ], [ 2785898.793799996376038, 814423.408500000834465 ], [ 2785956.762900002300739, 814473.514800000935793 ], [ 2785965.738499999046326, 814481.274099998176098 ], [ 2785970.8125, 814486.948399998247623 ], [ 2785972.910499997437, 814489.294700000435114 ], [ 2786009.773999996483326, 814530.520300000905991 ], [ 2786027.19030000269413, 814554.088700000196695 ], [ 2786047.019500002264977, 814580.921500001102686 ], [ 2786067.423100002110004, 814598.499600000679493 ], [ 2786121.332299999892712, 814626.951699998229742 ], [ 2786136.285800002515316, 814634.339099999517202 ], [ 2786175.489399999380112, 814653.712799999862909 ], [ 2786177.180100001394749, 814654.547699999064207 ], [ 2786182.704099997878075, 814656.992499999701977 ], [ 2786210.367700003087521, 814669.236000001430511 ], [ 2786274.030100002884865, 814711.744100000709295 ], [ 2786260.409699998795986, 814725.295800000429153 ], [ 2786245.259400002658367, 814735.013700000941753 ], [ 2786195.313699997961521, 814752.94709999859333 ], [ 2786181.173100002110004, 814758.607299998402596 ], [ 2786178.41780000180006, 814759.710299998521805 ], [ 2786168.265500001609325, 814763.774399999529123 ], [ 2786130.506499998271465, 814776.346599999815226 ], [ 2786123.423299998044968, 814777.094399999827147 ], [ 2786121.397600002586842, 814777.308200001716614 ], [ 2786112.147699996829033, 814778.519999999552965 ], [ 2786107.35869999974966, 814780.691100001335144 ], [ 2786095.57599999755621, 814798.484600000083447 ], [ 2786088.276000000536442, 814810.372600000351667 ], [ 2786073.50450000166893, 814841.235800001770258 ], [ 2786059.868000000715256, 814862.088799998164177 ], [ 2786046.208999998867512, 814874.652899999171495 ], [ 2786025.106100000441074, 814885.684200000017881 ], [ 2786020.617200002074242, 814887.623700000345707 ], [ 2786018.174599997699261, 814888.677999999374151 ], [ 2786013.175300002098083, 814891.550700001418591 ], [ 2786009.6587999984622, 814894.723200000822544 ], [ 2785991.916000001132488, 814914.910900000482798 ], [ 2785990.201099999248981, 814916.862199999392033 ], [ 2785978.990000002086163, 814938.347600001841784 ], [ 2785962.348200000822544, 815052.640599999576807 ], [ 2785962.933899998664856, 815055.077500000596046 ], [ 2785991.3699000030756, 815091.706999998539686 ], [ 2786013.742299996316433, 815120.525800000876188 ], [ 2785981.240800000727177, 815140.504099998623133 ], [ 2785981.617899999022484, 815141.631700001657009 ], [ 2785990.350400000810623, 815167.748799998313189 ], [ 2786004.829199999570847, 815200.719900000840425 ], [ 2786022.514799997210503, 815240.995999999344349 ], [ 2786032.645999997854233, 815264.846700001507998 ], [ 2786040.150200001895428, 815282.512800000607967 ], [ 2786046.131999999284744, 815296.594999998807907 ], [ 2786059.45549999922514, 815332.858600001782179 ], [ 2786072.066799998283386, 815374.433699999004602 ], [ 2786074.657899998128414, 815387.157999999821186 ], [ 2786090.276799999177456, 815415.775299999862909 ], [ 2786059.905900001525879, 815445.769400000572205 ], [ 2786042.558300003409386, 815417.163400001823902 ], [ 2786038.133299998939037, 815460.362900000065565 ], [ 2786066.120800003409386, 815490.430100001394749 ], [ 2786079.701099999248981, 815514.294100001454353 ], [ 2786095.546999998390675, 815549.200100000947714 ], [ 2786110.937700003385544, 815570.962200000882149 ], [ 2786121.862700000405312, 815592.720199998468161 ], [ 2786121.910599999129772, 815592.815499998629093 ], [ 2786121.926399998366833, 815592.846999999135733 ], [ 2786127.177199997007847, 815603.304299999028444 ], [ 2786132.009999997913837, 815625.187800001353025 ], [ 2786135.149999998509884, 815631.072200000286102 ], [ 2786137.35080000013113, 815635.19649999961257 ], [ 2786140.634999997913837, 815641.350299999117851 ], [ 2786150.275200001895428, 815648.905799999833107 ], [ 2786197.779799997806549, 815661.353700000792742 ], [ 2786254.50110000371933, 815693.396000001579523 ], [ 2786291.689599998295307, 815702.13230000063777 ], [ 2786306.083999998867512, 815708.709800001233816 ], [ 2786320.9934, 815715.103799998760223 ], [ 2786336.971100002527237, 815716.212000001221895 ], [ 2786339.112899996340275, 815710.636399999260902 ], [ 2786332.957099996507168, 815701.875100001692772 ], [ 2786332.406599998474121, 815696.986800000071526 ], [ 2786350.824500001966953, 815672.186599999666214 ], [ 2786364.121399998664856, 815671.450699999928474 ], [ 2786383.280299998819828, 815664.916299998760223 ], [ 2786429.25959999859333, 815642.878299999982119 ], [ 2786505.554799996316433, 815636.378800000995398 ], [ 2786521.592699997127056, 815635.271499998867512 ], [ 2786539.611299999058247, 815661.766399998217821 ], [ 2786544.0154, 815669.818599998950958 ], [ 2786552.905599996447563, 815686.074700001627207 ], [ 2786561.128200002014637, 815705.011999998241663 ], [ 2786568.909299999475479, 815719.290600001811981 ], [ 2786583.693800002336502, 815736.571100000292063 ], [ 2786599.219200000166893, 815760.347899999469519 ], [ 2786615.837099999189377, 815786.575500000268221 ], [ 2786649.099500000476837, 815812.739799998700619 ], [ 2786662.889700002968311, 815844.771800000220537 ], [ 2786678.723700001835823, 815856.366500001400709 ], [ 2786701.011200003325939, 815875.227800000458956 ], [ 2786735.390299998223782, 815904.537000000476837 ], [ 2786755.112400002777576, 815920.180599998682737 ], [ 2786801.619000002741814, 815957.329700000584126 ], [ 2786842.399999998509884, 816010.425200000405312 ], [ 2786876.303999997675419, 816053.723200000822544 ], [ 2786897.395300000905991, 816070.256599999964237 ], [ 2786945.574600003659725, 816112.819299999624491 ], [ 2786953.129799999296665, 816127.589299999177456 ], [ 2786961.646999999880791, 816178.538800001144409 ], [ 2786982.504100002348423, 816226.699799999594688 ], [ 2787018.163599997758865, 816320.448499999940395 ], [ 2787040.652300000190735, 816357.084300000220537 ], [ 2787065.597499996423721, 816386.65989999845624 ], [ 2787077.812299996614456, 816419.609400000423193 ], [ 2787085.6074, 816433.102299999445677 ], [ 2787134.815499998629093, 816485.85700000077486 ], [ 2787149.591399997472763, 816502.14299999922514 ], [ 2787162.925899997353554, 816516.842500001192093 ], [ 2787205.3074000030756, 816549.775699999183416 ], [ 2787222.535700000822544, 816573.630899999290705 ], [ 2787254.247599996626377, 816600.485399998724461 ], [ 2787270.635099999606609, 816609.107900001108646 ], [ 2787286.61370000243187, 816625.627900000661612 ], [ 2787322.695000000298023, 816638.50899999961257 ], [ 2787336.222599998116493, 816651.156599998474121 ], [ 2787351.209899999201298, 816661.631599999964237 ], [ 2787369.579599998891354, 816681.0337999984622 ], [ 2787378.863099999725819, 816692.150600001215935 ], [ 2787397.843999996781349, 816721.083799999207258 ], [ 2787397.845600001513958, 816721.086500000208616 ], [ 2787421.386200003325939, 816760.482700001448393 ], [ 2787440.765799999237061, 816790.748500000685453 ], [ 2787480.2676, 816857.650600001215935 ], [ 2787490.340700000524521, 816879.481100000441074 ], [ 2787497.527000002563, 816904.222899999469519 ], [ 2787500.234300002455711, 816925.311799999326468 ], [ 2787507.030000001192093, 816955.078600000590086 ], [ 2787521.836800001561642, 816978.907400000840425 ], [ 2787541.94030000269413, 817011.464899998158216 ], [ 2787551.991999998688698, 817011.339200001209974 ], [ 2787573.477700002491474, 817042.377500001341105 ], [ 2787601.599899999797344, 817085.677700001746416 ], [ 2787617.661899998784065, 817104.971900001168251 ], [ 2787646.244499996304512, 817118.076699998229742 ], [ 2787668.164200000464916, 817128.125 ], [ 2787723.893200002610683, 817147.172899998724461 ], [ 2787741.111900001764297, 817150.657000001519918 ], [ 2787752.977300003170967, 817149.68189999833703 ], [ 2787778.47860000282526, 817142.631599999964237 ], [ 2787808.023299999535084, 817142.379399999976158 ], [ 2787834.100199997425079, 817156.228199999779463 ], [ 2787886.876199997961521, 817165.876400001347065 ], [ 2787922.842799998819828, 817169.1722999997437 ], [ 2788014.144799999892712, 817169.971400000154972 ], [ 2788042.826999999582767, 817165.12220000103116 ], [ 2788084.940499998629093, 817165.692200001329184 ], [ 2788118.648999996483326, 817166.389299999922514 ], [ 2788163.275600001215935, 817167.308100000023842 ], [ 2788194.256499998271465, 817177.872299998998642 ], [ 2788226.375, 817188.824299998581409 ], [ 2788295.276699997484684, 817229.617899999022484 ], [ 2788301.373099997639656, 817241.38399999961257 ], [ 2788330.163099996745586, 817255.120099999010563 ], [ 2788363.883500002324581, 817263.914200000464916 ], [ 2788450.760099999606609, 817273.495600000023842 ], [ 2788535.332400001585484, 817290.365499999374151 ], [ 2788587.708099998533726, 817296.154199998825788 ], [ 2788588.317199997603893, 817296.143800001591444 ], [ 2788625.703599996864796, 817295.508299998939037 ], [ 2788639.917099997401237, 817299.037200000137091 ], [ 2788649.605999998748302, 817303.171599999070168 ], [ 2788676.878100000321865, 817332.283300001174212 ], [ 2788719.067500002682209, 817335.256700001657009 ], [ 2788760.28830000013113, 817347.743099998682737 ], [ 2788802.232900001108646, 817336.628499999642372 ], [ 2788813.302500002086163, 817338.008299998939037 ], [ 2788825.208700001239777, 817339.494699999690056 ], [ 2788833.130900003015995, 817338.63910000026226 ], [ 2788884.001299999654293, 817312.747099999338388 ], [ 2788914.167700000107288, 817288.82209999859333 ], [ 2788918.659100003540516, 817283.79109999909997 ], [ 2788943.924699999392033, 817244.701299998909235 ], [ 2788979.118100002408028, 817186.599300000816584 ], [ 2789094.946900002658367, 816995.374000001698732 ], [ 2789097.919699996709824, 816980.041499998420477 ], [ 2789116.569600000977516, 816960.591299999505281 ], [ 2789116.572599999606609, 816960.587999999523163 ], [ 2789120.781499996781349, 816956.198399998247623 ], [ 2789151.618500001728535, 816924.038100000470877 ], [ 2789162.712300002574921, 816912.467599999159575 ], [ 2789172.323700003325939, 816902.44310000166297 ], [ 2789178.281300000846386, 816898.948499999940395 ], [ 2789185.058300003409386, 816896.28999999910593 ], [ 2789192.20610000193119, 816897.77479999884963 ], [ 2789201.513300001621246, 816899.708099998533726 ], [ 2789206.281599998474121, 816900.997900001704693 ], [ 2789237.025499999523163, 816909.311500001698732 ], [ 2789256.819300003349781, 816917.747400000691414 ], [ 2789283.192100003361702, 816928.987300001084805 ], [ 2789289.110299997031689, 816928.203499998897314 ], [ 2789315.159599997103214, 816915.967000000178814 ], [ 2789334.508500002324581, 816906.877900000661612 ], [ 2789337.108999997377396, 816908.212600000202656 ], [ 2789351.173699997365475, 816915.431800000369549 ], [ 2789397.723499998450279, 816916.393500000238419 ], [ 2789406.205300003290176, 816917.567099999636412 ], [ 2789407.203599996864796, 816917.775699999183416 ], [ 2789484.3191, 816933.891100000590086 ], [ 2789493.145499996840954, 816935.735500000417233 ], [ 2789537.173100002110004, 816957.991900000721216 ], [ 2789582.174699999392033, 816989.519499998539686 ], [ 2789590.16330000013113, 817021.234700001776218 ], [ 2789622.437899999320507, 817064.851199999451637 ], [ 2789626.722300000488758, 817070.64130000025034 ], [ 2789807.157600000500679, 817164.543299999088049 ], [ 2789827.016500003635883, 817174.878299999982119 ], [ 2789888.459499999880791, 817222.38289999961853 ], [ 2790027.914099998772144, 817364.997900001704693 ], [ 2790053.413900002837181, 817424.372699998319149 ], [ 2790065.237899996340275, 817433.993400000035763 ], [ 2790089.591700002551079, 817453.809000000357628 ], [ 2790122.524300001561642, 817514.80689999833703 ], [ 2790187.776100002229214, 817546.283300001174212 ], [ 2790237.192100003361702, 817570.119500000029802 ], [ 2790280.492299996316433, 817576.375900000333786 ], [ 2790321.35249999910593, 817593.706500001251698 ], [ 2790339.446099996566772, 817606.094999998807907 ], [ 2790364.232500001788139, 817623.869300000369549 ], [ 2790438.104500003159046, 817662.959300000220537 ], [ 2790542.478699997067451, 817718.189899999648333 ], [ 2790593.534100003540516, 817719.243500001728535 ], [ 2790635.401199996471405, 817715.469099998474121 ], [ 2790648.040100000798702, 817723.640799999237061 ], [ 2790850.166500002145767, 817807.420699998736382 ], [ 2790859.265699997544289, 817822.966499999165535 ], [ 2790848.196699999272823, 817850.540699999779463 ], [ 2790938.888099998235703, 817890.272100001573563 ], [ 2790952.518700003623962, 817897.387899998575449 ], [ 2791036.4419, 817941.192099999636412 ], [ 2791089.850100003182888, 817960.510099999606609 ], [ 2791148.534000001847744, 817974.8462999984622 ], [ 2791282.743900001049042, 817990.386100001633167 ], [ 2791377.459299996495247, 817996.587900001555681 ], [ 2791436.908699996769428, 818043.254099998623133 ], [ 2791513.268700003623962, 818069.091099999845028 ], [ 2791547.228900000452995, 818074.157499998807907 ], [ 2791585.503100000321865, 818079.326299998909235 ], [ 2791598.283299997448921, 818092.980099998414516 ], [ 2791616.147900000214577, 818123.562899999320507 ], [ 2791642.228100001811981, 818139.582299999892712 ], [ 2791701.833099998533726, 818145.601700000464916 ], [ 2791715.484899997711182, 818151.387099999934435 ], [ 2791731.083099998533726, 818159.963700000196695 ], [ 2791749.080899998545647, 818174.119699999690056 ], [ 2791763.622100003063679, 818191.36710000038147 ], [ 2791773.881700001657009, 818239.545899998396635 ], [ 2791792.796099998056889, 818255.659499999135733 ], [ 2791820.193300001323223, 818271.13289999961853 ], [ 2791829.718500003218651, 818273.524900000542402 ], [ 2791839.407899998128414, 818275.722100000828505 ], [ 2791864.682300001382828, 818281.453299999237061 ], [ 2791881.587099999189377, 818283.718299999833107 ], [ 2791889.184500001370907, 818284.736999999731779 ], [ 2791927.511100001633167, 818289.875700000673532 ], [ 2791939.540700003504753, 818291.538100000470877 ], [ 2791955.610299997031689, 818292.234700001776218 ], [ 2791985.743299998342991, 818288.801300000399351 ], [ 2792084.956299997866154, 818254.497499998658895 ], [ 2792122.13849999755621, 818265.554299999028444 ], [ 2792128.928199999034405, 818264.970300000160933 ], [ 2792147.612899996340275, 818263.363499999046326 ], [ 2792174.826700001955032, 818257.039700001478195 ], [ 2792201.501900002360344, 818263.703699998557568 ], [ 2792276.144500002264977, 818309.820500001311302 ], [ 2792326.464699998497963, 818338.763300001621246 ], [ 2792354.324100002646446, 818364.976100001484156 ], [ 2792383.801100000739098, 818387.321899998933077 ], [ 2792447.479900002479553, 818420.694099999964237 ], [ 2792495.482699997723103, 818445.850499998778105 ], [ 2792519.970499999821186, 818450.235800001770258 ], [ 2792551.368900001049042, 818448.864100001752377 ], [ 2792586.991700001060963, 818443.195099998265505 ], [ 2792559.520999997854233, 818395.292300000786781 ], [ 2792556.977700002491474, 818390.857299998402596 ], [ 2792518.204899996519089, 818323.066700000315905 ] ] ] ] } },
{ "type": "Feature", "properties": { "CVEGEO": "09009", "CVE_ENT": "09", "CVE_MUN": "009", "NOMGEO": "Milpa Alta", "ENTIDAD FEDERATIVA": "Ciudad de México", "CLAVE DEL MUNICIPIO": 9009, "POBLACIÓN 2020": 161267, "POBLACIÓN EN SITUACIÓN DE POBREZA 2020": 88193, "POBLACIÓN EN SITUACIÓN DE POBREZA EXTREMA 2020": 14755, "GRADO DE REZAGO": "Muy bajo", "autoad.indig": 42779.774950229999, "% autoad.indig": 29.132209, "OCURRENCIAS_DONANTE": 3, "MONTOASIGNADO_TOTAL": 2097567 }, "geometry": { "type": "MultiPolygon", "coordinates": [ [ [ [ 2814877.399700000882149, 806710.533900000154972 ], [ 2814871.827100001275539, 806692.541700001806021 ], [ 2814849.754199996590614, 806678.140700001269579 ], [ 2814849.627499997615814, 806601.290800001472235 ], [ 2814849.627499997615814, 806601.282699998468161 ], [ 2814852.142200000584126, 806600.907499998807907 ], [ 2814891.761200003325939, 806594.994100000709295 ], [ 2814932.048299998044968, 806585.111099999397993 ], [ 2814958.832099996507168, 806570.656700000166893 ], [ 2814976.01129999756813, 806547.47069999948144 ], [ 2814985.528800003230572, 806537.910999998450279 ], [ 2814985.531300000846386, 806537.908500000834465 ], [ 2814968.569200001657009, 806470.595199998468161 ], [ 2814966.584899999201298, 806462.723999999463558 ], [ 2814966.583099998533726, 806462.71680000051856 ], [ 2814999.227399997413158, 806453.310199998319149 ], [ 2815028.251900002360344, 806444.944699998944998 ], [ 2815028.348300002515316, 806444.916900001466274 ], [ 2815028.358199998736382, 806444.913899999111891 ], [ 2815062.134300000965595, 806578.557300001382828 ], [ 2815063.719499997794628, 806599.821699999272823 ], [ 2815064.087300002574921, 806602.92790000140667 ], [ 2815077.881999999284744, 806719.40989999845624 ], [ 2815077.988899998366833, 806719.403299998492002 ], [ 2815077.999899998307228, 806719.402499999850988 ], [ 2815169.197599999606609, 806713.92509999871254 ], [ 2815189.1908999979496, 806711.927099999040365 ], [ 2815239.287900000810623, 806717.883299998939037 ], [ 2815244.875100001692772, 806699.856899999082088 ], [ 2815244.8772, 806699.84910000115633 ], [ 2815250.88849999755621, 806680.454799998551607 ], [ 2815251.247100003063679, 806679.297699999064207 ], [ 2815251.249300003051758, 806679.289900001138449 ], [ 2815257.661700002849102, 806658.599899999797344 ], [ 2815257.663999997079372, 806658.592099998146296 ], [ 2815258.785599999129772, 806651.782999999821186 ], [ 2815258.786899998784065, 806651.77479999884963 ], [ 2815259.914300002157688, 806644.928199999034405 ], [ 2815264.815499998629093, 806615.16780000180006 ], [ 2815264.816699996590614, 806615.159699998795986 ], [ 2815264.817900002002716, 806615.152300000190735 ], [ 2815267.488200001418591, 806598.936200000345707 ], [ 2815267.489600002765656, 806598.928100001066923 ], [ 2815268.492200002074242, 806592.839600000530481 ], [ 2815268.493500001728535, 806592.831500001251698 ], [ 2815268.560699999332428, 806592.4222999997437 ], [ 2815270.038999997079372, 806583.445199999958277 ], [ 2815270.040399998426437, 806583.437100000679493 ], [ 2815276.227899998426437, 806545.861800000071526 ], [ 2815276.229099996387959, 806545.853700000792742 ], [ 2815283.745800003409386, 806500.208799999207258 ], [ 2815284.536700002849102, 806495.406199999153614 ], [ 2815284.538000002503395, 806495.39809999987483 ], [ 2815284.574100002646446, 806495.179000001400709 ], [ 2815286.530100002884865, 806483.301500000059605 ], [ 2815293.637199997901917, 806440.141800001263618 ], [ 2815293.63849999755621, 806440.133699998259544 ], [ 2815368.415899999439716, 806435.878100000321865 ], [ 2815440.116700001060963, 806431.775699999183416 ], [ 2815444.612300001084805, 806431.483899999409914 ], [ 2815506.367399998009205, 806427.471000000834465 ], [ 2815521.664700001478195, 806516.673900000751019 ], [ 2815575.2246999964118, 806538.079500000923872 ], [ 2815823.7753000035882, 806314.323300000280142 ], [ 2816092.722099997103214, 806069.2972999997437 ], [ 2816242.370899997651577, 805942.308699999004602 ], [ 2816244.172899998724461, 805940.779500000178814 ], [ 2816247.510200001299381, 805937.947900000959635 ], [ 2816248.658699996769428, 805936.973499998450279 ], [ 2816249.129100002348423, 805936.574400000274181 ], [ 2816270.8816, 805918.11879999935627 ], [ 2816272.734899997711182, 805916.546399999409914 ], [ 2816275.781700000166893, 805913.961399998515844 ], [ 2816289.793399997055531, 805902.073399998247623 ], [ 2816290.005400002002716, 805901.8935999982059 ], [ 2816293.237199999392033, 805899.151500001549721 ], [ 2816297.234099999070168, 805895.76069999858737 ], [ 2816325.786100000143051, 805871.536100000143051 ], [ 2816329.102300003170967, 805868.722300000488758 ], [ 2816332.504699997603893, 805865.835999999195337 ], [ 2816357.23589999973774, 805844.852899998426437 ], [ 2816360.454199999570847, 805842.122400000691414 ], [ 2816363.752499997615814, 805839.324000000953674 ], [ 2816383.139399997889996, 805822.875500001013279 ], [ 2816384.960600003600121, 805821.330299999564886 ], [ 2816387.046300001442432, 805819.560699999332428 ], [ 2816409.654700003564358, 805800.379000000655651 ], [ 2816411.944700002670288, 805798.436099998652935 ], [ 2816414.531400002539158, 805796.241399999707937 ], [ 2816437.654399998486042, 805776.622999999672174 ], [ 2816439.635399997234344, 805774.942200001329184 ], [ 2816441.430600002408028, 805773.419199999421835 ], [ 2816447.992200002074242, 805767.851500000804663 ], [ 2816464.606799997389317, 805753.752599999308586 ], [ 2816466.969499997794628, 805751.747600000351667 ], [ 2816469.058600001037121, 805749.974700000137091 ], [ 2816491.716399997472763, 805730.746700000017881 ], [ 2816493.392899997532368, 805729.324000000953674 ], [ 2816495.288599997758865, 805727.715300001204014 ], [ 2816517.167499996721745, 805709.148299999535084 ], [ 2816521.288099996745586, 805705.651500001549721 ], [ 2816525.027300000190735, 805702.478300001472235 ], [ 2816733.145499996840954, 805525.864100001752377 ], [ 2816734.258299998939037, 805524.919900000095367 ], [ 2816735.416199997067451, 805523.937199998646975 ], [ 2816820.489699997007847, 805451.741799999028444 ], [ 2816821.904899999499321, 805450.540800001472235 ], [ 2816821.908500000834465, 805450.537799999117851 ], [ 2816823.33110000193119, 805449.330400001257658 ], [ 2816882.556999996304512, 805399.070000000298023 ], [ 2816892.642499998211861, 805390.511100001633167 ], [ 2816892.653899997472763, 805390.501499999314547 ], [ 2816892.934399999678135, 805390.263300001621246 ], [ 2816900.806900002062321, 805383.582499999552965 ], [ 2816901.136200003325939, 805383.302999999374151 ], [ 2816902.208499997854233, 805383.388099998235703 ], [ 2816927.096900001168251, 805385.363899998366833 ], [ 2816927.668700002133846, 805385.409299999475479 ], [ 2816936.758299998939037, 805383.978300001472235 ], [ 2816936.768799997866154, 805383.976599998772144 ], [ 2817231.460500001907349, 805337.582100000232458 ], [ 2817231.641500003635883, 805337.564800001680851 ], [ 2817237.003100000321865, 805337.053300000727177 ], [ 2817285.001299999654293, 805326.785700000822544 ], [ 2817301.090300001204014, 805322.701499998569489 ], [ 2817312.245700001716614, 805317.147799998521805 ], [ 2817324.076700001955032, 805311.257800001651049 ], [ 2817368.191500000655651, 805289.295499999076128 ], [ 2817378.278300002217293, 805284.552600000053644 ], [ 2817409.2029, 805256.446899998933077 ], [ 2817422.109499998390675, 805239.274099998176098 ], [ 2817425.980099998414516, 805233.951400000602007 ], [ 2817425.982100002467632, 805233.948300000280142 ], [ 2817425.984300002455711, 805233.945300001651049 ], [ 2817438.22580000013113, 805217.095499999821186 ], [ 2817438.709899999201298, 805216.429499998688698 ], [ 2817463.6266999989748, 805185.603100001811981 ], [ 2817506.586099997162819, 805134.044100001454353 ], [ 2817528.439099997282028, 805114.130699999630451 ], [ 2817555.487899996340275, 805094.335900001227856 ], [ 2817583.654700003564358, 805073.259500000625849 ], [ 2817605.872500002384186, 805056.206300001591444 ], [ 2817605.95549999922514, 805056.162500001490116 ], [ 2817627.3301, 805044.85249999910593 ], [ 2817656.983800001442432, 805029.074999999254942 ], [ 2817766.879299998283386, 804982.731600001454353 ], [ 2817771.864, 804980.610700000077486 ], [ 2817789.819300003349781, 804972.967599999159575 ], [ 2817820.495999999344349, 804950.604100000113249 ], [ 2817845.207099996507168, 804937.505199998617172 ], [ 2817878.472000002861023, 804922.927400000393391 ], [ 2817915.300700001418591, 804910.080299999564886 ], [ 2817920.549900002777576, 804908.205800000578165 ], [ 2817936.614100001752377, 804899.464999999850988 ], [ 2818013.645900003612041, 804824.589999999850988 ], [ 2818101.429899998009205, 804739.264299999922514 ], [ 2818102.714100003242493, 804734.299100000411272 ], [ 2818099.347900003194809, 804710.081900000572205 ], [ 2818086.697499997913837, 804619.046300001442432 ], [ 2818086.369999997317791, 804616.689599998295307 ], [ 2818082.201800003647804, 804586.694400001317263 ], [ 2818043.879600003361702, 804552.601100001484156 ], [ 2818069.986000001430511, 804521.686999998986721 ], [ 2818072.323700003325939, 804474.843400001525879 ], [ 2818066.863499999046326, 804434.255100000649691 ], [ 2818048.61150000244379, 804425.182900000363588 ], [ 2818037.724299997091293, 804419.769200000911951 ], [ 2817989.4121999964118, 804373.968100000172853 ], [ 2817928.444499999284744, 804316.16780000180006 ], [ 2817850.034699998795986, 804241.831300001591444 ], [ 2817814.632700003683567, 804208.268500000238419 ], [ 2818024.535999998450279, 804088.578200001269579 ], [ 2818027.04280000180006, 804077.264899998903275 ], [ 2818035.232500001788139, 804040.314399998635054 ], [ 2818102.945000000298023, 803734.769400000572205 ], [ 2818112.530100002884865, 803515.417100001126528 ], [ 2818056.618500001728535, 802611.08219999819994 ], [ 2818197.560599997639656, 802314.641499999910593 ], [ 2818904.08219999819994, 801461.201999999582767 ], [ 2819258.990599997341633, 801189.045400001108646 ], [ 2819295.092000000178814, 801203.929200001060963 ], [ 2819433.461999997496605, 800908.738699998706579 ], [ 2819711.560500003397465, 800315.46510000154376 ], [ 2818332.892200000584126, 799876.835900001227856 ], [ 2818150.034100003540516, 799818.660000000149012 ], [ 2818377.789200000464916, 799549.935300000011921 ], [ 2818446.051399998366833, 799469.394299998879433 ], [ 2818540.536899998784065, 799357.912000000476837 ], [ 2818606.782799996435642, 799279.749099999666214 ], [ 2818652.553000003099442, 799225.745000001043081 ], [ 2818725.549900002777576, 799139.618900001049042 ], [ 2818826.180200003087521, 799020.886700000613928 ], [ 2818881.476999998092651, 798955.6402000002563 ], [ 2818941.019500002264977, 798885.3885000012815 ], [ 2818957.911399997770786, 798865.457600001245737 ], [ 2819000.127700001001358, 798815.647900000214577 ], [ 2819106.034800000488758, 798690.688799999654293 ], [ 2819123.891599997878075, 798669.618999999016523 ], [ 2819521.3445999994874, 798200.670000001788139 ], [ 2819017.182199999690056, 797944.150299999862909 ], [ 2818974.234700001776218, 797922.2989999987185 ], [ 2818692.979299999773502, 797779.194499999284744 ], [ 2818648.096699997782707, 797753.467700000852346 ], [ 2818293.565200001001358, 797550.261500000953674 ], [ 2818349.01070000231266, 797409.411800000816584 ], [ 2818381.4978, 797326.883499998599291 ], [ 2818400.299800001084805, 797279.124600000679493 ], [ 2818442.554300002753735, 797171.781500000506639 ], [ 2818445.103799998760223, 797168.65260000154376 ], [ 2818492.923600003123283, 797109.96510000154376 ], [ 2818497.205899998545647, 797104.710700001567602 ], [ 2818576.101700000464916, 796931.942099999636412 ], [ 2818590.234999999403954, 796900.992199998348951 ], [ 2818619.894799999892712, 796852.316899999976158 ], [ 2818653.836000002920628, 796796.609200000762939 ], [ 2818684.034500002861023, 796747.045299999415874 ], [ 2818713.556900002062321, 796698.592399999499321 ], [ 2818729.77139999717474, 796671.981600001454353 ], [ 2818740.655500002205372, 796654.119199998676777 ], [ 2818752.103799998760223, 796630.678599998354912 ], [ 2818788.004799999296665, 796557.175799999386072 ], [ 2818802.083200000226498, 796528.356199998408556 ], [ 2818813.249700002372265, 796505.494899999350309 ], [ 2818823.108300000429153, 796485.311500001698732 ], [ 2818839.254199996590614, 796452.252999998629093 ], [ 2818881.663699999451637, 796365.427000001072884 ], [ 2818908.319200001657009, 796286.048500001430511 ], [ 2818946.8766999989748, 796171.225600000470877 ], [ 2818955.54389999806881, 796145.41780000180006 ], [ 2819055.28660000115633, 795848.394000001251698 ], [ 2819146.348399996757507, 795577.224800001829863 ], [ 2819168.715999998152256, 795515.03319999948144 ], [ 2819250.325000002980232, 795288.13230000063777 ], [ 2819282.664099998772144, 795198.218899998813868 ], [ 2819273.523199997842312, 794894.07490000128746 ], [ 2819241.149899996817112, 794703.910799998790026 ], [ 2819234.841899998486042, 794666.848200000822544 ], [ 2819196.023199997842312, 794369.712099999189377 ], [ 2819190.382100000977516, 794326.533100001513958 ], [ 2819177.802000001072884, 794230.234400000423193 ], [ 2819181.034199997782707, 794127.23369999974966 ], [ 2819181.509999997913837, 794112.079300001263618 ], [ 2819213.921999998390675, 793973.773400001227856 ], [ 2819195.385499998927116, 793874.478700000792742 ], [ 2819188.777099996805191, 793839.079300001263618 ], [ 2819161.839000001549721, 793722.335700001567602 ], [ 2819161.780900001525879, 793196.109200000762939 ], [ 2818953.744300000369549, 792231.433499999344349 ], [ 2818749.354500003159046, 791838.30180000141263 ], [ 2818506.116999998688698, 791148.22749999910593 ], [ 2818243.5641999989748, 790842.235300000756979 ], [ 2817923.863399997353554, 790623.151099998503923 ], [ 2817683.79280000180006, 790434.169900000095367 ], [ 2817139.494599997997284, 789859.732700001448393 ], [ 2816778.8699000030756, 790200.313000001013279 ], [ 2816646.759499996900558, 790325.077899999916553 ], [ 2811866.564300000667572, 790954.821699999272823 ], [ 2811742.346199996769428, 790862.540899999439716 ], [ 2810396.491300001740456, 789862.71000000089407 ], [ 2809837.916799999773502, 788840.20549999922514 ], [ 2809036.167300000786781, 787372.555399999022484 ], [ 2809036.150700002908707, 787372.524900000542402 ], [ 2808717.306500002741814, 786788.858500000089407 ], [ 2808476.273000001907349, 786837.160500001162291 ], [ 2804008.39299999922514, 787732.491999998688698 ], [ 2803937.247000001370907, 787746.748700000345707 ], [ 2801796.265900000929832, 788175.786400001496077 ], [ 2800710.614699997007847, 791111.246300000697374 ], [ 2800692.910599999129772, 791159.118299998342991 ], [ 2800692.14580000191927, 791161.186299998313189 ], [ 2800576.258100003004074, 791167.916799999773502 ], [ 2799467.540600001811981, 792383.304299999028444 ], [ 2798616.546899996697903, 793277.892299998551607 ], [ 2797700.913400001823902, 794215.474800001829863 ], [ 2798531.096600003540516, 796199.778799999505281 ], [ 2798630.383400000631809, 796512.273200001567602 ], [ 2798779.490500003099442, 796956.5810999982059 ], [ 2798817.460799999535084, 797912.504299998283386 ], [ 2798831.905900001525879, 797983.834300000220537 ], [ 2799031.818599998950958, 798919.11089999973774 ], [ 2799042.888099998235703, 798971.099800001829863 ], [ 2799137.832699999213219, 798968.586599998176098 ], [ 2799190.792599998414516, 798965.443399999290705 ], [ 2799256.194700002670288, 798956.319499999284744 ], [ 2799295.268100000917912, 798946.15089999884367 ], [ 2799337.889399997889996, 798936.30689999833703 ], [ 2799369.029399998486042, 798922.231499999761581 ], [ 2799415.016699999570847, 798894.49210000038147 ], [ 2799480.696400001645088, 798858.427400000393391 ], [ 2799537.5132, 798828.043699998408556 ], [ 2799549.994000002741814, 798821.190400000661612 ], [ 2799582.991499997675419, 798799.918000001460314 ], [ 2799611.284400001168251, 798771.062600001692772 ], [ 2799640.144100002944469, 798740.473799999803305 ], [ 2799670.529100000858307, 798709.915300000458956 ], [ 2799695.438900001347065, 798677.745999999344349 ], [ 2799718.083099998533726, 798634.514899998903275 ], [ 2799737.89469999819994, 798599.043699998408556 ], [ 2799750.930299997329712, 798565.672699999064207 ], [ 2799771.686300002038479, 798518.2010000012815 ], [ 2799796.997299998998642, 798460.977400001138449 ], [ 2799822.636900000274181, 798414.97239999845624 ], [ 2799849.682199999690056, 798372.105099998414516 ], [ 2799872.454800002276897, 798343.486800000071526 ], [ 2799904.697599999606609, 798297.710700001567602 ], [ 2799946.917900003492832, 798238.348299998790026 ], [ 2799978.008100003004074, 798173.134199999272823 ], [ 2799995.041299998760223, 798126.903599999845028 ], [ 2800026.218800000846386, 798096.225600000470877 ], [ 2800067.0757, 798068.914500001817942 ], [ 2800093.21000000089407, 798052.738499999046326 ], [ 2800130.080300003290176, 798035.788199998438358 ], [ 2800180.621500000357628, 798014.293800000101328 ], [ 2800224.534699998795986, 798003.5636 ], [ 2800304.9070999994874, 797967.319200001657009 ], [ 2800364.401600003242493, 797941.424400001764297 ], [ 2800873.229599997401237, 797715.366300001740456 ], [ 2800991.721000000834465, 797953.960999999195337 ], [ 2801091.32379999756813, 798154.046000000089407 ], [ 2802212.171999998390675, 800421.442499998956919 ], [ 2802260.170199997723103, 800518.448399998247623 ], [ 2802788.101800002157688, 801584.724199999123812 ], [ 2802864.48309999704361, 801739.797899998724461 ], [ 2802897.752400003373623, 801807.035999998450279 ], [ 2802965.123099997639656, 801942.872999999672174 ], [ 2802983.115800000727177, 801978.66609999909997 ], [ 2803104.865699999034405, 802225.202799998223782 ], [ 2803221.63629999756813, 802461.310100000351667 ], [ 2803231.843000002205372, 802481.947799999266863 ], [ 2803251.957800000905991, 802522.619300000369549 ], [ 2803271.016699999570847, 802561.155900001525879 ], [ 2803290.23030000180006, 802600.005300000309944 ], [ 2803324.30799999833107, 802668.909600000828505 ], [ 2803440.379000000655651, 802903.602200001478195 ], [ 2803442.395199999213219, 802907.679000001400709 ], [ 2803461.000399999320507, 802945.298000000417233 ], [ 2803462.069899998605251, 802947.46059999987483 ], [ 2803463.872599996626377, 802951.105700001120567 ], [ 2803482.604099996387959, 802988.980399999767542 ], [ 2803483.590599998831749, 802990.97520000115037 ], [ 2803484.573600001633167, 802992.962699998170137 ], [ 2803504.083099998533726, 803032.410399999469519 ], [ 2803504.8733000010252, 803034.008099999278784 ], [ 2803505.747599996626377, 803035.77589999884367 ], [ 2803536.778899997472763, 803098.517400000244379 ], [ 2803537.408900000154972, 803099.793999999761581 ], [ 2803537.934000000357628, 803100.855799999088049 ], [ 2803554.935099996626377, 803135.231699999421835 ], [ 2803555.787699997425079, 803136.955600000917912 ], [ 2803555.806699998676777, 803136.993999999016523 ], [ 2803556.927500002086163, 803139.260299999266863 ], [ 2803558.798199996352196, 803143.04280000180006 ], [ 2803561.603000000119209, 803148.714000001549721 ], [ 2803561.618000000715256, 803148.74439999833703 ], [ 2803562.5154, 803150.558899998664856 ], [ 2803583.1283999979496, 803186.082400001585484 ], [ 2803584.660899996757507, 803188.723099999129772 ], [ 2803584.696900002658367, 803188.785300001502037 ], [ 2803585.897200003266335, 803190.853900000452995 ], [ 2803585.915799997746944, 803190.885899998247623 ], [ 2803607.632600001990795, 803228.3114 ], [ 2803608.648999996483326, 803230.063099998980761 ], [ 2803609.023000001907349, 803230.707600001245737 ], [ 2803609.128200002014637, 803230.970600001513958 ], [ 2803609.292199999094009, 803231.380800001323223 ], [ 2803610.335600003600121, 803233.99040000140667 ], [ 2803618.595499999821186, 803254.64919999986887 ], [ 2803663.574199996888638, 803248.965599998831749 ], [ 2803669.502899996936321, 803248.216499999165535 ], [ 2803673.478699997067451, 803256.442899998277426 ], [ 2803675.56530000269413, 803262.835700001567602 ], [ 2803675.730800002813339, 803264.4847999997437 ], [ 2803676.067500002682209, 803267.839299999177456 ], [ 2803678.342100001871586, 803272.721900001168251 ], [ 2803665.963899999856949, 803279.929099999368191 ], [ 2803660.206900000572205, 803287.274500001221895 ], [ 2803655.234700001776218, 803297.689899999648333 ], [ 2803652.193499997258186, 803309.790899999439716 ], [ 2803652.67790000140667, 803320.823399998247623 ], [ 2803657.1300999969244, 803331.747299998998642 ], [ 2803664.718699999153614, 803340.971900001168251 ], [ 2803719.503300003707409, 803377.504099998623133 ], [ 2803727.062899999320507, 803382.457899998873472 ], [ 2803731.485500000417233, 803385.387499999254942 ], [ 2803815.6199000030756, 803441.175700001418591 ], [ 2803831.568300001323223, 803451.667100001126528 ], [ 2803881.737300001084805, 803485.016699999570847 ], [ 2803905.451300002634525, 803502.462900001555681 ], [ 2803918.377499997615814, 803520.774399999529123 ], [ 2803921.046700000762939, 803524.554099999368191 ], [ 2803928.709200002253056, 803543.039500001817942 ], [ 2803933.742700003087521, 803567.857900001108646 ], [ 2803935.846100002527237, 803625.37950000166893 ], [ 2803936.953500002622604, 803655.667300000786781 ], [ 2803940.979900002479553, 803703.686900001019239 ], [ 2803946.333700001239777, 803744.16330000013113 ], [ 2803947.765500001609325, 803831.225499998778105 ], [ 2803950.4070999994874, 803874.253299999982119 ], [ 2803952.591700002551079, 803915.975299999117851 ], [ 2803953.813900001347065, 803941.351500000804663 ], [ 2803957.535899996757507, 803962.540100000798702 ], [ 2803960.917300000786781, 803973.380499999970198 ], [ 2803962.578500002622604, 803978.230700001120567 ], [ 2803964.33389999717474, 803983.355900000780821 ], [ 2803969.691100001335144, 803992.617300000041723 ], [ 2803980.2246999964118, 804006.421300001442432 ], [ 2804025.467100001871586, 804064.353700000792742 ], [ 2804040.326899997889996, 804083.381499998271465 ], [ 2804042.153200000524521, 804085.720800001174212 ], [ 2804052.23139999806881, 804097.29839999973774 ], [ 2804060.895499996840954, 804105.239799998700619 ], [ 2804071.574500001966953, 804112.11540000140667 ], [ 2804078.148599997162819, 804115.47749999910593 ], [ 2804081.1831, 804117.02930000051856 ], [ 2804105.263400003314018, 804125.737399999052286 ], [ 2804117.646700002253056, 804130.708399999886751 ], [ 2804125.286399997770786, 804136.964999999850988 ], [ 2804131.214900001883507, 804145.406599998474121 ], [ 2804135.203500002622604, 804153.805599998682737 ], [ 2804137.76349999755621, 804164.116999998688698 ], [ 2804138.909100003540516, 804175.785599999129772 ], [ 2804139.806100003421307, 804228.1233000010252 ], [ 2804140.847699999809265, 804244.779899999499321 ], [ 2804144.447700001299381, 804258.440499998629093 ], [ 2804150.000799998641014, 804271.647100001573563 ], [ 2804159.180299997329712, 804283.976199999451637 ], [ 2804206.470499999821186, 804339.620700001716614 ], [ 2804212.930699996650219, 804348.427499998360872 ], [ 2804216.6721, 804352.448699999600649 ], [ 2804222.545699998736382, 804357.219700001180172 ], [ 2804227.676299996674061, 804359.205200001597404 ], [ 2804233.220899999141693, 804361.360300000756979 ], [ 2804240.801100000739098, 804363.031899999827147 ], [ 2804250.450099997222424, 804364.643899999558926 ], [ 2804255.639399997889996, 804364.967399999499321 ], [ 2804263.610200002789497, 804365.530699998140335 ], [ 2804298.320100001990795, 804366.252900000661612 ], [ 2804306.480099998414516, 804367.051899999380112 ], [ 2804312.747500002384186, 804367.810300000011921 ], [ 2804321.277500003576279, 804369.257100000977516 ], [ 2804335.006099998950958, 804373.309300001710653 ], [ 2804353.305299997329712, 804379.464299999177456 ], [ 2804355.123000003397465, 804380.075699999928474 ], [ 2804439.017499998211861, 804410.788100000470877 ], [ 2804453.9003000035882, 804415.288699999451637 ], [ 2804466.726700000464916, 804418.100299999117851 ], [ 2804476.744499996304512, 804419.472500000149012 ], [ 2804486.979299999773502, 804419.721700001507998 ], [ 2804500.53490000218153, 804418.588300000876188 ], [ 2804512.962099999189377, 804416.036299999803305 ], [ 2804529.759300000965595, 804413.293299999088049 ], [ 2804545.571099996566772, 804410.767900001257658 ], [ 2804561.221799999475479, 804409.002099998295307 ], [ 2804573.588299997150898, 804409.449099998921156 ], [ 2804582.102300003170967, 804412.098299998790026 ], [ 2804591.158299997448921, 804417.757699999958277 ], [ 2804598.875299997627735, 804427.846900001168251 ], [ 2804604.605099998414516, 804437.377700001001358 ], [ 2804618.885499998927116, 804461.129799999296665 ], [ 2804635.244400002062321, 804488.338899999856949 ], [ 2804644.654600001871586, 804508.364000000059605 ], [ 2804650.677000001072884, 804525.201099999248981 ], [ 2804652.717799998819828, 804541.955299999564886 ], [ 2804653.188799999654293, 804579.245400000363588 ], [ 2804658.1503000035882, 804689.251800000667572 ], [ 2804660.098600000143051, 804697.781800001859665 ], [ 2804663.122100003063679, 804705.537500001490116 ], [ 2804667.757700003683567, 804712.529599998146296 ], [ 2804674.480999998748302, 804721.221500001847744 ], [ 2804683.869300000369549, 804729.374499998986721 ], [ 2804693.022200003266335, 804736.197599999606609 ], [ 2804702.737999998033047, 804741.439699999988079 ], [ 2804710.667599998414516, 804743.194899998605251 ], [ 2804719.957999996840954, 804743.388700000941753 ], [ 2804730.641400001943111, 804740.428199999034405 ], [ 2804740.272200003266335, 804735.05799999833107 ], [ 2804747.596100002527237, 804728.771000001579523 ], [ 2804761.090300001204014, 804717.186900001019239 ], [ 2804786.539399996399879, 804699.009300000965595 ], [ 2804795.584100000560284, 804692.548900000751019 ], [ 2804810.746699996292591, 804685.103300001472235 ], [ 2804826.913099996745586, 804680.548099998384714 ], [ 2804848.801100000739098, 804677.176500000059605 ], [ 2804875.205700002610683, 804676.478300001472235 ], [ 2804931.639899998903275, 804674.722699999809265 ], [ 2804965.864100001752377, 804676.89130000025034 ], [ 2805002.323700003325939, 804679.201699998229742 ], [ 2805080.921899996697903, 804691.759899999946356 ], [ 2805083.928099997341633, 804692.815000001341105 ], [ 2805090.439400002360344, 804695.100299999117851 ], [ 2805090.533900000154972, 804695.133400000631809 ], [ 2805090.555699996650219, 804695.141100000590086 ], [ 2805109.1228, 804700.754200000315905 ], [ 2805245.132700003683567, 804733.020399998873472 ], [ 2805255.757700003683567, 804735.540899999439716 ], [ 2805255.785800002515316, 804735.547600001096725 ], [ 2805282.660999998450279, 804741.923099998384714 ], [ 2805337.814000003039837, 804755.009500000625849 ], [ 2805346.262500002980232, 804757.013799998909235 ], [ 2805366.650100000202656, 804761.850600000470877 ], [ 2805547.028099998831749, 804804.643500000238419 ], [ 2805566.560099996626377, 804809.277199998497963 ], [ 2805625.879699997603893, 804823.350699998438358 ], [ 2805765.285099998116493, 804856.42509999871254 ], [ 2805786.222900003194809, 804861.392299998551607 ], [ 2805832.0537, 804872.265000000596046 ], [ 2805845.336400002241135, 804875.41609999909997 ], [ 2805863.10249999910593, 804879.63120000064373 ], [ 2805907.118699997663498, 804890.073899999260902 ], [ 2805963.699500001966953, 804903.776900000870228 ], [ 2806010.6503000035882, 804915.154899999499321 ], [ 2806020.37610000371933, 804917.511900000274181 ], [ 2806084.498499996960163, 804933.050700001418591 ], [ 2806132.110100001096725, 804944.587499998509884 ], [ 2806188.487300001084805, 804958.11710000038147 ], [ 2806219.479900002479553, 804965.553599998354912 ], [ 2806291.177500002086163, 804982.758099999278784 ], [ 2806347.28320000320673, 804996.223200000822544 ], [ 2806360.896700002253056, 804999.489700000733137 ], [ 2806378.6721, 805003.756400000303984 ], [ 2806421.035899996757507, 805013.920000001788139 ], [ 2806453.1858000010252, 805021.636300001293421 ], [ 2806463.514300003647804, 805024.113200001418591 ], [ 2806564.509300000965595, 805048.350400000810623 ], [ 2806665.069799996912479, 805072.480000000447035 ], [ 2806895.101400002837181, 805127.681000001728535 ], [ 2807028.661100000143051, 805159.732700001448393 ], [ 2807158.401799999177456, 805190.867199998348951 ], [ 2807366.427400000393391, 805240.787000000476837 ], [ 2807502.098099999129772, 805273.343199998140335 ], [ 2807548.690099999308586, 805284.524599999189377 ], [ 2807654.828100003302097, 805309.995200000703335 ], [ 2807707.528599999845028, 805322.640500001609325 ], [ 2807861.353799998760223, 805359.555399999022484 ], [ 2807978.516099996864796, 805387.670200001448393 ], [ 2808256.641500003635883, 805454.298900000751019 ], [ 2808296.9551, 805463.958099998533726 ], [ 2808397.981100000441074, 805488.159800000488758 ], [ 2808505.087099999189377, 805513.819699998944998 ], [ 2808656.136500000953674, 805550.005699999630451 ], [ 2808694.036300003528595, 805559.085400000214577 ], [ 2808732.599899999797344, 805568.324499998241663 ], [ 2808956.452299997210503, 805622.064100001007318 ], [ 2809033.862300001084805, 805640.647799998521805 ], [ 2809111.408299997448921, 805659.263700000941753 ], [ 2809111.600599996745586, 805659.309799998998642 ], [ 2809410.993299998342991, 805731.184999998658895 ], [ 2809446.577299997210503, 805739.727299999445677 ], [ 2809538.237999998033047, 805761.730900000780821 ], [ 2809579.816799998283386, 805771.71339999884367 ], [ 2809583.49040000140667, 805772.595400001853704 ], [ 2809601.182199999690056, 805776.842700000852346 ], [ 2809688.777199998497963, 805797.871899999678135 ], [ 2809705.456799998879433, 805801.875799998641014 ], [ 2809707.494499996304512, 805802.364799998700619 ], [ 2809833.353399999439716, 805832.582299999892712 ], [ 2810085.493500001728535, 805893.118599999696016 ], [ 2810110.257299996912479, 805899.064399998635054 ], [ 2810143.375600002706051, 805907.016600001603365 ], [ 2810174.609700001776218, 805914.520399998873472 ], [ 2810214.51969999819994, 805924.107999999076128 ], [ 2810283.588600002229214, 805940.699799999594688 ], [ 2810389.994099996984005, 805966.262299999594688 ], [ 2810605.550599999725819, 806018.046500001102686 ], [ 2810651.845899999141693, 806029.167399998754263 ], [ 2810720.41499999910593, 806045.640399999916553 ], [ 2810742.1283999979496, 806050.856100000441074 ], [ 2810774.769100002944469, 806058.689399998635054 ], [ 2810788.887100003659725, 806062.076400000602007 ], [ 2810840.788400001823902, 806074.531700000166893 ], [ 2810901.07940000295639, 806089.000300001353025 ], [ 2811020.874200001358986, 806117.747499998658895 ], [ 2811144.754799999296665, 806147.475099999457598 ], [ 2811424.600500002503395, 806214.630399998277426 ], [ 2811834.720299996435642, 806261.548500001430511 ], [ 2811933.732699997723103, 806272.864500001072884 ], [ 2812176.90990000218153, 806300.656100001186132 ], [ 2812309.345100000500679, 806315.797899998724461 ], [ 2812530.578100003302097, 806341.095499999821186 ], [ 2812642.622900001704693, 806353.907699998468161 ], [ 2812699.844400003552437, 806360.450699999928474 ], [ 2812722.55629999935627, 806363.0472999997437 ], [ 2812754.606299996376038, 806366.726300001144409 ], [ 2813276.679499998688698, 806426.648699998855591 ], [ 2813369.792300000786781, 806437.33669999986887 ], [ 2813571.786200001835823, 806460.519099999219179 ], [ 2813653.312700003385544, 806469.8766999989748 ], [ 2813835.841300003230572, 806491.203299999237061 ], [ 2813843.78660000115633, 806492.131599999964237 ], [ 2813983.571900002658367, 806508.464099999517202 ], [ 2814005.463100001215935, 806511.021899998188019 ], [ 2814071.741099998354912, 806518.766100000590086 ], [ 2814165.211000002920628, 806529.688400000333786 ], [ 2814168.595899999141693, 806530.08390000090003 ], [ 2814173.2195999994874, 806530.624099999666214 ], [ 2814268.154700003564358, 806541.714899998158216 ], [ 2814268.355899997055531, 806541.738400001078844 ], [ 2814428.37389999628067, 806560.435300000011921 ], [ 2814573.213100001215935, 806576.628299999982119 ], [ 2814573.213299997150898, 806576.636300001293421 ], [ 2814573.257700003683567, 806577.219300001859665 ], [ 2814573.838699996471405, 806584.9510000012815 ], [ 2814254.314900003373623, 806651.94370000064373 ], [ 2814254.316699996590614, 806651.951200000941753 ], [ 2814267.639700002968311, 806708.967700000852346 ], [ 2814349.448100000619888, 806686.773499999195337 ], [ 2814497.381099998950958, 806651.053199999034405 ], [ 2814502.243699997663498, 806649.878899998962879 ], [ 2814599.064900003373623, 806628.664500001817942 ], [ 2814616.05969999730587, 806684.0962999984622 ], [ 2814616.480700001120567, 806685.392900001257658 ], [ 2814626.046499997377396, 806714.872800000011921 ], [ 2814684.198899999260902, 806693.733199998736382 ], [ 2814699.998099997639656, 806732.457299999892712 ], [ 2814707.204300001263618, 806730.787300001829863 ], [ 2814775.525100000202656, 806714.953499998897314 ], [ 2814865.228699997067451, 806711.061900001019239 ], [ 2814865.239500001072884, 806711.061500001698732 ], [ 2814877.396099999547005, 806710.534200001507998 ], [ 2814877.399700000882149, 806710.533900000154972 ] ] ] ] } },
{ "type": "Feature", "properties": { "CVEGEO": "09010", "CVE_ENT": "09", "CVE_MUN": "010", "NOMGEO": "Álvaro Obregón", "ENTIDAD FEDERATIVA": "Ciudad de México", "CLAVE DEL MUNICIPIO": 9010, "POBLACIÓN 2020": 726046, "POBLACIÓN EN SITUACIÓN DE POBREZA 2020": 273656, "POBLACIÓN EN SITUACIÓN DE POBREZA EXTREMA 2020": 40958, "GRADO DE REZAGO": "Muy bajo", "autoad.indig": 60352.252483859993, "% autoad.indig": 8.187786, "OCURRENCIAS_DONANTE": 0, "MONTOASIGNADO_TOTAL": 0 }, "geometry": { "type": "MultiPolygon", "coordinates": [ [ [ [ 2794395.921800002455711, 824857.553399998694658 ], [ 2794434.244599997997284, 824765.271800000220537 ], [ 2794437.219700001180172, 824757.312899999320507 ], [ 2794449.348300002515316, 824728.862300001084805 ], [ 2794462.26969999819994, 824697.418699998408556 ], [ 2794466.426899999380112, 824685.380300000309944 ], [ 2794468.85530000180006, 824674.480700001120567 ], [ 2794471.250500001013279, 824663.294399999082088 ], [ 2794472.51349999755621, 824643.014499999582767 ], [ 2794472.299500003457069, 824621.445900000631809 ], [ 2794468.249499998986721, 824598.406500000506639 ], [ 2794438.833999998867512, 824500.869699999690056 ], [ 2794428.717699997127056, 824463.655299998819828 ], [ 2794407.36879999935627, 824367.640099998563528 ], [ 2794380.5471, 824250.612300001084805 ], [ 2794365.685900002717972, 824184.302499998360872 ], [ 2794363.111100003123283, 824172.955699998885393 ], [ 2794347.560699999332428, 824103.480700001120567 ], [ 2794332.961499996483326, 824040.465900000184774 ], [ 2794330.092699997127056, 824028.298700001090765 ], [ 2794315.7787000015378, 823965.692699998617172 ], [ 2794298.476700000464916, 823891.000900000333786 ], [ 2794281.825099997222424, 823817.380499999970198 ], [ 2794275.590700000524521, 823797.582699999213219 ], [ 2794232.367399998009205, 823687.459800001233816 ], [ 2794216.144900001585484, 823645.017299998551607 ], [ 2794191.400200001895428, 823580.279199998825788 ], [ 2794191.119099996984005, 823579.545099999755621 ], [ 2794183.937600001692772, 823560.757599998265505 ], [ 2794176.916400000452995, 823542.388399999588728 ], [ 2794148.976999998092651, 823466.040899999439716 ], [ 2794147.771899998188019, 823459.90430000051856 ], [ 2794146.538599997758865, 823453.280299998819828 ], [ 2794143.324299998581409, 823427.386799998581409 ], [ 2794144.313500002026558, 823311.819099999964237 ], [ 2794144.733599998056889, 823279.293099999427795 ], [ 2794145.1765, 823223.237700000405312 ], [ 2794146.133199997246265, 823171.014299999922514 ], [ 2794147.462999999523163, 823091.016800001263618 ], [ 2794154.458499997854233, 823013.444299999624491 ], [ 2794155.773699998855591, 822998.506000000983477 ], [ 2794163.184500001370907, 822917.438400000333786 ], [ 2794164.540899999439716, 822898.091600000858307 ], [ 2794165.49099999666214, 822874.506299998611212 ], [ 2794164.789399996399879, 822846.456000000238419 ], [ 2794152.954599998891354, 822719.208799999207258 ], [ 2794151.405000001192093, 822703.586300000548363 ], [ 2794141.071699999272823, 822610.728900000452995 ], [ 2794128.161399997770786, 822496.061799999326468 ], [ 2794120.991800002753735, 822424.189500000327826 ], [ 2794120.762699998915195, 822402.71059999987483 ], [ 2794121.331900000572205, 822393.974599998444319 ], [ 2794123.73759999871254, 822379.846000000834465 ], [ 2794125.490900002419949, 822369.019999999552965 ], [ 2794136.109499998390675, 822337.848200000822544 ], [ 2794145.689900003373623, 822317.583700001239777 ], [ 2794155.711000002920628, 822294.29619999974966 ], [ 2794166.899899996817112, 822266.327300000935793 ], [ 2794172.165899999439716, 822248.296900000423193 ], [ 2794174.889399997889996, 822234.426100000739098 ], [ 2794176.9265, 822210.71059999987483 ], [ 2794176.545199997723103, 822194.877999998629093 ], [ 2794168.500900000333786, 822103.247299998998642 ], [ 2794163.479699999094009, 822044.458799999207258 ], [ 2794162.193599998950958, 822024.414299998432398 ], [ 2794162.970200002193451, 821997.9206000007689 ], [ 2794165.342500001192093, 821969.34180000051856 ], [ 2794169.313900001347065, 821945.307500001043081 ], [ 2794173.427100002765656, 821927.508299998939037 ], [ 2794180.935699999332428, 821903.105000000447035 ], [ 2794184.639399997889996, 821892.472899999469519 ], [ 2794195.048900000751019, 821867.828299999237061 ], [ 2794205.666000001132488, 821849.435499999672174 ], [ 2794228.869499996304512, 821806.100699998438358 ], [ 2794252.200900003314018, 821764.004999998956919 ], [ 2794262.861100003123283, 821745.07319999858737 ], [ 2794269.835199996829033, 821727.214099999517202 ], [ 2794274.898999996483326, 821708.242199998348951 ], [ 2794276.877999998629093, 821697.719799999147654 ], [ 2794278.832800000905991, 821686.34569999948144 ], [ 2794280.084700003266335, 821675.503199998289347 ], [ 2794278.329899996519089, 821636.440099999308586 ], [ 2794274.692500002682209, 821572.010200001299381 ], [ 2794265.398599997162819, 821459.614000000059605 ], [ 2794251.905199997127056, 821310.768399998545647 ], [ 2794314.199699997901917, 821293.247600000351667 ], [ 2794351.125100001692772, 821284.119899999350309 ], [ 2794458.183700002729893, 821262.307700000703335 ], [ 2794506.320500001311302, 821261.286299999803305 ], [ 2794530.231899999082088, 821265.255899999290705 ], [ 2794544.999700002372265, 821264.21169999986887 ], [ 2794554.5658999979496, 821263.065600000321865 ], [ 2794565.066399998962879, 821260.656100001186132 ], [ 2794576.600400000810623, 821256.998199999332428 ], [ 2794593.477600000798702, 821250.499600000679493 ], [ 2794682.784299999475479, 821183.820599999278784 ], [ 2794705.1875, 821172.216099999845028 ], [ 2794723.136900000274181, 821163.253499999642372 ], [ 2794822.197899997234344, 821127.07039999961853 ], [ 2794837.243000000715256, 821126.747299998998642 ], [ 2794854.796599999070168, 821128.722500000149012 ], [ 2794893.970200002193451, 821133.804000001400709 ], [ 2794911.322800002992153, 821134.970300000160933 ], [ 2795011.143500000238419, 821128.647700000554323 ], [ 2795028.8596, 821130.405499998480082 ], [ 2795047.159699998795986, 821137.742499999701977 ], [ 2795090.911200001835823, 821169.372400000691414 ], [ 2795135.993199996650219, 821201.964099999517202 ], [ 2795172.175399996340275, 821225.63569999858737 ], [ 2795221.706799998879433, 821243.825399998575449 ], [ 2795253.679700002074242, 821256.667899999767542 ], [ 2795289.61370000243187, 821267.099599998444319 ], [ 2795313.199400000274181, 821269.508499998599291 ], [ 2795357.780199997127056, 821267.886500000953674 ], [ 2795394.189400002360344, 821270.876800000667572 ], [ 2795414.913999997079372, 821275.600099999457598 ], [ 2795436.034299999475479, 821283.911499999463558 ], [ 2795456.402000002563, 821296.86939999833703 ], [ 2795470.247000001370907, 821308.329999998211861 ], [ 2795480.166199997067451, 821330.151099998503923 ], [ 2795496.54450000077486, 821370.230799999088049 ], [ 2795536.754900000989437, 821412.266499999910593 ], [ 2795581.124700002372265, 821459.004599999636412 ], [ 2795604.731299996376038, 821483.388099998235703 ], [ 2795635.97240000218153, 821510.980599999427795 ], [ 2795646.762500002980232, 821520.510499998927116 ], [ 2795705.38629999756813, 821461.419199999421835 ], [ 2795751.390500001609325, 821413.927400000393391 ], [ 2795755.86879999935627, 821409.304299999028444 ], [ 2795758.98309999704361, 821406.328000001609325 ], [ 2795826.585900001227856, 821341.721099998801947 ], [ 2795863.181400001049042, 821306.747400000691414 ], [ 2795928.518100000917912, 821244.30629999935627 ], [ 2795960.852600000798702, 821213.396299999207258 ], [ 2795975.994599997997284, 821198.475400000810623 ], [ 2795992.21679999679327, 821182.284099999815226 ], [ 2796048.806699998676777, 821116.073699999600649 ], [ 2796078.142499998211861, 821081.750700000673532 ], [ 2796124.360100001096725, 821029.080299999564886 ], [ 2796145.083700001239777, 821009.886399999260902 ], [ 2796168.792900003492832, 820992.49379999935627 ], [ 2796291.095200002193451, 820917.900400001555681 ], [ 2796290.812299996614456, 820917.157299999147654 ], [ 2796282.492200002074242, 820895.328400000929832 ], [ 2796220.552400000393391, 820732.821299999952316 ], [ 2796189.296300001442432, 820652.401099998503923 ], [ 2796184.57039999961853, 820641.2364999987185 ], [ 2796162.373700000345707, 820604.367499999701977 ], [ 2796104.164700001478195, 820534.020399998873472 ], [ 2796038.515100002288818, 820457.818999998271465 ], [ 2795962.91499999910593, 820366.933299999684095 ], [ 2795934.389600001275539, 820322.800000000745058 ], [ 2795913.436300002038479, 820294.034099999815226 ], [ 2795876.910999998450279, 820253.033399999141693 ], [ 2795851.464800000190735, 820229.39130000025034 ], [ 2795747.287500001490116, 820137.879799999296665 ], [ 2795737.290899999439716, 820129.278900001198053 ], [ 2795728.387000001966953, 820120.269000001251698 ], [ 2795722.481799997389317, 820109.737100001424551 ], [ 2795701.853799998760223, 820072.075899999588728 ], [ 2795690.722599998116493, 820050.788100000470877 ], [ 2795684.238499999046326, 820042.138300001621246 ], [ 2795616.322899997234344, 819971.328000001609325 ], [ 2795603.105599999427795, 819959.490800000727177 ], [ 2795521.172200001776218, 819884.146699998527765 ], [ 2795484.27419999986887, 819846.693399999290705 ], [ 2795466.114900000393391, 819826.206000000238419 ], [ 2795451.056800000369549, 819805.543299999088049 ], [ 2795438.073700003325939, 819781.888599999248981 ], [ 2795435.042700000107288, 819773.7010000012815 ], [ 2795431.36370000243187, 819763.772700000554323 ], [ 2795390.995200000703335, 819538.604400001466274 ], [ 2795384.219099998474121, 819538.709600001573563 ], [ 2795382.375, 819538.427200000733137 ], [ 2795380.82769999653101, 819538.082100000232458 ], [ 2795378.611199997365475, 819537.393699999898672 ], [ 2795376.659999996423721, 819536.586899999529123 ], [ 2795375.241499997675419, 819535.870099999010563 ], [ 2795373.636399999260902, 819534.895700000226498 ], [ 2795372.58330000191927, 819534.194899998605251 ], [ 2795370.600699998438358, 819532.588199999183416 ], [ 2795369.305200003087521, 819531.319499999284744 ], [ 2795366.925599999725819, 819527.943999998271465 ], [ 2795365.214599996805191, 819524.784800000488758 ], [ 2795363.402699999511242, 819519.18470000103116 ], [ 2795363.3059, 819518.886900000274181 ], [ 2795361.546899996697903, 819519.391100000590086 ], [ 2795354.897100001573563, 819521.295699998736382 ], [ 2795354.729500003159046, 819521.343699999153614 ], [ 2795263.417499996721745, 819547.497000001370907 ], [ 2795263.34570000320673, 819547.517499998211861 ], [ 2795262.764300003647804, 819547.684099998325109 ], [ 2795261.129699997603893, 819548.152100000530481 ], [ 2795260.907399997115135, 819547.890500001609325 ], [ 2795205.504100002348423, 819482.592999998480082 ], [ 2795188.74719999730587, 819469.313099998980761 ], [ 2795171.420000001788139, 819462.70380000025034 ], [ 2795149.35980000346899, 819461.929200001060963 ], [ 2795128.411899998784065, 819410.450500000268221 ], [ 2795121.501500003039837, 819379.937600001692772 ], [ 2795120.952500000596046, 819377.231899999082088 ], [ 2795108.424900002777576, 819315.489500001072884 ], [ 2795101.455600000917912, 819277.781399998813868 ], [ 2795097.139899998903275, 819261.190900001674891 ], [ 2795087.276100002229214, 819238.260099999606609 ], [ 2795070.306100003421307, 819203.363000001758337 ], [ 2795054.398400001227856, 819165.865699999034405 ], [ 2795033.842699997127056, 819135.471200000494719 ], [ 2795002.853500001132488, 819132.118000000715256 ], [ 2794985.452799998223782, 819127.841499999165535 ], [ 2794957.104000002145767, 819110.793499998748302 ], [ 2794917.146999999880791, 819075.861600000411272 ], [ 2794910.197400003671646, 819069.785999998450279 ], [ 2794897.548900000751019, 819058.728199999779463 ], [ 2794834.181500002741814, 818999.046399999409914 ], [ 2794779.141199998557568, 818941.116999998688698 ], [ 2794767.379699997603893, 818903.71339999884367 ], [ 2794761.454300001263618, 818881.754299998283386 ], [ 2794753.720100000500679, 818873.511199999600649 ], [ 2794748.769299998879433, 818868.234600000083447 ], [ 2794737.219300001859665, 818864.510099999606609 ], [ 2794694.850900001823902, 818850.847800001502037 ], [ 2794660.037399999797344, 818837.471500001847744 ], [ 2794627.753899998962879, 818798.785500001162291 ], [ 2794625.354299999773502, 818795.910000000149012 ], [ 2794624.326899997889996, 818794.703400000929832 ], [ 2794605.628300003707409, 818772.743400000035763 ], [ 2794602.346799999475479, 818768.889499999582767 ], [ 2794600.35249999910593, 818767.26630000025034 ], [ 2794568.454199999570847, 818741.30460000038147 ], [ 2794566.790200002491474, 818739.950300000607967 ], [ 2794565.094300001859665, 818738.612399999052286 ], [ 2794505.684199996292591, 818691.741200000047684 ], [ 2794490.284199997782707, 818673.760299999266863 ], [ 2794488.321900002658367, 818671.469099998474121 ], [ 2794472.125399999320507, 818652.555799998342991 ], [ 2794415.669299997389317, 818564.857299998402596 ], [ 2794415.458800002932549, 818564.528599999845028 ], [ 2794413.813400000333786, 818565.063799999654293 ], [ 2794388.302400000393391, 818573.34910000115633 ], [ 2794386.397600002586842, 818573.967599999159575 ], [ 2794386.447700001299381, 818573.555700000375509 ], [ 2794395.502400003373623, 818497.128199998289347 ], [ 2794358.768299996852875, 818468.056099999696016 ], [ 2794313.662299998104572, 818403.139699999243021 ], [ 2794300.85080000013113, 818383.29450000077486 ], [ 2794294.796099998056889, 818373.915899999439716 ], [ 2794294.665100000798702, 818373.712699998170137 ], [ 2794294.503100000321865, 818373.462099999189377 ], [ 2794294.48589999973774, 818373.435400001704693 ], [ 2794292.647900000214577, 818373.666700001806021 ], [ 2794292.448100000619888, 818373.695099998265505 ], [ 2794281.194499999284744, 818375.299300000071526 ], [ 2794279.500699996948242, 818375.511300001293421 ], [ 2794263.721100002527237, 818374.2516999989748 ], [ 2794243.250100001692772, 818372.032299999147654 ], [ 2794233.1266999989748, 818369.865299999713898 ], [ 2794093.807499997317791, 818340.041799999773502 ], [ 2793976.105899997055531, 818313.587900001555681 ], [ 2793890.784299999475479, 818287.568500000983477 ], [ 2793777.727300003170967, 818254.027300000190735 ], [ 2793700.018299996852875, 818235.767099998891354 ], [ 2793622.873700000345707, 818218.714099999517202 ], [ 2793602.617299996316433, 818212.685300000011921 ], [ 2793582.894299998879433, 818205.707499999552965 ], [ 2793561.8699000030756, 818193.607900001108646 ], [ 2793547.618900001049042, 818180.179900001734495 ], [ 2793534.36710000038147, 818167.846900001168251 ], [ 2793515.620899997651577, 818146.859900001436472 ], [ 2793467.829499997198582, 818074.692699998617172 ], [ 2793447.0878000035882, 818048.533900000154972 ], [ 2793425.415299996733665, 818021.203299999237061 ], [ 2793402.340700000524521, 817983.709899999201298 ], [ 2793392.303300000727177, 817953.325300000607967 ], [ 2793392.105499997735023, 817952.723999999463558 ], [ 2793394.159299999475479, 817953.118500001728535 ], [ 2793518.534299999475479, 817977.054999999701977 ], [ 2793570.277099996805191, 817987.204300001263618 ], [ 2793704.33049999922514, 818013.390500001609325 ], [ 2793737.686499997973442, 818013.588799998164177 ], [ 2793739.541400000452995, 818013.384399998933077 ], [ 2793747.604900002479553, 818012.491599999368191 ], [ 2793747.610100001096725, 818012.49100000038743 ], [ 2793747.61540000140667, 818012.490299999713898 ], [ 2793749.461800001561642, 818012.286499999463558 ], [ 2793749.466700002551079, 818012.285999998450279 ], [ 2793749.471100002527237, 818012.285100001841784 ], [ 2793761.422499999403954, 818009.598999999463558 ], [ 2793771.499700002372265, 818004.824400000274181 ], [ 2793763.627899996936321, 817979.887299999594688 ], [ 2793762.318599998950958, 817970.894400000572205 ], [ 2793762.252499997615814, 817961.625500001013279 ], [ 2793763.592600002884865, 817938.162500001490116 ], [ 2793766.393399998545647, 817922.328499998897314 ], [ 2793776.598899997770786, 817900.382500000298023 ], [ 2793795.457599997520447, 817869.468299999833107 ], [ 2793831.379299998283386, 817820.109700001776218 ], [ 2793881.89360000193119, 817726.644799999892712 ], [ 2793913.214599996805191, 817676.223600000143051 ], [ 2793945.467600002884865, 817633.083299998193979 ], [ 2793942.83219999819994, 817533.133499998599291 ], [ 2793941.087700001895428, 817465.864100001752377 ], [ 2793942.910800002515316, 817290.048200000077486 ], [ 2793941.774499997496605, 817024.354400001466274 ], [ 2793941.0022, 816885.619500000029802 ], [ 2793942.221799999475479, 816849.899599999189377 ], [ 2793939.144900001585484, 816727.224800001829863 ], [ 2793933.869800001382828, 816706.421100001782179 ], [ 2793770.681500002741814, 816414.481199998408556 ], [ 2793555.156499996781349, 816032.510999999940395 ], [ 2793429.58669999986887, 815813.406899999827147 ], [ 2793310.209499999880791, 815611.313700001686811 ], [ 2793305.891400001943111, 815602.314899999648333 ], [ 2793303.127899996936321, 815593.632399998605251 ], [ 2793301.697200000286102, 815577.460299998521805 ], [ 2793302.535700000822544, 815565.323800001293421 ], [ 2793303.033600002527237, 815559.854100000113249 ], [ 2793303.219300001859665, 815557.814500000327826 ], [ 2793303.551100000739098, 815554.170099999755621 ], [ 2793307.005800001323223, 815547.607400000095367 ], [ 2793308.845200002193451, 815547.43129999935627 ], [ 2793311.024400003254414, 815547.258000001311302 ], [ 2793313.585299998521805, 815547.054400000721216 ], [ 2793363.476999998092651, 815543.087600000202656 ], [ 2793379.713799998164177, 815543.319600000977516 ], [ 2793381.359099999070168, 815543.342799998819828 ], [ 2793381.570100001990795, 815543.112900000065565 ], [ 2793405.838600002229214, 815516.653200000524521 ], [ 2793371.529799997806549, 815476.916900001466274 ], [ 2793366.123400002717972, 815470.723400000482798 ], [ 2793365.186200000345707, 815469.657600000500679 ], [ 2793357.495300002396107, 815460.911299999803305 ], [ 2793356.275799997150898, 815459.524300001561642 ], [ 2793354.7466000020504, 815457.903499998152256 ], [ 2793351.332800000905991, 815454.284800000488758 ], [ 2793255.28660000115633, 815352.479100000113249 ], [ 2793253.289399996399879, 815350.362100001424551 ], [ 2793252.376800000667572, 815349.384199999272823 ], [ 2793248.686099998652935, 815345.429400000721216 ], [ 2793242.109499998390675, 815338.382399998605251 ], [ 2793239.089900001883507, 815335.146699998527765 ], [ 2793236.672399997711182, 815332.556200001388788 ], [ 2793183.989900000393391, 815276.104800000786781 ], [ 2793170.879699997603893, 815262.056600000709295 ], [ 2793158.704700000584126, 815249.258299998939037 ], [ 2792918.536399997770786, 814996.79450000077486 ], [ 2792913.844200000166893, 814991.861999999731779 ], [ 2792896.110200002789497, 814973.219500001519918 ], [ 2792893.8301, 814970.823300000280142 ], [ 2792893.248700000345707, 814970.210299998521805 ], [ 2792891.974799998104572, 814971.027899999171495 ], [ 2792878.364699997007847, 814979.758900001645088 ], [ 2792871.0757, 814989.138700000941753 ], [ 2792866.041400000452995, 814997.989399999380112 ], [ 2792864.124600000679493, 815015.390299998223782 ], [ 2792861.923600003123283, 815015.762800000607967 ], [ 2792861.216600000858307, 815015.882399998605251 ], [ 2792859.370300002396107, 815016.141199998557568 ], [ 2792859.361699998378754, 815016.089000001549721 ], [ 2792859.255300000309944, 815015.439500000327826 ], [ 2792850.164300002157688, 814959.950399998575449 ], [ 2792843.854599997401237, 814921.44200000166893 ], [ 2792841.722000002861023, 814907.7956000007689 ], [ 2792840.779899999499321, 814900.786100000143051 ], [ 2792554.169600002467632, 814948.264199998229742 ], [ 2792465.966099999845028, 814963.598200000822544 ], [ 2792390.937600001692772, 814975.851300001144409 ], [ 2792233.429300002753735, 815002.443999998271465 ], [ 2792046.519400000572205, 815032.997099999338388 ], [ 2791995.603900000452995, 815043.575500000268221 ], [ 2791934.714900001883507, 815056.225900001823902 ], [ 2791883.590899996459484, 815072.911800000816584 ], [ 2791826.206699997186661, 815095.160300001502037 ], [ 2791770.30120000243187, 815122.788100000470877 ], [ 2791718.353399999439716, 815154.283399999141693 ], [ 2791702.772200003266335, 815165.188700001686811 ], [ 2791671.080700002610683, 815188.81980000063777 ], [ 2791634.782899998128414, 815218.576499998569489 ], [ 2791570.925399996340275, 815281.416200000792742 ], [ 2791564.593199998140335, 815289.272199999541044 ], [ 2791524.06360000371933, 815339.555599998682737 ], [ 2791454.952399998903275, 815431.628699999302626 ], [ 2791440.8716000020504, 815448.916299998760223 ], [ 2791420.684199996292591, 815475.750900000333786 ], [ 2791396.143799997866154, 815508.521699998527765 ], [ 2791369.938100002706051, 815548.358500000089407 ], [ 2791349.81870000064373, 815583.058899998664856 ], [ 2791341.507700003683567, 815598.339699998497963 ], [ 2791320.039099998772144, 815643.213599998503923 ], [ 2791300.160800002515316, 815688.087400000542402 ], [ 2791288.129299998283386, 815722.051399998366833 ], [ 2791276.376299999654293, 815757.492600001394749 ], [ 2791260.534500002861023, 815821.589699998497963 ], [ 2791251.750399999320507, 815864.374299999326468 ], [ 2791249.149400003254414, 815877.64919999986887 ], [ 2791243.160800002515316, 815908.164000000804663 ], [ 2791238.90820000320673, 815930.879000000655651 ], [ 2791225.167300000786781, 816003.956500001251698 ], [ 2791223.723499998450279, 816012.034800000488758 ], [ 2791215.719700001180172, 816052.428599998354912 ], [ 2791211.570699997246265, 816075.269200000911951 ], [ 2791202.260099999606609, 816124.523400001227856 ], [ 2791197.633699998259544, 816147.980700001120567 ], [ 2791194.539399996399879, 816162.42850000038743 ], [ 2791186.689400002360344, 816199.057000000029802 ], [ 2791183.891199998557568, 816210.988800000399351 ], [ 2791177.821699999272823, 816236.870400000363588 ], [ 2791171.489799998700619, 816263.696299999952316 ], [ 2791168.109300002455711, 816285.33839999884367 ], [ 2791165.082000002264977, 816304.714999999850988 ], [ 2791163.694799996912479, 816335.249299999326468 ], [ 2791164.917000003159046, 816371.870299998670816 ], [ 2791170.343999996781349, 816409.868900001049042 ], [ 2791180.060500003397465, 816439.300000000745058 ], [ 2791187.821900002658367, 816460.083599999547005 ], [ 2791196.442400000989437, 816479.429800000041723 ], [ 2791207.902400001883507, 816499.091600000858307 ], [ 2791221.351800002157688, 816521.679099999368191 ], [ 2791240.156499996781349, 816545.276799999177456 ], [ 2791252.213200002908707, 816557.255899999290705 ], [ 2791255.153099998831749, 816560.176899999380112 ], [ 2791265.586300000548363, 816570.403000000864267 ], [ 2791267.747000001370907, 816572.167399998754263 ], [ 2791277.648999996483326, 816580.253400001674891 ], [ 2791308.067500002682209, 816605.093199998140335 ], [ 2791385.34179999679327, 816662.921999998390675 ], [ 2791411.4087999984622, 816682.7652000002563 ], [ 2791462.483000002801418, 816721.644999999552965 ], [ 2791566.004100002348423, 816799.447599999606609 ], [ 2791733.455399997532368, 816925.127399999648333 ], [ 2791897.773800000548363, 817050.830899998545647 ], [ 2791974.066299997270107, 817118.185899998992682 ], [ 2792058.703900001943111, 817216.87950000166893 ], [ 2792068.456299997866154, 817230.97069999948144 ], [ 2792090.939800001680851, 817265.830800000578165 ], [ 2792127.013700000941753, 817332.043699998408556 ], [ 2792158.548299998044968, 817399.52309999987483 ], [ 2792272.769100002944469, 817655.972699999809265 ], [ 2792288.325400002300739, 817689.390900000929832 ], [ 2792293.406099997460842, 817700.300900001078844 ], [ 2792296.2212999984622, 817706.665300000458956 ], [ 2792311.173699997365475, 817740.466099999845028 ], [ 2792315.268700003623962, 817749.725099999457598 ], [ 2792336.771700002253056, 817797.908300001174212 ], [ 2792380.510300002992153, 817895.915300000458956 ], [ 2792402.469700001180172, 817939.145300000905991 ], [ 2792427.419699996709824, 817978.842199999839067 ], [ 2792446.932899996638298, 818009.570700000971556 ], [ 2792477.459100000560284, 818056.617499999701977 ], [ 2792496.664300002157688, 818083.883299998939037 ], [ 2792521.070500001311302, 818115.144299998879433 ], [ 2792544.9949000030756, 818141.073300000280142 ], [ 2792598.031700000166893, 818189.555700000375509 ], [ 2792653.194300003349781, 818243.547100000083447 ], [ 2792667.117899999022484, 818256.7635000012815 ], [ 2792680.128899998962879, 818269.159499999135733 ], [ 2792668.179099999368191, 818277.603500001132488 ], [ 2792632.574100002646446, 818304.186099998652935 ], [ 2792556.207099996507168, 818272.618700001388788 ], [ 2792529.556500002741814, 818261.947900000959635 ], [ 2792504.563299998641014, 818252.124099999666214 ], [ 2792469.522900000214577, 818238.352099999785423 ], [ 2792478.172899998724461, 818251.734099999070168 ], [ 2792518.204899996519089, 818323.066700000315905 ], [ 2792556.977700002491474, 818390.857299998402596 ], [ 2792559.520999997854233, 818395.292300000786781 ], [ 2792586.991700001060963, 818443.195099998265505 ], [ 2792551.368900001049042, 818448.864100001752377 ], [ 2792519.970499999821186, 818450.235800001770258 ], [ 2792495.482699997723103, 818445.850499998778105 ], [ 2792448.506399996578693, 818421.23200000077486 ], [ 2792447.479900002479553, 818420.694099999964237 ], [ 2792383.801100000739098, 818387.321899998933077 ], [ 2792354.324100002646446, 818364.976100001484156 ], [ 2792326.464699998497963, 818338.763300001621246 ], [ 2792276.144500002264977, 818309.820500001311302 ], [ 2792201.501900002360344, 818263.703699998557568 ], [ 2792174.826700001955032, 818257.039700001478195 ], [ 2792147.612899996340275, 818263.363499999046326 ], [ 2792128.928199999034405, 818264.970300000160933 ], [ 2792122.13849999755621, 818265.554299999028444 ], [ 2792084.956299997866154, 818254.497499998658895 ], [ 2791985.743299998342991, 818288.801300000399351 ], [ 2791955.610299997031689, 818292.234700001776218 ], [ 2791939.540700003504753, 818291.538100000470877 ], [ 2791927.511100001633167, 818289.875700000673532 ], [ 2791889.184500001370907, 818284.736999999731779 ], [ 2791881.587099999189377, 818283.718299999833107 ], [ 2791864.682300001382828, 818281.453299999237061 ], [ 2791839.407899998128414, 818275.722100000828505 ], [ 2791829.718500003218651, 818273.524900000542402 ], [ 2791820.193300001323223, 818271.13289999961853 ], [ 2791792.796099998056889, 818255.659499999135733 ], [ 2791773.881700001657009, 818239.545899998396635 ], [ 2791763.622100003063679, 818191.36710000038147 ], [ 2791749.080899998545647, 818174.119699999690056 ], [ 2791731.083099998533726, 818159.963700000196695 ], [ 2791715.484899997711182, 818151.387099999934435 ], [ 2791701.833099998533726, 818145.601700000464916 ], [ 2791642.228100001811981, 818139.582299999892712 ], [ 2791616.147900000214577, 818123.562899999320507 ], [ 2791598.283299997448921, 818092.980099998414516 ], [ 2791585.503100000321865, 818079.326299998909235 ], [ 2791547.228900000452995, 818074.157499998807907 ], [ 2791513.268700003623962, 818069.091099999845028 ], [ 2791436.908699996769428, 818043.254099998623133 ], [ 2791377.459299996495247, 817996.587900001555681 ], [ 2791282.743900001049042, 817990.386100001633167 ], [ 2791148.534000001847744, 817974.8462999984622 ], [ 2791089.850100003182888, 817960.510099999606609 ], [ 2791036.4419, 817941.192099999636412 ], [ 2790952.518700003623962, 817897.387899998575449 ], [ 2790938.888099998235703, 817890.272100001573563 ], [ 2790848.196699999272823, 817850.540699999779463 ], [ 2790859.265699997544289, 817822.966499999165535 ], [ 2790850.166500002145767, 817807.420699998736382 ], [ 2790648.040100000798702, 817723.640799999237061 ], [ 2790635.401199996471405, 817715.469099998474121 ], [ 2790593.534100003540516, 817719.243500001728535 ], [ 2790542.478699997067451, 817718.189899999648333 ], [ 2790438.104500003159046, 817662.959300000220537 ], [ 2790364.232500001788139, 817623.869300000369549 ], [ 2790339.446099996566772, 817606.094999998807907 ], [ 2790321.35249999910593, 817593.706500001251698 ], [ 2790280.492299996316433, 817576.375900000333786 ], [ 2790237.192100003361702, 817570.119500000029802 ], [ 2790187.776100002229214, 817546.283300001174212 ], [ 2790122.524300001561642, 817514.80689999833703 ], [ 2790089.591700002551079, 817453.809000000357628 ], [ 2790065.237899996340275, 817433.993400000035763 ], [ 2790053.413900002837181, 817424.372699998319149 ], [ 2790027.914099998772144, 817364.997900001704693 ], [ 2789888.459499999880791, 817222.38289999961853 ], [ 2789827.016500003635883, 817174.878299999982119 ], [ 2789807.157600000500679, 817164.543299999088049 ], [ 2789626.722300000488758, 817070.64130000025034 ], [ 2789622.437899999320507, 817064.851199999451637 ], [ 2789590.16330000013113, 817021.234700001776218 ], [ 2789582.174699999392033, 816989.519499998539686 ], [ 2789537.173100002110004, 816957.991900000721216 ], [ 2789493.145499996840954, 816935.735500000417233 ], [ 2789484.3191, 816933.891100000590086 ], [ 2789407.203599996864796, 816917.775699999183416 ], [ 2789406.205300003290176, 816917.567099999636412 ], [ 2789397.723499998450279, 816916.393500000238419 ], [ 2789351.173699997365475, 816915.431800000369549 ], [ 2789337.108999997377396, 816908.212600000202656 ], [ 2789334.508500002324581, 816906.877900000661612 ], [ 2789315.159599997103214, 816915.967000000178814 ], [ 2789289.110299997031689, 816928.203499998897314 ], [ 2789283.192100003361702, 816928.987300001084805 ], [ 2789256.819300003349781, 816917.747400000691414 ], [ 2789237.025499999523163, 816909.311500001698732 ], [ 2789206.281599998474121, 816900.997900001704693 ], [ 2789201.513300001621246, 816899.708099998533726 ], [ 2789192.20610000193119, 816897.77479999884963 ], [ 2789185.058300003409386, 816896.28999999910593 ], [ 2789178.281300000846386, 816898.948499999940395 ], [ 2789172.323700003325939, 816902.44310000166297 ], [ 2789162.712300002574921, 816912.467599999159575 ], [ 2789151.618500001728535, 816924.038100000470877 ], [ 2789120.781499996781349, 816956.198399998247623 ], [ 2789116.572599999606609, 816960.587999999523163 ], [ 2789116.569600000977516, 816960.591299999505281 ], [ 2789097.919699996709824, 816980.041499998420477 ], [ 2789094.946900002658367, 816995.374000001698732 ], [ 2788979.118100002408028, 817186.599300000816584 ], [ 2788943.924699999392033, 817244.701299998909235 ], [ 2788918.659100003540516, 817283.79109999909997 ], [ 2788914.167700000107288, 817288.82209999859333 ], [ 2788884.001299999654293, 817312.747099999338388 ], [ 2788833.130900003015995, 817338.63910000026226 ], [ 2788825.208700001239777, 817339.494699999690056 ], [ 2788813.302500002086163, 817338.008299998939037 ], [ 2788802.232900001108646, 817336.628499999642372 ], [ 2788760.28830000013113, 817347.743099998682737 ], [ 2788719.067500002682209, 817335.256700001657009 ], [ 2788676.878100000321865, 817332.283300001174212 ], [ 2788649.605999998748302, 817303.171599999070168 ], [ 2788639.917099997401237, 817299.037200000137091 ], [ 2788625.703599996864796, 817295.508299998939037 ], [ 2788588.317199997603893, 817296.143800001591444 ], [ 2788587.708099998533726, 817296.154199998825788 ], [ 2788535.332400001585484, 817290.365499999374151 ], [ 2788450.760099999606609, 817273.495600000023842 ], [ 2788363.883500002324581, 817263.914200000464916 ], [ 2788330.163099996745586, 817255.120099999010563 ], [ 2788301.373099997639656, 817241.38399999961257 ], [ 2788295.276699997484684, 817229.617899999022484 ], [ 2788226.375, 817188.824299998581409 ], [ 2788194.256499998271465, 817177.872299998998642 ], [ 2788163.275600001215935, 817167.308100000023842 ], [ 2788118.648999996483326, 817166.389299999922514 ], [ 2788084.940499998629093, 817165.692200001329184 ], [ 2788042.826999999582767, 817165.12220000103116 ], [ 2788014.144799999892712, 817169.971400000154972 ], [ 2787922.842799998819828, 817169.1722999997437 ], [ 2787886.876199997961521, 817165.876400001347065 ], [ 2787834.100199997425079, 817156.228199999779463 ], [ 2787808.023299999535084, 817142.379399999976158 ], [ 2787778.47860000282526, 817142.631599999964237 ], [ 2787752.977300003170967, 817149.68189999833703 ], [ 2787741.111900001764297, 817150.657000001519918 ], [ 2787723.893200002610683, 817147.172899998724461 ], [ 2787668.164200000464916, 817128.125 ], [ 2787646.244499996304512, 817118.076699998229742 ], [ 2787617.661899998784065, 817104.971900001168251 ], [ 2787601.599899999797344, 817085.677700001746416 ], [ 2787573.477700002491474, 817042.377500001341105 ], [ 2787551.991999998688698, 817011.339200001209974 ], [ 2787541.94030000269413, 817011.464899998158216 ], [ 2787525.272900000214577, 816984.472100000828505 ], [ 2787521.836800001561642, 816978.907400000840425 ], [ 2787507.030000001192093, 816955.078600000590086 ], [ 2787500.234300002455711, 816925.311799999326468 ], [ 2787497.527000002563, 816904.222899999469519 ], [ 2787490.340700000524521, 816879.481100000441074 ], [ 2787480.2676, 816857.650600001215935 ], [ 2787440.765799999237061, 816790.748500000685453 ], [ 2787421.386200003325939, 816760.482700001448393 ], [ 2787397.845600001513958, 816721.086500000208616 ], [ 2787397.843999996781349, 816721.083799999207258 ], [ 2787378.863099999725819, 816692.150600001215935 ], [ 2787369.579599998891354, 816681.0337999984622 ], [ 2787351.209899999201298, 816661.631599999964237 ], [ 2787336.222599998116493, 816651.156599998474121 ], [ 2787322.695000000298023, 816638.50899999961257 ], [ 2787286.61370000243187, 816625.627900000661612 ], [ 2787270.635099999606609, 816609.107900001108646 ], [ 2787254.247599996626377, 816600.485399998724461 ], [ 2787222.535700000822544, 816573.630899999290705 ], [ 2787205.3074000030756, 816549.775699999183416 ], [ 2787162.925899997353554, 816516.842500001192093 ], [ 2787149.591399997472763, 816502.14299999922514 ], [ 2787134.815499998629093, 816485.85700000077486 ], [ 2787085.6074, 816433.102299999445677 ], [ 2787077.812299996614456, 816419.609400000423193 ], [ 2787065.597499996423721, 816386.65989999845624 ], [ 2787040.652300000190735, 816357.084300000220537 ], [ 2787018.163599997758865, 816320.448499999940395 ], [ 2786982.504100002348423, 816226.699799999594688 ], [ 2786961.646999999880791, 816178.538800001144409 ], [ 2786953.129799999296665, 816127.589299999177456 ], [ 2786945.574600003659725, 816112.819299999624491 ], [ 2786897.395300000905991, 816070.256599999964237 ], [ 2786876.303999997675419, 816053.723200000822544 ], [ 2786842.409699998795986, 816010.437600001692772 ], [ 2786842.399999998509884, 816010.425200000405312 ], [ 2786801.619000002741814, 815957.329700000584126 ], [ 2786755.112400002777576, 815920.180599998682737 ], [ 2786735.390299998223782, 815904.537000000476837 ], [ 2786701.011200003325939, 815875.227800000458956 ], [ 2786678.723700001835823, 815856.366500001400709 ], [ 2786662.889700002968311, 815844.771800000220537 ], [ 2786649.099500000476837, 815812.739799998700619 ], [ 2786615.837099999189377, 815786.575500000268221 ], [ 2786599.219200000166893, 815760.347899999469519 ], [ 2786583.693800002336502, 815736.571100000292063 ], [ 2786568.909299999475479, 815719.290600001811981 ], [ 2786561.128200002014637, 815705.011999998241663 ], [ 2786552.905599996447563, 815686.074700001627207 ], [ 2786544.0154, 815669.818599998950958 ], [ 2786539.611299999058247, 815661.766399998217821 ], [ 2786521.5929000005126, 815635.271699998527765 ], [ 2786505.554799996316433, 815636.378800000995398 ], [ 2786429.25959999859333, 815642.878299999982119 ], [ 2786383.280299998819828, 815664.916299998760223 ], [ 2786364.121399998664856, 815671.450699999928474 ], [ 2786350.824500001966953, 815672.186599999666214 ], [ 2786332.406599998474121, 815696.986800000071526 ], [ 2786332.957099996507168, 815701.875100001692772 ], [ 2786339.112899996340275, 815710.636399999260902 ], [ 2786336.971500001847744, 815716.210900001227856 ], [ 2786320.9934, 815715.103799998760223 ], [ 2786306.112199999392033, 815708.721900001168251 ], [ 2786306.084299996495247, 815708.709399998188019 ], [ 2786291.6897, 815702.13230000063777 ], [ 2786254.50110000371933, 815693.396099999547005 ], [ 2786197.779899999499321, 815661.353700000792742 ], [ 2786150.2753000035882, 815648.905900001525879 ], [ 2786140.634999997913837, 815641.350299999117851 ], [ 2786137.350900001823902, 815635.19649999961257 ], [ 2786135.150100000202656, 815631.072299998253584 ], [ 2786132.010099999606609, 815625.187899999320507 ], [ 2786127.177299998700619, 815603.304299999028444 ], [ 2786121.9265, 815592.847100000828505 ], [ 2786121.910700000822544, 815592.815499998629093 ], [ 2786121.862700000405312, 815592.720300000160933 ], [ 2786110.937700003385544, 815570.96229999884963 ], [ 2786095.5471, 815549.200100000947714 ], [ 2786079.701099999248981, 815514.294100001454353 ], [ 2786066.120899997651577, 815490.430100001394749 ], [ 2786042.210500001907349, 815464.743099998682737 ], [ 2786038.133299998939037, 815460.362900000065565 ], [ 2786042.558300003409386, 815417.163499999791384 ], [ 2786059.905900001525879, 815445.769499998539686 ], [ 2786090.276900000870228, 815415.775299999862909 ], [ 2786074.657899998128414, 815387.158100001513958 ], [ 2786072.0669, 815374.433699999004602 ], [ 2786059.45549999922514, 815332.85869999974966 ], [ 2786046.132100000977516, 815296.595100000500679 ], [ 2786040.1503000035882, 815282.512899998575449 ], [ 2786032.646099999547005, 815264.846700001507998 ], [ 2786022.514899998903275, 815240.996100001037121 ], [ 2786004.829300001263618, 815200.719900000840425 ], [ 2785990.350500002503395, 815167.7489 ], [ 2785981.240900002419949, 815140.504099998623133 ], [ 2786013.742299996316433, 815120.52589999884367 ], [ 2785991.3699000030756, 815091.707100000232458 ], [ 2785962.933899998664856, 815055.077500000596046 ], [ 2785962.348300002515316, 815052.640799999237061 ], [ 2785978.467799998819828, 814941.93470000103116 ], [ 2785978.990099996328354, 814938.347600001841784 ], [ 2785990.201099999248981, 814916.862300001084805 ], [ 2786009.658900000154972, 814894.723299998790026 ], [ 2786013.175300002098083, 814891.550700001418591 ], [ 2786018.174699999392033, 814888.678100001066923 ], [ 2786020.617299996316433, 814887.623700000345707 ], [ 2786025.106100000441074, 814885.684399999678135 ], [ 2786046.209100000560284, 814874.653000000864267 ], [ 2786059.868100002408028, 814862.088899999856949 ], [ 2786073.50450000166893, 814841.23589999973774 ], [ 2786088.276100002229214, 814810.372699998319149 ], [ 2786095.576099999248981, 814798.484700001776218 ], [ 2786107.35869999974966, 814780.691100001335144 ], [ 2786112.147600002586842, 814778.520100001245737 ], [ 2786121.397699996829033, 814777.308299999684095 ], [ 2786130.506499998271465, 814776.346700001507998 ], [ 2786168.265500001609325, 814763.774500001221895 ], [ 2786178.417900003492832, 814759.710299998521805 ], [ 2786195.313699997961521, 814752.94709999859333 ], [ 2786245.259499996900558, 814735.013700000941753 ], [ 2786260.409699998795986, 814725.295899998396635 ], [ 2786274.030100002884865, 814711.744100000709295 ], [ 2786210.367700003087521, 814669.236099999397993 ], [ 2786182.704099997878075, 814656.992499999701977 ], [ 2786177.180100001394749, 814654.547699999064207 ], [ 2786175.489500001072884, 814653.712900001555681 ], [ 2786136.285899996757507, 814634.339099999517202 ], [ 2786121.332299999892712, 814626.951699998229742 ], [ 2786067.423100002110004, 814598.499699998646975 ], [ 2786047.019500002264977, 814580.921500001102686 ], [ 2786027.19030000269413, 814554.088700000196695 ], [ 2786009.774099998176098, 814530.520300000905991 ], [ 2785970.8125, 814486.948399998247623 ], [ 2785965.738499999046326, 814481.274099998176098 ], [ 2785956.762900002300739, 814473.514899998903275 ], [ 2785898.79389999806881, 814423.408500000834465 ], [ 2785882.798100002110004, 814410.8885000012815 ], [ 2785890.918499998748302, 814406.133000001311302 ], [ 2785906.210600003600121, 814403.784000001847744 ], [ 2785942.3926, 814398.227099999785423 ], [ 2785957.8191, 814395.857900001108646 ], [ 2785981.584499999880791, 814369.716699998825788 ], [ 2785994.976899996399879, 814361.814399998635054 ], [ 2786018.970299996435642, 814347.660399999469519 ], [ 2786024.716399997472763, 814343.879200000315905 ], [ 2786056.217100001871586, 814323.150199998170137 ], [ 2786066.059500001370907, 814316.67339999973774 ], [ 2786077.463299997150898, 814299.027100000530481 ], [ 2786143.076300002634525, 814275.199799999594688 ], [ 2786145.411300003528595, 814274.350999999791384 ], [ 2786110.500500001013279, 814203.598799999803305 ], [ 2786085.264399997889996, 814149.910399999469519 ], [ 2786062.962700001895428, 814107.554200001060963 ], [ 2785967.699699997901917, 814050.005899999290705 ], [ 2785949.410700000822544, 813957.6570999994874 ], [ 2785968.751000002026558, 813919.929999999701977 ], [ 2785963.484499998390675, 813891.704799998551607 ], [ 2785947.020300000905991, 813790.433899998664856 ], [ 2785934.156099997460842, 813711.254099998623133 ], [ 2785908.877300001680851, 813643.751400001347065 ], [ 2785886.250299997627735, 813624.431800000369549 ], [ 2785882.597999997437, 813588.929099999368191 ], [ 2785869.71679999679327, 813549.415199998766184 ], [ 2785874.515799999237061, 813500.161499999463558 ], [ 2785803.168700002133846, 813381.576400000602007 ], [ 2785642.340599998831749, 813177.493700001388788 ], [ 2785496.676299996674061, 812928.425999999046326 ], [ 2785624.675599999725819, 812750.357200000435114 ], [ 2785774.529200002551079, 812542.724300000816584 ], [ 2785789.676899999380112, 812521.736299999058247 ], [ 2785803.423799999058247, 812502.689300000667572 ], [ 2785467.409699998795986, 812294.949000000953674 ], [ 2785330.129199996590614, 812207.069600000977516 ], [ 2785330.358999997377396, 812193.226599998772144 ], [ 2785330.619199998676777, 812177.556699998676777 ], [ 2785330.128100000321865, 812134.272199999541044 ], [ 2785327.668600000441074, 812108.694699998944998 ], [ 2785320.285099998116493, 812091.970499999821186 ], [ 2785306.506800003349781, 812084.102699998766184 ], [ 2785297.400200001895428, 812076.246199999004602 ], [ 2785287.903599999845028, 812074.348999999463558 ], [ 2785271.969499997794628, 812081.846200000494719 ], [ 2785251.574000000953674, 812098.308100000023842 ], [ 2785213.311099998652935, 812107.956500001251698 ], [ 2785194.553199999034405, 812102.598799999803305 ], [ 2785168.90259999781847, 812071.606199998408556 ], [ 2785149.760499998927116, 812044.822299998253584 ], [ 2785106.53660000115633, 812019.242300000041723 ], [ 2785089.786799997091293, 812006.837699998170137 ], [ 2785064.456600002944469, 811999.401299998164177 ], [ 2785027.911100000143051, 811998.648699998855591 ], [ 2784993.46169999986887, 811982.787200000137091 ], [ 2784976.703900001943111, 811938.169599998742342 ], [ 2784957.124799996614456, 811857.428700000047684 ], [ 2784900.533500000834465, 811827.009300000965595 ], [ 2784875.028099998831749, 811805.338700000196695 ], [ 2784800.004900000989437, 811664.320500001311302 ], [ 2784755.6897, 811608.976500000804663 ], [ 2784704.961900003254414, 811573.37779999896884 ], [ 2784710.524899996817112, 811543.776500001549721 ], [ 2784729.137800000607967, 811492.682900000363588 ], [ 2784775.674199998378754, 811468.268699999898672 ], [ 2784790.008000001311302, 811439.723400000482798 ], [ 2784787.147299997508526, 811409.138799998909235 ], [ 2784775.343000002205372, 811368.864799998700619 ], [ 2784733.542999997735023, 811330.523499999195337 ], [ 2784701.120200000703335, 811311.692200001329184 ], [ 2784677.993299998342991, 811273.658300001174212 ], [ 2784654.976899996399879, 811235.537099998444319 ], [ 2784633.277000002563, 811196.103799998760223 ], [ 2784610.261799998581409, 811164.555599998682737 ], [ 2784578.6963, 811145.494600001722574 ], [ 2784562.874200001358986, 811044.798900000751019 ], [ 2784561.358000002801418, 811003.644299998879433 ], [ 2784540.152400001883507, 810959.003299999982119 ], [ 2784484.9628000035882, 810875.741099998354912 ], [ 2784420.83500000089407, 810845.111099999397993 ], [ 2784345.697999998927116, 810816.883299998939037 ], [ 2784304.140900000929832, 810814.406800001859665 ], [ 2784268.601700000464916, 810815.406399998813868 ], [ 2784189.843800000846386, 810827.491599999368191 ], [ 2784156.539599999785423, 810833.124800000339746 ], [ 2784125.089500002563, 810825.370000001043081 ], [ 2784091.420999996364117, 810801.786299999803305 ], [ 2784071.735399998724461, 810781.047200001776218 ], [ 2784033.939900003373623, 810744.464999999850988 ], [ 2783992.110500000417233, 810703.15819999948144 ], [ 2783957.486100003123283, 810682.862500000745058 ], [ 2783917.902999997138977, 810654.398699998855591 ], [ 2783855.556599996984005, 810628.393500000238419 ], [ 2783820.215000003576279, 810601.242199998348951 ], [ 2783815.979299999773502, 810581.224700000137091 ], [ 2783804.424400001764297, 810526.947599999606609 ], [ 2783724.549999997019768, 810441.916799999773502 ], [ 2783697.98650000244379, 810384.415100000798702 ], [ 2783674.388700000941753, 810346.116300001740456 ], [ 2783671.068300001323223, 810295.474899999797344 ], [ 2783678.913999997079372, 810264.0608000010252 ], [ 2783658.637800000607967, 810220.873700000345707 ], [ 2783654.167700000107288, 810188.144099999219179 ], [ 2783625.8412000015378, 810155.413800001144409 ], [ 2783596.912500001490116, 810126.361099999397993 ], [ 2783564.881099998950958, 810098.853199999779463 ], [ 2783496.503799997270107, 810065.6537000015378 ], [ 2783447.131300002336502, 810041.723299998790026 ], [ 2783387.652400001883507, 810019.339299999177456 ], [ 2783372.051100000739098, 809974.853799998760223 ], [ 2783339.034100003540516, 809927.386799998581409 ], [ 2783290.928300000727177, 809881.711300000548363 ], [ 2783267.956399999558926, 809833.971000000834465 ], [ 2783225.538099996745586, 809818.560600001364946 ], [ 2783167.213200002908707, 809806.276799999177456 ], [ 2783081.355700001120567, 809767.773499999195337 ], [ 2783033.115599997341633, 809772.554900001734495 ], [ 2782997.930299997329712, 809789.448600001633167 ], [ 2782965.557899996638298, 809783.084399998188019 ], [ 2782951.928800001740456, 809764.608199998736382 ], [ 2782903.677500002086163, 809722.12220000103116 ], [ 2782879.829000003635883, 809670.455099999904633 ], [ 2782860.273900002241135, 809611.958999998867512 ], [ 2782834.348600000143051, 809594.137099999934435 ], [ 2782813.360100001096725, 809546.55290000140667 ], [ 2782745.223800003528595, 809516.487100001424551 ], [ 2782694.890500001609325, 809515.500799998641014 ], [ 2782655.330700002610683, 809483.450800001621246 ], [ 2782508.305500000715256, 809432.005100000649691 ], [ 2782410.627700001001358, 809408.329799998551607 ], [ 2782341.323600001633167, 809410.504000000655651 ], [ 2782272.524999998509884, 809423.511999998241663 ], [ 2782205.584100000560284, 809433.423799999058247 ], [ 2782143.810099996626377, 809442.264699999243021 ], [ 2782095.354599997401237, 809411.997099999338388 ], [ 2782044.044600002467632, 809384.461800001561642 ], [ 2781995.704800002276897, 809348.616200000047684 ], [ 2781936.8794, 809337.384500000625849 ], [ 2781890.646499998867512, 809324.665600001811981 ], [ 2781779.792199999094009, 809323.58559999987483 ], [ 2781751.673000000417233, 809307.912900000810623 ], [ 2781724.634499996900558, 809280.348900001496077 ], [ 2781647.332999996840954, 809272.790100000798702 ], [ 2781623.911899998784065, 809273.498599998652935 ], [ 2781601.423100002110004, 809285.741999998688698 ], [ 2781590.906400002539158, 809289.825899999588728 ], [ 2781577.58389999717474, 809291.032699998468161 ], [ 2781557.488499999046326, 809289.482599999755621 ], [ 2781536.451300002634525, 809280.546900000423193 ], [ 2781518.337600000202656, 809255.597199998795986 ], [ 2781491.020199999213219, 809251.691500000655651 ], [ 2781468.065399996936321, 809244.020700000226498 ], [ 2781456.7212999984622, 809237.405299998819828 ], [ 2781446.517899997532368, 809212.817999999970198 ], [ 2781445.089000001549721, 809204.115899998694658 ], [ 2781446.204199999570847, 809196.750999998301268 ], [ 2781449.915799997746944, 809188.155099999159575 ], [ 2781468.707699999213219, 809172.802499998360872 ], [ 2781479.453299999237061, 809158.624200001358986 ], [ 2781491.159100003540516, 809145.363800000399351 ], [ 2781500.263999998569489, 809136.264899998903275 ], [ 2781510.4353, 809126.496899999678135 ], [ 2781520.031700000166893, 809112.593100000172853 ], [ 2781521.769299998879433, 809086.220800001174212 ], [ 2781509.896499998867512, 809070.312800001353025 ], [ 2781493.688500002026558, 809039.897799998521805 ], [ 2781478.751299999654293, 809016.997299998998642 ], [ 2781472.453599996864796, 808972.37950000166893 ], [ 2781448.012699998915195, 808900.217799998819828 ], [ 2781438.733400002121925, 808885.690000001341105 ], [ 2781424.853900000452995, 808866.883600000292063 ], [ 2781410.204300001263618, 808856.394799999892712 ], [ 2781404.085299998521805, 808843.900499999523163 ], [ 2781403.087499998509884, 808824.259700000286102 ], [ 2781413.11150000244379, 808804.943500000983477 ], [ 2781411.0757, 808793.142700001597404 ], [ 2781402.118000000715256, 808774.4239999987185 ], [ 2781392.754199996590614, 808763.844300001859665 ], [ 2781390.311599999666214, 808756.518800001591444 ], [ 2781392.755199998617172, 808748.380499999970198 ], [ 2781402.117700003087521, 808736.173599999397993 ], [ 2781409.23589999973774, 808716.519200000911951 ], [ 2781406.571599997580051, 808702.772199999541044 ], [ 2781404.589100003242493, 808676.408500000834465 ], [ 2781408.013700000941753, 808651.833200000226498 ], [ 2781409.707500003278255, 808642.802000001072884 ], [ 2781409.898400001227856, 808635.515799999237061 ], [ 2781405.851599998772144, 808629.350600000470877 ], [ 2781401.708800002932549, 808627.190600000321865 ], [ 2781398.653300002217293, 808626.497499998658895 ], [ 2781396.01690000295639, 808626.497800000011921 ], [ 2781393.377999998629093, 808626.635000001639128 ], [ 2781389.6294, 808626.497499998658895 ], [ 2781386.576800003647804, 808627.052099999040365 ], [ 2781382.571199998259544, 808627.870400000363588 ], [ 2781366.830799996852875, 808647.63399999961257 ], [ 2781360.1266999989748, 808649.309500001370907 ], [ 2781354.541299998760223, 808647.354400001466274 ], [ 2781350.351300001144409, 808640.095600001513958 ], [ 2781339.737199999392033, 808619.99549999833107 ], [ 2781335.556500002741814, 808614.478199999779463 ], [ 2781328.625399999320507, 808618.702199999243021 ], [ 2781320.707999996840954, 808618.747299998998642 ], [ 2781315.8684, 808612.69200000166893 ], [ 2781289.838200002908707, 808566.150299999862909 ], [ 2781298.272100001573563, 808491.699700001627207 ], [ 2781300.437200002372265, 808438.139699999243021 ], [ 2781287.013400003314018, 808372.468899998813868 ], [ 2781271.986400000751019, 808316.809399999678135 ], [ 2781248.339299999177456, 808267.518699999898672 ], [ 2781223.459899999201298, 808239.698699999600649 ], [ 2781218.669699996709824, 808229.367899999022484 ], [ 2781215.280799999833107, 808213.136199999600649 ], [ 2781216.237000003457069, 808202.771600000560284 ], [ 2781230.809000000357628, 808133.973999999463558 ], [ 2781245.307599999010563, 808107.789299998432398 ], [ 2781247.186999998986721, 808098.868500001728535 ], [ 2781245.167099997401237, 808091.078400000929832 ], [ 2781233.443999998271465, 808083.814500000327826 ], [ 2781230.927000001072884, 808080.846900001168251 ], [ 2781223.8794, 808052.823699999600649 ], [ 2781254.837399996817112, 808012.365200001746416 ], [ 2781253.94030000269413, 807979.926699999719858 ], [ 2781246.293200001120567, 807934.7787000015378 ], [ 2781242.879799999296665, 807923.106699999421835 ], [ 2781235.844200000166893, 807909.63120000064373 ], [ 2781177.270099997520447, 807837.5793999992311 ], [ 2781165.891599997878075, 807809.742400001734495 ], [ 2781145.075199998915195, 807787.695999998599291 ], [ 2781131.721600003540516, 807779.450899999588728 ], [ 2781124.577200002968311, 807777.393899999558926 ], [ 2781115.538599997758865, 807781.967300001531839 ], [ 2781090.934900000691414, 807796.674300000071526 ], [ 2781074.826200000941753, 807804.193999998271465 ], [ 2781061.351300001144409, 807802.936200000345707 ], [ 2781046.178300000727177, 807798.551699999719858 ], [ 2781017.058300003409386, 807785.173599999397993 ], [ 2780991.723200000822544, 807769.494500000029802 ], [ 2780978.1316, 807755.346700001507998 ], [ 2780961.581399999558926, 807738.111600000411272 ], [ 2780943.005800001323223, 807709.276799999177456 ], [ 2780916.963500000536442, 807673.673099998384714 ], [ 2780868.711599998176098, 807620.897599998861551 ], [ 2780779.72240000218153, 807519.937100000679493 ], [ 2780723.902900002896786, 807451.255300000309944 ], [ 2780701.621500000357628, 807396.835099998861551 ], [ 2780674.20269999653101, 807331.593100000172853 ], [ 2780674.571099996566772, 807313.6570999994874 ], [ 2780659.854299999773502, 807256.649700000882149 ], [ 2780661.426600001752377, 807245.456199999898672 ], [ 2780664.119599997997284, 807238.278499998152256 ], [ 2780668.248800002038479, 807229.842399999499321 ], [ 2780673.097099997103214, 807223.562899999320507 ], [ 2780681.054499998688698, 807217.981800001114607 ], [ 2780700.270900003612041, 807208.569699998944998 ], [ 2780707.42400000244379, 807198.374699998646975 ], [ 2780709.241099998354912, 807186.828000001609325 ], [ 2780709.7179000005126, 807170.109700001776218 ], [ 2780713.9121999964118, 807160.938299998641014 ], [ 2780719.812299996614456, 807154.0489999987185 ], [ 2780723.30120000243187, 807142.614100001752377 ], [ 2780712.192500002682209, 807054.410199999809265 ], [ 2780703.979599997401237, 807023.554000001400709 ], [ 2780698.763300001621246, 806965.159200001507998 ], [ 2780726.418099999427795, 806937.518800001591444 ], [ 2780724.014799997210503, 806899.061599999666214 ], [ 2780730.034999996423721, 806829.565200001001358 ], [ 2780740.579999998211861, 806764.164700001478195 ], [ 2780749.095200002193451, 806749.227299999445677 ], [ 2780749.617299996316433, 806736.374400001019239 ], [ 2780750.135099999606609, 806725.154500000178814 ], [ 2780783.123499996960163, 806606.700599998235703 ], [ 2780566.648900002241135, 806598.460799999535084 ], [ 2780559.415799997746944, 806785.728100001811981 ], [ 2780564.500399999320507, 807230.905099999159575 ], [ 2780613.235399998724461, 808601.538100000470877 ], [ 2780611.83669999986887, 808673.109200000762939 ], [ 2780568.767099998891354, 810094.799300000071526 ], [ 2780570.739699997007847, 810184.518100000917912 ], [ 2781063.227399997413158, 811092.297100000083447 ], [ 2781165.206699997186661, 811216.863400001078844 ], [ 2781206.673500001430511, 811276.694699998944998 ], [ 2781225.409999996423721, 811365.701499998569489 ], [ 2781231.7434, 811420.767000000923872 ], [ 2781226.109999999403954, 811517.266399998217821 ], [ 2781256.988200001418591, 811585.666400000452995 ], [ 2781248.171800002455711, 811650.206599999219179 ], [ 2781268.995899997651577, 811767.473700001835823 ], [ 2781313.119300000369549, 811819.41270000115037 ], [ 2781325.711499996483326, 811931.896999999880791 ], [ 2781364.923900000751019, 812088.828099999576807 ], [ 2781363.214199997484684, 812165.267599999904633 ], [ 2781352.5735, 812255.399900000542402 ], [ 2781305.853399999439716, 812330.294700000435114 ], [ 2781257.794600002467632, 812521.521999999880791 ], [ 2781265.465499997138977, 812637.126400001347065 ], [ 2781304.422899998724461, 812694.953699998557568 ], [ 2781318.900200001895428, 812805.588700000196695 ], [ 2781348.403200000524521, 812939.102699998766184 ], [ 2781304.877899996936321, 812983.222100000828505 ], [ 2781260.194899998605251, 813045.067499998956919 ], [ 2781245.52080000191927, 813137.176100000739098 ], [ 2781215.010499998927116, 813203.889699999243021 ], [ 2781205.562899999320507, 813234.918400000780821 ], [ 2781198.005999997258186, 813290.804999999701977 ], [ 2781195.748199999332428, 813322.781899999827147 ], [ 2781200.809299997985363, 813349.305700000375509 ], [ 2781204.874399997293949, 813385.416499998420477 ], [ 2781195.425899997353554, 813416.445099998265505 ], [ 2781210.780599996447563, 813460.339099999517202 ], [ 2781188.981100000441074, 813508.426899999380112 ], [ 2781186.838699996471405, 813588.986600000411272 ], [ 2781207.227899998426437, 813662.103199999779463 ], [ 2781225.060699999332428, 813722.184300001710653 ], [ 2781256.48309999704361, 813767.189300000667572 ], [ 2781266.785800002515316, 813803.885899998247623 ], [ 2781279.186599999666214, 813844.320599999278784 ], [ 2781278.755699999630451, 813869.419799998402596 ], [ 2781291.038400001823902, 813902.263799998909235 ], [ 2781300.899999998509884, 813921.695000000298023 ], [ 2781308.516999997198582, 813941.081000000238419 ], [ 2781312.662699997425079, 813961.990800000727177 ], [ 2781306.618900001049042, 813984.243400000035763 ], [ 2781284.969300001859665, 814007.984900001436472 ], [ 2781270.072200000286102, 814022.748399998992682 ], [ 2781258.1216000020504, 814038.484499998390675 ], [ 2781254.078199997544289, 814046.952399998903275 ], [ 2781253.977200001478195, 814051.838300000876188 ], [ 2781256.902300000190735, 814058.209600001573563 ], [ 2781288.223300002515316, 814081.300700001418591 ], [ 2781322.283299997448921, 814112.246800001710653 ], [ 2781357.113799996674061, 814151.35020000115037 ], [ 2781386.914099998772144, 814196.629599999636412 ], [ 2781422.825800001621246, 814213.025499999523163 ], [ 2781433.984300002455711, 814215.909600000828505 ], [ 2781463.530199997127056, 814208.3136 ], [ 2781491.710199996829033, 814208.892099998891354 ], [ 2781507.554099999368191, 814215.94709999859333 ], [ 2781514.788599997758865, 814232.4983000010252 ], [ 2781518.747000001370907, 814271.673000000417233 ], [ 2781513.018799997866154, 814335.550400000065565 ], [ 2781515.111199997365475, 814395.822500001639128 ], [ 2781543.398599997162819, 814454.216899998486042 ], [ 2781578.273000001907349, 814492.412900000810623 ], [ 2781595.737499997019768, 814509.975000001490116 ], [ 2781618.438199996948242, 814520.302999999374151 ], [ 2781680.94539999961853, 814520.382500000298023 ], [ 2781700.365599997341633, 814520.784000001847744 ], [ 2781712.835900001227856, 814539.845899999141693 ], [ 2781706.678300000727177, 814563.338199999183416 ], [ 2781694.070299997925758, 814604.360800001770258 ], [ 2781678.704099997878075, 814637.501499999314547 ], [ 2781683.492799997329712, 814673.064599998295307 ], [ 2781700.917199999094009, 814718.743000000715256 ], [ 2781712.949299998581409, 814766.940200001001358 ], [ 2781727.66669999808073, 814785.792500000447035 ], [ 2781749.740199998021126, 814812.784000001847744 ], [ 2781766.304899998009205, 814823.340500000864267 ], [ 2781774.677299998700619, 814824.120200000703335 ], [ 2781788.142700001597404, 814821.35190000012517 ], [ 2781812.570799998939037, 814812.879999998956919 ], [ 2781821.98200000077486, 814807.456500001251698 ], [ 2781830.1404, 814806.462400000542402 ], [ 2781836.084899999201298, 814809.488699998706579 ], [ 2781842.556400001049042, 814815.044399999082088 ], [ 2781847.906700000166893, 814824.040399998426437 ], [ 2781864.47580000013113, 814877.956999998539686 ], [ 2781869.409000001847744, 814886.892200000584126 ], [ 2781874.270999997854233, 814891.797200001776218 ], [ 2781878.471400000154972, 814895.651999998837709 ], [ 2781883.899700000882149, 814898.814300000667572 ], [ 2781890.32490000128746, 814901.021600000560284 ], [ 2781896.732500001788139, 814900.928700000047684 ], [ 2781901.480099998414516, 814897.904199998825788 ], [ 2781965.8103, 814833.700199998915195 ], [ 2781975.089800000190735, 814814.127599999308586 ], [ 2781982.618299998342991, 814781.615299999713898 ], [ 2781985.708099998533726, 814749.010899998247623 ], [ 2781983.607199996709824, 814713.880100000649691 ], [ 2781975.195299997925758, 814684.023200001567602 ], [ 2781975.641000002622604, 814674.908500000834465 ], [ 2781978.091099999845028, 814668.185300000011921 ], [ 2781983.373800002038479, 814658.997800000011921 ], [ 2781991.669799998402596, 814647.657699998468161 ], [ 2782000.806199997663498, 814640.242899999022484 ], [ 2782009.695699997246265, 814633.979400001466274 ], [ 2782018.529399998486042, 814630.012600000947714 ], [ 2782026.864100001752377, 814628.113099999725819 ], [ 2782034.465499997138977, 814628.269000001251698 ], [ 2782044.579800002276897, 814629.625900000333786 ], [ 2782061.689099997282028, 814636.634500000625849 ], [ 2782088.581399999558926, 814653.722699999809265 ], [ 2782109.746100001037121, 814668.57039999961853 ], [ 2782128.763599999248981, 814682.984700001776218 ], [ 2782142.294699996709824, 814703.358600001782179 ], [ 2782151.99549999833107, 814724.678599998354912 ], [ 2782170.912799999117851, 814786.575899999588728 ], [ 2782187.635099999606609, 814830.205699998885393 ], [ 2782185.4408999979496, 814933.387200001627207 ], [ 2782188.988600000739098, 814938.724700000137091 ], [ 2782193.906300000846386, 814943.896999999880791 ], [ 2782199.796300001442432, 814947.975699998438358 ], [ 2782207.399700000882149, 814949.515099998563528 ], [ 2782215.318800002336502, 814951.320000000298023 ], [ 2782224.30290000140667, 814950.114100001752377 ], [ 2782230.4265, 814946.835099998861551 ], [ 2782288.261100001633167, 814875.980900000780821 ], [ 2782293.636900000274181, 814870.934599999338388 ], [ 2782300.533500000834465, 814867.299199998378754 ], [ 2782307.299199998378754, 814865.502900000661612 ], [ 2782313.03660000115633, 814864.423799999058247 ], [ 2782318.861199997365475, 814863.676500000059605 ], [ 2782323.865599997341633, 814864.00899999961257 ], [ 2782329.695799998939037, 814865.687399998307228 ], [ 2782336.460400000214577, 814868.406899999827147 ], [ 2782342.362099997699261, 814872.707800000905991 ], [ 2782348.338299997150898, 814880.901999998837709 ], [ 2782354.630599997937679, 814889.732599999755621 ], [ 2782357.385899998247623, 814895.620600000023842 ], [ 2782372.941299997270107, 814933.707100000232458 ], [ 2782393.834799997508526, 814983.761700000613928 ], [ 2782426.741300001740456, 815065.580400001257658 ], [ 2782430.706500001251698, 815074.91160000115633 ], [ 2782438.013899996876717, 815083.214800000190735 ], [ 2782442.514799997210503, 815086.917500000447035 ], [ 2782447.80120000243187, 815090.082899998873472 ], [ 2782452.032700002193451, 815090.70890000090003 ], [ 2782463.207800000905991, 815091.159699998795986 ], [ 2782483.992899999022484, 815103.228300001472235 ], [ 2782489.435199998319149, 815110.204700000584126 ], [ 2782497.432899996638298, 815112.845800001174212 ], [ 2782507.279399998486042, 815115.833099998533726 ], [ 2782541.0304000005126, 815182.300000000745058 ], [ 2782570.732199996709824, 815249.471500001847744 ], [ 2782591.825199998915195, 815293.6418999992311 ], [ 2782595.253899998962879, 815298.774099998176098 ], [ 2782601.024499997496605, 815303.621399998664856 ], [ 2782607.344700001180172, 815307.941300000995398 ], [ 2782611.759800001978874, 815308.942899998277426 ], [ 2782616.716399997472763, 815308.913600001484156 ], [ 2782622.487499997019768, 815307.596700001507998 ], [ 2782626.307099997997284, 815305.98369999974966 ], [ 2782628.6963, 815304.073300000280142 ], [ 2782632.9408999979496, 815300.7668999992311 ], [ 2782636.588799998164177, 815297.196400001645088 ], [ 2782664.12219999730587, 815269.130499999970198 ], [ 2782685.303099997341633, 815246.815600000321865 ], [ 2782744.20269999653101, 815171.275600001215935 ], [ 2782777.308200001716614, 815130.92680000141263 ], [ 2782787.627099998295307, 815127.858399998396635 ], [ 2782801.545699998736382, 815124.120200000703335 ], [ 2782804.372599996626377, 815123.297800000756979 ], [ 2782810.680500000715256, 815123.427600000053644 ], [ 2782817.501299999654293, 815125.768500000238419 ], [ 2782821.542400002479553, 815131.499699998646975 ], [ 2782824.000699996948242, 815138.848400000482798 ], [ 2782824.546099998056889, 815149.740600001066923 ], [ 2782822.0591000020504, 815296.545400001108646 ], [ 2782820.199299998581409, 815335.380899999290705 ], [ 2782828.852099999785423, 815395.713199999183416 ], [ 2782834.544299997389317, 815418.640700001269579 ], [ 2782836.88849999755621, 815429.646200001239777 ], [ 2782843.0801, 815436.618000000715256 ], [ 2782848.703199997544289, 815439.664000000804663 ], [ 2782854.983499996364117, 815442.360300000756979 ], [ 2782894.279399998486042, 815454.976599998772144 ], [ 2782899.238899998366833, 815457.964899998158216 ], [ 2782901.086099997162819, 815462.4679000005126 ], [ 2782916.119499996304512, 815504.224800001829863 ], [ 2782934.016699999570847, 815556.887600000947714 ], [ 2782940.367499999701977, 815579.505199998617172 ], [ 2782942.989399999380112, 815602.260000001639128 ], [ 2782943.582699999213219, 815626.588700000196695 ], [ 2782935.877899996936321, 815668.821699999272823 ], [ 2782921.976800002157688, 815693.756299998611212 ], [ 2782899.236000001430511, 815748.332499999552965 ], [ 2782878.316699996590614, 815804.820999998599291 ], [ 2782866.12219999730587, 815857.168999999761581 ], [ 2782822.105499997735023, 815948.29839999973774 ], [ 2782822.164899997413158, 815964.241300001740456 ], [ 2782819.786499999463558, 815977.833000000566244 ], [ 2782815.456699997186661, 816009.742300000041723 ], [ 2782807.773199997842312, 816036.940200001001358 ], [ 2782800.9309, 816047.341099999845028 ], [ 2782795.108499996364117, 816053.736699998378754 ], [ 2782754.365800000727177, 816089.183899998664856 ], [ 2782751.064499996602535, 816095.289099998772144 ], [ 2782749.269900001585484, 816101.200800001621246 ], [ 2782750.141000002622604, 816113.116999998688698 ], [ 2782752.005199998617172, 816121.890799999237061 ], [ 2782755.233999997377396, 816127.719300001859665 ], [ 2782760.713799998164177, 816133.4510000012815 ], [ 2782769.04450000077486, 816135.298099998384714 ], [ 2782779.813400000333786, 816136.072599999606609 ], [ 2782797.006899997591972, 816136.837799999862909 ], [ 2782806.663099996745586, 816147.721400000154972 ], [ 2782812.68299999833107, 816164.302000001072884 ], [ 2782814.1216000020504, 816176.302799999713898 ], [ 2782817.6382, 816187.221000000834465 ], [ 2782820.92400000244379, 816205.661299999803305 ], [ 2782819.780799999833107, 816228.756999999284744 ], [ 2782825.148599997162819, 816252.307500001043081 ], [ 2782831.804799996316433, 816266.709600001573563 ], [ 2782846.316399998962879, 816280.916200000792742 ], [ 2782851.258199997246265, 816293.965500000864267 ], [ 2782858.021799996495247, 816305.328999999910593 ], [ 2782864.4397, 816314.067099999636412 ], [ 2782871.410199999809265, 816340.274399999529123 ], [ 2782871.390699997544289, 816358.021000001579523 ], [ 2782867.095600001513958, 816392.025199998170137 ], [ 2782871.02759999781847, 816416.675900001078844 ], [ 2782873.548500001430511, 816436.491799999028444 ], [ 2782879.464599996805191, 816454.174600001424551 ], [ 2782879.101499997079372, 816471.792100001126528 ], [ 2782873.797799997031689, 816487.394400000572205 ], [ 2782872.028200000524521, 816501.65989999845624 ], [ 2782870.804899998009205, 816514.811799999326468 ], [ 2782870.615599997341633, 816525.815900001674891 ], [ 2782871.395999997854233, 816532.414200000464916 ], [ 2782874.76129999756813, 816539.6097999997437 ], [ 2782881.272799998521805, 816545.256099998950958 ], [ 2782887.201399996876717, 816547.966699998825788 ], [ 2782893.8800999969244, 816549.362100001424551 ], [ 2782907.450400002300739, 816548.024399999529123 ], [ 2782912.554099999368191, 816545.499400001019239 ], [ 2782919.145999997854233, 816540.534800000488758 ], [ 2782925.911899998784065, 816531.89809999987483 ], [ 2782951.072700001299381, 816501.657600000500679 ], [ 2782958.342500001192093, 816484.85359999909997 ], [ 2782972.134999997913837, 816458.972100000828505 ], [ 2783004.0050999969244, 816434.970199998468161 ], [ 2783029.008299998939037, 816424.747000001370907 ], [ 2783037.972099997103214, 816410.889600001275539 ], [ 2783054.123499996960163, 816368.904399998486042 ], [ 2783058.418700002133846, 816346.269099999219179 ], [ 2783072.112899996340275, 816287.780099999159575 ], [ 2783085.329899996519089, 816260.197500001639128 ], [ 2783103.283100001513958, 816233.242899999022484 ], [ 2783116.901100002229214, 816219.039299998432398 ], [ 2783129.498499996960163, 816205.608300000429153 ], [ 2783149.228100001811981, 816196.194499999284744 ], [ 2783177.030500002205372, 816184.639899998903275 ], [ 2783195.327500000596046, 816180.508699998259544 ], [ 2783216.286899998784065, 816177.149900000542402 ], [ 2783241.326700001955032, 816170.741099998354912 ], [ 2783264.012699998915195, 816160.979100000113249 ], [ 2783279.370899997651577, 816147.553899999707937 ], [ 2783312.828299999237061, 816103.474899999797344 ], [ 2783315.90089999884367, 816090.545499999076128 ], [ 2783316.887100003659725, 816078.155299998819828 ], [ 2783312.125299997627735, 816054.746199999004602 ], [ 2783302.353500001132488, 816019.371700000017881 ], [ 2783301.396499998867512, 816009.582499999552965 ], [ 2783305.318099997937679, 816000.286100000143051 ], [ 2783311.457900002598763, 815993.073100000619888 ], [ 2783323.726899996399879, 815987.118099998682737 ], [ 2783346.784299999475479, 815990.314100001007318 ], [ 2783368.522900000214577, 816002.796100001782179 ], [ 2783393.664899997413158, 816022.442699998617172 ], [ 2783403.698700003325939, 816030.244500000029802 ], [ 2783414.892899997532368, 816031.933899998664856 ], [ 2783426.3015, 816029.079700000584126 ], [ 2783436.084100000560284, 816019.743700001388788 ], [ 2783447.050300002098083, 816003.737100001424551 ], [ 2783465.710900001227856, 815972.503699999302626 ], [ 2783473.4243, 815964.786899998784065 ], [ 2783481.331299997866154, 815961.980500001460314 ], [ 2783489.050700001418591, 815961.786100000143051 ], [ 2783492.437899999320507, 815961.7010000012815 ], [ 2783509.495700001716614, 815972.108500000089407 ], [ 2783513.544699996709824, 815981.76069999858737 ], [ 2783515.239100001752377, 815985.800299998372793 ], [ 2783529.519900001585484, 816017.778000000864267 ], [ 2783539.976099997758865, 816042.740899998694658 ], [ 2783548.719300001859665, 816064.44649999961257 ], [ 2783568.249899998307228, 816113.551300000399351 ], [ 2783577.958499997854233, 816138.519900001585484 ], [ 2783586.48870000243187, 816161.44370000064373 ], [ 2783591.217699997127056, 816175.233500000089407 ], [ 2783595.329099997878075, 816190.432500001043081 ], [ 2783604.638300001621246, 816256.440099999308586 ], [ 2783609.545299999415874, 816291.343100000172853 ], [ 2783622.088299997150898, 816323.40260000154376 ], [ 2783633.869099996984005, 816342.584300000220537 ], [ 2783652.227300003170967, 816364.029699999839067 ], [ 2783668.347099997103214, 816378.450699999928474 ], [ 2783687.048900000751019, 816393.517900001257658 ], [ 2783709.116400003433228, 816406.249400001019239 ], [ 2783730.259499996900558, 816414.861699998378754 ], [ 2783754.239100001752377, 816421.402300000190735 ], [ 2783773.159299999475479, 816425.11710000038147 ], [ 2783796.12389999628067, 816429.903099998831749 ], [ 2783830.962499998509884, 816437.601700000464916 ], [ 2783873.579300001263618, 816448.022100001573563 ], [ 2783900.95889999717474, 816456.740499999374151 ], [ 2783906.223499998450279, 816459.190499998629093 ], [ 2783919.68469999730587, 816471.071899998933077 ], [ 2783928.692699998617172, 816483.880499999970198 ], [ 2783931.9408999979496, 816494.193300001323223 ], [ 2783934.120099999010563, 816505.225499998778105 ], [ 2783934.45549999922514, 816519.987700000405312 ], [ 2783932.73870000243187, 816532.678700000047684 ], [ 2783926.315700002014637, 816546.272100001573563 ], [ 2783918.99210000038147, 816556.048300001770258 ], [ 2783907.615500003099442, 816565.871700000017881 ], [ 2783895.002499997615814, 816573.187100000679493 ], [ 2783889.524499997496605, 816576.36430000141263 ], [ 2783855.551899999380112, 816587.980900000780821 ], [ 2783849.465199999511242, 816592.047200001776218 ], [ 2783840.807300001382828, 816597.831300001591444 ], [ 2783834.076499998569489, 816603.6385000012815 ], [ 2783827.63629999756813, 816611.268500000238419 ], [ 2783821.477099999785423, 816622.554099999368191 ], [ 2783819.801299996674061, 816627.593400001525879 ], [ 2783817.931100003421307, 816633.215300001204014 ], [ 2783816.004100002348423, 816639.011700000613928 ], [ 2783809.866899996995926, 816672.827300000935793 ], [ 2783806.32769999653101, 816690.409099999815226 ], [ 2783802.623099997639656, 816710.463300000876188 ], [ 2783799.893500000238419, 816725.239199999719858 ], [ 2783791.48589999973774, 816772.615299999713898 ], [ 2783789.846900001168251, 816789.420299999415874 ], [ 2783788.780100002884865, 816801.557100001722574 ], [ 2783789.378700003027916, 816822.807500001043081 ], [ 2783793.207500003278255, 816845.343299999833107 ], [ 2783798.897299997508526, 816864.063099998980761 ], [ 2783803.750500001013279, 816875.104499999433756 ], [ 2783806.202299997210503, 816880.682700000703335 ], [ 2783815.739699997007847, 816899.399099998176098 ], [ 2783827.602300003170967, 816919.044900000095367 ], [ 2783830.837300002574921, 816924.402100000530481 ], [ 2783872.038900002837181, 817010.489900000393391 ], [ 2783884.240299999713898, 817035.988099999725819 ], [ 2783886.854500003159046, 817043.913899999111891 ], [ 2783887.182499997317791, 817059.667500000447035 ], [ 2783887.018500000238419, 817078.00730000063777 ], [ 2783884.269100002944469, 817089.220300000160933 ], [ 2783848.94030000269413, 817173.91609999909997 ], [ 2783832.880500003695488, 817212.417500000447035 ], [ 2783822.643899999558926, 817241.263300001621246 ], [ 2783819.035300001502037, 817266.399900000542402 ], [ 2783821.084700003266335, 817284.632500000298023 ], [ 2783825.412299998104572, 817301.332699999213219 ], [ 2783831.136100001633167, 817319.80350000038743 ], [ 2783839.907700002193451, 817341.656500000506639 ], [ 2783871.688900001347065, 817391.520300000905991 ], [ 2783875.665500000119209, 817397.562899999320507 ], [ 2783927.384300000965595, 817476.138099998235703 ], [ 2783944.714299999177456, 817502.540300000458956 ], [ 2783985.881700001657009, 817604.017900001257658 ], [ 2784014.429499998688698, 817648.122699998319149 ], [ 2784016.176899999380112, 817650.345300000160933 ], [ 2784017.924099996685982, 817652.567899998277426 ], [ 2784074.796700000762939, 817724.909699998795986 ], [ 2784107.111699998378754, 817758.70549999922514 ], [ 2784130.626299999654293, 817783.295899998396635 ], [ 2784137.582099996507168, 817789.733899999409914 ], [ 2784146.29619999974966, 817795.901500001549721 ], [ 2784156.568300001323223, 817800.938099998980761 ], [ 2784168.326099999248981, 817803.227299999445677 ], [ 2784175.247900001704693, 817802.6570999994874 ], [ 2784182.205899998545647, 817800.161100000143051 ], [ 2784187.872699998319149, 817796.281500000506639 ], [ 2784192.6853, 817791.358899999409914 ], [ 2784196.415100000798702, 817785.045899998396635 ], [ 2784199.126900002360344, 817776.488699998706579 ], [ 2784200.748700000345707, 817767.986099999397993 ], [ 2784200.851700000464916, 817758.049300000071526 ], [ 2784198.500500001013279, 817746.915199998766184 ], [ 2784198.427699998021126, 817746.570900000631809 ], [ 2784180.924099996685982, 817696.648699998855591 ], [ 2784157.00789999961853, 817641.526500001549721 ], [ 2784148.014300003647804, 817620.978700000792742 ], [ 2784146.883500002324581, 817617.840700000524521 ], [ 2784137.7993, 817592.630699999630451 ], [ 2784129.796099998056889, 817564.481499999761581 ], [ 2784127.579499997198582, 817543.695300001651049 ], [ 2784130.560099996626377, 817518.753499999642372 ], [ 2784136.177500002086163, 817492.55970000103116 ], [ 2784149.635499998927116, 817473.060300000011921 ], [ 2784162.926100000739098, 817461.259700000286102 ], [ 2784171.709700003266335, 817452.467300001531839 ], [ 2784183.944499999284744, 817444.175299998372793 ], [ 2784230.819700002670288, 817421.742899999022484 ], [ 2784265.836300000548363, 817405.279100000858307 ], [ 2784286.048900000751019, 817396.665500000119209 ], [ 2784300.300899997353554, 817392.892099998891354 ], [ 2784308.215700000524521, 817396.564899999648333 ], [ 2784299.391999997198582, 817405.308899998664856 ], [ 2784264.692699998617172, 817443.119199998676777 ], [ 2784263.803199999034405, 817444.050700001418591 ], [ 2784240.653599999845028, 817468.294199999421835 ], [ 2784231.790799997746944, 817480.886199999600649 ], [ 2784231.402300000190735, 817481.65260000154376 ], [ 2784230.204300001263618, 817484.015500001609325 ], [ 2784225.210699997842312, 817493.864799998700619 ], [ 2784220.348600000143051, 817510.826200000941753 ], [ 2784219.023299999535084, 817525.481899999082088 ], [ 2784219.244999997317791, 817529.606499999761581 ], [ 2784219.516999997198582, 817534.620799999684095 ], [ 2784221.611599996685982, 817547.114199999719858 ], [ 2784227.364100001752377, 817563.364500001072884 ], [ 2784241.740099996328354, 817594.966499999165535 ], [ 2784278.553599998354912, 817677.77760000154376 ], [ 2784287.761900000274181, 817696.889800000935793 ], [ 2784295.021799996495247, 817711.954100001603365 ], [ 2784318.847199998795986, 817766.299699999392033 ], [ 2784343.161300003528595, 817818.290800001472235 ], [ 2784373.589500002563, 817891.766699999570847 ], [ 2784452.768299996852875, 818099.594399999827147 ], [ 2784459.969499997794628, 818116.803899999707937 ], [ 2784463.450199998915195, 818122.771000001579523 ], [ 2784467.101499997079372, 818129.032800000160933 ], [ 2784477.249300003051758, 818139.620700001716614 ], [ 2784487.835199996829033, 818146.938999999314547 ], [ 2784501.843299999833107, 818155.841299999505281 ], [ 2784513.320000000298023, 818159.565099999308586 ], [ 2784526.485500000417233, 818161.823800001293421 ], [ 2784541.602300003170967, 818163.372099999338388 ], [ 2784580.783600002527237, 818158.464499998837709 ], [ 2784596.04730000346899, 818156.407499998807907 ], [ 2784621.374399997293949, 818148.860800001770258 ], [ 2784650.4391999989748, 818136.588799998164177 ], [ 2784665.654899999499321, 818127.218800000846386 ], [ 2784680.039499998092651, 818117.520500000566244 ], [ 2784747.800899997353554, 818070.578099999576807 ], [ 2784764.424500003457069, 818061.635600000619888 ], [ 2784780.280299998819828, 818054.498100001364946 ], [ 2784791.7654, 818050.092000000178814 ], [ 2784805.461300000548363, 818044.445999998599291 ], [ 2784930.411100000143051, 818008.929099999368191 ], [ 2784946.563400000333786, 818005.396499998867512 ], [ 2784958.753700003027916, 818006.371899999678135 ], [ 2784967.417700000107288, 818008.362300001084805 ], [ 2784976.527300000190735, 818012.17509999871254 ], [ 2784983.774499997496605, 818018.364000000059605 ], [ 2784988.84910000115633, 818026.375199999660254 ], [ 2784991.6382, 818037.023800000548363 ], [ 2784993.598300002515316, 818108.123799998313189 ], [ 2784990.788099996745586, 818124.610399998724461 ], [ 2784984.92679999768734, 818136.968499999493361 ], [ 2784979.534100003540516, 818147.285199999809265 ], [ 2784973.124799996614456, 818155.21000000089407 ], [ 2784931.633900001645088, 818177.012200001627207 ], [ 2784894.024800002574921, 818196.993500001728535 ], [ 2784883.958499997854233, 818206.333999998867512 ], [ 2784877.191799998283386, 818216.432599999010563 ], [ 2784872.938400000333786, 818228.840999998152256 ], [ 2784871.81530000269413, 818241.701900001615286 ], [ 2784872.852399997413158, 818253.329599998891354 ], [ 2784893.959100000560284, 818247.772300001233816 ], [ 2784927.232100002467632, 818243.667899999767542 ], [ 2784961.269500002264977, 818245.894400000572205 ], [ 2784990.076800003647804, 818254.610800001770258 ], [ 2785007.61150000244379, 818270.896999999880791 ], [ 2785030.466899998486042, 818277.852299999445677 ], [ 2785076.622100003063679, 818276.008600000292063 ], [ 2785114.598399996757507, 818284.343899998813868 ], [ 2785150.697400003671646, 818291.692999999970198 ], [ 2785201.768700003623962, 818317.141499999910593 ], [ 2785272.924500003457069, 818357.679699998348951 ], [ 2785349.655100002884865, 818391.118000000715256 ], [ 2785411.325900003314018, 818421.285199999809265 ], [ 2785473.154399998486042, 818445.776299998164177 ], [ 2785511.716399997472763, 818466.76630000025034 ], [ 2785565.076499998569489, 818489.118400000035763 ], [ 2785595.690399996936321, 818500.724300000816584 ], [ 2785630.70380000025034, 818524.454700000584126 ], [ 2785658.939099997282028, 818541.988400001078844 ], [ 2785689.724899999797344, 818558.657600000500679 ], [ 2785708.171400003135204, 818565.182300001382828 ], [ 2785725.726000003516674, 818569.78660000115633 ], [ 2785737.231200002133846, 818576.109700001776218 ], [ 2785755.779899999499321, 818590.210200000554323 ], [ 2785774.050599999725819, 818602.729899998754263 ], [ 2785791.173000000417233, 818611.424300000071526 ], [ 2785816.781499996781349, 818621.311299998313189 ], [ 2785849.175999999046326, 818637.075199998915195 ], [ 2785883.746200002729893, 818654.161299999803305 ], [ 2785960.838100001215935, 818686.031800001859665 ], [ 2785995.508699998259544, 818710.383600000292063 ], [ 2786034.959299996495247, 818733.286299999803305 ], [ 2786049.582900002598763, 818752.337000001221895 ], [ 2786085.678199999034405, 818782.097300000488758 ], [ 2786100.126500003039837, 818785.0287000015378 ], [ 2786119.975699998438358, 818775.169900000095367 ], [ 2786143.529899999499321, 818768.581300001591444 ], [ 2786154.953400000929832, 818766.690099999308586 ], [ 2786165.726899996399879, 818765.415800001472235 ], [ 2786174.893399998545647, 818765.046100001782179 ], [ 2786184.676299996674061, 818765.327399998903275 ], [ 2786191.544399999082088, 818768.04280000180006 ], [ 2786198.110500000417233, 818770.444400001317263 ], [ 2786201.811300002038479, 818773.394299998879433 ], [ 2786205.464800000190735, 818778.227899998426437 ], [ 2786209.765799999237061, 818782.457800000905991 ], [ 2786217.186200000345707, 818788.039900001138449 ], [ 2786222.738300003111362, 818792.612700000405312 ], [ 2786242.531199999153614, 818818.434799998998642 ], [ 2786277.257399998605251, 818863.313799999654293 ], [ 2786307.255999997258186, 818918.798799999058247 ], [ 2786332.639399997889996, 818958.984200000762939 ], [ 2786349.571199998259544, 818985.673900000751019 ], [ 2786359.364, 819007.74720000103116 ], [ 2786365.474200002849102, 819014.868900001049042 ], [ 2786381.418300002813339, 819020.684200000017881 ], [ 2786391.841600000858307, 819020.349599998444319 ], [ 2786407.031900003552437, 819019.2060999982059 ], [ 2786419.063500002026558, 819018.276200000196695 ], [ 2786429.842699997127056, 819016.693199999630451 ], [ 2786442.190399996936321, 819015.460200000554323 ], [ 2786450.73030000180006, 819015.077599998563528 ], [ 2786459.825499996542931, 819017.231699999421835 ], [ 2786469.463799998164177, 819022.558100000023842 ], [ 2786471.625, 819024.1891999989748 ], [ 2786480.9408999979496, 819040.874600000679493 ], [ 2786483.762100003659725, 819052.636799998581409 ], [ 2786489.091499999165535, 819060.249299999326468 ], [ 2786491.652000002563, 819063.913899999111891 ], [ 2786501.5658999979496, 819070.834300000220537 ], [ 2786507.48200000077486, 819073.839800000190735 ], [ 2786518.470799997448921, 819076.052099999040365 ], [ 2786527.550599999725819, 819078.513900000602007 ], [ 2786536.35080000013113, 819080.032000001519918 ], [ 2786541.701499998569489, 819080.8108000010252 ], [ 2786547.658100001513958, 819082.241599999368191 ], [ 2786552.633400000631809, 819084.907800000160933 ], [ 2786556.645400002598763, 819088.183899998664856 ], [ 2786560.906900003552437, 819093.988499999046326 ], [ 2786562.337700001895428, 819099.076799999922514 ], [ 2786562.195100001990795, 819104.132800001651049 ], [ 2786560.476400002837181, 819120.181600000709295 ], [ 2786562.300700001418591, 819133.818300001323223 ], [ 2786565.489900000393391, 819143.69310000166297 ], [ 2786572.527699999511242, 819151.789700001478195 ], [ 2786579.389499999582767, 819154.825399998575449 ], [ 2786586.371200002729893, 819153.443799998611212 ], [ 2786596.551700003445148, 819150.887800000607967 ], [ 2786605.153300002217293, 819147.982599999755621 ], [ 2786614.337200000882149, 819147.293299999088049 ], [ 2786621.514899998903275, 819150.02589999884367 ], [ 2786628.292499996721745, 819156.212000001221895 ], [ 2786632.867799997329712, 819161.714600000530481 ], [ 2786635.08389999717474, 819172.826099999248981 ], [ 2786634.702200002968311, 819186.078499998897314 ], [ 2786635.181999996304512, 819202.511500000953674 ], [ 2786635.459700003266335, 819215.150400001555681 ], [ 2786636.987000003457069, 819228.142200000584126 ], [ 2786643.139700002968311, 819233.687100000679493 ], [ 2786649.373000003397465, 819236.699700001627207 ], [ 2786660.672799997031689, 819238.916999999433756 ], [ 2786670.483900003135204, 819238.250700000673532 ], [ 2786678.981299996376038, 819239.434099998325109 ], [ 2786691.250399999320507, 819241.0439000017941 ], [ 2786703.431800000369549, 819245.495999999344349 ], [ 2786711.495700001716614, 819250.7804000005126 ], [ 2786719.153599999845028, 819259.210200000554323 ], [ 2786722.681199997663498, 819268.153000000864267 ], [ 2786724.868699997663498, 819280.21229999884963 ], [ 2786726.479500003159046, 819290.042599998414516 ], [ 2786729.627700001001358, 819301.502000000327826 ], [ 2786734.944399997591972, 819314.60359999909997 ], [ 2786739.840300001204014, 819320.10249999910593 ], [ 2786748.785700000822544, 819327.620600000023842 ], [ 2786757.796300001442432, 819332.934099998325109 ], [ 2786766.310599997639656, 819333.16950000077486 ], [ 2786773.6266999989748, 819331.176100000739098 ], [ 2786782.97410000115633, 819324.492899999022484 ], [ 2786793.292099997401237, 819317.202199999243021 ], [ 2786800.339900001883507, 819313.617199998348951 ], [ 2786806.708400003612041, 819311.583700001239777 ], [ 2786814.980899997055531, 819309.607500001788139 ], [ 2786824.111400000751019, 819310.503800000995398 ], [ 2786834.746200002729893, 819313.9560999982059 ], [ 2786844.037100002169609, 819320.224500000476837 ], [ 2786851.080700002610683, 819328.002300001680851 ], [ 2786855.615299999713898, 819335.079700000584126 ], [ 2786863.647399999201298, 819341.302000001072884 ], [ 2786870.207000002264977, 819344.021800000220537 ], [ 2786890.814400002360344, 819352.178899999707937 ], [ 2786898.983900003135204, 819353.675200000405312 ], [ 2786904.984099999070168, 819353.52930000051856 ], [ 2786915.430699996650219, 819352.567299999296665 ], [ 2786923.317500002682209, 819352.789700001478195 ], [ 2786936.941100001335144, 819362.328299999237061 ], [ 2786943.718199998140335, 819368.526700001209974 ], [ 2786963.237199999392033, 819370.344700001180172 ], [ 2786977.128700003027916, 819370.741399999707937 ], [ 2786987.64919999986887, 819378.301899999380112 ], [ 2786992.485699996352196, 819385.69649999961257 ], [ 2786998.381899997591972, 819400.70380000025034 ], [ 2787002.3662, 819404.925599999725819 ], [ 2787007.961599998176098, 819407.92509999871254 ], [ 2787022.753700003027916, 819409.607700001448393 ], [ 2787031.950499996542931, 819408.289599999785423 ], [ 2787038.904700003564358, 819407.853799998760223 ], [ 2787046.748599998652935, 819409.663100000470877 ], [ 2787070.518899999558926, 819419.549100000411272 ], [ 2787078.159500002861023, 819425.971599999815226 ], [ 2787086.480999998748302, 819434.206799998879433 ], [ 2787096.736599996685982, 819439.067299999296665 ], [ 2787108.674900002777576, 819442.462999999523163 ], [ 2787126.3684, 819449.258699998259544 ], [ 2787168.3574, 819467.194899998605251 ], [ 2787171.887800000607967, 819470.16160000115633 ], [ 2787174.728399999439716, 819477.033399999141693 ], [ 2787174.076999999582767, 819482.770799998193979 ], [ 2787169.945699997246265, 819486.839800000190735 ], [ 2787163.85700000077486, 819487.670699998736382 ], [ 2787154.570500001311302, 819483.433600001037121 ], [ 2787142.567299999296665, 819476.69029999896884 ], [ 2787111.750699996948242, 819463.293299999088049 ], [ 2787101.422499999403954, 819459.440400000661612 ], [ 2787095.1891999989748, 819459.063000001013279 ], [ 2787086.141199998557568, 819459.722500000149012 ], [ 2787057.839900001883507, 819467.263399999588728 ], [ 2787047.173100002110004, 819468.402100000530481 ], [ 2787032.481700003147125, 819468.254999998956919 ], [ 2787007.178000003099442, 819461.835200000554323 ], [ 2786991.940999999642372, 819453.491200000047684 ], [ 2786978.561599999666214, 819444.395500000566244 ], [ 2786967.259199999272823, 819433.826999999582767 ], [ 2786961.184000000357628, 819431.973099999129772 ], [ 2786955.068300001323223, 819432.077199999243021 ], [ 2786949.822899997234344, 819434.733800001442432 ], [ 2786948.779399998486042, 819440.590700000524521 ], [ 2786954.117299996316433, 819448.234400000423193 ], [ 2786960.414099998772144, 819454.392700001597404 ], [ 2787006.818800002336502, 819483.598999999463558 ], [ 2787028.620200000703335, 819489.139400001615286 ], [ 2787044.315499998629093, 819491.211199998855591 ], [ 2787067.51070000231266, 819492.690000001341105 ], [ 2787076.960600003600121, 819493.920499999076128 ], [ 2787087.420800000429153, 819498.763999998569489 ], [ 2787095.511100001633167, 819505.170800000429153 ], [ 2787103.871100001037121, 819514.628899998962879 ], [ 2787111.128799997270107, 819524.625599998980761 ], [ 2787118.1787, 819538.4814000017941 ], [ 2787126.460699997842312, 819555.799899999052286 ], [ 2787135.589599996805191, 819568.232599999755621 ], [ 2787145.673500001430511, 819580.26069999858737 ], [ 2787169.988099999725819, 819599.101100001484156 ], [ 2787208.517200000584126, 819622.523600000888109 ], [ 2787239.952600002288818, 819642.889199998229742 ], [ 2787244.225500002503395, 819646.970800001174212 ], [ 2787249.237000003457069, 819653.918400000780821 ], [ 2787251.153800003230572, 819659.449799999594688 ], [ 2787251.887699998915195, 819664.360300000756979 ], [ 2787251.430699996650219, 819669.245799999684095 ], [ 2787250.785899996757507, 819674.196299999952316 ], [ 2787248.399099998176098, 819680.203999999910593 ], [ 2787245.157899998128414, 819685.24269999936223 ], [ 2787241.979500003159046, 819688.925799999386072 ], [ 2787238.289300002157688, 819691.848299998790026 ], [ 2787235.3882, 819693.073600001633167 ], [ 2787232.052299998700619, 819693.756099998950958 ], [ 2787230.622900001704693, 819693.593499999493361 ], [ 2787228.715499997138977, 819693.376499999314547 ], [ 2787217.693199999630451, 819691.131099998950958 ], [ 2787177.258100003004074, 819682.894299998879433 ], [ 2787163.587700001895428, 819680.109600000083447 ], [ 2787158.475599996745586, 819680.458999998867512 ], [ 2787155.28320000320673, 819681.328899998217821 ], [ 2787151.516699999570847, 819682.355200000107288 ], [ 2787144.282899998128414, 819686.629799999296665 ], [ 2787139.430100001394749, 819690.953299999237061 ], [ 2787135.015000000596046, 819697.101199999451637 ], [ 2787132.513599999248981, 819702.971099998801947 ], [ 2787130.428199999034405, 819710.757800001651049 ], [ 2787128.614100001752377, 819718.72410000115633 ], [ 2787127.433499999344349, 819723.908300001174212 ], [ 2787127.263999998569489, 819724.652499999850988 ], [ 2787126.020400002598763, 819739.826999999582767 ], [ 2787132.0022, 819762.788400001823902 ], [ 2787137.402900002896786, 819786.225600000470877 ], [ 2787140.088899999856949, 819818.61430000141263 ], [ 2787140.143299996852875, 819851.515900000929832 ], [ 2787137.749700002372265, 819879.70380000025034 ], [ 2787120.118500001728535, 819957.129000000655651 ], [ 2787112.80120000243187, 819994.402899999171495 ], [ 2787070.510300002992153, 820146.996700000017881 ], [ 2787049.935999996960163, 820265.618999999016523 ], [ 2787034.039800003170967, 820330.103500001132488 ], [ 2787022.727899998426437, 820397.952500000596046 ], [ 2787015.217699997127056, 820451.536899998784065 ], [ 2786982.983199998736382, 820600.782699998468161 ], [ 2786946.666400000452995, 820766.233800001442432 ], [ 2786930.869499996304512, 820843.835900001227856 ], [ 2786921.242700003087521, 820874.852000001817942 ], [ 2786907.523900002241135, 820898.730700001120567 ], [ 2786889.219899997115135, 820917.676300000399351 ], [ 2786862.469499997794628, 820940.395300000905991 ], [ 2786844.294200003147125, 820954.686599999666214 ], [ 2786829.138099998235703, 820966.059099998325109 ], [ 2786802.890000000596046, 820982.1239 ], [ 2786771.689499996602535, 821000.514299999922514 ], [ 2786741.115299999713898, 821015.522900000214577 ], [ 2786699.10980000346899, 821031.607299998402596 ], [ 2786644.699799999594688, 821048.912399999797344 ], [ 2786589.495300002396107, 821064.317999999970198 ], [ 2786528.591499999165535, 821080.997400000691414 ], [ 2786500.997500002384186, 821089.482099998742342 ], [ 2786475.285099998116493, 821098.587999999523163 ], [ 2786444.594499997794628, 821113.187600001692772 ], [ 2786415.350500002503395, 821127.099399998784065 ], [ 2786318.485399998724461, 821163.596799999475479 ], [ 2786344.376299999654293, 821209.978100001811981 ], [ 2786350.409100003540516, 821232.659299999475479 ], [ 2786354.383299998939037, 821258.006299998611212 ], [ 2786355.902900002896786, 821290.698899999260902 ], [ 2786354.378499999642372, 821327.081700000911951 ], [ 2786350.613099999725819, 821355.694699998944998 ], [ 2786345.789899997413158, 821383.736600000411272 ], [ 2786341.194899998605251, 821396.231600001454353 ], [ 2786337.620999999344349, 821412.825399998575449 ], [ 2786331.404899999499321, 821451.283700000494719 ], [ 2786318.94709999859333, 821524.038899999111891 ], [ 2786315.7753000035882, 821548.01410000026226 ], [ 2786315.769299998879433, 821601.818500000983477 ], [ 2786321.039099998772144, 821634.338500000536442 ], [ 2786327.339699998497963, 821662.799899999052286 ], [ 2786335.368299998342991, 821690.916700001806021 ], [ 2786357.004900000989437, 821751.779699999839067 ], [ 2786388.0515, 821835.385099999606609 ], [ 2786412.222699999809265, 821900.663899999111891 ], [ 2786447.549099996685982, 821992.008299998939037 ], [ 2786485.382600001990795, 822072.117400001734495 ], [ 2786459.820100001990795, 822095.2668999992311 ], [ 2786450.060699999332428, 822101.671900000423193 ], [ 2786441.093500003218651, 822103.457100000232458 ], [ 2786431.0581, 822100.698899999260902 ], [ 2786408.817100003361702, 822083.076499998569489 ], [ 2786381.045500002801418, 822056.843299999833107 ], [ 2786370.135499998927116, 822042.806499999016523 ], [ 2786365.95830000191927, 822028.677099999040365 ], [ 2786363.848700001835823, 822013.858500000089407 ], [ 2786361.752599999308586, 822003.662599999457598 ], [ 2786358.677299998700619, 821988.717500001192093 ], [ 2786349.243500001728535, 821956.379900000989437 ], [ 2786344.207099996507168, 821946.86430000141263 ], [ 2786323.838899999856949, 821908.302499998360872 ], [ 2786301.471600003540516, 821864.791799999773502 ], [ 2786278.067699998617172, 821820.909299999475479 ], [ 2786268.149099998176098, 821803.059300001710653 ], [ 2786264.733300000429153, 821799.27589999884367 ], [ 2786256.04389999806881, 821789.65089999884367 ], [ 2786237.345899999141693, 821773.55350000038743 ], [ 2786207.070699997246265, 821747.85249999910593 ], [ 2786194.08669999986887, 821739.980700001120567 ], [ 2786179.318899996578693, 821734.665100000798702 ], [ 2786168.655900001525879, 821731.679900001734495 ], [ 2786155.896099999547005, 821729.686799999326468 ], [ 2786139.960199996829033, 821730.742300000041723 ], [ 2786138.170500002801418, 821731.648899998515844 ], [ 2786120.432899996638298, 821740.63230000063777 ], [ 2786078.436899997293949, 821757.682300001382828 ], [ 2786068.537000000476837, 821768.097800001502037 ], [ 2786084.884099997580051, 821787.983500000089407 ], [ 2786117.278099998831749, 821829.081500001251698 ], [ 2786141.470100000500679, 821878.648899998515844 ], [ 2786148.094700001180172, 821900.789299998432398 ], [ 2786153.011100001633167, 821919.475699998438358 ], [ 2786155.109899997711182, 821938.286299999803305 ], [ 2786155.932300001382828, 821950.114900000393391 ], [ 2786156.823899999260902, 821978.438900001347065 ], [ 2786152.9341000020504, 822009.269499998539686 ], [ 2786148.641099996864796, 822034.471900001168251 ], [ 2786139.090499997138977, 822072.492199998348951 ], [ 2786085.482100002467632, 822055.865899998694658 ], [ 2785993.425300002098083, 822029.479100000113249 ], [ 2785959.808899998664856, 822112.692299999296665 ], [ 2785954.476700000464916, 822129.381900001317263 ], [ 2785951.543300002813339, 822145.600299999117851 ], [ 2785950.82150000333786, 822159.47069999948144 ], [ 2785951.002099998295307, 822168.971900001168251 ], [ 2785952.286499999463558, 822179.494500000029802 ], [ 2785956.015299998223782, 822191.822299998253584 ], [ 2785959.381700001657009, 822200.245999999344349 ], [ 2785963.944300003349781, 822208.360100001096725 ], [ 2785968.99889999628067, 822215.992300000041723 ], [ 2785975.07490000128746, 822223.307300001382828 ], [ 2785982.116700001060963, 822229.427299998700619 ], [ 2785989.538099996745586, 822235.854699999094009 ], [ 2786002.644100002944469, 822244.397700000554323 ], [ 2786015.847499996423721, 822250.35249999910593 ], [ 2786024.79730000346899, 822253.332499999552965 ], [ 2786034.85530000180006, 822256.097500000149012 ], [ 2786045.485100001096725, 822258.555500000715256 ], [ 2786058.0996999964118, 822260.660300001502037 ], [ 2786073.235500000417233, 822263.191899999976158 ], [ 2786079.946699999272823, 822264.274700000882149 ], [ 2786087.524499997496605, 822265.120099999010563 ], [ 2786094.483300000429153, 822265.633499998599291 ], [ 2786102.418499998748302, 822265.71510000154376 ], [ 2786109.879699997603893, 822265.538100000470877 ], [ 2786116.512900002300739, 822264.773499999195337 ], [ 2786124.281499996781349, 822263.58669999986887 ], [ 2786132.377899996936321, 822261.918299999088049 ], [ 2786160.003100000321865, 822251.992899999022484 ], [ 2786167.100100003182888, 822249.715700000524521 ], [ 2786174.863899998366833, 822247.236099999397993 ], [ 2786182.823700003325939, 822245.859700001776218 ], [ 2786193.603699997067451, 822244.000700000673532 ], [ 2786202.286700002849102, 822243.765299998223782 ], [ 2786210.5515, 822244.418499998748302 ], [ 2786219.890699997544289, 822246.643199998885393 ], [ 2786227.793499998748302, 822250.404100000858307 ], [ 2786237.535099998116493, 822255.917700000107288 ], [ 2786245.372100003063679, 822262.801500000059605 ], [ 2786253.010099999606609, 822271.710700001567602 ], [ 2786279.241099998354912, 822319.773699998855591 ], [ 2786283.366099998354912, 822325.331399999558926 ], [ 2786287.758500002324581, 822330.646099999547005 ], [ 2786292.424699999392033, 822335.725099999457598 ], [ 2786297.349299997091293, 822340.550700001418591 ], [ 2786302.521099999547005, 822345.112900000065565 ], [ 2786307.9243, 822349.400100000202656 ], [ 2786313.542499996721745, 822353.396499998867512 ], [ 2786319.363499999046326, 822357.094500001519918 ], [ 2786325.369499996304512, 822360.482299998402596 ], [ 2786331.546099998056889, 822363.551100000739098 ], [ 2786337.873499996960163, 822366.292700000107288 ], [ 2786344.337300002574921, 822368.698899999260902 ], [ 2786350.967500001192093, 822370.780499998480082 ], [ 2786419.837300002574921, 822383.714499998837709 ], [ 2786480.888700000941753, 822394.550900001078844 ], [ 2786614.2971, 822418.232299998402596 ], [ 2786646.85869999974966, 822424.484099999070168 ], [ 2786669.02250000089407, 822430.090300001204014 ], [ 2786698.067699998617172, 822439.757100000977516 ], [ 2786795.023500002920628, 822491.379099998623133 ], [ 2786812.392200000584126, 822500.688299998641014 ], [ 2786831.76969999819994, 822511.074099998921156 ], [ 2786842.587600000202656, 822517.426699999719858 ], [ 2786866.530100002884865, 822531.4864999987185 ], [ 2786900.015900000929832, 822553.410300001502037 ], [ 2786944.695100001990795, 822589.566700000315905 ], [ 2787026.286899998784065, 822665.495099999010563 ], [ 2787099.039499998092651, 822736.491500001400709 ], [ 2787120.604699999094009, 822757.536100000143051 ], [ 2787219.767300002276897, 822854.545699998736382 ], [ 2787247.588899999856949, 822882.178899999707937 ], [ 2787299.530100002884865, 822933.767900001257658 ], [ 2787324.041299998760223, 822956.707699999213219 ], [ 2787409.703500002622604, 823020.221900001168251 ], [ 2787439.2483000010252, 823040.766499999910593 ], [ 2787522.701300002634525, 823098.796100001782179 ], [ 2787562.195699997246265, 823126.074700001627207 ], [ 2787599.254600003361702, 823152.008600000292063 ], [ 2787782.831500001251698, 823280.472899999469519 ], [ 2787915.369099996984005, 823372.916299998760223 ], [ 2787958.648900002241135, 823403.334300000220537 ], [ 2787967.877899996936321, 823410.103300001472235 ], [ 2788004.679499998688698, 823435.730700001120567 ], [ 2788034.728299997746944, 823458.592300001531839 ], [ 2788064.304300002753735, 823484.468899998813868 ], [ 2788163.845100000500679, 823571.898800000548363 ], [ 2788280.058799996972084, 823675.402100000530481 ], [ 2788391.615099996328354, 823773.790500000119209 ], [ 2788425.768700003623962, 823802.745099999010563 ], [ 2788450.588899999856949, 823819.244100000709295 ], [ 2788477.633299998939037, 823829.694099999964237 ], [ 2788504.818899996578693, 823838.402300000190735 ], [ 2788536.534500002861023, 823840.031700000166893 ], [ 2788555.084499999880791, 823838.422899998724461 ], [ 2788580.913999997079372, 823834.283500000834465 ], [ 2788697.623199999332428, 823796.921399999409914 ], [ 2788731.109700001776218, 823792.309999998658895 ], [ 2788744.524700000882149, 823790.467000000178814 ], [ 2788770.935199998319149, 823794.643399998545647 ], [ 2788798.645499996840954, 823804.393399998545647 ], [ 2788857.652900002896786, 823840.794399999082088 ], [ 2788932.006800003349781, 823911.459699999541044 ], [ 2788957.619099996984005, 823929.559000000357628 ], [ 2789027.252700001001358, 823970.437399998307228 ], [ 2789053.839500002563, 823987.916400000452995 ], [ 2789082.748700000345707, 824011.767200000584126 ], [ 2789109.020900003612041, 824042.373500000685453 ], [ 2789124.927500002086163, 824069.510099999606609 ], [ 2789134.548900000751019, 824092.807500001043081 ], [ 2789162.856499999761581, 824183.52930000051856 ], [ 2789173.80290000140667, 824219.292100001126528 ], [ 2789175.706399999558926, 824256.123700000345707 ], [ 2789172.350900001823902, 824326.704900000244379 ], [ 2789169.2820999994874, 824391.249499998986721 ], [ 2789171.679700002074242, 824411.946899998933077 ], [ 2789180.192500002682209, 824434.305500000715256 ], [ 2789191.786300003528595, 824451.069899998605251 ], [ 2789272.182499997317791, 824515.795299999415874 ], [ 2789291.415100000798702, 824526.6261 ], [ 2789316.300300002098083, 824535.523499999195337 ], [ 2789339.33110000193119, 824539.41270000115037 ], [ 2789368.994300000369549, 824540.642099998891354 ], [ 2789433.507500000298023, 824535.359499998390675 ], [ 2789457.19370000064373, 824535.254099998623133 ], [ 2789480.08389999717474, 824538.121899999678135 ], [ 2789504.223899997770786, 824545.608500000089407 ], [ 2789538.113899998366833, 824559.187300000339746 ], [ 2789812.276000000536442, 824682.750500001013279 ], [ 2789839.844499997794628, 824693.111299999058247 ], [ 2789873.668099999427795, 824697.067099999636412 ], [ 2789906.827100001275539, 824694.754099998623133 ], [ 2789950.64130000025034, 824691.442299999296665 ], [ 2789976.17790000140667, 824692.279699999839067 ], [ 2789997.975400000810623, 824695.625100001692772 ], [ 2790020.110699996352196, 824701.713700000196695 ], [ 2790057.875900000333786, 824717.193500000983477 ], [ 2790110.896700002253056, 824737.293499998748302 ], [ 2790132.894299998879433, 824742.920299999415874 ], [ 2790187.415299996733665, 824756.495299998670816 ], [ 2790298.37389999628067, 824783.837099999189377 ], [ 2790348.472900003194809, 824794.267900001257658 ], [ 2790385.800499998033047, 824802.170899998396635 ], [ 2790424.151100002229214, 824803.71169999986887 ], [ 2790458.816100001335144, 824800.914500001817942 ], [ 2790523.10869999974966, 824793.203499998897314 ], [ 2790557.272699996829033, 824791.138700000941753 ], [ 2790615.094899997115135, 824789.305500000715256 ], [ 2790632.720299996435642, 824788.939899999648333 ], [ 2790713.208099998533726, 824803.0168999992311 ], [ 2790780.089500002563, 824816.078099999576807 ], [ 2790898.128700003027916, 824856.977099999785423 ], [ 2790938.095100000500679, 824871.562300000339746 ], [ 2791203.011500000953674, 824969.751899998635054 ], [ 2791327.601300001144409, 825014.583500001579523 ], [ 2791352.940099999308586, 825023.860599998384714 ], [ 2791456.357299998402596, 825063.36769999936223 ], [ 2791474.13629999756813, 825070.292399998754263 ], [ 2791537.984300002455711, 825095.715700000524521 ], [ 2791581.283900000154972, 825110.249099999666214 ], [ 2791687.401299998164177, 825148.639899998903275 ], [ 2791726.475900001823902, 825164.195700000971556 ], [ 2791790.179899998009205, 825196.118700001388788 ], [ 2791877.276100002229214, 825246.562100000679493 ], [ 2791913.622900001704693, 825269.966699998825788 ], [ 2791924.661100000143051, 825274.755100000649691 ], [ 2791981.026799999177456, 825291.669799998402596 ], [ 2792038.35639999806881, 825312.666200000792742 ], [ 2792093.572700001299381, 825329.958700001239777 ], [ 2792138.336900003254414, 825347.006599999964237 ], [ 2792138.818499997258186, 825347.190000001341105 ], [ 2792145.239100001752377, 825348.636300001293421 ], [ 2792146.200599998235703, 825348.815400000661612 ], [ 2792291.370399996638298, 825375.850299999117851 ], [ 2792357.460500001907349, 825388.958200000226498 ], [ 2792416.941200003027916, 825399.986999999731779 ], [ 2792591.640500001609325, 825426.756599999964237 ], [ 2792709.918099999427795, 825445.5472999997437 ], [ 2792760.141599997878075, 825453.334499999880791 ], [ 2792845.921400003135204, 825464.847899999469519 ], [ 2792915.106299996376038, 825473.710900001227856 ], [ 2792977.964500002563, 825482.490499999374151 ], [ 2793005.521300002932549, 825485.810199998319149 ], [ 2793037.811800003051758, 825489.617499999701977 ], [ 2793074.547600001096725, 825500.32209999859333 ], [ 2793088.320900000631809, 825504.496800001710653 ], [ 2793132.0253000035882, 825523.120700001716614 ], [ 2793183.40820000320673, 825545.061999998986721 ], [ 2793249.362800002098083, 825573.517700001597404 ], [ 2793280.847000002861023, 825587.328499998897314 ], [ 2793345.630500003695488, 825617.803100001066923 ], [ 2793397.997299998998642, 825643.39979999884963 ], [ 2793411.309199996292591, 825648.980999998748302 ], [ 2793436.049599997699261, 825657.193399999290705 ], [ 2793483.512599997222424, 825667.785199999809265 ], [ 2793577.737899996340275, 825680.805900000035763 ], [ 2793586.503899998962879, 825682.346200000494719 ], [ 2793664.913999997079372, 825693.465199999511242 ], [ 2793709.562799997627735, 825700.103300001472235 ], [ 2793792.182800002396107, 825715.398899998515844 ], [ 2793806.521799996495247, 825717.5185999982059 ], [ 2793827.331000000238419, 825720.458299998193979 ], [ 2793844.330600000917912, 825722.954700000584126 ], [ 2793877.859300002455711, 825727.749699998646975 ], [ 2793888.88400000333786, 825729.3277000002563 ], [ 2793966.459600001573563, 825739.599800001829863 ], [ 2794019.769599996507168, 825746.850999999791384 ], [ 2794031.750900000333786, 825748.479899998754263 ], [ 2794048.836599998176098, 825750.804800000041723 ], [ 2794051.570799998939037, 825695.10700000077486 ], [ 2794050.674800001084805, 825679.392900001257658 ], [ 2794046.320299997925758, 825627.603500001132488 ], [ 2794044.412600003182888, 825601.017400000244379 ], [ 2794038.354999996721745, 825519.893500000238419 ], [ 2794041.703000001609325, 825491.214499998837709 ], [ 2794044.184799998998642, 825484.2483000010252 ], [ 2794052.035099998116493, 825462.578299999237061 ], [ 2794061.964699998497963, 825446.104699999094009 ], [ 2794073.553099997341633, 825432.548300001770258 ], [ 2794088.186499997973442, 825418.627599999308586 ], [ 2794130.321000002324581, 825387.446899998933077 ], [ 2794152.643299996852875, 825368.832499999552965 ], [ 2794166.403899997472763, 825351.932799998670816 ], [ 2794201.725900001823902, 825301.958099998533726 ], [ 2794224.611699998378754, 825266.19539999961853 ], [ 2794239.681800000369549, 825233.317899998277426 ], [ 2794252.153300002217293, 825204.217999998480082 ], [ 2794272.382399998605251, 825155.962499998509884 ], [ 2794300.488099999725819, 825089.311900001019239 ], [ 2794305.609099999070168, 825076.151099998503923 ], [ 2794337.781800001859665, 824995.883000001311302 ], [ 2794373.600199997425079, 824910.603500001132488 ], [ 2794391.501400001347065, 824868.05970000103116 ], [ 2794395.921800002455711, 824857.553399998694658 ] ] ] ] } },
{ "type": "Feature", "properties": { "CVEGEO": "09011", "CVE_ENT": "09", "CVE_MUN": "011", "NOMGEO": "Tláhuac", "ENTIDAD FEDERATIVA": "Ciudad de México", "CLAVE DEL MUNICIPIO": 9011, "POBLACIÓN 2020": 377744, "POBLACIÓN EN SITUACIÓN DE POBREZA 2020": 160199, "POBLACIÓN EN SITUACIÓN DE POBREZA EXTREMA 2020": 19315, "GRADO DE REZAGO": "Muy bajo", "autoad.indig": 36656.281624800002, "% autoad.indig": 9.672863, "OCURRENCIAS_DONANTE": 0, "MONTOASIGNADO_TOTAL": 0 }, "geometry": { "type": "MultiPolygon", "coordinates": [ [ [ [ 2816579.319600000977516, 817395.96059999987483 ], [ 2816605.019799999892712, 817394.438200000673532 ], [ 2816605.020099997520447, 817394.442099999636412 ], [ 2816606.243299998342991, 817410.317200001329184 ], [ 2816607.929399996995926, 817432.19990000128746 ], [ 2816610.194200001657009, 817461.593499999493361 ], [ 2816611.049699999392033, 817472.696199998259544 ], [ 2816627.401399999856949, 817476.510999999940395 ], [ 2816634.732299998402596, 817524.278099998831749 ], [ 2816634.928900003433228, 817525.558800000697374 ], [ 2816634.930299997329712, 817525.567800000309944 ], [ 2816639.123499996960163, 817552.890399999916553 ], [ 2816668.198100000619888, 817548.435300000011921 ], [ 2816656.409500002861023, 817515.854899998754263 ], [ 2816714.737700000405312, 817492.377300001680851 ], [ 2816722.608599998056889, 817536.429699998348951 ], [ 2816723.783299997448921, 817543.004099998623133 ], [ 2816723.845600001513958, 817542.982900001108646 ], [ 2816724.274300001561642, 817542.837200000882149 ], [ 2816771.877899996936321, 817526.660100001841784 ], [ 2816808.965300001204014, 817514.126299999654293 ], [ 2816818.328100003302097, 817437.931699998676777 ], [ 2816848.442400000989437, 817443.039500001817942 ], [ 2816840.214199997484684, 817513.772599998861551 ], [ 2816849.59740000218153, 817514.216400001198053 ], [ 2816853.148199997842312, 817514.384300000965595 ], [ 2816875.402699999511242, 817515.436700001358986 ], [ 2816940.070699997246265, 817593.728999998420477 ], [ 2817004.39919999986887, 817597.70719999819994 ], [ 2817374.340499997138977, 817579.503299999982119 ], [ 2817415.896999999880791, 817552.856499999761581 ], [ 2817458.359999999403954, 817525.627199999988079 ], [ 2817513.853799998760223, 817518.645799998193979 ], [ 2817572.445900000631809, 817511.275199998170137 ], [ 2817599.878600001335144, 817509.087999999523163 ], [ 2817608.864799998700619, 817508.372699998319149 ], [ 2817608.868000000715256, 817508.377900000661612 ], [ 2817643.602300003170967, 817563.20890000090003 ], [ 2817674.343999996781349, 817611.739000000059605 ], [ 2817678.338299997150898, 817618.045099999755621 ], [ 2817678.404399998486042, 817618.044700000435114 ], [ 2817879.968699999153614, 817616.702599998563528 ], [ 2817889.700000002980232, 817616.389600001275539 ], [ 2817897.401000000536442, 817616.141600001603365 ], [ 2817901.379199996590614, 817616.013700000941753 ], [ 2817922.218599997460842, 817615.342799998819828 ], [ 2817926.283100001513958, 817615.211899999529123 ], [ 2817936.0537, 817614.897300001233816 ], [ 2817949.030699998140335, 817614.479400001466274 ], [ 2818056.825000002980232, 817611.008499998599291 ], [ 2818060.783299997448921, 817610.881000000983477 ], [ 2818063.386500000953674, 817610.797200001776218 ], [ 2818117.92119999974966, 817609.041200000792742 ], [ 2818122.027300000190735, 817608.909000001847744 ], [ 2818127.860500000417233, 817608.721200000494719 ], [ 2818185.996299996972084, 817606.849199999123812 ], [ 2818190.195000000298023, 817606.714000001549721 ], [ 2818192.531300000846386, 817606.638700000941753 ], [ 2818240.14580000191927, 817605.105700001120567 ], [ 2818244.302500002086163, 817604.971799999475479 ], [ 2818248.118299998342991, 817604.848900001496077 ], [ 2818297.402300000190735, 817603.261999998241663 ], [ 2818300.063699997961521, 817603.176300000399351 ], [ 2818307.773900002241135, 817602.927999999374151 ], [ 2818313.836999997496605, 817602.732799999415874 ], [ 2818356.327299997210503, 817601.364599999040365 ], [ 2818359.581600002944469, 817601.259799998253584 ], [ 2818362.178099997341633, 817601.176300000399351 ], [ 2818405.734899997711182, 817599.773699998855591 ], [ 2818408.999099999666214, 817599.668600000441074 ], [ 2818409.161300003528595, 817599.663400001823902 ], [ 2818411.438299998641014, 817599.590199999511242 ], [ 2818421.008900001645088, 817599.281899999827147 ], [ 2818438.320500001311302, 817598.724399998784065 ], [ 2818443.901600003242493, 817598.544799998402596 ], [ 2818444.660700000822544, 817598.520100001245737 ], [ 2818448.539200000464916, 817598.393500000238419 ], [ 2818451.266000002622604, 817598.304299999028444 ], [ 2818454.432599999010563, 817598.200800001621246 ], [ 2818499.177100002765656, 817596.737399999052286 ], [ 2818509.045100003480911, 817588.348299998790026 ], [ 2818652.952299997210503, 817466.008499998599291 ], [ 2818722.234899997711182, 817407.104100000113249 ], [ 2818735.267499998211861, 817396.023699998855591 ], [ 2818770.914899997413158, 817365.7162000015378 ], [ 2818658.992700003087521, 817212.238299999386072 ], [ 2818643.318099997937679, 817189.887299999594688 ], [ 2818631.527199998497963, 817173.074499998241663 ], [ 2818627.170699998736382, 817166.862500000745058 ], [ 2818469.853100001811981, 816942.540800001472235 ], [ 2818442.315499998629093, 816903.277499999850988 ], [ 2818415.04110000282526, 816864.386100001633167 ], [ 2818366.507700003683567, 816795.180900000035763 ], [ 2818296.714100003242493, 816695.660999998450279 ], [ 2818255.632700003683567, 816637.083500001579523 ], [ 2818253.300700001418591, 816624.688700001686811 ], [ 2818253.282700002193451, 816624.5929000005126 ], [ 2818253.264600001275539, 816624.497000001370907 ], [ 2818253.254699997603893, 816624.444299999624491 ], [ 2818253.228500001132488, 816624.30519999936223 ], [ 2818220.255300000309944, 816449.166900001466274 ], [ 2818213.714400000870228, 816390.890099998563528 ], [ 2818211.299199998378754, 816369.372499998658895 ], [ 2818210.804300002753735, 816364.960799999535084 ], [ 2818207.394400000572205, 816334.581300001591444 ], [ 2818201.280900001525879, 816280.112700000405312 ], [ 2818188.212899997830391, 816163.691700000315905 ], [ 2818188.200300000607967, 816163.579300001263618 ], [ 2818184.458700001239777, 816130.247400000691414 ], [ 2818184.444799996912479, 816130.124000001698732 ], [ 2818184.439999997615814, 816130.081199999898672 ], [ 2818184.4309, 816130.000599998980761 ], [ 2818184.403099998831749, 816129.753800000995398 ], [ 2818171.385399997234344, 816013.770899999886751 ], [ 2818171.3794, 816013.717199999839067 ], [ 2818171.374600000679493, 816013.673799999058247 ], [ 2818171.372699998319149, 816013.657200001180172 ], [ 2818171.371699996292591, 816013.647799998521805 ], [ 2818171.368500001728535, 816013.61939999833703 ], [ 2818171.344300001859665, 816013.402699999511242 ], [ 2818171.311499997973442, 816013.110100001096725 ], [ 2818170.325499996542931, 816004.328099999576807 ], [ 2818169.900399997830391, 816000.541799999773502 ], [ 2818169.148500002920628, 815993.843899998813868 ], [ 2818169.072800002992153, 815993.170000001788139 ], [ 2818168.130500003695488, 815984.776700001209974 ], [ 2818167.867700003087521, 815982.436000000685453 ], [ 2818166.732799999415874, 815972.326799999922514 ], [ 2818165.410999998450279, 815960.552799999713898 ], [ 2818164.562600001692772, 815952.995999999344349 ], [ 2818157.283600002527237, 815897.474700000137091 ], [ 2818157.232799999415874, 815897.087099999189377 ], [ 2818157.221500001847744, 815897.000100001692772 ], [ 2818157.206500001251698, 815896.88569999858737 ], [ 2818157.154799997806549, 815896.490499999374151 ], [ 2818141.362899996340275, 815776.044300001114607 ], [ 2818141.354500003159046, 815775.980099998414516 ], [ 2818141.351099997758865, 815775.954500000923872 ], [ 2818141.339500002563, 815775.864900000393391 ], [ 2818140.103100001811981, 815766.433899998664856 ], [ 2818137.138300001621246, 815743.820900000631809 ], [ 2818135.478500001132488, 815731.161899998784065 ], [ 2818131.002099998295307, 815697.021099999547005 ], [ 2818130.995399996638298, 815696.969099998474121 ], [ 2818130.084100000560284, 815690.019099999219179 ], [ 2818129.923100002110004, 815688.791299998760223 ], [ 2818129.497299998998642, 815685.543299999088049 ], [ 2818129.173699997365475, 815683.074299998581409 ], [ 2818128.713899999856949, 815679.567899998277426 ], [ 2818128.698299996554852, 815679.448100000619888 ], [ 2818128.418099999427795, 815677.311700001358986 ], [ 2818128.017700001597404, 815674.257699999958277 ], [ 2818127.627300001680851, 815671.279199998825788 ], [ 2818127.365699999034405, 815669.283700000494719 ], [ 2818127.329899996519089, 815669.011100001633167 ], [ 2818127.2212999984622, 815668.182300001382828 ], [ 2818127.216399997472763, 815668.143699999898672 ], [ 2818127.086099997162819, 815667.151399999856949 ], [ 2818127.069499999284744, 815667.024399999529123 ], [ 2818126.895900003612041, 815665.700899999588728 ], [ 2818126.771899998188019, 815664.75450000166893 ], [ 2818126.749099999666214, 815664.580699998885393 ], [ 2818126.686300002038479, 815664.10249999910593 ], [ 2818126.655500002205372, 815663.86710000038147 ], [ 2818126.609499998390675, 815663.516699999570847 ], [ 2818124.90429999679327, 815658.2060999982059 ], [ 2818113.582800000905991, 815622.968699999153614 ], [ 2818088.965899996459484, 815546.35190000012517 ], [ 2818077.502499997615814, 815535.113899998366833 ], [ 2818056.715300001204014, 815514.735100001096725 ], [ 2818026.246100001037121, 815484.865100000053644 ], [ 2817964.008699998259544, 815455.76069999858737 ], [ 2817933.895900003612041, 815441.678899999707937 ], [ 2817916.993699997663498, 815441.459800001233816 ], [ 2817884.290899999439716, 815441.035700000822544 ], [ 2817884.284699998795986, 815441.035500001162291 ], [ 2817881.070500001311302, 815440.990100000053644 ], [ 2817876.82209999859333, 815440.930300001055002 ], [ 2817871.148100003600121, 815440.850099999457598 ], [ 2817867.652699999511242, 815440.800900001078844 ], [ 2817865.954300001263618, 815440.776900000870228 ], [ 2817852.375900000333786, 815440.585299998521805 ], [ 2817843.715300001204014, 815440.463100001215935 ], [ 2817839.871699996292591, 815440.408900000154972 ], [ 2817838.825499996542931, 815440.394099999219179 ], [ 2817838.12610000371933, 815440.384100001305342 ], [ 2817836.29169999808073, 815440.358199998736382 ], [ 2817835.770499996840954, 815440.350900001823902 ], [ 2817835.347099997103214, 815440.344900000840425 ], [ 2817835.0669, 815440.340799998492002 ], [ 2817834.888700000941753, 815440.338300000876188 ], [ 2817834.789899997413158, 815440.336899999529123 ], [ 2817834.754299998283386, 815440.336599998176098 ], [ 2817834.663699999451637, 815440.335099998861551 ], [ 2817834.650499999523163, 815440.334899999201298 ], [ 2817834.597499996423721, 815440.334300000220537 ], [ 2817834.594700001180172, 815440.310499999672174 ], [ 2817834.594300001859665, 815440.307300001382828 ], [ 2817834.584799997508526, 815440.22859999909997 ], [ 2817834.535800002515316, 815439.822299998253584 ], [ 2817834.479099996387959, 815439.351399999111891 ], [ 2817834.45889999717474, 815439.183400001376867 ], [ 2817834.08110000193119, 815436.046700000762939 ], [ 2817833.844999998807907, 815434.085999999195337 ], [ 2817833.811899997293949, 815433.810899998992682 ], [ 2817832.924999997019768, 815426.446400001645088 ], [ 2817830.640600003302097, 815407.47690000012517 ], [ 2817827.322400003671646, 815379.923200000077486 ], [ 2817813.666799999773502, 815266.530900001525879 ], [ 2817805.054499998688698, 815195.016800001263618 ], [ 2817804.945299997925758, 815194.109999999403954 ], [ 2817804.770199999213219, 815192.655099999159575 ], [ 2817803.281400002539158, 815180.293499998748302 ], [ 2817803.080799996852875, 815178.627700001001358 ], [ 2817802.047799997031689, 815170.049899999052286 ], [ 2817800.213299997150898, 815154.816300000995398 ], [ 2817785.308700002729893, 815031.051300000399351 ], [ 2817775.699400000274181, 814951.257800001651049 ], [ 2817768.899300001561642, 814894.790600001811981 ], [ 2817749.949299998581409, 814737.433699999004602 ], [ 2817749.181000001728535, 814731.053700000047684 ], [ 2817746.52589999884367, 814709.005399998277426 ], [ 2817746.424699999392033, 814708.165399998426437 ], [ 2817745.30629999935627, 814698.878499999642372 ], [ 2817744.391400001943111, 814691.281300000846386 ], [ 2817744.315499998629093, 814690.651299998164177 ], [ 2817744.065499998629093, 814688.575699999928474 ], [ 2817743.864600002765656, 814686.907800000160933 ], [ 2817743.79389999806881, 814686.320599999278784 ], [ 2817743.781999997794628, 814686.226399999111891 ], [ 2817743.779100000858307, 814686.202899999916553 ], [ 2817743.770199999213219, 814686.13230000063777 ], [ 2817743.750100001692772, 814685.969799999147654 ], [ 2817743.741400003433228, 814685.899099998176098 ], [ 2817743.726700000464916, 814685.779500000178814 ], [ 2817743.703100003302097, 814685.587099999189377 ], [ 2817743.633500002324581, 814685.022799998521805 ], [ 2817743.633100003004074, 814685.019299998879433 ], [ 2817743.404399998486042, 814683.162599999457598 ], [ 2817743.167999997735023, 814681.243400000035763 ], [ 2817742.831500001251698, 814678.511199999600649 ], [ 2817742.722000002861023, 814677.62220000103116 ], [ 2817742.688000001013279, 814677.346400000154972 ], [ 2817742.456900000572205, 814675.469200000166893 ], [ 2817742.225100003182888, 814673.587600000202656 ], [ 2817741.653099998831749, 814668.943900000303984 ], [ 2817741.630999997258186, 814668.764499999582767 ], [ 2817741.214199997484684, 814665.379900000989437 ], [ 2817741.04110000282526, 814663.975000001490116 ], [ 2817740.837499998509884, 814662.321600001305342 ], [ 2817740.663000002503395, 814660.905200000852346 ], [ 2817740.006399996578693, 814655.574400000274181 ], [ 2817738.554799996316433, 814643.78940000012517 ], [ 2817738.504299998283386, 814643.379700001329184 ], [ 2817737.365900002419949, 814634.137299999594688 ], [ 2817736.076499998569489, 814623.6689000017941 ], [ 2817734.793799996376038, 814613.254799999296665 ], [ 2817728.841700002551079, 814564.929499998688698 ], [ 2817728.185900002717972, 814559.605000000447035 ], [ 2817721.109499998390675, 814502.151399999856949 ], [ 2817719.859200000762939, 814492.000300001353025 ], [ 2817713.227899998426437, 814438.162300001829863 ], [ 2817705.952500000596046, 814379.094999998807907 ], [ 2817700.1272, 814331.798300001770258 ], [ 2817698.195699997246265, 814316.115699999034405 ], [ 2817694.780599996447563, 814288.390000000596046 ], [ 2817690.662299998104572, 814254.954700000584126 ], [ 2817683.946900002658367, 814200.431699998676777 ], [ 2817683.540700003504753, 814197.13289999961853 ], [ 2817683.506300002336502, 814196.853300001472235 ], [ 2817683.489100001752377, 814196.713700000196695 ], [ 2817683.471900001168251, 814196.573800001293421 ], [ 2817682.609700001776218, 814189.573899999260902 ], [ 2817676.657499998807907, 814141.247099999338388 ], [ 2817675.5044, 814131.887200001627207 ], [ 2817672.76410000026226, 814109.638599999248981 ], [ 2817672.166199997067451, 814104.785300001502037 ], [ 2817669.689599998295307, 814084.679400000721216 ], [ 2817667.535199999809265, 814067.192400000989437 ], [ 2817661.77589999884367, 814020.426600001752377 ], [ 2817659.653099998831749, 814003.192200001329184 ], [ 2817658.580300003290176, 813994.48200000077486 ], [ 2817654.035499997437, 813957.584100000560284 ], [ 2817650.861199997365475, 813931.811999998986721 ], [ 2817646.504100002348423, 813896.435499999672174 ], [ 2817639.01690000295639, 813835.648600000888109 ], [ 2817635.601800002157688, 813807.922200001776218 ], [ 2817631.622900001704693, 813775.617800001055002 ], [ 2817624.336900003254414, 813716.463899999856949 ], [ 2817622.629100002348423, 813702.597100000828505 ], [ 2817621.654700003564358, 813694.686099998652935 ], [ 2817617.656300000846386, 813662.224599998444319 ], [ 2817607.737899996340275, 813581.70160000026226 ], [ 2817568.545999996364117, 813263.519900001585484 ], [ 2817561.626599997282028, 813207.343899998813868 ], [ 2817458.115000002086163, 812384.594399999827147 ], [ 2817429.185900002717972, 812192.160500001162291 ], [ 2817280.474500000476837, 811202.947399999946356 ], [ 2817136.640299998223782, 810293.515900000929832 ], [ 2817089.245899997651577, 810076.586599998176098 ], [ 2816982.3716000020504, 809587.418200001120567 ], [ 2818095.056500002741814, 809259.295299999415874 ], [ 2817918.918300002813339, 807764.346599999815226 ], [ 2817863.896899998188019, 807297.374800000339746 ], [ 2817887.108199998736382, 807290.099399998784065 ], [ 2817934.239399999380112, 807275.327300000935793 ], [ 2817934.318000003695488, 807275.302700001746416 ], [ 2817934.344200000166893, 807275.29450000077486 ], [ 2817934.448899999260902, 807275.261700000613928 ], [ 2817938.965499997138977, 807273.844799999147654 ], [ 2818114.693800002336502, 807218.7635000012815 ], [ 2818122.843400001525879, 807216.208999998867512 ], [ 2818217.032600000500679, 807186.686200000345707 ], [ 2818343.513400003314018, 807147.041999999433756 ], [ 2818508.376500003039837, 807095.368500001728535 ], [ 2818545.101000003516674, 807083.856199998408556 ], [ 2818726.536100000143051, 807026.988400001078844 ], [ 2818913.357900001108646, 806968.432700000703335 ], [ 2819153.22749999910593, 806893.248700000345707 ], [ 2819180.966700002551079, 806884.554200001060963 ], [ 2819206.217299997806549, 806876.640500001609325 ], [ 2819225.667900003492832, 806870.544100001454353 ], [ 2819255.299800001084805, 806861.256599999964237 ], [ 2819255.30290000140667, 806861.25560000166297 ], [ 2819300.990199998021126, 806846.9358000010252 ], [ 2819441.098399996757507, 806803.022199999541044 ], [ 2819523.214400000870228, 806777.284800000488758 ], [ 2819542.937200002372265, 806771.103100001811981 ], [ 2819587.820699997246265, 806757.035300001502037 ], [ 2819590.138800002634525, 806756.308800000697374 ], [ 2819674.366300001740456, 806729.910300001502037 ], [ 2819686.243500001728535, 806726.187699999660254 ], [ 2819719.687899999320507, 806715.705600000917912 ], [ 2819791.686800003051758, 806693.139600001275539 ], [ 2819791.790899999439716, 806693.10700000077486 ], [ 2819804.952200002968311, 806688.98200000077486 ], [ 2819812.966899998486042, 806686.469999998807907 ], [ 2819818.017700001597404, 806684.887099999934435 ], [ 2819820.664599999785423, 806684.057500001043081 ], [ 2819824.229699999094009, 806682.940099999308586 ], [ 2819825.228699997067451, 806682.627000000327826 ], [ 2819827.388300001621246, 806681.950100000947714 ], [ 2819827.509800001978874, 806681.912000000476837 ], [ 2819828.168200001120567, 806681.705600000917912 ], [ 2819828.474799998104572, 806681.609499998390675 ], [ 2819828.731799997389317, 806681.528900001198053 ], [ 2819829.508500002324581, 806681.285500001162291 ], [ 2819829.602300003170967, 806681.256099998950958 ], [ 2819830.444700002670288, 806680.99210000038147 ], [ 2819830.792900003492832, 806680.883000001311302 ], [ 2819831.297899998724461, 806680.724700000137091 ], [ 2819831.306400001049042, 806680.721999999135733 ], [ 2819887.0735, 806663.243599999696016 ], [ 2819974.577799998223782, 806635.817800000309944 ], [ 2820025.446400001645088, 806619.874600000679493 ], [ 2820075.1941, 806604.282800000160933 ], [ 2820076.147399999201298, 806603.984000001102686 ], [ 2820077.599600002169609, 806603.528799999505281 ], [ 2820127.115099996328354, 806588.009199999272823 ], [ 2820131.454899996519089, 806586.648800000548363 ], [ 2820142.520700000226498, 806583.180500000715256 ], [ 2820180.905100002884865, 806571.149599999189377 ], [ 2820256.552699998021126, 806547.440000001341105 ], [ 2820273.036700002849102, 806546.409699998795986 ], [ 2820328.38849999755621, 806542.947500001639128 ], [ 2820379.753700003027916, 806511.797600001096725 ], [ 2820443.182300001382828, 806492.051199998706579 ], [ 2820570.858400002121925, 806455.844300001859665 ], [ 2820850.326899997889996, 806369.374099999666214 ], [ 2820699.590999998152256, 805783.986900001764297 ], [ 2820632.321999996900558, 805522.747499998658895 ], [ 2819750.246100001037121, 805781.776999998837709 ], [ 2819731.649899996817112, 805787.239700000733137 ], [ 2819623.277099996805191, 805609.944400001317263 ], [ 2819599.162900000810623, 805570.49549999833107 ], [ 2819508.368900001049042, 805485.696600001305342 ], [ 2819548.79280000180006, 805461.595899999141693 ], [ 2819507.863099999725819, 805470.201900001615286 ], [ 2819471.050300002098083, 805477.943799998611212 ], [ 2819468.272100001573563, 805478.528000000864267 ], [ 2819466.911399997770786, 805478.8141999989748 ], [ 2819466.39919999986887, 805477.144400000572205 ], [ 2819462.202200002968311, 805463.463799998164177 ], [ 2819450.746200002729893, 805426.121199999004602 ], [ 2819450.251800000667572, 805424.509199999272823 ], [ 2819439.775700002908707, 805390.363600000739098 ], [ 2819299.741300001740456, 805407.884500000625849 ], [ 2819296.794699996709824, 805408.253199998289347 ], [ 2819292.393299996852875, 805408.803899999707937 ], [ 2819254.598200000822544, 805413.532800000160933 ], [ 2819168.027800001204014, 805424.36430000141263 ], [ 2819139.922600001096725, 805427.880899999290705 ], [ 2819128.386600002646446, 805429.324200000613928 ], [ 2819070.281800001859665, 805436.594099998474121 ], [ 2818971.511699996888638, 805405.064300000667572 ], [ 2818967.315600000321865, 805403.724800001829863 ], [ 2818943.178800001740456, 805396.019799999892712 ], [ 2818898.998599998652935, 805381.916200000792742 ], [ 2818896.133900001645088, 805381.0016999989748 ], [ 2818888.968000002205372, 805378.714299999177456 ], [ 2818886.327100001275539, 805377.871300000697374 ], [ 2818879.601000003516674, 805375.724199999123812 ], [ 2818859.191299997270107, 805369.208999998867512 ], [ 2818838.983999997377396, 805362.758499998599291 ], [ 2818802.646899998188019, 805351.159099999815226 ], [ 2818802.613600000739098, 805351.148499999195337 ], [ 2818810.364600002765656, 805336.427000001072884 ], [ 2818833.79559999704361, 805291.924100000411272 ], [ 2818833.673100002110004, 805291.933400001376867 ], [ 2818804.6831, 805294.126499999314547 ], [ 2818688.322200000286102, 805302.929900001734495 ], [ 2818539.893399998545647, 805314.160500001162291 ], [ 2818535.597099997103214, 805314.485800001770258 ], [ 2818534.860600002110004, 805314.541499998420477 ], [ 2818523.925899997353554, 805315.368200000375509 ], [ 2818443.772399999201298, 805200.161400001496077 ], [ 2818438.359200000762939, 805192.380800001323223 ], [ 2818438.2787000015378, 805192.265099998563528 ], [ 2818356.431900002062321, 805212.064300000667572 ], [ 2818320.979599997401237, 805190.13399999961257 ], [ 2818098.976000003516674, 805052.813900001347065 ], [ 2818061.816399998962879, 805029.828899998217821 ], [ 2818051.459799997508526, 805013.880699999630451 ], [ 2818049.488899998366833, 805010.846400000154972 ], [ 2818021.49210000038147, 804967.737900000065565 ], [ 2817993.493100002408028, 804924.628100000321865 ], [ 2817968.836599998176098, 804912.311999998986721 ], [ 2817965.039200000464916, 804911.989100001752377 ], [ 2817929.717799998819828, 804908.984900001436472 ], [ 2817921.439900003373623, 804908.281500000506639 ], [ 2817920.549900002777576, 804908.205800000578165 ], [ 2817915.300700001418591, 804910.080299999564886 ], [ 2817878.472000002861023, 804922.927400000393391 ], [ 2817845.207099996507168, 804937.505199998617172 ], [ 2817820.495999999344349, 804950.604100000113249 ], [ 2817789.819300003349781, 804972.967599999159575 ], [ 2817771.864, 804980.610700000077486 ], [ 2817766.879299998283386, 804982.731600001454353 ], [ 2817656.983800001442432, 805029.074999999254942 ], [ 2817627.3301, 805044.85249999910593 ], [ 2817605.95549999922514, 805056.162500001490116 ], [ 2817605.872500002384186, 805056.206300001591444 ], [ 2817583.654700003564358, 805073.259500000625849 ], [ 2817555.487899996340275, 805094.335900001227856 ], [ 2817528.439099997282028, 805114.130699999630451 ], [ 2817506.586099997162819, 805134.044100001454353 ], [ 2817463.6266999989748, 805185.603100001811981 ], [ 2817438.709899999201298, 805216.429499998688698 ], [ 2817438.22580000013113, 805217.095499999821186 ], [ 2817425.984300002455711, 805233.945300001651049 ], [ 2817425.982100002467632, 805233.948300000280142 ], [ 2817425.980099998414516, 805233.951400000602007 ], [ 2817422.109499998390675, 805239.274099998176098 ], [ 2817409.2029, 805256.446899998933077 ], [ 2817378.278300002217293, 805284.552600000053644 ], [ 2817368.191500000655651, 805289.295499999076128 ], [ 2817324.076700001955032, 805311.257800001651049 ], [ 2817312.245700001716614, 805317.147799998521805 ], [ 2817301.090300001204014, 805322.701499998569489 ], [ 2817285.001299999654293, 805326.785700000822544 ], [ 2817237.003100000321865, 805337.053300000727177 ], [ 2817231.641500003635883, 805337.564800001680851 ], [ 2817231.460500001907349, 805337.582100000232458 ], [ 2816936.768799997866154, 805383.976599998772144 ], [ 2816936.758299998939037, 805383.978300001472235 ], [ 2816927.668700002133846, 805385.409299999475479 ], [ 2816927.096900001168251, 805385.363899998366833 ], [ 2816902.208499997854233, 805383.388099998235703 ], [ 2816901.136200003325939, 805383.302999999374151 ], [ 2816900.806900002062321, 805383.582499999552965 ], [ 2816892.934399999678135, 805390.263300001621246 ], [ 2816892.653899997472763, 805390.501499999314547 ], [ 2816892.642499998211861, 805390.511100001633167 ], [ 2816882.556999996304512, 805399.070000000298023 ], [ 2816823.33110000193119, 805449.330400001257658 ], [ 2816821.908500000834465, 805450.537799999117851 ], [ 2816821.904899999499321, 805450.540800001472235 ], [ 2816820.489699997007847, 805451.741799999028444 ], [ 2816735.416199997067451, 805523.937199998646975 ], [ 2816734.258299998939037, 805524.919900000095367 ], [ 2816733.145499996840954, 805525.864100001752377 ], [ 2816525.027300000190735, 805702.478300001472235 ], [ 2816521.288099996745586, 805705.651500001549721 ], [ 2816517.167499996721745, 805709.148299999535084 ], [ 2816495.288599997758865, 805727.715300001204014 ], [ 2816493.392899997532368, 805729.324000000953674 ], [ 2816491.716399997472763, 805730.746700000017881 ], [ 2816469.058600001037121, 805749.974700000137091 ], [ 2816466.969499997794628, 805751.747600000351667 ], [ 2816464.606799997389317, 805753.752599999308586 ], [ 2816447.992200002074242, 805767.851500000804663 ], [ 2816441.430600002408028, 805773.419199999421835 ], [ 2816439.635399997234344, 805774.942200001329184 ], [ 2816437.654399998486042, 805776.622999999672174 ], [ 2816414.531400002539158, 805796.241399999707937 ], [ 2816411.944700002670288, 805798.436099998652935 ], [ 2816409.654700003564358, 805800.379000000655651 ], [ 2816387.046300001442432, 805819.560699999332428 ], [ 2816384.960600003600121, 805821.330299999564886 ], [ 2816383.139399997889996, 805822.875500001013279 ], [ 2816363.752499997615814, 805839.324000000953674 ], [ 2816360.454199999570847, 805842.122400000691414 ], [ 2816357.23589999973774, 805844.852899998426437 ], [ 2816332.504600003361702, 805865.835799999535084 ], [ 2816329.102300003170967, 805868.722300000488758 ], [ 2816325.786100000143051, 805871.535999998450279 ], [ 2816297.233999997377396, 805895.760600000619888 ], [ 2816293.237199999392033, 805899.151500001549721 ], [ 2816289.793399997055531, 805902.073399998247623 ], [ 2816248.658699996769428, 805936.973499998450279 ], [ 2816247.510200001299381, 805937.947900000959635 ], [ 2816244.172899998724461, 805940.779500000178814 ], [ 2816242.370899997651577, 805942.308699999004602 ], [ 2816092.722099997103214, 806069.2972999997437 ], [ 2815823.7753000035882, 806314.323300000280142 ], [ 2815575.2246999964118, 806538.079500000923872 ], [ 2815521.664700001478195, 806516.673900000751019 ], [ 2815506.367399998009205, 806427.471000000834465 ], [ 2815444.612300001084805, 806431.483899999409914 ], [ 2815440.116700001060963, 806431.775699999183416 ], [ 2815368.415899999439716, 806435.878100000321865 ], [ 2815293.63849999755621, 806440.133699998259544 ], [ 2815293.637199997901917, 806440.141800001263618 ], [ 2815284.538000002503395, 806495.39809999987483 ], [ 2815284.536700002849102, 806495.406199999153614 ], [ 2815276.229099996387959, 806545.853700000792742 ], [ 2815276.227899998426437, 806545.861800000071526 ], [ 2815270.040399998426437, 806583.437100000679493 ], [ 2815270.038999997079372, 806583.445199999958277 ], [ 2815268.493500001728535, 806592.831500001251698 ], [ 2815268.492200002074242, 806592.839600000530481 ], [ 2815267.489600002765656, 806598.928100001066923 ], [ 2815267.488200001418591, 806598.936200000345707 ], [ 2815264.816699996590614, 806615.159699998795986 ], [ 2815264.815499998629093, 806615.16780000180006 ], [ 2815258.786899998784065, 806651.77479999884963 ], [ 2815258.785599999129772, 806651.782999999821186 ], [ 2815257.663999997079372, 806658.592099998146296 ], [ 2815257.661700002849102, 806658.599899999797344 ], [ 2815251.249300003051758, 806679.289900001138449 ], [ 2815251.247100003063679, 806679.297699999064207 ], [ 2815244.8772, 806699.84910000115633 ], [ 2815244.875100001692772, 806699.856899999082088 ], [ 2815239.287900000810623, 806717.883299998939037 ], [ 2815189.1908999979496, 806711.927099999040365 ], [ 2815169.197599999606609, 806713.92509999871254 ], [ 2815077.999899998307228, 806719.402499999850988 ], [ 2815077.988899998366833, 806719.403299998492002 ], [ 2815077.881999999284744, 806719.40989999845624 ], [ 2815064.087300002574921, 806602.92790000140667 ], [ 2815063.719499997794628, 806599.821699999272823 ], [ 2815062.134300000965595, 806578.557300001382828 ], [ 2815028.358199998736382, 806444.913899999111891 ], [ 2815028.348300002515316, 806444.916900001466274 ], [ 2815028.251900002360344, 806444.944699998944998 ], [ 2814999.227399997413158, 806453.310199998319149 ], [ 2814966.583099998533726, 806462.71680000051856 ], [ 2814966.584899999201298, 806462.723999999463558 ], [ 2814968.569200001657009, 806470.595199998468161 ], [ 2814985.531300000846386, 806537.908500000834465 ], [ 2814985.528800003230572, 806537.910999998450279 ], [ 2814976.01129999756813, 806547.47069999948144 ], [ 2814958.832099996507168, 806570.656700000166893 ], [ 2814932.048299998044968, 806585.111099999397993 ], [ 2814891.761200003325939, 806594.994100000709295 ], [ 2814852.142200000584126, 806600.907499998807907 ], [ 2814849.627499997615814, 806601.282699998468161 ], [ 2814849.627499997615814, 806601.290800001472235 ], [ 2814849.754199996590614, 806678.140700001269579 ], [ 2814871.827100001275539, 806692.541700001806021 ], [ 2814877.399700000882149, 806710.533900000154972 ], [ 2814877.396099999547005, 806710.534200001507998 ], [ 2814865.239500001072884, 806711.061500001698732 ], [ 2814865.228699997067451, 806711.061900001019239 ], [ 2814775.525100000202656, 806714.953499998897314 ], [ 2814707.204300001263618, 806730.787300001829863 ], [ 2814699.998099997639656, 806732.457299999892712 ], [ 2814684.198899999260902, 806693.733199998736382 ], [ 2814626.046499997377396, 806714.872800000011921 ], [ 2814616.480700001120567, 806685.392900001257658 ], [ 2814616.05969999730587, 806684.0962999984622 ], [ 2814599.064900003373623, 806628.664500001817942 ], [ 2814502.243699997663498, 806649.878899998962879 ], [ 2814497.381099998950958, 806651.053199999034405 ], [ 2814349.448100000619888, 806686.773499999195337 ], [ 2814298.54900000244379, 806700.582299999892712 ], [ 2814267.639700002968311, 806708.967700000852346 ], [ 2814254.316699996590614, 806651.951200000941753 ], [ 2814254.314900003373623, 806651.94370000064373 ], [ 2814573.838799998164177, 806584.9510000012815 ], [ 2814573.257700003683567, 806577.219300001859665 ], [ 2814573.21339999884367, 806576.636300001293421 ], [ 2814573.213100001215935, 806576.628299999982119 ], [ 2814428.37389999628067, 806560.435300000011921 ], [ 2814268.355899997055531, 806541.738400001078844 ], [ 2814268.154700003564358, 806541.714899998158216 ], [ 2814173.2195999994874, 806530.624099999666214 ], [ 2814168.595899999141693, 806530.08390000090003 ], [ 2814165.211000002920628, 806529.688400000333786 ], [ 2814071.741099998354912, 806518.766100000590086 ], [ 2814005.463100001215935, 806511.021899998188019 ], [ 2813983.571900002658367, 806508.464099999517202 ], [ 2813843.78660000115633, 806492.131599999964237 ], [ 2813835.841300003230572, 806491.203299999237061 ], [ 2813653.312700003385544, 806469.8766999989748 ], [ 2813571.786200001835823, 806460.519099999219179 ], [ 2813369.792300000786781, 806437.33669999986887 ], [ 2813276.679499998688698, 806426.648699998855591 ], [ 2812754.606299996376038, 806366.726300001144409 ], [ 2812722.55629999935627, 806363.0472999997437 ], [ 2812699.844400003552437, 806360.450699999928474 ], [ 2812642.622900001704693, 806353.907699998468161 ], [ 2812530.578100003302097, 806341.095499999821186 ], [ 2812309.345100000500679, 806315.797899998724461 ], [ 2812176.90990000218153, 806300.656100001186132 ], [ 2811933.732699997723103, 806272.864500001072884 ], [ 2811834.720299996435642, 806261.548500001430511 ], [ 2811424.600500002503395, 806214.630399998277426 ], [ 2811658.347000002861023, 806517.22690000012517 ], [ 2812649.398800000548363, 807790.776900000870228 ], [ 2812684.086300000548363, 807852.480200000107288 ], [ 2812694.802100002765656, 807882.244699999690056 ], [ 2812695.1824000030756, 807883.301300000399351 ], [ 2812696.593599997460842, 807887.221099998801947 ], [ 2812703.035899996757507, 807894.280900001525879 ], [ 2812704.182499997317791, 807895.537399999797344 ], [ 2812705.542999997735023, 807897.028299998492002 ], [ 2812747.822400003671646, 807943.360100001096725 ], [ 2812748.477799996733665, 807944.078299999237061 ], [ 2812771.1941, 807968.971999999135733 ], [ 2812771.200400002300739, 807968.978799998760223 ], [ 2812794.538099996745586, 807994.553399998694658 ], [ 2812795.098700001835823, 807995.167899999767542 ], [ 2812804.046800002455711, 808004.973499998450279 ], [ 2812805.089400000870228, 808006.138099998235703 ], [ 2812806.4243, 808007.629299998283386 ], [ 2812807.623800002038479, 808008.969200000166893 ], [ 2812825.888400003314018, 808029.371899999678135 ], [ 2812826.45830000191927, 808030.008499998599291 ], [ 2812900.853900000452995, 808113.112500000745058 ], [ 2812905.675800003111362, 808121.251800000667572 ], [ 2812913.540299996733665, 808134.526900000870228 ], [ 2812919.627300001680851, 808140.488299999386072 ], [ 2812926.64130000025034, 808147.758600000292063 ], [ 2812934.204899996519089, 808162.544900000095367 ], [ 2812935.094999998807907, 808165.462000001221895 ], [ 2812947.225000001490116, 808205.2179000005126 ], [ 2812969.032499998807907, 808259.084100000560284 ], [ 2812976.958499997854233, 808285.874099999666214 ], [ 2812979.537500001490116, 808303.213300000876188 ], [ 2812981.140500001609325, 808325.861099999397993 ], [ 2812989.742499999701977, 808342.240100000053644 ], [ 2813011.076499998569489, 808377.480500001460314 ], [ 2813021.860500000417233, 808403.064899999648333 ], [ 2813030.059299997985363, 808422.515900000929832 ], [ 2813035.372100003063679, 808435.120299998670816 ], [ 2813038.099500000476837, 808441.590700000524521 ], [ 2813042.168300002813339, 808451.243999999016523 ], [ 2813044.659100003540516, 808457.153299998492002 ], [ 2813057.310900002717972, 808497.940499998629093 ], [ 2813059.395000003278255, 808506.962000001221895 ], [ 2813059.847099997103214, 808508.917300000786781 ], [ 2813063.23309999704361, 808523.644099999219179 ], [ 2813067.098499998450279, 808536.701499998569489 ], [ 2813068.121899999678135, 808541.413100000470877 ], [ 2813068.728699997067451, 808544.207499999552965 ], [ 2813071.998499996960163, 808559.263300001621246 ], [ 2813074.514499999582767, 808573.017900001257658 ], [ 2813076.602300003170967, 808591.867300000041723 ], [ 2813077.94370000064373, 808599.371899999678135 ], [ 2813081.759900003671646, 808620.741700001060963 ], [ 2813196.6699, 808589.570099998265505 ], [ 2813224.321900002658367, 808582.068900000303984 ], [ 2813233.10809999704361, 808613.198699999600649 ], [ 2813208.272100001573563, 808626.840700000524521 ], [ 2813231.76070000231266, 808714.470300000160933 ], [ 2813238.775499999523163, 808735.730099998414516 ], [ 2813239.480899997055531, 808761.576799999922514 ], [ 2813248.454899996519089, 808779.105500001460314 ], [ 2813365.3169, 808730.625500001013279 ], [ 2813371.366099998354912, 808739.436099998652935 ], [ 2813369.786700002849102, 808747.435300000011921 ], [ 2813371.415299996733665, 808783.262499999254942 ], [ 2813376.247900001704693, 808804.755100000649691 ], [ 2813401.912299998104572, 808836.593499999493361 ], [ 2813422.393500000238419, 808836.748700000345707 ], [ 2813434.316500000655651, 808844.658300001174212 ], [ 2813439.544699996709824, 808852.553199999034405 ], [ 2813450.394100002944469, 808872.4189000017941 ], [ 2813472.088899999856949, 808910.985500000417233 ], [ 2813505.640699997544289, 808977.777699999511242 ], [ 2813508.681100003421307, 809001.964899998158216 ], [ 2813508.914300002157688, 809003.173900000751019 ], [ 2813513.95549999922514, 809029.315900001674891 ], [ 2813525.145900003612041, 809067.220400001853704 ], [ 2813534.133900001645088, 809099.5439000017941 ], [ 2813534.453100003302097, 809100.623700000345707 ], [ 2813534.749899998307228, 809101.629299998283386 ], [ 2813549.740299999713898, 809136.596500001847744 ], [ 2813564.068300001323223, 809170.077899999916553 ], [ 2813578.429700002074242, 809203.719099998474121 ], [ 2813596.674500003457069, 809245.851100001484156 ], [ 2813603.054399996995926, 809246.374899998307228 ], [ 2813620.609300002455711, 809256.574099998921156 ], [ 2813643.198899999260902, 809248.890900000929832 ], [ 2813661.328699998557568, 809253.042100001126528 ], [ 2813695.089100003242493, 809233.653299998492002 ], [ 2813720.968900002539158, 809286.96229999884963 ], [ 2813740.819899998605251, 809260.347699999809265 ], [ 2813742.7949, 809264.274500001221895 ], [ 2813749.3816, 809277.370700001716614 ], [ 2813763.174099996685982, 809304.7939000017941 ], [ 2813787.217699997127056, 809352.605399999767542 ], [ 2813725.754799999296665, 809413.535000000149012 ], [ 2813709.921700000762939, 809429.341499999165535 ], [ 2813670.844499997794628, 809472.966099999845028 ], [ 2813647.851499997079372, 809497.545299999415874 ], [ 2813622.501999996602535, 809524.691199999302626 ], [ 2813551.672499999403954, 809603.965599998831749 ], [ 2813490.471699997782707, 809664.686000000685453 ], [ 2813485.58219999819994, 809669.536400001496077 ], [ 2813396.1503000035882, 809756.957800000905991 ], [ 2813382.036899998784065, 809770.445199999958277 ], [ 2813360.280799999833107, 809785.231899999082088 ], [ 2813332.965499997138977, 809798.4189000017941 ], [ 2813329.314900003373623, 809789.364500001072884 ], [ 2813289.268899999558926, 809828.649900000542402 ], [ 2813275.033500000834465, 809854.137499999254942 ], [ 2813280.082099996507168, 809900.120299998670816 ], [ 2813271.561700001358986, 809912.645300000905991 ], [ 2813256.988300003111362, 809932.922899998724461 ], [ 2813235.452299997210503, 809961.874699998646975 ], [ 2813198.863300003111362, 810005.744100000709295 ], [ 2813182.540100000798702, 810022.539099998772144 ], [ 2813165.766699999570847, 810039.845899999141693 ], [ 2813164.236900001764297, 810041.122099999338388 ], [ 2813151.818099997937679, 810051.480700001120567 ], [ 2813146.684500001370907, 810055.188700001686811 ], [ 2813124.943300001323223, 810070.891499999910593 ], [ 2813100.914899997413158, 810085.603500001132488 ], [ 2813071.386900000274181, 810098.573499999940395 ], [ 2813050.823100000619888, 810107.2483000010252 ], [ 2813021.929499998688698, 810121.035500001162291 ], [ 2812995.132299996912479, 810131.636700000613928 ], [ 2812950.886500000953674, 810150.956500001251698 ], [ 2812876.79450000077486, 810187.467300001531839 ], [ 2812834.891099996864796, 810210.240499999374151 ], [ 2812821.283900000154972, 810223.934300001710653 ], [ 2812813.614900000393391, 810231.649900000542402 ], [ 2812788.677100002765656, 810247.006099998950958 ], [ 2812781.186700001358986, 810250.631099998950958 ], [ 2812775.297899998724461, 810253.480900000780821 ], [ 2812769.638700000941753, 810256.077300000935793 ], [ 2812763.696099996566772, 810258.084499999880791 ], [ 2812738.920900002121925, 810266.452100001275539 ], [ 2812734.33669999986887, 810268.000399999320507 ], [ 2812695.320500001311302, 810281.177700001746416 ], [ 2812693.862899996340275, 810281.641100000590086 ], [ 2812679.51129999756813, 810286.202100001275539 ], [ 2812663.75450000166893, 810291.631700001657009 ], [ 2812624.300899997353554, 810305.906700000166893 ], [ 2812547.184900000691414, 810335.770500000566244 ], [ 2812522.485699996352196, 810345.072299998253584 ], [ 2812513.608499996364117, 810348.414500001817942 ], [ 2812509.660899996757507, 810349.864700000733137 ], [ 2812509.618699997663498, 810349.880300000309944 ], [ 2812504.889499999582767, 810351.617499999701977 ], [ 2812480.588100001215935, 810360.03770000115037 ], [ 2812434.252099998295307, 810378.372699998319149 ], [ 2812425.855099998414516, 810364.774300001561642 ], [ 2812401.641099996864796, 810357.087400000542402 ], [ 2812373.593099996447563, 810351.577500000596046 ], [ 2812353.445500001311302, 810352.827300000935793 ], [ 2812328.847300000488758, 810354.80290000140667 ], [ 2812299.371299996972084, 810360.83669999986887 ], [ 2812292.764499999582767, 810362.158100001513958 ], [ 2812271.169699996709824, 810366.000500001013279 ], [ 2812248.899300001561642, 810370.657900001853704 ], [ 2812223.306500002741814, 810376.539500001817942 ], [ 2812196.212099999189377, 810383.17509999871254 ], [ 2812140.98929999768734, 810396.756099998950958 ], [ 2812102.482500001788139, 810405.727800000458956 ], [ 2811984.881700001657009, 810434.903099998831749 ], [ 2811980.601099997758865, 810435.913899999111891 ], [ 2811949.706200003623962, 810442.317699998617172 ], [ 2811900.214500002563, 810453.542899999767542 ], [ 2811872.600699998438358, 810461.572599999606609 ], [ 2811840.30009999871254, 810469.176300000399351 ], [ 2811792.475500002503395, 810481.478900000452995 ], [ 2811772.368100002408028, 810452.183899998664856 ], [ 2811727.412100002169609, 810431.946899998933077 ], [ 2811686.862300001084805, 810430.217300001531839 ], [ 2811659.225900001823902, 810449.263700000941753 ], [ 2811650.94030000269413, 810437.889899998903275 ], [ 2811577.174099996685982, 810478.903099998831749 ], [ 2811429.569899998605251, 810492.666900001466274 ], [ 2811401.531300000846386, 810504.209100000560284 ], [ 2811374.604099996387959, 810515.922100000083447 ], [ 2811325.532499998807907, 810553.068900000303984 ], [ 2811309.39750000089407, 810575.131099998950958 ], [ 2811305.208700001239777, 810586.862500000745058 ], [ 2811296.0050999969244, 810687.973700001835823 ], [ 2811262.4341000020504, 810739.046100001782179 ], [ 2811238.701700001955032, 810771.155900001525879 ], [ 2811066.4529, 810961.890099998563528 ], [ 2811028.694799996912479, 811008.004700001329184 ], [ 2810952.730599999427795, 811071.238800000399351 ], [ 2810913.615299999713898, 811116.432700000703335 ], [ 2810885.856499999761581, 811148.505199998617172 ], [ 2810854.961999997496605, 811184.200899999588728 ], [ 2810778.168300002813339, 811298.419799998402596 ], [ 2810743.794299997389317, 811349.546000000089407 ], [ 2810714.416000001132488, 811390.143399998545647 ], [ 2810659.114399999380112, 811426.567999999970198 ], [ 2810567.781300000846386, 811505.165500000119209 ], [ 2810549.570500001311302, 811510.965300001204014 ], [ 2810542.505699999630451, 811513.128800000995398 ], [ 2810456.741499997675419, 811539.384700000286102 ], [ 2810433.69709999859333, 811549.490100000053644 ], [ 2810334.182499997317791, 811604.644999999552965 ], [ 2810259.922399997711182, 811647.991300001740456 ], [ 2810238.104500003159046, 811669.311000000685453 ], [ 2810129.976700000464916, 811725.2179000005126 ], [ 2809745.0996999964118, 811836.930500000715256 ], [ 2809510.519900001585484, 811913.199000000953674 ], [ 2809408.5493, 811953.017400000244379 ], [ 2809166.0929000005126, 812116.442200001329184 ], [ 2809166.053000003099442, 812116.463899999856949 ], [ 2808974.764700002968311, 812220.550999999046326 ], [ 2808816.260899998247623, 812283.96000000089407 ], [ 2808749.863300003111362, 812313.667300000786781 ], [ 2808719.254799999296665, 812319.621700000017881 ], [ 2808680.340999998152256, 812322.361299999058247 ], [ 2808584.660800002515316, 812320.127300001680851 ], [ 2808512.214599996805191, 812323.495200000703335 ], [ 2808424.159999996423721, 812335.879999998956919 ], [ 2808321.330300003290176, 812364.769900001585484 ], [ 2808205.487000003457069, 812403.83559999987483 ], [ 2807709.2993, 812582.240800000727177 ], [ 2807680.210900001227856, 812595.011199999600649 ], [ 2807290.804200001060963, 812843.810699999332428 ], [ 2807220.874799996614456, 812899.420899998396635 ], [ 2807235.811300002038479, 812918.238499999046326 ], [ 2807254.066699996590614, 812941.234700001776218 ], [ 2807262.373499996960163, 812951.700800001621246 ], [ 2807270.914099998772144, 812962.576799999922514 ], [ 2807289.199000000953674, 812985.867400001734495 ], [ 2807307.51860000193119, 813009.198499999940395 ], [ 2807310.572300001978874, 813012.655099999159575 ], [ 2807326.463699996471405, 813030.753600001335144 ], [ 2807342.782399997115135, 813049.337799999862909 ], [ 2807363.609300002455711, 813073.049199998378754 ], [ 2807383.6162, 813095.58559999987483 ], [ 2807401.4934, 813115.722199998795986 ], [ 2807416.265299998223782, 813132.361400000751019 ], [ 2807420.110600002110004, 813136.534299999475479 ], [ 2807451.852099999785423, 813170.981699999421835 ], [ 2807487.224200002849102, 813209.372400000691414 ], [ 2807504.873800002038479, 813228.528400000184774 ], [ 2807521.64750000089407, 813246.731199998408556 ], [ 2807528.541000001132488, 813254.212699998170137 ], [ 2807549.531000003218651, 813277.14809999987483 ], [ 2807555.803999997675419, 813284.001899998635054 ], [ 2807573.841600000858307, 813303.710200000554323 ], [ 2807590.877999998629093, 813322.337000001221895 ], [ 2807625.770599998533726, 813360.967700000852346 ], [ 2807632.578900001943111, 813368.504900000989437 ], [ 2807654.907700002193451, 813393.222300000488758 ], [ 2807689.435099996626377, 813431.44819999858737 ], [ 2807701.857299998402596, 813445.198499999940395 ], [ 2807712.936899997293949, 813457.54450000077486 ], [ 2807756.790100000798702, 813506.397900000214577 ], [ 2807777.235500000417233, 813529.325699999928474 ], [ 2807787.915700003504753, 813541.302499998360872 ], [ 2807792.692299999296665, 813546.727899998426437 ], [ 2807825.354000002145767, 813583.820500001311302 ], [ 2807850.347499996423721, 813612.207800000905991 ], [ 2807882.812200002372265, 813651.786299999803305 ], [ 2807924.763800002634525, 813703.13399999961257 ], [ 2807962.863600000739098, 813749.761100001633167 ], [ 2807966.924900002777576, 813754.731300000101328 ], [ 2807970.4408999979496, 813762.139600001275539 ], [ 2807972.176100000739098, 813765.795299999415874 ], [ 2807972.704099997878075, 813810.685300000011921 ], [ 2807973.337300002574921, 813864.409499999135733 ], [ 2807976.238799996674061, 813923.676600001752377 ], [ 2807959.48759999871254, 813937.391399998217821 ], [ 2807931.939000003039837, 813959.503899998962879 ], [ 2807915.344700001180172, 814003.020599998533726 ], [ 2807891.064499996602535, 814094.457499999552965 ], [ 2807889.780199997127056, 814098.960400000214577 ], [ 2807883.81870000064373, 814121.653200000524521 ], [ 2807878.104500003159046, 814143.379399999976158 ], [ 2807871.630800001323223, 814167.997299998998642 ], [ 2807862.11599999666214, 814210.877199999988079 ], [ 2807860.27250000089407, 814224.101300001144409 ], [ 2807858.77250000089407, 814241.39130000025034 ], [ 2807855.786799997091293, 814275.832299999892712 ], [ 2807838.314900003373623, 814308.839400000870228 ], [ 2807820.5304000005126, 814332.748599998652935 ], [ 2807773.968900002539158, 814395.341600000858307 ], [ 2807752.002999998629093, 814424.870299998670816 ], [ 2807714.296400003135204, 814513.267400000244379 ], [ 2807665.976899996399879, 814626.19539999961853 ], [ 2807661.8037, 814636.323300000280142 ], [ 2807643.4375, 814689.14130000025034 ], [ 2807622.225400000810623, 814750.144600000232458 ], [ 2807649.267700001597404, 814847.569400001317263 ], [ 2807650.284800000488758, 814850.835299998521805 ], [ 2807664.237099997699261, 814896.760299999266863 ], [ 2807681.394599996507168, 814954.178800001740456 ], [ 2807695.2179000005126, 814998.50899999961257 ], [ 2807715.037500001490116, 815062.190400000661612 ], [ 2807726.2871999964118, 815098.218899998813868 ], [ 2807753.985600002110004, 815187.914799999445677 ], [ 2807754.94990000128746, 815191.037300001829863 ], [ 2807757.468500003218651, 815199.193199999630451 ], [ 2807835.115800000727177, 815173.820599999278784 ], [ 2808022.778899997472763, 815113.343499999493361 ], [ 2808064.969899997115135, 815095.656700000166893 ], [ 2808130.004600003361702, 815069.436299998313189 ], [ 2808279.828599996864796, 815272.900100000202656 ], [ 2808430.013300001621246, 815474.82880000025034 ], [ 2808504.234099999070168, 815575.098900001496077 ], [ 2808514.937899999320507, 815589.55970000103116 ], [ 2808548.279100000858307, 815634.393800001591444 ], [ 2808577.94030000269413, 815673.839400000870228 ], [ 2808591.315099999308586, 815692.120200000703335 ], [ 2808607.654899999499321, 815714.454300001263618 ], [ 2808613.086499996483326, 815721.57490000128746 ], [ 2808637.170800000429153, 815753.149500001221895 ], [ 2808662.005500003695488, 815787.274700000882149 ], [ 2808683.278800003230572, 815813.870600000023842 ], [ 2808707.759199999272823, 815844.670699998736382 ], [ 2808710.087499998509884, 815847.674300000071526 ], [ 2808729.475199997425079, 815872.669199999421835 ], [ 2808730.995700001716614, 815874.630499999970198 ], [ 2808751.195699997246265, 815901.361099999397993 ], [ 2808912.881499998271465, 815783.304099999368191 ], [ 2808932.498499996960163, 815810.936500001698732 ], [ 2808934.60869999974966, 815813.908900000154972 ], [ 2809048.612199999392033, 815966.784000001847744 ], [ 2809053.260499998927116, 815973.017299998551607 ], [ 2809075.480999998748302, 815999.937899999320507 ], [ 2809100.038699999451637, 816029.690099999308586 ], [ 2809112.273699998855591, 816022.049499999731779 ], [ 2809112.781300000846386, 816021.732099998742342 ], [ 2809186.587499998509884, 815972.078299999237061 ], [ 2809210.907300002872944, 815955.717000000178814 ], [ 2809266.133299998939037, 815914.618299998342991 ], [ 2809266.803199999034405, 815915.53319999948144 ], [ 2809312.039599999785423, 815977.241500001400709 ], [ 2809341.503700003027916, 816017.434500001370907 ], [ 2809386.73870000243187, 816081.992600001394749 ], [ 2809404.355999998748302, 816107.135400000959635 ], [ 2809446.293700002133846, 816166.98759999871254 ], [ 2809488.126900002360344, 816226.690499998629093 ], [ 2809495.0801, 816249.737500000745058 ], [ 2809527.65820000320673, 816211.553300000727177 ], [ 2809546.774899996817112, 816191.050400000065565 ], [ 2809568.323899999260902, 816173.423300001770258 ], [ 2809581.603699997067451, 816158.327399998903275 ], [ 2809593.045500002801418, 816142.998399998992682 ], [ 2809598.760899998247623, 816135.343100000172853 ], [ 2809602.801100000739098, 816130.542700000107288 ], [ 2809622.689900003373623, 816106.911200001835823 ], [ 2809639.778899997472763, 816087.142900001257658 ], [ 2809676.0287000015378, 816030.965700000524521 ], [ 2809686.31530000269413, 816021.896299999207258 ], [ 2809686.504299998283386, 816022.143100000917912 ], [ 2809702.819499999284744, 816043.636700000613928 ], [ 2809711.779899999499321, 816037.134700000286102 ], [ 2809816.035099998116493, 815961.688099998980761 ], [ 2809827.020499996840954, 815976.296900000423193 ], [ 2809851.031499996781349, 816008.22749999910593 ], [ 2809875.651699997484684, 816040.966699998825788 ], [ 2809898.260899998247623, 816071.032299999147654 ], [ 2809900.79110000282526, 816074.39469999819994 ], [ 2809915.063699997961521, 816093.376299999654293 ], [ 2809918.640699997544289, 816098.131700001657009 ], [ 2809927.081299997866154, 816109.355700001120567 ], [ 2809940.289499998092651, 816126.919900000095367 ], [ 2809956.985100001096725, 816149.122600000351667 ], [ 2809961.746500000357628, 816155.453499998897314 ], [ 2809982.018100000917912, 816182.409299999475479 ], [ 2809985.362300001084805, 816186.857299998402596 ], [ 2810003.060900002717972, 816209.408700000494719 ], [ 2810010.595499999821186, 816201.030299998819828 ], [ 2810109.714699998497963, 816293.422499999403954 ], [ 2810140.887900002300739, 816322.481499999761581 ], [ 2810177.112000003457069, 816291.424899999052286 ], [ 2810182.522200003266335, 816286.786499999463558 ], [ 2810201.960500001907349, 816270.120900001376867 ], [ 2810214.257299996912479, 816259.578099999576807 ], [ 2810232.367399998009205, 816244.050400000065565 ], [ 2810239.810500003397465, 816250.871800001710653 ], [ 2810253.375399999320507, 816268.6081000007689 ], [ 2810255.83110000193119, 816271.818799998611212 ], [ 2810259.698399998247623, 816276.875999998301268 ], [ 2810262.005699999630451, 816280.781399998813868 ], [ 2810267.35249999910593, 816289.826400000602007 ], [ 2810269.005000002682209, 816292.622699998319149 ], [ 2810276.111599996685982, 816304.647900000214577 ], [ 2810280.829800002276897, 816312.632500000298023 ], [ 2810288.468199998140335, 816325.559000000357628 ], [ 2810294.332800000905991, 816333.785999998450279 ], [ 2810306.923299998044968, 816351.448600001633167 ], [ 2810313.11540000140667, 816355.980799999088049 ], [ 2810319.307499997317791, 816360.513099998235703 ], [ 2810716.730899997055531, 816487.755199998617172 ], [ 2811647.657899998128414, 816786.3766999989748 ], [ 2811649.234399996697903, 816786.881900001317263 ], [ 2812400.602399997413158, 817055.210099998861551 ], [ 2813367.24549999833107, 817400.245200000703335 ], [ 2813564.715700000524521, 817470.732099998742342 ], [ 2814209.416900001466274, 817700.908500000834465 ], [ 2814209.478100001811981, 817700.906800001859665 ], [ 2814564.195100001990795, 817691.069899998605251 ], [ 2815091.838699996471405, 817676.440200001001358 ], [ 2815463.846900001168251, 817666.128299999982119 ], [ 2815763.631999999284744, 817657.815600000321865 ], [ 2816355.354800000786781, 817641.471099998801947 ], [ 2816462.78830000013113, 817638.443500000983477 ], [ 2816495.122299998998642, 817600.198899999260902 ], [ 2816441.960500001907349, 817536.675700001418591 ], [ 2816421.0176, 817511.65089999884367 ], [ 2816388.798600003123283, 817473.152300000190735 ], [ 2816425.8158999979496, 817422.417899999767542 ], [ 2816433.241999998688698, 817417.79450000077486 ], [ 2816484.479299999773502, 817405.967599999159575 ], [ 2816523.258900001645088, 817399.280799999833107 ], [ 2816566.454499997198582, 817396.722699999809265 ], [ 2816579.319600000977516, 817395.96059999987483 ] ] ] ] } },
{ "type": "Feature", "properties": { "CVEGEO": "09012", "CVE_ENT": "09", "CVE_MUN": "012", "NOMGEO": "Tlalpan", "ENTIDAD FEDERATIVA": "Ciudad de México", "CLAVE DEL MUNICIPIO": 9012, "POBLACIÓN 2020": 690788, "POBLACIÓN EN SITUACIÓN DE POBREZA 2020": 274221, "POBLACIÓN EN SITUACIÓN DE POBREZA EXTREMA 2020": 48938, "GRADO DE REZAGO": "Muy bajo", "autoad.indig": 65441.457839039991, "% autoad.indig": 9.616164, "OCURRENCIAS_DONANTE": 3, "MONTOASIGNADO_TOTAL": 601594 }, "geometry": { "type": "MultiPolygon", "coordinates": [ [ [ [ 2793795.252700001001358, 814557.60700000077486 ], [ 2793840.056999996304512, 814544.482799999415874 ], [ 2793875.074000000953674, 814536.422800000756979 ], [ 2793926.26969999819994, 814527.423099998384714 ], [ 2793929.78660000115633, 814526.804900001734495 ], [ 2793933.745899997651577, 814526.343899998813868 ], [ 2793946.417700000107288, 814524.868500001728535 ], [ 2793951.576200000941753, 814524.26799999922514 ], [ 2793962.715199999511242, 814522.971099998801947 ], [ 2793968.044699996709824, 814522.350600000470877 ], [ 2793969.760799996554852, 814522.154699999839067 ], [ 2793969.899999998509884, 814522.144999999552965 ], [ 2793972.085199996829033, 814521.991900000721216 ], [ 2793992.619599997997284, 814520.553599998354912 ], [ 2794031.166400000452995, 814518.923900000751019 ], [ 2794077.985799998044968, 814519.892900001257658 ], [ 2794137.628100000321865, 814524.936599999666214 ], [ 2794191.672200001776218, 814532.292300000786781 ], [ 2794332.796599999070168, 814551.496899999678135 ], [ 2794544.046700000762939, 814580.302600000053644 ], [ 2794677.957999996840954, 814598.924100000411272 ], [ 2794699.222999997437, 814601.962200000882149 ], [ 2794890.844400003552437, 814627.030299998819828 ], [ 2794918.60419999808073, 814630.464499998837709 ], [ 2794941.688299998641014, 814633.539799999445677 ], [ 2795106.037299998104572, 814656.749400001019239 ], [ 2795162.578900001943111, 814664.416000001132488 ], [ 2795208.553800001740456, 814670.571299999952316 ], [ 2795248.748700000345707, 814676.341499999165535 ], [ 2795298.354699999094009, 814683.628400001674891 ], [ 2795394.470499999821186, 814694.971799999475479 ], [ 2795412.1266999989748, 814696.376600001007318 ], [ 2795474.961199998855591, 814701.576699998229742 ], [ 2795505.704999998211861, 814703.798700001090765 ], [ 2795556.374499998986721, 814706.146499998867512 ], [ 2795606.338500000536442, 814707.427299998700619 ], [ 2795618.817699998617172, 814707.683800000697374 ], [ 2795695.569799996912479, 814706.414599999785423 ], [ 2795817.230499997735023, 814700.116999998688698 ], [ 2795824.8141999989748, 814699.724399998784065 ], [ 2795844.90429999679327, 814698.362399999052286 ], [ 2795844.937100000679493, 814698.35869999974966 ], [ 2795846.694700002670288, 814698.161100000143051 ], [ 2795879.954199999570847, 814694.325399998575449 ], [ 2795882.586800001561642, 814693.915300000458956 ], [ 2795906.202399998903275, 814690.236900001764297 ], [ 2795975.668700002133846, 814682.381000000983477 ], [ 2796038.766800001263618, 814674.089699998497963 ], [ 2796104.94709999859333, 814666.488800000399351 ], [ 2796168.706600002944469, 814658.212200000882149 ], [ 2796235.438699997961521, 814650.327899999916553 ], [ 2796293.034199997782707, 814642.590599998831749 ], [ 2796360.441799998283386, 814634.059900000691414 ], [ 2796417.943199999630451, 814626.846700001507998 ], [ 2796419.798600003123283, 814626.640399999916553 ], [ 2796437.535899996757507, 814624.672400001436472 ], [ 2796437.557599999010563, 814624.670000001788139 ], [ 2796437.564000003039837, 814624.669300001114607 ], [ 2796437.583200000226498, 814624.667199999094009 ], [ 2796438.876999996602535, 814624.523499999195337 ], [ 2796439.39130000025034, 814624.466299999505281 ], [ 2796439.409500002861023, 814624.464400000870228 ], [ 2796439.415500000119209, 814624.463599998503923 ], [ 2796439.4397, 814624.460799999535084 ], [ 2796494.759800001978874, 814617.928100001066923 ], [ 2796557.085600003600121, 814610.235599998384714 ], [ 2796557.508400000631809, 814610.183400001376867 ], [ 2796558.721900001168251, 814610.033599998801947 ], [ 2796573.961199998855591, 814607.731100000441074 ], [ 2796573.987199999392033, 814607.727099999785423 ], [ 2796575.726499997079372, 814607.538199998438358 ], [ 2796609.753799997270107, 814603.912500001490116 ], [ 2796611.312799997627735, 814603.746700000017881 ], [ 2796611.609200000762939, 814603.706199999898672 ], [ 2796613.263700000941753, 814603.482900001108646 ], [ 2796615.637500002980232, 814603.162399999797344 ], [ 2796616.534999996423721, 814603.041499998420477 ], [ 2796628.232500001788139, 814601.462799999862909 ], [ 2796686.446000002324581, 814594.198499999940395 ], [ 2796697.807700000703335, 814592.756700001657009 ], [ 2796753.563400000333786, 814585.734499998390675 ], [ 2796787.923600003123283, 814581.663100000470877 ], [ 2796811.698700003325939, 814578.9847999997437 ], [ 2796849.670400001108646, 814574.537599999457598 ], [ 2796850.56139999628067, 814574.434900000691414 ], [ 2796851.527900002896786, 814574.331399999558926 ], [ 2796879.750699996948242, 814571.352400001138449 ], [ 2796881.077500000596046, 814571.211899999529123 ], [ 2796881.608199998736382, 814571.146200001239777 ], [ 2796947.121699996292591, 814562.961599998176098 ], [ 2796961.632100000977516, 814561.332699999213219 ], [ 2797015.759900003671646, 814554.639199998229742 ], [ 2797023.129699997603893, 814553.730399999767542 ], [ 2797061.018100000917912, 814549.046999998390675 ], [ 2797070.029899999499321, 814547.910100001841784 ], [ 2797130.250699996948242, 814540.309599999338388 ], [ 2797195.820699997246265, 814532.04109999909997 ], [ 2797248.381099998950958, 814525.471000000834465 ], [ 2797298.294299997389317, 814519.234000001102686 ], [ 2797311.123499996960163, 814517.649399999529123 ], [ 2797345.323399998247623, 814513.427000001072884 ], [ 2797360.16669999808073, 814511.140399999916553 ], [ 2797376.300200000405312, 814508.655099999159575 ], [ 2797407.542000003159046, 814504.161200001835823 ], [ 2797435.272600002586842, 814498.681499999016523 ], [ 2797477.723999999463558, 814488.263000000268221 ], [ 2797482.53830000013113, 814486.970400001853704 ], [ 2797509.421800002455711, 814478.743599999696016 ], [ 2797564.600400000810623, 814457.654100000858307 ], [ 2797620.631800003349781, 814429.832299999892712 ], [ 2797649.362000003457069, 814413.799699999392033 ], [ 2797676.7654, 814395.265399999916553 ], [ 2797710.780599996447563, 814369.80350000038743 ], [ 2797747.976499997079372, 814341.960099998861551 ], [ 2797766.64299999922514, 814324.97859999909997 ], [ 2797790.255199998617172, 814301.194299999624491 ], [ 2797815.1118, 814275.451799999922514 ], [ 2797869.931100003421307, 814205.326499998569489 ], [ 2797916.053300000727177, 814140.41160000115633 ], [ 2797931.82320000231266, 814119.434399999678135 ], [ 2797988.907600000500679, 814045.203899998217821 ], [ 2797997.909199997782707, 814033.498700000345707 ], [ 2798003.454499997198582, 814026.278299998492002 ], [ 2798003.915100000798702, 814025.677999999374151 ], [ 2798005.312100000679493, 814026.071100000292063 ], [ 2798029.019400000572205, 814032.740899998694658 ], [ 2798077.875299997627735, 814044.501499999314547 ], [ 2798149.875799998641014, 814062.166900001466274 ], [ 2798155.111100003123283, 814063.390399999916553 ], [ 2798217.814900003373623, 814078.085999999195337 ], [ 2798299.2128000035882, 814097.430300001055002 ], [ 2798475.814300000667572, 814144.427000001072884 ], [ 2798496.684199996292591, 814150.948399998247623 ], [ 2798512.599799998104572, 814156.775199998170137 ], [ 2798529.889499999582767, 814165.253800000995398 ], [ 2798537.441399998962879, 814171.763599999248981 ], [ 2798554.850599996745586, 814186.627599999308586 ], [ 2798583.598700001835823, 814207.925400000065565 ], [ 2798621.6963, 814235.790800001472235 ], [ 2798631.961300000548363, 814243.883699998259544 ], [ 2798687.500200003385544, 814287.667399998754263 ], [ 2798737.461400002241135, 814329.092399999499321 ], [ 2798822.331799998879433, 814401.41160000115633 ], [ 2798868.9846, 814442.119100000709295 ], [ 2798884.249399997293949, 814455.438799999654293 ], [ 2798918.162699997425079, 814484.638300001621246 ], [ 2798940.21000000089407, 814507.090799998492002 ], [ 2798962.464000001549721, 814534.212699998170137 ], [ 2798963.141699999570847, 814535.038499999791384 ], [ 2798963.958499997854233, 814536.035300001502037 ], [ 2798964.99719999730587, 814534.832600001245737 ], [ 2798993.999099999666214, 814501.311900001019239 ], [ 2798994.227600000798702, 814501.047100000083447 ], [ 2798995.854500003159046, 814501.104800000786781 ], [ 2799005.204300001263618, 814501.4364 ], [ 2799014.923699997365475, 814501.781199999153614 ], [ 2799048.87049999833107, 814498.145100001245737 ], [ 2799050.684900000691414, 814497.94709999859333 ], [ 2799102.085500001907349, 814488.083299998193979 ], [ 2799105.670100003480911, 814487.377700001001358 ], [ 2799122.739500001072884, 814484.017599999904633 ], [ 2799150.024499997496605, 814478.646499998867512 ], [ 2799192.276799999177456, 814467.13910000026226 ], [ 2799212.163099996745586, 814459.523400001227856 ], [ 2799250.0713, 814444.902199998497963 ], [ 2799257.960799999535084, 814441.859499998390675 ], [ 2799269.819399997591972, 814437.442800000309944 ], [ 2799313.64469999819994, 814420.495000001043081 ], [ 2799350.196800000965595, 814406.604400001466274 ], [ 2799388.0625, 814392.18129999935627 ], [ 2799468.490500003099442, 814361.193199999630451 ], [ 2799470.0033999979496, 814360.609499998390675 ], [ 2799470.346000000834465, 814360.987300001084805 ], [ 2799495.778599999845028, 814388.918400000780821 ], [ 2799525.56530000269413, 814422.350900001823902 ], [ 2799557.068499997258186, 814457.705699998885393 ], [ 2799609.461900003254414, 814519.750799998641014 ], [ 2799642.979299999773502, 814559.744600001722574 ], [ 2799647.090800002217293, 814564.635099999606609 ], [ 2799669.143299996852875, 814590.869300000369549 ], [ 2799685.384400002658367, 814610.188499998301268 ], [ 2799721.465000003576279, 814656.835200000554323 ], [ 2799721.594300001859665, 814656.989199999719858 ], [ 2799724.87389999628067, 814660.894600000232458 ], [ 2799770.730099998414516, 814717.661200001835823 ], [ 2799773.399800002574921, 814720.783900000154972 ], [ 2799802.164700001478195, 814754.45160000026226 ], [ 2799803.195100001990795, 814755.714299999177456 ], [ 2799804.649400003254414, 814757.493400000035763 ], [ 2799837.299699999392033, 814797.437100000679493 ], [ 2799845.647200003266335, 814807.423700001090765 ], [ 2799860.863499999046326, 814826.032299999147654 ], [ 2799871.023900002241135, 814838.457899998873472 ], [ 2799876.689000003039837, 814845.597600001841784 ], [ 2799896.648900002241135, 814870.168400000780821 ], [ 2799915.693599998950958, 814890.80350000038743 ], [ 2799927.390500001609325, 814904.145100001245737 ], [ 2799953.134800001978874, 814934.652300000190735 ], [ 2799971.424199998378754, 814957.403400000184774 ], [ 2800033.100299999117851, 815034.129900000989437 ], [ 2800106.513400003314018, 815114.480599999427795 ], [ 2800136.438199996948242, 815149.520100001245737 ], [ 2800190.979599997401237, 815215.308600001037121 ], [ 2800277.473300002515316, 815335.482900001108646 ], [ 2800277.810000002384186, 815335.947900000959635 ], [ 2800279.330799996852875, 815335.277199998497963 ], [ 2800336.749300003051758, 815309.96000000089407 ], [ 2800481.519599996507168, 815246.051500000059605 ], [ 2800513.265900000929832, 815233.71510000154376 ], [ 2800576.658100001513958, 815206.676300000399351 ], [ 2800618.143500000238419, 815188.9814000017941 ], [ 2800675.350900001823902, 815164.371199999004602 ], [ 2800729.270300000905991, 815141.21680000051856 ], [ 2800775.680399999022484, 815121.28770000115037 ], [ 2800780.407999999821186, 815119.252500001341105 ], [ 2800833.138700000941753, 815096.535100001841784 ], [ 2800888.485699996352196, 815072.471400000154972 ], [ 2800957.326800003647804, 815043.051500000059605 ], [ 2801008.523299999535084, 815021.170699998736382 ], [ 2801029.283100001513958, 815012.299699999392033 ], [ 2801061.001000002026558, 814999.026500001549721 ], [ 2801085.866300001740456, 814988.622499998658895 ], [ 2801111.736100003123283, 814977.797100000083447 ], [ 2801191.519000001251698, 814943.471000000834465 ], [ 2801306.795699998736382, 814894.769200000911951 ], [ 2801324.470799997448921, 814887.30180000141263 ], [ 2801342.3783999979496, 814881.001899998635054 ], [ 2801347.241800002753735, 814879.156100001186132 ], [ 2801397.657300002872944, 814858.408399999141693 ], [ 2801520.180500000715256, 814807.986000001430511 ], [ 2801576.825900003314018, 814787.139400001615286 ], [ 2801620.211300000548363, 814771.30799999833107 ], [ 2801734.959299996495247, 814736.020300000905991 ], [ 2801849.881800003349781, 814701.103500001132488 ], [ 2802067.318800002336502, 814641.890000000596046 ], [ 2802106.455700002610683, 814631.25560000166297 ], [ 2802170.487199999392033, 814614.939699999988079 ], [ 2802238.105099998414516, 814599.041900001466274 ], [ 2802289.54559999704361, 814586.886500000953674 ], [ 2802301.572599999606609, 814584.043499998748302 ], [ 2802435.22919999808073, 814553.29839999973774 ], [ 2802502.858000002801418, 814539.599199999123812 ], [ 2802575.277000002563, 814525.678700000047684 ], [ 2802629.017300002276897, 814513.300200000405312 ], [ 2802681.235299997031689, 814500.729100000113249 ], [ 2802736.761900000274181, 814487.116099998354912 ], [ 2802855.958200000226498, 814459.560400001704693 ], [ 2802895.104800000786781, 814450.480500001460314 ], [ 2802948.363399997353554, 814437.636399999260902 ], [ 2802970.218400001525879, 814432.269200000911951 ], [ 2802970.937899999320507, 814432.091600000858307 ], [ 2802972.07599999755621, 814432.061599999666214 ], [ 2803012.858800001442432, 814431.00560000166297 ], [ 2803052.301100000739098, 814434.61089999973774 ], [ 2803074.792099997401237, 814436.854299999773502 ], [ 2803162.135099999606609, 814444.14979999884963 ], [ 2803175.534500002861023, 814444.795499999076128 ], [ 2803194.05629999935627, 814446.467599999159575 ], [ 2803246.521499998867512, 814450.311799999326468 ], [ 2803265.974200002849102, 814451.779800001531839 ], [ 2803297.942400000989437, 814454.317299999296665 ], [ 2803352.064999997615814, 814458.835799999535084 ], [ 2803367.496100001037121, 814459.892599999904633 ], [ 2803409.663800001144409, 814462.939899999648333 ], [ 2803416.677699998021126, 814463.484499998390675 ], [ 2803438.008000001311302, 814465.075699999928474 ], [ 2803463.476300001144409, 814466.975499998778105 ], [ 2803512.318400003015995, 814470.605099998414516 ], [ 2803540.507799997925758, 814472.909000001847744 ], [ 2803628.489100001752377, 814479.636399999260902 ], [ 2803712.757200002670288, 814486.079900000244379 ], [ 2803795.654600001871586, 814491.933299999684095 ], [ 2803827.389300003647804, 814493.672400001436472 ], [ 2803835.65429999679327, 814493.987399999052286 ], [ 2803837.417900003492832, 814493.989100001752377 ], [ 2803837.523199997842312, 814493.989100001752377 ], [ 2803837.517399996519089, 814493.895399998873472 ], [ 2803814.354500003159046, 814118.920699998736382 ], [ 2803811.512699998915195, 814080.282499998807907 ], [ 2803808.190800003707409, 814035.115100000053644 ], [ 2803802.743699997663498, 813961.053800001740456 ], [ 2803717.684900000691414, 813918.156500000506639 ], [ 2803659.468199998140335, 813888.796300001442432 ], [ 2803644.091700002551079, 813881.164099998772144 ], [ 2803554.210299998521805, 813835.680900000035763 ], [ 2803532.866599999368191, 813824.502199999988079 ], [ 2803482.923600003123283, 813798.343499999493361 ], [ 2803464.821800000965595, 813788.861099999397993 ], [ 2803423.122299998998642, 813767.567299999296665 ], [ 2803354.28490000218153, 813739.949999999254942 ], [ 2803349.251500003039837, 813737.77479999884963 ], [ 2803302.974600002169609, 813718.863299999386072 ], [ 2803099.427599996328354, 813624.5641999989748 ], [ 2802979.289499998092651, 813567.532200001180172 ], [ 2802875.551299996674061, 813519.414099998772144 ], [ 2802868.400499999523163, 813516.170699998736382 ], [ 2802739.2195999994874, 813454.592599999159575 ], [ 2802610.952799998223782, 813394.426300000399351 ], [ 2802435.178000003099442, 813311.140500001609325 ], [ 2802396.361400000751019, 813292.747299998998642 ], [ 2802312.581399999558926, 813253.130199998617172 ], [ 2802082.163400001823902, 813144.40089999884367 ], [ 2801696.460799999535084, 812961.507800001651049 ], [ 2801636.638999998569489, 812933.246800001710653 ], [ 2801461.314400002360344, 812850.515700001269579 ], [ 2801416.825400002300739, 812834.376299999654293 ], [ 2801355.661499999463558, 812812.187600001692772 ], [ 2801347.972300000488758, 812809.777699999511242 ], [ 2801326.976400002837181, 812803.486000001430511 ], [ 2801301.776500001549721, 812795.872299998998642 ], [ 2801271.026900000870228, 812785.917100001126528 ], [ 2801078.590000003576279, 812724.959100000560284 ], [ 2801005.117399998009205, 812701.881599999964237 ], [ 2800917.13400000333786, 812673.827899999916553 ], [ 2800876.7483000010252, 812661.008499998599291 ], [ 2800788.090999998152256, 812632.8614999987185 ], [ 2800740.262299999594688, 812617.673099998384714 ], [ 2800679.382600001990795, 812598.3293999992311 ], [ 2800624.663500003516674, 812581.168200001120567 ], [ 2800619.147900000214577, 812579.438400000333786 ], [ 2800568.108000002801418, 812563.429900001734495 ], [ 2800408.799500003457069, 812512.753499999642372 ], [ 2800294.707900002598763, 812484.0304000005126 ], [ 2800208.867899999022484, 812468.381400000303984 ], [ 2800152.017499998211861, 812460.736000001430511 ], [ 2800097.624700002372265, 812455.080899998545647 ], [ 2800048.780299998819828, 812451.424899999052286 ], [ 2800004.081799998879433, 812450.072299998253584 ], [ 2799934.042599998414516, 812451.091600000858307 ], [ 2799897.228500001132488, 812451.9989 ], [ 2799859.111199997365475, 812453.692899998277426 ], [ 2799814.589500002563, 812458.402899999171495 ], [ 2799757.660400003194809, 812464.889400001615286 ], [ 2799687.645599998533726, 812476.051899999380112 ], [ 2799671.086099997162819, 812478.998799998313189 ], [ 2799669.097199998795986, 812452.914500001817942 ], [ 2799659.386200003325939, 812331.008299998939037 ], [ 2799659.734499998390675, 812318.166200000792742 ], [ 2799645.933499999344349, 812206.974700000137091 ], [ 2799636.147200003266335, 812105.814899999648333 ], [ 2799637.202299997210503, 812096.122699998319149 ], [ 2799639.711199998855591, 812073.092500001192093 ], [ 2799633.470399998128414, 812021.080699998885393 ], [ 2799630.583200000226498, 811973.563200000673532 ], [ 2799629.45099999755621, 811927.78999999910593 ], [ 2799621.431599996984005, 811878.316399998962879 ], [ 2799613.400399997830391, 811825.11600000038743 ], [ 2799611.037000000476837, 811722.377900000661612 ], [ 2799597.479900002479553, 811659.445599999278784 ], [ 2799591.595299996435642, 811623.795400001108646 ], [ 2799589.24210000038147, 811610.28770000115037 ], [ 2799581.812399998307228, 811529.416799999773502 ], [ 2799681.775799997150898, 811507.72069999948144 ], [ 2799677.021999999880791, 811486.035199999809265 ], [ 2799654.832000002264977, 811402.028900001198053 ], [ 2799633.285899996757507, 811348.195500001311302 ], [ 2799620.70440000295639, 811303.6402000002563 ], [ 2799610.271700002253056, 811255.170499999076128 ], [ 2799592.807499997317791, 811188.695199999958277 ], [ 2799583.581799998879433, 811170.414099998772144 ], [ 2799576.135399997234344, 811167.760299999266863 ], [ 2799557.543300002813339, 811169.97690000012517 ], [ 2799543.936099998652935, 811167.925799999386072 ], [ 2799534.401199996471405, 811161.840700000524521 ], [ 2799515.156199999153614, 811148.14979999884963 ], [ 2799504.994699999690056, 811133.459600001573563 ], [ 2799494.374799996614456, 811119.203099999576807 ], [ 2799487.263099998235703, 811103.487199999392033 ], [ 2799478.047600001096725, 811069.680599998682737 ], [ 2799457.509700000286102, 811032.924600001424551 ], [ 2799433.938500002026558, 811036.894900001585484 ], [ 2799415.947300001978874, 811036.521099999547005 ], [ 2799396.724399998784065, 811039.446299999952316 ], [ 2799354.99549999833107, 810961.736699998378754 ], [ 2799335.61429999768734, 810919.528200000524521 ], [ 2799322.690999999642372, 810893.443300001323223 ], [ 2799317.610699996352196, 810882.118299998342991 ], [ 2799309.831000000238419, 810853.326900001615286 ], [ 2799300.084299996495247, 810818.78660000115633 ], [ 2799299.106700003147125, 810806.32209999859333 ], [ 2799382.61710000038147, 810796.617600001394749 ], [ 2799411.231299996376038, 810793.064500000327826 ], [ 2799434.990000002086163, 810789.698499999940395 ], [ 2799454.756300002336502, 810788.043999999761581 ], [ 2799477.563500002026558, 810786.179699998348951 ], [ 2799467.840400002896786, 810707.563499998301268 ], [ 2799555.880599997937679, 810728.160199999809265 ], [ 2799564.873000003397465, 810720.8597999997437 ], [ 2799565.096699997782707, 810559.610100001096725 ], [ 2799563.250200003385544, 810529.400800000876188 ], [ 2799559.777699999511242, 810472.547400001436472 ], [ 2799563.110299997031689, 810467.0641999989748 ], [ 2799570.183799996972084, 810457.089800000190735 ], [ 2799573.342000000178814, 810448.89130000025034 ], [ 2799568.870200000703335, 810426.184399999678135 ], [ 2799567.707299999892712, 810405.135499998927116 ], [ 2799568.717600002884865, 810386.586800001561642 ], [ 2799569.735699996352196, 810368.909400001168251 ], [ 2799572.971600003540516, 810359.709899999201298 ], [ 2799576.984200000762939, 810353.153799999505281 ], [ 2799581.416299998760223, 810346.329999998211861 ], [ 2799585.101199999451637, 810323.965500000864267 ], [ 2799589.489799998700619, 810271.075800001621246 ], [ 2799606.09009999781847, 810194.116599999368191 ], [ 2799605.748499996960163, 810186.315400000661612 ], [ 2799604.610100001096725, 810180.511300001293421 ], [ 2799602.6985, 810175.562899999320507 ], [ 2799595.425599999725819, 810156.652499999850988 ], [ 2799590.695799998939037, 810144.466400001198053 ], [ 2799587.154899999499321, 810135.243299998342991 ], [ 2799582.340999998152256, 810122.22859999909997 ], [ 2799576.077299997210503, 810106.086599998176098 ], [ 2799574.070299997925758, 810095.137299999594688 ], [ 2799578.746100001037121, 810057.931400001049042 ], [ 2799578.861400000751019, 810041.465999998152256 ], [ 2799580.697499997913837, 810028.050400000065565 ], [ 2799582.750299997627735, 810015.602000001817942 ], [ 2799594.583200000226498, 809989.075800001621246 ], [ 2799599.853200003504753, 809979.732400000095367 ], [ 2799612.036100000143051, 809974.267700001597404 ], [ 2799619.837200000882149, 809966.677400000393391 ], [ 2799631.601599998772144, 809942.384700000286102 ], [ 2799645.385300002992153, 809913.168000001460314 ], [ 2799652.655299998819828, 809905.39809999987483 ], [ 2799661.578299999237061, 809900.603900000452995 ], [ 2799675.686999998986721, 809890.019999999552965 ], [ 2799684.764899998903275, 809882.982900001108646 ], [ 2799694.416500002145767, 809877.411499999463558 ], [ 2799709.2162000015378, 809870.830800000578165 ], [ 2799722.798100002110004, 809863.737799998372793 ], [ 2799735.066500000655651, 809857.15089999884367 ], [ 2799744.527199998497963, 809846.908300001174212 ], [ 2799755.491899996995926, 809832.231499999761581 ], [ 2799774.790399998426437, 809816.127599999308586 ], [ 2799787.500100001692772, 809804.820300001651049 ], [ 2799800.575099997222424, 809788.02589999884367 ], [ 2799808.859499998390675, 809774.933200001716614 ], [ 2799814.150499999523163, 809764.912300001829863 ], [ 2799817.929200001060963, 809758.374699998646975 ], [ 2799819.044600002467632, 809754.025499999523163 ], [ 2799819.429999999701977, 809748.635899998247623 ], [ 2799818.13289999961853, 809740.69310000166297 ], [ 2799817.011200003325939, 809733.468100000172853 ], [ 2799815.0574000030756, 809725.378600001335144 ], [ 2799810.667300000786781, 809715.514600001275539 ], [ 2799803.810199998319149, 809707.200300000607967 ], [ 2799789.699799999594688, 809696.772599998861551 ], [ 2799770.663599997758865, 809684.090199999511242 ], [ 2799754.630800001323223, 809669.778400000184774 ], [ 2799754.007799997925758, 809661.839000001549721 ], [ 2799756.151399999856949, 809655.624400001019239 ], [ 2799759.950000002980232, 809646.879900000989437 ], [ 2799777.187799997627735, 809615.594300001859665 ], [ 2799782.768799997866154, 809610.07319999858737 ], [ 2799788.229900002479553, 809606.56700000166893 ], [ 2799798.229900002479553, 809601.258699998259544 ], [ 2799816.079700000584126, 809594.506000000983477 ], [ 2799826.739900000393391, 809590.589999999850988 ], [ 2799834.873700000345707, 809584.050999999046326 ], [ 2799838.695799998939037, 809578.758699998259544 ], [ 2799844.944799996912479, 809567.506900001317263 ], [ 2799859.436700001358986, 809541.674300000071526 ], [ 2799868.742499999701977, 809523.226799998432398 ], [ 2799884.641699999570847, 809494.348200000822544 ], [ 2799899.415899999439716, 809436.652300000190735 ], [ 2799906.483999997377396, 809410.21000000089407 ], [ 2799905.765900000929832, 809400.368500001728535 ], [ 2799898.442100003361702, 809371.287200000137091 ], [ 2799897.089900001883507, 809359.167199999094009 ], [ 2799892.749700002372265, 809343.538100000470877 ], [ 2799889.0471, 809323.383499998599291 ], [ 2799885.729400001466274, 809309.698300000280142 ], [ 2799883.682800002396107, 809297.110599998384714 ], [ 2799879.999399997293949, 809285.25 ], [ 2799878.038500003516674, 809270.625700000673532 ], [ 2799878.21169999986887, 809262.363200001418591 ], [ 2799871.3378000035882, 809258.35700000077486 ], [ 2799867.193999998271465, 809258.271000001579523 ], [ 2799862.957400001585484, 809255.84569999948144 ], [ 2799859.018500000238419, 809249.434599999338388 ], [ 2799852.415399998426437, 809232.424300000071526 ], [ 2799851.508000001311302, 809222.9222999997437 ], [ 2799843.850299999117851, 809215.513999998569489 ], [ 2799838.229999996721745, 809206.698699999600649 ], [ 2799836.4679000005126, 809201.823899999260902 ], [ 2799832.128200002014637, 809194.415500000119209 ], [ 2799827.767099998891354, 809176.779699999839067 ], [ 2799826.759099997580051, 809168.851399999111891 ], [ 2799827.342600002884865, 809162.887200001627207 ], [ 2799829.536399997770786, 809156.738600000739098 ], [ 2799830.185500003397465, 809150.113200001418591 ], [ 2799833.457099996507168, 809139.509799998253584 ], [ 2799834.561800003051758, 809134.282499998807907 ], [ 2799834.960799999535084, 809128.843499999493361 ], [ 2799834.013599999248981, 809121.543600000441074 ], [ 2799832.387999996542931, 809113.296000000089407 ], [ 2799832.216099999845028, 809111.132800001651049 ], [ 2799832.70099999755621, 809105.326699998229742 ], [ 2799832.804099999368191, 809100.4239999987185 ], [ 2799827.0608000010252, 809093.77479999884963 ], [ 2799814.29110000282526, 809087.605000000447035 ], [ 2799805.575400002300739, 809069.563299998641014 ], [ 2799801.941100001335144, 809060.016800001263618 ], [ 2799799.346699997782707, 809050.232799999415874 ], [ 2799796.324400000274181, 809044.654899999499321 ], [ 2799795.738099999725819, 809041.871700000017881 ], [ 2799797.787799999117851, 809039.477800000458956 ], [ 2799799.799099996685982, 809031.75 ], [ 2799792.716499999165535, 809028.263000000268221 ], [ 2799781.644100002944469, 809024.852299999445677 ], [ 2799778.365699999034405, 809024.277899999171495 ], [ 2799775.6233000010252, 809015.44819999858737 ], [ 2799770.081600002944469, 809004.575199998915195 ], [ 2799767.453599996864796, 808997.103700000792742 ], [ 2799761.517099998891354, 808995.353300001472235 ], [ 2799754.996500000357628, 808994.44819999858737 ], [ 2799751.524099998176098, 808993.50450000166893 ], [ 2799747.944300003349781, 808989.433699999004602 ], [ 2799743.061700001358986, 808984.739599999040365 ], [ 2799738.94990000128746, 808980.100699998438358 ], [ 2799735.152000002563, 808972.082499999552965 ], [ 2799720.409999996423721, 808959.787200000137091 ], [ 2799719.599899999797344, 808955.918499998748302 ], [ 2799718.534299999475479, 808949.502900000661612 ], [ 2799715.096199996769428, 808941.0016999989748 ], [ 2799710.628600001335144, 808931.592099998146296 ], [ 2799702.960400000214577, 808917.019600000232458 ], [ 2799697.505300000309944, 808902.323499999940395 ], [ 2799689.344999998807907, 808887.660599999129772 ], [ 2799685.800200000405312, 808880.614700000733137 ], [ 2799682.646099999547005, 808871.910500001162291 ], [ 2799676.630699999630451, 808859.91609999909997 ], [ 2799675.98200000077486, 808853.207299999892712 ], [ 2799675.774300001561642, 808842.216499999165535 ], [ 2799675.246200002729893, 808837.879799999296665 ], [ 2799673.777000002563, 808834.141499999910593 ], [ 2799674.742600001394749, 808824.893300000578165 ], [ 2799675.365099996328354, 808817.18299999833107 ], [ 2799679.151600003242493, 808795.367800001055002 ], [ 2799678.012199997901917, 808786.237799998372793 ], [ 2799674.672799997031689, 808776.412399999797344 ], [ 2799681.065499998629093, 808761.484099999070168 ], [ 2799692.372000001370907, 808743.165699999779463 ], [ 2799712.002400003373623, 808731.840399999171495 ], [ 2799740.715599998831749, 808717.156199999153614 ], [ 2799756.511, 808706.298900000751019 ], [ 2799772.045100003480911, 808698.287399999797344 ], [ 2799792.34009999781847, 808681.245799999684095 ], [ 2799803.391500003635883, 808675.2010000012815 ], [ 2799819.67119999974966, 808667.353500001132488 ], [ 2799826.460799999535084, 808648.629299998283386 ], [ 2799834.695299997925758, 808623.497499998658895 ], [ 2799860.348099999129772, 808598.380800001323223 ], [ 2799878.962600000202656, 808570.120299998670816 ], [ 2799887.530500002205372, 808554.571899998933077 ], [ 2799901.424999997019768, 808530.032200001180172 ], [ 2799924.701499998569489, 808490.566599998623133 ], [ 2799937.545900002121925, 808477.190400000661612 ], [ 2799962.565999999642372, 808456.154500000178814 ], [ 2799975.300800003111362, 808447.962499998509884 ], [ 2799907.691100001335144, 808325.766699999570847 ], [ 2799865.739900000393391, 808249.945500001311302 ], [ 2799846.943300001323223, 808211.861099999397993 ], [ 2799843.400700002908707, 808206.491500001400709 ], [ 2799837.305100001394749, 808192.087099999189377 ], [ 2799832.632299996912479, 808186.907900001853704 ], [ 2799827.1941, 808183.134700000286102 ], [ 2799757.708099998533726, 808180.987300001084805 ], [ 2799752.593599997460842, 808181.394299998879433 ], [ 2799747.560900002717972, 808182.530699998140335 ], [ 2799697.122699998319149, 808198.200899999588728 ], [ 2799693.819899998605251, 808197.373100001364946 ], [ 2799688.131099998950958, 808189.760099999606609 ], [ 2799688.405900001525879, 808186.915500000119209 ], [ 2799693.870700001716614, 808178.98589999973774 ], [ 2799687.701300002634525, 808180.33049999922514 ], [ 2799657.112099997699261, 808185.222899999469519 ], [ 2799651.350100003182888, 808189.276399999856949 ], [ 2799635.979299999773502, 808205.760899998247623 ], [ 2799632.42230000346899, 808209.575300000607967 ], [ 2799621.800700001418591, 808241.351300001144409 ], [ 2799517.941500000655651, 808274.855900000780821 ], [ 2799515.545400001108646, 808275.789900001138449 ], [ 2799480.907499998807907, 808289.293099999427795 ], [ 2799418.827799998223782, 808301.486999999731779 ], [ 2799425.844800002872944, 808283.9087999984622 ], [ 2799420.890900000929832, 808243.373399998992682 ], [ 2799420.519599996507168, 808240.334899999201298 ], [ 2799420.527699999511242, 808239.474700000137091 ], [ 2799420.713299997150898, 808219.866999998688698 ], [ 2799421.619999997317791, 808182.342300001531839 ], [ 2799423.055100001394749, 808171.105799999088049 ], [ 2799427.242499999701977, 808141.862199999392033 ], [ 2799428.927799999713898, 808130.092999998480082 ], [ 2799431.887000001966953, 808109.426699999719858 ], [ 2799431.899800002574921, 808109.337099999189377 ], [ 2799433.688299998641014, 808096.836199998855591 ], [ 2799436.553300000727177, 808076.811000000685453 ], [ 2799437.87049999833107, 808067.622800000011921 ], [ 2799438.030699998140335, 808066.505100000649691 ], [ 2799440.36429999768734, 808060.868299998342991 ], [ 2799440.750699996948242, 808057.017700001597404 ], [ 2799441.096699997782707, 808053.56980000063777 ], [ 2799442.326999999582767, 808041.307799998670816 ], [ 2799442.963699996471405, 808033.808299999684095 ], [ 2799443.927799999713898, 808022.452300000935793 ], [ 2799445.522299997508526, 808003.670800000429153 ], [ 2799448.956699997186661, 807966.618200000375509 ], [ 2799452.1721, 807940.29619999974966 ], [ 2799452.619800001382828, 807933.530600000172853 ], [ 2799456.08500000089407, 807881.161499999463558 ], [ 2799456.475199997425079, 807875.263799998909235 ], [ 2799456.874099999666214, 807868.135299999266863 ], [ 2799457.670900002121925, 807856.232099998742342 ], [ 2799458.686099998652935, 807841.067899998277426 ], [ 2799461.051700003445148, 807805.730700001120567 ], [ 2799461.4441, 807799.868500001728535 ], [ 2799461.1963, 807797.527699999511242 ], [ 2799461.0962999984622, 807796.583200000226498 ], [ 2799455.511799998581409, 807743.959300000220537 ], [ 2799438.168499998748302, 807742.030499998480082 ], [ 2799415.096699997782707, 807736.580699998885393 ], [ 2799337.145400002598763, 807718.167899999767542 ], [ 2799316.398699998855591, 807708.182500001043081 ], [ 2799289.26519999653101, 807700.963100001215935 ], [ 2799241.450599998235703, 807700.381299998611212 ], [ 2799235.207299999892712, 807700.317800000309944 ], [ 2799224.838100001215935, 807714.850400000810623 ], [ 2799214.318599998950958, 807760.759199999272823 ], [ 2799205.624200001358986, 807774.538899999111891 ], [ 2799201.768299996852875, 807780.650100000202656 ], [ 2799194.108199998736382, 807790.025800000876188 ], [ 2799184.630000002682209, 807801.626800000667572 ], [ 2799173.982600003480911, 807810.381000000983477 ], [ 2799151.459200002253056, 807818.004599999636412 ], [ 2799138.7195999994874, 807819.899900000542402 ], [ 2799126.249700002372265, 807818.680100001394749 ], [ 2799102.950099997222424, 807812.124800000339746 ], [ 2799086.442699998617172, 807800.075300000607967 ], [ 2799105.803800001740456, 807766.628800000995398 ], [ 2799124.974600002169609, 807727.622099999338388 ], [ 2799141.380199998617172, 807695.186799999326468 ], [ 2799215.652900002896786, 807552.411400001496077 ], [ 2799233.774300001561642, 807517.57319999858737 ], [ 2799235.218800000846386, 807514.764199998229742 ], [ 2799258.905100002884865, 807470.029699999839067 ], [ 2799356.849899999797344, 807285.048799999058247 ], [ 2799378.740099996328354, 807246.850600000470877 ], [ 2799420.61370000243187, 807173.534499999135733 ], [ 2799395.694499999284744, 807170.633299998939037 ], [ 2799386.153099998831749, 807167.897100001573563 ], [ 2799383.889700002968311, 807164.744699999690056 ], [ 2799379.850500002503395, 807157.210900001227856 ], [ 2799372.031900003552437, 807152.236600000411272 ], [ 2799357.130900003015995, 807151.617300000041723 ], [ 2799340.441500000655651, 807154.840799998492002 ], [ 2799328.59009999781847, 807162.145500000566244 ], [ 2799321.616499997675419, 807163.982099998742342 ], [ 2799311.217299997806549, 807159.772300001233816 ], [ 2799305.071699999272823, 807154.209499999880791 ], [ 2799296.904700003564358, 807148.7179000005126 ], [ 2799281.794699996709824, 807148.423900000751019 ], [ 2799271.9265, 807147.666499998420477 ], [ 2799267.037699997425079, 807143.676899999380112 ], [ 2799258.99210000038147, 807136.394499998539686 ], [ 2799249.5779, 807135.75789999961853 ], [ 2799236.914300002157688, 807136.810899998992682 ], [ 2799224.388300001621246, 807133.896099999547005 ], [ 2799221.01969999819994, 807134.118500001728535 ], [ 2799218.679300002753735, 807134.272999998182058 ], [ 2799212.423299998044968, 807134.686099998652935 ], [ 2799204.798799999058247, 807136.614199999719858 ], [ 2799197.422700002789497, 807138.479699999094009 ], [ 2799195.920299999415874, 807139.309900000691414 ], [ 2799183.237499997019768, 807146.317899998277426 ], [ 2799172.563900001347065, 807149.775800000876188 ], [ 2799169.018899999558926, 807150.924300000071526 ], [ 2799166.778499998152256, 807151.650199998170137 ], [ 2799165.768899999558926, 807151.977299999445677 ], [ 2799164.961599998176098, 807152.034000001847744 ], [ 2799110.257299996912479, 807155.872699998319149 ], [ 2799100.108900003135204, 807158.5625 ], [ 2799097.490800000727177, 807159.256400000303984 ], [ 2799095.589900001883507, 807159.760299999266863 ], [ 2799093.733599998056889, 807160.252300001680851 ], [ 2799093.01690000295639, 807160.442299999296665 ], [ 2799091.468299999833107, 807161.167700000107288 ], [ 2799075.66889999806881, 807168.568900000303984 ], [ 2799061.542700000107288, 807169.96510000154376 ], [ 2799052.047700002789497, 807178.668499998748302 ], [ 2799037.658500000834465, 807187.807900000363588 ], [ 2799029.040299996733665, 807195.444299999624491 ], [ 2799017.6831, 807202.780099999159575 ], [ 2799011.928099997341633, 807206.497299998998642 ], [ 2799005.500500001013279, 807215.271499998867512 ], [ 2799004.136900000274181, 807225.994899999350309 ], [ 2799003.3496999964118, 807232.186099998652935 ], [ 2799006.218299999833107, 807255.067099999636412 ], [ 2799010.773900002241135, 807265.905099999159575 ], [ 2799018.763099998235703, 807276.286699999123812 ], [ 2799028.880900003015995, 807288.1570999994874 ], [ 2799032.561300002038479, 807295.5472999997437 ], [ 2799033.981299996376038, 807298.398499999195337 ], [ 2799038.518200002610683, 807313.633900001645088 ], [ 2799039.691500000655651, 807317.574099998921156 ], [ 2799043.862199999392033, 807328.956799998879433 ], [ 2799044.382100000977516, 807330.375700000673532 ], [ 2799048.783100001513958, 807335.211899999529123 ], [ 2799049.948100000619888, 807336.49210000038147 ], [ 2799049.073100000619888, 807341.937300000339746 ], [ 2799048.789599999785423, 807342.79619999974966 ], [ 2799047.879100002348423, 807345.554099999368191 ], [ 2799046.279500000178814, 807347.506499998271465 ], [ 2799043.338299997150898, 807350.420499999076128 ], [ 2799038.307899996638298, 807353.701499998569489 ], [ 2799034.451899997889996, 807356.262899998575449 ], [ 2799032.714900001883507, 807356.94029999896884 ], [ 2799030.4353, 807357.829300001263618 ], [ 2799026.846500001847744, 807359.476599998772144 ], [ 2799023.815499998629093, 807360.867899999022484 ], [ 2799020.230400003492832, 807362.513599999248981 ], [ 2799017.280500002205372, 807355.316700000315905 ], [ 2799016.623199999332428, 807353.713199999183416 ], [ 2799015.909100003540516, 807351.971099998801947 ], [ 2799013.840499997138977, 807346.924300000071526 ], [ 2799006.555299997329712, 807328.366900000721216 ], [ 2799007.037100002169609, 807309.78489999845624 ], [ 2799005.072700001299381, 807303.344700001180172 ], [ 2799000.254699997603893, 807297.162500001490116 ], [ 2798990.592500001192093, 807292.485100001096725 ], [ 2798981.811300002038479, 807291.186299998313189 ], [ 2798972.056100003421307, 807290.502099998295307 ], [ 2798963.60809999704361, 807281.20890000090003 ], [ 2798958.624499998986721, 807274.544300001114607 ], [ 2798953.345499999821186, 807256.883499998599291 ], [ 2798948.559900000691414, 807237.880899999290705 ], [ 2798941.44370000064373, 807229.432500001043081 ], [ 2798932.608900003135204, 807220.072000000625849 ], [ 2798925.420299999415874, 807211.468699999153614 ], [ 2798921.869300000369549, 807203.6875 ], [ 2798913.523299999535084, 807198.707100000232458 ], [ 2798899.87610000371933, 807193.631499998271465 ], [ 2798891.545100003480911, 807187.301100000739098 ], [ 2798886.726899996399879, 807180.170299999415874 ], [ 2798883.928300000727177, 807173.964299999177456 ], [ 2798883.782300002872944, 807166.058499999344349 ], [ 2798887.699699997901917, 807158.829999998211861 ], [ 2798898.321900002658367, 807151.459499999880791 ], [ 2798908.079499997198582, 807143.483500000089407 ], [ 2798912.260899998247623, 807135.108300000429153 ], [ 2798912.020900003612041, 807124.862100001424551 ], [ 2798904.2195999994874, 807114.997600000351667 ], [ 2798896.172899998724461, 807108.665100000798702 ], [ 2798892.932700000703335, 807108.703999999910593 ], [ 2798887.720499999821186, 807108.766499999910593 ], [ 2798882.386500000953674, 807113.916499998420477 ], [ 2798880.483400002121925, 807115.366700001060963 ], [ 2798875.296899996697903, 807119.31870000064373 ], [ 2798862.717500001192093, 807122.255499999970198 ], [ 2798837.045900002121925, 807124.013300001621246 ], [ 2798825.708099998533726, 807122.582100000232458 ], [ 2798813.458499997854233, 807123.18129999935627 ], [ 2798807.312700003385544, 807124.798300001770258 ], [ 2798799.078500002622604, 807129.003899998962879 ], [ 2798793.136900000274181, 807135.605099998414516 ], [ 2798790.573899999260902, 807148.728500001132488 ], [ 2798788.872500002384186, 807162.453099999576807 ], [ 2798788.584399998188019, 807168.530799999833107 ], [ 2798788.401199996471405, 807172.394799999892712 ], [ 2798787.931000001728535, 807174.075199998915195 ], [ 2798787.403899997472763, 807175.958700001239777 ], [ 2798787.089400000870228, 807177.082600001245737 ], [ 2798785.543399997055531, 807177.474700000137091 ], [ 2798776.616400003433228, 807179.738800000399351 ], [ 2798767.476700000464916, 807178.694600000977516 ], [ 2798767.031300000846386, 807178.643699999898672 ], [ 2798767.02250000089407, 807178.642700001597404 ], [ 2798766.116400003433228, 807176.191700000315905 ], [ 2798765.333499997854233, 807174.074099998921156 ], [ 2798761.890500001609325, 807164.761300001293421 ], [ 2798760.910099998116493, 807162.109400000423193 ], [ 2798759.958099998533726, 807152.030600000172853 ], [ 2798759.1908999979496, 807143.908900000154972 ], [ 2798761.155699998140335, 807132.577399998903275 ], [ 2798761.161499999463558, 807132.543800000101328 ], [ 2798761.180299997329712, 807132.436000000685453 ], [ 2798762.429499998688698, 807125.23030000180006 ], [ 2798766.190499998629093, 807109.777699999511242 ], [ 2798771.304700002074242, 807100.218499999493361 ], [ 2798781.908699996769428, 807075.81870000064373 ], [ 2798785.811300002038479, 807066.74549999833107 ], [ 2798789.700300000607967, 807051.228100001811981 ], [ 2798791.455300003290176, 807038.338100001215935 ], [ 2798787.343500003218651, 807015.866500001400709 ], [ 2798781.217500001192093, 807010.942499998956919 ], [ 2798779.094099998474121, 807001.580699998885393 ], [ 2798781.092699997127056, 806983.442899998277426 ], [ 2798782.79730000346899, 806954.344300001859665 ], [ 2798780.062399998307228, 806944.028200000524521 ], [ 2798780.029200002551079, 806943.903099998831749 ], [ 2798779.102899998426437, 806942.362100001424551 ], [ 2798778.896499998867512, 806942.0185999982059 ], [ 2798770.088500000536442, 806927.365499999374151 ], [ 2798768.911399997770786, 806926.21680000051856 ], [ 2798765.739200003445148, 806923.121500000357628 ], [ 2798765.709499999880791, 806923.092500001192093 ], [ 2798764.764300003647804, 806922.170099999755621 ], [ 2798761.417300000786781, 806918.904100000858307 ], [ 2798758.243900001049042, 806915.807500001043081 ], [ 2798754.716499999165535, 806907.415100000798702 ], [ 2798753.574299998581409, 806890.683499999344349 ], [ 2798750.0779, 806879.630300000309944 ], [ 2798746.892899997532368, 806874.911699999123812 ], [ 2798742.413099996745586, 806871.116900000721216 ], [ 2798729.814000003039837, 806855.817299999296665 ], [ 2798729.501000002026558, 806854.86769999936223 ], [ 2798722.758900001645088, 806834.411100000143051 ], [ 2798716.4243, 806824.561700001358986 ], [ 2798712.334499999880791, 806819.940699998289347 ], [ 2798702.74889999628067, 806809.110300000756979 ], [ 2798686.275499999523163, 806791.429299999028444 ], [ 2798683.451899997889996, 806787.651799999177456 ], [ 2798677.493500001728535, 806779.680399999022484 ], [ 2798676.207500003278255, 806777.959899999201298 ], [ 2798664.718500003218651, 806748.274700000882149 ], [ 2798663.263700000941753, 806742.37220000103116 ], [ 2798661.073299996554852, 806733.484700001776218 ], [ 2798660.757299996912479, 806732.202500000596046 ], [ 2798659.816100001335144, 806711.885099999606609 ], [ 2798657.519100002944469, 806682.051100000739098 ], [ 2798653.738300003111362, 806666.186700001358986 ], [ 2798653.380599997937679, 806665.497999999672174 ], [ 2798648.267899997532368, 806655.65430000051856 ], [ 2798637.5625, 806636.575100000947714 ], [ 2798626.600500002503395, 806616.458299998193979 ], [ 2798616.184299997985363, 806600.453499998897314 ], [ 2798605.695699997246265, 806587.924300000071526 ], [ 2798601.481299996376038, 806577.732700001448393 ], [ 2798600.314300000667572, 806562.031899999827147 ], [ 2798597.742499999701977, 806544.280099999159575 ], [ 2798593.9679000005126, 806528.101300001144409 ], [ 2798589.079800002276897, 806503.602000001817942 ], [ 2798588.527500003576279, 806500.834100000560284 ], [ 2798583.786100000143051, 806483.53830000013113 ], [ 2798582.012299999594688, 806477.341600000858307 ], [ 2798575.239900000393391, 806453.68189999833703 ], [ 2798570.350900001823902, 806430.082499999552965 ], [ 2798568.917099997401237, 806422.903999999165535 ], [ 2798563.765100002288818, 806397.110100001096725 ], [ 2798557.776900000870228, 806365.728700000792742 ], [ 2798554.818300001323223, 806340.724500000476837 ], [ 2798547.9679000005126, 806314.481499999761581 ], [ 2798543.38849999755621, 806286.528900001198053 ], [ 2798534.493900001049042, 806270.994899999350309 ], [ 2798523.515299998223782, 806249.641100000590086 ], [ 2798515.381899997591972, 806231.848499998450279 ], [ 2798503.518100000917912, 806211.966699998825788 ], [ 2798510.229699999094009, 806198.927700001746416 ], [ 2798521.795100003480911, 806170.491700001060963 ], [ 2798531.667999997735023, 806141.921700000762939 ], [ 2798540.79730000346899, 806127.094300001859665 ], [ 2798547.90429999679327, 806115.389299999922514 ], [ 2798555.818899996578693, 806104.949299998581409 ], [ 2798562.215300001204014, 806097.389699999243021 ], [ 2798568.176899999380112, 806090.860700000077486 ], [ 2798573.249099999666214, 806087.014899998903275 ], [ 2798578.1503000035882, 806084.71169999986887 ], [ 2798583.837099999189377, 806081.29450000077486 ], [ 2798594.125299997627735, 806076.725099999457598 ], [ 2798602.988300003111362, 806073.523299999535084 ], [ 2798612.48589999973774, 806070.889499999582767 ], [ 2798621.936899997293949, 806069.816100001335144 ], [ 2798628.734700001776218, 806069.771099999547005 ], [ 2798638.322899997234344, 806068.929099999368191 ], [ 2798654.671499997377396, 806067.693500000983477 ], [ 2798665.437700003385544, 806065.834699999541044 ], [ 2798677.706299997866154, 806065.122299998998642 ], [ 2798686.022299997508526, 806064.618700001388788 ], [ 2798692.770000003278255, 806064.21000000089407 ], [ 2798698.045900002121925, 806064.001200001686811 ], [ 2798703.978399999439716, 806063.007100000977516 ], [ 2798708.63910000026226, 806061.666400000452995 ], [ 2798713.153099998831749, 806059.685699999332428 ], [ 2798717.186899997293949, 806057.854400001466274 ], [ 2798722.526199996471405, 806054.612500000745058 ], [ 2798727.486599996685982, 806051.124499998986721 ], [ 2798731.843000002205372, 806047.362799998372793 ], [ 2798736.384300000965595, 806042.531500000506639 ], [ 2798739.216499999165535, 806038.880899999290705 ], [ 2798741.450199998915195, 806035.526500001549721 ], [ 2798743.103200003504753, 806032.679499998688698 ], [ 2798744.529600001871586, 806029.883200000971556 ], [ 2798745.86599999666214, 806026.869899999350309 ], [ 2798747.064900003373623, 806023.702500000596046 ], [ 2798747.927199997007847, 806021.004299998283386 ], [ 2798748.593999996781349, 806018.540800001472235 ], [ 2798749.115299999713898, 806014.6886 ], [ 2798749.318999998271465, 806010.556200001388788 ], [ 2798749.187100000679493, 806006.742899999022484 ], [ 2798748.685900002717972, 806002.565600000321865 ], [ 2798747.776299998164177, 805998.297400001436472 ], [ 2798746.712099999189377, 805994.790199998766184 ], [ 2798745.432099997997284, 805991.480799999088049 ], [ 2798743.473499998450279, 805986.89919999986887 ], [ 2798741.504199996590614, 805981.749699998646975 ], [ 2798739.686899997293949, 805976.921300001442432 ], [ 2798738.133500002324581, 805973.172499999403954 ], [ 2798737.185099996626377, 805969.747099999338388 ], [ 2798736.662000000476837, 805966.509100001305342 ], [ 2798736.486900001764297, 805963.603700000792742 ], [ 2798736.606799997389317, 805960.421500001102686 ], [ 2798736.995999999344349, 805957.564899999648333 ], [ 2798738.852899998426437, 805949.417300000786781 ], [ 2798741.103299997746944, 805941.155999999493361 ], [ 2798742.792999997735023, 805932.507100000977516 ], [ 2798735.754199996590614, 805914.317600000649691 ], [ 2798725.983599998056889, 805910.085299998521805 ], [ 2798717.444200001657009, 805911.521299999207258 ], [ 2798716.120300002396107, 805912.371700000017881 ], [ 2798714.144599996507168, 805918.000399999320507 ], [ 2798711.739799998700619, 805925.794900000095367 ], [ 2798708.357500001788139, 805933.42850000038743 ], [ 2798704.813500002026558, 805935.314800001680851 ], [ 2798701.454800002276897, 805935.105700001120567 ], [ 2798697.722300000488758, 805932.64640000090003 ], [ 2798693.669100001454353, 805925.419399999082088 ], [ 2798690.517399996519089, 805915.2685999982059 ], [ 2798688.587600000202656, 805906.964000001549721 ], [ 2798686.802199997007847, 805898.523200001567602 ], [ 2798678.470499999821186, 805872.229600001126528 ], [ 2798671.722099997103214, 805856.366999998688698 ], [ 2798665.381099998950958, 805821.045000001788139 ], [ 2798654.293999999761581, 805779.635000001639128 ], [ 2798653.19820000231266, 805762.242600001394749 ], [ 2798656.317400000989437, 805746.733899999409914 ], [ 2798651.633599996566772, 805697.471900001168251 ], [ 2798628.806699998676777, 805650.82660000026226 ], [ 2798624.162100002169609, 805632.760800000280142 ], [ 2798609.60980000346899, 805612.491999998688698 ], [ 2798595.437200002372265, 805604.956900000572205 ], [ 2798579.723499998450279, 805603.978999998420477 ], [ 2798571.819600000977516, 805608.369300000369549 ], [ 2798561.913999997079372, 805616.740299999713898 ], [ 2798548.632200002670288, 805634.181800000369549 ], [ 2798531.387299999594688, 805660.777100000530481 ], [ 2798523.886699996888638, 805682.581300001591444 ], [ 2798508.73759999871254, 805707.222800001502037 ], [ 2798502.356499999761581, 805726.056800000369549 ], [ 2798497.895700000226498, 805750.778099998831749 ], [ 2798408.654899999499321, 805620.146999999880791 ], [ 2798913.826999999582767, 805475.923599999397993 ], [ 2798915.152800001204014, 805475.545099999755621 ], [ 2798920.422399997711182, 805474.040699999779463 ], [ 2800105.397799998521805, 805111.620600000023842 ], [ 2800520.264899998903275, 804665.829799998551607 ], [ 2800578.921300001442432, 804602.801199998706579 ], [ 2800581.223600000143051, 804600.327300000935793 ], [ 2800610.549500003457069, 804568.815499998629093 ], [ 2800611.997500002384186, 804567.259700000286102 ], [ 2800641.693300001323223, 804535.350299999117851 ], [ 2800643.519500002264977, 804533.387899998575449 ], [ 2800671.002899996936321, 804503.856100000441074 ], [ 2800673.726899996399879, 804500.929099999368191 ], [ 2800678.053900003433228, 804498.997099999338388 ], [ 2800688.532700002193451, 804493.583700001239777 ], [ 2800694.20549999922514, 804488.564699999988079 ], [ 2800689.192900002002716, 804482.185699999332428 ], [ 2800684.283900000154972, 804474.814899999648333 ], [ 2800684.827500000596046, 804463.3141999989748 ], [ 2800690.388300001621246, 804451.135499998927116 ], [ 2800700.481499999761581, 804429.029899999499321 ], [ 2800701.584700003266335, 804408.805700000375509 ], [ 2800701.449100002646446, 804407.226700000464916 ], [ 2800701.432499997317791, 804407.032900001853704 ], [ 2800701.384499996900558, 804406.473700001835823 ], [ 2800699.004900000989437, 804378.754099998623133 ], [ 2800703.217500001192093, 804307.149500001221895 ], [ 2800709.708499997854233, 804297.676899999380112 ], [ 2800710.338500000536442, 804296.75730000063777 ], [ 2800718.026299998164177, 804291.802700001746416 ], [ 2800729.373099997639656, 804284.489900000393391 ], [ 2800733.637100003659725, 804279.39130000025034 ], [ 2800740.697700001299381, 804270.948699999600649 ], [ 2800743.305699996650219, 804263.213300000876188 ], [ 2800751.795900002121925, 804238.031100001186132 ], [ 2800751.750100001692772, 804235.161899998784065 ], [ 2800751.667900003492832, 804230.010499998927116 ], [ 2800750.076099999248981, 804225.174699999392033 ], [ 2800750.053900003433228, 804225.107299998402596 ], [ 2800741.215300001204014, 804198.255899999290705 ], [ 2800734.38570000231266, 804177.508099999278784 ], [ 2800732.123099997639656, 804161.3429000005126 ], [ 2800735.147699996829033, 804129.856100000441074 ], [ 2800742.498700000345707, 804104.266100000590086 ], [ 2800742.856700003147125, 804103.019299998879433 ], [ 2800760.114900000393391, 804076.825899999588728 ], [ 2800773.194499999284744, 804062.128100000321865 ], [ 2800773.904899999499321, 804061.329900000244379 ], [ 2800791.414099998772144, 804041.65430000051856 ], [ 2800827.442500002682209, 804008.679900001734495 ], [ 2800835.686700001358986, 803999.991900000721216 ], [ 2800844.386100001633167, 803989.009700000286102 ], [ 2800849.205700002610683, 803980.631700001657009 ], [ 2800857.33049999922514, 803966.50789999961853 ], [ 2800864.568899996578693, 803946.702500000596046 ], [ 2800874.236299999058247, 803920.250100001692772 ], [ 2800874.357500001788139, 803917.704300001263618 ], [ 2800875.467500001192093, 803894.365699999034405 ], [ 2800905.911700002849102, 803855.124499998986721 ], [ 2800914.702500000596046, 803847.281399998813868 ], [ 2800915.6831, 803846.406500000506639 ], [ 2800922.814099997282028, 803841.454100001603365 ], [ 2800945.270900003612041, 803834.100900001823902 ], [ 2800950.069499999284744, 803832.6233000010252 ], [ 2800957.36429999768734, 803830.283500000834465 ], [ 2800991.549099996685982, 803821.278900001198053 ], [ 2800994.876900002360344, 803817.341499999165535 ], [ 2800995.364699997007847, 803812.256400000303984 ], [ 2800994.518899999558926, 803807.031700000166893 ], [ 2800983.430699996650219, 803780.740699999034405 ], [ 2800980.57150000333786, 803771.332499999552965 ], [ 2800973.386900000274181, 803742.841499999165535 ], [ 2800987.09570000320673, 803738.275299999862909 ], [ 2800998.818499997258186, 803734.37049999833107 ], [ 2801014.04110000282526, 803729.299899999052286 ], [ 2801031.950900003314018, 803726.468100000172853 ], [ 2801043.481299996376038, 803726.320500001311302 ], [ 2801077.506300002336502, 803725.884899999946356 ], [ 2801077.365699999034405, 803724.833000000566244 ], [ 2801070.296499997377396, 803671.93470000103116 ], [ 2801069.984300002455711, 803666.308899998664856 ], [ 2801067.340700000524521, 803622.537300001829863 ], [ 2801064.177699998021126, 803594.551899999380112 ], [ 2801062.904500000178814, 803577.454500000923872 ], [ 2801058.085900001227856, 803512.261100001633167 ], [ 2801058.696000002324581, 803476.410000000149012 ], [ 2801058.818499997258186, 803469.209899999201298 ], [ 2801058.819600000977516, 803469.163800001144409 ], [ 2801059.505500003695488, 803436.098099999129772 ], [ 2801067.043499998748302, 803429.696199998259544 ], [ 2801074.164300002157688, 803419.0810999982059 ], [ 2801078.860299997031689, 803411.779899999499321 ], [ 2801080.846699997782707, 803405.264899998903275 ], [ 2801081.811499997973442, 803398.526099998503923 ], [ 2801081.580899998545647, 803381.32149999961257 ], [ 2801083.714500002563, 803376.305700000375509 ], [ 2801087.267700001597404, 803372.901700001209974 ], [ 2801101.532700002193451, 803366.436900001019239 ], [ 2801105.305699996650219, 803363.383099999278784 ], [ 2801108.323100000619888, 803358.601300001144409 ], [ 2801109.024099998176098, 803349.057900000363588 ], [ 2801108.476499997079372, 803333.175500001758337 ], [ 2801106.65089999884367, 803320.1418999992311 ], [ 2801104.093299999833107, 803305.461300000548363 ], [ 2801098.155100002884865, 803289.332899998873472 ], [ 2801090.346100002527237, 803273.159299999475479 ], [ 2801080.127300001680851, 803255.415899999439716 ], [ 2801073.014300003647804, 803239.539900001138449 ], [ 2801070.111100003123283, 803230.74269999936223 ], [ 2801068.12950000166893, 803223.562899999320507 ], [ 2801067.035099998116493, 803218.218400001525879 ], [ 2801066.537900000810623, 803213.974899999797344 ], [ 2801066.937700003385544, 803209.146099999547005 ], [ 2801068.359300002455711, 803205.523899998515844 ], [ 2801070.450900003314018, 803202.239700000733137 ], [ 2801072.94709999859333, 803199.441899999976158 ], [ 2801081.645700000226498, 803194.558499999344349 ], [ 2801090.320299997925758, 803191.805900000035763 ], [ 2801092.8462999984622, 803187.729699999094009 ], [ 2801092.613300003111362, 803177.775699999183416 ], [ 2801092.636399999260902, 803174.210499998182058 ], [ 2801089.141099996864796, 803166.748700000345707 ], [ 2801075.993900001049042, 803148.074099998921156 ], [ 2801065.419299997389317, 803135.104899998754263 ], [ 2801069.232299998402596, 803119.512899998575449 ], [ 2801072.118100002408028, 803113.035700000822544 ], [ 2801073.174900002777576, 803104.627900000661612 ], [ 2801069.956699997186661, 803092.760099999606609 ], [ 2801059.053099997341633, 803075.937100000679493 ], [ 2801017.140600003302097, 803033.631999999284744 ], [ 2800996.190099999308586, 803018.448800001293421 ], [ 2800978.811700001358986, 802992.739399999380112 ], [ 2800973.234999999403954, 802973.162999998778105 ], [ 2800976.044799998402596, 802961.145199999213219 ], [ 2800983.042199999094009, 802952.469200000166893 ], [ 2800983.086800001561642, 802952.413899999111891 ], [ 2800998.176700003445148, 802933.704300001263618 ], [ 2801008.83500000089407, 802905.543600000441074 ], [ 2801017.180500000715256, 802891.621300000697374 ], [ 2801028.288400001823902, 802880.579100001603365 ], [ 2801021.093400001525879, 802831.148400001227856 ], [ 2801010.926600001752377, 802805.489500001072884 ], [ 2801014.383299998939037, 802793.0793999992311 ], [ 2801016.026199996471405, 802787.206599999219179 ], [ 2801013.44879999756813, 802782.107500001788139 ], [ 2800999.788699999451637, 802770.585999999195337 ], [ 2800995.33110000193119, 802766.957699999213219 ], [ 2800973.832500003278255, 802731.016499999910593 ], [ 2800976.788400001823902, 802703.208399999886751 ], [ 2800976.613600000739098, 802692.436099998652935 ], [ 2800966.142399996519089, 802661.589800000190735 ], [ 2800962.596699997782707, 802637.184200000017881 ], [ 2800946.4324000030756, 802612.065499998629093 ], [ 2800960.968400001525879, 802585.331599999219179 ], [ 2800960.17400000244379, 802558.282200001180172 ], [ 2800966.398299999535084, 802540.843400001525879 ], [ 2800960.598499998450279, 802515.939800001680851 ], [ 2800961.562899999320507, 802469.523499999195337 ], [ 2800960.74889999628067, 802432.86430000141263 ], [ 2800981.768200002610683, 802407.685699999332428 ], [ 2801016.543799996376038, 802388.403200000524521 ], [ 2801032.270300000905991, 802370.084499999880791 ], [ 2801033.546800002455711, 802343.263000000268221 ], [ 2801040.350199997425079, 802322.108899999409914 ], [ 2801103.040399998426437, 802269.658599998801947 ], [ 2801169.451499998569489, 802197.452599998563528 ], [ 2801229.601199999451637, 802161.730200000107288 ], [ 2801275.11259999871254, 802125.498399998992682 ], [ 2801292.867600001394749, 802105.622600000351667 ], [ 2801309.764899998903275, 802085.769499998539686 ], [ 2801325.456000000238419, 802058.930799998342991 ], [ 2801341.502999998629093, 802026.329500000923872 ], [ 2801346.895599998533726, 801993.505800001323223 ], [ 2801329.089000001549721, 801963.736699998378754 ], [ 2801315.635300002992153, 801931.932399999350309 ], [ 2801305.816600002348423, 801897.844399999827147 ], [ 2801267.379799999296665, 801857.096400000154972 ], [ 2801214.474399998784065, 801807.897100001573563 ], [ 2801177.503499999642372, 801743.170499999076128 ], [ 2801164.9983000010252, 801716.370000001043081 ], [ 2801153.999300003051758, 801700.914099998772144 ], [ 2801138.866700001060963, 801695.813000001013279 ], [ 2801106.081600002944469, 801688.426100000739098 ], [ 2801097.279600001871586, 801679.469799999147654 ], [ 2801089.354299999773502, 801662.771299999207258 ], [ 2801080.432499997317791, 801652.144000001251698 ], [ 2801070.992899999022484, 801645.421100001782179 ], [ 2801061.010399997234344, 801643.908300001174212 ], [ 2801050.211800001561642, 801639.769799999892712 ], [ 2801036.989699997007847, 801619.307900000363588 ], [ 2801027.584200002253056, 801593.63289999961853 ], [ 2801023.491700001060963, 801555.280000001192093 ], [ 2801022.791199997067451, 801510.484099999070168 ], [ 2801015.559299997985363, 801466.366999998688698 ], [ 2800999.014899998903275, 801439.154399998486042 ], [ 2800967.727799996733665, 801415.706199999898672 ], [ 2800942.340400002896786, 801382.61089999973774 ], [ 2800918.562299996614456, 801320.94029999896884 ], [ 2800900.111299999058247, 801251.70160000026226 ], [ 2800885.178000003099442, 801225.336300000548363 ], [ 2800860.71000000089407, 801187.375199999660254 ], [ 2800849.489399999380112, 801139.103399999439716 ], [ 2800840.509800001978874, 801100.649300001561642 ], [ 2800832.159699998795986, 801071.164700001478195 ], [ 2800823.776000000536442, 801043.307100001722574 ], [ 2800808.387999996542931, 801018.253400001674891 ], [ 2800808.33219999819994, 800982.89750000089407 ], [ 2800816.814499996602535, 800955.405900001525879 ], [ 2800820.5675999969244, 800927.024599999189377 ], [ 2800821.110100001096725, 800900.948899999260902 ], [ 2800818.519799999892712, 800873.22690000012517 ], [ 2800807.217600002884865, 800846.115899998694658 ], [ 2800800.7029, 800823.752999998629093 ], [ 2800801.209100000560284, 800812.394499998539686 ], [ 2800810.7195999994874, 800797.972800001502037 ], [ 2800821.877499997615814, 800782.502900000661612 ], [ 2800828.722199998795986, 800762.767000000923872 ], [ 2800838.814999997615814, 800721.226700000464916 ], [ 2800842.540700003504753, 800684.252300001680851 ], [ 2800850.617700003087521, 800642.300599999725819 ], [ 2800863.0929000005126, 800614.329999998211861 ], [ 2800884.622400000691414, 800579.861699998378754 ], [ 2800904.526799999177456, 800552.047400001436472 ], [ 2800924.4324000030756, 800524.229899998754263 ], [ 2800953.85700000077486, 800503.299199998378754 ], [ 2800974.778999999165535, 800477.288800001144409 ], [ 2800987.448700003325939, 800457.342500001192093 ], [ 2801022.645499996840954, 800408.422100000083447 ], [ 2801051.855499997735023, 800375.844700001180172 ], [ 2801065.176399998366833, 800358.917500000447035 ], [ 2801069.43129999935627, 800351.422699999064207 ], [ 2801078.482600003480911, 800342.095899999141693 ], [ 2801078.614399999380112, 800329.480900000780821 ], [ 2801077.442400000989437, 800323.917199999094009 ], [ 2801073.966300003230572, 800317.405200000852346 ], [ 2801066.288999997079372, 800311.292700000107288 ], [ 2801048.323399998247623, 800302.60020000115037 ], [ 2801038.196800000965595, 800297.024099998176098 ], [ 2801031.197999998927116, 800291.405600000172853 ], [ 2801025.84740000218153, 800285.276799999177456 ], [ 2801024.336800001561642, 800279.222699999809265 ], [ 2801021.380199998617172, 800261.849300000816584 ], [ 2801018.336400002241135, 800234.147799998521805 ], [ 2801020.166599996387959, 800195.960400000214577 ], [ 2801022.031400002539158, 800172.830699998885393 ], [ 2801026.664099998772144, 800160.091499999165535 ], [ 2801023.153599999845028, 800143.594799999147654 ], [ 2801022.870800003409386, 800124.744300000369549 ], [ 2801048.028599999845028, 799954.848000001162291 ], [ 2801064.046599999070168, 799884.650299999862909 ], [ 2801063.2162000015378, 799779.012899998575449 ], [ 2801063.129900000989437, 799703.410700000822544 ], [ 2801054.416500002145767, 799628.875999998301268 ], [ 2801039.124899998307228, 799573.667300000786781 ], [ 2801022.372900001704693, 799517.181600000709295 ], [ 2800979.446400001645088, 799423.016800001263618 ], [ 2800920.329300001263618, 799325.766199998557568 ], [ 2800904.366899996995926, 799261.771600000560284 ], [ 2800888.469800002872944, 799208.191799998283386 ], [ 2800861.048799999058247, 799150.489999998360872 ], [ 2800846.031099997460842, 799114.265399999916553 ], [ 2800833.91950000077486, 799065.904100000858307 ], [ 2800817.494000002741814, 798986.772100001573563 ], [ 2800816.093999996781349, 798898.866399999707937 ], [ 2800807.298600003123283, 798815.317299999296665 ], [ 2800801.832599997520447, 798720.661200001835823 ], [ 2800814.710699997842312, 798599.021200001239777 ], [ 2800812.137900002300739, 798510.771499998867512 ], [ 2800818.551299996674061, 798406.625799998641014 ], [ 2800845.045100003480911, 798342.836800001561642 ], [ 2800854.874099999666214, 798308.94310000166297 ], [ 2800841.142499998211861, 798241.523699998855591 ], [ 2800842.683399997651577, 798223.667899999767542 ], [ 2800844.855200000107288, 798212.831599999219179 ], [ 2800852.699400000274181, 798202.520599998533726 ], [ 2800891.460400000214577, 798191.705899998545647 ], [ 2800942.806800000369549, 798161.050999999046326 ], [ 2800969.4978, 798163.679800000041723 ], [ 2801006.451499998569489, 798166.097699999809265 ], [ 2801091.32379999756813, 798154.046000000089407 ], [ 2800991.721000000834465, 797953.960999999195337 ], [ 2800873.229599997401237, 797715.366300001740456 ], [ 2800364.401600003242493, 797941.424400001764297 ], [ 2800304.9070999994874, 797967.319200001657009 ], [ 2800224.534699998795986, 798003.5636 ], [ 2800180.621500000357628, 798014.293800000101328 ], [ 2800130.080300003290176, 798035.788199998438358 ], [ 2800093.21000000089407, 798052.738499999046326 ], [ 2800067.0757, 798068.914500001817942 ], [ 2800026.218800000846386, 798096.225600000470877 ], [ 2799995.041299998760223, 798126.903599999845028 ], [ 2799978.008100003004074, 798173.134199999272823 ], [ 2799946.917900003492832, 798238.348299998790026 ], [ 2799904.697599999606609, 798297.710700001567602 ], [ 2799872.454800002276897, 798343.486800000071526 ], [ 2799849.682199999690056, 798372.105099998414516 ], [ 2799822.636900000274181, 798414.97239999845624 ], [ 2799796.997299998998642, 798460.977400001138449 ], [ 2799771.686300002038479, 798518.2010000012815 ], [ 2799750.930299997329712, 798565.672699999064207 ], [ 2799737.89469999819994, 798599.043699998408556 ], [ 2799718.083099998533726, 798634.514899998903275 ], [ 2799695.438900001347065, 798677.745999999344349 ], [ 2799670.529100000858307, 798709.915300000458956 ], [ 2799640.144100002944469, 798740.473799999803305 ], [ 2799611.284400001168251, 798771.062600001692772 ], [ 2799582.991499997675419, 798799.918000001460314 ], [ 2799549.994000002741814, 798821.190400000661612 ], [ 2799537.5132, 798828.043699998408556 ], [ 2799480.696400001645088, 798858.427400000393391 ], [ 2799415.016699999570847, 798894.49210000038147 ], [ 2799369.029399998486042, 798922.231499999761581 ], [ 2799337.889399997889996, 798936.30689999833703 ], [ 2799295.268100000917912, 798946.15089999884367 ], [ 2799256.194700002670288, 798956.319499999284744 ], [ 2799190.792599998414516, 798965.443399999290705 ], [ 2799137.832699999213219, 798968.586599998176098 ], [ 2799042.888099998235703, 798971.099800001829863 ], [ 2799031.818599998950958, 798919.11089999973774 ], [ 2798831.905900001525879, 797983.834300000220537 ], [ 2798817.460799999535084, 797912.504299998283386 ], [ 2798779.490500003099442, 796956.5810999982059 ], [ 2798630.383400000631809, 796512.273200001567602 ], [ 2798531.096600003540516, 796199.778799999505281 ], [ 2797700.913400001823902, 794215.474800001829863 ], [ 2798616.546899996697903, 793277.892299998551607 ], [ 2799467.540600001811981, 792383.304299999028444 ], [ 2800576.258100003004074, 791167.916799999773502 ], [ 2796187.794299997389317, 791422.876600001007318 ], [ 2791683.442100003361702, 791684.56810000166297 ], [ 2791085.019799999892712, 791719.335400000214577 ], [ 2787908.779600001871586, 793921.948899999260902 ], [ 2785561.615800000727177, 795549.624200001358986 ], [ 2785404.056699998676777, 795815.00279999896884 ], [ 2785139.466300003230572, 796260.654599998146296 ], [ 2784841.862300001084805, 796761.910700000822544 ], [ 2784595.639499999582767, 797176.625500001013279 ], [ 2783978.633599996566772, 799229.827799998223782 ], [ 2783702.512800000607967, 800062.068300001323223 ], [ 2783197.145499996840954, 801344.056699998676777 ], [ 2783068.73309999704361, 801765.551100000739098 ], [ 2782913.566100001335144, 802031.810400001704693 ], [ 2782857.340700000524521, 802340.019099999219179 ], [ 2782779.52589999884367, 802727.620799999684095 ], [ 2782772.08219999819994, 802847.22069999948144 ], [ 2782717.084799997508526, 803095.575500000268221 ], [ 2782687.334399998188019, 803329.479499999433756 ], [ 2782528.637199997901917, 803712.798700001090765 ], [ 2782449.808300003409386, 804256.481300000101328 ], [ 2782407.534599997103214, 804548.042599998414516 ], [ 2782301.598999999463558, 804616.772999998182058 ], [ 2782283.837300002574921, 804632.283900000154972 ], [ 2781857.057300001382828, 805012.815000001341105 ], [ 2781743.400200001895428, 805114.070999998599291 ], [ 2781435.758299998939037, 805388.14979999884963 ], [ 2781446.937899999320507, 805508.402199998497963 ], [ 2781496.371200002729893, 806040.062100000679493 ], [ 2781549.718400001525879, 805986.123799998313189 ], [ 2781591.139600001275539, 805965.552000001072884 ], [ 2781613.647600002586842, 805956.745700001716614 ], [ 2781660.20440000295639, 805941.649900000542402 ], [ 2781708.758500002324581, 805912.94819999858737 ], [ 2781740.943599998950958, 805888.016699999570847 ], [ 2781770.370999999344349, 805869.537200000137091 ], [ 2781803.412699997425079, 805887.057199999690056 ], [ 2781843.070100001990795, 805894.702799998223782 ], [ 2781873.123400002717972, 805886.599199999123812 ], [ 2781901.944700002670288, 805879.36600000038743 ], [ 2781931.365199998021126, 805865.07490000128746 ], [ 2781948.011600002646446, 805853.960799999535084 ], [ 2781960.778999999165535, 805841.576999999582767 ], [ 2781975.422200001776218, 805828.441100001335144 ], [ 2781996.075599998235703, 805803.670299999415874 ], [ 2782031.31700000166893, 805809.149999998509884 ], [ 2782085.163599997758865, 805764.302600000053644 ], [ 2782123.700000002980232, 805759.589600000530481 ], [ 2782144.5, 805738.429200001060963 ], [ 2782170.23030000180006, 805710.140900000929832 ], [ 2782196.502300001680851, 805670.490800000727177 ], [ 2782230.832000002264977, 805635.812800001353025 ], [ 2782254.530299998819828, 805623.988800000399351 ], [ 2782290.967399999499321, 805617.367400001734495 ], [ 2782319.214299999177456, 805591.717099998146296 ], [ 2782392.573600001633167, 805545.337799999862909 ], [ 2782457.057499997317791, 805507.559500001370907 ], [ 2782503.676600001752377, 805503.404399998486042 ], [ 2782539.957000002264977, 805489.95890000090003 ], [ 2782569.125200003385544, 805465.890900000929832 ], [ 2782645.923199996352196, 805392.218600001186132 ], [ 2782724.9846, 805310.118700001388788 ], [ 2782754.6382, 805283.864000000059605 ], [ 2782782.223800003528595, 805257.64979999884963 ], [ 2782803.480999998748302, 805228.268100000917912 ], [ 2782819.232600003480911, 805202.8429000005126 ], [ 2782857.929200001060963, 805167.118700001388788 ], [ 2782887.338500000536442, 805135.697299998253584 ], [ 2782935.759999997913837, 805098.9206000007689 ], [ 2782988.726599998772144, 805062.598299998790026 ], [ 2782996.709399998188019, 805055.164799999445677 ], [ 2783044.290200002491474, 805053.611099999397993 ], [ 2783089.936099998652935, 805029.130899999290705 ], [ 2783119.439000003039837, 805004.651700001209974 ], [ 2783167.501599997282028, 805005.427400000393391 ], [ 2783228.777699999511242, 805003.086500000208616 ], [ 2783291.745899997651577, 805028.577300000935793 ], [ 2783341.2971, 805046.265000000596046 ], [ 2783377.403300002217293, 805051.410700000822544 ], [ 2783424.044299997389317, 805029.820099998265505 ], [ 2783459.393299996852875, 805020.986900001764297 ], [ 2783492.800599999725819, 805013.998700000345707 ], [ 2783522.644400000572205, 804988.554900001734495 ], [ 2783554.702500000596046, 804943.08839999884367 ], [ 2783586.27080000191927, 804905.251600001007318 ], [ 2783623.571900002658367, 804854.616999998688698 ], [ 2783647.017300002276897, 804817.508200000971556 ], [ 2783670.571000002324581, 804765.321299999952316 ], [ 2783682.488799996674061, 804749.665399998426437 ], [ 2783694.066799998283386, 804739.794599998742342 ], [ 2783710.163000002503395, 804732.902100000530481 ], [ 2783735.995800003409386, 804726.956300001591444 ], [ 2783749.917999997735023, 804716.539000000804663 ], [ 2783761.364500001072884, 804701.57319999858737 ], [ 2783769.949199996888638, 804690.40260000154376 ], [ 2783788.684000000357628, 804675.156899999827147 ], [ 2783801.70610000193119, 804666.8614999987185 ], [ 2783805.878799997270107, 804661.807900000363588 ], [ 2783812.788199998438358, 804648.198499999940395 ], [ 2783820.542199999094009, 804640.084300000220537 ], [ 2783829.641500003635883, 804633.720100000500679 ], [ 2783846.803999997675419, 804620.97239999845624 ], [ 2783873.5471, 804595.320500001311302 ], [ 2783915.459799997508526, 804581.434500001370907 ], [ 2783953.175300002098083, 804587.897300001233816 ], [ 2784017.83219999819994, 804639.594099998474121 ], [ 2784051.773100003600121, 804675.055399999022484 ], [ 2784091.540700003504753, 804659.833000000566244 ], [ 2784137.490800000727177, 804639.400800000876188 ], [ 2784176.622500002384186, 804619.753100000321865 ], [ 2784215.493500001728535, 804602.697599999606609 ], [ 2784264.182199999690056, 804583.296999998390675 ], [ 2784291.768899999558926, 804592.521899998188019 ], [ 2784303.094300001859665, 804593.650299999862909 ], [ 2784315.355700001120567, 804589.27309999987483 ], [ 2784337.059500001370907, 804583.086800001561642 ], [ 2784353.899700000882149, 804571.271000001579523 ], [ 2784394.400600001215935, 804538.935699999332428 ], [ 2784410.17960000038147, 804524.887099999934435 ], [ 2784433.854900002479553, 804519.292500000447035 ], [ 2784466.30349999666214, 804522.923000000417233 ], [ 2784509.060400001704693, 804525.172800000756979 ], [ 2784539.214000001549721, 804530.121500000357628 ], [ 2784569.819799996912479, 804539.118000000715256 ], [ 2784595.023900002241135, 804545.864700000733137 ], [ 2784621.580399997532368, 804543.615600001066923 ], [ 2784669.599399998784065, 804539.520100001245737 ], [ 2784688.302500002086163, 804542.190799999982119 ], [ 2784702.193400003015995, 804545.219900000840425 ], [ 2784713.470600001513958, 804552.99720000103116 ], [ 2784723.823700003325939, 804561.212099999189377 ], [ 2784732.894900001585484, 804565.056400001049042 ], [ 2784747.255800001323223, 804573.8429000005126 ], [ 2784757.740299999713898, 804582.151900000870228 ], [ 2784766.804399996995926, 804588.249899998307228 ], [ 2784773.130300000309944, 804587.388000000268221 ], [ 2784790.381800003349781, 804582.789900001138449 ], [ 2784822.589000001549721, 804585.090399999171495 ], [ 2784840.16330000013113, 804580.230099998414516 ], [ 2784864.431599996984005, 804573.515700001269579 ], [ 2784882.776799999177456, 804561.076299998909235 ], [ 2784897.428099997341633, 804537.805399999022484 ], [ 2784908.392200000584126, 804532.590300001204014 ], [ 2784929.285499997437, 804521.313400000333786 ], [ 2785003.331000000238419, 804525.568599998950958 ], [ 2785029.589000001549721, 804542.014499999582767 ], [ 2785055.496899999678135, 804561.26069999858737 ], [ 2785087.115800000727177, 804576.944699998944998 ], [ 2785112.617299996316433, 804590.069200001657009 ], [ 2785133.222499996423721, 804596.091400001198053 ], [ 2785143.283100001513958, 804599.248100001364946 ], [ 2785150.9978, 804597.6739999987185 ], [ 2785159.226099997758865, 804595.118000000715256 ], [ 2785173.466099999845028, 804589.468400001525879 ], [ 2785190.747299998998642, 804592.547800000756979 ], [ 2785219.494199998676777, 804592.396200001239777 ], [ 2785236.663699999451637, 804600.922800000756979 ], [ 2785266.786100000143051, 804614.306400001049042 ], [ 2785297.016199998557568, 804623.831700000911951 ], [ 2785318.259199999272823, 804631.72690000012517 ], [ 2785376.509499996900558, 804642.411200001835823 ], [ 2785398.434900000691414, 804655.079599998891354 ], [ 2785439.543799996376038, 804666.037399999797344 ], [ 2785455.723200000822544, 804682.283900000154972 ], [ 2785459.499600000679493, 804685.375599998980761 ], [ 2785463.000100001692772, 804688.463199999183416 ], [ 2785467.351899996399879, 804690.196600001305342 ], [ 2785487.394500002264977, 804692.964299999177456 ], [ 2785496.292199999094009, 804697.200100000947714 ], [ 2785502.648500002920628, 804701.646000001579523 ], [ 2785506.595299996435642, 804708.352800000458956 ], [ 2785509.470899999141693, 804711.541200000792742 ], [ 2785512.415899999439716, 804712.227600000798702 ], [ 2785517.909299999475479, 804711.791900001466274 ], [ 2785529.764799997210503, 804716.043000001460314 ], [ 2785545.423699997365475, 804729.855900000780821 ], [ 2785587.600199997425079, 804782.021600000560284 ], [ 2785593.81139999628067, 804793.441199999302626 ], [ 2785598.703199997544289, 804802.420800000429153 ], [ 2785604.017499998211861, 804811.409499999135733 ], [ 2785610.209200002253056, 804818.935300000011921 ], [ 2785619.026900000870228, 804822.077500000596046 ], [ 2785625.054200001060963, 804827.274700000882149 ], [ 2785630.436700001358986, 804837.090700000524521 ], [ 2785632.0757, 804859.925000000745058 ], [ 2785637.655000001192093, 804899.030699998140335 ], [ 2785641.411200001835823, 804906.661499999463558 ], [ 2785662.93860000371933, 804914.409000001847744 ], [ 2785679.257399998605251, 804924.666799999773502 ], [ 2785702.0691, 804944.926399998366833 ], [ 2785738.378499999642372, 804978.330699998885393 ], [ 2785809.582900002598763, 805030.790100000798702 ], [ 2785826.011699996888638, 805071.839000001549721 ], [ 2785834.739100001752377, 805093.903599999845028 ], [ 2785851.168200001120567, 805101.60080000013113 ], [ 2785856.301600001752377, 805119.046700000762939 ], [ 2785857.840899996459484, 805135.466899998486042 ], [ 2785858.17230000346899, 805154.892900001257658 ], [ 2785865.132100000977516, 805178.949099998921156 ], [ 2785871.689099997282028, 805253.874099999666214 ], [ 2785867.908299997448921, 805273.544399999082088 ], [ 2785864.659500002861023, 805317.037000000476837 ], [ 2785857.336099997162819, 805349.972199998795986 ], [ 2785849.322800002992153, 805383.054400000721216 ], [ 2785850.367299996316433, 805420.314800001680851 ], [ 2785871.462399996817112, 805441.764199998229742 ], [ 2785888.721799999475479, 805457.958700001239777 ], [ 2785912.673500001430511, 805480.48930000141263 ], [ 2785971.143399998545647, 805507.947500001639128 ], [ 2786016.079099997878075, 805544.886500000953674 ], [ 2786046.500100001692772, 805603.094799999147654 ], [ 2786076.831299997866154, 805634.249400001019239 ], [ 2786098.512699998915195, 805657.818199999630451 ], [ 2786127.090700000524521, 805682.375100001692772 ], [ 2786143.412000000476837, 805690.291400000452995 ], [ 2786164.151799999177456, 805703.419799998402596 ], [ 2786183.761500000953674, 805720.866200000047684 ], [ 2786199.154500000178814, 805749.11540000140667 ], [ 2786208.441399998962879, 805776.510800000280142 ], [ 2786223.490599997341633, 805786.613600000739098 ], [ 2786300.60700000077486, 805800.25 ], [ 2786332.7516999989748, 805810.423300001770258 ], [ 2786367.755400002002716, 805835.872600000351667 ], [ 2786425.194899998605251, 805880.806800000369549 ], [ 2786461.415799997746944, 805934.348299998790026 ], [ 2786516.045500002801418, 805974.447000000625849 ], [ 2786603.9679000005126, 806040.993200000375509 ], [ 2786640.672799997031689, 806070.852600000798702 ], [ 2786668.976700000464916, 806084.885499998927116 ], [ 2786691.519000001251698, 806089.291499998420477 ], [ 2786717.110500000417233, 806094.409299999475479 ], [ 2786738.096799999475479, 806106.158500000834465 ], [ 2786770.589199997484684, 806108.949000000953674 ], [ 2786783.087099999189377, 806120.522999998182058 ], [ 2786788.265100002288818, 806143.9679000005126 ], [ 2786896.685199998319149, 806233.783599998801947 ], [ 2786923.479000002145767, 806263.931600000709295 ], [ 2786969.42509999871254, 806280.665699999779463 ], [ 2787032.618500001728535, 806319.818799998611212 ], [ 2787060.878799997270107, 806336.368000000715256 ], [ 2787105.2566, 806343.866999998688698 ], [ 2787147.754000000655651, 806353.821199998259544 ], [ 2787183.610299997031689, 806361.785900000482798 ], [ 2787219.466300003230572, 806371.078000001609325 ], [ 2787284.767700001597404, 806404.868400000035763 ], [ 2787319.013400003314018, 806422.400400001555681 ], [ 2787430.430200003087521, 806496.416299998760223 ], [ 2787458.959799997508526, 806525.176100000739098 ], [ 2787482.531999997794628, 806549.182599999010563 ], [ 2787513.392399996519089, 806582.962600000202656 ], [ 2787532.02759999781847, 806613.27140000090003 ], [ 2787559.646899998188019, 806640.467000000178814 ], [ 2787578.651799999177456, 806670.195500001311302 ], [ 2787596.753100000321865, 806715.908700000494719 ], [ 2787629.979999996721745, 806724.742899999022484 ], [ 2787692.442299999296665, 806724.743099998682737 ], [ 2787719.692699998617172, 806725.913699999451637 ], [ 2787732.554399996995926, 806752.234299998730421 ], [ 2787765.219999998807907, 806802.063499998301268 ], [ 2787817.940499998629093, 806856.473600000143051 ], [ 2787858.395700000226498, 806882.11879999935627 ], [ 2787896.719400003552437, 806897.969000000506639 ], [ 2787937.176299996674061, 806940.107799999415874 ], [ 2787994.252899996936321, 806982.007500000298023 ], [ 2788025.42790000140667, 807014.478300001472235 ], [ 2788047.742200002074242, 807055.446100000292063 ], [ 2788055.786799997091293, 807086.475699998438358 ], [ 2788070.893200002610683, 807125.105999998748302 ], [ 2788071.164800003170967, 807185.985199999064207 ], [ 2788055.23759999871254, 807246.098099999129772 ], [ 2788047.476800002157688, 807289.829900000244379 ], [ 2788063.409299999475479, 807315.763399999588728 ], [ 2788094.413999997079372, 807354.013599999248981 ], [ 2788117.081699997186661, 807380.331199999898672 ], [ 2788134.445600003004074, 807406.539500001817942 ], [ 2788148.251299999654293, 807444.604899998754263 ], [ 2788157.053300000727177, 807502.583299998193979 ], [ 2788188.634400002658367, 807566.593199998140335 ], [ 2788238.01410000026226, 807609.915100000798702 ], [ 2788231.979299999773502, 807660.367800001055002 ], [ 2788216.468099996447563, 807699.098999999463558 ], [ 2788194.633000001311302, 807721.08219999819994 ], [ 2788171.98030000180006, 807742.933800000697374 ], [ 2788150.01860000193119, 807781.493900001049042 ], [ 2788152.587700001895428, 807826.603799998760223 ], [ 2788184.847099997103214, 807881.671599999070168 ], [ 2788199.009300000965595, 807906.960499998182058 ], [ 2788209.4003000035882, 807930.541900001466274 ], [ 2788229.315099999308586, 807976.168600000441074 ], [ 2788244.557899996638298, 807997.867600001394749 ], [ 2788272.094300001859665, 808033.673000000417233 ], [ 2788296.063799999654293, 808059.794900000095367 ], [ 2788309.513700000941753, 808064.345800001174212 ], [ 2788317.871699996292591, 808078.807399999350309 ], [ 2788318.977200001478195, 808091.052999999374151 ], [ 2788311.608499996364117, 808103.534699998795986 ], [ 2788282.043399997055531, 808135.592999998480082 ], [ 2788284.963600002229214, 808156.569899998605251 ], [ 2788294.302199997007847, 808189.295800000429153 ], [ 2788313.351800002157688, 808193.156899999827147 ], [ 2788337.41669999808073, 808191.046799998730421 ], [ 2788349.238099999725819, 808195.688000001013279 ], [ 2788367.269500002264977, 808218.027899999171495 ], [ 2788370.338100001215935, 808233.994699999690056 ], [ 2788370.771300002932549, 808247.166999999433756 ], [ 2788372.074199996888638, 808261.256000000983477 ], [ 2788390.615299999713898, 808272.486600000411272 ], [ 2788408.345600001513958, 808282.191300000995398 ], [ 2788421.855999998748302, 808290.630199998617172 ], [ 2788444.125399999320507, 808307.644400000572205 ], [ 2788474.454000003635883, 808319.644600000232458 ], [ 2788507.325199998915195, 808317.2972999997437 ], [ 2788519.290200002491474, 808313.3564000017941 ], [ 2788537.755599997937679, 808308.852400001138449 ], [ 2788546.38459999859333, 808323.711300000548363 ], [ 2788554.868699997663498, 808335.516600001603365 ], [ 2788563.002499997615814, 808350.222500000149012 ], [ 2788573.902500003576279, 808376.418499998748302 ], [ 2788578.137599997222424, 808390.657499998807907 ], [ 2788574.084200002253056, 808410.607299998402596 ], [ 2788572.862999998033047, 808433.473499998450279 ], [ 2788578.669699996709824, 808458.442200001329184 ], [ 2788578.543700002133846, 808483.149000000208616 ], [ 2788585.954199999570847, 808507.83049999922514 ], [ 2788590.420400001108646, 808530.627999998629093 ], [ 2788598.433600001037121, 808544.013199999928474 ], [ 2788638.248499996960163, 808568.397999998182058 ], [ 2788655.79619999974966, 808580.593699999153614 ], [ 2788672.194600000977516, 808599.891600001603365 ], [ 2788682.858599998056889, 808609.789900001138449 ], [ 2788692.626900002360344, 808613.413600001484156 ], [ 2788710.652199998497963, 808618.760600000619888 ], [ 2788727.44820000231266, 808625.204599998891354 ], [ 2788748.307800002396107, 808635.865200001746416 ], [ 2788763.639300003647804, 808647.741399999707937 ], [ 2788809.664800003170967, 808695.507599998265505 ], [ 2788815.589699998497963, 808704.914099998772144 ], [ 2788821.013899996876717, 808716.576799999922514 ], [ 2788824.201999999582767, 808726.836199998855591 ], [ 2788822.530100002884865, 808741.975499998778105 ], [ 2788821.013300001621246, 808764.977200001478195 ], [ 2788817.704800002276897, 808789.479299999773502 ], [ 2788820.644000001251698, 808818.045499999076128 ], [ 2788841.757399998605251, 808874.704300001263618 ], [ 2788865.785199999809265, 808932.70549999922514 ], [ 2788863.379900000989437, 808945.898299999535084 ], [ 2788870.164499998092651, 808956.943399999290705 ], [ 2788881.198700003325939, 808967.096200000494719 ], [ 2788883.062899999320507, 808974.710900001227856 ], [ 2788883.838600002229214, 808977.87950000166893 ], [ 2788881.151000000536442, 809012.1858000010252 ], [ 2788880.813799999654293, 809016.489500001072884 ], [ 2788879.240000002086163, 809030.718499999493361 ], [ 2788875.202500000596046, 809046.332299999892712 ], [ 2788867.536100000143051, 809082.168800000101328 ], [ 2788862.187700003385544, 809121.146999999880791 ], [ 2788857.561200000345707, 809160.486900001764297 ], [ 2788850.1266999989748, 809179.234200000762939 ], [ 2788842.861100003123283, 809191.540800001472235 ], [ 2788823.703699998557568, 809220.979800000786781 ], [ 2788816.329499997198582, 809230.261100001633167 ], [ 2788813.7804000005126, 809241.496700000017881 ], [ 2788812.022699996829033, 809246.49439999833703 ], [ 2788809.1426, 809254.683100000023842 ], [ 2788811.816299997270107, 809272.391199998557568 ], [ 2788817.060999996960163, 809294.316899999976158 ], [ 2788824.223300002515316, 809315.337600000202656 ], [ 2788827.468699999153614, 809323.754099998623133 ], [ 2788829.930100001394749, 809333.291700001806021 ], [ 2788840.531300000846386, 809344.139499999582767 ], [ 2788846.92679999768734, 809360.0320999994874 ], [ 2788851.546899996697903, 809369.490899998694658 ], [ 2788851.988300003111362, 809377.518899999558926 ], [ 2788839.958599999547005, 809390.950199998915195 ], [ 2788834.907399997115135, 809396.589800000190735 ], [ 2788817.442400000989437, 809414.696100000292063 ], [ 2788807.027699999511242, 809426.352600000798702 ], [ 2788800.920699998736382, 809437.256999999284744 ], [ 2788789.773800000548363, 809466.557300001382828 ], [ 2788790.123400002717972, 809485.043299999088049 ], [ 2788800.354599997401237, 809504.607999999076128 ], [ 2788831.540799997746944, 809532.252500001341105 ], [ 2788886.20269999653101, 809577.690200001001358 ], [ 2788894.35360000282526, 809590.578899998217821 ], [ 2788943.1908999979496, 809655.824000000953674 ], [ 2788944.350100003182888, 809665.077100001275539 ], [ 2788945.239500001072884, 809677.672800000756979 ], [ 2788943.165700003504753, 809693.200500000268221 ], [ 2788931.592500001192093, 809715.927000001072884 ], [ 2788924.85249999910593, 809721.627500001341105 ], [ 2788896.564800001680851, 809716.110700000077486 ], [ 2788891.0066, 809711.713100001215935 ], [ 2788867.652199998497963, 809690.719200000166893 ], [ 2788852.038099996745586, 809679.531100001186132 ], [ 2788836.092699997127056, 809669.268500000238419 ], [ 2788817.307300001382828, 809662.67119999974966 ], [ 2788800.302799999713898, 809657.043499998748302 ], [ 2788785.153800003230572, 809657.832400001585484 ], [ 2788766.322400003671646, 809657.832800000905991 ], [ 2788749.992600001394749, 809660.860399998724461 ], [ 2788735.638099998235703, 809666.257800001651049 ], [ 2788724.839599996805191, 809671.260999999940395 ], [ 2788684.9934, 809704.372600000351667 ], [ 2788635.054999999701977, 809744.76799999922514 ], [ 2788594.885200001299381, 809796.99100000038743 ], [ 2788589.902199998497963, 809805.293600000441074 ], [ 2788593.847499996423721, 809810.896800000220537 ], [ 2788630.807199999690056, 809834.768300000578165 ], [ 2788668.596500001847744, 809848.468899998813868 ], [ 2788687.264499999582767, 809859.25620000064373 ], [ 2788694.216099999845028, 809874.855599999427795 ], [ 2788723.847599998116493, 809909.75959999859333 ], [ 2788746.033500000834465, 809950.907200001180172 ], [ 2788752.720299996435642, 809967.680799998342991 ], [ 2788755.523599997162819, 810023.5135000012815 ], [ 2788760.629900000989437, 810059.237199999392033 ], [ 2788763.3301, 810101.86879999935627 ], [ 2788761.498199999332428, 810119.012099999934435 ], [ 2788751.441699996590614, 810150.316100001335144 ], [ 2788722.288000002503395, 810175.406800001859665 ], [ 2788671.515299998223782, 810216.124800000339746 ], [ 2788606.263099998235703, 810271.476500000804663 ], [ 2788595.739699997007847, 810299.156599998474121 ], [ 2788598.071400001645088, 810333.313200000673532 ], [ 2788601.3783999979496, 810385.322700001299381 ], [ 2788603.757299996912479, 810392.768399998545647 ], [ 2788607.74549999833107, 810397.716499999165535 ], [ 2788638.510600000619888, 810407.887899998575449 ], [ 2788668.335400000214577, 810419.30009999871254 ], [ 2788701.457000002264977, 810466.305100001394749 ], [ 2788705.81700000166893, 810473.782200001180172 ], [ 2788709.269599996507168, 810480.679900001734495 ], [ 2788711.533100001513958, 810487.796599999070168 ], [ 2788713.470200002193451, 810495.804699998348951 ], [ 2788708.932899996638298, 810532.234099999070168 ], [ 2788699.320600003004074, 810553.413800001144409 ], [ 2788697.159400001168251, 810568.873500000685453 ], [ 2788699.149599999189377, 810588.692600000649691 ], [ 2788704.692500002682209, 810608.174699999392033 ], [ 2788709.038099996745586, 810614.552400000393391 ], [ 2788715.169100001454353, 810623.550299998372793 ], [ 2788718.96509999781847, 810627.651399999856949 ], [ 2788726.4628000035882, 810635.751600001007318 ], [ 2788767.279899999499321, 810671.0304000005126 ], [ 2788769.013099998235703, 810672.545699998736382 ], [ 2788773.495200000703335, 810676.464200001209974 ], [ 2788779.13629999756813, 810682.150600001215935 ], [ 2788809.750500001013279, 810719.4054000005126 ], [ 2788819.785099998116493, 810734.908399999141693 ], [ 2788859.50959999859333, 810756.249899998307228 ], [ 2788893.456500001251698, 810781.540399998426437 ], [ 2788915.506399996578693, 810797.967700000852346 ], [ 2788936.827200002968311, 810813.851799998432398 ], [ 2788951.651100002229214, 810830.953999999910593 ], [ 2788962.520099997520447, 810851.432900000363588 ], [ 2788964.769199997186661, 810862.828999999910593 ], [ 2788961.235100001096725, 810883.033300001174212 ], [ 2788949.662900000810623, 810915.302799999713898 ], [ 2788949.781499996781349, 810928.712600000202656 ], [ 2788944.170999996364117, 810962.35530000180006 ], [ 2788944.246200002729893, 810982.282400000840425 ], [ 2788942.299999997019768, 810996.907900001853704 ], [ 2788939.645499996840954, 811016.690600000321865 ], [ 2788933.731700003147125, 811047.080200001597404 ], [ 2788928.925300002098083, 811066.165899999439716 ], [ 2788922.930299997329712, 811082.721999999135733 ], [ 2788907.430299997329712, 811118.116700001060963 ], [ 2788894.969300001859665, 811142.349899999797344 ], [ 2788871.468699999153614, 811155.324400000274181 ], [ 2788850.185699999332428, 811182.9375 ], [ 2788846.821900002658367, 811199.204300001263618 ], [ 2788838.112999998033047, 811204.054200001060963 ], [ 2788858.835500001907349, 811245.168800000101328 ], [ 2788870.983300000429153, 811287.58500000089407 ], [ 2788884.418600000441074, 811320.502700001001358 ], [ 2788895.03830000013113, 811339.85700000077486 ], [ 2788907.429899998009205, 811355.174499999731779 ], [ 2788914.010300002992153, 811368.216099999845028 ], [ 2788926.785999998450279, 811402.05970000103116 ], [ 2788937.279600001871586, 811428.296999998390675 ], [ 2788946.554499998688698, 811456.671799998730421 ], [ 2788949.762000001966953, 811470.737300001084805 ], [ 2788951.788699999451637, 811478.759199999272823 ], [ 2788952.881300002336502, 811490.920299999415874 ], [ 2788953.287299998104572, 811509.562699999660254 ], [ 2788914.044200003147125, 811541.349599998444319 ], [ 2788898.3706, 811534.179499998688698 ], [ 2788884.183499999344349, 811548.793999999761581 ], [ 2788873.732799999415874, 811556.830099999904633 ], [ 2788847.527800001204014, 811569.914099998772144 ], [ 2788831.207999996840954, 811574.601199999451637 ], [ 2788815.2051, 811581.462900001555681 ], [ 2788802.360100001096725, 811568.518500000238419 ], [ 2788769.481200002133846, 811598.759700000286102 ], [ 2788760.331699997186661, 811612.6385000012815 ], [ 2788751.819200001657009, 811631.840500000864267 ], [ 2788750.413199998438358, 811650.831199999898672 ], [ 2788751.44539999961853, 811662.980000000447035 ], [ 2788760.483000002801418, 811720.203400000929832 ], [ 2788772.429300002753735, 811768.691700000315905 ], [ 2788783.481299996376038, 811813.549699999392033 ], [ 2788798.5647, 811863.150299999862909 ], [ 2788804.440099999308586, 811884.121500000357628 ], [ 2788805.524700000882149, 811890.704100001603365 ], [ 2788806.092500001192093, 811900.879700001329184 ], [ 2788804.414300002157688, 811912.639699999243021 ], [ 2788802.072899997234344, 811924.195799998939037 ], [ 2788799.629299998283386, 811936.255899999290705 ], [ 2788791.899700000882149, 811974.361299999058247 ], [ 2788789.218000002205372, 811994.597100000828505 ], [ 2788791.358199998736382, 812002.000599998980761 ], [ 2788824.895499996840954, 812010.084699999541044 ], [ 2788841.027099996805191, 812015.054099999368191 ], [ 2788854.836900003254414, 812018.309500001370907 ], [ 2788868.26349999755621, 812024.918499998748302 ], [ 2788880.171800002455711, 812033.982599999755621 ], [ 2788889.142899997532368, 812045.959300000220537 ], [ 2788899.469899997115135, 812056.790500000119209 ], [ 2788910.0713, 812067.351100001484156 ], [ 2788920.657700002193451, 812077.930300001055002 ], [ 2788931.243100002408028, 812088.508099999278784 ], [ 2788941.892399996519089, 812099.023299999535084 ], [ 2788951.985299997031689, 812108.832100000232458 ], [ 2788956.611699998378754, 812125.045899998396635 ], [ 2788956.988899998366833, 812140.005300000309944 ], [ 2788955.811899997293949, 812148.875399999320507 ], [ 2788944.744300000369549, 812167.313700001686811 ], [ 2788935.858900003135204, 812179.356699999421835 ], [ 2788926.439300000667572, 812190.983899999409914 ], [ 2788920.540299996733665, 812204.736699998378754 ], [ 2788921.968099996447563, 812217.368900001049042 ], [ 2788930.246899999678135, 812231.410300001502037 ], [ 2788940.6897, 812239.101500000804663 ], [ 2788953.886900000274181, 812247.924499999731779 ], [ 2788962.84179999679327, 812251.295200001448393 ], [ 2788975.573299996554852, 812256.087900001555681 ], [ 2788994.865699999034405, 812263.348600000143051 ], [ 2789009.342799998819828, 812268.797600001096725 ], [ 2789075.356499999761581, 812304.011300001293421 ], [ 2789088.41950000077486, 812312.934399999678135 ], [ 2789095.071000002324581, 812324.864399999380112 ], [ 2789093.946099996566772, 812340.231100000441074 ], [ 2789088.359399996697903, 812353.56529999896884 ], [ 2789079.233499996364117, 812358.208299998193979 ], [ 2789054.876199997961521, 812361.798599999397993 ], [ 2789027.166599996387959, 812384.279199998825788 ], [ 2788999.457000002264977, 812406.760999999940395 ], [ 2788992.152099996805191, 812426.030000001192093 ], [ 2788986.749099999666214, 812447.645500000566244 ], [ 2788991.050399996340275, 812454.813400000333786 ], [ 2788998.603699997067451, 812463.902100000530481 ], [ 2789016.415399998426437, 812469.528999999165535 ], [ 2789018.947700001299381, 812470.328499998897314 ], [ 2789048.181599996984005, 812520.529899999499321 ], [ 2789053.363600000739098, 812529.428700000047684 ], [ 2789082.596199996769428, 812579.627999998629093 ], [ 2789092.147600002586842, 812596.028099998831749 ], [ 2789094.1824000030756, 812600.618400000035763 ], [ 2789102.981600001454353, 812620.472100000828505 ], [ 2789112.272399999201298, 812646.219099998474121 ], [ 2789116.116700001060963, 812664.003299999982119 ], [ 2789125.011, 812689.480999998748302 ], [ 2789134.105899997055531, 812705.515700001269579 ], [ 2789159.182599999010563, 812728.595199998468161 ], [ 2789168.1858000010252, 812734.727299999445677 ], [ 2789173.134499996900558, 812738.09739999845624 ], [ 2789188.082999996840954, 812744.358300000429153 ], [ 2789193.271099999547005, 812747.710900001227856 ], [ 2789207.199299998581409, 812766.890399999916553 ], [ 2789207.366999998688698, 812785.911100000143051 ], [ 2789204.286700002849102, 812801.827500000596046 ], [ 2789188.770700000226498, 812816.891800001263618 ], [ 2789183.525399997830391, 812829.048900000751019 ], [ 2789183.344899997115135, 812868.817499998956919 ], [ 2789183.309900000691414, 812876.538699999451637 ], [ 2789176.671800002455711, 812885.563099998980761 ], [ 2789151.042700000107288, 812911.161699999123812 ], [ 2789131.7212999984622, 812934.396200001239777 ], [ 2789124.063799999654293, 812943.607500001788139 ], [ 2789100.077399998903275, 812966.604299999773502 ], [ 2789088.701300002634525, 812975.317899998277426 ], [ 2789069.138099998235703, 812988.132599998265505 ], [ 2789049.180100001394749, 813004.682799998670816 ], [ 2789038.140000000596046, 813011.193500000983477 ], [ 2789025.818199999630451, 813012.716499999165535 ], [ 2789002.211300000548363, 813015.01410000026226 ], [ 2788997.262100003659725, 813024.26969999819994 ], [ 2788994.822800002992153, 813056.094500001519918 ], [ 2788988.935900002717972, 813113.684999998658895 ], [ 2788968.214400000870228, 813253.066300000995398 ], [ 2788978.136699996888638, 813279.762699998915195 ], [ 2788984.04389999806881, 813301.21229999884963 ], [ 2789001.24099999666214, 813345.948499999940395 ], [ 2789011.145900003612041, 813369.349700000137091 ], [ 2789036.434299997985363, 813410.967799998819828 ], [ 2789043.130500003695488, 813416.470400001853704 ], [ 2789116.845299996435642, 813413.374499998986721 ], [ 2789077.273699998855591, 813443.618099998682737 ], [ 2789091.8147, 813463.672699999064207 ], [ 2789108.569700002670288, 813488.472199998795986 ], [ 2789115.960900001227856, 813501.485100001096725 ], [ 2789119.42679999768734, 813516.04109999909997 ], [ 2789122.024899996817112, 813531.441700000315905 ], [ 2789131.680299997329712, 813541.202300000935793 ], [ 2789148.168300002813339, 813544.071100000292063 ], [ 2789162.907700002193451, 813546.666700001806021 ], [ 2789177.584299996495247, 813549.576900001615286 ], [ 2789189.74889999628067, 813559.141800001263618 ], [ 2789195.535099998116493, 813561.682100001722574 ], [ 2789205.046899996697903, 813562.667899999767542 ], [ 2789209.767700001597404, 813560.654199998825788 ], [ 2789217.355700001120567, 813555.967599999159575 ], [ 2789226.778899997472763, 813551.747800000011921 ], [ 2789237.546700000762939, 813546.778900001198053 ], [ 2789247.018899999558926, 813549.65430000051856 ], [ 2789253.082099996507168, 813552.299800001084805 ], [ 2789259.145300000905991, 813554.945500001311302 ], [ 2789260.86710000038147, 813556.016499999910593 ], [ 2789276.972099997103214, 813566.031700000166893 ], [ 2789298.640100002288818, 813577.497699998319149 ], [ 2789312.451099999248981, 813584.697500001639128 ], [ 2789340.518299996852875, 813597.470300000160933 ], [ 2789412.240900002419949, 813621.743900001049042 ], [ 2789418.949699997901917, 813622.322500001639128 ], [ 2789426.189499996602535, 813620.801300000399351 ], [ 2789482.242899999022484, 813599.80290000140667 ], [ 2789484.281099997460842, 813598.658399999141693 ], [ 2789487.037699997425079, 813597.108500000089407 ], [ 2789488.898500002920628, 813596.13289999961853 ], [ 2789496.010300002992153, 813593.525100000202656 ], [ 2789509.96509999781847, 813588.19370000064373 ], [ 2789523.887299999594688, 813583.944899998605251 ], [ 2789540.421700000762939, 813582.057500001043081 ], [ 2789567.933899998664856, 813576.125100001692772 ], [ 2789583.137199997901917, 813577.49549999833107 ], [ 2789596.97070000320673, 813583.129299998283386 ], [ 2789619.586099997162819, 813592.699299998581409 ], [ 2789640.020499996840954, 813589.658300001174212 ], [ 2789655.338500000536442, 813595.357099998742342 ], [ 2789683.0658999979496, 813597.569699998944998 ], [ 2789698.342299997806549, 813600.460900001227856 ], [ 2789705.348499998450279, 813606.119899999350309 ], [ 2789708.34009999781847, 813619.306699998676777 ], [ 2789703.051299996674061, 813629.687300000339746 ], [ 2789692.080899998545647, 813641.612300001084805 ], [ 2789679.09009999781847, 813649.039900001138449 ], [ 2789677.3213, 813659.664900001138449 ], [ 2789683.483300000429153, 813672.134500000625849 ], [ 2789696.435099996626377, 813676.78830000013113 ], [ 2789714.095299996435642, 813676.585499998182058 ], [ 2789727.75110000371933, 813671.641699999570847 ], [ 2789738.890100002288818, 813660.326099999248981 ], [ 2789749.033500000834465, 813660.99439999833703 ], [ 2789757.637900002300739, 813673.529699999839067 ], [ 2789770.593900002539158, 813681.019000001251698 ], [ 2789785.58049999922514, 813690.345300000160933 ], [ 2789807.914700001478195, 813705.89130000025034 ], [ 2789822.102099999785423, 813728.347699999809265 ], [ 2789829.632100000977516, 813733.032900001853704 ], [ 2789837.002700001001358, 813735.449700001627207 ], [ 2789846.249899998307228, 813736.876800000667572 ], [ 2789854.848899997770786, 813739.732099998742342 ], [ 2789861.634099997580051, 813745.756700001657009 ], [ 2789881.706500001251698, 813770.995299998670816 ], [ 2789891.833800002932549, 813782.012099999934435 ], [ 2789902.046599999070168, 813792.951099999248981 ], [ 2789918.338899999856949, 813803.768800001591444 ], [ 2789938.764899998903275, 813815.396099999547005 ], [ 2789957.183799996972084, 813827.108399998396635 ], [ 2789973.315200001001358, 813841.91330000013113 ], [ 2789985.100199997425079, 813853.623500000685453 ], [ 2790041.608199998736382, 813943.084100000560284 ], [ 2790055.438900001347065, 813969.378299999982119 ], [ 2790056.338899999856949, 813984.992400001734495 ], [ 2790052.099500000476837, 813999.819400001317263 ], [ 2790045.219700001180172, 814013.109400000423193 ], [ 2790033.557599999010563, 814040.672699999064207 ], [ 2790029.808300003409386, 814056.342799998819828 ], [ 2790029.439900003373623, 814074.186999998986721 ], [ 2790029.372100003063679, 814077.479299999773502 ], [ 2790029.258500002324581, 814082.93470000103116 ], [ 2790028.903599999845028, 814100.126600001007318 ], [ 2790026.809500001370907, 814114.502599999308586 ], [ 2790021.830300003290176, 814129.208299998193979 ], [ 2790018.636900000274181, 814143.828099999576807 ], [ 2790016.430799998342991, 814158.629200000315905 ], [ 2790014.458700001239777, 814172.654199998825788 ], [ 2790019.687200002372265, 814187.676100000739098 ], [ 2790026.765799999237061, 814196.733899999409914 ], [ 2790028.244400002062321, 814206.701699998229742 ], [ 2790017.728500001132488, 814215.678399998694658 ], [ 2789990.610299997031689, 814229.00730000063777 ], [ 2789975.186800003051758, 814228.389499999582767 ], [ 2789958.578500002622604, 814226.153499998152256 ], [ 2789959.1875, 814243.158599998801947 ], [ 2789954.276299998164177, 814307.598000001162291 ], [ 2789968.338600002229214, 814304.594500001519918 ], [ 2790002.157600000500679, 814320.329199999570847 ], [ 2790020.228900000452995, 814334.479299999773502 ], [ 2790057.979299999773502, 814365.835900001227856 ], [ 2790075.314400002360344, 814381.952599998563528 ], [ 2789996.507700003683567, 814418.149300001561642 ], [ 2790029.431400001049042, 814492.914500001817942 ], [ 2790038.658500000834465, 814550.388099998235703 ], [ 2790060.713699996471405, 814548.858399998396635 ], [ 2790068.329300001263618, 814638.000900000333786 ], [ 2790089.729000002145767, 814648.599399998784065 ], [ 2790094.900399997830391, 814692.359000001102686 ], [ 2790099.511500000953674, 814749.993900001049042 ], [ 2790101.676100000739098, 814777.048900000751019 ], [ 2790123.623599998652935, 814795.201099999248981 ], [ 2790174.951399996876717, 814823.38060000166297 ], [ 2790204.376199997961521, 814837.620999999344349 ], [ 2790235.078000001609325, 814850.219900000840425 ], [ 2790257.11370000243187, 814860.216899998486042 ], [ 2790282.215000003576279, 814871.262600000947714 ], [ 2790306.594499997794628, 814888.151500001549721 ], [ 2790319.176899999380112, 814907.58390000090003 ], [ 2790345.63740000128746, 814929.659299999475479 ], [ 2790365.025799997150898, 814940.747000001370907 ], [ 2790408.265299998223782, 814942.127900000661612 ], [ 2790437.722000002861023, 814949.868299998342991 ], [ 2790494.409999996423721, 814974.94310000166297 ], [ 2790504.384999997913837, 814979.355500001460314 ], [ 2790518.187799997627735, 814985.460900001227856 ], [ 2790533.244499996304512, 814997.473200000822544 ], [ 2790540.476599998772144, 815005.168400000780821 ], [ 2790542.05290000140667, 815008.486900001764297 ], [ 2790548.977799996733665, 815023.069099999964237 ], [ 2790542.917400002479553, 815043.531300000846386 ], [ 2790535.332800000905991, 815068.826499998569489 ], [ 2790531.542300000786781, 815087.961300000548363 ], [ 2790533.69650000333786, 815102.492199998348951 ], [ 2790544.900700002908707, 815118.957800000905991 ], [ 2790563.157600000500679, 815137.472300000488758 ], [ 2790583.342200003564358, 815157.943799998611212 ], [ 2790617.133900001645088, 815185.253600001335144 ], [ 2790796.812899999320507, 815333.142499998211861 ], [ 2790812.057599999010563, 815375.226599998772144 ], [ 2790820.312399998307228, 815404.318199999630451 ], [ 2790852.290799997746944, 815419.387499999254942 ], [ 2790912.041199997067451, 815435.094900000840425 ], [ 2790924.928000003099442, 815439.332400001585484 ], [ 2791022.287600003182888, 815447.208299998193979 ], [ 2791153.943899996578693, 815459.379599999636412 ], [ 2791199.293300002813339, 815462.806499999016523 ], [ 2791234.442199997603893, 815465.427499998360872 ], [ 2791261.950599998235703, 815471.613699998706579 ], [ 2791266.864699997007847, 815473.618999999016523 ], [ 2791276.990699999034405, 815482.918600000441074 ], [ 2791286.270199999213219, 815493.378699999302626 ], [ 2791341.507700003683567, 815598.339699998497963 ], [ 2791349.81870000064373, 815583.058899998664856 ], [ 2791369.938100002706051, 815548.358500000089407 ], [ 2791396.143799997866154, 815508.521699998527765 ], [ 2791420.684199996292591, 815475.750900000333786 ], [ 2791440.8716000020504, 815448.916299998760223 ], [ 2791454.952399998903275, 815431.628699999302626 ], [ 2791524.06360000371933, 815339.555599998682737 ], [ 2791564.593199998140335, 815289.272199999541044 ], [ 2791570.925399996340275, 815281.416200000792742 ], [ 2791634.782899998128414, 815218.576499998569489 ], [ 2791671.080700002610683, 815188.81980000063777 ], [ 2791702.772200003266335, 815165.188700001686811 ], [ 2791718.353399999439716, 815154.283399999141693 ], [ 2791770.30120000243187, 815122.788100000470877 ], [ 2791826.206699997186661, 815095.160300001502037 ], [ 2791883.590899996459484, 815072.911800000816584 ], [ 2791934.714900001883507, 815056.225900001823902 ], [ 2791995.603900000452995, 815043.575500000268221 ], [ 2792046.519400000572205, 815032.997099999338388 ], [ 2792233.429300002753735, 815002.443999998271465 ], [ 2792390.937600001692772, 814975.851300001144409 ], [ 2792465.966099999845028, 814963.598200000822544 ], [ 2792554.169600002467632, 814948.264199998229742 ], [ 2792840.779899999499321, 814900.786100000143051 ], [ 2792849.29389999806881, 814899.343299999833107 ], [ 2792914.910400003194809, 814888.230599999427795 ], [ 2792962.986299999058247, 814879.859000001102686 ], [ 2792988.064800001680851, 814875.798900000751019 ], [ 2793068.114500001072884, 814862.151700001209974 ], [ 2793108.886799998581409, 814854.712400000542402 ], [ 2793159.580700002610683, 814842.355900000780821 ], [ 2793211.482199996709824, 814828.386599998921156 ], [ 2793312.5801, 814794.851199999451637 ], [ 2793427.457299999892712, 814745.691700000315905 ], [ 2793456.678000003099442, 814730.570700000971556 ], [ 2793499.329099997878075, 814708.496500000357628 ], [ 2793543.711999997496605, 814684.54619999974966 ], [ 2793585.193999998271465, 814658.361999999731779 ], [ 2793610.223200000822544, 814642.155699998140335 ], [ 2793647.450000002980232, 814620.388900000602007 ], [ 2793684.28830000013113, 814600.694400001317263 ], [ 2793748.11429999768734, 814573.716600000858307 ], [ 2793795.252700001001358, 814557.60700000077486 ] ] ] ] } },
{ "type": "Feature", "properties": { "CVEGEO": "09013", "CVE_ENT": "09", "CVE_MUN": "013", "NOMGEO": "Xochimilco", "ENTIDAD FEDERATIVA": "Ciudad de México", "CLAVE DEL MUNICIPIO": 9013, "POBLACIÓN 2020": 437383, "POBLACIÓN EN SITUACIÓN DE POBREZA 2020": 210781, "POBLACIÓN EN SITUACIÓN DE POBREZA EXTREMA 2020": 40693, "GRADO DE REZAGO": "Muy bajo", "autoad.indig": 58058.478691199998, "% autoad.indig": 13.558096, "OCURRENCIAS_DONANTE": 2, "MONTOASIGNADO_TOTAL": 372179 }, "geometry": { "type": "MultiPolygon", "coordinates": [ [ [ [ 2804014.964199997484684, 816753.043999999761581 ], [ 2804027.679999999701977, 816664.229600001126528 ], [ 2804050.79450000077486, 816598.081999998539686 ], [ 2804034.566399998962879, 816588.862300001084805 ], [ 2804028.181900002062321, 816570.776999998837709 ], [ 2804030.992899999022484, 816557.52930000051856 ], [ 2804035.259900003671646, 816548.316899999976158 ], [ 2804057.336099997162819, 816513.703600000590086 ], [ 2804079.471199996769428, 816479.601700000464916 ], [ 2804136.542499996721745, 816393.888599999248981 ], [ 2804165.574100002646446, 816356.214299999177456 ], [ 2804239.068499997258186, 816265.179699998348951 ], [ 2804336.656199999153614, 816137.595800001174212 ], [ 2804431.956000000238419, 816015.456700000911951 ], [ 2804507.3141999989748, 815915.426899999380112 ], [ 2804525.586400002241135, 815926.477299999445677 ], [ 2804542.140699997544289, 815904.727099999785423 ], [ 2804581.135099999606609, 815854.312800001353025 ], [ 2804618.74210000038147, 815805.692299999296665 ], [ 2804623.130699999630451, 815799.710799999535084 ], [ 2804660.640699997544289, 815751.959499999880791 ], [ 2804672.103000000119209, 815736.726500000804663 ], [ 2804677.344700001180172, 815730.19480000063777 ], [ 2804683.812200002372265, 815722.135600000619888 ], [ 2804712.800399996340275, 815688.6435999982059 ], [ 2804723.39639999717474, 815678.348299998790026 ], [ 2804758.068999998271465, 815637.851100001484156 ], [ 2804772.374399997293949, 815620.546000000089407 ], [ 2804778.619499996304512, 815613.435100000351667 ], [ 2804812.703299999237061, 815567.817400000989437 ], [ 2804875.060099996626377, 815484.939500000327826 ], [ 2804877.880800001323223, 815481.190600000321865 ], [ 2804879.550899997353554, 815479.216899998486042 ], [ 2804903.811800003051758, 815450.545899998396635 ], [ 2804907.882500000298023, 815445.735300000756979 ], [ 2804924.697499997913837, 815424.037200000137091 ], [ 2804926.195299997925758, 815422.104400001466274 ], [ 2804934.001199997961521, 815411.54280000180006 ], [ 2804962.582599997520447, 815383.576900001615286 ], [ 2804978.42339999973774, 815368.077199999243021 ], [ 2804989.688199996948242, 815357.282299999147654 ], [ 2805000.761699996888638, 815342.250999998301268 ], [ 2805008.056900002062321, 815332.348499998450279 ], [ 2805012.696000002324581, 815321.943599998950958 ], [ 2805020.6266999989748, 815304.155900001525879 ], [ 2805032.723999999463558, 815290.527399998158216 ], [ 2805040.001299999654293, 815282.328999999910593 ], [ 2805047.909500002861023, 815273.419799998402596 ], [ 2805068.333599999547005, 815244.803300000727177 ], [ 2805070.740599997341633, 815241.430799998342991 ], [ 2805077.094099998474121, 815234.925599999725819 ], [ 2805090.000200003385544, 815221.71169999986887 ], [ 2805110.1096, 815201.122699998319149 ], [ 2805114.17790000140667, 815196.957299999892712 ], [ 2805122.049800001084805, 815187.795499999076128 ], [ 2805132.620200000703335, 815175.493299998342991 ], [ 2805136.851899996399879, 815171.437300000339746 ], [ 2805138.284299999475479, 815170.064399998635054 ], [ 2805142.796599999070168, 815163.913499999791384 ], [ 2805164.771899998188019, 815133.958500001579523 ], [ 2805185.711900003254414, 815108.863600000739098 ], [ 2805187.252499997615814, 815107.017200000584126 ], [ 2805217.684000000357628, 815036.639800000935793 ], [ 2805238.383599996566772, 815015.179699998348951 ], [ 2805267.096900001168251, 814980.647100001573563 ], [ 2805268.49379999935627, 814978.910000000149012 ], [ 2805318.231299996376038, 814940.803300000727177 ], [ 2805363.349799998104572, 814920.614500001072884 ], [ 2805377.605800002813339, 814909.885000001639128 ], [ 2805407.926399998366833, 814875.87779999896884 ], [ 2805434.854500003159046, 814843.068199999630451 ], [ 2805460.775700002908707, 814810.755899999290705 ], [ 2805487.738300003111362, 814775.79839999973774 ], [ 2805517.367700003087521, 814744.515599999576807 ], [ 2805546.542099997401237, 814709.990600001066923 ], [ 2805558.768200002610683, 814693.903000000864267 ], [ 2805570.994300000369549, 814677.815400000661612 ], [ 2805597.446800000965595, 814642.244800001382828 ], [ 2805626.284999996423721, 814607.928399998694658 ], [ 2805653.57150000333786, 814573.77930000051856 ], [ 2805677.221000000834465, 814537.749800000339746 ], [ 2805699.538000002503395, 814491.105799999088049 ], [ 2805791.025799997150898, 814374.921500001102686 ], [ 2806000.322700001299381, 814120.148200001567602 ], [ 2806043.277199998497963, 814069.196699999272823 ], [ 2806073.04110000282526, 814035.138300001621246 ], [ 2806125.457500003278255, 813971.535100001841784 ], [ 2806150.789399996399879, 813941.175999999046326 ], [ 2806184.260099999606609, 813900.41160000115633 ], [ 2806252.609700001776218, 813820.194699998944998 ], [ 2806284.94030000269413, 813793.686000000685453 ], [ 2806327.920100003480911, 813765.295499999076128 ], [ 2806337.563699997961521, 813752.880499999970198 ], [ 2806479.638700000941753, 813550.127500001341105 ], [ 2806551.276100002229214, 813451.454300001263618 ], [ 2806584.0735, 813410.039700001478195 ], [ 2806632.370899997651577, 813374.99549999833107 ], [ 2806676.288199998438358, 813345.764600001275539 ], [ 2806858.881700001657009, 813222.424499999731779 ], [ 2806877.124600000679493, 813208.452899999916553 ], [ 2806963.636, 813127.610100001096725 ], [ 2807123.416199997067451, 812983.430799998342991 ], [ 2807201.070900000631809, 812913.357999999076128 ], [ 2807220.874799996614456, 812899.420899998396635 ], [ 2807290.804200001060963, 812843.810699999332428 ], [ 2807680.210900001227856, 812595.011199999600649 ], [ 2807709.2993, 812582.240800000727177 ], [ 2808205.487000003457069, 812403.83559999987483 ], [ 2808321.330300003290176, 812364.769900001585484 ], [ 2808424.159999996423721, 812335.879999998956919 ], [ 2808512.214599996805191, 812323.495200000703335 ], [ 2808584.660800002515316, 812320.127300001680851 ], [ 2808680.340999998152256, 812322.361299999058247 ], [ 2808719.254799999296665, 812319.621700000017881 ], [ 2808749.863300003111362, 812313.667300000786781 ], [ 2808816.260899998247623, 812283.96000000089407 ], [ 2808974.764700002968311, 812220.550999999046326 ], [ 2809166.053000003099442, 812116.463899999856949 ], [ 2809166.0929000005126, 812116.442200001329184 ], [ 2809408.5493, 811953.017400000244379 ], [ 2809510.519900001585484, 811913.199000000953674 ], [ 2809745.0996999964118, 811836.930500000715256 ], [ 2810129.976700000464916, 811725.2179000005126 ], [ 2810238.104500003159046, 811669.311000000685453 ], [ 2810259.922399997711182, 811647.991300001740456 ], [ 2810334.182499997317791, 811604.644999999552965 ], [ 2810433.69709999859333, 811549.490100000053644 ], [ 2810456.741499997675419, 811539.384700000286102 ], [ 2810542.505699999630451, 811513.128800000995398 ], [ 2810549.570500001311302, 811510.965300001204014 ], [ 2810567.781300000846386, 811505.165500000119209 ], [ 2810605.806800000369549, 811472.442400000989437 ], [ 2810659.114399999380112, 811426.567999999970198 ], [ 2810714.416000001132488, 811390.143399998545647 ], [ 2810743.794299997389317, 811349.546000000089407 ], [ 2810777.407899998128414, 811299.550900001078844 ], [ 2810778.168300002813339, 811298.419799998402596 ], [ 2810853.866899996995926, 811185.829700000584126 ], [ 2810854.961999997496605, 811184.200899999588728 ], [ 2810952.730599999427795, 811071.238800000399351 ], [ 2811028.694799996912479, 811008.004700001329184 ], [ 2811066.452799998223782, 810961.890099998563528 ], [ 2811238.701700001955032, 810771.155900001525879 ], [ 2811262.434000000357628, 810739.046100001782179 ], [ 2811296.0050999969244, 810687.973600000143051 ], [ 2811305.208599999547005, 810586.862399999052286 ], [ 2811309.39750000089407, 810575.131000000983477 ], [ 2811325.532499998807907, 810553.068900000303984 ], [ 2811374.604099996387959, 810515.922100000083447 ], [ 2811401.531300000846386, 810504.208999998867512 ], [ 2811429.569799996912479, 810492.666900001466274 ], [ 2811577.17400000244379, 810478.903099998831749 ], [ 2811650.94030000269413, 810437.889800000935793 ], [ 2811659.22580000013113, 810449.263599999248981 ], [ 2811686.862300001084805, 810430.217300001531839 ], [ 2811727.412000000476837, 810431.946899998933077 ], [ 2811772.368100002408028, 810452.183800000697374 ], [ 2811792.475400000810623, 810481.478799998760223 ], [ 2811840.299999997019768, 810469.176300000399351 ], [ 2811872.600699998438358, 810461.572599999606609 ], [ 2811900.214400000870228, 810453.54280000180006 ], [ 2811949.706299997866154, 810442.317600000649691 ], [ 2811980.601099997758865, 810435.913899999111891 ], [ 2811984.881700001657009, 810434.903099998831749 ], [ 2812102.482500001788139, 810405.727800000458956 ], [ 2812140.98929999768734, 810396.756099998950958 ], [ 2812196.212099999189377, 810383.17509999871254 ], [ 2812223.306500002741814, 810376.539500001817942 ], [ 2812248.899300001561642, 810370.657900001853704 ], [ 2812271.169699996709824, 810366.000500001013279 ], [ 2812292.764499999582767, 810362.158100001513958 ], [ 2812299.371299996972084, 810360.83669999986887 ], [ 2812328.847300000488758, 810354.80290000140667 ], [ 2812353.445500001311302, 810352.827300000935793 ], [ 2812373.593099996447563, 810351.577500000596046 ], [ 2812401.641099996864796, 810357.087400000542402 ], [ 2812425.855099998414516, 810364.774300001561642 ], [ 2812434.252099998295307, 810378.372699998319149 ], [ 2812480.588100001215935, 810360.03770000115037 ], [ 2812504.889499999582767, 810351.617499999701977 ], [ 2812509.618600003421307, 810349.880199998617172 ], [ 2812509.660800002515316, 810349.864700000733137 ], [ 2812513.608499996364117, 810348.414500001817942 ], [ 2812522.485699996352196, 810345.072299998253584 ], [ 2812530.467100001871586, 810342.066500000655651 ], [ 2812547.184900000691414, 810335.770500000566244 ], [ 2812624.300899997353554, 810305.906700000166893 ], [ 2812663.75450000166893, 810291.631700001657009 ], [ 2812679.51129999756813, 810286.202100001275539 ], [ 2812693.862800002098083, 810281.640999998897314 ], [ 2812695.320500001311302, 810281.177700001746416 ], [ 2812734.33669999986887, 810268.000199999660254 ], [ 2812738.920800000429153, 810266.451999999582767 ], [ 2812763.696099996566772, 810258.084399998188019 ], [ 2812769.638700000941753, 810256.077300000935793 ], [ 2812775.297899998724461, 810253.480900000780821 ], [ 2812781.186599999666214, 810250.631099998950958 ], [ 2812788.677100002765656, 810247.006099998950958 ], [ 2812813.614900000393391, 810231.649900000542402 ], [ 2812821.283900000154972, 810223.934300001710653 ], [ 2812834.891099996864796, 810210.240499999374151 ], [ 2812876.79450000077486, 810187.467300001531839 ], [ 2812898.506999999284744, 810176.767900001257658 ], [ 2812914.306500002741814, 810168.982200000435114 ], [ 2812950.886500000953674, 810150.956500001251698 ], [ 2812995.132299996912479, 810131.636700000613928 ], [ 2813021.929499998688698, 810121.035500001162291 ], [ 2813050.823100000619888, 810107.2483000010252 ], [ 2813071.386900000274181, 810098.573499999940395 ], [ 2813100.914899997413158, 810085.603500001132488 ], [ 2813124.943300001323223, 810070.891499999910593 ], [ 2813146.684399999678135, 810055.1886 ], [ 2813151.818099997937679, 810051.480700001120567 ], [ 2813164.2368, 810041.122000001370907 ], [ 2813165.766699999570847, 810039.845899999141693 ], [ 2813182.540100000798702, 810022.539099998772144 ], [ 2813198.863300003111362, 810005.744100000709295 ], [ 2813235.452299997210503, 809961.874699998646975 ], [ 2813256.988300003111362, 809932.922899998724461 ], [ 2813271.561700001358986, 809912.645300000905991 ], [ 2813280.082099996507168, 809900.120299998670816 ], [ 2813275.033500000834465, 809854.137499999254942 ], [ 2813289.268899999558926, 809828.649900000542402 ], [ 2813329.314900003373623, 809789.364500001072884 ], [ 2813332.965499997138977, 809798.4189000017941 ], [ 2813360.280799999833107, 809785.231899999082088 ], [ 2813382.036899998784065, 809770.445199999958277 ], [ 2813396.1503000035882, 809756.957800000905991 ], [ 2813485.58219999819994, 809669.536400001496077 ], [ 2813490.471699997782707, 809664.686000000685453 ], [ 2813551.672499999403954, 809603.965599998831749 ], [ 2813622.501999996602535, 809524.691199999302626 ], [ 2813647.851499997079372, 809497.545299999415874 ], [ 2813670.844499997794628, 809472.966099999845028 ], [ 2813709.921700000762939, 809429.341499999165535 ], [ 2813725.754799999296665, 809413.535000000149012 ], [ 2813787.217699997127056, 809352.605399999767542 ], [ 2813763.174099996685982, 809304.7939000017941 ], [ 2813749.3816, 809277.370700001716614 ], [ 2813742.7949, 809264.274500001221895 ], [ 2813740.819899998605251, 809260.347699999809265 ], [ 2813720.968900002539158, 809286.96229999884963 ], [ 2813695.089100003242493, 809233.653299998492002 ], [ 2813661.328699998557568, 809253.042100001126528 ], [ 2813643.198899999260902, 809248.890900000929832 ], [ 2813620.609300002455711, 809256.574099998921156 ], [ 2813603.054399996995926, 809246.374899998307228 ], [ 2813596.674500003457069, 809245.851100001484156 ], [ 2813578.42960000038147, 809203.719099998474121 ], [ 2813564.068300001323223, 809170.077899999916553 ], [ 2813549.740299999713898, 809136.596500001847744 ], [ 2813534.749899998307228, 809101.629299998283386 ], [ 2813534.453100003302097, 809100.623700000345707 ], [ 2813534.133900001645088, 809099.5439000017941 ], [ 2813525.14580000191927, 809067.220400001853704 ], [ 2813513.95549999922514, 809029.315900001674891 ], [ 2813508.914200000464916, 809003.173700001090765 ], [ 2813508.681100003421307, 809001.964899998158216 ], [ 2813505.640699997544289, 808977.777699999511242 ], [ 2813472.088899999856949, 808910.985500000417233 ], [ 2813450.394100002944469, 808872.4189000017941 ], [ 2813439.544699996709824, 808852.553199999034405 ], [ 2813434.316500000655651, 808844.658300001174212 ], [ 2813422.393500000238419, 808836.748700000345707 ], [ 2813401.912299998104572, 808836.593499999493361 ], [ 2813376.247900001704693, 808804.755100000649691 ], [ 2813371.415299996733665, 808783.262499999254942 ], [ 2813369.786700002849102, 808747.435300000011921 ], [ 2813371.36599999666214, 808739.436099998652935 ], [ 2813365.316799998283386, 808730.625399999320507 ], [ 2813248.454800002276897, 808779.105500001460314 ], [ 2813239.480899997055531, 808761.576799999922514 ], [ 2813238.775499999523163, 808735.730099998414516 ], [ 2813231.760600000619888, 808714.470300000160933 ], [ 2813208.271999999880791, 808626.840599998831749 ], [ 2813233.108000002801418, 808613.198600001633167 ], [ 2813224.321800000965595, 808582.068799998611212 ], [ 2813196.669799998402596, 808589.570099998265505 ], [ 2813081.759800001978874, 808620.741700001060963 ], [ 2813077.94370000064373, 808599.371899999678135 ], [ 2813076.602300003170967, 808591.867300000041723 ], [ 2813074.514499999582767, 808573.017900001257658 ], [ 2813071.998499996960163, 808559.263300001621246 ], [ 2813068.728699997067451, 808544.207499999552965 ], [ 2813068.121899999678135, 808541.412999998778105 ], [ 2813067.098499998450279, 808536.701400000602007 ], [ 2813063.23309999704361, 808523.644099999219179 ], [ 2813059.847099997103214, 808508.917300000786781 ], [ 2813059.395000003278255, 808506.962000001221895 ], [ 2813057.310900002717972, 808497.940499998629093 ], [ 2813044.659100003540516, 808457.153299998492002 ], [ 2813042.168300002813339, 808451.243999999016523 ], [ 2813038.099399998784065, 808441.590599998831749 ], [ 2813035.372100003063679, 808435.120299998670816 ], [ 2813030.059299997985363, 808422.515900000929832 ], [ 2813021.860500000417233, 808403.064899999648333 ], [ 2813011.076499998569489, 808377.480500001460314 ], [ 2812989.742499999701977, 808342.240100000053644 ], [ 2812981.140500001609325, 808325.861099999397993 ], [ 2812979.537500001490116, 808303.213300000876188 ], [ 2812976.958499997854233, 808285.874099999666214 ], [ 2812969.032499998807907, 808259.084100000560284 ], [ 2812947.225000001490116, 808205.2179000005126 ], [ 2812935.094899997115135, 808165.462000001221895 ], [ 2812934.204899996519089, 808162.544900000095367 ], [ 2812926.64130000025034, 808147.758600000292063 ], [ 2812919.627300001680851, 808140.488299999386072 ], [ 2812913.540299996733665, 808134.526900000870228 ], [ 2812905.675800003111362, 808121.251800000667572 ], [ 2812900.853900000452995, 808113.112500000745058 ], [ 2812826.45830000191927, 808030.008499998599291 ], [ 2812825.888400003314018, 808029.371899999678135 ], [ 2812807.623800002038479, 808008.969200000166893 ], [ 2812806.4243, 808007.629299998283386 ], [ 2812805.089400000870228, 808006.138099998235703 ], [ 2812804.046800002455711, 808004.973499998450279 ], [ 2812795.098700001835823, 807995.167899999767542 ], [ 2812794.538099996745586, 807994.553399998694658 ], [ 2812771.200400002300739, 807968.978799998760223 ], [ 2812771.1941, 807968.971999999135733 ], [ 2812748.477799996733665, 807944.078299999237061 ], [ 2812747.822400003671646, 807943.360100001096725 ], [ 2812705.542999997735023, 807897.028299998492002 ], [ 2812704.182499997317791, 807895.537399999797344 ], [ 2812703.035899996757507, 807894.280900001525879 ], [ 2812696.593599997460842, 807887.221099998801947 ], [ 2812695.1824000030756, 807883.301300000399351 ], [ 2812694.802100002765656, 807882.244699999690056 ], [ 2812684.086300000548363, 807852.480200000107288 ], [ 2812649.398800000548363, 807790.776900000870228 ], [ 2811658.347000002861023, 806517.22690000012517 ], [ 2811424.600500002503395, 806214.630399998277426 ], [ 2811144.754799999296665, 806147.475099999457598 ], [ 2811020.874200001358986, 806117.747499998658895 ], [ 2810901.07940000295639, 806089.000300001353025 ], [ 2810840.788400001823902, 806074.531700000166893 ], [ 2810788.887100003659725, 806062.076400000602007 ], [ 2810774.769100002944469, 806058.689399998635054 ], [ 2810742.1283999979496, 806050.856100000441074 ], [ 2810720.41499999910593, 806045.640399999916553 ], [ 2810651.845899999141693, 806029.167399998754263 ], [ 2810605.550599999725819, 806018.046500001102686 ], [ 2810389.994099996984005, 805966.262299999594688 ], [ 2810283.588600002229214, 805940.699799999594688 ], [ 2810214.51969999819994, 805924.107999999076128 ], [ 2810174.609700001776218, 805914.520399998873472 ], [ 2810143.375600002706051, 805907.016600001603365 ], [ 2810110.257299996912479, 805899.064399998635054 ], [ 2810085.493500001728535, 805893.118599999696016 ], [ 2809833.353399999439716, 805832.582299999892712 ], [ 2809707.494499996304512, 805802.364799998700619 ], [ 2809705.456799998879433, 805801.875599998980761 ], [ 2809688.777199998497963, 805797.871899999678135 ], [ 2809601.182199999690056, 805776.842700000852346 ], [ 2809583.49040000140667, 805772.595400001853704 ], [ 2809579.816799998283386, 805771.71339999884367 ], [ 2809538.237999998033047, 805761.730900000780821 ], [ 2809446.577299997210503, 805739.727299999445677 ], [ 2809410.993299998342991, 805731.184999998658895 ], [ 2809111.600599996745586, 805659.309799998998642 ], [ 2809111.408299997448921, 805659.263700000941753 ], [ 2809033.862300001084805, 805640.647799998521805 ], [ 2808956.452299997210503, 805622.064100001007318 ], [ 2808732.599899999797344, 805568.324499998241663 ], [ 2808694.036300003528595, 805559.085400000214577 ], [ 2808656.136500000953674, 805550.005699999630451 ], [ 2808505.087099999189377, 805513.819699998944998 ], [ 2808397.981100000441074, 805488.159800000488758 ], [ 2808296.9551, 805463.958099998533726 ], [ 2808256.641500003635883, 805454.298900000751019 ], [ 2807978.516099996864796, 805387.670200001448393 ], [ 2807861.353799998760223, 805359.555399999022484 ], [ 2807707.528599999845028, 805322.640500001609325 ], [ 2807654.828100003302097, 805309.995200000703335 ], [ 2807548.690099999308586, 805284.524599999189377 ], [ 2807502.098099999129772, 805273.343199998140335 ], [ 2807366.427400000393391, 805240.787000000476837 ], [ 2807158.401799999177456, 805190.867199998348951 ], [ 2807028.661100000143051, 805159.732700001448393 ], [ 2806895.101400002837181, 805127.681000001728535 ], [ 2806665.069799996912479, 805072.480000000447035 ], [ 2806564.509300000965595, 805048.350400000810623 ], [ 2806463.514300003647804, 805024.113200001418591 ], [ 2806453.1858000010252, 805021.636300001293421 ], [ 2806421.035899996757507, 805013.920099999755621 ], [ 2806378.6721, 805003.756400000303984 ], [ 2806360.896700002253056, 804999.489700000733137 ], [ 2806347.28320000320673, 804996.223200000822544 ], [ 2806291.177500002086163, 804982.758099999278784 ], [ 2806219.479900002479553, 804965.553599998354912 ], [ 2806188.487300001084805, 804958.11710000038147 ], [ 2806132.110100001096725, 804944.587499998509884 ], [ 2806084.498499996960163, 804933.050700001418591 ], [ 2806020.37610000371933, 804917.511900000274181 ], [ 2806010.6503000035882, 804915.154899999499321 ], [ 2805963.699500001966953, 804903.776900000870228 ], [ 2805907.118699997663498, 804890.073899999260902 ], [ 2805863.10249999910593, 804879.63120000064373 ], [ 2805845.336400002241135, 804875.416000001132488 ], [ 2805832.0537, 804872.265000000596046 ], [ 2805786.222900003194809, 804861.392299998551607 ], [ 2805765.285099998116493, 804856.42509999871254 ], [ 2805625.879699997603893, 804823.350699998438358 ], [ 2805566.560099996626377, 804809.277199998497963 ], [ 2805547.028099998831749, 804804.643500000238419 ], [ 2805366.650100000202656, 804761.850600000470877 ], [ 2805346.262500002980232, 804757.013799998909235 ], [ 2805337.814000003039837, 804755.009500000625849 ], [ 2805282.660999998450279, 804741.923099998384714 ], [ 2805255.785800002515316, 804735.547600001096725 ], [ 2805255.757700003683567, 804735.540899999439716 ], [ 2805245.132700003683567, 804733.020399998873472 ], [ 2805109.1228, 804700.754200000315905 ], [ 2805090.555699996650219, 804695.141100000590086 ], [ 2805090.533900000154972, 804695.133400000631809 ], [ 2805090.439400002360344, 804695.100299999117851 ], [ 2805083.928099997341633, 804692.815000001341105 ], [ 2805080.921899996697903, 804691.759899999946356 ], [ 2805002.323700003325939, 804679.201699998229742 ], [ 2804965.864100001752377, 804676.89130000025034 ], [ 2804931.639899998903275, 804674.722699999809265 ], [ 2804875.205700002610683, 804676.478300001472235 ], [ 2804848.801100000739098, 804677.176500000059605 ], [ 2804826.913099996745586, 804680.548099998384714 ], [ 2804810.746699996292591, 804685.103300001472235 ], [ 2804795.584100000560284, 804692.548900000751019 ], [ 2804786.539399996399879, 804699.009300000965595 ], [ 2804761.090300001204014, 804717.186900001019239 ], [ 2804747.596100002527237, 804728.771000001579523 ], [ 2804740.272200003266335, 804735.05799999833107 ], [ 2804730.641400001943111, 804740.428199999034405 ], [ 2804719.957999996840954, 804743.388700000941753 ], [ 2804710.667599998414516, 804743.194899998605251 ], [ 2804702.737999998033047, 804741.439699999988079 ], [ 2804693.022200003266335, 804736.197599999606609 ], [ 2804683.869300000369549, 804729.374499998986721 ], [ 2804674.480999998748302, 804721.221500001847744 ], [ 2804667.757700003683567, 804712.529599998146296 ], [ 2804663.122100003063679, 804705.537500001490116 ], [ 2804660.098600000143051, 804697.781800001859665 ], [ 2804658.1503000035882, 804689.251800000667572 ], [ 2804653.188799999654293, 804579.245400000363588 ], [ 2804652.717799998819828, 804541.955299999564886 ], [ 2804650.677000001072884, 804525.201099999248981 ], [ 2804644.654600001871586, 804508.364000000059605 ], [ 2804635.244400002062321, 804488.338899999856949 ], [ 2804618.885499998927116, 804461.129799999296665 ], [ 2804604.605099998414516, 804437.377700001001358 ], [ 2804598.875299997627735, 804427.846900001168251 ], [ 2804591.158299997448921, 804417.757699999958277 ], [ 2804582.102300003170967, 804412.098299998790026 ], [ 2804573.588299997150898, 804409.449099998921156 ], [ 2804561.221799999475479, 804409.002099998295307 ], [ 2804545.571099996566772, 804410.767900001257658 ], [ 2804529.759300000965595, 804413.293299999088049 ], [ 2804512.962099999189377, 804416.036299999803305 ], [ 2804500.53490000218153, 804418.588300000876188 ], [ 2804486.979299999773502, 804419.721700001507998 ], [ 2804476.744499996304512, 804419.472500000149012 ], [ 2804466.726700000464916, 804418.100299999117851 ], [ 2804453.9003000035882, 804415.288699999451637 ], [ 2804439.017499998211861, 804410.788100000470877 ], [ 2804355.123000003397465, 804380.075699999928474 ], [ 2804353.305299997329712, 804379.464299999177456 ], [ 2804335.006099998950958, 804373.309300001710653 ], [ 2804321.277500003576279, 804369.257100000977516 ], [ 2804312.747500002384186, 804367.810300000011921 ], [ 2804306.480099998414516, 804367.051899999380112 ], [ 2804298.320100001990795, 804366.252900000661612 ], [ 2804263.610200002789497, 804365.530699998140335 ], [ 2804255.639399997889996, 804364.967399999499321 ], [ 2804250.450099997222424, 804364.643899999558926 ], [ 2804240.801100000739098, 804363.031899999827147 ], [ 2804233.220899999141693, 804361.360300000756979 ], [ 2804227.676299996674061, 804359.205200001597404 ], [ 2804222.545699998736382, 804357.219700001180172 ], [ 2804216.6721, 804352.448699999600649 ], [ 2804212.930699996650219, 804348.427499998360872 ], [ 2804206.470499999821186, 804339.620700001716614 ], [ 2804159.180299997329712, 804283.976199999451637 ], [ 2804150.000799998641014, 804271.647100001573563 ], [ 2804144.447700001299381, 804258.440499998629093 ], [ 2804140.847699999809265, 804244.779899999499321 ], [ 2804139.806100003421307, 804228.1233000010252 ], [ 2804138.909100003540516, 804175.785599999129772 ], [ 2804137.76349999755621, 804164.116999998688698 ], [ 2804135.203500002622604, 804153.805599998682737 ], [ 2804131.214900001883507, 804145.406599998474121 ], [ 2804125.286399997770786, 804136.964999999850988 ], [ 2804117.646700002253056, 804130.708399999886751 ], [ 2804105.263400003314018, 804125.737399999052286 ], [ 2804081.1831, 804117.02930000051856 ], [ 2804078.148599997162819, 804115.47749999910593 ], [ 2804071.574500001966953, 804112.11540000140667 ], [ 2804060.895499996840954, 804105.239799998700619 ], [ 2804052.23139999806881, 804097.29839999973774 ], [ 2804042.153200000524521, 804085.720800001174212 ], [ 2804040.326899997889996, 804083.381499998271465 ], [ 2804025.467100001871586, 804064.353700000792742 ], [ 2803980.2246999964118, 804006.421300001442432 ], [ 2803969.691100001335144, 803992.617300000041723 ], [ 2803964.33389999717474, 803983.355900000780821 ], [ 2803962.578500002622604, 803978.230700001120567 ], [ 2803960.917300000786781, 803973.380499999970198 ], [ 2803957.535899996757507, 803962.540100000798702 ], [ 2803953.813900001347065, 803941.351500000804663 ], [ 2803952.591700002551079, 803915.975299999117851 ], [ 2803950.4070999994874, 803874.253299999982119 ], [ 2803947.765500001609325, 803831.225499998778105 ], [ 2803946.333700001239777, 803744.16330000013113 ], [ 2803940.979900002479553, 803703.686900001019239 ], [ 2803936.953500002622604, 803655.667300000786781 ], [ 2803935.846100002527237, 803625.37950000166893 ], [ 2803933.742700003087521, 803567.857900001108646 ], [ 2803928.709200002253056, 803543.039500001817942 ], [ 2803921.046700000762939, 803524.554099999368191 ], [ 2803918.377499997615814, 803520.774399999529123 ], [ 2803905.451300002634525, 803502.462900001555681 ], [ 2803881.737300001084805, 803485.016699999570847 ], [ 2803831.568300001323223, 803451.667100001126528 ], [ 2803815.6199000030756, 803441.175700001418591 ], [ 2803731.485500000417233, 803385.387499999254942 ], [ 2803727.062899999320507, 803382.457899998873472 ], [ 2803719.503300003707409, 803377.504099998623133 ], [ 2803664.718699999153614, 803340.971900001168251 ], [ 2803657.1300999969244, 803331.747299998998642 ], [ 2803652.67790000140667, 803320.823399998247623 ], [ 2803652.193499997258186, 803309.790899999439716 ], [ 2803655.234700001776218, 803297.689899999648333 ], [ 2803660.206900000572205, 803287.274500001221895 ], [ 2803665.963899999856949, 803279.929099999368191 ], [ 2803678.342100001871586, 803272.721900001168251 ], [ 2803676.067500002682209, 803267.839299999177456 ], [ 2803675.730800002813339, 803264.4847999997437 ], [ 2803675.56530000269413, 803262.835700001567602 ], [ 2803673.478699997067451, 803256.442899998277426 ], [ 2803669.502899996936321, 803248.216499999165535 ], [ 2803663.574199996888638, 803248.965599998831749 ], [ 2803618.595499999821186, 803254.64919999986887 ], [ 2803610.335600003600121, 803233.99040000140667 ], [ 2803609.292199999094009, 803231.380800001323223 ], [ 2803609.128200002014637, 803230.970600001513958 ], [ 2803609.023000001907349, 803230.707600001245737 ], [ 2803608.648999996483326, 803230.063099998980761 ], [ 2803607.632600001990795, 803228.3114 ], [ 2803585.915799997746944, 803190.885899998247623 ], [ 2803585.897200003266335, 803190.853900000452995 ], [ 2803584.696900002658367, 803188.785300001502037 ], [ 2803584.660899996757507, 803188.723099999129772 ], [ 2803583.1283999979496, 803186.082400001585484 ], [ 2803562.5154, 803150.558899998664856 ], [ 2803561.618000000715256, 803148.74439999833703 ], [ 2803561.603000000119209, 803148.714000001549721 ], [ 2803558.798199996352196, 803143.04280000180006 ], [ 2803556.927500002086163, 803139.260299999266863 ], [ 2803555.806699998676777, 803136.993999999016523 ], [ 2803555.787699997425079, 803136.955600000917912 ], [ 2803554.935099996626377, 803135.231699999421835 ], [ 2803537.934000000357628, 803100.855799999088049 ], [ 2803537.408900000154972, 803099.793999999761581 ], [ 2803536.778899997472763, 803098.517400000244379 ], [ 2803505.747599996626377, 803035.77589999884367 ], [ 2803504.8733000010252, 803034.008099999278784 ], [ 2803504.083099998533726, 803032.410399999469519 ], [ 2803484.573600001633167, 802992.962699998170137 ], [ 2803483.590599998831749, 802990.97520000115037 ], [ 2803482.604099996387959, 802988.980399999767542 ], [ 2803463.872599996626377, 802951.105700001120567 ], [ 2803462.069899998605251, 802947.46059999987483 ], [ 2803461.000399999320507, 802945.298000000417233 ], [ 2803442.395199999213219, 802907.679000001400709 ], [ 2803440.379000000655651, 802903.602200001478195 ], [ 2803324.30799999833107, 802668.909600000828505 ], [ 2803290.23030000180006, 802600.005300000309944 ], [ 2803271.016699999570847, 802561.155900001525879 ], [ 2803251.957800000905991, 802522.619300000369549 ], [ 2803231.843000002205372, 802481.947799999266863 ], [ 2803221.63629999756813, 802461.310100000351667 ], [ 2803104.865699999034405, 802225.202799998223782 ], [ 2802983.115800000727177, 801978.66609999909997 ], [ 2802965.123099997639656, 801942.872999999672174 ], [ 2802897.752400003373623, 801807.035999998450279 ], [ 2802864.48309999704361, 801739.797899998724461 ], [ 2802788.101800002157688, 801584.724199999123812 ], [ 2802260.170199997723103, 800518.448399998247623 ], [ 2802212.171999998390675, 800421.442499998956919 ], [ 2801091.32379999756813, 798154.046000000089407 ], [ 2801006.451499998569489, 798166.097699999809265 ], [ 2800969.4978, 798163.679800000041723 ], [ 2800942.806800000369549, 798161.050999999046326 ], [ 2800891.460400000214577, 798191.705899998545647 ], [ 2800852.699400000274181, 798202.520599998533726 ], [ 2800844.855200000107288, 798212.831599999219179 ], [ 2800842.683399997651577, 798223.667899999767542 ], [ 2800841.142499998211861, 798241.523699998855591 ], [ 2800854.874099999666214, 798308.94310000166297 ], [ 2800845.045100003480911, 798342.836800001561642 ], [ 2800818.551299996674061, 798406.625799998641014 ], [ 2800812.137900002300739, 798510.771499998867512 ], [ 2800814.710699997842312, 798599.021200001239777 ], [ 2800801.832599997520447, 798720.661200001835823 ], [ 2800807.298600003123283, 798815.317299999296665 ], [ 2800816.093999996781349, 798898.866399999707937 ], [ 2800817.494000002741814, 798986.772100001573563 ], [ 2800833.91950000077486, 799065.904100000858307 ], [ 2800846.031099997460842, 799114.265399999916553 ], [ 2800861.048799999058247, 799150.489999998360872 ], [ 2800888.469800002872944, 799208.191799998283386 ], [ 2800904.366899996995926, 799261.771600000560284 ], [ 2800920.329300001263618, 799325.766199998557568 ], [ 2800979.446400001645088, 799423.016800001263618 ], [ 2801022.372900001704693, 799517.181600000709295 ], [ 2801039.124899998307228, 799573.667300000786781 ], [ 2801054.416500002145767, 799628.875999998301268 ], [ 2801063.129900000989437, 799703.410700000822544 ], [ 2801063.2162000015378, 799779.012899998575449 ], [ 2801064.046599999070168, 799884.650299999862909 ], [ 2801048.028599999845028, 799954.848000001162291 ], [ 2801022.870800003409386, 800124.744300000369549 ], [ 2801023.153599999845028, 800143.594799999147654 ], [ 2801026.664099998772144, 800160.091499999165535 ], [ 2801022.031400002539158, 800172.830699998885393 ], [ 2801020.166599996387959, 800195.960400000214577 ], [ 2801018.336400002241135, 800234.147799998521805 ], [ 2801021.380199998617172, 800261.849300000816584 ], [ 2801024.336800001561642, 800279.222699999809265 ], [ 2801025.84740000218153, 800285.276799999177456 ], [ 2801031.197999998927116, 800291.405600000172853 ], [ 2801038.196800000965595, 800297.024099998176098 ], [ 2801048.323399998247623, 800302.60020000115037 ], [ 2801066.288999997079372, 800311.292700000107288 ], [ 2801073.966300003230572, 800317.405200000852346 ], [ 2801077.442400000989437, 800323.917199999094009 ], [ 2801078.614399999380112, 800329.480900000780821 ], [ 2801078.482600003480911, 800342.095899999141693 ], [ 2801069.43129999935627, 800351.422699999064207 ], [ 2801065.176399998366833, 800358.917500000447035 ], [ 2801051.855499997735023, 800375.844700001180172 ], [ 2801022.645499996840954, 800408.422100000083447 ], [ 2800987.448700003325939, 800457.342500001192093 ], [ 2800974.778999999165535, 800477.288800001144409 ], [ 2800953.85700000077486, 800503.299199998378754 ], [ 2800924.4324000030756, 800524.229899998754263 ], [ 2800904.526799999177456, 800552.047400001436472 ], [ 2800884.622400000691414, 800579.861699998378754 ], [ 2800863.0929000005126, 800614.329999998211861 ], [ 2800850.617700003087521, 800642.300599999725819 ], [ 2800842.540700003504753, 800684.252300001680851 ], [ 2800838.814999997615814, 800721.226700000464916 ], [ 2800828.722199998795986, 800762.767000000923872 ], [ 2800821.877499997615814, 800782.502900000661612 ], [ 2800810.7195999994874, 800797.972800001502037 ], [ 2800801.209100000560284, 800812.394499998539686 ], [ 2800800.7029, 800823.752999998629093 ], [ 2800807.217600002884865, 800846.115899998694658 ], [ 2800818.519799999892712, 800873.22690000012517 ], [ 2800821.110100001096725, 800900.948899999260902 ], [ 2800820.5675999969244, 800927.024599999189377 ], [ 2800816.814499996602535, 800955.405900001525879 ], [ 2800808.33219999819994, 800982.89750000089407 ], [ 2800808.387999996542931, 801018.253400001674891 ], [ 2800823.776000000536442, 801043.307100001722574 ], [ 2800832.159699998795986, 801071.164700001478195 ], [ 2800840.509800001978874, 801100.649300001561642 ], [ 2800849.489399999380112, 801139.103399999439716 ], [ 2800860.71000000089407, 801187.375199999660254 ], [ 2800885.178000003099442, 801225.336300000548363 ], [ 2800900.111299999058247, 801251.70160000026226 ], [ 2800918.562299996614456, 801320.94029999896884 ], [ 2800942.340400002896786, 801382.61089999973774 ], [ 2800967.727799996733665, 801415.706199999898672 ], [ 2800999.014899998903275, 801439.154399998486042 ], [ 2801015.559299997985363, 801466.366999998688698 ], [ 2801022.791199997067451, 801510.484099999070168 ], [ 2801023.491700001060963, 801555.280000001192093 ], [ 2801027.584200002253056, 801593.63289999961853 ], [ 2801036.989699997007847, 801619.307900000363588 ], [ 2801050.211800001561642, 801639.769799999892712 ], [ 2801061.010399997234344, 801643.908300001174212 ], [ 2801070.992899999022484, 801645.421100001782179 ], [ 2801080.432499997317791, 801652.144000001251698 ], [ 2801089.354299999773502, 801662.771299999207258 ], [ 2801097.279600001871586, 801679.469799999147654 ], [ 2801106.081600002944469, 801688.426100000739098 ], [ 2801138.866700001060963, 801695.813000001013279 ], [ 2801153.999300003051758, 801700.914099998772144 ], [ 2801164.9983000010252, 801716.370000001043081 ], [ 2801177.503499999642372, 801743.170499999076128 ], [ 2801214.474399998784065, 801807.897100001573563 ], [ 2801267.379799999296665, 801857.096400000154972 ], [ 2801305.816600002348423, 801897.844399999827147 ], [ 2801315.635300002992153, 801931.932399999350309 ], [ 2801329.089000001549721, 801963.736699998378754 ], [ 2801346.895599998533726, 801993.505800001323223 ], [ 2801341.502999998629093, 802026.329500000923872 ], [ 2801325.456000000238419, 802058.930799998342991 ], [ 2801309.764899998903275, 802085.769499998539686 ], [ 2801292.867600001394749, 802105.622600000351667 ], [ 2801275.11259999871254, 802125.498399998992682 ], [ 2801229.601199999451637, 802161.730200000107288 ], [ 2801169.451499998569489, 802197.452599998563528 ], [ 2801103.040399998426437, 802269.658599998801947 ], [ 2801040.350199997425079, 802322.108899999409914 ], [ 2801033.546800002455711, 802343.263000000268221 ], [ 2801032.270300000905991, 802370.084499999880791 ], [ 2801016.543799996376038, 802388.403200000524521 ], [ 2800981.768200002610683, 802407.685699999332428 ], [ 2800960.74889999628067, 802432.86430000141263 ], [ 2800961.562899999320507, 802469.523499999195337 ], [ 2800960.598499998450279, 802515.939800001680851 ], [ 2800966.398299999535084, 802540.843400001525879 ], [ 2800960.17400000244379, 802558.282200001180172 ], [ 2800960.968400001525879, 802585.331599999219179 ], [ 2800946.4324000030756, 802612.065499998629093 ], [ 2800962.596699997782707, 802637.184200000017881 ], [ 2800966.142399996519089, 802661.589800000190735 ], [ 2800976.613600000739098, 802692.436099998652935 ], [ 2800976.788400001823902, 802703.208399999886751 ], [ 2800973.832500003278255, 802731.016499999910593 ], [ 2800995.33110000193119, 802766.957699999213219 ], [ 2800999.788699999451637, 802770.585999999195337 ], [ 2801013.44879999756813, 802782.107500001788139 ], [ 2801016.026199996471405, 802787.206599999219179 ], [ 2801014.383299998939037, 802793.0793999992311 ], [ 2801010.926600001752377, 802805.489500001072884 ], [ 2801021.093400001525879, 802831.148400001227856 ], [ 2801028.288400001823902, 802880.579100001603365 ], [ 2801017.180500000715256, 802891.621300000697374 ], [ 2801008.83500000089407, 802905.543600000441074 ], [ 2800998.176700003445148, 802933.704300001263618 ], [ 2800983.086800001561642, 802952.413899999111891 ], [ 2800983.042199999094009, 802952.469200000166893 ], [ 2800976.044799998402596, 802961.145199999213219 ], [ 2800973.234999999403954, 802973.162999998778105 ], [ 2800978.811700001358986, 802992.739399999380112 ], [ 2800996.190099999308586, 803018.448800001293421 ], [ 2801017.140600003302097, 803033.631999999284744 ], [ 2801059.053099997341633, 803075.937100000679493 ], [ 2801069.956699997186661, 803092.760099999606609 ], [ 2801073.174900002777576, 803104.627900000661612 ], [ 2801072.118100002408028, 803113.035700000822544 ], [ 2801069.232299998402596, 803119.512899998575449 ], [ 2801065.419299997389317, 803135.104899998754263 ], [ 2801075.993900001049042, 803148.074099998921156 ], [ 2801089.141099996864796, 803166.748700000345707 ], [ 2801092.636399999260902, 803174.210499998182058 ], [ 2801092.613300003111362, 803177.775699999183416 ], [ 2801092.8462999984622, 803187.729699999094009 ], [ 2801090.320299997925758, 803191.805900000035763 ], [ 2801081.645700000226498, 803194.558499999344349 ], [ 2801072.94709999859333, 803199.441899999976158 ], [ 2801070.450900003314018, 803202.239700000733137 ], [ 2801068.359300002455711, 803205.523899998515844 ], [ 2801066.937700003385544, 803209.146099999547005 ], [ 2801066.537900000810623, 803213.974899999797344 ], [ 2801067.035099998116493, 803218.218400001525879 ], [ 2801068.12950000166893, 803223.562899999320507 ], [ 2801070.111100003123283, 803230.74269999936223 ], [ 2801073.014300003647804, 803239.539900001138449 ], [ 2801080.127300001680851, 803255.415899999439716 ], [ 2801090.346100002527237, 803273.159299999475479 ], [ 2801098.155100002884865, 803289.332899998873472 ], [ 2801104.093299999833107, 803305.461300000548363 ], [ 2801106.65089999884367, 803320.1418999992311 ], [ 2801108.476499997079372, 803333.175500001758337 ], [ 2801109.024099998176098, 803349.057900000363588 ], [ 2801108.323100000619888, 803358.601300001144409 ], [ 2801105.305699996650219, 803363.383099999278784 ], [ 2801101.532700002193451, 803366.436900001019239 ], [ 2801087.267700001597404, 803372.901700001209974 ], [ 2801083.714500002563, 803376.305700000375509 ], [ 2801081.580899998545647, 803381.32149999961257 ], [ 2801081.811499997973442, 803398.526099998503923 ], [ 2801080.846699997782707, 803405.264899998903275 ], [ 2801078.860299997031689, 803411.779899999499321 ], [ 2801074.164300002157688, 803419.0810999982059 ], [ 2801067.043499998748302, 803429.696199998259544 ], [ 2801059.505500003695488, 803436.098099999129772 ], [ 2801058.819600000977516, 803469.163800001144409 ], [ 2801058.818499997258186, 803469.209899999201298 ], [ 2801058.085900001227856, 803512.261100001633167 ], [ 2801062.904500000178814, 803577.454500000923872 ], [ 2801064.177699998021126, 803594.551899999380112 ], [ 2801067.340700000524521, 803622.537300001829863 ], [ 2801069.984300002455711, 803666.308899998664856 ], [ 2801070.296499997377396, 803671.93470000103116 ], [ 2801077.365699999034405, 803724.833000000566244 ], [ 2801077.506300002336502, 803725.884899999946356 ], [ 2801043.481299996376038, 803726.320500001311302 ], [ 2801031.950900003314018, 803726.468100000172853 ], [ 2801014.04110000282526, 803729.299899999052286 ], [ 2800998.818499997258186, 803734.370400000363588 ], [ 2800987.09570000320673, 803738.275199998170137 ], [ 2800973.386900000274181, 803742.841499999165535 ], [ 2800980.57150000333786, 803771.332499999552965 ], [ 2800983.430699996650219, 803780.740699999034405 ], [ 2800994.518899999558926, 803807.031700000166893 ], [ 2800995.364699997007847, 803812.256400000303984 ], [ 2800994.876900002360344, 803817.341499999165535 ], [ 2800991.549099996685982, 803821.278900001198053 ], [ 2800957.36429999768734, 803830.283500000834465 ], [ 2800950.069499999284744, 803832.6233000010252 ], [ 2800945.270900003612041, 803834.100900001823902 ], [ 2800922.814099997282028, 803841.454100001603365 ], [ 2800915.6831, 803846.406500000506639 ], [ 2800914.702500000596046, 803847.281399998813868 ], [ 2800905.911700002849102, 803855.124499998986721 ], [ 2800875.467500001192093, 803894.365699999034405 ], [ 2800874.357500001788139, 803917.704300001263618 ], [ 2800874.236299999058247, 803920.250100001692772 ], [ 2800864.568800002336502, 803946.702500000596046 ], [ 2800857.33049999922514, 803966.50789999961853 ], [ 2800849.205600000917912, 803980.631700001657009 ], [ 2800844.386100001633167, 803989.009700000286102 ], [ 2800835.686700001358986, 803999.991900000721216 ], [ 2800827.442500002682209, 804008.679900001734495 ], [ 2800791.414099998772144, 804041.65430000051856 ], [ 2800773.904899999499321, 804061.329799998551607 ], [ 2800773.194499999284744, 804062.127999998629093 ], [ 2800760.114900000393391, 804076.825899999588728 ], [ 2800742.856700003147125, 804103.019299998879433 ], [ 2800742.498599998652935, 804104.266100000590086 ], [ 2800735.147699996829033, 804129.856100000441074 ], [ 2800732.123099997639656, 804161.3429000005126 ], [ 2800734.38570000231266, 804177.508099999278784 ], [ 2800741.21509999781847, 804198.255899999290705 ], [ 2800750.053900003433228, 804225.107200000435114 ], [ 2800750.076099999248981, 804225.174699999392033 ], [ 2800751.667900003492832, 804230.010499998927116 ], [ 2800751.750100001692772, 804235.161899998784065 ], [ 2800751.795900002121925, 804238.031100001186132 ], [ 2800743.305699996650219, 804263.213199999183416 ], [ 2800740.697700001299381, 804270.948699999600649 ], [ 2800733.637100003659725, 804279.39130000025034 ], [ 2800729.373099997639656, 804284.489900000393391 ], [ 2800718.026199996471405, 804291.802700001746416 ], [ 2800710.338500000536442, 804296.75730000063777 ], [ 2800709.708400003612041, 804297.676899999380112 ], [ 2800703.217500001192093, 804307.149500001221895 ], [ 2800699.004900000989437, 804378.754099998623133 ], [ 2800701.384499996900558, 804406.473700001835823 ], [ 2800701.432499997317791, 804407.032699998468161 ], [ 2800701.449100002646446, 804407.226500000804663 ], [ 2800701.584700003266335, 804408.805700000375509 ], [ 2800700.481499999761581, 804429.029899999499321 ], [ 2800690.3882, 804451.135499998927116 ], [ 2800684.827500000596046, 804463.3141999989748 ], [ 2800684.283900000154972, 804474.814899999648333 ], [ 2800689.192900002002716, 804482.185699999332428 ], [ 2800694.20549999922514, 804488.564699999988079 ], [ 2800688.532700002193451, 804493.583700001239777 ], [ 2800678.053900003433228, 804498.997099999338388 ], [ 2800673.726899996399879, 804500.929099999368191 ], [ 2800671.002899996936321, 804503.856100000441074 ], [ 2800643.519500002264977, 804533.387899998575449 ], [ 2800641.693300001323223, 804535.350299999117851 ], [ 2800611.997500002384186, 804567.259700000286102 ], [ 2800610.549500003457069, 804568.815499998629093 ], [ 2800581.223700001835823, 804600.327300000935793 ], [ 2800578.921300001442432, 804602.801199998706579 ], [ 2800520.264899998903275, 804665.829799998551607 ], [ 2800105.397799998521805, 805111.620600000023842 ], [ 2798920.422399997711182, 805474.040699999779463 ], [ 2798915.152800001204014, 805475.545099999755621 ], [ 2798913.826999999582767, 805475.923599999397993 ], [ 2798408.654899999499321, 805620.146999999880791 ], [ 2798497.895700000226498, 805750.778099998831749 ], [ 2798502.356499999761581, 805726.056800000369549 ], [ 2798508.73759999871254, 805707.222800001502037 ], [ 2798523.886699996888638, 805682.581300001591444 ], [ 2798531.387299999594688, 805660.777100000530481 ], [ 2798548.632200002670288, 805634.181800000369549 ], [ 2798561.913999997079372, 805616.740299999713898 ], [ 2798571.819600000977516, 805608.369300000369549 ], [ 2798579.723499998450279, 805603.978999998420477 ], [ 2798595.437200002372265, 805604.956900000572205 ], [ 2798609.60980000346899, 805612.491999998688698 ], [ 2798624.162100002169609, 805632.760800000280142 ], [ 2798628.806699998676777, 805650.82660000026226 ], [ 2798651.633599996566772, 805697.471900001168251 ], [ 2798656.317400000989437, 805746.733899999409914 ], [ 2798653.19820000231266, 805762.242600001394749 ], [ 2798654.293999999761581, 805779.635000001639128 ], [ 2798665.381099998950958, 805821.045000001788139 ], [ 2798671.722099997103214, 805856.366999998688698 ], [ 2798678.470499999821186, 805872.229600001126528 ], [ 2798686.802199997007847, 805898.523200001567602 ], [ 2798688.587600000202656, 805906.964000001549721 ], [ 2798690.517399996519089, 805915.2685999982059 ], [ 2798693.669100001454353, 805925.419399999082088 ], [ 2798697.722300000488758, 805932.64640000090003 ], [ 2798701.454800002276897, 805935.105700001120567 ], [ 2798704.813500002026558, 805935.314800001680851 ], [ 2798708.357500001788139, 805933.42850000038743 ], [ 2798711.739799998700619, 805925.794900000095367 ], [ 2798714.144599996507168, 805918.000399999320507 ], [ 2798716.120300002396107, 805912.371700000017881 ], [ 2798717.444200001657009, 805911.521299999207258 ], [ 2798725.983599998056889, 805910.085299998521805 ], [ 2798735.754199996590614, 805914.317600000649691 ], [ 2798742.792999997735023, 805932.507100000977516 ], [ 2798741.103299997746944, 805941.155999999493361 ], [ 2798738.852899998426437, 805949.417300000786781 ], [ 2798736.995999999344349, 805957.564899999648333 ], [ 2798736.606799997389317, 805960.421500001102686 ], [ 2798736.486900001764297, 805963.603700000792742 ], [ 2798736.662000000476837, 805966.509100001305342 ], [ 2798737.185099996626377, 805969.747099999338388 ], [ 2798738.133500002324581, 805973.172499999403954 ], [ 2798739.686899997293949, 805976.921300001442432 ], [ 2798741.504199996590614, 805981.749699998646975 ], [ 2798743.473499998450279, 805986.89919999986887 ], [ 2798745.432099997997284, 805991.480799999088049 ], [ 2798746.712099999189377, 805994.790199998766184 ], [ 2798747.776299998164177, 805998.297400001436472 ], [ 2798748.685900002717972, 806002.565600000321865 ], [ 2798749.187100000679493, 806006.742899999022484 ], [ 2798749.318999998271465, 806010.556200001388788 ], [ 2798749.115299999713898, 806014.6886 ], [ 2798748.593999996781349, 806018.540800001472235 ], [ 2798747.927199997007847, 806021.004299998283386 ], [ 2798747.064900003373623, 806023.702500000596046 ], [ 2798745.86599999666214, 806026.869899999350309 ], [ 2798744.529600001871586, 806029.883200000971556 ], [ 2798743.103200003504753, 806032.679499998688698 ], [ 2798741.450199998915195, 806035.526500001549721 ], [ 2798739.216499999165535, 806038.880899999290705 ], [ 2798736.384300000965595, 806042.531500000506639 ], [ 2798731.843000002205372, 806047.362799998372793 ], [ 2798727.486599996685982, 806051.124499998986721 ], [ 2798722.526199996471405, 806054.612500000745058 ], [ 2798717.186899997293949, 806057.854400001466274 ], [ 2798713.153099998831749, 806059.685699999332428 ], [ 2798708.63910000026226, 806061.666400000452995 ], [ 2798703.978399999439716, 806063.007100000977516 ], [ 2798698.045900002121925, 806064.001200001686811 ], [ 2798692.770000003278255, 806064.21000000089407 ], [ 2798686.022299997508526, 806064.618700001388788 ], [ 2798677.706299997866154, 806065.122299998998642 ], [ 2798665.437700003385544, 806065.834699999541044 ], [ 2798654.671499997377396, 806067.693500000983477 ], [ 2798638.322899997234344, 806068.929099999368191 ], [ 2798628.734700001776218, 806069.771099999547005 ], [ 2798621.936899997293949, 806069.816100001335144 ], [ 2798612.48589999973774, 806070.889499999582767 ], [ 2798602.988300003111362, 806073.523299999535084 ], [ 2798594.125299997627735, 806076.725099999457598 ], [ 2798583.837099999189377, 806081.29450000077486 ], [ 2798578.1503000035882, 806084.71169999986887 ], [ 2798573.249099999666214, 806087.014899998903275 ], [ 2798568.176899999380112, 806090.860700000077486 ], [ 2798562.215300001204014, 806097.389699999243021 ], [ 2798555.818899996578693, 806104.949299998581409 ], [ 2798547.90429999679327, 806115.389299999922514 ], [ 2798540.79730000346899, 806127.094300001859665 ], [ 2798531.667999997735023, 806141.921700000762939 ], [ 2798521.795100003480911, 806170.491700001060963 ], [ 2798510.229699999094009, 806198.927700001746416 ], [ 2798503.518100000917912, 806211.966699998825788 ], [ 2798515.381899997591972, 806231.848499998450279 ], [ 2798523.515299998223782, 806249.641100000590086 ], [ 2798534.493900001049042, 806270.994899999350309 ], [ 2798543.38849999755621, 806286.528900001198053 ], [ 2798547.9679000005126, 806314.481499999761581 ], [ 2798554.818300001323223, 806340.724500000476837 ], [ 2798557.776900000870228, 806365.728700000792742 ], [ 2798563.765100002288818, 806397.110100001096725 ], [ 2798568.917099997401237, 806422.903999999165535 ], [ 2798570.350900001823902, 806430.082499999552965 ], [ 2798575.239900000393391, 806453.68189999833703 ], [ 2798582.012299999594688, 806477.341600000858307 ], [ 2798583.786100000143051, 806483.53830000013113 ], [ 2798588.527500003576279, 806500.834100000560284 ], [ 2798589.079800002276897, 806503.602000001817942 ], [ 2798593.9679000005126, 806528.101300001144409 ], [ 2798597.742499999701977, 806544.280099999159575 ], [ 2798600.314300000667572, 806562.031899999827147 ], [ 2798601.481299996376038, 806577.732700001448393 ], [ 2798605.695699997246265, 806587.924300000071526 ], [ 2798616.184299997985363, 806600.453499998897314 ], [ 2798626.600500002503395, 806616.458299998193979 ], [ 2798637.5625, 806636.575100000947714 ], [ 2798648.267899997532368, 806655.65430000051856 ], [ 2798653.380699999630451, 806665.497999999672174 ], [ 2798653.738300003111362, 806666.186700001358986 ], [ 2798657.519100002944469, 806682.051100000739098 ], [ 2798659.816100001335144, 806711.885099999606609 ], [ 2798660.757299996912479, 806732.202500000596046 ], [ 2798661.073299996554852, 806733.484700001776218 ], [ 2798663.263700000941753, 806742.37220000103116 ], [ 2798664.718500003218651, 806748.274700000882149 ], [ 2798676.207500003278255, 806777.959899999201298 ], [ 2798677.493500001728535, 806779.680399999022484 ], [ 2798683.451899997889996, 806787.651799999177456 ], [ 2798686.275499999523163, 806791.429299999028444 ], [ 2798702.74889999628067, 806809.110300000756979 ], [ 2798712.334499999880791, 806819.940699998289347 ], [ 2798716.4243, 806824.561700001358986 ], [ 2798722.758900001645088, 806834.411100000143051 ], [ 2798729.501000002026558, 806854.86769999936223 ], [ 2798729.814000003039837, 806855.817299999296665 ], [ 2798742.413099996745586, 806871.116900000721216 ], [ 2798746.892899997532368, 806874.911699999123812 ], [ 2798750.0779, 806879.630300000309944 ], [ 2798753.574299998581409, 806890.683499999344349 ], [ 2798754.716499999165535, 806907.415100000798702 ], [ 2798758.243900001049042, 806915.807500001043081 ], [ 2798761.417300000786781, 806918.904100000858307 ], [ 2798764.764300003647804, 806922.170099999755621 ], [ 2798765.709499999880791, 806923.092500001192093 ], [ 2798765.739200003445148, 806923.121500000357628 ], [ 2798768.911399997770786, 806926.21680000051856 ], [ 2798770.088500000536442, 806927.365499999374151 ], [ 2798778.896499998867512, 806942.0185999982059 ], [ 2798779.102899998426437, 806942.362100001424551 ], [ 2798780.029200002551079, 806943.903099998831749 ], [ 2798780.062399998307228, 806944.028200000524521 ], [ 2798782.79730000346899, 806954.344300001859665 ], [ 2798781.092699997127056, 806983.442899998277426 ], [ 2798779.094099998474121, 807001.580699998885393 ], [ 2798781.217500001192093, 807010.942499998956919 ], [ 2798787.343500003218651, 807015.866500001400709 ], [ 2798791.455300003290176, 807038.338100001215935 ], [ 2798789.700300000607967, 807051.228100001811981 ], [ 2798785.811300002038479, 807066.74549999833107 ], [ 2798781.908699996769428, 807075.81870000064373 ], [ 2798771.304700002074242, 807100.218499999493361 ], [ 2798766.190499998629093, 807109.777699999511242 ], [ 2798762.429499998688698, 807125.23030000180006 ], [ 2798761.180299997329712, 807132.436000000685453 ], [ 2798761.161499999463558, 807132.543800000101328 ], [ 2798761.155699998140335, 807132.577399998903275 ], [ 2798759.1908999979496, 807143.908900000154972 ], [ 2798759.958099998533726, 807152.030600000172853 ], [ 2798760.910099998116493, 807162.109400000423193 ], [ 2798761.890500001609325, 807164.761300001293421 ], [ 2798765.333499997854233, 807174.074099998921156 ], [ 2798766.116400003433228, 807176.191700000315905 ], [ 2798767.02250000089407, 807178.642700001597404 ], [ 2798767.031300000846386, 807178.643699999898672 ], [ 2798767.476700000464916, 807178.694600000977516 ], [ 2798776.616400003433228, 807179.738800000399351 ], [ 2798785.543399997055531, 807177.474700000137091 ], [ 2798787.089400000870228, 807177.082600001245737 ], [ 2798787.403899997472763, 807175.958700001239777 ], [ 2798787.931000001728535, 807174.075199998915195 ], [ 2798788.401199996471405, 807172.394799999892712 ], [ 2798788.584399998188019, 807168.530799999833107 ], [ 2798788.872500002384186, 807162.453099999576807 ], [ 2798790.573899999260902, 807148.728500001132488 ], [ 2798793.136900000274181, 807135.605099998414516 ], [ 2798799.078500002622604, 807129.003899998962879 ], [ 2798807.312700003385544, 807124.798300001770258 ], [ 2798813.458499997854233, 807123.18129999935627 ], [ 2798825.708099998533726, 807122.582100000232458 ], [ 2798837.045900002121925, 807124.013300001621246 ], [ 2798862.717500001192093, 807122.255499999970198 ], [ 2798875.296899996697903, 807119.31870000064373 ], [ 2798880.483400002121925, 807115.366700001060963 ], [ 2798882.386500000953674, 807113.916499998420477 ], [ 2798887.720499999821186, 807108.766499999910593 ], [ 2798892.932700000703335, 807108.703999999910593 ], [ 2798896.172899998724461, 807108.665100000798702 ], [ 2798904.2195999994874, 807114.997600000351667 ], [ 2798912.020900003612041, 807124.862100001424551 ], [ 2798912.260899998247623, 807135.108300000429153 ], [ 2798908.079499997198582, 807143.483500000089407 ], [ 2798898.321900002658367, 807151.459499999880791 ], [ 2798887.699699997901917, 807158.829999998211861 ], [ 2798883.782300002872944, 807166.058499999344349 ], [ 2798883.928300000727177, 807173.964299999177456 ], [ 2798886.726899996399879, 807180.170299999415874 ], [ 2798891.545100003480911, 807187.301100000739098 ], [ 2798899.87610000371933, 807193.631499998271465 ], [ 2798913.523299999535084, 807198.707100000232458 ], [ 2798921.869300000369549, 807203.6875 ], [ 2798925.420299999415874, 807211.468699999153614 ], [ 2798932.608900003135204, 807220.072000000625849 ], [ 2798941.44370000064373, 807229.432500001043081 ], [ 2798948.559900000691414, 807237.880899999290705 ], [ 2798953.345499999821186, 807256.883499998599291 ], [ 2798958.624499998986721, 807274.544300001114607 ], [ 2798963.60809999704361, 807281.20890000090003 ], [ 2798972.056100003421307, 807290.502099998295307 ], [ 2798981.811300002038479, 807291.186299998313189 ], [ 2798990.592500001192093, 807292.485100001096725 ], [ 2799000.254699997603893, 807297.162500001490116 ], [ 2799005.072700001299381, 807303.344700001180172 ], [ 2799007.037100002169609, 807309.78489999845624 ], [ 2799006.555299997329712, 807328.366900000721216 ], [ 2799013.840499997138977, 807346.924300000071526 ], [ 2799015.909100003540516, 807351.971099998801947 ], [ 2799016.623199999332428, 807353.713199999183416 ], [ 2799017.280500002205372, 807355.316700000315905 ], [ 2799020.230400003492832, 807362.513599999248981 ], [ 2799023.815499998629093, 807360.867899999022484 ], [ 2799026.846500001847744, 807359.476599998772144 ], [ 2799030.4353, 807357.829300001263618 ], [ 2799032.714900001883507, 807356.94029999896884 ], [ 2799034.451899997889996, 807356.262899998575449 ], [ 2799038.307899996638298, 807353.701499998569489 ], [ 2799043.338299997150898, 807350.420499999076128 ], [ 2799046.279500000178814, 807347.506499998271465 ], [ 2799047.879100002348423, 807345.554099999368191 ], [ 2799048.789599999785423, 807342.79619999974966 ], [ 2799049.073100000619888, 807341.937300000339746 ], [ 2799049.948100000619888, 807336.49210000038147 ], [ 2799048.783100001513958, 807335.211899999529123 ], [ 2799044.382100000977516, 807330.375700000673532 ], [ 2799043.862199999392033, 807328.956799998879433 ], [ 2799039.691500000655651, 807317.574099998921156 ], [ 2799038.518200002610683, 807313.633900001645088 ], [ 2799033.981299996376038, 807298.398499999195337 ], [ 2799032.561300002038479, 807295.5472999997437 ], [ 2799028.880900003015995, 807288.1570999994874 ], [ 2799018.763099998235703, 807276.286699999123812 ], [ 2799010.773900002241135, 807265.905099999159575 ], [ 2799006.218299999833107, 807255.067099999636412 ], [ 2799003.3496999964118, 807232.186099998652935 ], [ 2799004.136900000274181, 807225.994899999350309 ], [ 2799005.500500001013279, 807215.271499998867512 ], [ 2799011.928099997341633, 807206.497299998998642 ], [ 2799017.6831, 807202.780099999159575 ], [ 2799029.040299996733665, 807195.444299999624491 ], [ 2799037.658500000834465, 807187.807900000363588 ], [ 2799052.047700002789497, 807178.668499998748302 ], [ 2799061.542700000107288, 807169.96510000154376 ], [ 2799075.66889999806881, 807168.568900000303984 ], [ 2799091.468299999833107, 807161.167700000107288 ], [ 2799093.01690000295639, 807160.442299999296665 ], [ 2799093.733599998056889, 807160.252300001680851 ], [ 2799095.589900001883507, 807159.760299999266863 ], [ 2799097.490800000727177, 807159.256400000303984 ], [ 2799100.108900003135204, 807158.5625 ], [ 2799110.257299996912479, 807155.872699998319149 ], [ 2799164.961599998176098, 807152.034000001847744 ], [ 2799165.768899999558926, 807151.977299999445677 ], [ 2799166.778499998152256, 807151.650199998170137 ], [ 2799169.018899999558926, 807150.924300000071526 ], [ 2799172.563900001347065, 807149.775800000876188 ], [ 2799183.237499997019768, 807146.317899998277426 ], [ 2799195.920299999415874, 807139.309900000691414 ], [ 2799197.422700002789497, 807138.479699999094009 ], [ 2799204.798799999058247, 807136.614199999719858 ], [ 2799212.423299998044968, 807134.686099998652935 ], [ 2799218.679300002753735, 807134.272999998182058 ], [ 2799221.01969999819994, 807134.118500001728535 ], [ 2799224.388300001621246, 807133.896099999547005 ], [ 2799236.914300002157688, 807136.810899998992682 ], [ 2799249.5779, 807135.75789999961853 ], [ 2799258.99210000038147, 807136.394499998539686 ], [ 2799267.037699997425079, 807143.676899999380112 ], [ 2799271.9265, 807147.666499998420477 ], [ 2799281.794699996709824, 807148.423900000751019 ], [ 2799296.904700003564358, 807148.7179000005126 ], [ 2799305.071699999272823, 807154.209499999880791 ], [ 2799311.217299997806549, 807159.772300001233816 ], [ 2799321.616499997675419, 807163.982099998742342 ], [ 2799328.59009999781847, 807162.145500000566244 ], [ 2799340.441500000655651, 807154.840799998492002 ], [ 2799357.130900003015995, 807151.617300000041723 ], [ 2799372.031900003552437, 807152.236600000411272 ], [ 2799379.850500002503395, 807157.210900001227856 ], [ 2799383.889700002968311, 807164.744699999690056 ], [ 2799386.153099998831749, 807167.897100001573563 ], [ 2799395.694499999284744, 807170.633299998939037 ], [ 2799420.61370000243187, 807173.534499999135733 ], [ 2799378.740099996328354, 807246.850600000470877 ], [ 2799356.849899999797344, 807285.048799999058247 ], [ 2799258.905100002884865, 807470.029699999839067 ], [ 2799235.218800000846386, 807514.764199998229742 ], [ 2799233.774300001561642, 807517.57319999858737 ], [ 2799215.652900002896786, 807552.411400001496077 ], [ 2799141.380199998617172, 807695.186799999326468 ], [ 2799124.974600002169609, 807727.622099999338388 ], [ 2799105.803800001740456, 807766.628800000995398 ], [ 2799086.442699998617172, 807800.075300000607967 ], [ 2799102.950099997222424, 807812.124800000339746 ], [ 2799126.249700002372265, 807818.680100001394749 ], [ 2799138.7195999994874, 807819.899900000542402 ], [ 2799151.459200002253056, 807818.004599999636412 ], [ 2799173.982600003480911, 807810.381000000983477 ], [ 2799184.630000002682209, 807801.626800000667572 ], [ 2799194.108199998736382, 807790.025800000876188 ], [ 2799201.768299996852875, 807780.650100000202656 ], [ 2799205.624200001358986, 807774.538899999111891 ], [ 2799214.318599998950958, 807760.759199999272823 ], [ 2799224.838100001215935, 807714.850400000810623 ], [ 2799235.207299999892712, 807700.317800000309944 ], [ 2799241.450599998235703, 807700.381299998611212 ], [ 2799289.26519999653101, 807700.963100001215935 ], [ 2799316.398699998855591, 807708.182500001043081 ], [ 2799337.145400002598763, 807718.167899999767542 ], [ 2799415.096699997782707, 807736.580699998885393 ], [ 2799438.168499998748302, 807742.030499998480082 ], [ 2799455.511799998581409, 807743.959300000220537 ], [ 2799461.0962999984622, 807796.583200000226498 ], [ 2799461.1963, 807797.527699999511242 ], [ 2799461.4441, 807799.868500001728535 ], [ 2799461.051700003445148, 807805.730700001120567 ], [ 2799458.686099998652935, 807841.067899998277426 ], [ 2799457.670900002121925, 807856.232099998742342 ], [ 2799456.874099999666214, 807868.135299999266863 ], [ 2799456.475199997425079, 807875.263799998909235 ], [ 2799456.08500000089407, 807881.161499999463558 ], [ 2799452.619800001382828, 807933.530600000172853 ], [ 2799452.1721, 807940.29619999974966 ], [ 2799448.956699997186661, 807966.618200000375509 ], [ 2799445.522299997508526, 808003.670800000429153 ], [ 2799443.927799999713898, 808022.452300000935793 ], [ 2799442.963699996471405, 808033.808299999684095 ], [ 2799442.326999999582767, 808041.307799998670816 ], [ 2799441.096699997782707, 808053.56980000063777 ], [ 2799440.750699996948242, 808057.017700001597404 ], [ 2799440.36429999768734, 808060.868299998342991 ], [ 2799438.030699998140335, 808066.505100000649691 ], [ 2799437.87049999833107, 808067.622800000011921 ], [ 2799436.553300000727177, 808076.811000000685453 ], [ 2799433.688299998641014, 808096.836199998855591 ], [ 2799431.899800002574921, 808109.337099999189377 ], [ 2799431.887000001966953, 808109.426699999719858 ], [ 2799428.927799999713898, 808130.092999998480082 ], [ 2799427.242499999701977, 808141.862199999392033 ], [ 2799423.055100001394749, 808171.105799999088049 ], [ 2799421.619999997317791, 808182.342300001531839 ], [ 2799420.713299997150898, 808219.866999998688698 ], [ 2799420.527699999511242, 808239.474700000137091 ], [ 2799420.519599996507168, 808240.334899999201298 ], [ 2799420.890900000929832, 808243.373399998992682 ], [ 2799425.844800002872944, 808283.9087999984622 ], [ 2799418.827799998223782, 808301.486999999731779 ], [ 2799480.907499998807907, 808289.293099999427795 ], [ 2799515.545400001108646, 808275.789900001138449 ], [ 2799517.941500000655651, 808274.855900000780821 ], [ 2799621.800700001418591, 808241.351300001144409 ], [ 2799632.42230000346899, 808209.575300000607967 ], [ 2799635.979299999773502, 808205.760899998247623 ], [ 2799651.350100003182888, 808189.276399999856949 ], [ 2799657.112099997699261, 808185.222899999469519 ], [ 2799687.701300002634525, 808180.33049999922514 ], [ 2799693.870700001716614, 808178.98589999973774 ], [ 2799688.405900001525879, 808186.915500000119209 ], [ 2799688.131099998950958, 808189.760099999606609 ], [ 2799693.819899998605251, 808197.373100001364946 ], [ 2799697.122699998319149, 808198.200899999588728 ], [ 2799747.560900002717972, 808182.530699998140335 ], [ 2799752.593599997460842, 808181.394299998879433 ], [ 2799757.708099998533726, 808180.987300001084805 ], [ 2799827.1941, 808183.134700000286102 ], [ 2799832.632299996912479, 808186.907900001853704 ], [ 2799837.305100001394749, 808192.087099999189377 ], [ 2799843.400700002908707, 808206.491500001400709 ], [ 2799846.943300001323223, 808211.861099999397993 ], [ 2799865.739900000393391, 808249.945500001311302 ], [ 2799907.691100001335144, 808325.766699999570847 ], [ 2799975.300800003111362, 808447.962499998509884 ], [ 2799962.565999999642372, 808456.154500000178814 ], [ 2799937.545900002121925, 808477.190400000661612 ], [ 2799924.701499998569489, 808490.566599998623133 ], [ 2799901.424999997019768, 808530.032200001180172 ], [ 2799887.530500002205372, 808554.571899998933077 ], [ 2799878.962600000202656, 808570.120299998670816 ], [ 2799860.348099999129772, 808598.380800001323223 ], [ 2799834.695299997925758, 808623.497499998658895 ], [ 2799826.460799999535084, 808648.629299998283386 ], [ 2799819.67119999974966, 808667.353500001132488 ], [ 2799803.391500003635883, 808675.2010000012815 ], [ 2799792.34009999781847, 808681.245799999684095 ], [ 2799772.045100003480911, 808698.287399999797344 ], [ 2799756.511, 808706.298900000751019 ], [ 2799740.715599998831749, 808717.156199999153614 ], [ 2799712.002400003373623, 808731.840399999171495 ], [ 2799692.372000001370907, 808743.165699999779463 ], [ 2799681.065499998629093, 808761.484099999070168 ], [ 2799674.672799997031689, 808776.412399999797344 ], [ 2799678.012199997901917, 808786.237799998372793 ], [ 2799679.151600003242493, 808795.367800001055002 ], [ 2799675.365099996328354, 808817.18299999833107 ], [ 2799674.742600001394749, 808824.893300000578165 ], [ 2799673.777000002563, 808834.141499999910593 ], [ 2799675.246200002729893, 808837.879799999296665 ], [ 2799675.774300001561642, 808842.216499999165535 ], [ 2799675.98200000077486, 808853.207299999892712 ], [ 2799676.630699999630451, 808859.91609999909997 ], [ 2799682.646099999547005, 808871.910500001162291 ], [ 2799685.800200000405312, 808880.614700000733137 ], [ 2799689.344999998807907, 808887.660599999129772 ], [ 2799697.505300000309944, 808902.323499999940395 ], [ 2799702.960400000214577, 808917.019600000232458 ], [ 2799710.628600001335144, 808931.592099998146296 ], [ 2799715.096199996769428, 808941.0016999989748 ], [ 2799718.534299999475479, 808949.502900000661612 ], [ 2799719.599899999797344, 808955.918499998748302 ], [ 2799720.409999996423721, 808959.787200000137091 ], [ 2799735.152000002563, 808972.082499999552965 ], [ 2799738.94990000128746, 808980.100699998438358 ], [ 2799743.061700001358986, 808984.739599999040365 ], [ 2799747.944300003349781, 808989.433699999004602 ], [ 2799751.524099998176098, 808993.50450000166893 ], [ 2799754.996500000357628, 808994.44819999858737 ], [ 2799761.517099998891354, 808995.353300001472235 ], [ 2799767.453599996864796, 808997.103700000792742 ], [ 2799770.081600002944469, 809004.575199998915195 ], [ 2799775.6233000010252, 809015.44819999858737 ], [ 2799778.365699999034405, 809024.277899999171495 ], [ 2799781.644100002944469, 809024.852299999445677 ], [ 2799792.716499999165535, 809028.263000000268221 ], [ 2799799.799099996685982, 809031.75 ], [ 2799797.787799999117851, 809039.477800000458956 ], [ 2799795.738099999725819, 809041.871700000017881 ], [ 2799796.324400000274181, 809044.654899999499321 ], [ 2799799.346699997782707, 809050.232799999415874 ], [ 2799801.941100001335144, 809060.016800001263618 ], [ 2799805.575400002300739, 809069.563299998641014 ], [ 2799814.29110000282526, 809087.605000000447035 ], [ 2799827.0608000010252, 809093.77479999884963 ], [ 2799832.804099999368191, 809100.4239999987185 ], [ 2799832.70099999755621, 809105.326699998229742 ], [ 2799832.216099999845028, 809111.132800001651049 ], [ 2799832.387999996542931, 809113.296000000089407 ], [ 2799834.013599999248981, 809121.543600000441074 ], [ 2799834.960799999535084, 809128.843499999493361 ], [ 2799834.561800003051758, 809134.282499998807907 ], [ 2799833.457099996507168, 809139.509799998253584 ], [ 2799830.185500003397465, 809150.113200001418591 ], [ 2799829.536399997770786, 809156.738600000739098 ], [ 2799827.342600002884865, 809162.887200001627207 ], [ 2799826.759099997580051, 809168.851399999111891 ], [ 2799827.767099998891354, 809176.779699999839067 ], [ 2799832.128200002014637, 809194.415500000119209 ], [ 2799836.4679000005126, 809201.823899999260902 ], [ 2799838.229999996721745, 809206.698699999600649 ], [ 2799843.850299999117851, 809215.513999998569489 ], [ 2799851.508000001311302, 809222.9222999997437 ], [ 2799852.415399998426437, 809232.424300000071526 ], [ 2799859.018500000238419, 809249.434599999338388 ], [ 2799862.957400001585484, 809255.84569999948144 ], [ 2799867.193999998271465, 809258.271000001579523 ], [ 2799871.3378000035882, 809258.35700000077486 ], [ 2799878.21169999986887, 809262.363200001418591 ], [ 2799878.038500003516674, 809270.625700000673532 ], [ 2799879.999399997293949, 809285.25 ], [ 2799883.682800002396107, 809297.110599998384714 ], [ 2799885.729400001466274, 809309.698300000280142 ], [ 2799889.0471, 809323.383499998599291 ], [ 2799892.749700002372265, 809343.538100000470877 ], [ 2799897.089900001883507, 809359.167199999094009 ], [ 2799898.442100003361702, 809371.287200000137091 ], [ 2799905.765900000929832, 809400.368500001728535 ], [ 2799906.483999997377396, 809410.21000000089407 ], [ 2799899.415899999439716, 809436.652300000190735 ], [ 2799884.641699999570847, 809494.348200000822544 ], [ 2799868.742499999701977, 809523.226799998432398 ], [ 2799859.436700001358986, 809541.674300000071526 ], [ 2799844.944799996912479, 809567.506900001317263 ], [ 2799838.695799998939037, 809578.758699998259544 ], [ 2799834.873700000345707, 809584.050999999046326 ], [ 2799826.739900000393391, 809590.589999999850988 ], [ 2799816.079700000584126, 809594.506000000983477 ], [ 2799798.229900002479553, 809601.258699998259544 ], [ 2799788.229900002479553, 809606.56700000166893 ], [ 2799782.768799997866154, 809610.07319999858737 ], [ 2799777.187799997627735, 809615.594300001859665 ], [ 2799759.950000002980232, 809646.879900000989437 ], [ 2799756.151399999856949, 809655.624400001019239 ], [ 2799754.007799997925758, 809661.839000001549721 ], [ 2799754.630800001323223, 809669.778400000184774 ], [ 2799770.663599997758865, 809684.090199999511242 ], [ 2799789.699799999594688, 809696.772599998861551 ], [ 2799803.810199998319149, 809707.200300000607967 ], [ 2799810.667300000786781, 809715.514600001275539 ], [ 2799815.0574000030756, 809725.378600001335144 ], [ 2799817.011200003325939, 809733.468100000172853 ], [ 2799818.13289999961853, 809740.69310000166297 ], [ 2799819.429999999701977, 809748.635899998247623 ], [ 2799819.044600002467632, 809754.025499999523163 ], [ 2799817.929200001060963, 809758.374699998646975 ], [ 2799814.150499999523163, 809764.912300001829863 ], [ 2799808.859499998390675, 809774.933200001716614 ], [ 2799800.575099997222424, 809788.02589999884367 ], [ 2799787.500100001692772, 809804.820300001651049 ], [ 2799774.790399998426437, 809816.127599999308586 ], [ 2799755.491899996995926, 809832.231499999761581 ], [ 2799744.527199998497963, 809846.908300001174212 ], [ 2799735.066500000655651, 809857.15089999884367 ], [ 2799722.798100002110004, 809863.737799998372793 ], [ 2799709.2162000015378, 809870.830800000578165 ], [ 2799694.416500002145767, 809877.411499999463558 ], [ 2799684.764899998903275, 809882.982900001108646 ], [ 2799675.686999998986721, 809890.019999999552965 ], [ 2799661.578299999237061, 809900.603900000452995 ], [ 2799652.655299998819828, 809905.39809999987483 ], [ 2799645.385300002992153, 809913.168000001460314 ], [ 2799631.601599998772144, 809942.384700000286102 ], [ 2799619.837200000882149, 809966.677400000393391 ], [ 2799612.036100000143051, 809974.267700001597404 ], [ 2799599.853200003504753, 809979.732400000095367 ], [ 2799594.583200000226498, 809989.075800001621246 ], [ 2799582.750299997627735, 810015.602000001817942 ], [ 2799580.697499997913837, 810028.050400000065565 ], [ 2799578.861400000751019, 810041.465999998152256 ], [ 2799578.746100001037121, 810057.931400001049042 ], [ 2799574.070299997925758, 810095.137299999594688 ], [ 2799576.077299997210503, 810106.086599998176098 ], [ 2799582.340999998152256, 810122.22859999909997 ], [ 2799587.154899999499321, 810135.243299998342991 ], [ 2799590.695799998939037, 810144.466400001198053 ], [ 2799595.425599999725819, 810156.652499999850988 ], [ 2799602.6985, 810175.562899999320507 ], [ 2799604.610100001096725, 810180.511300001293421 ], [ 2799605.748499996960163, 810186.315400000661612 ], [ 2799606.09009999781847, 810194.116599999368191 ], [ 2799589.489799998700619, 810271.075800001621246 ], [ 2799585.101199999451637, 810323.965500000864267 ], [ 2799581.416299998760223, 810346.329999998211861 ], [ 2799576.984200000762939, 810353.153799999505281 ], [ 2799572.971600003540516, 810359.709899999201298 ], [ 2799569.735699996352196, 810368.909400001168251 ], [ 2799568.717600002884865, 810386.586800001561642 ], [ 2799567.707299999892712, 810405.135499998927116 ], [ 2799568.870200000703335, 810426.184399999678135 ], [ 2799573.342000000178814, 810448.89130000025034 ], [ 2799570.183799996972084, 810457.089800000190735 ], [ 2799563.110299997031689, 810467.0641999989748 ], [ 2799559.777699999511242, 810472.547400001436472 ], [ 2799563.250200003385544, 810529.400800000876188 ], [ 2799565.096699997782707, 810559.610100001096725 ], [ 2799564.873000003397465, 810720.8597999997437 ], [ 2799555.880599997937679, 810728.160199999809265 ], [ 2799467.840400002896786, 810707.563499998301268 ], [ 2799477.563500002026558, 810786.179699998348951 ], [ 2799454.756300002336502, 810788.043999999761581 ], [ 2799434.990000002086163, 810789.698499999940395 ], [ 2799411.231299996376038, 810793.064500000327826 ], [ 2799382.61710000038147, 810796.617600001394749 ], [ 2799299.106700003147125, 810806.32209999859333 ], [ 2799300.084299996495247, 810818.78660000115633 ], [ 2799309.831000000238419, 810853.326900001615286 ], [ 2799317.610699996352196, 810882.118299998342991 ], [ 2799322.690999999642372, 810893.443300001323223 ], [ 2799335.61429999768734, 810919.528200000524521 ], [ 2799354.99549999833107, 810961.736699998378754 ], [ 2799396.724399998784065, 811039.446299999952316 ], [ 2799415.947300001978874, 811036.521099999547005 ], [ 2799433.938500002026558, 811036.894900001585484 ], [ 2799457.509700000286102, 811032.924600001424551 ], [ 2799478.047600001096725, 811069.680599998682737 ], [ 2799487.263099998235703, 811103.487199999392033 ], [ 2799494.374799996614456, 811119.203099999576807 ], [ 2799504.994699999690056, 811133.459600001573563 ], [ 2799515.156199999153614, 811148.14979999884963 ], [ 2799534.401199996471405, 811161.840700000524521 ], [ 2799543.936099998652935, 811167.925799999386072 ], [ 2799557.543300002813339, 811169.97690000012517 ], [ 2799576.135399997234344, 811167.760299999266863 ], [ 2799583.581799998879433, 811170.414099998772144 ], [ 2799592.807499997317791, 811188.695199999958277 ], [ 2799610.271700002253056, 811255.170499999076128 ], [ 2799620.70440000295639, 811303.6402000002563 ], [ 2799633.285899996757507, 811348.195500001311302 ], [ 2799654.832000002264977, 811402.028900001198053 ], [ 2799677.021999999880791, 811486.035199999809265 ], [ 2799681.775799997150898, 811507.72069999948144 ], [ 2799581.812399998307228, 811529.416799999773502 ], [ 2799589.24210000038147, 811610.28770000115037 ], [ 2799591.595299996435642, 811623.795400001108646 ], [ 2799597.479900002479553, 811659.445599999278784 ], [ 2799611.037000000476837, 811722.377900000661612 ], [ 2799613.400399997830391, 811825.11600000038743 ], [ 2799621.431599996984005, 811878.316399998962879 ], [ 2799629.45099999755621, 811927.78999999910593 ], [ 2799630.583200000226498, 811973.563200000673532 ], [ 2799633.470399998128414, 812021.080699998885393 ], [ 2799639.711199998855591, 812073.092500001192093 ], [ 2799637.202299997210503, 812096.122699998319149 ], [ 2799636.147200003266335, 812105.814899999648333 ], [ 2799645.933499999344349, 812206.974700000137091 ], [ 2799659.734499998390675, 812318.166200000792742 ], [ 2799659.386200003325939, 812331.008299998939037 ], [ 2799669.097199998795986, 812452.914500001817942 ], [ 2799671.086099997162819, 812478.998799998313189 ], [ 2799687.645599998533726, 812476.051899999380112 ], [ 2799757.660400003194809, 812464.889400001615286 ], [ 2799814.589500002563, 812458.402899999171495 ], [ 2799859.111199997365475, 812453.692899998277426 ], [ 2799897.228500001132488, 812451.9989 ], [ 2799934.042599998414516, 812451.091600000858307 ], [ 2800004.081799998879433, 812450.072299998253584 ], [ 2800048.780299998819828, 812451.424899999052286 ], [ 2800097.624700002372265, 812455.080899998545647 ], [ 2800152.017499998211861, 812460.736000001430511 ], [ 2800208.867899999022484, 812468.381400000303984 ], [ 2800294.707900002598763, 812484.0304000005126 ], [ 2800408.799500003457069, 812512.753499999642372 ], [ 2800568.108000002801418, 812563.429900001734495 ], [ 2800619.147900000214577, 812579.438400000333786 ], [ 2800624.663500003516674, 812581.168200001120567 ], [ 2800679.382600001990795, 812598.3293999992311 ], [ 2800740.262299999594688, 812617.673099998384714 ], [ 2800744.644799999892712, 812619.064800001680851 ], [ 2800788.090999998152256, 812632.8614999987185 ], [ 2800876.7483000010252, 812661.008499998599291 ], [ 2800917.13400000333786, 812673.827899999916553 ], [ 2801005.117399998009205, 812701.881599999964237 ], [ 2801078.590000003576279, 812724.959100000560284 ], [ 2801271.026900000870228, 812785.917100001126528 ], [ 2801301.776500001549721, 812795.872299998998642 ], [ 2801326.976400002837181, 812803.486000001430511 ], [ 2801347.972300000488758, 812809.777699999511242 ], [ 2801355.661499999463558, 812812.187600001692772 ], [ 2801416.825400002300739, 812834.376299999654293 ], [ 2801461.314400002360344, 812850.515700001269579 ], [ 2801636.638999998569489, 812933.246800001710653 ], [ 2801696.460799999535084, 812961.507800001651049 ], [ 2802082.163400001823902, 813144.40089999884367 ], [ 2802312.581399999558926, 813253.130199998617172 ], [ 2802396.361400000751019, 813292.747299998998642 ], [ 2802435.178000003099442, 813311.140500001609325 ], [ 2802610.952799998223782, 813394.426300000399351 ], [ 2802739.2195999994874, 813454.592599999159575 ], [ 2802868.400499999523163, 813516.170699998736382 ], [ 2802875.551299996674061, 813519.414099998772144 ], [ 2802979.289499998092651, 813567.532200001180172 ], [ 2803099.427599996328354, 813624.5641999989748 ], [ 2803302.974600002169609, 813718.863299999386072 ], [ 2803349.251500003039837, 813737.77479999884963 ], [ 2803354.28490000218153, 813739.949999999254942 ], [ 2803423.122299998998642, 813767.567299999296665 ], [ 2803464.821800000965595, 813788.861099999397993 ], [ 2803482.923600003123283, 813798.343499999493361 ], [ 2803532.866599999368191, 813824.502199999988079 ], [ 2803554.210299998521805, 813835.680900000035763 ], [ 2803644.091700002551079, 813881.164099998772144 ], [ 2803659.468199998140335, 813888.796300001442432 ], [ 2803717.684900000691414, 813918.156500000506639 ], [ 2803802.743699997663498, 813961.053800001740456 ], [ 2803808.190800003707409, 814035.115100000053644 ], [ 2803811.512699998915195, 814080.282499998807907 ], [ 2803814.354500003159046, 814118.920699998736382 ], [ 2803837.517399996519089, 814493.895399998873472 ], [ 2803837.523199997842312, 814493.989100001752377 ], [ 2803849.00789999961853, 814630.368099998682737 ], [ 2803861.132299996912479, 814791.853700000792742 ], [ 2803872.906300000846386, 814984.554499998688698 ], [ 2803885.9331, 815206.722899999469519 ], [ 2803886.533100001513958, 815220.122499998658895 ], [ 2803887.160300001502037, 815234.163100000470877 ], [ 2803893.240599997341633, 815350.266499999910593 ], [ 2803905.598300002515316, 815586.146899998188019 ], [ 2803918.683300003409386, 815925.361400000751019 ], [ 2803935.429899998009205, 816205.540100000798702 ], [ 2803940.989500001072884, 816298.678399998694658 ], [ 2803959.997400000691414, 816622.211500000208616 ], [ 2803963.216899998486042, 816752.150600001215935 ], [ 2803986.103100001811981, 816751.724700000137091 ], [ 2803987.891699999570847, 816751.807300001382828 ], [ 2804014.964199997484684, 816753.043999999761581 ] ] ] ] } },
{ "type": "Feature", "properties": { "CVEGEO": "09014", "CVE_ENT": "09", "CVE_MUN": "014", "NOMGEO": "Benito Juárez", "ENTIDAD FEDERATIVA": "Ciudad de México", "CLAVE DEL MUNICIPIO": 9014, "POBLACIÓN 2020": 373752, "POBLACIÓN EN SITUACIÓN DE POBREZA 2020": 29466, "POBLACIÓN EN SITUACIÓN DE POBREZA EXTREMA 2020": 1167, "GRADO DE REZAGO": "Muy bajo", "autoad.indig": 31621.99690228, "% autoad.indig": 7.444043, "OCURRENCIAS_DONANTE": 0, "MONTOASIGNADO_TOTAL": 0 }, "geometry": { "type": "MultiPolygon", "coordinates": [ [ [ [ 2798716.061300002038479, 825872.885899998247623 ], [ 2798801.483900003135204, 825870.901299998164177 ], [ 2798883.499499998986721, 825868.095300000160933 ], [ 2798895.703100003302097, 825867.839099999517202 ], [ 2798973.993600003421307, 825864.002599999308586 ], [ 2798993.700900003314018, 825863.036800000816584 ], [ 2799009.362400002777576, 825862.495000001043081 ], [ 2799078.363099999725819, 825860.107900001108646 ], [ 2799157.78320000320673, 825857.300299998372793 ], [ 2799222.722599998116493, 825855.271600000560284 ], [ 2799235.034400001168251, 825854.886999998241663 ], [ 2799243.475199997425079, 825854.557900000363588 ], [ 2799331.824100002646446, 825851.112700000405312 ], [ 2799421.551700003445148, 825847.530499998480082 ], [ 2799497.53490000218153, 825845.171599999070168 ], [ 2799510.285599999129772, 825844.775699999183416 ], [ 2799518.563199996948242, 825844.425299998372793 ], [ 2799605.314400002360344, 825840.751600001007318 ], [ 2799691.566399998962879, 825837.277300000190735 ], [ 2799703.610200002789497, 825836.792199999094009 ], [ 2799712.749499998986721, 825836.464800000190735 ], [ 2799762.542700000107288, 825834.680799998342991 ], [ 2799787.171599999070168, 825833.402699999511242 ], [ 2799793.729000002145767, 825830.736099999397993 ], [ 2799795.05290000140667, 825829.170099999755621 ], [ 2799801.613799996674061, 825821.409200001507998 ], [ 2799805.427599996328354, 825816.89809999987483 ], [ 2799809.117299996316433, 825809.176500000059605 ], [ 2799812.089599996805191, 825802.956199999898672 ], [ 2799817.601800002157688, 825789.626299999654293 ], [ 2799827.169699996709824, 825778.411800000816584 ], [ 2799842.220600001513958, 825770.500799998641014 ], [ 2799851.998400002717972, 825767.717799998819828 ], [ 2799862.485200002789497, 825764.732999999076128 ], [ 2799874.314400002360344, 825763.192800000309944 ], [ 2799855.406499996781349, 825624.252599999308586 ], [ 2799853.199100002646446, 825600.500199999660254 ], [ 2799847.179700002074242, 825554.387299999594688 ], [ 2799831.63570000231266, 825435.882699999958277 ], [ 2799820.001800000667572, 825363.399099998176098 ], [ 2799910.800800003111362, 825358.253499999642372 ], [ 2799960.411799997091293, 825356.405999999493361 ], [ 2800020.877499997615814, 825355.460900001227856 ], [ 2800078.86540000140667, 825354.220499999821186 ], [ 2800148.957299999892712, 825351.69649999961257 ], [ 2800211.089800000190735, 825351.698499999940395 ], [ 2800263.768200002610683, 825351.582499999552965 ], [ 2800316.434500001370907, 825349.760800000280142 ], [ 2800377.447499997913837, 825348.42960000038147 ], [ 2800413.226000003516674, 825348.754399999976158 ], [ 2800473.94879999756813, 825349.310100000351667 ], [ 2800474.269900001585484, 825203.984400000423193 ], [ 2800469.272900000214577, 825103.565699998289347 ], [ 2800456.175399996340275, 825082.482099998742342 ], [ 2800443.287100002169609, 825052.999099999666214 ], [ 2800429.802500002086163, 824994.189300000667572 ], [ 2800425.47240000218153, 824972.78660000115633 ], [ 2800408.674199998378754, 824876.412900000810623 ], [ 2800405.624600000679493, 824858.767299998551607 ], [ 2800404.776500001549721, 824853.828899998217821 ], [ 2800404.306199997663498, 824851.091099999845028 ], [ 2800392.89580000191927, 824784.6570999994874 ], [ 2800392.012999996542931, 824779.5168999992311 ], [ 2800389.383000001311302, 824764.204300001263618 ], [ 2800387.219899997115135, 824750.675599999725819 ], [ 2800386.032700002193451, 824743.972699999809265 ], [ 2800372.417499996721745, 824667.107299998402596 ], [ 2800370.315700002014637, 824652.610500000417233 ], [ 2800368.819399997591972, 824645.638999998569489 ], [ 2800366.901600003242493, 824636.70380000025034 ], [ 2800366.641000002622604, 824635.488600000739098 ], [ 2800366.639700002968311, 824635.482900001108646 ], [ 2800366.255400002002716, 824633.692600000649691 ], [ 2800365.988600000739098, 824632.240600001066923 ], [ 2800342.221100002527237, 824502.916600000113249 ], [ 2800341.488300003111362, 824499.291200000792742 ], [ 2800338.760600000619888, 824485.798099998384714 ], [ 2800337.467699997127056, 824480.600099999457598 ], [ 2800311.971100002527237, 824378.096999999135733 ], [ 2800311.617299996316433, 824376.094399999827147 ], [ 2800307.921499997377396, 824355.17509999871254 ], [ 2800304.041900001466274, 824330.605000000447035 ], [ 2800303.669100001454353, 824328.244899999350309 ], [ 2800292.68469999730587, 824269.499299999326468 ], [ 2800280.791199997067451, 824198.266800001263618 ], [ 2800279.766800001263618, 824192.195099998265505 ], [ 2800277.132500000298023, 824176.583599999547005 ], [ 2800261.1908999979496, 824079.405000001192093 ], [ 2800242.67400000244379, 823986.623199999332428 ], [ 2800238.456600002944469, 823966.313200000673532 ], [ 2800226.704199999570847, 823909.744699999690056 ], [ 2800223.274099998176098, 823894.292599998414516 ], [ 2800222.08389999717474, 823888.930900000035763 ], [ 2800221.119999997317791, 823883.956799998879433 ], [ 2800220.70099999755621, 823881.795699998736382 ], [ 2800198.266000002622604, 823766.075399998575449 ], [ 2800196.676299996674061, 823758.405999999493361 ], [ 2800194.531000003218651, 823748.055700000375509 ], [ 2800194.210900001227856, 823746.51069999858737 ], [ 2800193.845600001513958, 823744.749099999666214 ], [ 2800172.852700002491474, 823627.668699998408556 ], [ 2800171.17960000038147, 823618.807300001382828 ], [ 2800169.971900001168251, 823612.411299999803305 ], [ 2800167.605800002813339, 823599.879399999976158 ], [ 2800156.107100002467632, 823527.439899999648333 ], [ 2800149.703100003302097, 823489.815999999642372 ], [ 2800148.858400002121925, 823485.189300000667572 ], [ 2800145.606700003147125, 823467.378699999302626 ], [ 2800145.017300002276897, 823463.554099999368191 ], [ 2800134.055200003087521, 823392.432000000029802 ], [ 2800120.318300001323223, 823313.796000000089407 ], [ 2800095.960500001907349, 823185.9560999982059 ], [ 2800095.343999996781349, 823182.720800001174212 ], [ 2800092.860200002789497, 823169.68470000103116 ], [ 2800092.58500000089407, 823168.240299999713898 ], [ 2800060.580200001597404, 823023.326499998569489 ], [ 2800050.108400002121925, 822961.847100000828505 ], [ 2800045.979299999773502, 822937.605099998414516 ], [ 2800022.748800002038479, 822827.245999999344349 ], [ 2800016.336099997162819, 822791.756900001317263 ], [ 2800003.025200001895428, 822720.637600000947714 ], [ 2799997.412699997425079, 822681.013399999588728 ], [ 2799975.702299997210503, 822567.419700000435114 ], [ 2799954.339900001883507, 822459.35869999974966 ], [ 2799928.508699998259544, 822321.375 ], [ 2799908.924500003457069, 822228.662200000137091 ], [ 2799885.688799999654293, 822098.596400000154972 ], [ 2799862.709499999880791, 821988.121300000697374 ], [ 2799849.4309, 821920.812300000339746 ], [ 2799832.217100001871586, 821832.000700000673532 ], [ 2799823.796800002455711, 821775.832499999552965 ], [ 2799812.508699998259544, 821707.945799998939037 ], [ 2799800.332800000905991, 821642.748599998652935 ], [ 2799786.284199997782707, 821577.137600000947714 ], [ 2799771.213500000536442, 821507.969799999147654 ], [ 2799758.329700000584126, 821435.222199998795986 ], [ 2799747.144100002944469, 821374.244500000029802 ], [ 2799734.9628000035882, 821305.560499999672174 ], [ 2799722.07150000333786, 821233.217700000852346 ], [ 2799709.277400001883507, 821157.682900000363588 ], [ 2799695.211800001561642, 821086.732099998742342 ], [ 2799675.097300000488758, 820981.548799999058247 ], [ 2799650.849299997091293, 820850.435899998992682 ], [ 2799628.138999998569489, 820741.344099998474121 ], [ 2799629.177500002086163, 820716.01799999922514 ], [ 2799635.191399998962879, 820691.581500001251698 ], [ 2799573.485200002789497, 820695.246100001037121 ], [ 2799536.893700003623962, 820697.419199999421835 ], [ 2799520.943800002336502, 820698.366599999368191 ], [ 2799501.110799998044968, 820700.49379999935627 ], [ 2799461.289200000464916, 820704.785199999809265 ], [ 2799410.723399996757507, 820710.190799999982119 ], [ 2799378.916900001466274, 820713.496199999004602 ], [ 2799368.571800000965595, 820713.935899998992682 ], [ 2799314.270199999213219, 820716.243299998342991 ], [ 2799250.716399997472763, 820719.673900000751019 ], [ 2799213.239100001752377, 820721.280099999159575 ], [ 2799192.519000001251698, 820721.86769999936223 ], [ 2799158.191200003027916, 820723.869100000709295 ], [ 2799115.144100002944469, 820725.647399999201298 ], [ 2799085.595100000500679, 820726.104600001126528 ], [ 2799053.040200002491474, 820726.615499999374151 ], [ 2799030.116099998354912, 820726.975299999117851 ], [ 2798967.009499996900558, 820727.588500000536442 ], [ 2798945.816500000655651, 820727.825800001621246 ], [ 2798911.483000002801418, 820728.210299998521805 ], [ 2798890.579700000584126, 820728.334699999541044 ], [ 2798859.3728, 820728.520500000566244 ], [ 2798838.000200003385544, 820728.998199999332428 ], [ 2798818.843299999833107, 820729.426300000399351 ], [ 2798773.225199997425079, 820730.445900000631809 ], [ 2798766.766500003635883, 820730.685499999672174 ], [ 2798684.643700003623962, 820733.732200000435114 ], [ 2798602.505599997937679, 820736.654599998146296 ], [ 2798561.779399998486042, 820738.137299999594688 ], [ 2798519.643500000238419, 820739.896600000560284 ], [ 2798492.2466000020504, 820740.778099998831749 ], [ 2798436.590400002896786, 820742.568799998611212 ], [ 2798426.01240000128746, 820742.733899999409914 ], [ 2798415.513999998569489, 820742.897599998861551 ], [ 2798357.816299997270107, 820745.80460000038147 ], [ 2798237.747900001704693, 820749.900100000202656 ], [ 2798204.769500002264977, 820751.593499999493361 ], [ 2798180.681599996984005, 820752.830299999564886 ], [ 2798152.674999997019768, 820753.486900001764297 ], [ 2798119.06870000064373, 820754.27479999884963 ], [ 2798102.57940000295639, 820754.703600000590086 ], [ 2798086.291799999773502, 820755.127000000327826 ], [ 2797985.507100000977516, 820759.055500000715256 ], [ 2797984.046999998390675, 820759.112399999052286 ], [ 2797918.962099999189377, 820761.649399999529123 ], [ 2797856.57320000231266, 820764.079799998551607 ], [ 2797848.483800001442432, 820764.170200001448393 ], [ 2797839.99719999730587, 820764.265700001269579 ], [ 2797818.655599996447563, 820765.238099999725819 ], [ 2797762.662600003182888, 820767.790100000798702 ], [ 2797721.853799998760223, 820769.649999998509884 ], [ 2797648.641999997198582, 820772.902499999850988 ], [ 2797614.471900001168251, 820774.421500001102686 ], [ 2797571.19820000231266, 820776.027399998158216 ], [ 2797510.821900002658367, 820778.26969999819994 ], [ 2797471.327600002288818, 820779.736400000751019 ], [ 2797341.976300001144409, 820784.231699999421835 ], [ 2797330.110299997031689, 820784.643699999898672 ], [ 2797153.42960000038147, 820791.888099998235703 ], [ 2797089.898299999535084, 820794.767799999564886 ], [ 2797002.037799999117851, 820798.750199999660254 ], [ 2796855.475000001490116, 820803.962499998509884 ], [ 2796770.305600002408028, 820807.463300000876188 ], [ 2796752.194700002670288, 820808.065099999308586 ], [ 2796705.800999999046326, 820809.607299998402596 ], [ 2796623.86429999768734, 820812.261900000274181 ], [ 2796561.589299999177456, 820815.586199998855591 ], [ 2796555.755999997258186, 820815.897599998861551 ], [ 2796496.408100001513958, 820821.440999999642372 ], [ 2796494.641699999570847, 820821.628699999302626 ], [ 2796454.906999997794628, 820830.783599998801947 ], [ 2796429.076399996876717, 820839.256400000303984 ], [ 2796417.535499997437, 820843.531199999153614 ], [ 2796412.9037000015378, 820845.245999999344349 ], [ 2796383.781400002539158, 820861.964999999850988 ], [ 2796292.666900001466274, 820916.9510000012815 ], [ 2796291.095200002193451, 820917.900499999523163 ], [ 2796168.792900003492832, 820992.49379999935627 ], [ 2796145.083700001239777, 821009.886399999260902 ], [ 2796124.360100001096725, 821029.080299999564886 ], [ 2796078.142499998211861, 821081.750700000673532 ], [ 2796048.806699998676777, 821116.073699999600649 ], [ 2795992.21679999679327, 821182.284099999815226 ], [ 2795975.994599997997284, 821198.475400000810623 ], [ 2795960.852600000798702, 821213.396299999207258 ], [ 2795928.518100000917912, 821244.30629999935627 ], [ 2795863.181400001049042, 821306.747400000691414 ], [ 2795826.585900001227856, 821341.721099998801947 ], [ 2795758.98309999704361, 821406.328099999576807 ], [ 2795755.86879999935627, 821409.304299999028444 ], [ 2795751.390500001609325, 821413.927400000393391 ], [ 2795705.38629999756813, 821461.419199999421835 ], [ 2795646.762500002980232, 821520.510499998927116 ], [ 2795635.97240000218153, 821510.980599999427795 ], [ 2795604.731299996376038, 821483.388099998235703 ], [ 2795581.124700002372265, 821459.004599999636412 ], [ 2795536.754900000989437, 821412.266499999910593 ], [ 2795496.54450000077486, 821370.230799999088049 ], [ 2795480.166199997067451, 821330.151099998503923 ], [ 2795470.247000001370907, 821308.329999998211861 ], [ 2795456.402000002563, 821296.86939999833703 ], [ 2795436.034299999475479, 821283.911499999463558 ], [ 2795414.913999997079372, 821275.600099999457598 ], [ 2795394.189400002360344, 821270.876800000667572 ], [ 2795357.780199997127056, 821267.886500000953674 ], [ 2795313.199400000274181, 821269.508499998599291 ], [ 2795289.61370000243187, 821267.099599998444319 ], [ 2795253.679700002074242, 821256.667899999767542 ], [ 2795221.706799998879433, 821243.825399998575449 ], [ 2795172.175399996340275, 821225.63569999858737 ], [ 2795135.993199996650219, 821201.964099999517202 ], [ 2795090.911200001835823, 821169.372400000691414 ], [ 2795047.159699998795986, 821137.742499999701977 ], [ 2795028.8596, 821130.405499998480082 ], [ 2795011.143500000238419, 821128.647700000554323 ], [ 2794911.322800002992153, 821134.970300000160933 ], [ 2794893.970200002193451, 821133.804000001400709 ], [ 2794854.796599999070168, 821128.722500000149012 ], [ 2794837.243000000715256, 821126.747299998998642 ], [ 2794822.197899997234344, 821127.07039999961853 ], [ 2794723.136900000274181, 821163.253499999642372 ], [ 2794705.1875, 821172.216099999845028 ], [ 2794682.784299999475479, 821183.820599999278784 ], [ 2794593.477600000798702, 821250.499600000679493 ], [ 2794576.600400000810623, 821256.998199999332428 ], [ 2794565.066399998962879, 821260.656100001186132 ], [ 2794554.5658999979496, 821263.065600000321865 ], [ 2794544.999700002372265, 821264.21169999986887 ], [ 2794530.231899999082088, 821265.255899999290705 ], [ 2794506.320500001311302, 821261.286299999803305 ], [ 2794458.183700002729893, 821262.307700000703335 ], [ 2794351.125100001692772, 821284.119899999350309 ], [ 2794314.199699997901917, 821293.247600000351667 ], [ 2794251.905199997127056, 821310.768399998545647 ], [ 2794265.398599997162819, 821459.614000000059605 ], [ 2794274.692500002682209, 821572.010200001299381 ], [ 2794278.329899996519089, 821636.440099999308586 ], [ 2794280.084700003266335, 821675.503199998289347 ], [ 2794278.832800000905991, 821686.34569999948144 ], [ 2794276.877999998629093, 821697.719799999147654 ], [ 2794274.898999996483326, 821708.242199998348951 ], [ 2794269.835199996829033, 821727.214099999517202 ], [ 2794262.861100003123283, 821745.07319999858737 ], [ 2794252.200900003314018, 821764.004999998956919 ], [ 2794228.869499996304512, 821806.100699998438358 ], [ 2794205.666000001132488, 821849.435499999672174 ], [ 2794195.048900000751019, 821867.828299999237061 ], [ 2794184.639399997889996, 821892.472899999469519 ], [ 2794180.935699999332428, 821903.105000000447035 ], [ 2794173.427100002765656, 821927.508299998939037 ], [ 2794169.313900001347065, 821945.307500001043081 ], [ 2794165.342500001192093, 821969.34180000051856 ], [ 2794162.970200002193451, 821997.9206000007689 ], [ 2794162.193599998950958, 822024.414299998432398 ], [ 2794163.479699999094009, 822044.458799999207258 ], [ 2794168.500900000333786, 822103.247299998998642 ], [ 2794176.545199997723103, 822194.877999998629093 ], [ 2794176.9265, 822210.710799999535084 ], [ 2794174.889399997889996, 822234.426100000739098 ], [ 2794172.165899999439716, 822248.296900000423193 ], [ 2794166.899899996817112, 822266.327300000935793 ], [ 2794155.711000002920628, 822294.29619999974966 ], [ 2794145.689900003373623, 822317.583700001239777 ], [ 2794136.109499998390675, 822337.848200000822544 ], [ 2794125.490900002419949, 822369.019999999552965 ], [ 2794123.73759999871254, 822379.846000000834465 ], [ 2794121.331900000572205, 822393.974599998444319 ], [ 2794120.762699998915195, 822402.71059999987483 ], [ 2794120.991800002753735, 822424.189500000327826 ], [ 2794128.161399997770786, 822496.061799999326468 ], [ 2794141.071699999272823, 822610.728900000452995 ], [ 2794151.405000001192093, 822703.586300000548363 ], [ 2794152.954599998891354, 822719.208799999207258 ], [ 2794164.789399996399879, 822846.456000000238419 ], [ 2794165.49099999666214, 822874.506299998611212 ], [ 2794164.540899999439716, 822898.091600000858307 ], [ 2794163.184500001370907, 822917.438400000333786 ], [ 2794155.773699998855591, 822998.506000000983477 ], [ 2794154.458499997854233, 823013.444299999624491 ], [ 2794147.462999999523163, 823091.016800001263618 ], [ 2794146.133199997246265, 823171.014299999922514 ], [ 2794145.1765, 823223.237700000405312 ], [ 2794144.733599998056889, 823279.293099999427795 ], [ 2794144.313500002026558, 823311.819099999964237 ], [ 2794143.324299998581409, 823427.386799998581409 ], [ 2794146.538599997758865, 823453.280299998819828 ], [ 2794147.771899998188019, 823459.90430000051856 ], [ 2794148.976999998092651, 823466.040899999439716 ], [ 2794176.916400000452995, 823542.388399999588728 ], [ 2794183.937600001692772, 823560.757599998265505 ], [ 2794191.119099996984005, 823579.545099999755621 ], [ 2794191.400200001895428, 823580.279199998825788 ], [ 2794216.144900001585484, 823645.017299998551607 ], [ 2794232.367399998009205, 823687.459800001233816 ], [ 2794275.590700000524521, 823797.582699999213219 ], [ 2794281.825099997222424, 823817.380499999970198 ], [ 2794298.476700000464916, 823891.000900000333786 ], [ 2794315.7787000015378, 823965.692699998617172 ], [ 2794330.092699997127056, 824028.298700001090765 ], [ 2794332.961499996483326, 824040.465900000184774 ], [ 2794347.560699999332428, 824103.480700001120567 ], [ 2794363.111100003123283, 824172.955699998885393 ], [ 2794365.685900002717972, 824184.302499998360872 ], [ 2794380.5471, 824250.612300001084805 ], [ 2794407.36879999935627, 824367.640099998563528 ], [ 2794428.717699997127056, 824463.655299998819828 ], [ 2794438.833999998867512, 824500.869699999690056 ], [ 2794468.249499998986721, 824598.406500000506639 ], [ 2794472.299500003457069, 824621.445900000631809 ], [ 2794472.51349999755621, 824643.014499999582767 ], [ 2794471.250500001013279, 824663.294399999082088 ], [ 2794468.85530000180006, 824674.480700001120567 ], [ 2794466.426899999380112, 824685.380300000309944 ], [ 2794462.26969999819994, 824697.418699998408556 ], [ 2794449.348300002515316, 824728.862300001084805 ], [ 2794437.219700001180172, 824757.312899999320507 ], [ 2794434.244599997997284, 824765.271800000220537 ], [ 2794395.921800002455711, 824857.553399998694658 ], [ 2794441.7466000020504, 824863.207800000905991 ], [ 2794452.869999997317791, 824864.7010000012815 ], [ 2794524.85249999910593, 824869.904699999839067 ], [ 2794548.276100002229214, 824871.798099998384714 ], [ 2794553.464100003242493, 824871.937399998307228 ], [ 2794664.467699997127056, 824868.462400000542402 ], [ 2794676.352399997413158, 824869.484900001436472 ], [ 2794719.519599996507168, 824881.75279999896884 ], [ 2794787.184500001370907, 824903.092999998480082 ], [ 2794797.953199997544289, 824906.638399999588728 ], [ 2794869.209600001573563, 824923.625700000673532 ], [ 2794892.798000000417233, 824927.312699999660254 ], [ 2794913.899099998176098, 824930.321299999952316 ], [ 2794984.587899997830391, 824959.660599999129772 ], [ 2795083.674900002777576, 825000.328699998557568 ], [ 2795106.542400002479553, 825012.490299999713898 ], [ 2795121.152999997138977, 825023.151700001209974 ], [ 2795161.687899999320507, 825027.579300001263618 ], [ 2795214.244999997317791, 825039.463500000536442 ], [ 2795240.626500003039837, 825040.350999999791384 ], [ 2795324.862400002777576, 825061.440699998289347 ], [ 2795391.381700001657009, 825076.924199998378754 ], [ 2795455.162699997425079, 825074.721099998801947 ], [ 2795528.330600000917912, 825092.878699999302626 ], [ 2795572.530900001525879, 825103.57039999961853 ], [ 2795577.729599997401237, 825104.8277000002563 ], [ 2795682.440700002014637, 825130.273800000548363 ], [ 2795691.068099997937679, 825132.368999999016523 ], [ 2795753.007399998605251, 825148.090799998492002 ], [ 2795806.56700000166893, 825161.686999998986721 ], [ 2795911.740599997341633, 825212.960799999535084 ], [ 2795916.917000003159046, 825214.751800000667572 ], [ 2795918.656599998474121, 825215.354699999094009 ], [ 2795957.771099999547005, 825228.890900000929832 ], [ 2795966.972000002861023, 825232.075100000947714 ], [ 2796030.001500003039837, 825253.889299999922514 ], [ 2796058.620700001716614, 825263.732599999755621 ], [ 2796147.348999999463558, 825294.249800000339746 ], [ 2796336.598600000143051, 825359.339600000530481 ], [ 2796356.396899998188019, 825364.6739999987185 ], [ 2796371.117299996316433, 825368.639899998903275 ], [ 2796491.505800001323223, 825401.074400000274181 ], [ 2796569.9341000020504, 825422.205400001257658 ], [ 2796583.181999996304512, 825425.77479999884963 ], [ 2796586.732199996709824, 825426.731100000441074 ], [ 2796594.179999999701977, 825428.737399999052286 ], [ 2796601.080600000917912, 825430.596200000494719 ], [ 2796615.8800999969244, 825435.116700001060963 ], [ 2796637.994800001382828, 825441.871700000017881 ], [ 2796681.710799999535084, 825458.706799998879433 ], [ 2796748.644199997186661, 825487.706399999558926 ], [ 2796811.618199996650219, 825513.760899998247623 ], [ 2796843.095200002193451, 825526.897700000554323 ], [ 2796874.570900000631809, 825540.033900000154972 ], [ 2796926.816799998283386, 825563.323300000280142 ], [ 2796971.53490000218153, 825584.485700000077486 ], [ 2797026.122400000691414, 825606.682399999350309 ], [ 2797084.269599996507168, 825629.286499999463558 ], [ 2797108.276600003242493, 825637.839299999177456 ], [ 2797142.748599998652935, 825650.465399999171495 ], [ 2797171.949699997901917, 825660.580600000917912 ], [ 2797184.324400000274181, 825664.867199998348951 ], [ 2797197.144100002944469, 825669.600600000470877 ], [ 2797237.805399999022484, 825684.614000000059605 ], [ 2797283.703100003302097, 825700.023499999195337 ], [ 2797329.993199996650219, 825716.033700000494719 ], [ 2797342.374099999666214, 825720.316199999302626 ], [ 2797372.509900003671646, 825730.730399999767542 ], [ 2797386.9507, 825735.72069999948144 ], [ 2797401.0066, 825740.341099999845028 ], [ 2797454.710400000214577, 825757.99439999833703 ], [ 2797527.317800000309944, 825782.915699999779463 ], [ 2797574.315800003707409, 825798.5929000005126 ], [ 2797614.889399997889996, 825811.989199999719858 ], [ 2797658.499600000679493, 825826.606899999082088 ], [ 2797716.2478, 825844.046599999070168 ], [ 2797738.843400001525879, 825849.995799999684095 ], [ 2797765.580700002610683, 825855.061000000685453 ], [ 2797804.386799998581409, 825860.163699999451637 ], [ 2797821.500399999320507, 825860.154199998825788 ], [ 2797883.23759999871254, 825861.385499998927116 ], [ 2797902.211999997496605, 825861.763900000602007 ], [ 2797919.839000001549721, 825862.073699999600649 ], [ 2798141.63849999755621, 825865.969900000840425 ], [ 2798213.941200003027916, 825867.699099998921156 ], [ 2798281.477300003170967, 825869.135299999266863 ], [ 2798337.964299999177456, 825869.552999999374151 ], [ 2798347.635899998247623, 825869.61600000038743 ], [ 2798427.804300002753735, 825871.066300000995398 ], [ 2798445.692299999296665, 825871.389899998903275 ], [ 2798446.256800003349781, 825871.390000000596046 ], [ 2798450.196099996566772, 825871.390000000596046 ], [ 2798461.431500002741814, 825871.3902000002563 ], [ 2798494.793099999427795, 825871.390900000929832 ], [ 2798595.585799999535084, 825872.524700000882149 ], [ 2798613.044200003147125, 825872.72069999948144 ], [ 2798624.830300003290176, 825872.601700000464916 ], [ 2798682.342399999499321, 825872.780600000172853 ], [ 2798716.061300002038479, 825872.885899998247623 ] ] ] ] } },
{ "type": "Feature", "properties": { "CVEGEO": "09015", "CVE_ENT": "09", "CVE_MUN": "015", "NOMGEO": "Cuauhtémoc", "ENTIDAD FEDERATIVA": "Ciudad de México", "CLAVE DEL MUNICIPIO": 9015, "POBLACIÓN 2020": 491816, "POBLACIÓN EN SITUACIÓN DE POBREZA 2020": 102753, "POBLACIÓN EN SITUACIÓN DE POBREZA EXTREMA 2020": 12053, "GRADO DE REZAGO": "Muy bajo", "autoad.indig": 59660.298896449996, "% autoad.indig": 11.229265, "OCURRENCIAS_DONANTE": 0, "MONTOASIGNADO_TOTAL": 0 }, "geometry": { "type": "MultiPolygon", "coordinates": [ [ [ [ 2800483.028599999845028, 832381.311700001358986 ], [ 2800517.051600001752377, 832361.688299998641014 ], [ 2800553.960299998521805, 832340.401700001209974 ], [ 2800593.292700000107288, 832317.717599999159575 ], [ 2800631.4070999994874, 832295.736699998378754 ], [ 2800690.806599996984005, 832261.479400001466274 ], [ 2800709.075599998235703, 832254.507500000298023 ], [ 2800811.503100000321865, 832222.523499999195337 ], [ 2800910.674900002777576, 832189.115899998694658 ], [ 2800999.473399996757507, 832159.739999998360872 ], [ 2801047.948299996554852, 832143.944499999284744 ], [ 2801094.719099998474121, 832128.700100000947714 ], [ 2801138.156400002539158, 832114.947700001299381 ], [ 2801183.9679000005126, 832100.293600000441074 ], [ 2801232.496399998664856, 832084.981100000441074 ], [ 2801250.362199999392033, 832080.039299998432398 ], [ 2801250.352399997413158, 832080.025299999862909 ], [ 2801189.456500001251698, 831992.748599998652935 ], [ 2801154.95719999819994, 831937.903099998831749 ], [ 2801139.874399997293949, 831898.136100001633167 ], [ 2801137.228100001811981, 831884.212200000882149 ], [ 2801115.969400003552437, 831773.391499999910593 ], [ 2801106.173299998044968, 831707.055100001394749 ], [ 2801106.170299999415874, 831707.039900001138449 ], [ 2801097.532999999821186, 831662.748700000345707 ], [ 2801066.226300001144409, 831525.820300001651049 ], [ 2801060.552100002765656, 831498.133499998599291 ], [ 2801049.781499996781349, 831448.514199998229742 ], [ 2801036.325900003314018, 831364.112300001084805 ], [ 2801001.617499999701977, 831216.963599998503923 ], [ 2800978.272399999201298, 831160.327199999243021 ], [ 2800977.434900000691414, 831158.438099998980761 ], [ 2800973.072800002992153, 831148.598499998450279 ], [ 2800958.618600003421307, 831114.231199998408556 ], [ 2800932.4507, 831016.344700001180172 ], [ 2800925.80460000038147, 830975.473799999803305 ], [ 2800913.225000001490116, 830906.817099999636412 ], [ 2800894.23200000077486, 830792.8739 ], [ 2800890.895499996840954, 830749.480399999767542 ], [ 2800891.1941, 830730.070999998599291 ], [ 2800898.311599999666214, 830706.624000001698732 ], [ 2800902.302699998021126, 830699.524900000542402 ], [ 2800915.565700002014637, 830675.933600001037121 ], [ 2800928.416799999773502, 830656.981300000101328 ], [ 2800950.719700001180172, 830624.089400000870228 ], [ 2801048.590800002217293, 830441.651799999177456 ], [ 2801079.960900001227856, 830379.788699999451637 ], [ 2801095.029100000858307, 830349.006799999624491 ], [ 2801104.410400003194809, 830329.842099998146296 ], [ 2801117.129199996590614, 830303.859400000423193 ], [ 2801124.701200000941753, 830288.278900001198053 ], [ 2801196.879799999296665, 830188.762899998575449 ], [ 2801200.993199996650219, 830170.694899998605251 ], [ 2801200.993900001049042, 830170.691799998283386 ], [ 2801194.293600000441074, 830069.606899999082088 ], [ 2801184.844700001180172, 829989.097100000828505 ], [ 2801177.041400000452995, 829915.813700001686811 ], [ 2801176.244499996304512, 829908.684799998998642 ], [ 2801169.184199996292591, 829845.5185999982059 ], [ 2801154.838500000536442, 829744.041299998760223 ], [ 2801140.242600001394749, 829617.485800001770258 ], [ 2801124.3445999994874, 829498.340399999171495 ], [ 2801112.645300000905991, 829406.282900001853704 ], [ 2801112.570299997925758, 829405.559999998658895 ], [ 2801112.569799996912479, 829405.555599998682737 ], [ 2801112.516099996864796, 829405.038899999111891 ], [ 2801102.600400000810623, 829309.530299998819828 ], [ 2801088.5022, 829222.243400000035763 ], [ 2801071.670100003480911, 829098.498500000685453 ], [ 2801061.878499999642372, 829007.687800001353025 ], [ 2801052.710699997842312, 828927.330899998545647 ], [ 2801048.538900002837181, 828879.598000001162291 ], [ 2801036.639600001275539, 828786.390099998563528 ], [ 2801033.875, 828764.01799999922514 ], [ 2801025.54450000077486, 828695.523200001567602 ], [ 2801018.040200002491474, 828643.965500000864267 ], [ 2801012.132299996912479, 828601.901799999177456 ], [ 2801004.397699996829033, 828525.992499999701977 ], [ 2800989.64580000191927, 828431.158399999141693 ], [ 2800985.593900002539158, 828404.809399999678135 ], [ 2800984.210400000214577, 828393.628199998289347 ], [ 2800980.297499999403954, 828328.625300001353025 ], [ 2800975.512900002300739, 828295.7668999992311 ], [ 2800972.878499999642372, 828278.701900001615286 ], [ 2800972.041599996387959, 828272.791000001132488 ], [ 2800959.752700001001358, 828164.058499999344349 ], [ 2800948.279200002551079, 828068.764400001615286 ], [ 2800937.95830000191927, 827999.158399999141693 ], [ 2800930.538800001144409, 827986.710400000214577 ], [ 2800916.330600000917912, 827956.050900001078844 ], [ 2800880.184399999678135, 827868.482400000095367 ], [ 2800837.792300000786781, 827762.865699999034405 ], [ 2800824.837300002574921, 827721.494100000709295 ], [ 2800803.480200000107288, 827567.590199999511242 ], [ 2800800.327200002968311, 827533.352200001478195 ], [ 2800781.321099996566772, 827391.9391999989748 ], [ 2800767.477099999785423, 827275.250700000673532 ], [ 2800762.377599999308586, 827232.268500000238419 ], [ 2800755.8175999969244, 827186.077899999916553 ], [ 2800739.295500002801418, 827076.967099998146296 ], [ 2800728.442299999296665, 826988.9391999989748 ], [ 2800733.875900000333786, 826953.489399999380112 ], [ 2800736.362300001084805, 826946.742300000041723 ], [ 2800748.467000000178814, 826913.896499998867512 ], [ 2800750.646799996495247, 826907.981199998408556 ], [ 2800767.570500001311302, 826831.06980000063777 ], [ 2800768.609700001776218, 826826.346799999475479 ], [ 2800779.078900001943111, 826775.111800000071526 ], [ 2800786.755699999630451, 826735.060499999672174 ], [ 2800796.949000000953674, 826695.872000001370907 ], [ 2800798.213299997150898, 826691.011300001293421 ], [ 2800798.905599996447563, 826688.794100001454353 ], [ 2800798.914499998092651, 826688.765700001269579 ], [ 2800817.573600001633167, 826629.004999998956919 ], [ 2800831.138599999248981, 826580.902100000530481 ], [ 2800833.4463, 826571.485100001096725 ], [ 2800843.258900001645088, 826531.443300001323223 ], [ 2800844.466399997472763, 826517.191599998623133 ], [ 2800844.466899998486042, 826517.185899998992682 ], [ 2800845.318899996578693, 826507.131099998950958 ], [ 2800845.32490000128746, 826507.059900000691414 ], [ 2800846.300200000405312, 826495.549499999731779 ], [ 2800846.680600002408028, 826479.225400000810623 ], [ 2800846.681000001728535, 826479.209499999880791 ], [ 2800846.964500002563, 826467.042300000786781 ], [ 2800892.1426, 826447.147100001573563 ], [ 2800914.040500000119209, 826385.615600001066923 ], [ 2800930.921300001442432, 826328.624600000679493 ], [ 2800944.869400002062321, 826265.862799998372793 ], [ 2800954.450800001621246, 826228.030000001192093 ], [ 2800958.731899999082088, 826211.729200001806021 ], [ 2800991.602200001478195, 826048.486699998378754 ], [ 2801011.185900002717972, 825953.618700001388788 ], [ 2801011.087600000202656, 825953.596900001168251 ], [ 2801006.981600001454353, 825952.687199998646975 ], [ 2800993.110600002110004, 825949.614000000059605 ], [ 2800985.980200000107288, 825948.034200001507998 ], [ 2800984.253200002014637, 825947.651599999517202 ], [ 2800937.555200003087521, 825937.305300001055002 ], [ 2800930.100400000810623, 825935.866399999707937 ], [ 2800868.764399997889996, 825921.739500001072884 ], [ 2800821.781999997794628, 825905.301500000059605 ], [ 2800803.121200002729893, 825899.284099999815226 ], [ 2800779.461099997162819, 825891.571299999952316 ], [ 2800756.45719999819994, 825883.516199998557568 ], [ 2800738.610699996352196, 825877.4831000007689 ], [ 2800701.943999998271465, 825865.932100001722574 ], [ 2800701.624600000679493, 825865.831300001591444 ], [ 2800697.343900002539158, 825864.482900001108646 ], [ 2800684.46679999679327, 825860.426300000399351 ], [ 2800679.232600003480911, 825858.605000000447035 ], [ 2800665.764200001955032, 825853.918400000780821 ], [ 2800660.818099997937679, 825852.197299998253584 ], [ 2800659.951300002634525, 825851.895599998533726 ], [ 2800614.840300001204014, 825836.198399998247623 ], [ 2800584.987400002777576, 825827.043800000101328 ], [ 2800559.125500001013279, 825820.573399998247623 ], [ 2800530.777000002563, 825815.293099999427795 ], [ 2800507.972900003194809, 825811.680500000715256 ], [ 2800501.801100000739098, 825810.888000000268221 ], [ 2800473.762599997222424, 825808.216099999845028 ], [ 2800452.769500002264977, 825807.190000001341105 ], [ 2800446.276699997484684, 825806.777499999850988 ], [ 2800406.550399996340275, 825807.692800000309944 ], [ 2800393.861599996685982, 825808.163199998438358 ], [ 2800356.513099998235703, 825809.974199999123812 ], [ 2800334.731600001454353, 825811.131599999964237 ], [ 2800301.616899996995926, 825813.638999998569489 ], [ 2800276.834799997508526, 825814.711100000888109 ], [ 2800258.267300002276897, 825815.178899999707937 ], [ 2800223.763899996876717, 825817.09569999948144 ], [ 2800174.744400002062321, 825818.689100001007318 ], [ 2800174.500500001013279, 825818.697000000625849 ], [ 2800171.239100001752377, 825818.802999999374151 ], [ 2800165.19370000064373, 825818.999499998986721 ], [ 2800163.150100000202656, 825819.107799999415874 ], [ 2800157.254100002348423, 825819.420200001448393 ], [ 2800153.449199996888638, 825819.621800001710653 ], [ 2800152.947800002992153, 825819.648499999195337 ], [ 2800112.999300003051758, 825821.7652000002563 ], [ 2800068.848700001835823, 825823.499400001019239 ], [ 2800022.329800002276897, 825825.539700001478195 ], [ 2799995.239900000393391, 825826.410599999129772 ], [ 2799986.773500002920628, 825822.882699999958277 ], [ 2799972.554700002074242, 825816.957699999213219 ], [ 2799970.51630000025034, 825815.250199999660254 ], [ 2799965.004699997603893, 825810.633499998599291 ], [ 2799961.195600003004074, 825807.442800000309944 ], [ 2799948.564599998295307, 825791.484000001102686 ], [ 2799931.504699997603893, 825775.265599999576807 ], [ 2799909.545900002121925, 825767.253600001335144 ], [ 2799889.576700001955032, 825763.368400000035763 ], [ 2799874.314400002360344, 825763.192800000309944 ], [ 2799862.485200002789497, 825764.732999999076128 ], [ 2799851.998400002717972, 825767.717799998819828 ], [ 2799842.220600001513958, 825770.500799998641014 ], [ 2799827.169699996709824, 825778.411800000816584 ], [ 2799817.601800002157688, 825789.626299999654293 ], [ 2799812.089599996805191, 825802.956199999898672 ], [ 2799809.117299996316433, 825809.176500000059605 ], [ 2799805.427599996328354, 825816.89809999987483 ], [ 2799801.613799996674061, 825821.409200001507998 ], [ 2799795.05290000140667, 825829.170099999755621 ], [ 2799793.729000002145767, 825830.736099999397993 ], [ 2799787.171599999070168, 825833.402699999511242 ], [ 2799762.542700000107288, 825834.680799998342991 ], [ 2799712.749499998986721, 825836.464800000190735 ], [ 2799703.610200002789497, 825836.792199999094009 ], [ 2799691.566399998962879, 825837.277300000190735 ], [ 2799605.314400002360344, 825840.751600001007318 ], [ 2799518.563199996948242, 825844.425299998372793 ], [ 2799510.285599999129772, 825844.775699999183416 ], [ 2799497.53490000218153, 825845.171599999070168 ], [ 2799421.551700003445148, 825847.530499998480082 ], [ 2799331.824100002646446, 825851.112700000405312 ], [ 2799243.475199997425079, 825854.557900000363588 ], [ 2799235.034400001168251, 825854.886999998241663 ], [ 2799222.722599998116493, 825855.271600000560284 ], [ 2799157.78320000320673, 825857.300299998372793 ], [ 2799078.363099999725819, 825860.107900001108646 ], [ 2799009.362400002777576, 825862.495000001043081 ], [ 2798993.700900003314018, 825863.036800000816584 ], [ 2798973.993600003421307, 825864.002599999308586 ], [ 2798895.703100003302097, 825867.839099999517202 ], [ 2798883.499499998986721, 825868.095300000160933 ], [ 2798801.483900003135204, 825870.901299998164177 ], [ 2798716.061300002038479, 825872.885899998247623 ], [ 2798682.342399999499321, 825872.780600000172853 ], [ 2798624.830300003290176, 825872.601700000464916 ], [ 2798613.044200003147125, 825872.72069999948144 ], [ 2798595.585799999535084, 825872.524700000882149 ], [ 2798494.793099999427795, 825871.390900000929832 ], [ 2798461.431500002741814, 825871.3902000002563 ], [ 2798450.196099996566772, 825871.390000000596046 ], [ 2798446.256800003349781, 825871.390000000596046 ], [ 2798445.692299999296665, 825871.389899998903275 ], [ 2798427.804300002753735, 825871.066300000995398 ], [ 2798347.635899998247623, 825869.61600000038743 ], [ 2798337.964299999177456, 825869.552999999374151 ], [ 2798281.477300003170967, 825869.135299999266863 ], [ 2798213.941200003027916, 825867.699099998921156 ], [ 2798141.63849999755621, 825865.969900000840425 ], [ 2797919.839000001549721, 825862.073699999600649 ], [ 2797902.211999997496605, 825861.763900000602007 ], [ 2797883.23759999871254, 825861.385499998927116 ], [ 2797821.500399999320507, 825860.154199998825788 ], [ 2797804.386799998581409, 825860.163699999451637 ], [ 2797765.580700002610683, 825855.061000000685453 ], [ 2797738.843400001525879, 825849.995799999684095 ], [ 2797716.2478, 825844.046599999070168 ], [ 2797658.499600000679493, 825826.606899999082088 ], [ 2797614.889399997889996, 825811.989199999719858 ], [ 2797574.315800003707409, 825798.5929000005126 ], [ 2797527.317800000309944, 825782.915699999779463 ], [ 2797454.710400000214577, 825757.99439999833703 ], [ 2797401.0066, 825740.341099999845028 ], [ 2797386.9507, 825735.72069999948144 ], [ 2797372.509900003671646, 825730.730399999767542 ], [ 2797342.374099999666214, 825720.316199999302626 ], [ 2797329.993199996650219, 825716.033700000494719 ], [ 2797283.703100003302097, 825700.023499999195337 ], [ 2797237.805399999022484, 825684.614000000059605 ], [ 2797197.144100002944469, 825669.600600000470877 ], [ 2797184.324400000274181, 825664.867199998348951 ], [ 2797171.949699997901917, 825660.580600000917912 ], [ 2797142.748599998652935, 825650.465399999171495 ], [ 2797108.276600003242493, 825637.839299999177456 ], [ 2797084.269599996507168, 825629.286499999463558 ], [ 2797026.122400000691414, 825606.682399999350309 ], [ 2796971.53490000218153, 825584.485700000077486 ], [ 2796926.816799998283386, 825563.323300000280142 ], [ 2796874.570900000631809, 825540.033900000154972 ], [ 2796843.095200002193451, 825526.897700000554323 ], [ 2796811.618199996650219, 825513.760899998247623 ], [ 2796748.644199997186661, 825487.706399999558926 ], [ 2796681.710799999535084, 825458.706799998879433 ], [ 2796637.994800001382828, 825441.871700000017881 ], [ 2796615.8800999969244, 825435.116700001060963 ], [ 2796601.080600000917912, 825430.596200000494719 ], [ 2796594.179999999701977, 825428.737399999052286 ], [ 2796586.732199996709824, 825426.731100000441074 ], [ 2796583.181999996304512, 825425.77479999884963 ], [ 2796569.9341000020504, 825422.205400001257658 ], [ 2796491.505800001323223, 825401.074400000274181 ], [ 2796371.117299996316433, 825368.639899998903275 ], [ 2796356.396899998188019, 825364.6739999987185 ], [ 2796336.598600000143051, 825359.339600000530481 ], [ 2796340.52929999679327, 825377.1097999997437 ], [ 2796343.704599998891354, 825404.869500000029802 ], [ 2796343.140000000596046, 825409.204100001603365 ], [ 2796341.828000001609325, 825419.277199998497963 ], [ 2796341.750900000333786, 825419.557900000363588 ], [ 2796335.901399999856949, 825440.84010000154376 ], [ 2796301.85639999806881, 825564.706999998539686 ], [ 2796299.535700000822544, 825573.150499999523163 ], [ 2796297.581399999558926, 825580.26069999858737 ], [ 2796296.743600003421307, 825584.919599998742342 ], [ 2796287.656499996781349, 825625.155900001525879 ], [ 2796287.446400001645088, 825626.086199998855591 ], [ 2796283.279100000858307, 825644.161699999123812 ], [ 2796273.933300003409386, 825684.698800001293421 ], [ 2796271.632100000977516, 825699.590700000524521 ], [ 2796261.193599998950958, 825767.143100000917912 ], [ 2796198.237499997019768, 825781.08559999987483 ], [ 2796188.091499999165535, 825784.200699999928474 ], [ 2796099.415799997746944, 825811.792899999767542 ], [ 2796009.592799998819828, 825840.845499999821186 ], [ 2795998.378200002014637, 825844.598499998450279 ], [ 2795937.521799996495247, 825864.964400000870228 ], [ 2795912.472300000488758, 825873.347300000488758 ], [ 2795861.32769999653101, 825889.904100000858307 ], [ 2795816.541400000452995, 825904.928100001066923 ], [ 2795721.168399997055531, 825935.972899999469519 ], [ 2795623.435999996960163, 825969.878600001335144 ], [ 2795563.536200001835823, 825991.756400000303984 ], [ 2795537.115199998021126, 826001.406300000846386 ], [ 2795434.907300002872944, 826034.956900000572205 ], [ 2795339.701800003647804, 826066.837499998509884 ], [ 2795248.726199999451637, 826095.111299999058247 ], [ 2795060.098499998450279, 826154.258299998939037 ], [ 2794980.618199996650219, 826180.368500001728535 ], [ 2794918.673799999058247, 826200.717300001531839 ], [ 2794918.663699999451637, 826200.720600001513958 ], [ 2794866.951800003647804, 826217.708200000226498 ], [ 2794942.903300002217293, 826384.017799999564886 ], [ 2794947.593999996781349, 826393.667100001126528 ], [ 2794997.155100002884865, 826488.020799998193979 ], [ 2795004.348300002515316, 826501.931000001728535 ], [ 2795032.953599996864796, 826542.339800000190735 ], [ 2795046.961599998176098, 826562.128100000321865 ], [ 2795070.035899996757507, 826601.311700001358986 ], [ 2795084.625699996948242, 826626.087499998509884 ], [ 2795137.753100000321865, 826723.250599998980761 ], [ 2795164.604599997401237, 826762.959699999541044 ], [ 2795186.589500002563, 826803.788499999791384 ], [ 2795200.439400002360344, 826828.167300000786781 ], [ 2795251.346400000154972, 826922.742300000041723 ], [ 2795269.392800003290176, 826958.489500001072884 ], [ 2795327.106499999761581, 827079.040300000458956 ], [ 2795348.969400003552437, 827121.872900001704693 ], [ 2795404.9662000015378, 827233.204999998211861 ], [ 2795470.219400003552437, 827365.036699999123812 ], [ 2795470.221199996769428, 827365.040199998766184 ], [ 2795493.282399997115135, 827410.963300000876188 ], [ 2795513.663599997758865, 827458.830699998885393 ], [ 2795526.631800003349781, 827495.705699998885393 ], [ 2795540.69200000166893, 827506.067200001329184 ], [ 2795554.752099998295307, 827516.428700000047684 ], [ 2795589.708700001239777, 827578.765799999237061 ], [ 2795606.482600003480911, 827590.536400001496077 ], [ 2795620.007200002670288, 827593.858500000089407 ], [ 2795631.528200000524521, 827601.595600001513958 ], [ 2795638.871399998664856, 827610.006700001657009 ], [ 2795641.721799999475479, 827614.265599999576807 ], [ 2795644.572300001978874, 827618.524599999189377 ], [ 2795651.516099996864796, 827627.112199999392033 ], [ 2795659.279500000178814, 827639.28830000013113 ], [ 2795662.578699998557568, 827653.124200001358986 ], [ 2795664.622500002384186, 827669.758200000971556 ], [ 2795668.351999998092651, 827684.773899998515844 ], [ 2795672.905599996447563, 827692.295400001108646 ], [ 2795673.488300003111362, 827700.629700001329184 ], [ 2795670.357500001788139, 827709.145899999886751 ], [ 2795671.00450000166893, 827717.090700000524521 ], [ 2795678.1919, 827738.515599999576807 ], [ 2795739.803599998354912, 827865.352699998766184 ], [ 2795747.047399997711182, 827873.746399998664856 ], [ 2795755.631999999284744, 827879.530200000852346 ], [ 2795764.108900003135204, 827881.154399998486042 ], [ 2795773.144599996507168, 827879.8277000002563 ], [ 2795778.413900002837181, 827876.962900001555681 ], [ 2795781.366800002753735, 827883.111699998378754 ], [ 2795802.315999999642372, 827915.892700001597404 ], [ 2795797.759700000286102, 827928.662999998778105 ], [ 2795786.341600000858307, 827933.796700000762939 ], [ 2795736.434399999678135, 827947.2347999997437 ], [ 2795709.436700001358986, 827945.983300000429153 ], [ 2795679.67339999973774, 827948.270799998193979 ], [ 2795647.541799999773502, 827953.005899999290705 ], [ 2795647.538699999451637, 827953.006299998611212 ], [ 2795647.534699998795986, 827953.006999999284744 ], [ 2795647.530000001192093, 827953.007699999958277 ], [ 2795620.623400002717972, 827956.972800001502037 ], [ 2795603.643700003623962, 827959.475000001490116 ], [ 2795530.87049999833107, 827971.584899999201298 ], [ 2795588.541900001466274, 828075.182300001382828 ], [ 2795630.137599997222424, 828148.302299998700619 ], [ 2795650.284400001168251, 828180.445300001651049 ], [ 2795677.712600000202656, 828230.65819999948144 ], [ 2795731.17790000140667, 828320.747900001704693 ], [ 2795739.178599998354912, 828333.884700000286102 ], [ 2795824.031800001859665, 828473.213500000536442 ], [ 2795829.9679000005126, 828483.376499999314547 ], [ 2795859.755500003695488, 828534.392299998551607 ], [ 2795872.402699999511242, 828556.04619999974966 ], [ 2795921.395900003612041, 828636.084899999201298 ], [ 2795998.915299996733665, 828791.514499999582767 ], [ 2796036.944499999284744, 828868.644799999892712 ], [ 2796079.909299999475479, 828954.640099998563528 ], [ 2796126.690499998629093, 829037.637200001627207 ], [ 2796158.509300000965595, 829088.727699998766184 ], [ 2796182.909500002861023, 829130.868900001049042 ], [ 2796244.877300001680851, 829232.71229999884963 ], [ 2796336.321699999272823, 829392.778200000524521 ], [ 2796393.868000000715256, 829486.122699998319149 ], [ 2796425.623499996960163, 829538.894600000232458 ], [ 2796457.094200000166893, 829596.799899999052286 ], [ 2796488.008000001311302, 829667.831199999898672 ], [ 2796511.853100001811981, 829722.975099999457598 ], [ 2796541.91610000282526, 829793.521499998867512 ], [ 2796564.122599996626377, 829842.5337999984622 ], [ 2796617.046300001442432, 829965.347699999809265 ], [ 2796664.461199998855591, 830083.558800000697374 ], [ 2796716.2971, 830179.590700000524521 ], [ 2796728.339900001883507, 830208.959499999880791 ], [ 2796734.2837999984622, 830228.040500000119209 ], [ 2796752.146200001239777, 830312.974199999123812 ], [ 2796766.40990000218153, 830379.214400000870228 ], [ 2796774.402800001204014, 830418.334899999201298 ], [ 2796782.167400002479553, 830459.201699998229742 ], [ 2796790.15429999679327, 830502.115100000053644 ], [ 2796799.361299999058247, 830546.980399999767542 ], [ 2796810.789899997413158, 830611.096500001847744 ], [ 2796818.16330000013113, 830654.788199998438358 ], [ 2796828.051100000739098, 830710.340599998831749 ], [ 2796849.613099999725819, 830822.700500000268221 ], [ 2796860.195500001311302, 830875.465900000184774 ], [ 2796866.339500002563, 830911.14299999922514 ], [ 2796867.559199996292591, 830982.065000001341105 ], [ 2796868.380000002682209, 831117.000700000673532 ], [ 2796871.95380000025034, 831170.811799999326468 ], [ 2796874.143100000917912, 831209.110800001770258 ], [ 2796884.306699998676777, 831323.170099999755621 ], [ 2796890.351700000464916, 831385.02140000090003 ], [ 2796906.7550999969244, 831555.773699998855591 ], [ 2796916.312399998307228, 831619.995700001716614 ], [ 2796916.935999996960163, 831624.188799999654293 ], [ 2796930.359899997711182, 831693.919900000095367 ], [ 2796941.166199997067451, 831748.178599998354912 ], [ 2796954.616099998354912, 831815.686900001019239 ], [ 2796970.061999998986721, 831895.558899998664856 ], [ 2796977.2588, 831915.510099999606609 ], [ 2796992.023800000548363, 831946.535399999469519 ], [ 2797003.067699998617172, 831963.148299999535084 ], [ 2797016.023999996483326, 831979.685300000011921 ], [ 2797029.169799998402596, 831994.794300001114607 ], [ 2797054.875, 832017.392400000244379 ], [ 2797077.627300001680851, 832035.86089999973774 ], [ 2797126.834399998188019, 832076.336399998515844 ], [ 2797163.223300002515316, 832107.420099999755621 ], [ 2797185.361400000751019, 832130.032800000160933 ], [ 2797204.541000001132488, 832154.675599999725819 ], [ 2797219.703400000929832, 832178.972800001502037 ], [ 2797246.95719999819994, 832231.043499998748302 ], [ 2797265.87780000269413, 832268.809099998325109 ], [ 2797287.413800001144409, 832312.179099999368191 ], [ 2797319.345499999821186, 832364.35359999909997 ], [ 2797337.713799998164177, 832393.085900001227856 ], [ 2797347.790700003504753, 832404.611699998378754 ], [ 2797362.864600002765656, 832418.873799998313189 ], [ 2797383.708499997854233, 832435.261500000953674 ], [ 2797409.415500000119209, 832451.307399999350309 ], [ 2797430.411899998784065, 832461.211500000208616 ], [ 2797472.580799996852875, 832474.557799998670816 ], [ 2797504.491599999368191, 832479.821199998259544 ], [ 2797542.413099996745586, 832480.776999998837709 ], [ 2797570.319300003349781, 832478.302099999040365 ], [ 2797594.595399998128414, 832474.399700000882149 ], [ 2797652.612499997019768, 832463.353900000452995 ], [ 2797699.224799998104572, 832451.791900001466274 ], [ 2797741.417900003492832, 832442.163499999791384 ], [ 2797813.91160000115633, 832429.344500001519918 ], [ 2797860.594999998807907, 832420.492199998348951 ], [ 2797958.185000002384186, 832402.984499998390675 ], [ 2797973.855899997055531, 832399.79839999973774 ], [ 2798000.024800002574921, 832397.1418999992311 ], [ 2798036.012999996542931, 832393.487100001424551 ], [ 2798089.866800002753735, 832387.650299999862909 ], [ 2798161.132299996912479, 832379.501200001686811 ], [ 2798251.318199999630451, 832369.684000000357628 ], [ 2798280.011799998581409, 832369.386500000953674 ], [ 2798305.093800000846386, 832372.058499999344349 ], [ 2798334.877599999308586, 832378.920699998736382 ], [ 2798469.405000001192093, 832416.982200000435114 ], [ 2798512.150799997150898, 832428.823899999260902 ], [ 2798542.237099997699261, 832437.157400000840425 ], [ 2798573.595899999141693, 832447.630300000309944 ], [ 2798618.214599996805191, 832462.530999999493361 ], [ 2798667.861000001430511, 832478.657800000160933 ], [ 2798690.064099997282028, 832485.868900001049042 ], [ 2798721.905900001525879, 832496.211500000208616 ], [ 2798774.456699997186661, 832513.281800001859665 ], [ 2798832.694899998605251, 832532.19649999961257 ], [ 2799053.636600002646446, 832619.059399999678135 ], [ 2799120.185500003397465, 832676.709499999880791 ], [ 2799130.607500001788139, 832685.296999998390675 ], [ 2799154.254699997603893, 832699.140000000596046 ], [ 2799176.040100000798702, 832705.581700000911951 ], [ 2799196.176100000739098, 832705.052499998360872 ], [ 2799205.674999997019768, 832703.371800001710653 ], [ 2799223.70440000295639, 832695.382199998944998 ], [ 2799229.554300002753735, 832690.389899998903275 ], [ 2799240.309000000357628, 832678.397100001573563 ], [ 2799252.161399997770786, 832667.800700001418591 ], [ 2799264.074500001966953, 832662.508600000292063 ], [ 2799275.69879999756813, 832659.681400001049042 ], [ 2799294.863200001418591, 832655.895100001245737 ], [ 2799399.44200000166893, 832646.203999999910593 ], [ 2799460.994099996984005, 832640.499200001358986 ], [ 2799527.120999999344349, 832639.03999999910593 ], [ 2799641.8378000035882, 832635.531700000166893 ], [ 2799784.2412, 832633.282600000500679 ], [ 2799911.717799998819828, 832630.241999998688698 ], [ 2799984.183300003409386, 832628.596900001168251 ], [ 2800025.130999997258186, 832627.27250000089407 ], [ 2800041.625100001692772, 832625.140500001609325 ], [ 2800077.865299999713898, 832616.480500001460314 ], [ 2800100.675300002098083, 832607.068500000983477 ], [ 2800128.055399999022484, 832594.005699999630451 ], [ 2800174.269299998879433, 832565.59739999845624 ], [ 2800280.979000002145767, 832502.317699998617172 ], [ 2800335.315499998629093, 832469.569499999284744 ], [ 2800385.529600001871586, 832439.554000001400709 ], [ 2800483.028599999845028, 832381.311700001358986 ] ] ] ] } },
{ "type": "Feature", "properties": { "CVEGEO": "09016", "CVE_ENT": "09", "CVE_MUN": "016", "NOMGEO": "Miguel Hidalgo", "ENTIDAD FEDERATIVA": "Ciudad de México", "CLAVE DEL MUNICIPIO": 9016, "POBLACIÓN 2020": 364554, "POBLACIÓN EN SITUACIÓN DE POBREZA 2020": 49100, "POBLACIÓN EN SITUACIÓN DE POBREZA EXTREMA 2020": 3406, "GRADO DE REZAGO": "Muy bajo", "autoad.indig": 27639.33644934, "% autoad.indig": 6.955707, "OCURRENCIAS_DONANTE": 0, "MONTOASIGNADO_TOTAL": 0 }, "geometry": { "type": "MultiPolygon", "coordinates": [ [ [ [ 2794088.523299999535084, 833114.5636 ], [ 2794079.895199999213219, 832838.017900001257658 ], [ 2794075.695100001990795, 832618.222199998795986 ], [ 2794075.123099997639656, 832593.225099999457598 ], [ 2794072.905100002884865, 832529.755800001323223 ], [ 2794071.076700001955032, 832477.432700000703335 ], [ 2794073.015100002288818, 832476.787500001490116 ], [ 2794146.643500000238419, 832452.281300000846386 ], [ 2794238.532700002193451, 832423.311700001358986 ], [ 2794358.75959999859333, 832388.484600000083447 ], [ 2794358.465499997138977, 832386.36939999833703 ], [ 2794356.370999999344349, 832371.302799999713898 ], [ 2794336.389300003647804, 832225.97690000012517 ], [ 2794314.775100000202656, 832052.32319999858737 ], [ 2794316.916799999773502, 832051.804499998688698 ], [ 2794440.986400000751019, 832021.755699999630451 ], [ 2794445.076399996876717, 832020.785799998790026 ], [ 2794640.4324000030756, 831974.459399998188019 ], [ 2794652.450300000607967, 831975.398600000888109 ], [ 2794766.26690000295639, 831959.10080000013113 ], [ 2794775.367600001394749, 831957.797600001096725 ], [ 2794775.791799999773502, 831957.738600000739098 ], [ 2794879.150799997150898, 831938.585400000214577 ], [ 2794994.919399999082088, 831921.880300000309944 ], [ 2795092.650499999523163, 831904.664599999785423 ], [ 2795215.126999996602535, 831887.707800000905991 ], [ 2795334.068300001323223, 831868.278000000864267 ], [ 2795418.062700003385544, 831850.822900000959635 ], [ 2795441.355099998414516, 831846.907299999147654 ], [ 2795473.662600003182888, 831841.476300001144409 ], [ 2795532.847999997437, 831832.543800000101328 ], [ 2795651.076099999248981, 831814.709699999541044 ], [ 2795729.005800001323223, 831802.975600000470877 ], [ 2795773.129900000989437, 831796.331599999219179 ], [ 2795861.631899997591972, 831783.082100000232458 ], [ 2796139.652400001883507, 831741.031300000846386 ], [ 2796434.529799997806549, 831696.557599999010563 ], [ 2796525.004299998283386, 831682.329799998551607 ], [ 2796718.113899998366833, 831653.672400001436472 ], [ 2796775.4121999964118, 831646.106100000441074 ], [ 2796866.760200001299381, 831631.639299999922514 ], [ 2796916.935999996960163, 831624.188799999654293 ], [ 2796916.577500000596046, 831621.778299998492002 ], [ 2796916.312399998307228, 831619.995700001716614 ], [ 2796906.7550999969244, 831555.773499999195337 ], [ 2796890.351700000464916, 831385.02140000090003 ], [ 2796884.306699998676777, 831323.170099999755621 ], [ 2796874.143100000917912, 831209.110800001770258 ], [ 2796871.95380000025034, 831170.811799999326468 ], [ 2796868.380000002682209, 831117.000700000673532 ], [ 2796867.559199996292591, 830982.065000001341105 ], [ 2796866.339500002563, 830911.14299999922514 ], [ 2796860.195500001311302, 830875.465900000184774 ], [ 2796849.613099999725819, 830822.700500000268221 ], [ 2796828.051100000739098, 830710.340599998831749 ], [ 2796818.16330000013113, 830654.788199998438358 ], [ 2796810.789899997413158, 830611.096500001847744 ], [ 2796799.361299999058247, 830546.980099998414516 ], [ 2796790.15429999679327, 830502.115100000053644 ], [ 2796782.167400002479553, 830459.201699998229742 ], [ 2796774.402800001204014, 830418.334899999201298 ], [ 2796766.40990000218153, 830379.214400000870228 ], [ 2796752.146200001239777, 830312.974199999123812 ], [ 2796734.2837999984622, 830228.040500000119209 ], [ 2796728.339900001883507, 830208.959499999880791 ], [ 2796716.2971, 830179.590700000524521 ], [ 2796664.46169999986887, 830083.558800000697374 ], [ 2796617.046300001442432, 829965.347699999809265 ], [ 2796564.122599996626377, 829842.5337999984622 ], [ 2796541.91610000282526, 829793.521499998867512 ], [ 2796511.853100001811981, 829722.975099999457598 ], [ 2796488.008000001311302, 829667.831199999898672 ], [ 2796457.094200000166893, 829596.799899999052286 ], [ 2796425.623499996960163, 829538.894600000232458 ], [ 2796393.868000000715256, 829486.122699998319149 ], [ 2796336.321699999272823, 829392.778200000524521 ], [ 2796244.877300001680851, 829232.71229999884963 ], [ 2796182.909500002861023, 829130.868900001049042 ], [ 2796158.509300000965595, 829088.727699998766184 ], [ 2796126.690499998629093, 829037.637200001627207 ], [ 2796079.909299999475479, 828954.640099998563528 ], [ 2796036.944499999284744, 828868.644799999892712 ], [ 2795998.915299996733665, 828791.514499999582767 ], [ 2795921.395900003612041, 828636.084899999201298 ], [ 2795872.402699999511242, 828556.04619999974966 ], [ 2795859.755500003695488, 828534.392299998551607 ], [ 2795829.9679000005126, 828483.376499999314547 ], [ 2795824.031800001859665, 828473.213500000536442 ], [ 2795739.178599998354912, 828333.884700000286102 ], [ 2795731.17790000140667, 828320.747900001704693 ], [ 2795677.712600000202656, 828230.65819999948144 ], [ 2795650.284400001168251, 828180.445300001651049 ], [ 2795630.137599997222424, 828148.302000001072884 ], [ 2795588.541900001466274, 828075.182300001382828 ], [ 2795530.87049999833107, 827971.584899999201298 ], [ 2795533.973899997770786, 827971.068500000983477 ], [ 2795603.643700003623962, 827959.475000001490116 ], [ 2795620.623400002717972, 827956.972800001502037 ], [ 2795647.530000001192093, 827953.007699999958277 ], [ 2795647.534699998795986, 827953.006999999284744 ], [ 2795647.538699999451637, 827953.006299998611212 ], [ 2795647.541799999773502, 827953.005899999290705 ], [ 2795679.67339999973774, 827948.270799998193979 ], [ 2795709.436700001358986, 827945.983300000429153 ], [ 2795736.434399999678135, 827947.2347999997437 ], [ 2795786.341600000858307, 827933.796700000762939 ], [ 2795797.759700000286102, 827928.662999998778105 ], [ 2795798.568000003695488, 827926.39750000089407 ], [ 2795802.315999999642372, 827915.892700001597404 ], [ 2795781.366800002753735, 827883.111699998378754 ], [ 2795778.413900002837181, 827876.962900001555681 ], [ 2795773.144599996507168, 827879.8277000002563 ], [ 2795764.108900003135204, 827881.154399998486042 ], [ 2795755.631999999284744, 827879.530200000852346 ], [ 2795747.047399997711182, 827873.746399998664856 ], [ 2795739.803599998354912, 827865.352699998766184 ], [ 2795678.1919, 827738.515599999576807 ], [ 2795671.00450000166893, 827717.090700000524521 ], [ 2795670.357500001788139, 827709.145899999886751 ], [ 2795673.488300003111362, 827700.629700001329184 ], [ 2795672.905599996447563, 827692.295400001108646 ], [ 2795668.351999998092651, 827684.773899998515844 ], [ 2795664.622500002384186, 827669.758200000971556 ], [ 2795662.578699998557568, 827653.124200001358986 ], [ 2795659.279500000178814, 827639.28830000013113 ], [ 2795651.516099996864796, 827627.112199999392033 ], [ 2795644.572300001978874, 827618.524599999189377 ], [ 2795641.721799999475479, 827614.265599999576807 ], [ 2795638.871399998664856, 827610.006700001657009 ], [ 2795631.528200000524521, 827601.595600001513958 ], [ 2795620.007200002670288, 827593.858500000089407 ], [ 2795606.482600003480911, 827590.536400001496077 ], [ 2795589.708700001239777, 827578.765799999237061 ], [ 2795554.752099998295307, 827516.428700000047684 ], [ 2795540.69200000166893, 827506.067200001329184 ], [ 2795526.631800003349781, 827495.705699998885393 ], [ 2795513.663599997758865, 827458.830699998885393 ], [ 2795493.282399997115135, 827410.963300000876188 ], [ 2795470.221199996769428, 827365.040199998766184 ], [ 2795470.219400003552437, 827365.036699999123812 ], [ 2795404.9662000015378, 827233.204999998211861 ], [ 2795348.969400003552437, 827121.872900001704693 ], [ 2795327.106499999761581, 827079.040300000458956 ], [ 2795269.392800003290176, 826958.489500001072884 ], [ 2795251.346400000154972, 826922.742300000041723 ], [ 2795200.439400002360344, 826828.167300000786781 ], [ 2795186.589500002563, 826803.788499999791384 ], [ 2795164.604599997401237, 826762.959699999541044 ], [ 2795137.753100000321865, 826723.250599998980761 ], [ 2795084.625699996948242, 826626.087499998509884 ], [ 2795070.035899996757507, 826601.311700001358986 ], [ 2795046.961599998176098, 826562.128100000321865 ], [ 2795032.953599996864796, 826542.339800000190735 ], [ 2795004.348300002515316, 826501.931000001728535 ], [ 2794997.155100002884865, 826488.020799998193979 ], [ 2794947.593999996781349, 826393.667100001126528 ], [ 2794942.903300002217293, 826384.017799999564886 ], [ 2794866.951800003647804, 826217.708200000226498 ], [ 2794869.662000000476837, 826216.817899998277426 ], [ 2794918.663699999451637, 826200.720600001513958 ], [ 2794918.673799999058247, 826200.717300001531839 ], [ 2794980.618199996650219, 826180.368500001728535 ], [ 2795060.098499998450279, 826154.258299998939037 ], [ 2795248.726199999451637, 826095.111299999058247 ], [ 2795339.701800003647804, 826066.837499998509884 ], [ 2795434.907300002872944, 826034.956900000572205 ], [ 2795537.115199998021126, 826001.406300000846386 ], [ 2795563.536200001835823, 825991.756400000303984 ], [ 2795623.435999996960163, 825969.878600001335144 ], [ 2795721.168399997055531, 825935.972899999469519 ], [ 2795816.541400000452995, 825904.928100001066923 ], [ 2795861.32769999653101, 825889.904100000858307 ], [ 2795912.472300000488758, 825873.347300000488758 ], [ 2795937.521799996495247, 825864.964400000870228 ], [ 2795998.378200002014637, 825844.598499998450279 ], [ 2796009.592799998819828, 825840.845499999821186 ], [ 2796099.415799997746944, 825811.792899999767542 ], [ 2796188.091499999165535, 825784.200699999928474 ], [ 2796198.237499997019768, 825781.08559999987483 ], [ 2796261.193599998950958, 825767.143100000917912 ], [ 2796261.5658999979496, 825764.732999999076128 ], [ 2796271.632100000977516, 825699.590700000524521 ], [ 2796273.933300003409386, 825684.698800001293421 ], [ 2796283.279100000858307, 825644.161699999123812 ], [ 2796287.446400001645088, 825626.086199998855591 ], [ 2796287.656499996781349, 825625.155900001525879 ], [ 2796296.743600003421307, 825584.919599998742342 ], [ 2796297.581399999558926, 825580.26069999858737 ], [ 2796299.535700000822544, 825573.150499999523163 ], [ 2796301.85639999806881, 825564.706999998539686 ], [ 2796335.901399999856949, 825440.84010000154376 ], [ 2796341.750900000333786, 825419.557900000363588 ], [ 2796341.828000001609325, 825419.277199998497963 ], [ 2796343.140000000596046, 825409.204100001603365 ], [ 2796343.704599998891354, 825404.869500000029802 ], [ 2796340.52929999679327, 825377.1097999997437 ], [ 2796336.598600000143051, 825359.339600000530481 ], [ 2796147.348999999463558, 825294.249800000339746 ], [ 2796058.620700001716614, 825263.732599999755621 ], [ 2796030.001500003039837, 825253.889299999922514 ], [ 2795966.972000002861023, 825232.075100000947714 ], [ 2795957.771099999547005, 825228.890900000929832 ], [ 2795918.656599998474121, 825215.354699999094009 ], [ 2795916.917000003159046, 825214.751800000667572 ], [ 2795911.740599997341633, 825212.960700001567602 ], [ 2795806.56700000166893, 825161.686999998986721 ], [ 2795753.007399998605251, 825148.090799998492002 ], [ 2795691.068099997937679, 825132.368999999016523 ], [ 2795682.440700002014637, 825130.273800000548363 ], [ 2795577.729599997401237, 825104.8277000002563 ], [ 2795572.531099997460842, 825103.57039999961853 ], [ 2795528.330600000917912, 825092.878600001335144 ], [ 2795455.162699997425079, 825074.721099998801947 ], [ 2795391.381700001657009, 825076.924199998378754 ], [ 2795324.862400002777576, 825061.440699998289347 ], [ 2795240.626500003039837, 825040.350900001823902 ], [ 2795214.244999997317791, 825039.463500000536442 ], [ 2795161.687899999320507, 825027.579300001263618 ], [ 2795121.152999997138977, 825023.151700001209974 ], [ 2795106.542400002479553, 825012.490299999713898 ], [ 2795083.674900002777576, 825000.328699998557568 ], [ 2794984.587899997830391, 824959.660599999129772 ], [ 2794913.899099998176098, 824930.321299999952316 ], [ 2794892.798000000417233, 824927.312699999660254 ], [ 2794869.209600001573563, 824923.625700000673532 ], [ 2794797.953199997544289, 824906.638399999588728 ], [ 2794787.184500001370907, 824903.092999998480082 ], [ 2794719.519599996507168, 824881.75279999896884 ], [ 2794676.352399997413158, 824869.484900001436472 ], [ 2794664.467699997127056, 824868.462400000542402 ], [ 2794553.464100003242493, 824871.937399998307228 ], [ 2794548.276100002229214, 824871.798099998384714 ], [ 2794524.85249999910593, 824869.904699999839067 ], [ 2794452.869999997317791, 824864.7010000012815 ], [ 2794441.7466000020504, 824863.207800000905991 ], [ 2794396.598700001835823, 824857.636900000274181 ], [ 2794395.921800002455711, 824857.553399998694658 ], [ 2794391.501400001347065, 824868.05970000103116 ], [ 2794373.600199997425079, 824910.603500001132488 ], [ 2794337.781800001859665, 824995.883000001311302 ], [ 2794305.609099999070168, 825076.151099998503923 ], [ 2794300.488300003111362, 825089.311900001019239 ], [ 2794272.382399998605251, 825155.962499998509884 ], [ 2794252.153300002217293, 825204.217999998480082 ], [ 2794239.681800000369549, 825233.317899998277426 ], [ 2794224.611699998378754, 825266.19539999961853 ], [ 2794202.414899997413158, 825300.879299998283386 ], [ 2794201.724899999797344, 825301.958000000566244 ], [ 2794166.403899997472763, 825351.932799998670816 ], [ 2794152.643299996852875, 825368.832499999552965 ], [ 2794130.321000002324581, 825387.446899998933077 ], [ 2794088.186499997973442, 825418.627599999308586 ], [ 2794073.553099997341633, 825432.548300001770258 ], [ 2794062.687799997627735, 825445.258799999952316 ], [ 2794061.964699998497963, 825446.104699999094009 ], [ 2794052.035099998116493, 825462.578299999237061 ], [ 2794044.184799998998642, 825484.2483000010252 ], [ 2794041.703000001609325, 825491.214499998837709 ], [ 2794038.354999996721745, 825519.893500000238419 ], [ 2794044.412600003182888, 825601.017400000244379 ], [ 2794046.320299997925758, 825627.603500001132488 ], [ 2794050.674800001084805, 825679.392900001257658 ], [ 2794051.570799998939037, 825695.10700000077486 ], [ 2794048.982600003480911, 825747.830200001597404 ], [ 2794048.836599998176098, 825750.804800000041723 ], [ 2794031.750900000333786, 825748.479899998754263 ], [ 2794019.769599996507168, 825746.850999999791384 ], [ 2793966.459600001573563, 825739.599800001829863 ], [ 2793888.88400000333786, 825729.3277000002563 ], [ 2793877.859300002455711, 825727.749699998646975 ], [ 2793844.330600000917912, 825722.954700000584126 ], [ 2793827.331000000238419, 825720.458299998193979 ], [ 2793806.521799996495247, 825717.5185999982059 ], [ 2793792.182800002396107, 825715.398899998515844 ], [ 2793709.562799997627735, 825700.103300001472235 ], [ 2793664.913999997079372, 825693.465199999511242 ], [ 2793586.503899998962879, 825682.346200000494719 ], [ 2793577.737899996340275, 825680.805900000035763 ], [ 2793483.512599997222424, 825667.785199999809265 ], [ 2793436.049599997699261, 825657.193399999290705 ], [ 2793411.309199996292591, 825648.980999998748302 ], [ 2793397.997299998998642, 825643.39979999884963 ], [ 2793345.630500003695488, 825617.803100001066923 ], [ 2793280.847000002861023, 825587.328499998897314 ], [ 2793249.362800002098083, 825573.517700001597404 ], [ 2793183.40820000320673, 825545.061999998986721 ], [ 2793132.0253000035882, 825523.120700001716614 ], [ 2793088.320900000631809, 825504.496800001710653 ], [ 2793074.547600001096725, 825500.32209999859333 ], [ 2793037.811800003051758, 825489.617499999701977 ], [ 2793005.521300002932549, 825485.810199998319149 ], [ 2792977.964500002563, 825482.490499999374151 ], [ 2792915.106299996376038, 825473.710900001227856 ], [ 2792845.921400003135204, 825464.847899999469519 ], [ 2792760.141599997878075, 825453.334499999880791 ], [ 2792709.918099999427795, 825445.5472999997437 ], [ 2792591.640500001609325, 825426.756599999964237 ], [ 2792416.941200003027916, 825399.986999999731779 ], [ 2792357.460500001907349, 825388.958200000226498 ], [ 2792291.370399996638298, 825375.850299999117851 ], [ 2792146.200599998235703, 825348.815400000661612 ], [ 2792145.239100001752377, 825348.636300001293421 ], [ 2792138.818499997258186, 825347.190000001341105 ], [ 2792138.336900003254414, 825347.006599999964237 ], [ 2792093.572700001299381, 825329.958700001239777 ], [ 2792038.35639999806881, 825312.666200000792742 ], [ 2791981.026799999177456, 825291.669799998402596 ], [ 2791924.661100000143051, 825274.755100000649691 ], [ 2791913.6228, 825269.966600000858307 ], [ 2791877.276100002229214, 825246.562100000679493 ], [ 2791790.179899998009205, 825196.118700001388788 ], [ 2791726.475900001823902, 825164.195700000971556 ], [ 2791687.401199996471405, 825148.639899998903275 ], [ 2791581.2837999984622, 825110.249099999666214 ], [ 2791537.984200000762939, 825095.715700000524521 ], [ 2791474.136200003325939, 825070.292399998754263 ], [ 2791456.357299998402596, 825063.36769999936223 ], [ 2791352.940099999308586, 825023.860599998384714 ], [ 2791327.601199999451637, 825014.583500001579523 ], [ 2791203.011500000953674, 824969.751899998635054 ], [ 2790938.095100000500679, 824871.562199998646975 ], [ 2790898.128700003027916, 824856.977099999785423 ], [ 2790780.089500002563, 824816.078099999576807 ], [ 2790713.208099998533726, 824803.0168999992311 ], [ 2790632.720200002193451, 824788.939899999648333 ], [ 2790615.094800002872944, 824789.305399999022484 ], [ 2790557.272699996829033, 824791.138700000941753 ], [ 2790523.10869999974966, 824793.203499998897314 ], [ 2790458.816100001335144, 824800.914500001817942 ], [ 2790424.151100002229214, 824803.71169999986887 ], [ 2790385.800499998033047, 824802.170899998396635 ], [ 2790348.472900003194809, 824794.267900001257658 ], [ 2790298.37389999628067, 824783.837099999189377 ], [ 2790187.415299996733665, 824756.495299998670816 ], [ 2790132.894199997186661, 824742.920299999415874 ], [ 2790110.896700002253056, 824737.293499998748302 ], [ 2790057.875900000333786, 824717.193399999290705 ], [ 2790020.110699996352196, 824701.713700000196695 ], [ 2789997.975400000810623, 824695.625100001692772 ], [ 2789976.17790000140667, 824692.279699999839067 ], [ 2789950.64130000025034, 824691.442299999296665 ], [ 2789906.826999999582767, 824694.754000000655651 ], [ 2789873.668099999427795, 824697.067099999636412 ], [ 2789839.844499997794628, 824693.111200001090765 ], [ 2789812.276000000536442, 824682.750500001013279 ], [ 2789538.113899998366833, 824559.187300000339746 ], [ 2789504.223899997770786, 824545.608500000089407 ], [ 2789480.08389999717474, 824538.121899999678135 ], [ 2789457.19370000064373, 824535.254099998623133 ], [ 2789433.507500000298023, 824535.359499998390675 ], [ 2789368.994300000369549, 824540.642099998891354 ], [ 2789339.33110000193119, 824539.41270000115037 ], [ 2789316.300300002098083, 824535.523499999195337 ], [ 2789291.415100000798702, 824526.6261 ], [ 2789272.182499997317791, 824515.795299999415874 ], [ 2789191.786300003528595, 824451.069899998605251 ], [ 2789180.192500002682209, 824434.305500000715256 ], [ 2789171.679700002074242, 824411.946899998933077 ], [ 2789169.2820999994874, 824391.249499998986721 ], [ 2789172.350900001823902, 824326.704900000244379 ], [ 2789175.706399999558926, 824256.123700000345707 ], [ 2789173.80290000140667, 824219.292100001126528 ], [ 2789162.856499999761581, 824183.52930000051856 ], [ 2789134.548900000751019, 824092.807500001043081 ], [ 2789124.927500002086163, 824069.510099999606609 ], [ 2789109.020900003612041, 824042.373500000685453 ], [ 2789082.748700000345707, 824011.767200000584126 ], [ 2789053.839500002563, 823987.916400000452995 ], [ 2789027.252700001001358, 823970.437399998307228 ], [ 2788957.619099996984005, 823929.559000000357628 ], [ 2788932.006800003349781, 823911.459699999541044 ], [ 2788857.652900002896786, 823840.794399999082088 ], [ 2788798.645499996840954, 823804.393399998545647 ], [ 2788770.935199998319149, 823794.643399998545647 ], [ 2788744.524700000882149, 823790.467000000178814 ], [ 2788731.109700001776218, 823792.309999998658895 ], [ 2788697.623199999332428, 823796.921399999409914 ], [ 2788580.913999997079372, 823834.283500000834465 ], [ 2788555.084499999880791, 823838.422899998724461 ], [ 2788536.534500002861023, 823840.031700000166893 ], [ 2788504.818899996578693, 823838.402300000190735 ], [ 2788477.633299998939037, 823829.694099999964237 ], [ 2788450.588899999856949, 823819.244100000709295 ], [ 2788425.768700003623962, 823802.745099999010563 ], [ 2788391.615000002086163, 823773.790500000119209 ], [ 2788282.232299998402596, 823677.318999998271465 ], [ 2788280.058799996972084, 823675.402100000530481 ], [ 2788281.549599997699261, 823697.932900000363588 ], [ 2788281.633500002324581, 823699.200399998575449 ], [ 2788279.813100002706051, 823704.055300001055002 ], [ 2788275.599200002849102, 823715.292399998754263 ], [ 2788265.640799999237061, 823735.531199999153614 ], [ 2788265.179300002753735, 823736.469200000166893 ], [ 2788244.406599998474121, 823763.145599998533726 ], [ 2788242.849399998784065, 823765.145399998873472 ], [ 2788227.229000002145767, 823802.705099999904633 ], [ 2788211.345299996435642, 823840.94200000166893 ], [ 2788205.387199997901917, 823864.750300001353025 ], [ 2788195.389899998903275, 823986.434399999678135 ], [ 2788181.521700002253056, 824141.043600000441074 ], [ 2788179.647600002586842, 824154.037000000476837 ], [ 2788179.050599999725819, 824165.002500001341105 ], [ 2788181.169299997389317, 824182.072299998253584 ], [ 2788188.929899998009205, 824195.340300001204014 ], [ 2788190.465700000524521, 824197.966099999845028 ], [ 2788192.444799996912479, 824201.350000001490116 ], [ 2788195.693599998950958, 824206.905000001192093 ], [ 2788212.741700001060963, 824246.201999999582767 ], [ 2788222.169200003147125, 824267.92850000038743 ], [ 2788246.170100003480911, 824319.076799999922514 ], [ 2788250.795299999415874, 824326.768800001591444 ], [ 2788260.023500002920628, 824337.64469999819994 ], [ 2788315.644900001585484, 824390.209199998527765 ], [ 2788339.005400002002716, 824416.619199998676777 ], [ 2788342.69650000333786, 824435.260299999266863 ], [ 2788353.652900002896786, 824473.870799999684095 ], [ 2788359.964400000870228, 824514.473200000822544 ], [ 2788357.828100003302097, 824532.385299999266863 ], [ 2788352.016500003635883, 824548.240800000727177 ], [ 2788346.524999998509884, 824561.41950000077486 ], [ 2788346.254299998283386, 824562.069099999964237 ], [ 2788338.776699997484684, 824571.875500001013279 ], [ 2788338.189000003039837, 824572.646200001239777 ], [ 2788328.407300002872944, 824583.078099999576807 ], [ 2788327.230999998748302, 824584.332400001585484 ], [ 2788306.641800001263618, 824591.636399999260902 ], [ 2788263.043099999427795, 824596.882500000298023 ], [ 2788246.076899997889996, 824596.2511 ], [ 2788227.034599997103214, 824592.389299999922514 ], [ 2788205.293999999761581, 824578.087200000882149 ], [ 2788187.980800002813339, 824562.614900000393391 ], [ 2788170.102899998426437, 824543.984200000762939 ], [ 2788149.95160000026226, 824525.081399999558926 ], [ 2788133.036700002849102, 824509.214899998158216 ], [ 2788116.854999996721745, 824500.064800001680851 ], [ 2788096.788599997758865, 824496.500399999320507 ], [ 2788078.421700000762939, 824502.418800000101328 ], [ 2788060.902300000190735, 824509.597600001841784 ], [ 2788032.283699996769428, 824517.811099998652935 ], [ 2788018.594400003552437, 824520.290899999439716 ], [ 2787996.1765, 824522.444400001317263 ], [ 2787952.349500000476837, 824523.42119999974966 ], [ 2787927.174599997699261, 824518.073300000280142 ], [ 2787910.390100002288818, 824509.7652000002563 ], [ 2787884.317100003361702, 824498.964099999517202 ], [ 2787863.785599999129772, 824495.834899999201298 ], [ 2787851.517800003290176, 824495.581000000238419 ], [ 2787819.899800002574921, 824495.993999999016523 ], [ 2787750.470600001513958, 824500.735599998384714 ], [ 2787716.024099998176098, 824505.302000001072884 ], [ 2787708.577200002968311, 824511.313499998301268 ], [ 2787707.919299997389317, 824511.8445999994874 ], [ 2787701.84570000320673, 824522.960200000554323 ], [ 2787701.085100002586842, 824524.352200001478195 ], [ 2787679.503899998962879, 824550.700699999928474 ], [ 2787654.964500002563, 824574.192800000309944 ], [ 2787604.571900002658367, 824625.636300001293421 ], [ 2787564.676399998366833, 824658.701900001615286 ], [ 2787549.894299998879433, 824668.148299999535084 ], [ 2787533.593900002539158, 824676.956300001591444 ], [ 2787516.764300003647804, 824683.040600001811981 ], [ 2787507.0669, 824680.465900000184774 ], [ 2787500.9441, 824676.346700001507998 ], [ 2787496.88289999961853, 824668.721000000834465 ], [ 2787499.080200001597404, 824654.739100001752377 ], [ 2787504.176600001752377, 824641.66499999910593 ], [ 2787511.117700003087521, 824630.511799998581409 ], [ 2787511.63400000333786, 824629.938700001686811 ], [ 2787555.362099997699261, 824581.398899998515844 ], [ 2787556.056699998676777, 824579.957600001245737 ], [ 2787559.041799999773502, 824573.7635000012815 ], [ 2787560.5471, 824565.726500000804663 ], [ 2787558.573399998247623, 824556.811599999666214 ], [ 2787552.045299999415874, 824547.262899998575449 ], [ 2787539.369699999690056, 824535.977000001817942 ], [ 2787511.006800003349781, 824516.299699999392033 ], [ 2787486.613799996674061, 824504.956199999898672 ], [ 2787462.991099998354912, 824497.536800000816584 ], [ 2787445.063100002706051, 824494.66330000013113 ], [ 2787424.95719999819994, 824491.128800000995398 ], [ 2787405.818899996578693, 824485.974599998444319 ], [ 2787394.279700003564358, 824480.329900000244379 ], [ 2787381.621500000357628, 824470.538100000470877 ], [ 2787333.850599996745586, 824423.5810999982059 ], [ 2787320.878200002014637, 824419.6886 ], [ 2787306.689000003039837, 824416.977400001138449 ], [ 2787198.281800001859665, 824405.777300000190735 ], [ 2787142.8125, 824398.64919999986887 ], [ 2787132.914599999785423, 824394.492199998348951 ], [ 2787110.723700001835823, 824370.519799999892712 ], [ 2787099.564499996602535, 824366.963599998503923 ], [ 2787089.757200002670288, 824367.712400000542402 ], [ 2787055.1316, 824381.7027000002563 ], [ 2787052.263099998235703, 824384.328699998557568 ], [ 2787051.331500001251698, 824385.181600000709295 ], [ 2787048.676899999380112, 824390.549300000071526 ], [ 2787047.617700003087521, 824400.860199999064207 ], [ 2787035.663900002837181, 824448.696199998259544 ], [ 2787015.070299997925758, 824507.183899998664856 ], [ 2787013.947700001299381, 824513.024700000882149 ], [ 2787009.855800002813339, 824534.297600001096725 ], [ 2787005.293600000441074, 824553.424300000071526 ], [ 2787005.66889999806881, 824564.155600000172853 ], [ 2787006.749799996614456, 824569.540600001811981 ], [ 2787008.459399998188019, 824573.545400001108646 ], [ 2787014.641500003635883, 824582.410399999469519 ], [ 2787022.422899998724461, 824590.911899998784065 ], [ 2787045.062700003385544, 824606.403000000864267 ], [ 2787054.006499998271465, 824611.743900001049042 ], [ 2787072.968299999833107, 824623.063400000333786 ], [ 2787130.784599997103214, 824657.470499999821186 ], [ 2787159.475000001490116, 824679.683400001376867 ], [ 2787208.159599997103214, 824717.376299999654293 ], [ 2787346.4695999994874, 824822.980799999088049 ], [ 2787360.711400002241135, 824840.992199998348951 ], [ 2787415.1272, 824906.966600000858307 ], [ 2787442.127999998629093, 825009.766499999910593 ], [ 2787457.474899999797344, 825063.777899999171495 ], [ 2787461.080300003290176, 825115.083999998867512 ], [ 2787456.133000001311302, 825156.384199999272823 ], [ 2787442.225199997425079, 825216.232099998742342 ], [ 2787437.750100001692772, 825249.675500001758337 ], [ 2787442.180200003087521, 825285.029199998825788 ], [ 2787447.777900002896786, 825315.371500000357628 ], [ 2787451.498199999332428, 825335.538100000470877 ], [ 2787452.680399999022484, 825356.2162000015378 ], [ 2787453.865199998021126, 825376.938499998301268 ], [ 2787438.789800003170967, 825415.280900001525879 ], [ 2787438.244499996304512, 825416.667700000107288 ], [ 2787434.3429000005126, 825431.474700000137091 ], [ 2787436.601199999451637, 825457.739000000059605 ], [ 2787437.202100001275539, 825464.727200001478195 ], [ 2787436.779399998486042, 825475.705099999904633 ], [ 2787436.4375, 825484.583599999547005 ], [ 2787436.077399998903275, 825493.935699999332428 ], [ 2787414.797499999403954, 825550.882399998605251 ], [ 2787403.577200002968311, 825574.5456000007689 ], [ 2787388.77929999679327, 825603.043099999427795 ], [ 2787397.667900003492832, 825613.900800000876188 ], [ 2787412.726999998092651, 825632.296399999409914 ], [ 2787439.783600002527237, 825665.34739999845624 ], [ 2787486.234099999070168, 825713.30350000038743 ], [ 2787539.055200003087521, 825748.408900000154972 ], [ 2787604.734499998390675, 825766.046300001442432 ], [ 2787644.3412000015378, 825775.972300000488758 ], [ 2787695.092699997127056, 825848.106800001114607 ], [ 2787759.558499999344349, 825882.902699999511242 ], [ 2787816.596000000834465, 825904.923799999058247 ], [ 2787892.321900002658367, 825926.659800000488758 ], [ 2787921.80120000243187, 825951.226599998772144 ], [ 2787926.155900001525879, 825954.855599999427795 ], [ 2787930.578000001609325, 825958.540800001472235 ], [ 2787933.589900001883507, 825962.794900000095367 ], [ 2787940.318999998271465, 825972.299199998378754 ], [ 2787953.755699999630451, 825991.277499999850988 ], [ 2787981.722800001502037, 826018.471500001847744 ], [ 2788015.854299999773502, 826034.306800000369549 ], [ 2788049.991400003433228, 826051.486900001764297 ], [ 2788073.816200003027916, 826075.094300001859665 ], [ 2788096.971400000154972, 826107.661899998784065 ], [ 2788117.973499998450279, 826128.243200000375509 ], [ 2788123.755599997937679, 826133.909499999135733 ], [ 2788125.283699996769428, 826135.407000001519918 ], [ 2788129.683799996972084, 826141.511700000613928 ], [ 2788130.821099996566772, 826143.089600000530481 ], [ 2788141.9353, 826158.509199999272823 ], [ 2788162.9551, 826178.274000000208616 ], [ 2788185.585600003600121, 826188.001299999654293 ], [ 2788198.401600003242493, 826193.510099999606609 ], [ 2788228.007299996912479, 826196.447999998927116 ], [ 2788244.3141999989748, 826198.066399998962879 ], [ 2788339.335699997842312, 826229.081799998879433 ], [ 2788397.198899999260902, 826252.939100001007318 ], [ 2788505.04559999704361, 826297.553300000727177 ], [ 2788588.055399999022484, 826329.180799998342991 ], [ 2788612.060500003397465, 826358.712999999523163 ], [ 2788641.866899996995926, 826394.808400001376867 ], [ 2788676.867499999701977, 826416.788899999111891 ], [ 2788713.047899998724461, 826426.764400001615286 ], [ 2788747.408699996769428, 826455.374299999326468 ], [ 2788783.558200001716614, 826483.071400001645088 ], [ 2788830.352899998426437, 826503.740200001746416 ], [ 2788876.50110000371933, 826525.075699999928474 ], [ 2788939.417199999094009, 826554.163499999791384 ], [ 2789008.595200002193451, 826579.807399999350309 ], [ 2789034.996100001037121, 826586.401700001209974 ], [ 2789065.263999998569489, 826588.107099998742342 ], [ 2789139.36370000243187, 826571.646099999547005 ], [ 2789168.758100003004074, 826568.881299998611212 ], [ 2789193.656099997460842, 826568.87950000166893 ], [ 2789224.417400002479553, 826577.549600001424551 ], [ 2789275.596900001168251, 826591.972899999469519 ], [ 2789307.627899996936321, 826609.970899999141693 ], [ 2789334.188299998641014, 826632.0320999994874 ], [ 2789347.706699997186661, 826649.048700001090765 ], [ 2789364.438100002706051, 826690.448699999600649 ], [ 2789389.532700002193451, 826748.01630000025034 ], [ 2789419.319300003349781, 826802.611999999731779 ], [ 2789446.608900003135204, 826848.599199999123812 ], [ 2789473.13570000231266, 826906.127099998295307 ], [ 2789482.703500002622604, 826931.518500000238419 ], [ 2789495.576499998569489, 826953.193500000983477 ], [ 2789547.020700000226498, 826988.741700001060963 ], [ 2789580.298100002110004, 827013.902499999850988 ], [ 2789592.201499998569489, 827061.138900000602007 ], [ 2789604.435099996626377, 827082.280699998140335 ], [ 2789617.991999998688698, 827093.842300001531839 ], [ 2789637.929099999368191, 827102.555100001394749 ], [ 2789655.50450000166893, 827103.331300001591444 ], [ 2789669.202299997210503, 827098.68189999833703 ], [ 2789685.228500001132488, 827083.70549999922514 ], [ 2789701.731899999082088, 827154.3277000002563 ], [ 2789707.196800000965595, 827183.236600000411272 ], [ 2789707.572899997234344, 827191.810699999332428 ], [ 2789708.723899997770786, 827218.038699999451637 ], [ 2789722.1228, 827222.857700001448393 ], [ 2789726.231499999761581, 827245.881700001657009 ], [ 2789729.269100002944469, 827258.197700001299381 ], [ 2789733.019500002264977, 827270.870700001716614 ], [ 2789739.222699999809265, 827283.767700001597404 ], [ 2789738.09570000320673, 827294.240100000053644 ], [ 2789735.57769999653101, 827305.5912000015378 ], [ 2789739.055500000715256, 827313.8761 ], [ 2789745.388700000941753, 827339.788100000470877 ], [ 2789747.232299998402596, 827354.058100000023842 ], [ 2789745.0016999989748, 827380.525499999523163 ], [ 2789746.094499997794628, 827395.110100001096725 ], [ 2789752.663500003516674, 827399.087499998509884 ], [ 2789781.601499997079372, 827394.12950000166893 ], [ 2789790.963899999856949, 827395.546500001102686 ], [ 2789799.189499996602535, 827398.948699999600649 ], [ 2789804.298100002110004, 827404.900499999523163 ], [ 2789808.313500002026558, 827415.334300000220537 ], [ 2789810.118699997663498, 827428.335099998861551 ], [ 2789809.872000001370907, 827440.247699998319149 ], [ 2789836.106299996376038, 827449.625500001013279 ], [ 2789865.957699999213219, 827463.158900000154972 ], [ 2789880.410999998450279, 827482.732999999076128 ], [ 2789885.27250000089407, 827498.382699999958277 ], [ 2789890.560699999332428, 827530.883699998259544 ], [ 2789891.380300000309944, 827546.049300000071526 ], [ 2789896.781300000846386, 827548.232400000095367 ], [ 2789917.640299998223782, 827554.622999999672174 ], [ 2789927.047499999403954, 827560.07490000128746 ], [ 2789937.717699997127056, 827568.673099998384714 ], [ 2789943.051899999380112, 827573.830099999904633 ], [ 2789946.631499998271465, 827583.88230000063777 ], [ 2789952.093699999153614, 827605.031500000506639 ], [ 2789952.972900003194809, 827616.779100000858307 ], [ 2789955.91889999806881, 827636.700699999928474 ], [ 2789959.387699998915195, 827646.747499998658895 ], [ 2789964.242700003087521, 827654.541299998760223 ], [ 2789971.871299996972084, 827657.659299999475479 ], [ 2789982.9679000005126, 827658.872699998319149 ], [ 2789996.629699997603893, 827661.109299998730421 ], [ 2790011.5713, 827665.567499998956919 ], [ 2790022.431699998676777, 827667.08669999986887 ], [ 2790042.014200001955032, 827669.160500001162291 ], [ 2790076.862499997019768, 827688.538100000470877 ], [ 2790084.911499999463558, 827700.622900001704693 ], [ 2790099.5515, 827707.145300000905991 ], [ 2790116.033900000154972, 827712.411699999123812 ], [ 2790118.10249999910593, 827716.035100001841784 ], [ 2790137.904500000178814, 827740.957600001245737 ], [ 2790158.530699998140335, 827759.589299999177456 ], [ 2790168.792900003492832, 827771.3581000007689 ], [ 2790181.885099999606609, 827798.936299998313189 ], [ 2790190.491899996995926, 827822.922699999064207 ], [ 2790206.643899999558926, 827837.961599998176098 ], [ 2790210.471900001168251, 827848.320099998265505 ], [ 2790226.365299999713898, 827858.800299998372793 ], [ 2790240.658500000834465, 827861.899300001561642 ], [ 2790250.79730000346899, 827862.808499999344349 ], [ 2790264.404100000858307, 827865.540100000798702 ], [ 2790270.966899998486042, 827869.878499999642372 ], [ 2790273.326700001955032, 827874.475600000470877 ], [ 2790272.889899998903275, 827878.16330000013113 ], [ 2790271.934500001370907, 827890.749899998307228 ], [ 2790272.919100001454353, 827910.730700001120567 ], [ 2790274.467699997127056, 827920.563700001686811 ], [ 2790279.215899996459484, 827928.014499999582767 ], [ 2790285.043300002813339, 827934.089499998837709 ], [ 2790294.412900000810623, 827938.481300000101328 ], [ 2790304.848700001835823, 827941.851300001144409 ], [ 2790317.094300001859665, 827942.454500000923872 ], [ 2790341.37389999628067, 827943.387600000947714 ], [ 2790359.276399999856949, 827950.604800000786781 ], [ 2790381.91330000013113, 827975.278900001198053 ], [ 2790391.792099997401237, 827989.464899998158216 ], [ 2790429.182700000703335, 828053.370799999684095 ], [ 2790455.232799999415874, 828119.031100001186132 ], [ 2790475.257700003683567, 828163.340500000864267 ], [ 2790492.188100002706051, 828183.914599999785423 ], [ 2790517.163900002837181, 828204.00730000063777 ], [ 2790548.629900000989437, 828218.592099998146296 ], [ 2790581.06870000064373, 828234.14750000089407 ], [ 2790602.476899996399879, 828247.435100000351667 ], [ 2790620.317900002002716, 828260.398499999195337 ], [ 2790635.682499997317791, 828253.893300000578165 ], [ 2790692.433499999344349, 828231.940200001001358 ], [ 2790749.389200001955032, 828206.02589999884367 ], [ 2790796.042499996721745, 828185.140700001269579 ], [ 2790799.324799999594688, 828187.247600000351667 ], [ 2790809.73650000244379, 828208.986299999058247 ], [ 2790820.636100001633167, 828223.917500000447035 ], [ 2790844.574699997901917, 828249.900299999862909 ], [ 2790850.048199996352196, 828258.545299999415874 ], [ 2790845.821199998259544, 828268.407299999147654 ], [ 2790845.019000001251698, 828270.279100000858307 ], [ 2790821.39639999717474, 828289.589499998837709 ], [ 2790820.356299996376038, 828290.439699999988079 ], [ 2790803.75789999961853, 828328.468499999493361 ], [ 2790785.51690000295639, 828377.541499998420477 ], [ 2790775.603100001811981, 828417.2331000007689 ], [ 2790770.679899998009205, 828432.57209999859333 ], [ 2790768.292700000107288, 828446.331900000572205 ], [ 2790758.569700002670288, 828482.323300000280142 ], [ 2790753.485500000417233, 828495.167700000107288 ], [ 2790747.27759999781847, 828508.484999999403954 ], [ 2790747.184900000691414, 828508.683899998664856 ], [ 2790739.053900003433228, 828520.344099998474121 ], [ 2790729.170900002121925, 828530.215300001204014 ], [ 2790710.582299999892712, 828542.910700000822544 ], [ 2790693.653899997472763, 828551.707100000232458 ], [ 2790631.709100000560284, 828583.892499998211861 ], [ 2790617.76690000295639, 828591.159299999475479 ], [ 2790582.055600002408028, 828609.769600000232458 ], [ 2790539.016699999570847, 828632.036899998784065 ], [ 2790398.131099998950958, 828696.899599999189377 ], [ 2790386.072300001978874, 828705.622699998319149 ], [ 2790374.447700001299381, 828715.506900001317263 ], [ 2790366.507700003683567, 828724.077599998563528 ], [ 2790365.147299997508526, 828725.546100001782179 ], [ 2790360.539700001478195, 828737.158900000154972 ], [ 2790358.935900002717972, 828752.774099998176098 ], [ 2790365.687700003385544, 828786.681099999696016 ], [ 2790379.222300000488758, 828828.804499998688698 ], [ 2790404.223499998450279, 828883.709300000220537 ], [ 2790429.214900001883507, 828989.620700001716614 ], [ 2790429.49099999666214, 829005.120900001376867 ], [ 2790427.241499997675419, 829016.763900000602007 ], [ 2790422.510099999606609, 829025.277300000190735 ], [ 2790421.413699999451637, 829027.250100001692772 ], [ 2790413.880500003695488, 829034.774500001221895 ], [ 2790403.4949000030756, 829043.256299998611212 ], [ 2790337.164099998772144, 829079.430300001055002 ], [ 2790317.081699997186661, 829091.285700000822544 ], [ 2790304.017899997532368, 829104.629599999636412 ], [ 2790303.392499998211861, 829105.268500000238419 ], [ 2790293.350699998438358, 829122.292599998414516 ], [ 2790286.462200000882149, 829138.2483000010252 ], [ 2790285.105999998748302, 829153.682799998670816 ], [ 2790305.921800002455711, 829221.852600000798702 ], [ 2790306.703199997544289, 829224.41160000115633 ], [ 2790298.476099997758865, 829224.976300001144409 ], [ 2790225.836800001561642, 829259.335299998521805 ], [ 2790214.5735, 829242.34010000154376 ], [ 2790159.2346, 829312.103500001132488 ], [ 2790157.171400003135204, 829314.704500000923872 ], [ 2790171.580200001597404, 829324.868000000715256 ], [ 2790173.01630000025034, 829325.880899999290705 ], [ 2790160.773800000548363, 829332.288499999791384 ], [ 2790068.067199997603893, 829380.809300001710653 ], [ 2790061.425999999046326, 829384.285199999809265 ], [ 2790058.152199998497963, 829385.998700000345707 ], [ 2790116.692299999296665, 829428.691599998623133 ], [ 2790128.590400002896786, 829437.200199998915195 ], [ 2790156.786499999463558, 829457.364100001752377 ], [ 2790167.8412000015378, 829465.324299998581409 ], [ 2790173.604299999773502, 829469.47410000115633 ], [ 2790216.051100000739098, 829499.983300000429153 ], [ 2790241.558799996972084, 829520.251299999654293 ], [ 2790681.848499998450279, 829860.505800001323223 ], [ 2790848.95830000191927, 829987.695300001651049 ], [ 2790954.848200000822544, 830072.258400000631809 ], [ 2790991.533900000154972, 830099.612799998372793 ], [ 2791038.035899996757507, 830115.472500000149012 ], [ 2791079.656999997794628, 830120.302200000733137 ], [ 2791103.87049999833107, 830123.114199999719858 ], [ 2791189.115299999713898, 830136.312199998646975 ], [ 2791242.281400002539158, 830146.666200000792742 ], [ 2791247.056900002062321, 830152.755399998277426 ], [ 2791245.202200002968311, 830156.714299999177456 ], [ 2791244.781300000846386, 830157.612700000405312 ], [ 2791238.063699997961521, 830166.181400001049042 ], [ 2791228.663400001823902, 830173.067499998956919 ], [ 2791131.240299999713898, 830223.623700000345707 ], [ 2791111.727799996733665, 830237.769799999892712 ], [ 2791098.228299997746944, 830249.815799999982119 ], [ 2791087.374899998307228, 830260.94819999858737 ], [ 2791074.203599996864796, 830275.025199998170137 ], [ 2791064.953699998557568, 830286.36879999935627 ], [ 2791064.306800000369549, 830287.162099998444319 ], [ 2791050.974299997091293, 830308.473299998790026 ], [ 2791041.776600003242493, 830330.629700001329184 ], [ 2791035.817199997603893, 830353.902100000530481 ], [ 2791031.754600003361702, 830369.865699999034405 ], [ 2791031.5603, 830387.020300000905991 ], [ 2791031.34740000218153, 830405.728900000452995 ], [ 2791030.5962999984622, 830498.00620000064373 ], [ 2791029.957999996840954, 830576.368400000035763 ], [ 2791029.050399996340275, 830687.952399998903275 ], [ 2791040.437600001692772, 830969.796700000762939 ], [ 2791039.26630000025034, 831006.124000001698732 ], [ 2791038.284599997103214, 831036.558899998664856 ], [ 2791035.702299997210503, 831116.614999998360872 ], [ 2791056.7412, 831117.439100001007318 ], [ 2791095.409500002861023, 831122.273600000888109 ], [ 2791116.913900002837181, 831124.962200000882149 ], [ 2791135.832800000905991, 831128.678399998694658 ], [ 2791152.800999999046326, 831132.01240000128746 ], [ 2791180.894900001585484, 831137.530000001192093 ], [ 2791185.204800002276897, 831138.376499999314547 ], [ 2791187.127499997615814, 831138.754099998623133 ], [ 2791220.552000001072884, 831157.442800000309944 ], [ 2791227.134199999272823, 831161.121800001710653 ], [ 2791232.090999998152256, 831163.892700001597404 ], [ 2791250.057700000703335, 831173.938099998980761 ], [ 2791306.9966000020504, 831209.193799998611212 ], [ 2791346.596600003540516, 831253.689800001680851 ], [ 2791349.049900002777576, 831256.447500001639128 ], [ 2791368.310699999332428, 831278.091699998825788 ], [ 2791403.53490000218153, 831326.226300001144409 ], [ 2791418.558399997651577, 831346.759399998933077 ], [ 2791438.610500000417233, 831375.855000000447035 ], [ 2791449.030100002884865, 831390.974599998444319 ], [ 2791474.12219999730587, 831427.386599998921156 ], [ 2791519.217500001192093, 831495.116700001060963 ], [ 2791522.436999998986721, 831504.786699999123812 ], [ 2791525.578400000929832, 831514.224399998784065 ], [ 2791527.441399998962879, 831519.820999998599291 ], [ 2791531.017099998891354, 831530.560899998992682 ], [ 2791561.660499997437, 831622.613499999046326 ], [ 2791622.778200000524521, 831754.888599999248981 ], [ 2791625.082599997520447, 831767.6239 ], [ 2791642.008500002324581, 831861.159699998795986 ], [ 2791651.116499997675419, 831959.33559999987483 ], [ 2791782.826700001955032, 832186.345899999141693 ], [ 2791783.6216000020504, 832187.715999998152256 ], [ 2791748.464900001883507, 832205.829999998211861 ], [ 2791689.383900001645088, 832236.268399998545647 ], [ 2791687.063699997961521, 832237.463799998164177 ], [ 2791800.152800001204014, 832621.58559999987483 ], [ 2791824.182899996638298, 832703.208700001239777 ], [ 2791845.872599996626377, 832699.796500001102686 ], [ 2791862.256999999284744, 832700.417500000447035 ], [ 2791868.046300001442432, 832706.705299999564886 ], [ 2791876.850599996745586, 832736.496500000357628 ], [ 2791886.322899997234344, 832801.498799998313189 ], [ 2791896.977099999785423, 832802.537200000137091 ], [ 2791903.512500002980232, 832806.587499998509884 ], [ 2791946.018399998545647, 832832.924300000071526 ], [ 2791970.395000003278255, 832856.947000000625849 ], [ 2791986.631300002336502, 832876.854899998754263 ], [ 2791998.29450000077486, 832891.153200000524521 ], [ 2792053.379199996590614, 832957.999899998307228 ], [ 2792157.72410000115633, 833034.536200001835823 ], [ 2792161.706600002944469, 833037.458500001579523 ], [ 2792178.262199997901917, 833032.497499998658895 ], [ 2792179.613399997353554, 833032.092099998146296 ], [ 2792230.281800001859665, 833016.910700000822544 ], [ 2792234.698600001633167, 833015.58729999884963 ], [ 2792236.544200003147125, 833015.034299999475479 ], [ 2792251.019199997186661, 833010.697000000625849 ], [ 2792285.6621999964118, 833000.316599998623133 ], [ 2792339.585100002586842, 832984.159000001847744 ], [ 2792372.538699999451637, 833166.609299998730421 ], [ 2792406.629299998283386, 833182.885800000280142 ], [ 2792531.928599998354912, 833259.050200000405312 ], [ 2792564.872400000691414, 833278.227800000458956 ], [ 2792630.097900003194809, 833302.73200000077486 ], [ 2792723.197899997234344, 833336.442299999296665 ], [ 2792839.43639999628067, 833374.365600001066923 ], [ 2792931.04389999806881, 833400.656399998813868 ], [ 2792975.992700003087521, 833415.109400000423193 ], [ 2792993.964100003242493, 833414.660900000482798 ], [ 2793011.538699999451637, 833414.22239999845624 ], [ 2793050.647799998521805, 833403.502700001001358 ], [ 2793072.782300002872944, 833397.435699999332428 ], [ 2793107.430799998342991, 833387.119600001722574 ], [ 2793178.639899998903275, 833365.66950000077486 ], [ 2793254.483599998056889, 833341.359499998390675 ], [ 2793262.671099998056889, 833338.839000001549721 ], [ 2793266.430799998342991, 833337.681699998676777 ], [ 2793298.498099997639656, 833327.810100000351667 ], [ 2793311.418600000441074, 833323.991500001400709 ], [ 2793320.219899997115135, 833321.390399999916553 ], [ 2793350.171400003135204, 833312.538400001823902 ], [ 2793389.880000002682209, 833300.905600000172853 ], [ 2793434.614500001072884, 833287.919399999082088 ], [ 2793489.985699996352196, 833272.032800000160933 ], [ 2793543.421400003135204, 833257.201299998909235 ], [ 2793579.082500003278255, 833246.728999998420477 ], [ 2793584.76799999922514, 833245.059399999678135 ], [ 2793593.703500002622604, 833242.435400001704693 ], [ 2793609.943000003695488, 833238.019099999219179 ], [ 2793616.931400001049042, 833236.118599999696016 ], [ 2793649.657700002193451, 833227.218600001186132 ], [ 2793700.4037000015378, 833213.422499999403954 ], [ 2793765.485100001096725, 833198.720499999821186 ], [ 2793783.280299998819828, 833194.700500000268221 ], [ 2793818.554700002074242, 833186.733199998736382 ], [ 2793848.787500001490116, 833179.904699999839067 ], [ 2793851.63459999859333, 833179.261599998921156 ], [ 2793864.836800001561642, 833176.279699999839067 ], [ 2793872.712999999523163, 833174.500700000673532 ], [ 2793986.790899999439716, 833148.734400000423193 ], [ 2794034.674400001764297, 833134.431800000369549 ], [ 2794073.847999997437, 833121.524900000542402 ], [ 2794088.589000001549721, 833116.668099999427795 ], [ 2794088.523299999535084, 833114.5636 ] ] ] ] } },
{ "type": "Feature", "properties": { "CVEGEO": "09017", "CVE_ENT": "09", "CVE_MUN": "017", "NOMGEO": "Venustiano Carranza", "ENTIDAD FEDERATIVA": "Ciudad de México", "CLAVE DEL MUNICIPIO": 9017, "POBLACIÓN 2020": 414914, "POBLACIÓN EN SITUACIÓN DE POBREZA 2020": 124431, "POBLACIÓN EN SITUACIÓN DE POBREZA EXTREMA 2020": 12066, "GRADO DE REZAGO": "Muy bajo", "autoad.indig": 33500.993347800002, "% autoad.indig": 7.781157, "OCURRENCIAS_DONANTE": 0, "MONTOASIGNADO_TOTAL": 0 }, "geometry": { "type": "MultiPolygon", "coordinates": [ [ [ [ 2802603.340999998152256, 831349.500100001692772 ], [ 2802657.675599999725819, 831330.248700000345707 ], [ 2802663.068400003015995, 831346.355799999088049 ], [ 2802681.948100000619888, 831339.525499999523163 ], [ 2802699.853399999439716, 831332.996700000017881 ], [ 2802697.423900000751019, 831323.256000000983477 ], [ 2802697.421300001442432, 831323.245400000363588 ], [ 2802694.966300003230572, 831313.402899999171495 ], [ 2802694.970299996435642, 831313.401500001549721 ], [ 2802745.14639999717474, 831295.280000001192093 ], [ 2802765.486100003123283, 831287.98030000180006 ], [ 2802789.647299997508526, 831279.308200001716614 ], [ 2802832.757100000977516, 831263.83390000090003 ], [ 2802850.840700000524521, 831257.342700000852346 ], [ 2802877.467100001871586, 831247.784800000488758 ], [ 2802890.637500002980232, 831243.057199999690056 ], [ 2802899.785700000822544, 831239.773400001227856 ], [ 2802921.295299999415874, 831232.051500000059605 ], [ 2802965.292499996721745, 831216.258799999952316 ], [ 2803013.172499999403954, 831199.070900000631809 ], [ 2803033.576099999248981, 831191.676699999719858 ], [ 2803100.471000000834465, 831167.431200001388788 ], [ 2803146.130999997258186, 831150.882100000977516 ], [ 2803166.854400001466274, 831143.370999999344349 ], [ 2803190.767800003290176, 831134.703400000929832 ], [ 2803232.851899996399879, 831119.450100000947714 ], [ 2803270.223700001835823, 831105.957400001585484 ], [ 2803282.491999998688698, 831101.528000000864267 ], [ 2803333.011, 831083.289299998432398 ], [ 2803369.093000002205372, 831070.263199999928474 ], [ 2803394.430799998342991, 831061.078200001269579 ], [ 2803395.17960000038147, 831060.807100001722574 ], [ 2803395.182700000703335, 831060.806000001728535 ], [ 2803404.837300002574921, 831057.315400000661612 ], [ 2803449.146300002932549, 831041.276500001549721 ], [ 2803454.174800001084805, 831039.463899999856949 ], [ 2803457.284199997782707, 831038.254999998956919 ], [ 2803460.312700003385544, 831037.531300000846386 ], [ 2803488.115500003099442, 831031.463100001215935 ], [ 2803517.397799998521805, 831027.8445999994874 ], [ 2803542.283699996769428, 831027.293499998748302 ], [ 2803552.279100000858307, 831027.5 ], [ 2803573.547799997031689, 831029.140000000596046 ], [ 2803622.501199997961521, 831039.094000000506639 ], [ 2803631.785400003194809, 831041.89919999986887 ], [ 2803666.236199997365475, 831056.116500001400709 ], [ 2803706.356799997389317, 831072.673200000077486 ], [ 2803720.298900000751019, 831078.426399998366833 ], [ 2803762.996699996292591, 831096.379399999976158 ], [ 2803811.324400000274181, 831116.696199998259544 ], [ 2803822.981899999082088, 831121.59739999845624 ], [ 2803865.009800001978874, 831139.267700001597404 ], [ 2803915.830300003290176, 831160.634399998933077 ], [ 2803959.817400000989437, 831179.126200001686811 ], [ 2804021.17960000038147, 831204.935899998992682 ], [ 2804024.196900002658367, 831206.206999998539686 ], [ 2804080.923900000751019, 831230.271499998867512 ], [ 2804091.788099996745586, 831234.880899999290705 ], [ 2804130.207699999213219, 831248.168999999761581 ], [ 2804147.07769999653101, 831252.508200000971556 ], [ 2804169.270700000226498, 831256.261900000274181 ], [ 2804201.233800001442432, 831257.846799999475479 ], [ 2804231.019199997186661, 831256.312100000679493 ], [ 2804247.347499996423721, 831254.194499999284744 ], [ 2804252.93860000371933, 831253.468800000846386 ], [ 2804281.946000002324581, 831246.661400001496077 ], [ 2804306.313500002026558, 831238.456199999898672 ], [ 2804331.215300001204014, 831225.282000001519918 ], [ 2804340.360299997031689, 831218.303899999707937 ], [ 2804366.430699996650219, 831198.41950000077486 ], [ 2804384.046599999070168, 831182.497900001704693 ], [ 2804422.01519999653101, 831148.199799999594688 ], [ 2804444.053599998354912, 831128.295499999076128 ], [ 2804460.64299999922514, 831112.700899999588728 ], [ 2804484.016500003635883, 831090.734000001102686 ], [ 2804494.234099999070168, 831081.130800001323223 ], [ 2804512.498400002717972, 831063.964699998497963 ], [ 2804526.424400001764297, 831050.876200001686811 ], [ 2804564.090400002896786, 831015.472800001502037 ], [ 2804582.352899998426437, 830998.309399999678135 ], [ 2804604.584499999880791, 830977.416700001806021 ], [ 2804642.786899998784065, 830941.509899999946356 ], [ 2804675.97070000320673, 830910.322299998253584 ], [ 2804682.855400003492832, 830903.851599998772144 ], [ 2804713.174199998378754, 830875.354699999094009 ], [ 2804756.62950000166893, 830834.513099998235703 ], [ 2804771.5669, 830820.473799999803305 ], [ 2804794.155699998140335, 830800.014800000935793 ], [ 2804812.624899998307228, 830782.055399999022484 ], [ 2804839.292300000786781, 830756.124099999666214 ], [ 2804870.143700003623962, 830726.179999999701977 ], [ 2804890.651600003242493, 830703.231699999421835 ], [ 2804913.328699998557568, 830677.856199998408556 ], [ 2804938.230200000107288, 830639.454300001263618 ], [ 2804954.07599999755621, 830607.626899998635054 ], [ 2804983.568800002336502, 830630.617499999701977 ], [ 2805143.893700003623962, 830755.590300001204014 ], [ 2805144.821400001645088, 830756.283399999141693 ], [ 2805258.571900002658367, 830841.259899999946356 ], [ 2805292.761200003325939, 830868.33729999884963 ], [ 2805381.952500000596046, 830938.960299998521805 ], [ 2805409.120899997651577, 830960.472699999809265 ], [ 2805495.465899996459484, 831029.331199999898672 ], [ 2805534.1199000030756, 831060.157000001519918 ], [ 2805572.942900002002716, 831088.732400000095367 ], [ 2805601.551399998366833, 831105.477600000798702 ], [ 2805631.504000000655651, 831103.628899998962879 ], [ 2805661.021499998867512, 831097.175700001418591 ], [ 2805765.1941, 831068.859000001102686 ], [ 2805791.25450000166893, 831066.800999999046326 ], [ 2805830.752999998629093, 831064.813700001686811 ], [ 2805893.321699999272823, 831066.132699999958277 ], [ 2806011.4712999984622, 831026.237199999392033 ], [ 2806141.431500002741814, 830982.352600000798702 ], [ 2806172.368199996650219, 830971.905999999493361 ], [ 2806188.16330000013113, 830966.910399999469519 ], [ 2806272.974799998104572, 830938.515799999237061 ], [ 2806646.819899998605251, 830810.562699999660254 ], [ 2806700.636100001633167, 830792.143500000238419 ], [ 2806763.662699997425079, 830770.571800000965595 ], [ 2806827.17339999973774, 830748.834399998188019 ], [ 2806895.375699996948242, 830725.491300001740456 ], [ 2806904.491499997675419, 830723.911299999803305 ], [ 2806918.269299998879433, 830721.983899999409914 ], [ 2806935.352799996733665, 830720.793200001120567 ], [ 2806948.622500002384186, 830722.204900000244379 ], [ 2806978.351099997758865, 830730.128600001335144 ], [ 2807021.869099996984005, 830746.415399998426437 ], [ 2807038.395000003278255, 830734.443199999630451 ], [ 2807247.153899997472763, 830661.790500000119209 ], [ 2807309.830399997532368, 830639.97749999910593 ], [ 2807376.229299999773502, 830616.869899999350309 ], [ 2807438.638300001621246, 830595.147999998182058 ], [ 2807504.736900001764297, 830572.145100001245737 ], [ 2807524.138999998569489, 830565.392200000584126 ], [ 2807559.755800001323223, 830552.997999999672174 ], [ 2807568.577799998223782, 830556.607799999415874 ], [ 2807660.055699996650219, 830594.037999998778105 ], [ 2807754.457099996507168, 830632.66499999910593 ], [ 2807850.996899999678135, 830672.162500001490116 ], [ 2807942.832999996840954, 830709.744100000709295 ], [ 2808004.902999997138977, 830735.142499998211861 ], [ 2808005.808600001037121, 830735.513199999928474 ], [ 2808072.840499997138977, 830762.939899999648333 ], [ 2808103.502899996936321, 830776.019799999892712 ], [ 2808190.57880000025034, 830813.16440000012517 ], [ 2808207.427100002765656, 830820.351500000804663 ], [ 2808229.471100002527237, 830829.69709999859333 ], [ 2808263.795699998736382, 830844.249099999666214 ], [ 2808276.098600000143051, 830849.517900001257658 ], [ 2808350.76690000295639, 830881.495299998670816 ], [ 2808430.542400002479553, 830915.175200000405312 ], [ 2808492.499099999666214, 830940.872099999338388 ], [ 2808569.085900001227856, 830974.625300001353025 ], [ 2808600.413800001144409, 831010.645399998873472 ], [ 2808621.901600003242493, 831035.695300001651049 ], [ 2808631.569899998605251, 831046.466699998825788 ], [ 2808675.776000000536442, 831097.102000001817942 ], [ 2808714.971500001847744, 831142.165500000119209 ], [ 2808719.361599996685982, 831146.961599998176098 ], [ 2808742.592699997127056, 831172.380699999630451 ], [ 2808742.596100002527237, 831172.374699998646975 ], [ 2808746.277099996805191, 831165.662000000476837 ], [ 2808746.478100001811981, 831165.294199999421835 ], [ 2808747.690800003707409, 831163.075800001621246 ], [ 2808755.873700000345707, 831148.106300000101328 ], [ 2808757.172799997031689, 831145.729800000786781 ], [ 2808761.6875, 831137.470800001174212 ], [ 2808843.249200001358986, 830988.264499999582767 ], [ 2808858.190200001001358, 830960.932100001722574 ], [ 2808864.229400001466274, 830949.887600000947714 ], [ 2808907.438400000333786, 830870.842199999839067 ], [ 2808957.207000002264977, 830779.796799998730421 ], [ 2808965.971400000154972, 830763.763300001621246 ], [ 2808976.116400003433228, 830745.204799998551607 ], [ 2809062.52929999679327, 830587.127099998295307 ], [ 2809066.172700002789497, 830580.461300000548363 ], [ 2809072.798500001430511, 830568.340599998831749 ], [ 2809110.128100000321865, 830500.051899999380112 ], [ 2809119.841600000858307, 830482.282900001853704 ], [ 2809121.566299997270107, 830479.127999998629093 ], [ 2809148.823100000619888, 830402.422899998724461 ], [ 2809221.926600001752377, 830319.325399998575449 ], [ 2809202.415600001811981, 830285.699099998921156 ], [ 2809202.409100003540516, 830285.687899999320507 ], [ 2809180.305200003087521, 830247.635400000959635 ], [ 2809146.681500002741814, 830189.751299999654293 ], [ 2809141.554300002753735, 830180.924699999392033 ], [ 2809088.467399999499321, 830089.533700000494719 ], [ 2809044.92960000038147, 830014.580099999904633 ], [ 2809020.717399999499321, 829958.227699998766184 ], [ 2808872.97860000282526, 829614.384500000625849 ], [ 2808809.767300002276897, 829467.26799999922514 ], [ 2808770.8257, 829364.660399999469519 ], [ 2808737.087600000202656, 829275.763700000941753 ], [ 2808633.906300000846386, 829003.891199998557568 ], [ 2808623.748700000345707, 828978.753499999642372 ], [ 2808607.011900000274181, 828937.338300000876188 ], [ 2808467.953599996864796, 828588.646299999207258 ], [ 2808462.01410000026226, 828574.525800000876188 ], [ 2808444.108900003135204, 828531.953200001269579 ], [ 2808428.441200003027916, 828494.700599998235703 ], [ 2808427.869999997317791, 828493.344200000166893 ], [ 2808399.560400001704693, 828426.032600000500679 ], [ 2808394.806999996304512, 828414.733899999409914 ], [ 2808385.867700003087521, 828393.479499999433756 ], [ 2808374.460100002586842, 828366.355799999088049 ], [ 2808348.29110000282526, 828304.139899998903275 ], [ 2808338.735200002789497, 828264.437600001692772 ], [ 2808338.281700000166893, 828262.553800001740456 ], [ 2808307.231499999761581, 828133.563700001686811 ], [ 2808291.346100002527237, 828067.570199999958277 ], [ 2808278.336400002241135, 828072.213100001215935 ], [ 2808264.036100000143051, 828077.316500000655651 ], [ 2808256.398599997162819, 828063.511900000274181 ], [ 2808254.476099997758865, 828060.037099998444319 ], [ 2808247.764200001955032, 828045.665500000119209 ], [ 2808239.763800002634525, 828032.715999998152256 ], [ 2808229.342299997806549, 828019.18470000103116 ], [ 2808211.826300002634525, 828002.307300001382828 ], [ 2808196.200800001621246, 827988.647300001233816 ], [ 2808184.319499999284744, 827979.126499999314547 ], [ 2808174.224600002169609, 827972.745900001376867 ], [ 2808163.558600001037121, 827965.770500000566244 ], [ 2808153.202600002288818, 827959.299499999731779 ], [ 2808139.008500002324581, 827952.947299998253584 ], [ 2808124.281400002539158, 827946.28830000013113 ], [ 2808106.567400000989437, 827939.196100000292063 ], [ 2808088.260600000619888, 827931.5011 ], [ 2808076.838600002229214, 827926.854100000113249 ], [ 2808070.590499997138977, 827924.558699999004602 ], [ 2807867.708499997854233, 827915.633900001645088 ], [ 2807679.240699999034405, 827910.145899999886751 ], [ 2807468.209100000560284, 827904.000500001013279 ], [ 2807352.093299999833107, 827903.112700000405312 ], [ 2807253.269900001585484, 827900.355900000780821 ], [ 2807028.373099997639656, 827894.086500000208616 ], [ 2807020.6233000010252, 827893.830899998545647 ], [ 2806991.046800002455711, 827890.393500000238419 ], [ 2806969.540700003504753, 827885.132699999958277 ], [ 2806938.213100001215935, 827873.638900000602007 ], [ 2806909.401100002229214, 827860.756099998950958 ], [ 2806881.290600001811981, 827843.749699998646975 ], [ 2806860.325800001621246, 827829.793200001120567 ], [ 2806833.10530000180006, 827807.355900000780821 ], [ 2806816.662699997425079, 827787.11710000038147 ], [ 2806777.221500001847744, 827721.267700001597404 ], [ 2806746.187100000679493, 827668.215300001204014 ], [ 2806737.8158999979496, 827654.092000000178814 ], [ 2806673.160899996757507, 827545.010099999606609 ], [ 2806666.051700003445148, 827532.006099998950958 ], [ 2806663.789700001478195, 827527.868099998682737 ], [ 2806661.477700002491474, 827523.743599999696016 ], [ 2806608.291199997067451, 827428.859499998390675 ], [ 2806608.265500001609325, 827428.813700001686811 ], [ 2806584.76240000128746, 827386.884399998933077 ], [ 2806579.439800001680851, 827377.388700000941753 ], [ 2806490.084100000560284, 827219.970800001174212 ], [ 2806485.008000001311302, 827211.028200000524521 ], [ 2806481.689900003373623, 827205.172499999403954 ], [ 2806479.04280000180006, 827200.501299999654293 ], [ 2806477.086000002920628, 827197.067699998617172 ], [ 2806472.506499998271465, 827188.188499998301268 ], [ 2806465.45889999717474, 827176.154599998146296 ], [ 2806464.052699998021126, 827173.753499999642372 ], [ 2806456.569399997591972, 827165.094000000506639 ], [ 2806453.226099997758865, 827161.22520000115037 ], [ 2806426.428099997341633, 827114.965300001204014 ], [ 2806402.064099997282028, 827073.740899998694658 ], [ 2806359.435099996626377, 827002.846900001168251 ], [ 2806327.214500002563, 826947.878699999302626 ], [ 2806302.271200001239777, 826906.035100001841784 ], [ 2806292.231499999761581, 826889.19310000166297 ], [ 2806273.284500002861023, 826856.127300001680851 ], [ 2806256.28999999910593, 826825.994899999350309 ], [ 2806237.542099997401237, 826793.421100001782179 ], [ 2806211.705700002610683, 826748.534499999135733 ], [ 2806189.666500002145767, 826712.5287000015378 ], [ 2806168.355499997735023, 826680.749099999666214 ], [ 2806166.407899998128414, 826677.844900000840425 ], [ 2806137.828100003302097, 826632.13289999961853 ], [ 2806132.001000002026558, 826622.8125 ], [ 2806129.363300003111362, 826618.486699998378754 ], [ 2806126.596500001847744, 826613.949000000953674 ], [ 2806118.619800001382828, 826600.867300000041723 ], [ 2806113.226300001144409, 826592.021699998527765 ], [ 2806109.985299997031689, 826586.706700000911951 ], [ 2806107.814900003373623, 826582.932599999010563 ], [ 2806105.413000002503395, 826578.755699999630451 ], [ 2806099.231600001454353, 826568.006700001657009 ], [ 2806088.281099997460842, 826549.192099999636412 ], [ 2806076.941200003027916, 826532.975999999791384 ], [ 2806068.655900001525879, 826521.127999998629093 ], [ 2806068.251299999654293, 826520.549499999731779 ], [ 2806088.059299997985363, 826510.219700001180172 ], [ 2806091.618500001728535, 826508.334499999880791 ], [ 2806045.11370000243187, 826426.031100001186132 ], [ 2806001.633699998259544, 826365.462699998170137 ], [ 2805989.845200002193451, 826360.567200001329184 ], [ 2805986.752499997615814, 826359.283100001513958 ], [ 2805974.431500002741814, 826354.166499998420477 ], [ 2805945.135200001299381, 826347.152100000530481 ], [ 2805897.196800000965595, 826351.356699999421835 ], [ 2805887.313699997961521, 826346.976700000464916 ], [ 2805847.156999997794628, 826335.105399999767542 ], [ 2805819.2787000015378, 826330.914500001817942 ], [ 2805812.57490000128746, 826330.956700000911951 ], [ 2805800.139600001275539, 826330.815099999308586 ], [ 2805766.796899996697903, 826331.690499998629093 ], [ 2805703.35700000077486, 826338.500100001692772 ], [ 2805698.431999996304512, 826339.095899999141693 ], [ 2805679.062799997627735, 826341.438999999314547 ], [ 2805655.737899996340275, 826344.26069999858737 ], [ 2805642.468900002539158, 826345.842199999839067 ], [ 2805625.765500001609325, 826347.833000000566244 ], [ 2805587.418600000441074, 826352.403499998152256 ], [ 2805527.898199997842312, 826359.497699998319149 ], [ 2805469.73929999768734, 826367.050500001758337 ], [ 2805410.943400003015995, 826374.684500001370907 ], [ 2805408.958700001239777, 826374.942299999296665 ], [ 2805400.157300002872944, 826376.085400000214577 ], [ 2805357.9037000015378, 826381.573499999940395 ], [ 2805296.118000000715256, 826389.315900001674891 ], [ 2805237.559600003063679, 826396.655099999159575 ], [ 2805188.337700001895428, 826402.983399998396635 ], [ 2805187.277400001883507, 826403.119699999690056 ], [ 2805178.471100002527237, 826404.251899998635054 ], [ 2805175.647200003266335, 826404.614999998360872 ], [ 2805120.419299997389317, 826411.715500000864267 ], [ 2805068.651299998164177, 826418.372000001370907 ], [ 2805007.267399996519089, 826426.263900000602007 ], [ 2804923.537299998104572, 826437.230900000780821 ], [ 2804856.151699997484684, 826446.276700001209974 ], [ 2804789.951300002634525, 826455.162500001490116 ], [ 2804717.06700000166893, 826464.944299999624491 ], [ 2804713.015100002288818, 826465.488099999725819 ], [ 2804708.177400000393391, 826466.137499999254942 ], [ 2804701.507500000298023, 826467.032900001853704 ], [ 2804690.787799999117851, 826468.471999999135733 ], [ 2804629.94820000231266, 826476.638900000602007 ], [ 2804572.885899998247623, 826484.298099998384714 ], [ 2804567.811700001358986, 826484.977899998426437 ], [ 2804526.765000000596046, 826490.488499999046326 ], [ 2804495.027999997138977, 826494.749299999326468 ], [ 2804468.623400002717972, 826498.293400000780821 ], [ 2804461.547799997031689, 826499.243099998682737 ], [ 2804423.727300003170967, 826504.319499999284744 ], [ 2804422.573700003325939, 826504.474800001829863 ], [ 2804419.600500002503395, 826504.875100001692772 ], [ 2804412.736900001764297, 826505.712900001555681 ], [ 2804372.723899997770786, 826510.597300000488758 ], [ 2804330.057300001382828, 826515.810100000351667 ], [ 2804286.050899997353554, 826521.183499999344349 ], [ 2804240.765500001609325, 826526.713300000876188 ], [ 2804197.374300003051758, 826532.0135000012815 ], [ 2804153.000299997627735, 826537.434900000691414 ], [ 2804141.069200001657009, 826538.89130000025034 ], [ 2804097.328100003302097, 826544.101700000464916 ], [ 2804065.366099998354912, 826546.827300000935793 ], [ 2804007.588200002908707, 826547.498599998652935 ], [ 2804002.692100003361702, 826547.555500000715256 ], [ 2803999.776299998164177, 826547.570199999958277 ], [ 2803993.913500003516674, 826547.599700000137091 ], [ 2803985.552500002086163, 826547.641600001603365 ], [ 2803982.3800999969244, 826547.657699998468161 ], [ 2803949.18129999935627, 826546.280099999159575 ], [ 2803922.769400000572205, 826544.443900000303984 ], [ 2803910.909000001847744, 826543.619300000369549 ], [ 2803904.247400000691414, 826543.156100001186132 ], [ 2803903.153200000524521, 826543.057399999350309 ], [ 2803896.229800000786781, 826542.43189999833703 ], [ 2803892.70610000193119, 826518.823499999940395 ], [ 2803888.939000003039837, 826518.392599999904633 ], [ 2803806.230899997055531, 826508.932900000363588 ], [ 2803780.690399996936321, 826503.538199998438358 ], [ 2803725.787100002169609, 826491.941300000995398 ], [ 2803579.345499999821186, 826457.846500001847744 ], [ 2803493.728299997746944, 826437.872499998658895 ], [ 2803398.025499999523163, 826414.898699998855591 ], [ 2803324.35809999704361, 826397.339499998837709 ], [ 2803192.83669999986887, 826365.106499999761581 ], [ 2803107.919699996709824, 826344.179499998688698 ], [ 2803059.030900001525879, 826332.480700001120567 ], [ 2802921.947899997234344, 826299.686099998652935 ], [ 2802634.020700000226498, 826230.4983000010252 ], [ 2802421.679200001060963, 826181.589299999177456 ], [ 2802354.036200001835823, 826166.015500001609325 ], [ 2802316.78830000013113, 826157.437300000339746 ], [ 2802286.975500002503395, 826148.712900001555681 ], [ 2802286.659500002861023, 826148.598499998450279 ], [ 2802278.492600001394749, 826145.645100001245737 ], [ 2802271.138300001621246, 826142.240299999713898 ], [ 2802248.435500003397465, 826138.335700001567602 ], [ 2802189.5591000020504, 826122.997499998658895 ], [ 2802187.418700002133846, 826122.440099999308586 ], [ 2802173.449000000953674, 826118.801699999719858 ], [ 2802172.676399998366833, 826118.692600000649691 ], [ 2802121.670400001108646, 826111.489100001752377 ], [ 2802071.026500001549721, 826109.323100000619888 ], [ 2801984.238899998366833, 826107.002999998629093 ], [ 2801984.186300002038479, 826107.0016999989748 ], [ 2801947.026900000870228, 826106.009399998933077 ], [ 2801946.974299997091293, 826106.008200000971556 ], [ 2801896.365500003099442, 826104.656500000506639 ], [ 2801896.312899999320507, 826104.655099999159575 ], [ 2801806.102300003170967, 826101.590999998152256 ], [ 2801729.879900000989437, 826099.001899998635054 ], [ 2801640.591499999165535, 826081.417700000107288 ], [ 2801590.446400001645088, 826071.354499999433756 ], [ 2801560.63849999755621, 826065.753699999302626 ], [ 2801499.293300002813339, 826054.226100001484156 ], [ 2801489.095600001513958, 826052.667899999767542 ], [ 2801438.296899996697903, 826041.614100001752377 ], [ 2801438.258400000631809, 826041.605700001120567 ], [ 2801438.206900000572205, 826041.594500001519918 ], [ 2801437.137900002300739, 826041.399599999189377 ], [ 2801426.204300001263618, 826039.406100001186132 ], [ 2801367.625500001013279, 826029.079500000923872 ], [ 2801264.000100001692772, 826006.886500000953674 ], [ 2801215.814400002360344, 825995.980000000447035 ], [ 2801195.04730000346899, 825991.279500000178814 ], [ 2801024.806800000369549, 825956.359000001102686 ], [ 2801020.593699999153614, 825955.494800001382828 ], [ 2801014.022600002586842, 825954.146899998188019 ], [ 2801011.274300001561642, 825953.635200001299381 ], [ 2801011.185900002717972, 825953.618700001388788 ], [ 2800991.602200001478195, 826048.486699998378754 ], [ 2800958.731899999082088, 826211.729200001806021 ], [ 2800954.450800001621246, 826228.030000001192093 ], [ 2800944.869400002062321, 826265.862799998372793 ], [ 2800930.921300001442432, 826328.624600000679493 ], [ 2800914.040500000119209, 826385.615600001066923 ], [ 2800892.1426, 826447.147100001573563 ], [ 2800846.964500002563, 826467.042300000786781 ], [ 2800846.681000001728535, 826479.209499999880791 ], [ 2800846.680600002408028, 826479.225400000810623 ], [ 2800846.300200000405312, 826495.549499999731779 ], [ 2800845.32490000128746, 826507.059900000691414 ], [ 2800845.318899996578693, 826507.131099998950958 ], [ 2800844.466899998486042, 826517.185899998992682 ], [ 2800844.466399997472763, 826517.191599998623133 ], [ 2800843.258900001645088, 826531.443300001323223 ], [ 2800833.4463, 826571.485100001096725 ], [ 2800831.138599999248981, 826580.902100000530481 ], [ 2800817.573600001633167, 826629.004999998956919 ], [ 2800798.914499998092651, 826688.765700001269579 ], [ 2800798.905599996447563, 826688.794100001454353 ], [ 2800798.213299997150898, 826691.011300001293421 ], [ 2800796.949000000953674, 826695.872000001370907 ], [ 2800786.755699999630451, 826735.060499999672174 ], [ 2800779.078900001943111, 826775.111800000071526 ], [ 2800768.609700001776218, 826826.346799999475479 ], [ 2800767.570500001311302, 826831.06980000063777 ], [ 2800750.646799996495247, 826907.981199998408556 ], [ 2800748.467000000178814, 826913.896499998867512 ], [ 2800736.362300001084805, 826946.742300000041723 ], [ 2800733.875900000333786, 826953.489399999380112 ], [ 2800728.442299999296665, 826988.9391999989748 ], [ 2800739.295500002801418, 827076.967099998146296 ], [ 2800755.8175999969244, 827186.077899999916553 ], [ 2800762.377599999308586, 827232.268500000238419 ], [ 2800767.477099999785423, 827275.250700000673532 ], [ 2800781.321099996566772, 827391.9391999989748 ], [ 2800800.327200002968311, 827533.352200001478195 ], [ 2800803.480200000107288, 827567.590199999511242 ], [ 2800824.837300002574921, 827721.494100000709295 ], [ 2800837.792300000786781, 827762.865699999034405 ], [ 2800880.184399999678135, 827868.482400000095367 ], [ 2800916.330600000917912, 827956.050900001078844 ], [ 2800930.538800001144409, 827986.710400000214577 ], [ 2800937.95830000191927, 827999.158399999141693 ], [ 2800948.279200002551079, 828068.764400001615286 ], [ 2800959.752700001001358, 828164.058499999344349 ], [ 2800972.041599996387959, 828272.791000001132488 ], [ 2800972.878499999642372, 828278.701900001615286 ], [ 2800975.512900002300739, 828295.7668999992311 ], [ 2800980.297499999403954, 828328.625300001353025 ], [ 2800984.210400000214577, 828393.628199998289347 ], [ 2800985.593900002539158, 828404.809399999678135 ], [ 2800989.64580000191927, 828431.158399999141693 ], [ 2801004.397699996829033, 828525.992499999701977 ], [ 2801012.132299996912479, 828601.901799999177456 ], [ 2801018.040200002491474, 828643.965500000864267 ], [ 2801025.54450000077486, 828695.523200001567602 ], [ 2801033.875, 828764.01799999922514 ], [ 2801036.639600001275539, 828786.390099998563528 ], [ 2801048.538900002837181, 828879.598000001162291 ], [ 2801052.710699997842312, 828927.330899998545647 ], [ 2801061.878499999642372, 829007.687800001353025 ], [ 2801071.670100003480911, 829098.498500000685453 ], [ 2801088.5022, 829222.243400000035763 ], [ 2801102.600400000810623, 829309.530299998819828 ], [ 2801112.516099996864796, 829405.038899999111891 ], [ 2801112.569799996912479, 829405.555599998682737 ], [ 2801112.570299997925758, 829405.559999998658895 ], [ 2801112.645300000905991, 829406.282900001853704 ], [ 2801124.3445999994874, 829498.340399999171495 ], [ 2801140.242600001394749, 829617.485800001770258 ], [ 2801154.838500000536442, 829744.041299998760223 ], [ 2801169.184199996292591, 829845.5185999982059 ], [ 2801176.244499996304512, 829908.684799998998642 ], [ 2801177.041400000452995, 829915.813700001686811 ], [ 2801184.844700001180172, 829989.097100000828505 ], [ 2801194.293600000441074, 830069.606899999082088 ], [ 2801200.993900001049042, 830170.691799998283386 ], [ 2801200.993199996650219, 830170.694899998605251 ], [ 2801196.879799999296665, 830188.762899998575449 ], [ 2801124.701200000941753, 830288.278900001198053 ], [ 2801117.129199996590614, 830303.859400000423193 ], [ 2801104.410400003194809, 830329.842099998146296 ], [ 2801095.029100000858307, 830349.006799999624491 ], [ 2801079.960900001227856, 830379.788699999451637 ], [ 2801048.590800002217293, 830441.651799999177456 ], [ 2800950.719700001180172, 830624.089400000870228 ], [ 2800928.416799999773502, 830656.981300000101328 ], [ 2800915.565700002014637, 830675.933600001037121 ], [ 2800902.302699998021126, 830699.524900000542402 ], [ 2800898.311599999666214, 830706.624000001698732 ], [ 2800891.1941, 830730.070999998599291 ], [ 2800890.895499996840954, 830749.480399999767542 ], [ 2800894.23200000077486, 830792.8739 ], [ 2800913.225000001490116, 830906.817099999636412 ], [ 2800925.80460000038147, 830975.473799999803305 ], [ 2800932.4507, 831016.344700001180172 ], [ 2800958.618600003421307, 831114.231199998408556 ], [ 2800973.072800002992153, 831148.598499998450279 ], [ 2800977.434900000691414, 831158.438099998980761 ], [ 2800978.272399999201298, 831160.327199999243021 ], [ 2801001.617499999701977, 831216.963599998503923 ], [ 2801036.325900003314018, 831364.112300001084805 ], [ 2801049.781499996781349, 831448.514199998229742 ], [ 2801060.552100002765656, 831498.133499998599291 ], [ 2801066.226300001144409, 831525.820300001651049 ], [ 2801097.532999999821186, 831662.748700000345707 ], [ 2801106.170299999415874, 831707.039900001138449 ], [ 2801106.173299998044968, 831707.055100001394749 ], [ 2801115.969400003552437, 831773.391499999910593 ], [ 2801137.228100001811981, 831884.212200000882149 ], [ 2801139.874399997293949, 831898.136100001633167 ], [ 2801154.95719999819994, 831937.903099998831749 ], [ 2801189.456500001251698, 831992.748599998652935 ], [ 2801250.352399997413158, 832080.025299999862909 ], [ 2801250.362199999392033, 832080.039299998432398 ], [ 2801257.170100003480911, 832076.851199999451637 ], [ 2801265.22410000115633, 832073.010000001639128 ], [ 2801276.485299997031689, 832068.384300000965595 ], [ 2801294.619000002741814, 832062.515299998223782 ], [ 2801319.293700002133846, 832054.529199998825788 ], [ 2801369.072999998927116, 832038.417599998414516 ], [ 2801452.574000000953674, 832011.392400000244379 ], [ 2801459.165299996733665, 832009.260200001299381 ], [ 2801506.337399996817112, 831993.991900000721216 ], [ 2801551.281599998474121, 831979.446299999952316 ], [ 2801594.32769999653101, 831965.51410000026226 ], [ 2801595.268799997866154, 831965.209399998188019 ], [ 2801645.188500002026558, 831948.707499999552965 ], [ 2801649.904899999499321, 831947.084499999880791 ], [ 2801696.925800003111362, 831930.922899998724461 ], [ 2801730.410400003194809, 831919.412900000810623 ], [ 2801749.07880000025034, 831912.729600001126528 ], [ 2801753.995899997651577, 831910.855700001120567 ], [ 2801766.171899996697903, 831905.537799999117851 ], [ 2801774.633000001311302, 831901.244699999690056 ], [ 2801787.360299997031689, 831894.081000000238419 ], [ 2801797.475100003182888, 831887.532699998468161 ], [ 2801807.223399996757507, 831880.467000000178814 ], [ 2801813.293700002133846, 831875.672100000083447 ], [ 2801831.333099998533726, 831861.422100000083447 ], [ 2801879.929200001060963, 831823.029699999839067 ], [ 2801891.561200000345707, 831813.840500000864267 ], [ 2801907.340599998831749, 831801.375599998980761 ], [ 2801927.201899997889996, 831785.686099998652935 ], [ 2801966.705300003290176, 831754.476500000804663 ], [ 2802019.068899996578693, 831713.107900001108646 ], [ 2802046.292499996721745, 831691.601300001144409 ], [ 2802080.878899998962879, 831662.743900001049042 ], [ 2802123.427000001072884, 831623.420099999755621 ], [ 2802135.279899999499321, 831613.770700000226498 ], [ 2802175.992399998009205, 831582.467799998819828 ], [ 2802183.608000002801418, 831576.236999999731779 ], [ 2802225.585199996829033, 831541.889699999243021 ], [ 2802261.476800002157688, 831512.522300001233816 ], [ 2802268.208800002932549, 831507.014499999582767 ], [ 2802303.602799996733665, 831478.337099999189377 ], [ 2802316.529899999499321, 831468.663100000470877 ], [ 2802332.742200002074242, 831456.532800000160933 ], [ 2802350.117200002074242, 831445.059500001370907 ], [ 2802359.199699997901917, 831439.888300001621246 ], [ 2802376.104800000786781, 831431.937199998646975 ], [ 2802395.751999996602535, 831422.866599999368191 ], [ 2802402.88740000128746, 831420.212999999523163 ], [ 2802418.478200003504753, 831414.713700000196695 ], [ 2802456.0154, 831401.471599999815226 ], [ 2802469.704700000584126, 831396.642099998891354 ], [ 2802494.924900002777576, 831387.745299998670816 ], [ 2802501.681699998676777, 831385.361699998378754 ], [ 2802517.784100003540516, 831379.682900000363588 ], [ 2802531.925999999046326, 831374.692200001329184 ], [ 2802560.377400003373623, 831364.656700000166893 ], [ 2802568.831900000572205, 831361.674400001764297 ], [ 2802581.611900001764297, 831357.166200000792742 ], [ 2802603.340999998152256, 831349.500100001692772 ] ] ] ] } }
]
}
