{
"type": "FeatureCollection",
"name": "guerrero_loc_monto",
"crs": { "type": "name", "properties": { "name": "urn:ogc:def:crs:OGC:1.3:CRS84" } },
"features": [
{ "type": "Feature", "properties": { "NO": 1, "ENTIDAD": "GUERRERO", "MUNICIPIO": "Acapulco de Juárez", "PUEBLO INDIGENA O AFROMEXICANO": "AFROMEXICANO", "LOCALIDAD": "KILOMETRO 22", "CLAVE LOC": 120010197, "TIPO DE ASENTAMIENTO": "COMUNIDAD AFROMEXICANA", "NOMBRE": "KILÓMETRO 22", "MONTO ASIGNADO (PESOS)": 420921, "LATITUD": 16.96342, "LONGITUD": -99.807531 }, "geometry": { "type": "Point", "coordinates": [ -99.807531, 16.96342 ] } },
{ "type": "Feature", "properties": { "NO": 2, "ENTIDAD": "GUERRERO", "MUNICIPIO": "Acapulco de Juárez", "PUEBLO INDIGENA O AFROMEXICANO": "AFROMEXICANO", "LOCALIDAD": "LA PROVIDENCIA", "CLAVE LOC": 120010143, "TIPO DE ASENTAMIENTO": "COMUNIDAD AFROMEXICANA", "NOMBRE": "LA PROVIDENCIA", "MONTO ASIGNADO (PESOS)": 884116, "LATITUD": 17.094628, "LONGITUD": -99.815648 }, "geometry": { "type": "Point", "coordinates": [ -99.815648, 17.094628 ] } },
{ "type": "Feature", "properties": { "NO": 3, "ENTIDAD": "GUERRERO", "MUNICIPIO": "Acapulco de Juárez", "PUEBLO INDIGENA O AFROMEXICANO": "AFROMEXICANO", "LOCALIDAD": "LOMAS DE SAN JUAN", "CLAVE LOC": 120010155, "TIPO DE ASENTAMIENTO": "COMUNIDAD AFROMEXICANA", "NOMBRE": "LOMAS DE SAN JUAN", "MONTO ASIGNADO (PESOS)": 1831524, "LATITUD": 16.984746, "LONGITUD": -99.803879 }, "geometry": { "type": "Point", "coordinates": [ -99.803879, 16.984746 ] } },
{ "type": "Feature", "properties": { "NO": 4, "ENTIDAD": "GUERRERO", "MUNICIPIO": "Acapulco de Juárez", "PUEBLO INDIGENA O AFROMEXICANO": "AFROMEXICANO", "LOCALIDAD": "LOMAS DEL AIRE", "CLAVE LOC": 120010119, "TIPO DE ASENTAMIENTO": "COMUNIDAD AFROMEXICANA", "NOMBRE": "LOMAS DEL AIRE", "MONTO ASIGNADO (PESOS)": 484782, "LATITUD": 16.956581, "LONGITUD": -99.866179 }, "geometry": { "type": "Point", "coordinates": [ -99.866179, 16.956581 ] } },
{ "type": "Feature", "properties": { "NO": 5, "ENTIDAD": "GUERRERO", "MUNICIPIO": "Acapulco de Juárez", "PUEBLO INDIGENA O AFROMEXICANO": "AFROMEXICANO", "LOCALIDAD": "PABLO GALEANA (COACOYULAR)", "CLAVE LOC": 120010130, "TIPO DE ASENTAMIENTO": "COMUNIDAD AFROMEXICANA", "NOMBRE": "PABLO GALEANA (COACOYULAR)", "MONTO ASIGNADO (PESOS)": 562385, "LATITUD": 17.142828, "LONGITUD": -99.697498 }, "geometry": { "type": "Point", "coordinates": [ -99.697498, 17.142828 ] } },
{ "type": "Feature", "properties": { "NO": 6, "ENTIDAD": "GUERRERO", "MUNICIPIO": "Acapulco de Juárez", "PUEBLO INDIGENA O AFROMEXICANO": "AFROMEXICANO", "LOCALIDAD": "PUENTE DE FIERRO", "CLAVE LOC": 120010214, "TIPO DE ASENTAMIENTO": "COMUNIDAD AFROMEXICANA", "NOMBRE": "PUENTE DE FIERRO", "MONTO ASIGNADO (PESOS)": 160626, "LATITUD": 17.121015, "LONGITUD": -99.694154 }, "geometry": { "type": "Point", "coordinates": [ -99.694154, 17.121015 ] } },
{ "type": "Feature", "properties": { "NO": 7, "ENTIDAD": "GUERRERO", "MUNICIPIO": "Acapulco de Juárez", "PUEBLO INDIGENA O AFROMEXICANO": "AFROMEXICANO", "LOCALIDAD": "SAN JOSE", "CLAVE LOC": 120010710, "TIPO DE ASENTAMIENTO": "COMUNIDAD AFROMEXICANA", "NOMBRE": "SAN JOSÉ", "MONTO ASIGNADO (PESOS)": 422571, "LATITUD": 17.083909, "LONGITUD": -99.711103 }, "geometry": { "type": "Point", "coordinates": [ -99.711103, 17.083909 ] } },
{ "type": "Feature", "properties": { "NO": 8, "ENTIDAD": "GUERRERO", "MUNICIPIO": "Acapulco de Juárez", "PUEBLO INDIGENA O AFROMEXICANO": "ME’PHAA\n(TLAPANECO)", "LOCALIDAD": "SAN MARTIN EL JOVERO", "CLAVE LOC": 120010156, "TIPO DE ASENTAMIENTO": "LOCALIDAD CON POBLACION\nINDIGENA", "NOMBRE": "SAN MARTÍN EL JOVERO", "MONTO ASIGNADO (PESOS)": 259247, "LATITUD": 17.104138, "LONGITUD": -99.593362 }, "geometry": { "type": "Point", "coordinates": [ -99.593362, 17.104138 ] } },
{ "type": "Feature", "properties": { "NO": 9, "ENTIDAD": "GUERRERO", "MUNICIPIO": "Acatepec", "PUEBLO INDIGENA O AFROMEXICANO": "ME’PHAA\n(TLAPANECO)", "LOCALIDAD": "ACALMANI DE LAS TABLAS", "CLAVE LOC": 120760058, "TIPO DE ASENTAMIENTO": "COMUNIDAD INDIGENA", "NOMBRE": "SAN MARTÍN EL JOVERO", "MONTO ASIGNADO (PESOS)": 2372891, "LATITUD": 17.104138, "LONGITUD": -99.593362 }, "geometry": { "type": "Point", "coordinates": [ -99.593362, 17.104138 ] } },
{ "type": "Feature", "properties": { "NO": 10, "ENTIDAD": "GUERRERO", "MUNICIPIO": "Acatepec", "PUEBLO INDIGENA O AFROMEXICANO": "ME’PHAA\n(TLAPANECO)", "LOCALIDAD": "AGUA FRIA", "CLAVE LOC": 120760046, "TIPO DE ASENTAMIENTO": "COMUNIDAD INDIGENA", "NOMBRE": "AGUA FRÍA", "MONTO ASIGNADO (PESOS)": 280614, "LATITUD": 17.281637, "LONGITUD": -98.854253 }, "geometry": { "type": "Point", "coordinates": [ -98.854253, 17.281637 ] } },
{ "type": "Feature", "properties": { "NO": 11, "ENTIDAD": "GUERRERO", "MUNICIPIO": "Acatepec", "PUEBLO INDIGENA O AFROMEXICANO": "ME’PHAA\n(TLAPANECO)", "LOCALIDAD": "AGUA TOMAGUA", "CLAVE LOC": 120760047, "TIPO DE ASENTAMIENTO": "COMUNIDAD INDIGENA", "NOMBRE": "AGUA TOMAGUA", "MONTO ASIGNADO (PESOS)": 509252, "LATITUD": 17.264724, "LONGITUD": -98.958418 }, "geometry": { "type": "Point", "coordinates": [ -98.958418, 17.264724 ] } },
{ "type": "Feature", "properties": { "NO": 12, "ENTIDAD": "GUERRERO", "MUNICIPIO": "Acatepec", "PUEBLO INDIGENA O AFROMEXICANO": "ME’PHAA\n(TLAPANECO)", "LOCALIDAD": "AGUA TORDILLO", "CLAVE LOC": 120760002, "TIPO DE ASENTAMIENTO": "COMUNIDAD INDIGENA", "NOMBRE": "AGUA TORDILLO", "MONTO ASIGNADO (PESOS)": 594677, "LATITUD": 17.227274, "LONGITUD": -98.987455 }, "geometry": { "type": "Point", "coordinates": [ -98.987455, 17.227274 ] } },
{ "type": "Feature", "properties": { "NO": 13, "ENTIDAD": "GUERRERO", "MUNICIPIO": "Acatepec", "PUEBLO INDIGENA O AFROMEXICANO": "ME’PHAA\n(TLAPANECO)", "LOCALIDAD": "AGUA XOCO", "CLAVE LOC": 120760003, "TIPO DE ASENTAMIENTO": "COMUNIDAD INDIGENA", "NOMBRE": "AGUA XOCO", "MONTO ASIGNADO (PESOS)": 671308, "LATITUD": 17.116945, "LONGITUD": -98.988172 }, "geometry": { "type": "Point", "coordinates": [ -98.988172, 17.116945 ] } },
{ "type": "Feature", "properties": { "NO": 14, "ENTIDAD": "GUERRERO", "MUNICIPIO": "Acatepec", "PUEBLO INDIGENA O AFROMEXICANO": "ME’PHAA\n(TLAPANECO)", "LOCALIDAD": "ALCAMANI", "CLAVE LOC": 120760005, "TIPO DE ASENTAMIENTO": "COMUNIDAD INDIGENA", "NOMBRE": "ALCAMANI", "MONTO ASIGNADO (PESOS)": 594677, "LATITUD": 17.141586, "LONGITUD": -98.95009 }, "geometry": { "type": "Point", "coordinates": [ -98.95009, 17.141586 ] } },
{ "type": "Feature", "properties": { "NO": 15, "ENTIDAD": "GUERRERO", "MUNICIPIO": "Acatepec", "PUEBLO INDIGENA O AFROMEXICANO": "ME’PHAA\n(TLAPANECO)", "LOCALIDAD": "AMATE DE GAVILAN", "CLAVE LOC": 120760144, "TIPO DE ASENTAMIENTO": "LOCALIDAD CON POBLACION\nINDIGENA", "NOMBRE": "AMATE DE GAVILÁN", "MONTO ASIGNADO (PESOS)": 191421, "LATITUD": 17.056735, "LONGITUD": -98.925761 }, "geometry": { "type": "Point", "coordinates": [ -98.925761, 17.056735 ] } },
{ "type": "Feature", "properties": { "NO": 16, "ENTIDAD": "GUERRERO", "MUNICIPIO": "Acatepec", "PUEBLO INDIGENA O AFROMEXICANO": "ME’PHAA\n(TLAPANECO)", "LOCALIDAD": "APETZUCA", "CLAVE LOC": 120760006, "TIPO DE ASENTAMIENTO": "COMUNIDAD INDIGENA", "NOMBRE": "APETZUCA", "MONTO ASIGNADO (PESOS)": 848910, "LATITUD": 17.29427, "LONGITUD": -98.832752 }, "geometry": { "type": "Point", "coordinates": [ -98.832752, 17.29427 ] } },
{ "type": "Feature", "properties": { "NO": 17, "ENTIDAD": "GUERRERO", "MUNICIPIO": "Acatepec", "PUEBLO INDIGENA O AFROMEXICANO": "ME’PHAA\n(TLAPANECO)", "LOCALIDAD": "BARRANCA BEJUCO", "CLAVE LOC": 120760075, "TIPO DE ASENTAMIENTO": "COMUNIDAD INDIGENA", "NOMBRE": "BARRANCA BEJUCO", "MONTO ASIGNADO (PESOS)": 227852, "LATITUD": 17.0506, "LONGITUD": -98.953137 }, "geometry": { "type": "Point", "coordinates": [ -98.953137, 17.0506 ] } },
{ "type": "Feature", "properties": { "NO": 18, "ENTIDAD": "GUERRERO", "MUNICIPIO": "Acatepec", "PUEBLO INDIGENA O AFROMEXICANO": "ME’PHAA\n(TLAPANECO)", "LOCALIDAD": "BARRANCA BEJUCO (CAXITEPEC VIEJO)", "CLAVE LOC": 120760088, "TIPO DE ASENTAMIENTO": "LOCALIDAD CON POBLACION\nINDIGENA", "NOMBRE": "BARRANCA BEJUCO (CAXITEPEC VIEJO)", "MONTO ASIGNADO (PESOS)": 422571, "LATITUD": 17.088016, "LONGITUD": -98.933256 }, "geometry": { "type": "Point", "coordinates": [ -98.933256, 17.088016 ] } },
{ "type": "Feature", "properties": { "NO": 19, "ENTIDAD": "GUERRERO", "MUNICIPIO": "Acatepec", "PUEBLO INDIGENA O AFROMEXICANO": "ME’PHAA\n(TLAPANECO)", "LOCALIDAD": "BARRANCA DULCE", "CLAVE LOC": 120760007, "TIPO DE ASENTAMIENTO": "COMUNIDAD INDIGENA", "NOMBRE": "BARRANCA DULCE", "MONTO ASIGNADO (PESOS)": 511764, "LATITUD": 17.292111, "LONGITUD": -98.857286 }, "geometry": { "type": "Point", "coordinates": [ -98.857286, 17.292111 ] } },
{ "type": "Feature", "properties": { "NO": 20, "ENTIDAD": "GUERRERO", "MUNICIPIO": "Acatepec", "PUEBLO INDIGENA O AFROMEXICANO": "ME’PHAA\n(TLAPANECO)", "LOCALIDAD": "BARRANCA LIMA", "CLAVE LOC": 120760059, "TIPO DE ASENTAMIENTO": "COMUNIDAD INDIGENA", "NOMBRE": "BARRANCA LIMA", "MONTO ASIGNADO (PESOS)": 127352, "LATITUD": 17.187007, "LONGITUD": -98.90268 }, "geometry": { "type": "Point", "coordinates": [ -98.90268, 17.187007 ] } },
{ "type": "Feature", "properties": { "NO": 21, "ENTIDAD": "GUERRERO", "MUNICIPIO": "Acatepec", "PUEBLO INDIGENA O AFROMEXICANO": "ME’PHAA\n(TLAPANECO)", "LOCALIDAD": "BARRANCA MINA", "CLAVE LOC": 120760060, "TIPO DE ASENTAMIENTO": "COMUNIDAD INDIGENA", "NOMBRE": "BARRANCA MINA", "MONTO ASIGNADO (PESOS)": 658746, "LATITUD": 17.286686, "LONGITUD": -98.841659 }, "geometry": { "type": "Point", "coordinates": [ -98.841659, 17.286686 ] } },
{ "type": "Feature", "properties": { "NO": 22, "ENTIDAD": "GUERRERO", "MUNICIPIO": "Acatepec", "PUEBLO INDIGENA O AFROMEXICANO": "ME’PHAA\n(TLAPANECO)", "LOCALIDAD": "BARRANCA PIÑA", "CLAVE LOC": 120760009, "TIPO DE ASENTAMIENTO": "COMUNIDAD INDIGENA", "NOMBRE": "BARRANCA PIÑA", "MONTO ASIGNADO (PESOS)": 609752, "LATITUD": 17.297315, "LONGITUD": -98.91864 }, "geometry": { "type": "Point", "coordinates": [ -98.91864, 17.297315 ] } },
{ "type": "Feature", "properties": { "NO": 23, "ENTIDAD": "GUERRERO", "MUNICIPIO": "Acatepec", "PUEBLO INDIGENA O AFROMEXICANO": "ME’PHAA\n(TLAPANECO)", "LOCALIDAD": "BARRANCA POBRE", "CLAVE LOC": 120760010, "TIPO DE ASENTAMIENTO": "COMUNIDAD INDIGENA", "NOMBRE": "BARRANCA POBRE", "MONTO ASIGNADO (PESOS)": 859056, "LATITUD": 17.249526, "LONGITUD": -98.881667 }, "geometry": { "type": "Point", "coordinates": [ -98.881667, 17.249526 ] } },
{ "type": "Feature", "properties": { "NO": 24, "ENTIDAD": "GUERRERO", "MUNICIPIO": "Acatepec", "PUEBLO INDIGENA O AFROMEXICANO": "ME’PHAA\n(TLAPANECO)", "LOCALIDAD": "BARRIO NUEVO-LOMA MACHO", "CLAVE LOC": 120760029, "TIPO DE ASENTAMIENTO": "COMUNIDAD INDIGENA", "NOMBRE": "BARRIO NUEVO-LOMA MACHO", "MONTO ASIGNADO (PESOS)": 188908, "LATITUD": 17.169185, "LONGITUD": -98.933912 }, "geometry": { "type": "Point", "coordinates": [ -98.933912, 17.169185 ] } },
{ "type": "Feature", "properties": { "NO": 25, "ENTIDAD": "GUERRERO", "MUNICIPIO": "Acatepec", "PUEBLO INDIGENA O AFROMEXICANO": "ME’PHAA\n(TLAPANECO)", "LOCALIDAD": "BUENAVISTA", "CLAVE LOC": 120760011, "TIPO DE ASENTAMIENTO": "COMUNIDAD INDIGENA", "NOMBRE": "BUENAVISTA", "MONTO ASIGNADO (PESOS)": 497946, "LATITUD": 17.238689, "LONGITUD": -98.947767 }, "geometry": { "type": "Point", "coordinates": [ -98.947767, 17.238689 ] } },
{ "type": "Feature", "properties": { "NO": 26, "ENTIDAD": "GUERRERO", "MUNICIPIO": "Acatepec", "PUEBLO INDIGENA O AFROMEXICANO": "ME’PHAA\n(TLAPANECO)", "LOCALIDAD": "CAJELES", "CLAVE LOC": 120760148, "TIPO DE ASENTAMIENTO": "LOCALIDAD CON POBLACION\nINDIGENA", "NOMBRE": "CAJELES", "MONTO ASIGNADO (PESOS)": 152477, "LATITUD": 17.238672, "LONGITUD": -98.982968 }, "geometry": { "type": "Point", "coordinates": [ -98.982968, 17.238672 ] } },
{ "type": "Feature", "properties": { "NO": 27, "ENTIDAD": "GUERRERO", "MUNICIPIO": "Acatepec", "PUEBLO INDIGENA O AFROMEXICANO": "ME’PHAA\n(TLAPANECO)", "LOCALIDAD": "CAXITEPEC", "CLAVE LOC": 120760013, "TIPO DE ASENTAMIENTO": "COMUNIDAD INDIGENA", "NOMBRE": "CAXITEPEC", "MONTO ASIGNADO (PESOS)": 1687614, "LATITUD": 17.107315, "LONGITUD": -98.94471 }, "geometry": { "type": "Point", "coordinates": [ -98.94471, 17.107315 ] } },
{ "type": "Feature", "properties": { "NO": 28, "ENTIDAD": "GUERRERO", "MUNICIPIO": "Acatepec", "PUEBLO INDIGENA O AFROMEXICANO": "ME’PHAA\n(TLAPANECO)", "LOCALIDAD": "CERRO EL MAGUEY", "CLAVE LOC": 120760091, "TIPO DE ASENTAMIENTO": "COMUNIDAD INDIGENA", "NOMBRE": "CERRO EL MAGUEY", "MONTO ASIGNADO (PESOS)": 407496, "LATITUD": 17.208279, "LONGITUD": -98.863491 }, "geometry": { "type": "Point", "coordinates": [ -98.863491, 17.208279 ] } },
{ "type": "Feature", "properties": { "NO": 29, "ENTIDAD": "GUERRERO", "MUNICIPIO": "Acatepec", "PUEBLO INDIGENA O AFROMEXICANO": "ME’PHAA\n(TLAPANECO)", "LOCALIDAD": "CERRO GAVILUCHO", "CLAVE LOC": 120760163, "TIPO DE ASENTAMIENTO": "COMUNIDAD INDIGENA", "NOMBRE": "CERRO GAVILUCHO", "MONTO ASIGNADO (PESOS)": 178858, "LATITUD": 17.127701, "LONGITUD": -98.952011 }, "geometry": { "type": "Point", "coordinates": [ -98.952011, 17.127701 ] } },
{ "type": "Feature", "properties": { "NO": 30, "ENTIDAD": "GUERRERO", "MUNICIPIO": "Acatepec", "PUEBLO INDIGENA O AFROMEXICANO": "ME’PHAA\n(TLAPANECO)", "LOCALIDAD": "CERRO PELON", "CLAVE LOC": 120760015, "TIPO DE ASENTAMIENTO": "COMUNIDAD INDIGENA", "NOMBRE": "CERRO PELÓN", "MONTO ASIGNADO (PESOS)": 842158, "LATITUD": 17.162576, "LONGITUD": -99.140051 }, "geometry": { "type": "Point", "coordinates": [ -99.140051, 17.162576 ] } },
{ "type": "Feature", "properties": { "NO": 31, "ENTIDAD": "GUERRERO", "MUNICIPIO": "Acatepec", "PUEBLO INDIGENA O AFROMEXICANO": "ME’PHAA\n(TLAPANECO)", "LOCALIDAD": "CERRO TIGRE (CERRO DEL TIGRE)", "CLAVE LOC": 120760014, "TIPO DE ASENTAMIENTO": "COMUNIDAD INDIGENA", "NOMBRE": "CERRO TIGRE (CERRO DEL TIGRE)", "MONTO ASIGNADO (PESOS)": 660002, "LATITUD": 17.257481, "LONGITUD": -98.975676 }, "geometry": { "type": "Point", "coordinates": [ -98.975676, 17.257481 ] } },
{ "type": "Feature", "properties": { "NO": 32, "ENTIDAD": "GUERRERO", "MUNICIPIO": "Acatepec", "PUEBLO INDIGENA O AFROMEXICANO": "ME’PHAA\n(TLAPANECO)", "LOCALIDAD": "COLONIA BARRANCA PERICO", "CLAVE LOC": 120760076, "TIPO DE ASENTAMIENTO": "COMUNIDAD INDIGENA", "NOMBRE": "COLONIA BARRANCA PERICO", "MONTO ASIGNADO (PESOS)": 148708, "LATITUD": 17.317986, "LONGITUD": -98.919204 }, "geometry": { "type": "Point", "coordinates": [ -98.919204, 17.317986 ] } },
{ "type": "Feature", "properties": { "NO": 33, "ENTIDAD": "GUERRERO", "MUNICIPIO": "Acatepec", "PUEBLO INDIGENA O AFROMEXICANO": "ME’PHAA\n(TLAPANECO)", "LOCALIDAD": "COLONIA CAMINO REAL", "CLAVE LOC": 120760137, "TIPO DE ASENTAMIENTO": "COMUNIDAD INDIGENA", "NOMBRE": "COLONIA CAMINO REAL", "MONTO ASIGNADO (PESOS)": 232877, "LATITUD": 17.336956, "LONGITUD": -98.891296 }, "geometry": { "type": "Point", "coordinates": [ -98.891296, 17.336956 ] } },
{ "type": "Feature", "properties": { "NO": 34, "ENTIDAD": "GUERRERO", "MUNICIPIO": "Acatepec", "PUEBLO INDIGENA O AFROMEXICANO": "ME’PHAA\n(TLAPANECO)", "LOCALIDAD": "COLONIA CRUZ ALTA", "CLAVE LOC": 120760134, "TIPO DE ASENTAMIENTO": "COMUNIDAD INDIGENA", "NOMBRE": "COLONIA CRUZ ALTA", "MONTO ASIGNADO (PESOS)": 403727, "LATITUD": 17.207446, "LONGITUD": -98.944372 }, "geometry": { "type": "Point", "coordinates": [ -98.944372, 17.207446 ] } },
{ "type": "Feature", "properties": { "NO": 35, "ENTIDAD": "GUERRERO", "MUNICIPIO": "Acatepec", "PUEBLO INDIGENA O AFROMEXICANO": "ME’PHAA\n(TLAPANECO)", "LOCALIDAD": "COLONIA CURVA EL LLANO", "CLAVE LOC": 120760093, "TIPO DE ASENTAMIENTO": "COMUNIDAD INDIGENA", "NOMBRE": "COLONIA CURVA EL LLANO", "MONTO ASIGNADO (PESOS)": 364783, "LATITUD": 17.326079, "LONGITUD": -98.887442 }, "geometry": { "type": "Point", "coordinates": [ -98.887442, 17.326079 ] } },
{ "type": "Feature", "properties": { "NO": 36, "ENTIDAD": "GUERRERO", "MUNICIPIO": "Acatepec", "PUEBLO INDIGENA O AFROMEXICANO": "ME’PHAA\n(TLAPANECO)", "LOCALIDAD": "COLONIA EL GUAYABO", "CLAVE LOC": 120760151, "TIPO DE ASENTAMIENTO": "COMUNIDAD INDIGENA", "NOMBRE": "COLONIA EL GUAYABO", "MONTO ASIGNADO (PESOS)": 168808, "LATITUD": 17.324435, "LONGITUD": -98.898071 }, "geometry": { "type": "Point", "coordinates": [ -98.898071, 17.324435 ] } },
{ "type": "Feature", "properties": { "NO": 37, "ENTIDAD": "GUERRERO", "MUNICIPIO": "Acatepec", "PUEBLO INDIGENA O AFROMEXICANO": "ME’PHAA\n(TLAPANECO)", "LOCALIDAD": "COLONIA JILGUERO", "CLAVE LOC": 120760045, "TIPO DE ASENTAMIENTO": "COMUNIDAD INDIGENA", "NOMBRE": "COLONIA JILGUERO", "MONTO ASIGNADO (PESOS)": 84639, "LATITUD": 17.343258, "LONGITUD": -98.880177 }, "geometry": { "type": "Point", "coordinates": [ -98.880177, 17.343258 ] } },
{ "type": "Feature", "properties": { "NO": 38, "ENTIDAD": "GUERRERO", "MUNICIPIO": "Acatepec", "PUEBLO INDIGENA O AFROMEXICANO": "ME’PHAA\n(TLAPANECO)", "LOCALIDAD": "COLONIA LA ANTENA", "CLAVE LOC": 120760121, "TIPO DE ASENTAMIENTO": "COMUNIDAD INDIGENA", "NOMBRE": "COLONIA LA ANTENA", "MONTO ASIGNADO (PESOS)": 224083, "LATITUD": 17.332552, "LONGITUD": -98.881787 }, "geometry": { "type": "Point", "coordinates": [ -98.881787, 17.332552 ] } },
{ "type": "Feature", "properties": { "NO": 39, "ENTIDAD": "GUERRERO", "MUNICIPIO": "Acatepec", "PUEBLO INDIGENA O AFROMEXICANO": "ME’PHAA\n(TLAPANECO)", "LOCALIDAD": "COLONIA LLANO PERICON", "CLAVE LOC": 120760095, "TIPO DE ASENTAMIENTO": "COMUNIDAD INDIGENA", "NOMBRE": "COLONIA LLANO PERICÓN", "MONTO ASIGNADO (PESOS)": 227852, "LATITUD": 17.316387, "LONGITUD": -98.878944 }, "geometry": { "type": "Point", "coordinates": [ -98.878944, 17.316387 ] } },
{ "type": "Feature", "properties": { "NO": 40, "ENTIDAD": "GUERRERO", "MUNICIPIO": "Acatepec", "PUEBLO INDIGENA O AFROMEXICANO": "ME’PHAA\n(TLAPANECO)", "LOCALIDAD": "COLONIA LOMA PANORAMA", "CLAVE LOC": 120760145, "TIPO DE ASENTAMIENTO": "COMUNIDAD INDIGENA", "NOMBRE": "COLONIA LOMA PANORAMA", "MONTO ASIGNADO (PESOS)": 299458, "LATITUD": 17.290411, "LONGITUD": -98.862785 }, "geometry": { "type": "Point", "coordinates": [ -98.862785, 17.290411 ] } },
{ "type": "Feature", "properties": { "NO": 41, "ENTIDAD": "GUERRERO", "MUNICIPIO": "Acatepec", "PUEBLO INDIGENA O AFROMEXICANO": "ME’PHAA\n(TLAPANECO)", "LOCALIDAD": "COLONIA LOS GALVEZ", "CLAVE LOC": 120760129, "TIPO DE ASENTAMIENTO": "LOCALIDAD CON POBLACION\nINDIGENA", "NOMBRE": "COLONIA LOS GÁLVEZ", "MONTO ASIGNADO (PESOS)": 161271, "LATITUD": 17.076805, "LONGITUD": -98.898434 }, "geometry": { "type": "Point", "coordinates": [ -98.898434, 17.076805 ] } },
{ "type": "Feature", "properties": { "NO": 42, "ENTIDAD": "GUERRERO", "MUNICIPIO": "Acatepec", "PUEBLO INDIGENA O AFROMEXICANO": "ME’PHAA\n(TLAPANECO)", "LOCALIDAD": "COLONIA LOS PINOS", "CLAVE LOC": 120760062, "TIPO DE ASENTAMIENTO": "COMUNIDAD INDIGENA", "NOMBRE": "COLONIA LOS PINOS", "MONTO ASIGNADO (PESOS)": 319558, "LATITUD": 17.310562, "LONGITUD": -98.867444 }, "geometry": { "type": "Point", "coordinates": [ -98.867444, 17.310562 ] } },
{ "type": "Feature", "properties": { "NO": 43, "ENTIDAD": "GUERRERO", "MUNICIPIO": "Acatepec", "PUEBLO INDIGENA O AFROMEXICANO": "ME’PHAA\n(TLAPANECO)", "LOCALIDAD": "COLONIA NUEVO AMANECER", "CLAVE LOC": 120760061, "TIPO DE ASENTAMIENTO": "COMUNIDAD INDIGENA", "NOMBRE": "COLONIA NUEVO AMANECER", "MONTO ASIGNADO (PESOS)": 176346, "LATITUD": 17.322474, "LONGITUD": -98.881856 }, "geometry": { "type": "Point", "coordinates": [ -98.881856, 17.322474 ] } },
{ "type": "Feature", "properties": { "NO": 44, "ENTIDAD": "GUERRERO", "MUNICIPIO": "Acatepec", "PUEBLO INDIGENA O AFROMEXICANO": "ME’PHAA\n(TLAPANECO)", "LOCALIDAD": "COLONIA OCOTE CAPULIN", "CLAVE LOC": 120760096, "TIPO DE ASENTAMIENTO": "COMUNIDAD INDIGENA", "NOMBRE": "COLONIA OCOTE CAPULÍN", "MONTO ASIGNADO (PESOS)": 313277, "LATITUD": 17.35644, "LONGITUD": -98.847836 }, "geometry": { "type": "Point", "coordinates": [ -98.847836, 17.35644 ] } },
{ "type": "Feature", "properties": { "NO": 45, "ENTIDAD": "GUERRERO", "MUNICIPIO": "Acatepec", "PUEBLO INDIGENA O AFROMEXICANO": "ME’PHAA\n(TLAPANECO)", "LOCALIDAD": "COLONIA PIEDRA CONEJO", "CLAVE LOC": 120760138, "TIPO DE ASENTAMIENTO": "COMUNIDAD INDIGENA", "NOMBRE": "COLONIA PIEDRA CONEJO", "MONTO ASIGNADO (PESOS)": 161271, "LATITUD": 17.289647, "LONGITUD": -98.829495 }, "geometry": { "type": "Point", "coordinates": [ -98.829495, 17.289647 ] } },
{ "type": "Feature", "properties": { "NO": 46, "ENTIDAD": "GUERRERO", "MUNICIPIO": "Acatepec", "PUEBLO INDIGENA O AFROMEXICANO": "ME’PHAA\n(TLAPANECO)", "LOCALIDAD": "COLONIA PLAN DE AYALA", "CLAVE LOC": 120760127, "TIPO DE ASENTAMIENTO": "COMUNIDAD INDIGENA", "NOMBRE": "COLONIA PLAN DE AYALA", "MONTO ASIGNADO (PESOS)": 695177, "LATITUD": 17.285789, "LONGITUD": -98.91878 }, "geometry": { "type": "Point", "coordinates": [ -98.91878, 17.285789 ] } },
{ "type": "Feature", "properties": { "NO": 47, "ENTIDAD": "GUERRERO", "MUNICIPIO": "Acatepec", "PUEBLO INDIGENA O AFROMEXICANO": "ME’PHAA\n(TLAPANECO)", "LOCALIDAD": "COLONIA PROGRESO (CERRO GAVILAN)", "CLAVE LOC": 120760097, "TIPO DE ASENTAMIENTO": "COMUNIDAD INDIGENA", "NOMBRE": "COLONIA PROGRESO (CERRO GAVILÁN)", "MONTO ASIGNADO (PESOS)": 392421, "LATITUD": 17.054513, "LONGITUD": -98.905893 }, "geometry": { "type": "Point", "coordinates": [ -98.905893, 17.054513 ] } },
{ "type": "Feature", "properties": { "NO": 48, "ENTIDAD": "GUERRERO", "MUNICIPIO": "Acatepec", "PUEBLO INDIGENA O AFROMEXICANO": "ME’PHAA\n(TLAPANECO)", "LOCALIDAD": "COLONIA SAN MARCOS", "CLAVE LOC": 120760150, "TIPO DE ASENTAMIENTO": "COMUNIDAD INDIGENA", "NOMBRE": "COLONIA SAN MARCOS", "MONTO ASIGNADO (PESOS)": 162527, "LATITUD": 17.322174, "LONGITUD": -98.918302 }, "geometry": { "type": "Point", "coordinates": [ -98.918302, 17.322174 ] } },
{ "type": "Feature", "properties": { "NO": 49, "ENTIDAD": "GUERRERO", "MUNICIPIO": "Acatepec", "PUEBLO INDIGENA O AFROMEXICANO": "ME’PHAA\n(TLAPANECO)", "LOCALIDAD": "COLONIA SANTA ROSA", "CLAVE LOC": 120760122, "TIPO DE ASENTAMIENTO": "COMUNIDAD INDIGENA", "NOMBRE": "COLONIA SANTA ROSA", "MONTO ASIGNADO (PESOS)": 306996, "LATITUD": 17.310566, "LONGITUD": -98.903718 }, "geometry": { "type": "Point", "coordinates": [ -98.903718, 17.310566 ] } },
{ "type": "Feature", "properties": { "NO": 50, "ENTIDAD": "GUERRERO", "MUNICIPIO": "Acatepec", "PUEBLO INDIGENA O AFROMEXICANO": "ME’PHAA\n(TLAPANECO)", "LOCALIDAD": "COLONIA TEPEHUAJE", "CLAVE LOC": 120760126, "TIPO DE ASENTAMIENTO": "COMUNIDAD INDIGENA", "NOMBRE": "COLONIA TEPEHUAJE", "MONTO ASIGNADO (PESOS)": 412521, "LATITUD": 17.25497, "LONGITUD": -98.991787 }, "geometry": { "type": "Point", "coordinates": [ -98.991787, 17.25497 ] } },
{ "type": "Feature", "properties": { "NO": 51, "ENTIDAD": "GUERRERO", "MUNICIPIO": "Acatepec", "PUEBLO INDIGENA O AFROMEXICANO": "ME’PHAA\n(TLAPANECO)", "LOCALIDAD": "COLONIA YERBABUENA", "CLAVE LOC": 120760098, "TIPO DE ASENTAMIENTO": "COMUNIDAD INDIGENA", "NOMBRE": "COLONIA YERBA BUENA", "MONTO ASIGNADO (PESOS)": 394933, "LATITUD": 17.300799, "LONGITUD": -98.842943 }, "geometry": { "type": "Point", "coordinates": [ -98.842943, 17.300799 ] } },
{ "type": "Feature", "properties": { "NO": 52, "ENTIDAD": "GUERRERO", "MUNICIPIO": "Acatepec", "PUEBLO INDIGENA O AFROMEXICANO": "ME’PHAA\n(TLAPANECO)", "LOCALIDAD": "CUADRILLA NUEVA", "CLAVE LOC": 120760173, "TIPO DE ASENTAMIENTO": "COMUNIDAD INDIGENA", "NOMBRE": "CUADRILLA NUEVA", "MONTO ASIGNADO (PESOS)": 84639, "LATITUD": 17.191895, "LONGITUD": -98.984179 }, "geometry": { "type": "Point", "coordinates": [ -98.984179, 17.191895 ] } },
{ "type": "Feature", "properties": { "NO": 53, "ENTIDAD": "GUERRERO", "MUNICIPIO": "Acatepec", "PUEBLO INDIGENA O AFROMEXICANO": "ME’PHAA\n(TLAPANECO)", "LOCALIDAD": "CUIXINIPA", "CLAVE LOC": 120760019, "TIPO DE ASENTAMIENTO": "COMUNIDAD INDIGENA", "NOMBRE": "CUIXINIPA", "MONTO ASIGNADO (PESOS)": 741658, "LATITUD": 17.262314, "LONGITUD": -98.940378 }, "geometry": { "type": "Point", "coordinates": [ -98.940378, 17.262314 ] } },
{ "type": "Feature", "properties": { "NO": 54, "ENTIDAD": "GUERRERO", "MUNICIPIO": "Acatepec", "PUEBLO INDIGENA O AFROMEXICANO": "ME’PHAA\n(TLAPANECO)", "LOCALIDAD": "EL AGUACATE", "CLAVE LOC": 120760004, "TIPO DE ASENTAMIENTO": "COMUNIDAD INDIGENA", "NOMBRE": "EL AGUACATE", "MONTO ASIGNADO (PESOS)": 1095920, "LATITUD": 17.12733, "LONGITUD": -99.037602 }, "geometry": { "type": "Point", "coordinates": [ -99.037602, 17.12733 ] } },
{ "type": "Feature", "properties": { "NO": 55, "ENTIDAD": "GUERRERO", "MUNICIPIO": "Acatepec", "PUEBLO INDIGENA O AFROMEXICANO": "ME’PHAA\n(TLAPANECO)", "LOCALIDAD": "EL CAPULIN", "CLAVE LOC": 120760048, "TIPO DE ASENTAMIENTO": "COMUNIDAD INDIGENA", "NOMBRE": "EL CAPULÍN", "MONTO ASIGNADO (PESOS)": 1030595, "LATITUD": 17.292523, "LONGITUD": -98.798357 }, "geometry": { "type": "Point", "coordinates": [ -98.798357, 17.292523 ] } },
{ "type": "Feature", "properties": { "NO": 56, "ENTIDAD": "GUERRERO", "MUNICIPIO": "Acatepec", "PUEBLO INDIGENA O AFROMEXICANO": "ME’PHAA\n(TLAPANECO)", "LOCALIDAD": "EL CHIRIMOYO", "CLAVE LOC": 120760016, "TIPO DE ASENTAMIENTO": "COMUNIDAD INDIGENA", "NOMBRE": "EL CHIRIMOYO", "MONTO ASIGNADO (PESOS)": 741658, "LATITUD": 17.343132, "LONGITUD": -98.889379 }, "geometry": { "type": "Point", "coordinates": [ -98.889379, 17.343132 ] } },
{ "type": "Feature", "properties": { "NO": 57, "ENTIDAD": "GUERRERO", "MUNICIPIO": "Acatepec", "PUEBLO INDIGENA O AFROMEXICANO": "ME’PHAA\n(TLAPANECO)", "LOCALIDAD": "EL FUEREÑO", "CLAVE LOC": 120760022, "TIPO DE ASENTAMIENTO": "COMUNIDAD INDIGENA", "NOMBRE": "EL FUEREÑO", "MONTO ASIGNADO (PESOS)": 345939, "LATITUD": 17.17926, "LONGITUD": -99.024889 }, "geometry": { "type": "Point", "coordinates": [ -99.024889, 17.17926 ] } },
{ "type": "Feature", "properties": { "NO": 58, "ENTIDAD": "GUERRERO", "MUNICIPIO": "Acatepec", "PUEBLO INDIGENA O AFROMEXICANO": "ME’PHAA\n(TLAPANECO)", "LOCALIDAD": "EL IZOTE (LAGUNA SECA)", "CLAVE LOC": 120760049, "TIPO DE ASENTAMIENTO": "COMUNIDAD INDIGENA", "NOMBRE": "EL IZOTE (LAGUNA SECA)", "MONTO ASIGNADO (PESOS)": 455233, "LATITUD": 17.322019, "LONGITUD": -98.888898 }, "geometry": { "type": "Point", "coordinates": [ -98.888898, 17.322019 ] } },
{ "type": "Feature", "properties": { "NO": 59, "ENTIDAD": "GUERRERO", "MUNICIPIO": "Acatepec", "PUEBLO INDIGENA O AFROMEXICANO": "ME’PHAA\n(TLAPANECO)", "LOCALIDAD": "EL LLANO", "CLAVE LOC": 120760066, "TIPO DE ASENTAMIENTO": "COMUNIDAD INDIGENA", "NOMBRE": "EL LLANO", "MONTO ASIGNADO (PESOS)": 631108, "LATITUD": 17.311834, "LONGITUD": -98.875798 }, "geometry": { "type": "Point", "coordinates": [ -98.875798, 17.311834 ] } },
{ "type": "Feature", "properties": { "NO": 60, "ENTIDAD": "GUERRERO", "MUNICIPIO": "Acatepec", "PUEBLO INDIGENA O AFROMEXICANO": "ME’PHAA\n(TLAPANECO)", "LOCALIDAD": "EL MIRADOR", "CLAVE LOC": 120760069, "TIPO DE ASENTAMIENTO": "COMUNIDAD INDIGENA", "NOMBRE": "EL MIRADOR", "MONTO ASIGNADO (PESOS)": 850952, "LATITUD": 17.225236, "LONGITUD": -98.875851 }, "geometry": { "type": "Point", "coordinates": [ -98.875851, 17.225236 ] } },
{ "type": "Feature", "properties": { "NO": 61, "ENTIDAD": "GUERRERO", "MUNICIPIO": "Acatepec", "PUEBLO INDIGENA O AFROMEXICANO": "ME’PHAA\n(TLAPANECO)", "LOCALIDAD": "EL NARANJO", "CLAVE LOC": 120760055, "TIPO DE ASENTAMIENTO": "COMUNIDAD INDIGENA", "NOMBRE": "EL NARANJO", "MONTO ASIGNADO (PESOS)": 621058, "LATITUD": 17.128823, "LONGITUD": -99.045104 }, "geometry": { "type": "Point", "coordinates": [ -99.045104, 17.128823 ] } },
{ "type": "Feature", "properties": { "NO": 62, "ENTIDAD": "GUERRERO", "MUNICIPIO": "Acatepec", "PUEBLO INDIGENA O AFROMEXICANO": "ME’PHAA\n(TLAPANECO)", "LOCALIDAD": "EL PORTEZUELO", "CLAVE LOC": 120760079, "TIPO DE ASENTAMIENTO": "COMUNIDAD INDIGENA", "NOMBRE": "EL PORTEZUELO", "MONTO ASIGNADO (PESOS)": 260514, "LATITUD": 17.150102, "LONGITUD": -99.083581 }, "geometry": { "type": "Point", "coordinates": [ -99.083581, 17.150102 ] } },
{ "type": "Feature", "properties": { "NO": 63, "ENTIDAD": "GUERRERO", "MUNICIPIO": "Acatepec", "PUEBLO INDIGENA O AFROMEXICANO": "ME’PHAA\n(TLAPANECO)", "LOCALIDAD": "EL RINCON DE LOS PINOS", "CLAVE LOC": 120760086, "TIPO DE ASENTAMIENTO": "COMUNIDAD INDIGENA", "NOMBRE": "EL RINCÓN DE LOS PINOS", "MONTO ASIGNADO (PESOS)": 214033, "LATITUD": 17.255309, "LONGITUD": -98.91339 }, "geometry": { "type": "Point", "coordinates": [ -98.91339, 17.255309 ] } },
{ "type": "Feature", "properties": { "NO": 64, "ENTIDAD": "GUERRERO", "MUNICIPIO": "Acatepec", "PUEBLO INDIGENA O AFROMEXICANO": "ME’PHAA\n(TLAPANECO)", "LOCALIDAD": "EL TEJOCOTE", "CLAVE LOC": 120760078, "TIPO DE ASENTAMIENTO": "COMUNIDAD INDIGENA", "NOMBRE": "EL TEJOCOTE", "MONTO ASIGNADO (PESOS)": 862258, "LATITUD": 17.27289, "LONGITUD": -98.806033 }, "geometry": { "type": "Point", "coordinates": [ -98.806033, 17.27289 ] } },
{ "type": "Feature", "properties": { "NO": 65, "ENTIDAD": "GUERRERO", "MUNICIPIO": "Acatepec", "PUEBLO INDIGENA O AFROMEXICANO": "ME’PHAA\n(TLAPANECO)", "LOCALIDAD": "ESCALERILLA ZAPATA", "CLAVE LOC": 120760020, "TIPO DE ASENTAMIENTO": "LOCALIDAD CON POBLACION\nINDIGENA", "NOMBRE": "ESCALERILLA ZAPATA", "MONTO ASIGNADO (PESOS)": 1371039, "LATITUD": 17.120697, "LONGITUD": -99.105584 }, "geometry": { "type": "Point", "coordinates": [ -99.105584, 17.120697 ] } },
{ "type": "Feature", "properties": { "NO": 66, "ENTIDAD": "GUERRERO", "MUNICIPIO": "Acatepec", "PUEBLO INDIGENA O AFROMEXICANO": "ME’PHAA\n(TLAPANECO)", "LOCALIDAD": "FILO DE SAN MARCOS", "CLAVE LOC": 120760100, "TIPO DE ASENTAMIENTO": "LOCALIDAD CON POBLACION\nINDIGENA", "NOMBRE": "FILO DE SAN MARCOS", "MONTO ASIGNADO (PESOS)": 188908, "LATITUD": 17.289296, "LONGITUD": -98.871674 }, "geometry": { "type": "Point", "coordinates": [ -98.871674, 17.289296 ] } },
{ "type": "Feature", "properties": { "NO": 67, "ENTIDAD": "GUERRERO", "MUNICIPIO": "Acatepec", "PUEBLO INDIGENA O AFROMEXICANO": "ME’PHAA\n(TLAPANECO)", "LOCALIDAD": "FLOR DE PASCUA", "CLAVE LOC": 120760063, "TIPO DE ASENTAMIENTO": "COMUNIDAD INDIGENA", "NOMBRE": "FLOR DE PASCUA", "MONTO ASIGNADO (PESOS)": 249208, "LATITUD": 17.182495, "LONGITUD": -98.899199 }, "geometry": { "type": "Point", "coordinates": [ -98.899199, 17.182495 ] } },
{ "type": "Feature", "properties": { "NO": 68, "ENTIDAD": "GUERRERO", "MUNICIPIO": "Acatepec", "PUEBLO INDIGENA O AFROMEXICANO": "ME’PHAA\n(TLAPANECO)", "LOCALIDAD": "HUIXTLAZALA", "CLAVE LOC": 120760123, "TIPO DE ASENTAMIENTO": "COMUNIDAD INDIGENA", "NOMBRE": "HUIXTLAZALA", "MONTO ASIGNADO (PESOS)": 376089, "LATITUD": 17.240112, "LONGITUD": -98.865035 }, "geometry": { "type": "Point", "coordinates": [ -98.865035, 17.240112 ] } },
{ "type": "Feature", "properties": { "NO": 69, "ENTIDAD": "GUERRERO", "MUNICIPIO": "Acatepec", "PUEBLO INDIGENA O AFROMEXICANO": "ME’PHAA\n(TLAPANECO)", "LOCALIDAD": "IXTLAHUATEPEC", "CLAVE LOC": 120760102, "TIPO DE ASENTAMIENTO": "COMUNIDAD INDIGENA", "NOMBRE": "IXTLAHUATEPEC", "MONTO ASIGNADO (PESOS)": 207752, "LATITUD": 17.335357, "LONGITUD": -98.866523 }, "geometry": { "type": "Point", "coordinates": [ -98.866523, 17.335357 ] } },
{ "type": "Feature", "properties": { "NO": 70, "ENTIDAD": "GUERRERO", "MUNICIPIO": "Acatepec", "PUEBLO INDIGENA O AFROMEXICANO": "ME’PHAA\n(TLAPANECO)", "LOCALIDAD": "LA PROSPERIDAD BLANCA", "CLAVE LOC": 120760149, "TIPO DE ASENTAMIENTO": "COMUNIDAD INDIGENA", "NOMBRE": "LA PROSPERIDAD BLANCA", "MONTO ASIGNADO (PESOS)": 415033, "LATITUD": 17.224159, "LONGITUD": -98.984657 }, "geometry": { "type": "Point", "coordinates": [ -98.984657, 17.224159 ] } },
{ "type": "Feature", "properties": { "NO": 71, "ENTIDAD": "GUERRERO", "MUNICIPIO": "Acatepec", "PUEBLO INDIGENA O AFROMEXICANO": "ME’PHAA\n(TLAPANECO)", "LOCALIDAD": "LAGUNA SECA", "CLAVE LOC": 120760064, "TIPO DE ASENTAMIENTO": "COMUNIDAD INDIGENA", "NOMBRE": "LAGUNA SECA", "MONTO ASIGNADO (PESOS)": 192677, "LATITUD": 17.318507, "LONGITUD": -98.885386 }, "geometry": { "type": "Point", "coordinates": [ -98.885386, 17.318507 ] } },
{ "type": "Feature", "properties": { "NO": 72, "ENTIDAD": "GUERRERO", "MUNICIPIO": "Acatepec", "PUEBLO INDIGENA O AFROMEXICANO": "ME’PHAA\n(TLAPANECO)", "LOCALIDAD": "LAZARO CARDENAS", "CLAVE LOC": 120760065, "TIPO DE ASENTAMIENTO": "COMUNIDAD INDIGENA", "NOMBRE": "LÁZARO CÁRDENAS", "MONTO ASIGNADO (PESOS)": 443141, "LATITUD": 17.219935, "LONGITUD": -98.924126 }, "geometry": { "type": "Point", "coordinates": [ -98.924126, 17.219935 ] } },
{ "type": "Feature", "properties": { "NO": 73, "ENTIDAD": "GUERRERO", "MUNICIPIO": "Acatepec", "PUEBLO INDIGENA O AFROMEXICANO": "ME’PHAA\n(TLAPANECO)", "LOCALIDAD": "LLANO DE LA PAROTA", "CLAVE LOC": 120760053, "TIPO DE ASENTAMIENTO": "COMUNIDAD INDIGENA", "NOMBRE": "LLANO DE LA PAROTA", "MONTO ASIGNADO (PESOS)": 378602, "LATITUD": 17.136622, "LONGITUD": -98.987166 }, "geometry": { "type": "Point", "coordinates": [ -98.987166, 17.136622 ] } },
{ "type": "Feature", "properties": { "NO": 74, "ENTIDAD": "GUERRERO", "MUNICIPIO": "Acatepec", "PUEBLO INDIGENA O AFROMEXICANO": "ME’PHAA\n(TLAPANECO)", "LOCALIDAD": "LLANO DEL LIMON", "CLAVE LOC": 120760024, "TIPO DE ASENTAMIENTO": "COMUNIDAD INDIGENA", "NOMBRE": "LLANO DEL LIMÓN", "MONTO ASIGNADO (PESOS)": 211521, "LATITUD": 17.094989, "LONGITUD": -98.911764 }, "geometry": { "type": "Point", "coordinates": [ -98.911764, 17.094989 ] } },
{ "type": "Feature", "properties": { "NO": 75, "ENTIDAD": "GUERRERO", "MUNICIPIO": "Acatepec", "PUEBLO INDIGENA O AFROMEXICANO": "ME’PHAA\n(TLAPANECO)", "LOCALIDAD": "LLANO GRANDE", "CLAVE LOC": 120760025, "TIPO DE ASENTAMIENTO": "COMUNIDAD INDIGENA", "NOMBRE": "LLANO GRANDE", "MONTO ASIGNADO (PESOS)": 734120, "LATITUD": 17.161384, "LONGITUD": -98.883581 }, "geometry": { "type": "Point", "coordinates": [ -98.883581, 17.161384 ] } },
{ "type": "Feature", "properties": { "NO": 76, "ENTIDAD": "GUERRERO", "MUNICIPIO": "Acatepec", "PUEBLO INDIGENA O AFROMEXICANO": "ME’PHAA\n(TLAPANECO)", "LOCALIDAD": "LOMA BONITA", "CLAVE LOC": 120760104, "TIPO DE ASENTAMIENTO": "COMUNIDAD INDIGENA", "NOMBRE": "LOMA BONITA", "MONTO ASIGNADO (PESOS)": 518046, "LATITUD": 17.155388, "LONGITUD": -98.897791 }, "geometry": { "type": "Point", "coordinates": [ -98.897791, 17.155388 ] } },
{ "type": "Feature", "properties": { "NO": 77, "ENTIDAD": "GUERRERO", "MUNICIPIO": "Acatepec", "PUEBLO INDIGENA O AFROMEXICANO": "ME’PHAA\n(TLAPANECO)", "LOCALIDAD": "LOMA DE LA SILLA", "CLAVE LOC": 120760051, "TIPO DE ASENTAMIENTO": "COMUNIDAD INDIGENA", "NOMBRE": "LOMA DE LA SILLA", "MONTO ASIGNADO (PESOS)": 438902, "LATITUD": 17.270826, "LONGITUD": -98.889134 }, "geometry": { "type": "Point", "coordinates": [ -98.889134, 17.270826 ] } },
{ "type": "Feature", "properties": { "NO": 78, "ENTIDAD": "GUERRERO", "MUNICIPIO": "Acatepec", "PUEBLO INDIGENA O AFROMEXICANO": "ME’PHAA\n(TLAPANECO)", "LOCALIDAD": "LOMA MACHO", "CLAVE LOC": 120760067, "TIPO DE ASENTAMIENTO": "COMUNIDAD INDIGENA", "NOMBRE": "LOMA MACHO", "MONTO ASIGNADO (PESOS)": 333377, "LATITUD": 17.041796, "LONGITUD": -98.921652 }, "geometry": { "type": "Point", "coordinates": [ -98.921652, 17.041796 ] } },
{ "type": "Feature", "properties": { "NO": 79, "ENTIDAD": "GUERRERO", "MUNICIPIO": "Acatepec", "PUEBLO INDIGENA O AFROMEXICANO": "ME’PHAA\n(TLAPANECO)", "LOCALIDAD": "LOMA MAGUEY", "CLAVE LOC": 120760052, "TIPO DE ASENTAMIENTO": "COMUNIDAD INDIGENA", "NOMBRE": "LOMA MAGUEY", "MONTO ASIGNADO (PESOS)": 755477, "LATITUD": 17.284564, "LONGITUD": -98.822739 }, "geometry": { "type": "Point", "coordinates": [ -98.822739, 17.284564 ] } },
{ "type": "Feature", "properties": { "NO": 80, "ENTIDAD": "GUERRERO", "MUNICIPIO": "Acatepec", "PUEBLO INDIGENA O AFROMEXICANO": "ME’PHAA\n(TLAPANECO)", "LOCALIDAD": "LOMA OCOTE", "CLAVE LOC": 120760105, "TIPO DE ASENTAMIENTO": "COMUNIDAD INDIGENA", "NOMBRE": "LOMA OCOTE", "MONTO ASIGNADO (PESOS)": 148708, "LATITUD": 17.290932, "LONGITUD": -98.849576 }, "geometry": { "type": "Point", "coordinates": [ -98.849576, 17.290932 ] } },
{ "type": "Feature", "properties": { "NO": 81, "ENTIDAD": "GUERRERO", "MUNICIPIO": "Acatepec", "PUEBLO INDIGENA O AFROMEXICANO": "ME’PHAA\n(TLAPANECO)", "LOCALIDAD": "LOMA TUZA", "CLAVE LOC": 120760030, "TIPO DE ASENTAMIENTO": "COMUNIDAD INDIGENA", "NOMBRE": "LOMA TUZA", "MONTO ASIGNADO (PESOS)": 1167527, "LATITUD": 17.352898, "LONGITUD": -98.86944 }, "geometry": { "type": "Point", "coordinates": [ -98.86944, 17.352898 ] } },
{ "type": "Feature", "properties": { "NO": 82, "ENTIDAD": "GUERRERO", "MUNICIPIO": "Acatepec", "PUEBLO INDIGENA O AFROMEXICANO": "ME’PHAA\n(TLAPANECO)", "LOCALIDAD": "LOMADAD", "CLAVE LOC": 120760081, "TIPO DE ASENTAMIENTO": "COMUNIDAD INDIGENA", "NOMBRE": "LOMADAD", "MONTO ASIGNADO (PESOS)": 246696, "LATITUD": 17.276134, "LONGITUD": -98.813039 }, "geometry": { "type": "Point", "coordinates": [ -98.813039, 17.276134 ] } },
{ "type": "Feature", "properties": { "NO": 83, "ENTIDAD": "GUERRERO", "MUNICIPIO": "Acatepec", "PUEBLO INDIGENA O AFROMEXICANO": "ME’PHAA\n(TLAPANECO)", "LOCALIDAD": "LOMATEPEC", "CLAVE LOC": 120760031, "TIPO DE ASENTAMIENTO": "COMUNIDAD INDIGENA", "NOMBRE": "LOMATEPEC", "MONTO ASIGNADO (PESOS)": 611008, "LATITUD": 17.163751, "LONGITUD": -99.035938 }, "geometry": { "type": "Point", "coordinates": [ -99.035938, 17.163751 ] } },
{ "type": "Feature", "properties": { "NO": 84, "ENTIDAD": "GUERRERO", "MUNICIPIO": "Acatepec", "PUEBLO INDIGENA O AFROMEXICANO": "ME’PHAA\n(TLAPANECO)", "LOCALIDAD": "MESON ZAPATA", "CLAVE LOC": 120760068, "TIPO DE ASENTAMIENTO": "LOCALIDAD CON POBLACION\nINDIGENA", "NOMBRE": "MESÓN ZAPATA", "MONTO ASIGNADO (PESOS)": 186396, "LATITUD": 17.336499, "LONGITUD": -98.863448 }, "geometry": { "type": "Point", "coordinates": [ -98.863448, 17.336499 ] } },
{ "type": "Feature", "properties": { "NO": 85, "ENTIDAD": "GUERRERO", "MUNICIPIO": "Acatepec", "PUEBLO INDIGENA O AFROMEXICANO": "ME’PHAA\n(TLAPANECO)", "LOCALIDAD": "MEXCALAPA", "CLAVE LOC": 120760032, "TIPO DE ASENTAMIENTO": "COMUNIDAD INDIGENA", "NOMBRE": "MEXCALAPA", "MONTO ASIGNADO (PESOS)": 453255, "LATITUD": 17.104528, "LONGITUD": -98.861349 }, "geometry": { "type": "Point", "coordinates": [ -98.861349, 17.104528 ] } },
{ "type": "Feature", "properties": { "NO": 86, "ENTIDAD": "GUERRERO", "MUNICIPIO": "Acatepec", "PUEBLO INDIGENA O AFROMEXICANO": "ME’PHAA\n(TLAPANECO)", "LOCALIDAD": "MEXCALTEPEC", "CLAVE LOC": 120760033, "TIPO DE ASENTAMIENTO": "COMUNIDAD INDIGENA", "NOMBRE": "MEXCALTEPEC", "MONTO ASIGNADO (PESOS)": 796004, "LATITUD": 17.102771, "LONGITUD": -98.885731 }, "geometry": { "type": "Point", "coordinates": [ -98.885731, 17.102771 ] } },
{ "type": "Feature", "properties": { "NO": 87, "ENTIDAD": "GUERRERO", "MUNICIPIO": "Acatepec", "PUEBLO INDIGENA O AFROMEXICANO": "ME’PHAA\n(TLAPANECO)", "LOCALIDAD": "MEXCALTEPEC", "CLAVE LOC": 120760033, "TIPO DE ASENTAMIENTO": "COMUNIDAD INDIGENA", "NOMBRE": "MEXCALTEPEC", "MONTO ASIGNADO (PESOS)": 302441, "LATITUD": 17.102771, "LONGITUD": -98.885731 }, "geometry": { "type": "Point", "coordinates": [ -98.885731, 17.102771 ] } },
{ "type": "Feature", "properties": { "NO": 88, "ENTIDAD": "GUERRERO", "MUNICIPIO": "Acatepec", "PUEBLO INDIGENA O AFROMEXICANO": "ME’PHAA\n(TLAPANECO)", "LOCALIDAD": "MONTE HOREB", "CLAVE LOC": 120760054, "TIPO DE ASENTAMIENTO": "COMUNIDAD INDIGENA", "NOMBRE": "MONTE HOREB", "MONTO ASIGNADO (PESOS)": 384883, "LATITUD": 17.174467, "LONGITUD": -99.001975 }, "geometry": { "type": "Point", "coordinates": [ -99.001975, 17.174467 ] } },
{ "type": "Feature", "properties": { "NO": 89, "ENTIDAD": "GUERRERO", "MUNICIPIO": "Acatepec", "PUEBLO INDIGENA O AFROMEXICANO": "ME’PHAA\n(TLAPANECO)", "LOCALIDAD": "PALO SECO", "CLAVE LOC": 120760108, "TIPO DE ASENTAMIENTO": "COMUNIDAD INDIGENA", "NOMBRE": "PALO SECO", "MONTO ASIGNADO (PESOS)": 273077, "LATITUD": 17.337138, "LONGITUD": -98.846536 }, "geometry": { "type": "Point", "coordinates": [ -98.846536, 17.337138 ] } },
{ "type": "Feature", "properties": { "NO": 90, "ENTIDAD": "GUERRERO", "MUNICIPIO": "Acatepec", "PUEBLO INDIGENA O AFROMEXICANO": "ME’PHAA\n(TLAPANECO)", "LOCALIDAD": "PIEDRA TUZA", "CLAVE LOC": 120760035, "TIPO DE ASENTAMIENTO": "COMUNIDAD INDIGENA", "NOMBRE": "PIEDRA TUZA", "MONTO ASIGNADO (PESOS)": 319558, "LATITUD": 17.311302, "LONGITUD": -98.903937 }, "geometry": { "type": "Point", "coordinates": [ -98.903937, 17.311302 ] } },
{ "type": "Feature", "properties": { "NO": 91, "ENTIDAD": "GUERRERO", "MUNICIPIO": "Acatepec", "PUEBLO INDIGENA O AFROMEXICANO": "ME’PHAA\n(TLAPANECO)", "LOCALIDAD": "PLAN DE BUENAVISTA", "CLAVE LOC": 120760128, "TIPO DE ASENTAMIENTO": "LOCALIDAD CON POBLACION\nINDIGENA", "NOMBRE": "PLAN DE BUENA VISTA", "MONTO ASIGNADO (PESOS)": 173833, "LATITUD": 17.110967, "LONGITUD": -98.987871 }, "geometry": { "type": "Point", "coordinates": [ -98.987871, 17.110967 ] } },
{ "type": "Feature", "properties": { "NO": 92, "ENTIDAD": "GUERRERO", "MUNICIPIO": "Acatepec", "PUEBLO INDIGENA O AFROMEXICANO": "ME’PHAA\n(TLAPANECO)", "LOCALIDAD": "PLAN DE PIEDRA", "CLAVE LOC": 120760084, "TIPO DE ASENTAMIENTO": "COMUNIDAD INDIGENA", "NOMBRE": "PLAN DE PIEDRA", "MONTO ASIGNADO (PESOS)": 224083, "LATITUD": 17.291379, "LONGITUD": -98.900204 }, "geometry": { "type": "Point", "coordinates": [ -98.900204, 17.291379 ] } },
{ "type": "Feature", "properties": { "NO": 93, "ENTIDAD": "GUERRERO", "MUNICIPIO": "Acatepec", "PUEBLO INDIGENA O AFROMEXICANO": "ME’PHAA\n(TLAPANECO)", "LOCALIDAD": "PLAN DE SAN MARCOS", "CLAVE LOC": 120760135, "TIPO DE ASENTAMIENTO": "COMUNIDAD INDIGENA", "NOMBRE": "PLAN DE SAN MARCOS", "MONTO ASIGNADO (PESOS)": 411264, "LATITUD": 17.146537, "LONGITUD": -99.034127 }, "geometry": { "type": "Point", "coordinates": [ -99.034127, 17.146537 ] } },
{ "type": "Feature", "properties": { "NO": 94, "ENTIDAD": "GUERRERO", "MUNICIPIO": "Acatepec", "PUEBLO INDIGENA O AFROMEXICANO": "ME’PHAA\n(TLAPANECO)", "LOCALIDAD": "PLAN OJO DE AGUA", "CLAVE LOC": 120760057, "TIPO DE ASENTAMIENTO": "COMUNIDAD INDIGENA", "NOMBRE": "PLAN OJO DE AGUA", "MONTO ASIGNADO (PESOS)": 492921, "LATITUD": 17.300493, "LONGITUD": -98.850223 }, "geometry": { "type": "Point", "coordinates": [ -98.850223, 17.300493 ] } },
{ "type": "Feature", "properties": { "NO": 95, "ENTIDAD": "GUERRERO", "MUNICIPIO": "Acatepec", "PUEBLO INDIGENA O AFROMEXICANO": "ME’PHAA\n(TLAPANECO)", "LOCALIDAD": "PLAN RANCHITO", "CLAVE LOC": 120760073, "TIPO DE ASENTAMIENTO": "COMUNIDAD INDIGENA", "NOMBRE": "PLAN RANCHITO", "MONTO ASIGNADO (PESOS)": 452721, "LATITUD": 17.188284, "LONGITUD": -98.979817 }, "geometry": { "type": "Point", "coordinates": [ -98.979817, 17.188284 ] } },
{ "type": "Feature", "properties": { "NO": 96, "ENTIDAD": "GUERRERO", "MUNICIPIO": "Acatepec", "PUEBLO INDIGENA O AFROMEXICANO": "ME’PHAA\n(TLAPANECO)", "LOCALIDAD": "PLAN VERDE", "CLAVE LOC": 120760117, "TIPO DE ASENTAMIENTO": "COMUNIDAD INDIGENA", "NOMBRE": "PLAN VERDE", "MONTO ASIGNADO (PESOS)": 220314, "LATITUD": 17.276784, "LONGITUD": -98.845784 }, "geometry": { "type": "Point", "coordinates": [ -98.845784, 17.276784 ] } },
{ "type": "Feature", "properties": { "NO": 97, "ENTIDAD": "GUERRERO", "MUNICIPIO": "Acatepec", "PUEBLO INDIGENA O AFROMEXICANO": "ME’PHAA\n(TLAPANECO)", "LOCALIDAD": "POZOLAPA", "CLAVE LOC": 120760026, "TIPO DE ASENTAMIENTO": "COMUNIDAD INDIGENA", "NOMBRE": "POZOLAPA", "MONTO ASIGNADO (PESOS)": 363527, "LATITUD": 17.186439, "LONGITUD": -98.943051 }, "geometry": { "type": "Point", "coordinates": [ -98.943051, 17.186439 ] } },
{ "type": "Feature", "properties": { "NO": 98, "ENTIDAD": "GUERRERO", "MUNICIPIO": "Acatepec", "PUEBLO INDIGENA O AFROMEXICANO": "ME’PHAA\n(TLAPANECO)", "LOCALIDAD": "PUERTO BUENAVISTA", "CLAVE LOC": 120760070, "TIPO DE ASENTAMIENTO": "COMUNIDAD INDIGENA", "NOMBRE": "PUERTO BUENAVISTA", "MONTO ASIGNADO (PESOS)": 484127, "LATITUD": 17.190015, "LONGITUD": -98.893512 }, "geometry": { "type": "Point", "coordinates": [ -98.893512, 17.190015 ] } },
{ "type": "Feature", "properties": { "NO": 99, "ENTIDAD": "GUERRERO", "MUNICIPIO": "Acatepec", "PUEBLO INDIGENA O AFROMEXICANO": "ME’PHAA\n(TLAPANECO)", "LOCALIDAD": "RIO AZUL", "CLAVE LOC": 120760140, "TIPO DE ASENTAMIENTO": "LOCALIDAD CON POBLACION\nINDIGENA", "NOMBRE": "RÍO AZUL", "MONTO ASIGNADO (PESOS)": 806983, "LATITUD": 17.132505, "LONGITUD": -99.120837 }, "geometry": { "type": "Point", "coordinates": [ -99.120837, 17.132505 ] } },
{ "type": "Feature", "properties": { "NO": 100, "ENTIDAD": "GUERRERO", "MUNICIPIO": "Acatepec", "PUEBLO INDIGENA O AFROMEXICANO": "ME’PHAA\n(TLAPANECO)", "LOCALIDAD": "RIO DE HACIENDA", "CLAVE LOC": 120760021, "TIPO DE ASENTAMIENTO": "COMUNIDAD INDIGENA", "NOMBRE": "RÍO DE HACIENDA", "MONTO ASIGNADO (PESOS)": 492921, "LATITUD": 17.207268, "LONGITUD": -99.022249 }, "geometry": { "type": "Point", "coordinates": [ -99.022249, 17.207268 ] } },
{ "type": "Feature", "properties": { "NO": 101, "ENTIDAD": "GUERRERO", "MUNICIPIO": "Acatepec", "PUEBLO INDIGENA O AFROMEXICANO": "ME’PHAA\n(TLAPANECO)", "LOCALIDAD": "RIO DEL SAUCE", "CLAVE LOC": 120760131, "TIPO DE ASENTAMIENTO": "LOCALIDAD CON POBLACION\nINDIGENA", "NOMBRE": "RÍO DEL SAUCE", "MONTO ASIGNADO (PESOS)": 171321, "LATITUD": 17.240993, "LONGITUD": -98.881963 }, "geometry": { "type": "Point", "coordinates": [ -98.881963, 17.240993 ] } },
{ "type": "Feature", "properties": { "NO": 102, "ENTIDAD": "GUERRERO", "MUNICIPIO": "Acatepec", "PUEBLO INDIGENA O AFROMEXICANO": "ME’PHAA\n(TLAPANECO)", "LOCALIDAD": "RIO GRANDE", "CLAVE LOC": 120760080, "TIPO DE ASENTAMIENTO": "COMUNIDAD INDIGENA", "NOMBRE": "RÍO GRANDE", "MONTO ASIGNADO (PESOS)": 226596, "LATITUD": 17.106046, "LONGITUD": -99.036584 }, "geometry": { "type": "Point", "coordinates": [ -99.036584, 17.106046 ] } },
{ "type": "Feature", "properties": { "NO": 103, "ENTIDAD": "GUERRERO", "MUNICIPIO": "Acatepec", "PUEBLO INDIGENA O AFROMEXICANO": "ME’PHAA\n(TLAPANECO)", "LOCALIDAD": "SAN FRANCISCO", "CLAVE LOC": 120760143, "TIPO DE ASENTAMIENTO": "LOCALIDAD CON POBLACION\nINDIGENA", "NOMBRE": "SAN FRANCISCO", "MONTO ASIGNADO (PESOS)": 271821, "LATITUD": 17.246846, "LONGITUD": -98.885333 }, "geometry": { "type": "Point", "coordinates": [ -98.885333, 17.246846 ] } },
{ "type": "Feature", "properties": { "NO": 104, "ENTIDAD": "GUERRERO", "MUNICIPIO": "Acatepec", "PUEBLO INDIGENA O AFROMEXICANO": "ME’PHAA\n(TLAPANECO)", "LOCALIDAD": "SAN JOSE", "CLAVE LOC": 120760109, "TIPO DE ASENTAMIENTO": "COMUNIDAD INDIGENA", "NOMBRE": "SAN JOSÉ", "MONTO ASIGNADO (PESOS)": 312021, "LATITUD": 17.264731, "LONGITUD": -98.878629 }, "geometry": { "type": "Point", "coordinates": [ -98.878629, 17.264731 ] } },
{ "type": "Feature", "properties": { "NO": 105, "ENTIDAD": "GUERRERO", "MUNICIPIO": "Acatepec", "PUEBLO INDIGENA O AFROMEXICANO": "ME’PHAA\n(TLAPANECO)", "LOCALIDAD": "SAN JUAN DE LOS PINOS", "CLAVE LOC": 120760071, "TIPO DE ASENTAMIENTO": "COMUNIDAD INDIGENA", "NOMBRE": "SAN JUAN DE LOS PINOS", "MONTO ASIGNADO (PESOS)": 396189, "LATITUD": 17.12699, "LONGITUD": -99.063965 }, "geometry": { "type": "Point", "coordinates": [ -99.063965, 17.12699 ] } },
{ "type": "Feature", "properties": { "NO": 106, "ENTIDAD": "GUERRERO", "MUNICIPIO": "Acatepec", "PUEBLO INDIGENA O AFROMEXICANO": "ME’PHAA\n(TLAPANECO)", "LOCALIDAD": "SAN MARCOS YERBA SANTA", "CLAVE LOC": 120760110, "TIPO DE ASENTAMIENTO": "COMUNIDAD INDIGENA", "NOMBRE": "SAN MARCOS YERBA SANTA", "MONTO ASIGNADO (PESOS)": 528096, "LATITUD": 17.197022, "LONGITUD": -98.877488 }, "geometry": { "type": "Point", "coordinates": [ -98.877488, 17.197022 ] } },
{ "type": "Feature", "properties": { "NO": 107, "ENTIDAD": "GUERRERO", "MUNICIPIO": "Acatepec", "PUEBLO INDIGENA O AFROMEXICANO": "ME’PHAA\n(TLAPANECO)", "LOCALIDAD": "SANTA CRUZ", "CLAVE LOC": 120760147, "TIPO DE ASENTAMIENTO": "COMUNIDAD INDIGENA", "NOMBRE": "SANTA CRUZ", "MONTO ASIGNADO (PESOS)": 306996, "LATITUD": 17.225796, "LONGITUD": -98.991319 }, "geometry": { "type": "Point", "coordinates": [ -98.991319, 17.225796 ] } },
{ "type": "Feature", "properties": { "NO": 108, "ENTIDAD": "GUERRERO", "MUNICIPIO": "Acatepec", "PUEBLO INDIGENA O AFROMEXICANO": "ME’PHAA\n(TLAPANECO)", "LOCALIDAD": "SANTA ROSA", "CLAVE LOC": 120760111, "TIPO DE ASENTAMIENTO": "LOCALIDAD CON POBLACION\nINDIGENA", "NOMBRE": "SANTA ROSA", "MONTO ASIGNADO (PESOS)": 180114, "LATITUD": 17.20673, "LONGITUD": -98.891178 }, "geometry": { "type": "Point", "coordinates": [ -98.891178, 17.20673 ] } },
{ "type": "Feature", "properties": { "NO": 109, "ENTIDAD": "GUERRERO", "MUNICIPIO": "Acatepec", "PUEBLO INDIGENA O AFROMEXICANO": "ME’PHAA\n(TLAPANECO)", "LOCALIDAD": "TIERRA BLANCA", "CLAVE LOC": 120760037, "TIPO DE ASENTAMIENTO": "COMUNIDAD INDIGENA", "NOMBRE": "TIERRA BLANCA", "MONTO ASIGNADO (PESOS)": 1534352, "LATITUD": 17.152947, "LONGITUD": -99.066345 }, "geometry": { "type": "Point", "coordinates": [ -99.066345, 17.152947 ] } },
{ "type": "Feature", "properties": { "NO": 110, "ENTIDAD": "GUERRERO", "MUNICIPIO": "Acatepec", "PUEBLO INDIGENA O AFROMEXICANO": "ME’PHAA\n(TLAPANECO)", "LOCALIDAD": "TIERRA COLORADA", "CLAVE LOC": 120760072, "TIPO DE ASENTAMIENTO": "COMUNIDAD INDIGENA", "NOMBRE": "TIERRA COLORADA", "MONTO ASIGNADO (PESOS)": 678846, "LATITUD": 17.325903, "LONGITUD": -98.825168 }, "geometry": { "type": "Point", "coordinates": [ -98.825168, 17.325903 ] } },
{ "type": "Feature", "properties": { "NO": 111, "ENTIDAD": "GUERRERO", "MUNICIPIO": "Acatepec", "PUEBLO INDIGENA O AFROMEXICANO": "ME’PHAA\n(TLAPANECO)", "LOCALIDAD": "TRES CRUCES", "CLAVE LOC": 120760039, "TIPO DE ASENTAMIENTO": "COMUNIDAD INDIGENA", "NOMBRE": "TRES CRUCES", "MONTO ASIGNADO (PESOS)": 1193908, "LATITUD": 17.016608, "LONGITUD": -98.926711 }, "geometry": { "type": "Point", "coordinates": [ -98.926711, 17.016608 ] } },
{ "type": "Feature", "properties": { "NO": 112, "ENTIDAD": "GUERRERO", "MUNICIPIO": "Acatepec", "PUEBLO INDIGENA O AFROMEXICANO": "ME’PHAA\n(TLAPANECO)", "LOCALIDAD": "TRES PALOS", "CLAVE LOC": 120760044, "TIPO DE ASENTAMIENTO": "COMUNIDAD INDIGENA", "NOMBRE": "TRES PALOS", "MONTO ASIGNADO (PESOS)": 221571, "LATITUD": 17.299973, "LONGITUD": -98.82734 }, "geometry": { "type": "Point", "coordinates": [ -98.82734, 17.299973 ] } },
{ "type": "Feature", "properties": { "NO": 113, "ENTIDAD": "GUERRERO", "MUNICIPIO": "Acatepec", "PUEBLO INDIGENA O AFROMEXICANO": "ME’PHAA\n(TLAPANECO)", "LOCALIDAD": "VILLA DE LAS FLORES", "CLAVE LOC": 120760074, "TIPO DE ASENTAMIENTO": "COMUNIDAD INDIGENA", "NOMBRE": "VILLA DE LAS FLORES", "MONTO ASIGNADO (PESOS)": 489152, "LATITUD": 17.264537, "LONGITUD": -98.893 }, "geometry": { "type": "Point", "coordinates": [ -98.893, 17.264537 ] } },
{ "type": "Feature", "properties": { "NO": 114, "ENTIDAD": "GUERRERO", "MUNICIPIO": "Acatepec", "PUEBLO INDIGENA O AFROMEXICANO": "ME’PHAA\n(TLAPANECO)", "LOCALIDAD": "VILLA GUADALUPE", "CLAVE LOC": 120760018, "TIPO DE ASENTAMIENTO": "COMUNIDAD INDIGENA", "NOMBRE": "VILLA GUADALUPE", "MONTO ASIGNADO (PESOS)": 366039, "LATITUD": 17.125534, "LONGITUD": -98.87289 }, "geometry": { "type": "Point", "coordinates": [ -98.87289, 17.125534 ] } },
{ "type": "Feature", "properties": { "NO": 115, "ENTIDAD": "GUERRERO", "MUNICIPIO": "Acatepec", "PUEBLO INDIGENA O AFROMEXICANO": "ME’PHAA\n(TLAPANECO)", "LOCALIDAD": "VISTA HERMOSA", "CLAVE LOC": 120760040, "TIPO DE ASENTAMIENTO": "COMUNIDAD INDIGENA", "NOMBRE": "VISTA HERMOSA", "MONTO ASIGNADO (PESOS)": 349708, "LATITUD": 17.274553, "LONGITUD": -98.937799 }, "geometry": { "type": "Point", "coordinates": [ -98.937799, 17.274553 ] } },
{ "type": "Feature", "properties": { "NO": 116, "ENTIDAD": "GUERRERO", "MUNICIPIO": "Acatepec", "PUEBLO INDIGENA O AFROMEXICANO": "ME’PHAA\n(TLAPANECO)", "LOCALIDAD": "XILOTLANCINGO", "CLAVE LOC": 120760041, "TIPO DE ASENTAMIENTO": "COMUNIDAD INDIGENA", "NOMBRE": "XILOTLANCINGO", "MONTO ASIGNADO (PESOS)": 887383, "LATITUD": 17.216719, "LONGITUD": -98.941689 }, "geometry": { "type": "Point", "coordinates": [ -98.941689, 17.216719 ] } },
{ "type": "Feature", "properties": { "NO": 117, "ENTIDAD": "GUERRERO", "MUNICIPIO": "Acatepec", "PUEBLO INDIGENA O AFROMEXICANO": "ME’PHAA\n(TLAPANECO)", "LOCALIDAD": "XOCHITEPEC", "CLAVE LOC": 120760042, "TIPO DE ASENTAMIENTO": "COMUNIDAD INDIGENA", "NOMBRE": "XOCHITEPEC", "MONTO ASIGNADO (PESOS)": 1142557, "LATITUD": 17.170527, "LONGITUD": -98.965708 }, "geometry": { "type": "Point", "coordinates": [ -98.965708, 17.170527 ] } },
{ "type": "Feature", "properties": { "NO": 118, "ENTIDAD": "GUERRERO", "MUNICIPIO": "Acatepec", "PUEBLO INDIGENA O AFROMEXICANO": "ME’PHAA\n(TLAPANECO)", "LOCALIDAD": "YERBA SANTA", "CLAVE LOC": 120760113, "TIPO DE ASENTAMIENTO": "COMUNIDAD INDIGENA", "NOMBRE": "YERBA SANTA", "MONTO ASIGNADO (PESOS)": 1596849, "LATITUD": 17.200144, "LONGITUD": -98.883825 }, "geometry": { "type": "Point", "coordinates": [ -98.883825, 17.200144 ] } },
{ "type": "Feature", "properties": { "NO": 119, "ENTIDAD": "GUERRERO", "MUNICIPIO": "Acatepec", "PUEBLO INDIGENA O AFROMEXICANO": "ME’PHAA\n(TLAPANECO)", "LOCALIDAD": "ZILACAYOTA", "CLAVE LOC": 120760056, "TIPO DE ASENTAMIENTO": "COMUNIDAD INDIGENA", "NOMBRE": "ZILACAYOTA", "MONTO ASIGNADO (PESOS)": 1585543, "LATITUD": 17.301621, "LONGITUD": -98.807071 }, "geometry": { "type": "Point", "coordinates": [ -98.807071, 17.301621 ] } },
{ "type": "Feature", "properties": { "NO": 120, "ENTIDAD": "GUERRERO", "MUNICIPIO": "Acatepec", "PUEBLO INDIGENA O AFROMEXICANO": "ME’PHAA\n(TLAPANECO)", "LOCALIDAD": "ZONTECOMAPA", "CLAVE LOC": 120760043, "TIPO DE ASENTAMIENTO": "COMUNIDAD INDIGENA", "NOMBRE": "ZONTECOMAPA", "MONTO ASIGNADO (PESOS)": 1490539, "LATITUD": 17.320215, "LONGITUD": -98.844902 }, "geometry": { "type": "Point", "coordinates": [ -98.844902, 17.320215 ] } },
{ "type": "Feature", "properties": { "NO": 121, "ENTIDAD": "GUERRERO", "MUNICIPIO": "Acatepec", "PUEBLO INDIGENA O AFROMEXICANO": "ME’PHAA\n(TLAPANECO)", "LOCALIDAD": "(SINNOMBRE)", "CLAVE LOC": 120760000, "TIPO DE ASENTAMIENTO": "COMUNIDAD INDIGENA", "NOMBRE": "ZONTECOMAPA", "MONTO ASIGNADO (PESOS)": 84639, "LATITUD": 17.320215, "LONGITUD": -98.844902 }, "geometry": { "type": "Point", "coordinates": [ -98.844902, 17.320215 ] } },
{ "type": "Feature", "properties": { "NO": 122, "ENTIDAD": "GUERRERO", "MUNICIPIO": "Ahuacuotzingo", "PUEBLO INDIGENA O AFROMEXICANO": "NAHUA", "LOCALIDAD": "AGUA ZARCA", "CLAVE LOC": 120020003, "TIPO DE ASENTAMIENTO": "COMUNIDAD INDIGENA", "NOMBRE": "AGUA ZARCA", "MONTO ASIGNADO (PESOS)": 467806, "LATITUD": 17.728345, "LONGITUD": -99.003968 }, "geometry": { "type": "Point", "coordinates": [ -99.003968, 17.728345 ] } },
{ "type": "Feature", "properties": { "NO": 123, "ENTIDAD": "GUERRERO", "MUNICIPIO": "Ahuacuotzingo", "PUEBLO INDIGENA O AFROMEXICANO": "NAHUA", "LOCALIDAD": "ALPUYECANCINGO DE LAS MONTAÑAS", "CLAVE LOC": 120020005, "TIPO DE ASENTAMIENTO": "COMUNIDAD INDIGENA", "NOMBRE": "ALPUYECANCINGO DE LAS MONTAÑAS", "MONTO ASIGNADO (PESOS)": 2673770, "LATITUD": 17.671288, "LONGITUD": -98.851145 }, "geometry": { "type": "Point", "coordinates": [ -98.851145, 17.671288 ] } },
{ "type": "Feature", "properties": { "NO": 124, "ENTIDAD": "GUERRERO", "MUNICIPIO": "Ahuacuotzingo", "PUEBLO INDIGENA O AFROMEXICANO": "NAHUA", "LOCALIDAD": "BUENAVISTA", "CLAVE LOC": 120020077, "TIPO DE ASENTAMIENTO": "COMUNIDAD INDIGENA", "NOMBRE": "BUENA VISTA", "MONTO ASIGNADO (PESOS)": 149964, "LATITUD": 17.697189, "LONGITUD": -98.864616 }, "geometry": { "type": "Point", "coordinates": [ -98.864616, 17.697189 ] } },
{ "type": "Feature", "properties": { "NO": 125, "ENTIDAD": "GUERRERO", "MUNICIPIO": "Ahuacuotzingo", "PUEBLO INDIGENA O AFROMEXICANO": "NAHUA", "LOCALIDAD": "CASTOCAPA", "CLAVE LOC": 120020122, "TIPO DE ASENTAMIENTO": "LOCALIDAD CON POBLACION\nINDIGENA", "NOMBRE": "CASTOCAPA", "MONTO ASIGNADO (PESOS)": 152477, "LATITUD": 17.705797, "LONGITUD": -98.931636 }, "geometry": { "type": "Point", "coordinates": [ -98.931636, 17.705797 ] } },
{ "type": "Feature", "properties": { "NO": 126, "ENTIDAD": "GUERRERO", "MUNICIPIO": "Ahuacuotzingo", "PUEBLO INDIGENA O AFROMEXICANO": "NAHUA", "LOCALIDAD": "EL CARRIZO", "CLAVE LOC": 120020050, "TIPO DE ASENTAMIENTO": "COMUNIDAD INDIGENA", "NOMBRE": "EL CARRIZO", "MONTO ASIGNADO (PESOS)": 232877, "LATITUD": 17.720375, "LONGITUD": -98.826224 }, "geometry": { "type": "Point", "coordinates": [ -98.826224, 17.720375 ] } },
{ "type": "Feature", "properties": { "NO": 127, "ENTIDAD": "GUERRERO", "MUNICIPIO": "Ahuacuotzingo", "PUEBLO INDIGENA O AFROMEXICANO": "NAHUA", "LOCALIDAD": "EL HUAMUCHILITO", "CLAVE LOC": 120020188, "TIPO DE ASENTAMIENTO": "COMUNIDAD INDIGENA", "NOMBRE": "EL HUAMUCHILITO", "MONTO ASIGNADO (PESOS)": 136146, "LATITUD": 17.716114, "LONGITUD": -98.803488 }, "geometry": { "type": "Point", "coordinates": [ -98.803488, 17.716114 ] } },
{ "type": "Feature", "properties": { "NO": 128, "ENTIDAD": "GUERRERO", "MUNICIPIO": "Ahuacuotzingo", "PUEBLO INDIGENA O AFROMEXICANO": "NAHUA", "LOCALIDAD": "LAMBEDEROS", "CLAVE LOC": 120020079, "TIPO DE ASENTAMIENTO": "COMUNIDAD INDIGENA", "NOMBRE": "LAMBEDEROS", "MONTO ASIGNADO (PESOS)": 165039, "LATITUD": 17.800147, "LONGITUD": -98.876782 }, "geometry": { "type": "Point", "coordinates": [ -98.876782, 17.800147 ] } },
{ "type": "Feature", "properties": { "NO": 129, "ENTIDAD": "GUERRERO", "MUNICIPIO": "Ahuacuotzingo", "PUEBLO INDIGENA O AFROMEXICANO": "NAHUA", "LOCALIDAD": "LOMA BONITA", "CLAVE LOC": 120020107, "TIPO DE ASENTAMIENTO": "COMUNIDAD INDIGENA", "NOMBRE": "LOMA BONITA", "MONTO ASIGNADO (PESOS)": 261771, "LATITUD": 17.681673, "LONGITUD": -98.816327 }, "geometry": { "type": "Point", "coordinates": [ -98.816327, 17.681673 ] } },
{ "type": "Feature", "properties": { "NO": 130, "ENTIDAD": "GUERRERO", "MUNICIPIO": "Ahuacuotzingo", "PUEBLO INDIGENA O AFROMEXICANO": "NAHUA", "LOCALIDAD": "LOMA HERMOSA", "CLAVE LOC": 120020189, "TIPO DE ASENTAMIENTO": "COMUNIDAD INDIGENA", "NOMBRE": "LOMA HERMOSA", "MONTO ASIGNADO (PESOS)": 131121, "LATITUD": 17.69616, "LONGITUD": -98.76478 }, "geometry": { "type": "Point", "coordinates": [ -98.76478, 17.69616 ] } },
{ "type": "Feature", "properties": { "NO": 131, "ENTIDAD": "GUERRERO", "MUNICIPIO": "Ahuacuotzingo", "PUEBLO INDIGENA O AFROMEXICANO": "NAHUA", "LOCALIDAD": "MAZATLAN (SAN JOSE)", "CLAVE LOC": 120020080, "TIPO DE ASENTAMIENTO": "COMUNIDAD INDIGENA", "NOMBRE": "MAZATLÁN (SAN JOSÉ)", "MONTO ASIGNADO (PESOS)": 152477, "LATITUD": 17.704641, "LONGITUD": -98.815349 }, "geometry": { "type": "Point", "coordinates": [ -98.815349, 17.704641 ] } },
{ "type": "Feature", "properties": { "NO": 132, "ENTIDAD": "GUERRERO", "MUNICIPIO": "Ahuacuotzingo", "PUEBLO INDIGENA O AFROMEXICANO": "NAHUA", "LOCALIDAD": "MITLANCINGO", "CLAVE LOC": 120020010, "TIPO DE ASENTAMIENTO": "COMUNIDAD INDIGENA", "NOMBRE": "MITLANCINGO", "MONTO ASIGNADO (PESOS)": 1050695, "LATITUD": 17.831424, "LONGITUD": -98.980258 }, "geometry": { "type": "Point", "coordinates": [ -98.980258, 17.831424 ] } },
{ "type": "Feature", "properties": { "NO": 133, "ENTIDAD": "GUERRERO", "MUNICIPIO": "Ahuacuotzingo", "PUEBLO INDIGENA O AFROMEXICANO": "NAHUA", "LOCALIDAD": "OCOTEPEC", "CLAVE LOC": 120020147, "TIPO DE ASENTAMIENTO": "COMUNIDAD INDIGENA", "NOMBRE": "OCOTEPEC", "MONTO ASIGNADO (PESOS)": 215289, "LATITUD": 17.707969, "LONGITUD": -98.805915 }, "geometry": { "type": "Point", "coordinates": [ -98.805915, 17.707969 ] } },
{ "type": "Feature", "properties": { "NO": 134, "ENTIDAD": "GUERRERO", "MUNICIPIO": "Ahuacuotzingo", "PUEBLO INDIGENA O AFROMEXICANO": "NAHUA", "LOCALIDAD": "OXTOTITLAN", "CLAVE LOC": 120020011, "TIPO DE ASENTAMIENTO": "COMUNIDAD INDIGENA", "NOMBRE": "OXTOTITLÁN", "MONTO ASIGNADO (PESOS)": 1110459, "LATITUD": 17.673419, "LONGITUD": -99.026462 }, "geometry": { "type": "Point", "coordinates": [ -99.026462, 17.673419 ] } },
{ "type": "Feature", "properties": { "NO": 135, "ENTIDAD": "GUERRERO", "MUNICIPIO": "Ahuacuotzingo", "PUEBLO INDIGENA O AFROMEXICANO": "NAHUA", "LOCALIDAD": "OXTOYAHUALCO", "CLAVE LOC": 120020012, "TIPO DE ASENTAMIENTO": "COMUNIDAD INDIGENA", "NOMBRE": "OXTOYAHUALCO", "MONTO ASIGNADO (PESOS)": 588253, "LATITUD": 17.715713, "LONGITUD": -98.967727 }, "geometry": { "type": "Point", "coordinates": [ -98.967727, 17.715713 ] } },
{ "type": "Feature", "properties": { "NO": 136, "ENTIDAD": "GUERRERO", "MUNICIPIO": "Ahuacuotzingo", "PUEBLO INDIGENA O AFROMEXICANO": "NAHUA", "LOCALIDAD": "PITECZINTLA", "CLAVE LOC": 120020069, "TIPO DE ASENTAMIENTO": "COMUNIDAD INDIGENA", "NOMBRE": "PITECZINTLA", "MONTO ASIGNADO (PESOS)": 231621, "LATITUD": 17.729887, "LONGITUD": -98.792584 }, "geometry": { "type": "Point", "coordinates": [ -98.792584, 17.729887 ] } },
{ "type": "Feature", "properties": { "NO": 137, "ENTIDAD": "GUERRERO", "MUNICIPIO": "Ahuacuotzingo", "PUEBLO INDIGENA O AFROMEXICANO": "NAHUA", "LOCALIDAD": "POCHUTLA", "CLAVE LOC": 120020013, "TIPO DE ASENTAMIENTO": "COMUNIDAD INDIGENA", "NOMBRE": "POCHUTLA", "MONTO ASIGNADO (PESOS)": 1082166, "LATITUD": 17.661098, "LONGITUD": -98.897795 }, "geometry": { "type": "Point", "coordinates": [ -98.897795, 17.661098 ] } },
{ "type": "Feature", "properties": { "NO": 138, "ENTIDAD": "GUERRERO", "MUNICIPIO": "Ahuacuotzingo", "PUEBLO INDIGENA O AFROMEXICANO": "NAHUA", "LOCALIDAD": "SANANDRES", "CLAVE LOC": 120020148, "TIPO DE ASENTAMIENTO": "COMUNIDAD INDIGENA", "NOMBRE": "SAN ANDRÉS", "MONTO ASIGNADO (PESOS)": 235389, "LATITUD": 17.702696, "LONGITUD": -98.759441 }, "geometry": { "type": "Point", "coordinates": [ -98.759441, 17.702696 ] } },
{ "type": "Feature", "properties": { "NO": 139, "ENTIDAD": "GUERRERO", "MUNICIPIO": "Ahuacuotzingo", "PUEBLO INDIGENA O AFROMEXICANO": "NAHUA", "LOCALIDAD": "SANFRANCISCO", "CLAVE LOC": 120020149, "TIPO DE ASENTAMIENTO": "COMUNIDAD INDIGENA", "NOMBRE": "SAN FRANCISCO", "MONTO ASIGNADO (PESOS)": 160014, "LATITUD": 17.688273, "LONGITUD": -98.777205 }, "geometry": { "type": "Point", "coordinates": [ -98.777205, 17.688273 ] } },
{ "type": "Feature", "properties": { "NO": 140, "ENTIDAD": "GUERRERO", "MUNICIPIO": "Ahuacuotzingo", "PUEBLO INDIGENA O AFROMEXICANO": "NAHUA", "LOCALIDAD": "SANMARCOS", "CLAVE LOC": 120020176, "TIPO DE ASENTAMIENTO": "COMUNIDAD INDIGENA", "NOMBRE": "SAN MARCOS", "MONTO ASIGNADO (PESOS)": 121071, "LATITUD": 17.698463, "LONGITUD": -98.77645 }, "geometry": { "type": "Point", "coordinates": [ -98.77645, 17.698463 ] } },
{ "type": "Feature", "properties": { "NO": 141, "ENTIDAD": "GUERRERO", "MUNICIPIO": "Ahuacuotzingo", "PUEBLO INDIGENA O AFROMEXICANO": "NAHUA", "LOCALIDAD": "SANMIGUELAHUELICAN", "CLAVE LOC": 120020017, "TIPO DE ASENTAMIENTO": "COMUNIDAD INDIGENA", "NOMBRE": "SAN MIGUEL AHUELICAN", "MONTO ASIGNADO (PESOS)": 268052, "LATITUD": 17.626204, "LONGITUD": -98.886154 }, "geometry": { "type": "Point", "coordinates": [ -98.886154, 17.626204 ] } },
{ "type": "Feature", "properties": { "NO": 142, "ENTIDAD": "GUERRERO", "MUNICIPIO": "Ahuacuotzingo", "PUEBLO INDIGENA O AFROMEXICANO": "NAHUA", "LOCALIDAD": "SANTACATARINA(SANTACATARINALAS JOYAS)", "CLAVE LOC": 120020018, "TIPO DE ASENTAMIENTO": "COMUNIDAD INDIGENA", "NOMBRE": "SANTA CATARINA (SANTA CATARINA LAS JOYAS)", "MONTO ASIGNADO (PESOS)": 926327, "LATITUD": 17.749624, "LONGITUD": -99.090952 }, "geometry": { "type": "Point", "coordinates": [ -99.090952, 17.749624 ] } },
{ "type": "Feature", "properties": { "NO": 143, "ENTIDAD": "GUERRERO", "MUNICIPIO": "Ahuacuotzingo", "PUEBLO INDIGENA O AFROMEXICANO": "NAHUA", "LOCALIDAD": "SANTAROSA", "CLAVE LOC": 120020096, "TIPO DE ASENTAMIENTO": "COMUNIDAD INDIGENA", "NOMBRE": "SANTA ROSA", "MONTO ASIGNADO (PESOS)": 240414, "LATITUD": 17.721961, "LONGITUD": -98.774766 }, "geometry": { "type": "Point", "coordinates": [ -98.774766, 17.721961 ] } },
{ "type": "Feature", "properties": { "NO": 144, "ENTIDAD": "GUERRERO", "MUNICIPIO": "Ahuacuotzingo", "PUEBLO INDIGENA O AFROMEXICANO": "NAHUA", "LOCALIDAD": "TECOLCUAUTLA", "CLAVE LOC": 120020021, "TIPO DE ASENTAMIENTO": "COMUNIDAD INDIGENA", "NOMBRE": "TECOLCUAUTLA", "MONTO ASIGNADO (PESOS)": 1592139, "LATITUD": 17.787859, "LONGITUD": -98.949778 }, "geometry": { "type": "Point", "coordinates": [ -98.949778, 17.787859 ] } },
{ "type": "Feature", "properties": { "NO": 145, "ENTIDAD": "GUERRERO", "MUNICIPIO": "Ahuacuotzingo", "PUEBLO INDIGENA O AFROMEXICANO": "NAHUA", "LOCALIDAD": "TECOZAJCA(TEPEHUAJE)", "CLAVE LOC": 120020022, "TIPO DE ASENTAMIENTO": "COMUNIDAD INDIGENA", "NOMBRE": "TECOZAJCA (TEPEHUAJE)", "MONTO ASIGNADO (PESOS)": 1322045, "LATITUD": 17.816398, "LONGITUD": -98.870799 }, "geometry": { "type": "Point", "coordinates": [ -98.870799, 17.816398 ] } },
{ "type": "Feature", "properties": { "NO": 146, "ENTIDAD": "GUERRERO", "MUNICIPIO": "Ahuacuotzingo", "PUEBLO INDIGENA O AFROMEXICANO": "NAHUA", "LOCALIDAD": "TENANZINTITLAN(LAHACIENDA)", "CLAVE LOC": 120020023, "TIPO DE ASENTAMIENTO": "COMUNIDAD INDIGENA", "NOMBRE": "TENANZINTITLÁN (LA HACIENDA)", "MONTO ASIGNADO (PESOS)": 379858, "LATITUD": 17.762861, "LONGITUD": -98.994664 }, "geometry": { "type": "Point", "coordinates": [ -98.994664, 17.762861 ] } },
{ "type": "Feature", "properties": { "NO": 147, "ENTIDAD": "GUERRERO", "MUNICIPIO": "Ahuacuotzingo", "PUEBLO INDIGENA O AFROMEXICANO": "NAHUA", "LOCALIDAD": "TEPETLATIPA", "CLAVE LOC": 120020024, "TIPO DE ASENTAMIENTO": "COMUNIDAD INDIGENA", "NOMBRE": "TEPETLATIPA", "MONTO ASIGNADO (PESOS)": 522775, "LATITUD": 17.806915, "LONGITUD": -99.024654 }, "geometry": { "type": "Point", "coordinates": [ -99.024654, 17.806915 ] } },
{ "type": "Feature", "properties": { "NO": 148, "ENTIDAD": "GUERRERO", "MUNICIPIO": "Ahuacuotzingo", "PUEBLO INDIGENA O AFROMEXICANO": "NAHUA", "LOCALIDAD": "TEPOXTLAN", "CLAVE LOC": 120020025, "TIPO DE ASENTAMIENTO": "COMUNIDAD INDIGENA", "NOMBRE": "TEPOXTLÁN", "MONTO ASIGNADO (PESOS)": 458106, "LATITUD": 17.767082, "LONGITUD": -98.973849 }, "geometry": { "type": "Point", "coordinates": [ -98.973849, 17.767082 ] } },
{ "type": "Feature", "properties": { "NO": 149, "ENTIDAD": "GUERRERO", "MUNICIPIO": "Ahuacuotzingo", "PUEBLO INDIGENA O AFROMEXICANO": "NAHUA", "LOCALIDAD": "TIERRABLANCA", "CLAVE LOC": 120020070, "TIPO DE ASENTAMIENTO": "COMUNIDAD INDIGENA", "NOMBRE": "TIERRA BLANCA", "MONTO ASIGNADO (PESOS)": 89664, "LATITUD": 17.707697, "LONGITUD": -98.919938 }, "geometry": { "type": "Point", "coordinates": [ -98.919938, 17.707697 ] } },
{ "type": "Feature", "properties": { "NO": 150, "ENTIDAD": "GUERRERO", "MUNICIPIO": "Ahuacuotzingo", "PUEBLO INDIGENA O AFROMEXICANO": "NAHUA", "LOCALIDAD": "TLALCHICHILCO", "CLAVE LOC": 120020083, "TIPO DE ASENTAMIENTO": "COMUNIDAD INDIGENA", "NOMBRE": "TLALCHICHILCO", "MONTO ASIGNADO (PESOS)": 219058, "LATITUD": 17.702314, "LONGITUD": -98.853649 }, "geometry": { "type": "Point", "coordinates": [ -98.853649, 17.702314 ] } },
{ "type": "Feature", "properties": { "NO": 151, "ENTIDAD": "GUERRERO", "MUNICIPIO": "Ahuacuotzingo", "PUEBLO INDIGENA O AFROMEXICANO": "NAHUA", "LOCALIDAD": "TLALCOMULCO", "CLAVE LOC": 120020026, "TIPO DE ASENTAMIENTO": "COMUNIDAD INDIGENA", "NOMBRE": "TLALCOMULCO", "MONTO ASIGNADO (PESOS)": 721558, "LATITUD": 17.708546, "LONGITUD": -99.041143 }, "geometry": { "type": "Point", "coordinates": [ -99.041143, 17.708546 ] } },
{ "type": "Feature", "properties": { "NO": 152, "ENTIDAD": "GUERRERO", "MUNICIPIO": "Ahuacuotzingo", "PUEBLO INDIGENA O AFROMEXICANO": "NAHUA", "LOCALIDAD": "TLALIXTAC", "CLAVE LOC": 120020084, "TIPO DE ASENTAMIENTO": "LOCALIDAD CON POBLACION\nINDIGENA", "NOMBRE": "TLALIXTAC", "MONTO ASIGNADO (PESOS)": 190164, "LATITUD": 17.709832, "LONGITUD": -98.849609 }, "geometry": { "type": "Point", "coordinates": [ -98.849609, 17.709832 ] } },
{ "type": "Feature", "properties": { "NO": 153, "ENTIDAD": "GUERRERO", "MUNICIPIO": "Ahuacuotzingo", "PUEBLO INDIGENA O AFROMEXICANO": "NAHUA", "LOCALIDAD": "TLALXOCOTITLAN", "CLAVE LOC": 120020130, "TIPO DE ASENTAMIENTO": "COMUNIDAD INDIGENA", "NOMBRE": "TLALXOCOTITLÁN", "MONTO ASIGNADO (PESOS)": 158758, "LATITUD": 17.720653, "LONGITUD": -98.798559 }, "geometry": { "type": "Point", "coordinates": [ -98.798559, 17.720653 ] } },
{ "type": "Feature", "properties": { "NO": 154, "ENTIDAD": "GUERRERO", "MUNICIPIO": "Ahuacuotzingo", "PUEBLO INDIGENA O AFROMEXICANO": "NAHUA", "LOCALIDAD": "TRAPICHEVIEJO", "CLAVE LOC": 120020029, "TIPO DE ASENTAMIENTO": "COMUNIDAD INDIGENA", "NOMBRE": "TRAPICHE VIEJO", "MONTO ASIGNADO (PESOS)": 479123, "LATITUD": 17.716436, "LONGITUD": -99.016336 }, "geometry": { "type": "Point", "coordinates": [ -99.016336, 17.716436 ] } },
{ "type": "Feature", "properties": { "NO": 155, "ENTIDAD": "GUERRERO", "MUNICIPIO": "Ahuacuotzingo", "PUEBLO INDIGENA O AFROMEXICANO": "NAHUA", "LOCALIDAD": "VILLAHERMOSA", "CLAVE LOC": 120020054, "TIPO DE ASENTAMIENTO": "COMUNIDAD INDIGENA", "NOMBRE": "VILLA HERMOSA", "MONTO ASIGNADO (PESOS)": 84639, "LATITUD": 17.72462, "LONGITUD": -98.778722 }, "geometry": { "type": "Point", "coordinates": [ -98.778722, 17.72462 ] } },
{ "type": "Feature", "properties": { "NO": 156, "ENTIDAD": "GUERRERO", "MUNICIPIO": "Ahuacuotzingo", "PUEBLO INDIGENA O AFROMEXICANO": "NAHUA", "LOCALIDAD": "XITOPONTLA", "CLAVE LOC": 120020030, "TIPO DE ASENTAMIENTO": "COMUNIDAD INDIGENA", "NOMBRE": "XITOPONTLA", "MONTO ASIGNADO (PESOS)": 759245, "LATITUD": 17.712151, "LONGITUD": -98.842405 }, "geometry": { "type": "Point", "coordinates": [ -98.842405, 17.712151 ] } },
{ "type": "Feature", "properties": { "NO": 157, "ENTIDAD": "GUERRERO", "MUNICIPIO": "Ahuacuotzingo", "PUEBLO INDIGENA O AFROMEXICANO": "NAHUA", "LOCALIDAD": "XUMILTEPEC", "CLAVE LOC": 120020076, "TIPO DE ASENTAMIENTO": "COMUNIDAD INDIGENA", "NOMBRE": "XUMILTEPEC", "MONTO ASIGNADO (PESOS)": 309508, "LATITUD": 17.713306, "LONGITUD": -98.862274 }, "geometry": { "type": "Point", "coordinates": [ -98.862274, 17.713306 ] } },
{ "type": "Feature", "properties": { "NO": 158, "ENTIDAD": "GUERRERO", "MUNICIPIO": "Ahuacuotzingo", "PUEBLO INDIGENA O AFROMEXICANO": "NAHUA", "LOCALIDAD": "YERBABUENA", "CLAVE LOC": 120020041, "TIPO DE ASENTAMIENTO": "COMUNIDAD INDIGENA", "NOMBRE": "YERBABUENA", "MONTO ASIGNADO (PESOS)": 255489, "LATITUD": 17.7456, "LONGITUD": -99.013462 }, "geometry": { "type": "Point", "coordinates": [ -99.013462, 17.7456 ] } },
{ "type": "Feature", "properties": { "NO": 159, "ENTIDAD": "GUERRERO", "MUNICIPIO": "Ahuacuotzingo", "PUEBLO INDIGENA O AFROMEXICANO": "NAHUA", "LOCALIDAD": "YUPITEPEC", "CLAVE LOC": 120020033, "TIPO DE ASENTAMIENTO": "COMUNIDAD INDIGENA", "NOMBRE": "YUPITEPEC", "MONTO ASIGNADO (PESOS)": 212362, "LATITUD": 17.665419, "LONGITUD": -98.931028 }, "geometry": { "type": "Point", "coordinates": [ -98.931028, 17.665419 ] } },
{ "type": "Feature", "properties": { "NO": 160, "ENTIDAD": "GUERRERO", "MUNICIPIO": "Ahuacuotzingo", "PUEBLO INDIGENA O AFROMEXICANO": "NAHUA", "LOCALIDAD": "ZACUALPA", "CLAVE LOC": 120020075, "TIPO DE ASENTAMIENTO": "COMUNIDAD INDIGENA", "NOMBRE": "ZACUALPA", "MONTO ASIGNADO (PESOS)": 524327, "LATITUD": 17.692516, "LONGITUD": -98.818081 }, "geometry": { "type": "Point", "coordinates": [ -98.818081, 17.692516 ] } },
{ "type": "Feature", "properties": { "NO": 161, "ENTIDAD": "GUERRERO", "MUNICIPIO": "Ahuacuotzingo", "PUEBLO INDIGENA O AFROMEXICANO": "NAHUA", "LOCALIDAD": "ZOMPAZOLCO", "CLAVE LOC": 120020034, "TIPO DE ASENTAMIENTO": "COMUNIDAD INDIGENA", "NOMBRE": "ZOMPAZOLCO", "MONTO ASIGNADO (PESOS)": 445183, "LATITUD": 17.818418, "LONGITUD": -98.926996 }, "geometry": { "type": "Point", "coordinates": [ -98.926996, 17.818418 ] } },
{ "type": "Feature", "properties": { "NO": 162, "ENTIDAD": "GUERRERO", "MUNICIPIO": "Ahuacuotzingo", "PUEBLO INDIGENA O AFROMEXICANO": "NAHUA", "LOCALIDAD": "(SINNOMBRE)", "CLAVE LOC": 120020000, "TIPO DE ASENTAMIENTO": "COMUNIDAD INDIGENA", "NOMBRE": "ZOMPAZOLCO", "MONTO ASIGNADO (PESOS)": 84639, "LATITUD": 17.818418, "LONGITUD": -98.926996 }, "geometry": { "type": "Point", "coordinates": [ -98.926996, 17.818418 ] } },
{ "type": "Feature", "properties": { "NO": 163, "ENTIDAD": "GUERRERO", "MUNICIPIO": "Alcozauca de Guerrero", "PUEBLO INDIGENA O AFROMEXICANO": "MIXTECO", "LOCALIDAD": "ACAMETLADEBRAVO", "CLAVE LOC": 120040002, "TIPO DE ASENTAMIENTO": "COMUNIDAD INDIGENA", "NOMBRE": "ACAMETLA DE BRAVO", "MONTO ASIGNADO (PESOS)": 614777, "LATITUD": 17.383044, "LONGITUD": -98.360435 }, "geometry": { "type": "Point", "coordinates": [ -98.360435, 17.383044 ] } },
{ "type": "Feature", "properties": { "NO": 164, "ENTIDAD": "GUERRERO", "MUNICIPIO": "Alcozauca de Guerrero", "PUEBLO INDIGENA O AFROMEXICANO": "MIXTECO", "LOCALIDAD": "AHUEJUTLA", "CLAVE LOC": 120040003, "TIPO DE ASENTAMIENTO": "COMUNIDAD INDIGENA", "NOMBRE": "AHUEJUTLA", "MONTO ASIGNADO (PESOS)": 611008, "LATITUD": 17.491879, "LONGITUD": -98.45112 }, "geometry": { "type": "Point", "coordinates": [ -98.45112, 17.491879 ] } },
{ "type": "Feature", "properties": { "NO": 165, "ENTIDAD": "GUERRERO", "MUNICIPIO": "Alcozauca de Guerrero", "PUEBLO INDIGENA O AFROMEXICANO": "MIXTECO", "LOCALIDAD": "ALCOZAUCADEGUERRERO", "CLAVE LOC": 120040001, "TIPO DE ASENTAMIENTO": "COMUNIDAD INDIGENA", "NOMBRE": "ALCOZAUCA DE GUERRERO", "MONTO ASIGNADO (PESOS)": 338558, "LATITUD": 17.463524, "LONGITUD": -98.383887 }, "geometry": { "type": "Point", "coordinates": [ -98.383887, 17.463524 ] } },
{ "type": "Feature", "properties": { "NO": 166, "ENTIDAD": "GUERRERO", "MUNICIPIO": "Alcozauca de Guerrero", "PUEBLO INDIGENA O AFROMEXICANO": "MIXTECO", "LOCALIDAD": "ALCOZAUCADEGUERRERO", "CLAVE LOC": 120040001, "TIPO DE ASENTAMIENTO": "COMUNIDAD INDIGENA", "NOMBRE": "ALCOZAUCA DE GUERRERO", "MONTO ASIGNADO (PESOS)": 1873559, "LATITUD": 17.463524, "LONGITUD": -98.383887 }, "geometry": { "type": "Point", "coordinates": [ -98.383887, 17.463524 ] } },
{ "type": "Feature", "properties": { "NO": 167, "ENTIDAD": "GUERRERO", "MUNICIPIO": "Alcozauca de Guerrero", "PUEBLO INDIGENA O AFROMEXICANO": "MIXTECO", "LOCALIDAD": "ALMOLONGADEOCAMPO(ALMOLONGA)", "CLAVE LOC": 120040004, "TIPO DE ASENTAMIENTO": "COMUNIDAD INDIGENA", "NOMBRE": "ALMOLONGA DE OCAMPO (ALMOLONGA)", "MONTO ASIGNADO (PESOS)": 1372295, "LATITUD": 17.419955, "LONGITUD": -98.355683 }, "geometry": { "type": "Point", "coordinates": [ -98.355683, 17.419955 ] } },
{ "type": "Feature", "properties": { "NO": 168, "ENTIDAD": "GUERRERO", "MUNICIPIO": "Alcozauca de Guerrero", "PUEBLO INDIGENA O AFROMEXICANO": "MIXTECO", "LOCALIDAD": "AMAPILCA", "CLAVE LOC": 120040006, "TIPO DE ASENTAMIENTO": "COMUNIDAD INDIGENA", "NOMBRE": "AMAPILCA", "MONTO ASIGNADO (PESOS)": 336850, "LATITUD": 17.499281, "LONGITUD": -98.383379 }, "geometry": { "type": "Point", "coordinates": [ -98.383379, 17.499281 ] } },
{ "type": "Feature", "properties": { "NO": 169, "ENTIDAD": "GUERRERO", "MUNICIPIO": "Alcozauca de Guerrero", "PUEBLO INDIGENA O AFROMEXICANO": "MIXTECO", "LOCALIDAD": "BUENAVISTA", "CLAVE LOC": 120040007, "TIPO DE ASENTAMIENTO": "COMUNIDAD INDIGENA", "NOMBRE": "BUENA VISTA", "MONTO ASIGNADO (PESOS)": 710252, "LATITUD": 17.335777, "LONGITUD": -98.31277 }, "geometry": { "type": "Point", "coordinates": [ -98.31277, 17.335777 ] } },
{ "type": "Feature", "properties": { "NO": 170, "ENTIDAD": "GUERRERO", "MUNICIPIO": "Alcozauca de Guerrero", "PUEBLO INDIGENA O AFROMEXICANO": "MIXTECO", "LOCALIDAD": "CERROAZUL", "CLAVE LOC": 120040008, "TIPO DE ASENTAMIENTO": "COMUNIDAD INDIGENA", "NOMBRE": "CERRO AZUL", "MONTO ASIGNADO (PESOS)": 374833, "LATITUD": 17.432601, "LONGITUD": -98.382482 }, "geometry": { "type": "Point", "coordinates": [ -98.382482, 17.432601 ] } },
{ "type": "Feature", "properties": { "NO": 171, "ENTIDAD": "GUERRERO", "MUNICIPIO": "Alcozauca de Guerrero", "PUEBLO INDIGENA O AFROMEXICANO": "MIXTECO", "LOCALIDAD": "CHIMALTEPEC", "CLAVE LOC": 120040010, "TIPO DE ASENTAMIENTO": "COMUNIDAD INDIGENA", "NOMBRE": "CHIMALTEPEC", "MONTO ASIGNADO (PESOS)": 742914, "LATITUD": 17.400698, "LONGITUD": -98.373277 }, "geometry": { "type": "Point", "coordinates": [ -98.373277, 17.400698 ] } },
{ "type": "Feature", "properties": { "NO": 172, "ENTIDAD": "GUERRERO", "MUNICIPIO": "Alcozauca de Guerrero", "PUEBLO INDIGENA O AFROMEXICANO": "MIXTECO", "LOCALIDAD": "COLONIALOMABONITASANMIGUELEL GRANDE", "CLAVE LOC": 120040029, "TIPO DE ASENTAMIENTO": "LOCALIDAD CON POBLACION\nINDIGENA", "NOMBRE": "COLONIA LOMA BONITA SAN MIGUEL EL GRANDE", "MONTO ASIGNADO (PESOS)": 251721, "LATITUD": 17.228932, "LONGITUD": -98.221143 }, "geometry": { "type": "Point", "coordinates": [ -98.221143, 17.228932 ] } },
{ "type": "Feature", "properties": { "NO": 173, "ENTIDAD": "GUERRERO", "MUNICIPIO": "Alcozauca de Guerrero", "PUEBLO INDIGENA O AFROMEXICANO": "MIXTECO", "LOCALIDAD": "COLONIASANANTONIO", "CLAVE LOC": 120040042, "TIPO DE ASENTAMIENTO": "COMUNIDAD INDIGENA", "NOMBRE": "COLONIA SAN ANTONIO", "MONTO ASIGNADO (PESOS)": 583371, "LATITUD": 17.248666, "LONGITUD": -98.244235 }, "geometry": { "type": "Point", "coordinates": [ -98.244235, 17.248666 ] } },
{ "type": "Feature", "properties": { "NO": 174, "ENTIDAD": "GUERRERO", "MUNICIPIO": "Alcozauca de Guerrero", "PUEBLO INDIGENA O AFROMEXICANO": "MIXTECO", "LOCALIDAD": "CRUZVERDE", "CLAVE LOC": 120040024, "TIPO DE ASENTAMIENTO": "LOCALIDAD CON POBLACION\nINDIGENA", "NOMBRE": "CRUZ VERDE", "MONTO ASIGNADO (PESOS)": 154989, "LATITUD": 17.338407, "LONGITUD": -98.371231 }, "geometry": { "type": "Point", "coordinates": [ -98.371231, 17.338407 ] } },
{ "type": "Feature", "properties": { "NO": 175, "ENTIDAD": "GUERRERO", "MUNICIPIO": "Alcozauca de Guerrero", "PUEBLO INDIGENA O AFROMEXICANO": "MIXTECO", "LOCALIDAD": "CUYUXTLAHUAC", "CLAVE LOC": 120040009, "TIPO DE ASENTAMIENTO": "COMUNIDAD INDIGENA", "NOMBRE": "CUYUXTLAHUAC", "MONTO ASIGNADO (PESOS)": 1932583, "LATITUD": 17.480615, "LONGITUD": -98.345181 }, "geometry": { "type": "Point", "coordinates": [ -98.345181, 17.480615 ] } },
{ "type": "Feature", "properties": { "NO": 176, "ENTIDAD": "GUERRERO", "MUNICIPIO": "Alcozauca de Guerrero", "PUEBLO INDIGENA O AFROMEXICANO": "MIXTECO", "LOCALIDAD": "ELGITANO", "CLAVE LOC": 120040023, "TIPO DE ASENTAMIENTO": "COMUNIDAD INDIGENA", "NOMBRE": "EL GITANO", "MONTO ASIGNADO (PESOS)": 147452, "LATITUD": 17.327881, "LONGITUD": -98.439625 }, "geometry": { "type": "Point", "coordinates": [ -98.439625, 17.327881 ] } },
{ "type": "Feature", "properties": { "NO": 177, "ENTIDAD": "GUERRERO", "MUNICIPIO": "Alcozauca de Guerrero", "PUEBLO INDIGENA O AFROMEXICANO": "MIXTECO", "LOCALIDAD": "IXCUINATOYAC", "CLAVE LOC": 120040011, "TIPO DE ASENTAMIENTO": "COMUNIDAD INDIGENA", "NOMBRE": "IXCUINATOYAC", "MONTO ASIGNADO (PESOS)": 1052257, "LATITUD": 17.369327, "LONGITUD": -98.342608 }, "geometry": { "type": "Point", "coordinates": [ -98.342608, 17.369327 ] } },
{ "type": "Feature", "properties": { "NO": 178, "ENTIDAD": "GUERRERO", "MUNICIPIO": "Alcozauca de Guerrero", "PUEBLO INDIGENA O AFROMEXICANO": "MIXTECO", "LOCALIDAD": "LOMAZOYATL(LOMAZOYA)", "CLAVE LOC": 120040012, "TIPO DE ASENTAMIENTO": "COMUNIDAD INDIGENA", "NOMBRE": "LOMAZÓYATL (LOMAZOYA)", "MONTO ASIGNADO (PESOS)": 1480333, "LATITUD": 17.354222, "LONGITUD": -98.460734 }, "geometry": { "type": "Point", "coordinates": [ -98.460734, 17.354222 ] } },
{ "type": "Feature", "properties": { "NO": 179, "ENTIDAD": "GUERRERO", "MUNICIPIO": "Alcozauca de Guerrero", "PUEBLO INDIGENA O AFROMEXICANO": "MIXTECO", "LOCALIDAD": "MELCHOROCAMPO", "CLAVE LOC": 120040013, "TIPO DE ASENTAMIENTO": "COMUNIDAD INDIGENA", "NOMBRE": "MELCHOR OCAMPO", "MONTO ASIGNADO (PESOS)": 1494152, "LATITUD": 17.358554, "LONGITUD": -98.447791 }, "geometry": { "type": "Point", "coordinates": [ -98.447791, 17.358554 ] } },
{ "type": "Feature", "properties": { "NO": 180, "ENTIDAD": "GUERRERO", "MUNICIPIO": "Alcozauca de Guerrero", "PUEBLO INDIGENA O AFROMEXICANO": "MIXTECO", "LOCALIDAD": "NUEVOZARAGOZA", "CLAVE LOC": 120040039, "TIPO DE ASENTAMIENTO": "COMUNIDAD INDIGENA", "NOMBRE": "NUEVO ZARAGOZA", "MONTO ASIGNADO (PESOS)": 327096, "LATITUD": 17.289596, "LONGITUD": -98.388855 }, "geometry": { "type": "Point", "coordinates": [ -98.388855, 17.289596 ] } },
{ "type": "Feature", "properties": { "NO": 181, "ENTIDAD": "GUERRERO", "MUNICIPIO": "Alcozauca de Guerrero", "PUEBLO INDIGENA O AFROMEXICANO": "MIXTECO", "LOCALIDAD": "PETLACALANCINGO", "CLAVE LOC": 120040014, "TIPO DE ASENTAMIENTO": "COMUNIDAD INDIGENA", "NOMBRE": "PETLACALANCINGO", "MONTO ASIGNADO (PESOS)": 420921, "LATITUD": 17.375319, "LONGITUD": -98.491501 }, "geometry": { "type": "Point", "coordinates": [ -98.491501, 17.375319 ] } },
{ "type": "Feature", "properties": { "NO": 182, "ENTIDAD": "GUERRERO", "MUNICIPIO": "Alcozauca de Guerrero", "PUEBLO INDIGENA O AFROMEXICANO": "MIXTECO", "LOCALIDAD": "PUEBLODEDIOS", "CLAVE LOC": 120040025, "TIPO DE ASENTAMIENTO": "COMUNIDAD INDIGENA", "NOMBRE": "PUEBLO DE DIOS", "MONTO ASIGNADO (PESOS)": 518046, "LATITUD": 17.461201, "LONGITUD": -98.335837 }, "geometry": { "type": "Point", "coordinates": [ -98.335837, 17.461201 ] } },
{ "type": "Feature", "properties": { "NO": 183, "ENTIDAD": "GUERRERO", "MUNICIPIO": "Alcozauca de Guerrero", "PUEBLO INDIGENA O AFROMEXICANO": "MIXTECO", "LOCALIDAD": "SANJOSELAGUNAS(CAPULIN)", "CLAVE LOC": 120040015, "TIPO DE ASENTAMIENTO": "COMUNIDAD INDIGENA", "NOMBRE": "SAN JOSÉ LAGUNAS (CAPULÍN)", "MONTO ASIGNADO (PESOS)": 581786, "LATITUD": 17.438081, "LONGITUD": -98.456638 }, "geometry": { "type": "Point", "coordinates": [ -98.456638, 17.438081 ] } },
{ "type": "Feature", "properties": { "NO": 184, "ENTIDAD": "GUERRERO", "MUNICIPIO": "Alcozauca de Guerrero", "PUEBLO INDIGENA O AFROMEXICANO": "MIXTECO", "LOCALIDAD": "SANMARTIN", "CLAVE LOC": 120040022, "TIPO DE ASENTAMIENTO": "LOCALIDAD CON POBLACION\nINDIGENA", "NOMBRE": "SAN MARTÍN", "MONTO ASIGNADO (PESOS)": 427596, "LATITUD": 17.314785, "LONGITUD": -98.337859 }, "geometry": { "type": "Point", "coordinates": [ -98.337859, 17.314785 ] } },
{ "type": "Feature", "properties": { "NO": 185, "ENTIDAD": "GUERRERO", "MUNICIPIO": "Alcozauca de Guerrero", "PUEBLO INDIGENA O AFROMEXICANO": "MIXTECO", "LOCALIDAD": "SANMIGUELELGRANDE", "CLAVE LOC": 120040016, "TIPO DE ASENTAMIENTO": "COMUNIDAD INDIGENA", "NOMBRE": "SAN MIGUEL EL GRANDE", "MONTO ASIGNADO (PESOS)": 1648670, "LATITUD": 17.245097, "LONGITUD": -98.236464 }, "geometry": { "type": "Point", "coordinates": [ -98.236464, 17.245097 ] } },
{ "type": "Feature", "properties": { "NO": 186, "ENTIDAD": "GUERRERO", "MUNICIPIO": "Alcozauca de Guerrero", "PUEBLO INDIGENA O AFROMEXICANO": "MIXTECO", "LOCALIDAD": "SANMIGUELITO", "CLAVE LOC": 120040041, "TIPO DE ASENTAMIENTO": "LOCALIDAD CON POBLACION\nINDIGENA", "NOMBRE": "SAN MIGUELITO", "MONTO ASIGNADO (PESOS)": 274333, "LATITUD": 17.146161, "LONGITUD": -98.245105 }, "geometry": { "type": "Point", "coordinates": [ -98.245105, 17.146161 ] } },
{ "type": "Feature", "properties": { "NO": 187, "ENTIDAD": "GUERRERO", "MUNICIPIO": "Alcozauca de Guerrero", "PUEBLO INDIGENA O AFROMEXICANO": "MIXTECO", "LOCALIDAD": "SANVICENTEZOYATLAN", "CLAVE LOC": 120040020, "TIPO DE ASENTAMIENTO": "COMUNIDAD INDIGENA", "NOMBRE": "SAN VICENTE ZOYATLÁN", "MONTO ASIGNADO (PESOS)": 2411214, "LATITUD": 17.322977, "LONGITUD": -98.36619 }, "geometry": { "type": "Point", "coordinates": [ -98.36619, 17.322977 ] } },
{ "type": "Feature", "properties": { "NO": 188, "ENTIDAD": "GUERRERO", "MUNICIPIO": "Alcozauca de Guerrero", "PUEBLO INDIGENA O AFROMEXICANO": "MIXTECO", "LOCALIDAD": "TLAHUAPA", "CLAVE LOC": 120040017, "TIPO DE ASENTAMIENTO": "COMUNIDAD INDIGENA", "NOMBRE": "TLAHUAPA", "MONTO ASIGNADO (PESOS)": 1391771, "LATITUD": 17.375945, "LONGITUD": -98.337277 }, "geometry": { "type": "Point", "coordinates": [ -98.337277, 17.375945 ] } },
{ "type": "Feature", "properties": { "NO": 189, "ENTIDAD": "GUERRERO", "MUNICIPIO": "Alcozauca de Guerrero", "PUEBLO INDIGENA O AFROMEXICANO": "MIXTECO", "LOCALIDAD": "XOCHAPA", "CLAVE LOC": 120040018, "TIPO DE ASENTAMIENTO": "COMUNIDAD INDIGENA", "NOMBRE": "XOCHAPA", "MONTO ASIGNADO (PESOS)": 1326293, "LATITUD": 17.38328, "LONGITUD": -98.448532 }, "geometry": { "type": "Point", "coordinates": [ -98.448532, 17.38328 ] } },
{ "type": "Feature", "properties": { "NO": 190, "ENTIDAD": "GUERRERO", "MUNICIPIO": "Alcozauca de Guerrero", "PUEBLO INDIGENA O AFROMEXICANO": "MIXTECO", "LOCALIDAD": "XONACATLAN", "CLAVE LOC": 120040019, "TIPO DE ASENTAMIENTO": "COMUNIDAD INDIGENA", "NOMBRE": "XONACATLÁN", "MONTO ASIGNADO (PESOS)": 1006727, "LATITUD": 17.503694, "LONGITUD": -98.41268 }, "geometry": { "type": "Point", "coordinates": [ -98.41268, 17.503694 ] } },
{ "type": "Feature", "properties": { "NO": 191, "ENTIDAD": "GUERRERO", "MUNICIPIO": "Alcozauca de Guerrero", "PUEBLO INDIGENA O AFROMEXICANO": "MIXTECO", "LOCALIDAD": "ZARAGOZA", "CLAVE LOC": 120040021, "TIPO DE ASENTAMIENTO": "LOCALIDAD CON POBLACION\nINDIGENA", "NOMBRE": "ZARAGOZA", "MONTO ASIGNADO (PESOS)": 167552, "LATITUD": 17.305165, "LONGITUD": -98.380602 }, "geometry": { "type": "Point", "coordinates": [ -98.380602, 17.305165 ] } },
{ "type": "Feature", "properties": { "NO": 192, "ENTIDAD": "GUERRERO", "MUNICIPIO": "Alcozauca de Guerrero", "PUEBLO INDIGENA O AFROMEXICANO": "MIXTECO", "LOCALIDAD": "(SINNOMBRE)", "CLAVE LOC": 120040000, "TIPO DE ASENTAMIENTO": "COMUNIDAD INDIGENA", "NOMBRE": "ZARAGOZA", "MONTO ASIGNADO (PESOS)": 84639, "LATITUD": 17.305165, "LONGITUD": -98.380602 }, "geometry": { "type": "Point", "coordinates": [ -98.380602, 17.305165 ] } },
{ "type": "Feature", "properties": { "NO": 193, "ENTIDAD": "GUERRERO", "MUNICIPIO": "Alpoyeca", "PUEBLO INDIGENA O AFROMEXICANO": "NAHUA", "LOCALIDAD": "IXCATEOPAN", "CLAVE LOC": 120050002, "TIPO DE ASENTAMIENTO": "COMUNIDAD INDIGENA", "NOMBRE": "IXCATEOPAN", "MONTO ASIGNADO (PESOS)": 1352970, "LATITUD": 17.618729, "LONGITUD": -98.516071 }, "geometry": { "type": "Point", "coordinates": [ -98.516071, 17.618729 ] } },
{ "type": "Feature", "properties": { "NO": 194, "ENTIDAD": "GUERRERO", "MUNICIPIO": "Alpoyeca", "PUEBLO INDIGENA O AFROMEXICANO": "MIXTECO", "LOCALIDAD": "SANJOSEBUENAVISTA", "CLAVE LOC": 120050003, "TIPO DE ASENTAMIENTO": "COMUNIDAD INDIGENA", "NOMBRE": "SAN JOSÉ BUENAVISTA", "MONTO ASIGNADO (PESOS)": 1065999, "LATITUD": 17.673386, "LONGITUD": -98.525957 }, "geometry": { "type": "Point", "coordinates": [ -98.525957, 17.673386 ] } },
{ "type": "Feature", "properties": { "NO": 195, "ENTIDAD": "GUERRERO", "MUNICIPIO": "Alpoyeca", "PUEBLO INDIGENA O AFROMEXICANO": "NAHUA", "LOCALIDAD": "TECOYO", "CLAVE LOC": 120050004, "TIPO DE ASENTAMIENTO": "COMUNIDAD INDIGENA", "NOMBRE": "TECOYO", "MONTO ASIGNADO (PESOS)": 352209, "LATITUD": 17.592598, "LONGITUD": -98.486672 }, "geometry": { "type": "Point", "coordinates": [ -98.486672, 17.592598 ] } },
{ "type": "Feature", "properties": { "NO": 196, "ENTIDAD": "GUERRERO", "MUNICIPIO": "Arcelia", "PUEBLO INDIGENA O AFROMEXICANO": "NAHUA", "LOCALIDAD": "CACAHUANANCHE", "CLAVE LOC": 120070011, "TIPO DE ASENTAMIENTO": "LOCALIDAD CON POBLACION\nINDIGENA", "NOMBRE": "CACAHUANANCHE", "MONTO ASIGNADO (PESOS)": 224487, "LATITUD": 18.288104, "LONGITUD": -100.126837 }, "geometry": { "type": "Point", "coordinates": [ -100.126837, 18.288104 ] } },
{ "type": "Feature", "properties": { "NO": 197, "ENTIDAD": "GUERRERO", "MUNICIPIO": "Atenango del Río", "PUEBLO INDIGENA O AFROMEXICANO": "NAHUA", "LOCALIDAD": "APANGUITO", "CLAVE LOC": 120080002, "TIPO DE ASENTAMIENTO": "COMUNIDAD INDIGENA", "NOMBRE": "APANGUITO", "MONTO ASIGNADO (PESOS)": 577744, "LATITUD": 18.160046, "LONGITUD": -99.141982 }, "geometry": { "type": "Point", "coordinates": [ -99.141982, 18.160046 ] } },
{ "type": "Feature", "properties": { "NO": 198, "ENTIDAD": "GUERRERO", "MUNICIPIO": "Atenango del Río", "PUEBLO INDIGENA O AFROMEXICANO": "NAHUA", "LOCALIDAD": "ATLAPADELRIO", "CLAVE LOC": 120080003, "TIPO DE ASENTAMIENTO": "COMUNIDAD INDIGENA", "NOMBRE": "ATLAPA DEL RÍO", "MONTO ASIGNADO (PESOS)": 129100, "LATITUD": 18.236173, "LONGITUD": -99.05567 }, "geometry": { "type": "Point", "coordinates": [ -99.05567, 18.236173 ] } },
{ "type": "Feature", "properties": { "NO": 199, "ENTIDAD": "GUERRERO", "MUNICIPIO": "Atenango del Río", "PUEBLO INDIGENA O AFROMEXICANO": "NAHUA", "LOCALIDAD": "COACAN(COCAN)", "CLAVE LOC": 120080005, "TIPO DE ASENTAMIENTO": "COMUNIDAD INDIGENA", "NOMBRE": "COACÁN (COCÁN)", "MONTO ASIGNADO (PESOS)": 213170, "LATITUD": 18.140524, "LONGITUD": -99.186778 }, "geometry": { "type": "Point", "coordinates": [ -99.186778, 18.140524 ] } },
{ "type": "Feature", "properties": { "NO": 200, "ENTIDAD": "GUERRERO", "MUNICIPIO": "Atenango del Río", "PUEBLO INDIGENA O AFROMEXICANO": "NAHUA", "LOCALIDAD": "COMALADEGOMEZ", "CLAVE LOC": 120080006, "TIPO DE ASENTAMIENTO": "COMUNIDAD INDIGENA", "NOMBRE": "COMALA DE GÓMEZ", "MONTO ASIGNADO (PESOS)": 409604, "LATITUD": 18.155341, "LONGITUD": -99.069033 }, "geometry": { "type": "Point", "coordinates": [ -99.069033, 18.155341 ] } },
{ "type": "Feature", "properties": { "NO": 201, "ENTIDAD": "GUERRERO", "MUNICIPIO": "Atenango del Río", "PUEBLO INDIGENA O AFROMEXICANO": "NAHUA", "LOCALIDAD": "FILADELFIA", "CLAVE LOC": 120080020, "TIPO DE ASENTAMIENTO": "COMUNIDAD INDIGENA", "NOMBRE": "FILADELFIA", "MONTO ASIGNADO (PESOS)": 179219, "LATITUD": 18.24824, "LONGITUD": -99.04895 }, "geometry": { "type": "Point", "coordinates": [ -99.04895, 18.24824 ] } },
{ "type": "Feature", "properties": { "NO": 202, "ENTIDAD": "GUERRERO", "MUNICIPIO": "Atenango del Río", "PUEBLO INDIGENA O AFROMEXICANO": "NAHUA", "LOCALIDAD": "LACARBONERA", "CLAVE LOC": 120080004, "TIPO DE ASENTAMIENTO": "COMUNIDAD INDIGENA", "NOMBRE": "LA CARBONERA", "MONTO ASIGNADO (PESOS)": 212362, "LATITUD": 18.236392, "LONGITUD": -99.002417 }, "geometry": { "type": "Point", "coordinates": [ -99.002417, 18.236392 ] } },
{ "type": "Feature", "properties": { "NO": 203, "ENTIDAD": "GUERRERO", "MUNICIPIO": "Atenango del Río", "PUEBLO INDIGENA O AFROMEXICANO": "NAHUA", "LOCALIDAD": "SANJUANTEOCALCINGO", "CLAVE LOC": 120080041, "TIPO DE ASENTAMIENTO": "COMUNIDAD INDIGENA", "NOMBRE": "SAN JUAN TEOCALCINGO", "MONTO ASIGNADO (PESOS)": 752352, "LATITUD": 18.388889, "LONGITUD": -99.125833 }, "geometry": { "type": "Point", "coordinates": [ -99.125833, 18.388889 ] } },
{ "type": "Feature", "properties": { "NO": 204, "ENTIDAD": "GUERRERO", "MUNICIPIO": "Atenango del Río", "PUEBLO INDIGENA O AFROMEXICANO": "NAHUA", "LOCALIDAD": "SANTACRUZ", "CLAVE LOC": 120080009, "TIPO DE ASENTAMIENTO": "COMUNIDAD INDIGENA", "NOMBRE": "SANTA CRUZ", "MONTO ASIGNADO (PESOS)": 160014, "LATITUD": 18.186479, "LONGITUD": -99.123205 }, "geometry": { "type": "Point", "coordinates": [ -99.123205, 18.186479 ] } },
{ "type": "Feature", "properties": { "NO": 205, "ENTIDAD": "GUERRERO", "MUNICIPIO": "Atenango del Río", "PUEBLO INDIGENA O AFROMEXICANO": "NAHUA", "LOCALIDAD": "SANTIAGOZACANGO", "CLAVE LOC": 120080015, "TIPO DE ASENTAMIENTO": "COMUNIDAD INDIGENA", "NOMBRE": "SANTIAGO ZACANGO", "MONTO ASIGNADO (PESOS)": 387778, "LATITUD": 18.211702, "LONGITUD": -99.058543 }, "geometry": { "type": "Point", "coordinates": [ -99.058543, 18.211702 ] } },
{ "type": "Feature", "properties": { "NO": 206, "ENTIDAD": "GUERRERO", "MUNICIPIO": "Atenango del Río", "PUEBLO INDIGENA O AFROMEXICANO": "NAHUA", "LOCALIDAD": "TEMALAC", "CLAVE LOC": 120080010, "TIPO DE ASENTAMIENTO": "COMUNIDAD INDIGENA", "NOMBRE": "TEMALAC", "MONTO ASIGNADO (PESOS)": 1148683, "LATITUD": 18.117173, "LONGITUD": -98.952533 }, "geometry": { "type": "Point", "coordinates": [ -98.952533, 18.117173 ] } },
{ "type": "Feature", "properties": { "NO": 207, "ENTIDAD": "GUERRERO", "MUNICIPIO": "Atenango del Río", "PUEBLO INDIGENA O AFROMEXICANO": "NAHUA", "LOCALIDAD": "TEPETLAPA", "CLAVE LOC": 120080012, "TIPO DE ASENTAMIENTO": "COMUNIDAD INDIGENA", "NOMBRE": "TEPETLAPA", "MONTO ASIGNADO (PESOS)": 682024, "LATITUD": 18.05592, "LONGITUD": -99.176843 }, "geometry": { "type": "Point", "coordinates": [ -99.176843, 18.05592 ] } },
{ "type": "Feature", "properties": { "NO": 208, "ENTIDAD": "GUERRERO", "MUNICIPIO": "Atenango del Río", "PUEBLO INDIGENA O AFROMEXICANO": "NAHUA", "LOCALIDAD": "TEQUICUILCO", "CLAVE LOC": 120080013, "TIPO DE ASENTAMIENTO": "COMUNIDAD INDIGENA", "NOMBRE": "TEQUICUILCO", "MONTO ASIGNADO (PESOS)": 1011838, "LATITUD": 18.103676, "LONGITUD": -99.197627 }, "geometry": { "type": "Point", "coordinates": [ -99.197627, 18.103676 ] } },
{ "type": "Feature", "properties": { "NO": 209, "ENTIDAD": "GUERRERO", "MUNICIPIO": "Atenango del Río", "PUEBLO INDIGENA O AFROMEXICANO": "NAHUA", "LOCALIDAD": "TUZANTLAN", "CLAVE LOC": 120080014, "TIPO DE ASENTAMIENTO": "COMUNIDAD INDIGENA", "NOMBRE": "TUZANTLÁN", "MONTO ASIGNADO (PESOS)": 416879, "LATITUD": 18.203828, "LONGITUD": -99.18279 }, "geometry": { "type": "Point", "coordinates": [ -99.18279, 18.203828 ] } },
{ "type": "Feature", "properties": { "NO": 210, "ENTIDAD": "GUERRERO", "MUNICIPIO": "Atlamajalcingo del Monte", "PUEBLO INDIGENA O AFROMEXICANO": "MIXTECO", "LOCALIDAD": "ATLAMAJALCINGODELMONTE", "CLAVE LOC": 120090001, "TIPO DE ASENTAMIENTO": "COMUNIDAD INDIGENA", "NOMBRE": "ATLAMAJALCINGO DEL MONTE", "MONTO ASIGNADO (PESOS)": 242141, "LATITUD": 17.311655, "LONGITUD": -98.605085 }, "geometry": { "type": "Point", "coordinates": [ -98.605085, 17.311655 ] } },
{ "type": "Feature", "properties": { "NO": 211, "ENTIDAD": "GUERRERO", "MUNICIPIO": "Atlamajalcingo del Monte", "PUEBLO INDIGENA O AFROMEXICANO": "MIXTECO", "LOCALIDAD": "ATLAMAJALCINGODELMONTE", "CLAVE LOC": 120090001, "TIPO DE ASENTAMIENTO": "COMUNIDAD INDIGENA", "NOMBRE": "ATLAMAJALCINGO DEL MONTE", "MONTO ASIGNADO (PESOS)": 787920, "LATITUD": 17.311655, "LONGITUD": -98.605085 }, "geometry": { "type": "Point", "coordinates": [ -98.605085, 17.311655 ] } },
{ "type": "Feature", "properties": { "NO": 212, "ENTIDAD": "GUERRERO", "MUNICIPIO": "Atlamajalcingo del Monte", "PUEBLO INDIGENA O AFROMEXICANO": "ME’PHAA\n(TLAPANECO)", "LOCALIDAD": "BENITOJUAREZ", "CLAVE LOC": 120090003, "TIPO DE ASENTAMIENTO": "COMUNIDAD INDIGENA", "NOMBRE": "BENITO JUÁREZ", "MONTO ASIGNADO (PESOS)": 237902, "LATITUD": 17.329978, "LONGITUD": -98.535901 }, "geometry": { "type": "Point", "coordinates": [ -98.535901, 17.329978 ] } },
{ "type": "Feature", "properties": { "NO": 213, "ENTIDAD": "GUERRERO", "MUNICIPIO": "Atlamajalcingo del Monte", "PUEBLO INDIGENA O AFROMEXICANO": "MIXTECO", "LOCALIDAD": "CHINAMECA", "CLAVE LOC": 120090005, "TIPO DE ASENTAMIENTO": "COMUNIDAD INDIGENA", "NOMBRE": "CHINAMECA", "MONTO ASIGNADO (PESOS)": 389908, "LATITUD": 17.22907, "LONGITUD": -98.590794 }, "geometry": { "type": "Point", "coordinates": [ -98.590794, 17.22907 ] } },
{ "type": "Feature", "properties": { "NO": 214, "ENTIDAD": "GUERRERO", "MUNICIPIO": "Atlamajalcingo del Monte", "PUEBLO INDIGENA O AFROMEXICANO": "ME’PHAA\n(TLAPANECO)", "LOCALIDAD": "COLONIAGUADALUPE", "CLAVE LOC": 120090027, "TIPO DE ASENTAMIENTO": "COMUNIDAD INDIGENA", "NOMBRE": "COLONIA GUADALUPE", "MONTO ASIGNADO (PESOS)": 371064, "LATITUD": 17.317325, "LONGITUD": -98.537652 }, "geometry": { "type": "Point", "coordinates": [ -98.537652, 17.317325 ] } },
{ "type": "Feature", "properties": { "NO": 215, "ENTIDAD": "GUERRERO", "MUNICIPIO": "Atlamajalcingo del Monte", "PUEBLO INDIGENA O AFROMEXICANO": "MIXTECO", "LOCALIDAD": "COLONIAVICENTEGUERRERO", "CLAVE LOC": 120090024, "TIPO DE ASENTAMIENTO": "COMUNIDAD INDIGENA", "NOMBRE": "COLONIA VICENTE GUERRERO", "MONTO ASIGNADO (PESOS)": 117783, "LATITUD": 17.313022, "LONGITUD": -98.596684 }, "geometry": { "type": "Point", "coordinates": [ -98.596684, 17.313022 ] } },
{ "type": "Feature", "properties": { "NO": 216, "ENTIDAD": "GUERRERO", "MUNICIPIO": "Atlamajalcingo del Monte", "PUEBLO INDIGENA O AFROMEXICANO": "MIXTECO", "LOCALIDAD": "CUAUTIPAN", "CLAVE LOC": 120090004, "TIPO DE ASENTAMIENTO": "COMUNIDAD INDIGENA", "NOMBRE": "CUAUTIPAN", "MONTO ASIGNADO (PESOS)": 501714, "LATITUD": 17.39875, "LONGITUD": -98.496973 }, "geometry": { "type": "Point", "coordinates": [ -98.496973, 17.39875 ] } },
{ "type": "Feature", "properties": { "NO": 217, "ENTIDAD": "GUERRERO", "MUNICIPIO": "Atlamajalcingo del Monte", "PUEBLO INDIGENA O AFROMEXICANO": "ME’PHAA\n(TLAPANECO)", "LOCALIDAD": "ELROSARIO", "CLAVE LOC": 120090008, "TIPO DE ASENTAMIENTO": "COMUNIDAD INDIGENA", "NOMBRE": "EL ROSARIO", "MONTO ASIGNADO (PESOS)": 442671, "LATITUD": 17.328484, "LONGITUD": -98.51856 }, "geometry": { "type": "Point", "coordinates": [ -98.51856, 17.328484 ] } },
{ "type": "Feature", "properties": { "NO": 218, "ENTIDAD": "GUERRERO", "MUNICIPIO": "Atlamajalcingo del Monte", "PUEBLO INDIGENA O AFROMEXICANO": "ME’PHAA\n(TLAPANECO)", "LOCALIDAD": "HUEHUETEPEC", "CLAVE LOC": 120090006, "TIPO DE ASENTAMIENTO": "COMUNIDAD INDIGENA", "NOMBRE": "HUEHUETEPEC", "MONTO ASIGNADO (PESOS)": 789395, "LATITUD": 17.266793, "LONGITUD": -98.589577 }, "geometry": { "type": "Point", "coordinates": [ -98.589577, 17.266793 ] } },
{ "type": "Feature", "properties": { "NO": 219, "ENTIDAD": "GUERRERO", "MUNICIPIO": "Atlamajalcingo del Monte", "PUEBLO INDIGENA O AFROMEXICANO": "ME’PHAA\n(TLAPANECO)", "LOCALIDAD": "JUQUILA", "CLAVE LOC": 120090026, "TIPO DE ASENTAMIENTO": "LOCALIDAD CON POBLACION\nINDIGENA", "NOMBRE": "JUQUILA", "MONTO ASIGNADO (PESOS)": 323327, "LATITUD": 17.261397, "LONGITUD": -98.586364 }, "geometry": { "type": "Point", "coordinates": [ -98.586364, 17.261397 ] } },
{ "type": "Feature", "properties": { "NO": 220, "ENTIDAD": "GUERRERO", "MUNICIPIO": "Atlamajalcingo del Monte", "PUEBLO INDIGENA O AFROMEXICANO": "MIXTECO", "LOCALIDAD": "MESONDELSUR", "CLAVE LOC": 120090030, "TIPO DE ASENTAMIENTO": "LOCALIDAD CON POBLACION\nINDIGENA", "NOMBRE": "MESÓN DEL SUR", "MONTO ASIGNADO (PESOS)": 211521, "LATITUD": 17.251789, "LONGITUD": -98.62892 }, "geometry": { "type": "Point", "coordinates": [ -98.62892, 17.251789 ] } },
{ "type": "Feature", "properties": { "NO": 221, "ENTIDAD": "GUERRERO", "MUNICIPIO": "Atlamajalcingo del Monte", "PUEBLO INDIGENA O AFROMEXICANO": "MIXTECO", "LOCALIDAD": "MIPATRIAESPRIMERO", "CLAVE LOC": 120090025, "TIPO DE ASENTAMIENTO": "COMUNIDAD INDIGENA", "NOMBRE": "MI PATRIA ES PRIMERO", "MONTO ASIGNADO (PESOS)": 244183, "LATITUD": 17.3232, "LONGITUD": -98.564871 }, "geometry": { "type": "Point", "coordinates": [ -98.564871, 17.3232 ] } },
{ "type": "Feature", "properties": { "NO": 222, "ENTIDAD": "GUERRERO", "MUNICIPIO": "Atlamajalcingo del Monte", "PUEBLO INDIGENA O AFROMEXICANO": "ME’PHAA\n(TLAPANECO)", "LOCALIDAD": "PIEDRABLANCA", "CLAVE LOC": 120090013, "TIPO DE ASENTAMIENTO": "COMUNIDAD INDIGENA", "NOMBRE": "PIEDRA BLANCA", "MONTO ASIGNADO (PESOS)": 261771, "LATITUD": 17.305422, "LONGITUD": -98.540172 }, "geometry": { "type": "Point", "coordinates": [ -98.540172, 17.305422 ] } },
{ "type": "Feature", "properties": { "NO": 223, "ENTIDAD": "GUERRERO", "MUNICIPIO": "Atlamajalcingo del Monte", "PUEBLO INDIGENA O AFROMEXICANO": "MIXTECO", "LOCALIDAD": "PLANDEGUADALUPE", "CLAVE LOC": 120090007, "TIPO DE ASENTAMIENTO": "COMUNIDAD INDIGENA", "NOMBRE": "PLAN DE GUADALUPE", "MONTO ASIGNADO (PESOS)": 230146, "LATITUD": 17.287041, "LONGITUD": -98.573127 }, "geometry": { "type": "Point", "coordinates": [ -98.573127, 17.287041 ] } },
{ "type": "Feature", "properties": { "NO": 224, "ENTIDAD": "GUERRERO", "MUNICIPIO": "Atlamajalcingo del Monte", "PUEBLO INDIGENA O AFROMEXICANO": "MIXTECO", "LOCALIDAD": "SANISIDROLABRADOR", "CLAVE LOC": 120090009, "TIPO DE ASENTAMIENTO": "COMUNIDAD INDIGENA", "NOMBRE": "SAN ISIDRO LABRADOR", "MONTO ASIGNADO (PESOS)": 471564, "LATITUD": 17.32514, "LONGITUD": -98.565169 }, "geometry": { "type": "Point", "coordinates": [ -98.565169, 17.32514 ] } },
{ "type": "Feature", "properties": { "NO": 225, "ENTIDAD": "GUERRERO", "MUNICIPIO": "Atlamajalcingo del Monte", "PUEBLO INDIGENA O AFROMEXICANO": "ME’PHAA\n(TLAPANECO)", "LOCALIDAD": "SANTACRUZ", "CLAVE LOC": 120090010, "TIPO DE ASENTAMIENTO": "COMUNIDAD INDIGENA", "NOMBRE": "SANTA CRUZ", "MONTO ASIGNADO (PESOS)": 479102, "LATITUD": 17.320535, "LONGITUD": -98.539731 }, "geometry": { "type": "Point", "coordinates": [ -98.539731, 17.320535 ] } },
{ "type": "Feature", "properties": { "NO": 226, "ENTIDAD": "GUERRERO", "MUNICIPIO": "Atlamajalcingo del Monte", "PUEBLO INDIGENA O AFROMEXICANO": "MIXTECO", "LOCALIDAD": "TEPECOCATLAN", "CLAVE LOC": 120090011, "TIPO DE ASENTAMIENTO": "COMUNIDAD INDIGENA", "NOMBRE": "TEPECOCATLÁN", "MONTO ASIGNADO (PESOS)": 896177, "LATITUD": 17.323056, "LONGITUD": -98.619445 }, "geometry": { "type": "Point", "coordinates": [ -98.619445, 17.323056 ] } },
{ "type": "Feature", "properties": { "NO": 227, "ENTIDAD": "GUERRERO", "MUNICIPIO": "Atlamajalcingo del Monte", "PUEBLO INDIGENA O AFROMEXICANO": "ME’PHAA\n(TLAPANECO)", "LOCALIDAD": "ZILACAYOTITLAN", "CLAVE LOC": 120090012, "TIPO DE ASENTAMIENTO": "COMUNIDAD INDIGENA", "NOMBRE": "ZILACAYOTITLÁN", "MONTO ASIGNADO (PESOS)": 1352195, "LATITUD": 17.295871, "LONGITUD": -98.550168 }, "geometry": { "type": "Point", "coordinates": [ -98.550168, 17.295871 ] } },
{ "type": "Feature", "properties": { "NO": 228, "ENTIDAD": "GUERRERO", "MUNICIPIO": "Atlixtac", "PUEBLO INDIGENA O AFROMEXICANO": "NAHUA", "LOCALIDAD": "AGUAZARCA", "CLAVE LOC": 120100115, "TIPO DE ASENTAMIENTO": "COMUNIDAD INDIGENA", "NOMBRE": "RANCHO AGUA ZARCA", "MONTO ASIGNADO (PESOS)": 178858, "LATITUD": 17.623562, "LONGITUD": -98.959533 }, "geometry": { "type": "Point", "coordinates": [ -98.959533, 17.623562 ] } },
{ "type": "Feature", "properties": { "NO": 229, "ENTIDAD": "GUERRERO", "MUNICIPIO": "Atlixtac", "PUEBLO INDIGENA O AFROMEXICANO": "ME’PHAA\n(TLAPANECO)", "LOCALIDAD": "AHUACATITLAN", "CLAVE LOC": 120100120, "TIPO DE ASENTAMIENTO": "COMUNIDAD INDIGENA", "NOMBRE": "AHUACATITLÁN", "MONTO ASIGNADO (PESOS)": 579602, "LATITUD": 17.418794, "LONGITUD": -98.816779 }, "geometry": { "type": "Point", "coordinates": [ -98.816779, 17.418794 ] } },
{ "type": "Feature", "properties": { "NO": 230, "ENTIDAD": "GUERRERO", "MUNICIPIO": "Atlixtac", "PUEBLO INDIGENA O AFROMEXICANO": "NAHUA", "LOCALIDAD": "AHUEXOTITLAN", "CLAVE LOC": 120100003, "TIPO DE ASENTAMIENTO": "COMUNIDAD INDIGENA", "NOMBRE": "AHUEXOTITLÁN", "MONTO ASIGNADO (PESOS)": 318302, "LATITUD": 17.438579, "LONGITUD": -98.873095 }, "geometry": { "type": "Point", "coordinates": [ -98.873095, 17.438579 ] } },
{ "type": "Feature", "properties": { "NO": 231, "ENTIDAD": "GUERRERO", "MUNICIPIO": "Atlixtac", "PUEBLO INDIGENA O AFROMEXICANO": "NAHUA", "LOCALIDAD": "AHUIXTLA", "CLAVE LOC": 120100004, "TIPO DE ASENTAMIENTO": "COMUNIDAD INDIGENA", "NOMBRE": "AHUIXTLA", "MONTO ASIGNADO (PESOS)": 258439, "LATITUD": 17.595795, "LONGITUD": -98.9647 }, "geometry": { "type": "Point", "coordinates": [ -98.9647, 17.595795 ] } },
{ "type": "Feature", "properties": { "NO": 232, "ENTIDAD": "GUERRERO", "MUNICIPIO": "Atlixtac", "PUEBLO INDIGENA O AFROMEXICANO": "NAHUA", "LOCALIDAD": "ALPOYECA", "CLAVE LOC": 120100005, "TIPO DE ASENTAMIENTO": "COMUNIDAD INDIGENA", "NOMBRE": "ALPOYECA", "MONTO ASIGNADO (PESOS)": 162527, "LATITUD": 17.519813, "LONGITUD": -98.920067 }, "geometry": { "type": "Point", "coordinates": [ -98.920067, 17.519813 ] } },
{ "type": "Feature", "properties": { "NO": 233, "ENTIDAD": "GUERRERO", "MUNICIPIO": "Atlixtac", "PUEBLO INDIGENA O AFROMEXICANO": "ME’PHAA\n(TLAPANECO)", "LOCALIDAD": "APOLCANCITEPEC", "CLAVE LOC": 120100081, "TIPO DE ASENTAMIENTO": "COMUNIDAD INDIGENA", "NOMBRE": "APOLCANCITEPEC", "MONTO ASIGNADO (PESOS)": 121071, "LATITUD": 17.304288, "LONGITUD": -98.952978 }, "geometry": { "type": "Point", "coordinates": [ -98.952978, 17.304288 ] } },
{ "type": "Feature", "properties": { "NO": 234, "ENTIDAD": "GUERRERO", "MUNICIPIO": "Atlixtac", "PUEBLO INDIGENA O AFROMEXICANO": "NAHUA", "LOCALIDAD": "ATLIXTAC", "CLAVE LOC": 120100001, "TIPO DE ASENTAMIENTO": "COMUNIDAD INDIGENA", "NOMBRE": "ATLIXTAC", "MONTO ASIGNADO (PESOS)": 889774, "LATITUD": 17.563679, "LONGITUD": -98.933232 }, "geometry": { "type": "Point", "coordinates": [ -98.933232, 17.563679 ] } },
{ "type": "Feature", "properties": { "NO": 235, "ENTIDAD": "GUERRERO", "MUNICIPIO": "Atlixtac", "PUEBLO INDIGENA O AFROMEXICANO": "NAHUA", "LOCALIDAD": "ATLIXTAC", "CLAVE LOC": 120100001, "TIPO DE ASENTAMIENTO": "COMUNIDAD INDIGENA", "NOMBRE": "ATLIXTAC", "MONTO ASIGNADO (PESOS)": 84639, "LATITUD": 17.563679, "LONGITUD": -98.933232 }, "geometry": { "type": "Point", "coordinates": [ -98.933232, 17.563679 ] } },
{ "type": "Feature", "properties": { "NO": 236, "ENTIDAD": "GUERRERO", "MUNICIPIO": "Atlixtac", "PUEBLO INDIGENA O AFROMEXICANO": "ME’PHAA\n(TLAPANECO)", "LOCALIDAD": "BELEN", "CLAVE LOC": 120100138, "TIPO DE ASENTAMIENTO": "COMUNIDAD INDIGENA", "NOMBRE": "BELÉN", "MONTO ASIGNADO (PESOS)": 278102, "LATITUD": 17.320569, "LONGITUD": -98.952265 }, "geometry": { "type": "Point", "coordinates": [ -98.952265, 17.320569 ] } },
{ "type": "Feature", "properties": { "NO": 237, "ENTIDAD": "GUERRERO", "MUNICIPIO": "Atlixtac", "PUEBLO INDIGENA O AFROMEXICANO": "ME’PHAA\n(TLAPANECO)", "LOCALIDAD": "BUENAVISTA", "CLAVE LOC": 120100076, "TIPO DE ASENTAMIENTO": "COMUNIDAD INDIGENA", "NOMBRE": "BUENA VISTA", "MONTO ASIGNADO (PESOS)": 387396, "LATITUD": 17.385353, "LONGITUD": -98.899324 }, "geometry": { "type": "Point", "coordinates": [ -98.899324, 17.385353 ] } },
{ "type": "Feature", "properties": { "NO": 238, "ENTIDAD": "GUERRERO", "MUNICIPIO": "Atlixtac", "PUEBLO INDIGENA O AFROMEXICANO": "ME’PHAA\n(TLAPANECO)", "LOCALIDAD": "CACALOTEPEC", "CLAVE LOC": 120100008, "TIPO DE ASENTAMIENTO": "COMUNIDAD INDIGENA", "NOMBRE": "CACALOTEPEC", "MONTO ASIGNADO (PESOS)": 923814, "LATITUD": 17.385327, "LONGITUD": -98.886161 }, "geometry": { "type": "Point", "coordinates": [ -98.886161, 17.385327 ] } },
{ "type": "Feature", "properties": { "NO": 239, "ENTIDAD": "GUERRERO", "MUNICIPIO": "Atlixtac", "PUEBLO INDIGENA O AFROMEXICANO": "ME’PHAA\n(TLAPANECO)", "LOCALIDAD": "CAXITEPEC", "CLAVE LOC": 120100009, "TIPO DE ASENTAMIENTO": "COMUNIDAD INDIGENA", "NOMBRE": "CAXITEPEC", "MONTO ASIGNADO (PESOS)": 1612239, "LATITUD": 17.295114, "LONGITUD": -98.967619 }, "geometry": { "type": "Point", "coordinates": [ -98.967619, 17.295114 ] } },
{ "type": "Feature", "properties": { "NO": 240, "ENTIDAD": "GUERRERO", "MUNICIPIO": "Atlixtac", "PUEBLO INDIGENA O AFROMEXICANO": "NAHUA", "LOCALIDAD": "CHALMA", "CLAVE LOC": 120100052, "TIPO DE ASENTAMIENTO": "COMUNIDAD INDIGENA", "NOMBRE": "CHALMA", "MONTO ASIGNADO (PESOS)": 668796, "LATITUD": 17.490739, "LONGITUD": -98.87645 }, "geometry": { "type": "Point", "coordinates": [ -98.87645, 17.490739 ] } },
{ "type": "Feature", "properties": { "NO": 241, "ENTIDAD": "GUERRERO", "MUNICIPIO": "Atlixtac", "PUEBLO INDIGENA O AFROMEXICANO": "ME’PHAA\n(TLAPANECO)", "LOCALIDAD": "CHICHIHUATLACO", "CLAVE LOC": 120100125, "TIPO DE ASENTAMIENTO": "COMUNIDAD INDIGENA", "NOMBRE": "CHICHIHUATLACO", "MONTO ASIGNADO (PESOS)": 329608, "LATITUD": 17.364364, "LONGITUD": -98.937671 }, "geometry": { "type": "Point", "coordinates": [ -98.937671, 17.364364 ] } },
{ "type": "Feature", "properties": { "NO": 242, "ENTIDAD": "GUERRERO", "MUNICIPIO": "Atlixtac", "PUEBLO INDIGENA O AFROMEXICANO": "ME’PHAA\n(TLAPANECO)", "LOCALIDAD": "CHICHILTEPEC", "CLAVE LOC": 120100038, "TIPO DE ASENTAMIENTO": "COMUNIDAD INDIGENA", "NOMBRE": "CHICHILTEPEC", "MONTO ASIGNADO (PESOS)": 708995, "LATITUD": 17.336051, "LONGITUD": -98.93481 }, "geometry": { "type": "Point", "coordinates": [ -98.93481, 17.336051 ] } },
{ "type": "Feature", "properties": { "NO": 243, "ENTIDAD": "GUERRERO", "MUNICIPIO": "Atlixtac", "PUEBLO INDIGENA O AFROMEXICANO": "NAHUA", "LOCALIDAD": "CHILMIXTLA", "CLAVE LOC": 120100014, "TIPO DE ASENTAMIENTO": "COMUNIDAD INDIGENA", "NOMBRE": "CHIMIXTLA", "MONTO ASIGNADO (PESOS)": 183260, "LATITUD": 17.545454, "LONGITUD": -98.903764 }, "geometry": { "type": "Point", "coordinates": [ -98.903764, 17.545454 ] } },
{ "type": "Feature", "properties": { "NO": 244, "ENTIDAD": "GUERRERO", "MUNICIPIO": "Atlixtac", "PUEBLO INDIGENA O AFROMEXICANO": "NAHUA", "LOCALIDAD": "COPALTEPEC", "CLAVE LOC": 120100145, "TIPO DE ASENTAMIENTO": "COMUNIDAD INDIGENA", "NOMBRE": "COPALTEPEC", "MONTO ASIGNADO (PESOS)": 502971, "LATITUD": 17.312347, "LONGITUD": -98.946566 }, "geometry": { "type": "Point", "coordinates": [ -98.946566, 17.312347 ] } },
{ "type": "Feature", "properties": { "NO": 245, "ENTIDAD": "GUERRERO", "MUNICIPIO": "Atlixtac", "PUEBLO INDIGENA O AFROMEXICANO": "ME’PHAA\n(TLAPANECO)", "LOCALIDAD": "COXILITEPEC", "CLAVE LOC": 120100011, "TIPO DE ASENTAMIENTO": "COMUNIDAD INDIGENA", "NOMBRE": "COXILITEPEC", "MONTO ASIGNADO (PESOS)": 188908, "LATITUD": 17.434228, "LONGITUD": -98.855585 }, "geometry": { "type": "Point", "coordinates": [ -98.855585, 17.434228 ] } },
{ "type": "Feature", "properties": { "NO": 246, "ENTIDAD": "GUERRERO", "MUNICIPIO": "Atlixtac", "PUEBLO INDIGENA O AFROMEXICANO": "NAHUA", "LOCALIDAD": "COXILITEPEC", "CLAVE LOC": 120100011, "TIPO DE ASENTAMIENTO": "COMUNIDAD INDIGENA", "NOMBRE": "COXILITEPEC", "MONTO ASIGNADO (PESOS)": 271821, "LATITUD": 17.434228, "LONGITUD": -98.855585 }, "geometry": { "type": "Point", "coordinates": [ -98.855585, 17.434228 ] } },
{ "type": "Feature", "properties": { "NO": 247, "ENTIDAD": "GUERRERO", "MUNICIPIO": "Atlixtac", "PUEBLO INDIGENA O AFROMEXICANO": "ME’PHAA\n(TLAPANECO)", "LOCALIDAD": "ELDURAZNAL", "CLAVE LOC": 120100016, "TIPO DE ASENTAMIENTO": "COMUNIDAD INDIGENA", "NOMBRE": "EL DURAZNAL", "MONTO ASIGNADO (PESOS)": 426339, "LATITUD": 17.501463, "LONGITUD": -98.887401 }, "geometry": { "type": "Point", "coordinates": [ -98.887401, 17.501463 ] } },
{ "type": "Feature", "properties": { "NO": 248, "ENTIDAD": "GUERRERO", "MUNICIPIO": "Atlixtac", "PUEBLO INDIGENA O AFROMEXICANO": "NAHUA", "LOCALIDAD": "ELMEMBRILLO", "CLAVE LOC": 120100126, "TIPO DE ASENTAMIENTO": "COMUNIDAD INDIGENA", "NOMBRE": "EL MEMBRILLO", "MONTO ASIGNADO (PESOS)": 430621, "LATITUD": 17.343756, "LONGITUD": -98.932382 }, "geometry": { "type": "Point", "coordinates": [ -98.932382, 17.343756 ] } },
{ "type": "Feature", "properties": { "NO": 249, "ENTIDAD": "GUERRERO", "MUNICIPIO": "Atlixtac", "PUEBLO INDIGENA O AFROMEXICANO": "ME’PHAA\n(TLAPANECO)", "LOCALIDAD": "ELPEDREGAL", "CLAVE LOC": 120100148, "TIPO DE ASENTAMIENTO": "LOCALIDAD CON POBLACION\nINDIGENA", "NOMBRE": "EL PEDREGAL", "MONTO ASIGNADO (PESOS)": 156246, "LATITUD": 17.558056, "LONGITUD": -98.932022 }, "geometry": { "type": "Point", "coordinates": [ -98.932022, 17.558056 ] } },
{ "type": "Feature", "properties": { "NO": 250, "ENTIDAD": "GUERRERO", "MUNICIPIO": "Atlixtac", "PUEBLO INDIGENA O AFROMEXICANO": "NAHUA", "LOCALIDAD": "ELPOTRERO", "CLAVE LOC": 120100029, "TIPO DE ASENTAMIENTO": "COMUNIDAD INDIGENA", "NOMBRE": "EL POTRERO", "MONTO ASIGNADO (PESOS)": 284306, "LATITUD": 17.591192, "LONGITUD": -98.921624 }, "geometry": { "type": "Point", "coordinates": [ -98.921624, 17.591192 ] } },
{ "type": "Feature", "properties": { "NO": 251, "ENTIDAD": "GUERRERO", "MUNICIPIO": "Atlixtac", "PUEBLO INDIGENA O AFROMEXICANO": "NAHUA", "LOCALIDAD": "ELPOTRERO(CLAVEINEGI120100029)", "CLAVE LOC": 120100029, "TIPO DE ASENTAMIENTO": "COMUNIDAD INDIGENA", "NOMBRE": "EL POTRERO", "MONTO ASIGNADO (PESOS)": 120208, "LATITUD": 17.591192, "LONGITUD": -98.921624 }, "geometry": { "type": "Point", "coordinates": [ -98.921624, 17.591192 ] } },
{ "type": "Feature", "properties": { "NO": 252, "ENTIDAD": "GUERRERO", "MUNICIPIO": "Atlixtac", "PUEBLO INDIGENA O AFROMEXICANO": "ME’PHAA\n(TLAPANECO)", "LOCALIDAD": "HUEYITEPEC", "CLAVE LOC": 120100053, "TIPO DE ASENTAMIENTO": "COMUNIDAD INDIGENA", "NOMBRE": "HUEYITEPEC", "MONTO ASIGNADO (PESOS)": 156246, "LATITUD": 17.613546, "LONGITUD": -98.972235 }, "geometry": { "type": "Point", "coordinates": [ -98.972235, 17.613546 ] } },
{ "type": "Feature", "properties": { "NO": 253, "ENTIDAD": "GUERRERO", "MUNICIPIO": "Atlixtac", "PUEBLO INDIGENA O AFROMEXICANO": "NAHUA", "LOCALIDAD": "HUITZACOTLA", "CLAVE LOC": 120100019, "TIPO DE ASENTAMIENTO": "COMUNIDAD INDIGENA", "NOMBRE": "HUITZACOTLA", "MONTO ASIGNADO (PESOS)": 128608, "LATITUD": 17.55957, "LONGITUD": -98.905623 }, "geometry": { "type": "Point", "coordinates": [ -98.905623, 17.55957 ] } },
{ "type": "Feature", "properties": { "NO": 254, "ENTIDAD": "GUERRERO", "MUNICIPIO": "Atlixtac", "PUEBLO INDIGENA O AFROMEXICANO": "NAHUA", "LOCALIDAD": "HUITZACOTLA", "CLAVE LOC": 120100019, "TIPO DE ASENTAMIENTO": "COMUNIDAD INDIGENA", "NOMBRE": "HUITZACOTLA", "MONTO ASIGNADO (PESOS)": 786883, "LATITUD": 17.55957, "LONGITUD": -98.905623 }, "geometry": { "type": "Point", "coordinates": [ -98.905623, 17.55957 ] } },
{ "type": "Feature", "properties": { "NO": 255, "ENTIDAD": "GUERRERO", "MUNICIPIO": "Atlixtac", "PUEBLO INDIGENA O AFROMEXICANO": "ME’PHAA\n(TLAPANECO)", "LOCALIDAD": "HUITZAPULA(SANPEDROHUITZAPULASUR)", "CLAVE LOC": 120100061, "TIPO DE ASENTAMIENTO": "LOCALIDAD CON POBLACION\nINDIGENA", "NOMBRE": "HUITZAPULA (SAN PEDRO HUITZAPULA SUR)", "MONTO ASIGNADO (PESOS)": 628596, "LATITUD": 17.424236, "LONGITUD": -98.805158 }, "geometry": { "type": "Point", "coordinates": [ -98.805158, 17.424236 ] } },
{ "type": "Feature", "properties": { "NO": 256, "ENTIDAD": "GUERRERO", "MUNICIPIO": "Atlixtac", "PUEBLO INDIGENA O AFROMEXICANO": "ME’PHAA\n(TLAPANECO)", "LOCALIDAD": "HUIXOLOTEPEC(HUITZOLOTEPEC)", "CLAVE LOC": 120100018, "TIPO DE ASENTAMIENTO": "COMUNIDAD INDIGENA", "NOMBRE": "HUIXOLOTEPEC (HUITZOLOTEPEC)", "MONTO ASIGNADO (PESOS)": 784370, "LATITUD": 17.368879, "LONGITUD": -98.9081 }, "geometry": { "type": "Point", "coordinates": [ -98.9081, 17.368879 ] } },
{ "type": "Feature", "properties": { "NO": 257, "ENTIDAD": "GUERRERO", "MUNICIPIO": "Atlixtac", "PUEBLO INDIGENA O AFROMEXICANO": "ME’PHAA\n(TLAPANECO)", "LOCALIDAD": "HUIXTLAZALA", "CLAVE LOC": 120100083, "TIPO DE ASENTAMIENTO": "COMUNIDAD INDIGENA", "NOMBRE": "HUIXTLAZALA", "MONTO ASIGNADO (PESOS)": 479102, "LATITUD": 17.299939, "LONGITUD": -98.946732 }, "geometry": { "type": "Point", "coordinates": [ -98.946732, 17.299939 ] } },
{ "type": "Feature", "properties": { "NO": 258, "ENTIDAD": "GUERRERO", "MUNICIPIO": "Atlixtac", "PUEBLO INDIGENA O AFROMEXICANO": "NAHUA", "LOCALIDAD": "IXMATLA", "CLAVE LOC": 120100020, "TIPO DE ASENTAMIENTO": "COMUNIDAD INDIGENA", "NOMBRE": "IXMATLA", "MONTO ASIGNADO (PESOS)": 217802, "LATITUD": 17.551369, "LONGITUD": -98.968916 }, "geometry": { "type": "Point", "coordinates": [ -98.968916, 17.551369 ] } },
{ "type": "Feature", "properties": { "NO": 259, "ENTIDAD": "GUERRERO", "MUNICIPIO": "Atlixtac", "PUEBLO INDIGENA O AFROMEXICANO": "NAHUA", "LOCALIDAD": "IXTLACHALOYAN", "CLAVE LOC": 120100099, "TIPO DE ASENTAMIENTO": "LOCALIDAD CON POBLACION\nINDIGENA", "NOMBRE": "IXTLACHALOYAN", "MONTO ASIGNADO (PESOS)": 161271, "LATITUD": 17.625166, "LONGITUD": -98.778399 }, "geometry": { "type": "Point", "coordinates": [ -98.778399, 17.625166 ] } },
{ "type": "Feature", "properties": { "NO": 260, "ENTIDAD": "GUERRERO", "MUNICIPIO": "Atlixtac", "PUEBLO INDIGENA O AFROMEXICANO": "ME’PHAA\n(TLAPANECO)", "LOCALIDAD": "IXTLAHUAROJA(IXTLAHUA)", "CLAVE LOC": 120100021, "TIPO DE ASENTAMIENTO": "COMUNIDAD INDIGENA", "NOMBRE": "IXTLAHUA ROJA (IXTLAHUA)", "MONTO ASIGNADO (PESOS)": 747939, "LATITUD": 17.358096, "LONGITUD": -98.940886 }, "geometry": { "type": "Point", "coordinates": [ -98.940886, 17.358096 ] } },
{ "type": "Feature", "properties": { "NO": 261, "ENTIDAD": "GUERRERO", "MUNICIPIO": "Atlixtac", "PUEBLO INDIGENA O AFROMEXICANO": "ME’PHAA\n(TLAPANECO)", "LOCALIDAD": "IXTLAHUACORRAL", "CLAVE LOC": 120100147, "TIPO DE ASENTAMIENTO": "COMUNIDAD INDIGENA", "NOMBRE": "IXTLAHUACORRAL", "MONTO ASIGNADO (PESOS)": 202727, "LATITUD": 17.423731, "LONGITUD": -98.807348 }, "geometry": { "type": "Point", "coordinates": [ -98.807348, 17.423731 ] } },
{ "type": "Feature", "properties": { "NO": 262, "ENTIDAD": "GUERRERO", "MUNICIPIO": "Atlixtac", "PUEBLO INDIGENA O AFROMEXICANO": "ME’PHAA\n(TLAPANECO)", "LOCALIDAD": "LATABERNA", "CLAVE LOC": 120100032, "TIPO DE ASENTAMIENTO": "COMUNIDAD INDIGENA", "NOMBRE": "LA TABERNA", "MONTO ASIGNADO (PESOS)": 422571, "LATITUD": 17.37381, "LONGITUD": -98.924948 }, "geometry": { "type": "Point", "coordinates": [ -98.924948, 17.37381 ] } },
{ "type": "Feature", "properties": { "NO": 263, "ENTIDAD": "GUERRERO", "MUNICIPIO": "Atlixtac", "PUEBLO INDIGENA O AFROMEXICANO": "ME’PHAA\n(TLAPANECO)", "LOCALIDAD": "LAGUNALTEPEC", "CLAVE LOC": 120100139, "TIPO DE ASENTAMIENTO": "COMUNIDAD INDIGENA", "NOMBRE": "LAGUNALTEPEC", "MONTO ASIGNADO (PESOS)": 480358, "LATITUD": 17.294155, "LONGITUD": -98.969377 }, "geometry": { "type": "Point", "coordinates": [ -98.969377, 17.294155 ] } },
{ "type": "Feature", "properties": { "NO": 264, "ENTIDAD": "GUERRERO", "MUNICIPIO": "Atlixtac", "PUEBLO INDIGENA O AFROMEXICANO": "ME’PHAA\n(TLAPANECO)", "LOCALIDAD": "LASPALMAS", "CLAVE LOC": 120100100, "TIPO DE ASENTAMIENTO": "COMUNIDAD INDIGENA", "NOMBRE": "LAS PALMAS", "MONTO ASIGNADO (PESOS)": 314533, "LATITUD": 17.350997, "LONGITUD": -98.893312 }, "geometry": { "type": "Point", "coordinates": [ -98.893312, 17.350997 ] } },
{ "type": "Feature", "properties": { "NO": 265, "ENTIDAD": "GUERRERO", "MUNICIPIO": "Atlixtac", "PUEBLO INDIGENA O AFROMEXICANO": "NAHUA", "LOCALIDAD": "LINDAVISTA", "CLAVE LOC": 120100114, "TIPO DE ASENTAMIENTO": "COMUNIDAD INDIGENA", "NOMBRE": "LINDA VISTA", "MONTO ASIGNADO (PESOS)": 137402, "LATITUD": 17.582884, "LONGITUD": -98.901665 }, "geometry": { "type": "Point", "coordinates": [ -98.901665, 17.582884 ] } },
{ "type": "Feature", "properties": { "NO": 266, "ENTIDAD": "GUERRERO", "MUNICIPIO": "Atlixtac", "PUEBLO INDIGENA O AFROMEXICANO": "ME’PHAA\n(TLAPANECO)", "LOCALIDAD": "LOMABONITA", "CLAVE LOC": 120100131, "TIPO DE ASENTAMIENTO": "COMUNIDAD INDIGENA", "NOMBRE": "LOMA BONITA", "MONTO ASIGNADO (PESOS)": 384883, "LATITUD": 17.351637, "LONGITUD": -98.913615 }, "geometry": { "type": "Point", "coordinates": [ -98.913615, 17.351637 ] } },
{ "type": "Feature", "properties": { "NO": 267, "ENTIDAD": "GUERRERO", "MUNICIPIO": "Atlixtac", "PUEBLO INDIGENA O AFROMEXICANO": "NAHUA", "LOCALIDAD": "LOSMESONES", "CLAVE LOC": 120100024, "TIPO DE ASENTAMIENTO": "COMUNIDAD INDIGENA", "NOMBRE": "LOS MESONES", "MONTO ASIGNADO (PESOS)": 306132, "LATITUD": 17.550921, "LONGITUD": -98.874805 }, "geometry": { "type": "Point", "coordinates": [ -98.874805, 17.550921 ] } },
{ "type": "Feature", "properties": { "NO": 268, "ENTIDAD": "GUERRERO", "MUNICIPIO": "Atlixtac", "PUEBLO INDIGENA O AFROMEXICANO": "NAHUA", "LOCALIDAD": "LOSPINOS", "CLAVE LOC": 120100149, "TIPO DE ASENTAMIENTO": "COMUNIDAD INDIGENA", "NOMBRE": "LOS PINOS", "MONTO ASIGNADO (PESOS)": 170064, "LATITUD": 17.425718, "LONGITUD": -98.871562 }, "geometry": { "type": "Point", "coordinates": [ -98.871562, 17.425718 ] } },
{ "type": "Feature", "properties": { "NO": 269, "ENTIDAD": "GUERRERO", "MUNICIPIO": "Atlixtac", "PUEBLO INDIGENA O AFROMEXICANO": "ME’PHAA\n(TLAPANECO)", "LOCALIDAD": "LUCERITO", "CLAVE LOC": 120100093, "TIPO DE ASENTAMIENTO": "COMUNIDAD INDIGENA", "NOMBRE": "LUCERITO", "MONTO ASIGNADO (PESOS)": 235389, "LATITUD": 17.406291, "LONGITUD": -98.847195 }, "geometry": { "type": "Point", "coordinates": [ -98.847195, 17.406291 ] } },
{ "type": "Feature", "properties": { "NO": 270, "ENTIDAD": "GUERRERO", "MUNICIPIO": "Atlixtac", "PUEBLO INDIGENA O AFROMEXICANO": "ME’PHAA\n(TLAPANECO)", "LOCALIDAD": "LUISDONALDOCOLOSIOMURRIETA", "CLAVE LOC": 120100105, "TIPO DE ASENTAMIENTO": "COMUNIDAD INDIGENA", "NOMBRE": "LUIS DONALDO COLOSIO MURRIETA", "MONTO ASIGNADO (PESOS)": 394933, "LATITUD": 17.363698, "LONGITUD": -98.878782 }, "geometry": { "type": "Point", "coordinates": [ -98.878782, 17.363698 ] } },
{ "type": "Feature", "properties": { "NO": 271, "ENTIDAD": "GUERRERO", "MUNICIPIO": "Atlixtac", "PUEBLO INDIGENA O AFROMEXICANO": "NAHUA", "LOCALIDAD": "OCOPEXCO", "CLAVE LOC": 120100027, "TIPO DE ASENTAMIENTO": "COMUNIDAD INDIGENA", "NOMBRE": "OCOPEXCO", "MONTO ASIGNADO (PESOS)": 440158, "LATITUD": 17.424398, "LONGITUD": -98.8483 }, "geometry": { "type": "Point", "coordinates": [ -98.8483, 17.424398 ] } },
{ "type": "Feature", "properties": { "NO": 272, "ENTIDAD": "GUERRERO", "MUNICIPIO": "Atlixtac", "PUEBLO INDIGENA O AFROMEXICANO": "ME’PHAA\n(TLAPANECO)", "LOCALIDAD": "PARAJEMALINALTEPEC", "CLAVE LOC": 120100133, "TIPO DE ASENTAMIENTO": "LOCALIDAD CON POBLACION\nINDIGENA", "NOMBRE": "PARAJE MALINALTEPEC", "MONTO ASIGNADO (PESOS)": 154989, "LATITUD": 17.366341, "LONGITUD": -98.879547 }, "geometry": { "type": "Point", "coordinates": [ -98.879547, 17.366341 ] } },
{ "type": "Feature", "properties": { "NO": 273, "ENTIDAD": "GUERRERO", "MUNICIPIO": "Atlixtac", "PUEBLO INDIGENA O AFROMEXICANO": "NAHUA", "LOCALIDAD": "PETATLAN", "CLAVE LOC": 120100028, "TIPO DE ASENTAMIENTO": "COMUNIDAD INDIGENA", "NOMBRE": "PETATLÁN", "MONTO ASIGNADO (PESOS)": 861482, "LATITUD": 17.580904, "LONGITUD": -98.989233 }, "geometry": { "type": "Point", "coordinates": [ -98.989233, 17.580904 ] } },
{ "type": "Feature", "properties": { "NO": 274, "ENTIDAD": "GUERRERO", "MUNICIPIO": "Atlixtac", "PUEBLO INDIGENA O AFROMEXICANO": "ME’PHAA\n(TLAPANECO)", "LOCALIDAD": "PETLAZOLAPA", "CLAVE LOC": 120100067, "TIPO DE ASENTAMIENTO": "COMUNIDAD INDIGENA", "NOMBRE": "PETLAZOLAPA", "MONTO ASIGNADO (PESOS)": 312021, "LATITUD": 17.30582, "LONGITUD": -98.933429 }, "geometry": { "type": "Point", "coordinates": [ -98.933429, 17.30582 ] } },
{ "type": "Feature", "properties": { "NO": 275, "ENTIDAD": "GUERRERO", "MUNICIPIO": "Atlixtac", "PUEBLO INDIGENA O AFROMEXICANO": "NAHUA", "LOCALIDAD": "RANCHOSALITRE(RANCHOVIEJO)", "CLAVE LOC": 120100030, "TIPO DE ASENTAMIENTO": "COMUNIDAD INDIGENA", "NOMBRE": "RANCHO SALITRE (RANCHO VIEJO)", "MONTO ASIGNADO (PESOS)": 168808, "LATITUD": 17.564165, "LONGITUD": -98.953334 }, "geometry": { "type": "Point", "coordinates": [ -98.953334, 17.564165 ] } },
{ "type": "Feature", "properties": { "NO": 276, "ENTIDAD": "GUERRERO", "MUNICIPIO": "Atlixtac", "PUEBLO INDIGENA O AFROMEXICANO": "NAHUA", "LOCALIDAD": "SANJOSE", "CLAVE LOC": 120100084, "TIPO DE ASENTAMIENTO": "COMUNIDAD INDIGENA", "NOMBRE": "SAN JOSÉ", "MONTO ASIGNADO (PESOS)": 156246, "LATITUD": 17.58893, "LONGITUD": -98.913701 }, "geometry": { "type": "Point", "coordinates": [ -98.913701, 17.58893 ] } },
{ "type": "Feature", "properties": { "NO": 277, "ENTIDAD": "GUERRERO", "MUNICIPIO": "Atlixtac", "PUEBLO INDIGENA O AFROMEXICANO": "NAHUA", "LOCALIDAD": "SANJUANBAUTISTACOAPALA", "CLAVE LOC": 120100012, "TIPO DE ASENTAMIENTO": "COMUNIDAD INDIGENA", "NOMBRE": "SAN JUAN BAUTISTA COAPALA", "MONTO ASIGNADO (PESOS)": 1240389, "LATITUD": 17.441499, "LONGITUD": -98.839679 }, "geometry": { "type": "Point", "coordinates": [ -98.839679, 17.441499 ] } },
{ "type": "Feature", "properties": { "NO": 278, "ENTIDAD": "GUERRERO", "MUNICIPIO": "Atlixtac", "PUEBLO INDIGENA O AFROMEXICANO": "ME’PHAA\n(TLAPANECO)", "LOCALIDAD": "SANLUCASTEOCUITLAPA(TEOCUITLAPA)", "CLAVE LOC": 120100034, "TIPO DE ASENTAMIENTO": "COMUNIDAD INDIGENA", "NOMBRE": "SAN LUCAS TEOCUITLAPA (TEOCUITLAPA)", "MONTO ASIGNADO (PESOS)": 1011752, "LATITUD": 17.340692, "LONGITUD": -98.918546 }, "geometry": { "type": "Point", "coordinates": [ -98.918546, 17.340692 ] } },
{ "type": "Feature", "properties": { "NO": 279, "ENTIDAD": "GUERRERO", "MUNICIPIO": "Atlixtac", "PUEBLO INDIGENA O AFROMEXICANO": "ME’PHAA\n(TLAPANECO)", "LOCALIDAD": "SANMIGUELTONALAPA", "CLAVE LOC": 120100140, "TIPO DE ASENTAMIENTO": "COMUNIDAD INDIGENA", "NOMBRE": "SAN MIGUEL TONALAPA", "MONTO ASIGNADO (PESOS)": 226596, "LATITUD": 17.318857, "LONGITUD": -98.938515 }, "geometry": { "type": "Point", "coordinates": [ -98.938515, 17.318857 ] } },
{ "type": "Feature", "properties": { "NO": 280, "ENTIDAD": "GUERRERO", "MUNICIPIO": "Atlixtac", "PUEBLO INDIGENA O AFROMEXICANO": "NAHUA", "LOCALIDAD": "SANMIGUELXOCHIMILCO(LASESTACAS)", "CLAVE LOC": 120100031, "TIPO DE ASENTAMIENTO": "COMUNIDAD INDIGENA", "NOMBRE": "SAN MIGUEL XOCHIMILCO (LAS ESTACAS)", "MONTO ASIGNADO (PESOS)": 190164, "LATITUD": 17.642014, "LONGITUD": -98.786989 }, "geometry": { "type": "Point", "coordinates": [ -98.786989, 17.642014 ] } },
{ "type": "Feature", "properties": { "NO": 281, "ENTIDAD": "GUERRERO", "MUNICIPIO": "Atlixtac", "PUEBLO INDIGENA O AFROMEXICANO": "ME’PHAA\n(TLAPANECO)", "LOCALIDAD": "SANPEDROHUITZAPULANORTE(HUITZAPULA NORTE)", "CLAVE LOC": 120100060, "TIPO DE ASENTAMIENTO": "COMUNIDAD INDIGENA", "NOMBRE": "SAN PEDRO HUITZAPULA NORTE (HUITZAPULA NORTE)", "MONTO ASIGNADO (PESOS)": 1932583, "LATITUD": 17.42582, "LONGITUD": -98.806352 }, "geometry": { "type": "Point", "coordinates": [ -98.806352, 17.42582 ] } },
{ "type": "Feature", "properties": { "NO": 282, "ENTIDAD": "GUERRERO", "MUNICIPIO": "Atlixtac", "PUEBLO INDIGENA O AFROMEXICANO": "NAHUA", "LOCALIDAD": "SANTAISABEL", "CLAVE LOC": 120100047, "TIPO DE ASENTAMIENTO": "COMUNIDAD INDIGENA", "NOMBRE": "SANTA ISABEL", "MONTO ASIGNADO (PESOS)": 292390, "LATITUD": 17.591417, "LONGITUD": -99.009835 }, "geometry": { "type": "Point", "coordinates": [ -99.009835, 17.591417 ] } },
{ "type": "Feature", "properties": { "NO": 283, "ENTIDAD": "GUERRERO", "MUNICIPIO": "Atlixtac", "PUEBLO INDIGENA O AFROMEXICANO": "NAHUA", "LOCALIDAD": "TECOCOMULAPA", "CLAVE LOC": 120100033, "TIPO DE ASENTAMIENTO": "COMUNIDAD INDIGENA", "NOMBRE": "TECOCOMULAPA", "MONTO ASIGNADO (PESOS)": 337146, "LATITUD": 17.578263, "LONGITUD": -98.910786 }, "geometry": { "type": "Point", "coordinates": [ -98.910786, 17.578263 ] } },
{ "type": "Feature", "properties": { "NO": 284, "ENTIDAD": "GUERRERO", "MUNICIPIO": "Atlixtac", "PUEBLO INDIGENA O AFROMEXICANO": "NAHUA", "LOCALIDAD": "TEJOCOTITLAN", "CLAVE LOC": 120100102, "TIPO DE ASENTAMIENTO": "COMUNIDAD INDIGENA", "NOMBRE": "TEJOCOTITLÁN", "MONTO ASIGNADO (PESOS)": 148708, "LATITUD": 17.533897, "LONGITUD": -98.919703 }, "geometry": { "type": "Point", "coordinates": [ -98.919703, 17.533897 ] } },
{ "type": "Feature", "properties": { "NO": 285, "ENTIDAD": "GUERRERO", "MUNICIPIO": "Atlixtac", "PUEBLO INDIGENA O AFROMEXICANO": "NAHUA", "LOCALIDAD": "TEXOCOTITLAN", "CLAVE LOC": 120100036, "TIPO DE ASENTAMIENTO": "COMUNIDAD INDIGENA", "NOMBRE": "TEXOCOTITLÁN", "MONTO ASIGNADO (PESOS)": 200214, "LATITUD": 17.53384, "LONGITUD": -98.913459 }, "geometry": { "type": "Point", "coordinates": [ -98.913459, 17.53384 ] } },
{ "type": "Feature", "properties": { "NO": 286, "ENTIDAD": "GUERRERO", "MUNICIPIO": "Atlixtac", "PUEBLO INDIGENA O AFROMEXICANO": "ME’PHAA\n(TLAPANECO)", "LOCALIDAD": "TIERRABLANCA", "CLAVE LOC": 120100107, "TIPO DE ASENTAMIENTO": "COMUNIDAD INDIGENA", "NOMBRE": "TIERRA BLANCA", "MONTO ASIGNADO (PESOS)": 445183, "LATITUD": 17.335099, "LONGITUD": -98.949242 }, "geometry": { "type": "Point", "coordinates": [ -98.949242, 17.335099 ] } },
{ "type": "Feature", "properties": { "NO": 287, "ENTIDAD": "GUERRERO", "MUNICIPIO": "Atlixtac", "PUEBLO INDIGENA O AFROMEXICANO": "ME’PHAA\n(TLAPANECO)", "LOCALIDAD": "TIERRACOLORADA", "CLAVE LOC": 120100135, "TIPO DE ASENTAMIENTO": "COMUNIDAD INDIGENA", "NOMBRE": "TIERRA COLORADA", "MONTO ASIGNADO (PESOS)": 206496, "LATITUD": 17.357907, "LONGITUD": -98.91557 }, "geometry": { "type": "Point", "coordinates": [ -98.91557, 17.357907 ] } },
{ "type": "Feature", "properties": { "NO": 288, "ENTIDAD": "GUERRERO", "MUNICIPIO": "Atlixtac", "PUEBLO INDIGENA O AFROMEXICANO": "NAHUA", "LOCALIDAD": "TLACOTEPEC", "CLAVE LOC": 120100040, "TIPO DE ASENTAMIENTO": "COMUNIDAD INDIGENA", "NOMBRE": "TLACOTEPEC", "MONTO ASIGNADO (PESOS)": 266796, "LATITUD": 17.448906, "LONGITUD": -98.856207 }, "geometry": { "type": "Point", "coordinates": [ -98.856207, 17.448906 ] } },
{ "type": "Feature", "properties": { "NO": 289, "ENTIDAD": "GUERRERO", "MUNICIPIO": "Atlixtac", "PUEBLO INDIGENA O AFROMEXICANO": "ME’PHAA\n(TLAPANECO)", "LOCALIDAD": "TLACOXOCHAPA", "CLAVE LOC": 120100037, "TIPO DE ASENTAMIENTO": "COMUNIDAD INDIGENA", "NOMBRE": "TLACOXOCHAPA", "MONTO ASIGNADO (PESOS)": 614777, "LATITUD": 17.364078, "LONGITUD": -98.887287 }, "geometry": { "type": "Point", "coordinates": [ -98.887287, 17.364078 ] } },
{ "type": "Feature", "properties": { "NO": 290, "ENTIDAD": "GUERRERO", "MUNICIPIO": "Atlixtac", "PUEBLO INDIGENA O AFROMEXICANO": "NAHUA", "LOCALIDAD": "TLATLAUQUITEPEC", "CLAVE LOC": 120100039, "TIPO DE ASENTAMIENTO": "COMUNIDAD INDIGENA", "NOMBRE": "TLATLAUQUITEPEC", "MONTO ASIGNADO (PESOS)": 1666617, "LATITUD": 17.547659, "LONGITUD": -98.825218 }, "geometry": { "type": "Point", "coordinates": [ -98.825218, 17.547659 ] } },
{ "type": "Feature", "properties": { "NO": 291, "ENTIDAD": "GUERRERO", "MUNICIPIO": "Atlixtac", "PUEBLO INDIGENA O AFROMEXICANO": "ME’PHAA\n(TLAPANECO)", "LOCALIDAD": "TONALAPA", "CLAVE LOC": 120100041, "TIPO DE ASENTAMIENTO": "COMUNIDAD INDIGENA", "NOMBRE": "TONALAPA", "MONTO ASIGNADO (PESOS)": 901672, "LATITUD": 17.313209, "LONGITUD": -98.951526 }, "geometry": { "type": "Point", "coordinates": [ -98.951526, 17.313209 ] } },
{ "type": "Feature", "properties": { "NO": 292, "ENTIDAD": "GUERRERO", "MUNICIPIO": "Atlixtac", "PUEBLO INDIGENA O AFROMEXICANO": "ME’PHAA\n(TLAPANECO)", "LOCALIDAD": "TOTOLAPA", "CLAVE LOC": 120100063, "TIPO DE ASENTAMIENTO": "COMUNIDAD INDIGENA", "NOMBRE": "TOTOLAPA", "MONTO ASIGNADO (PESOS)": 268052, "LATITUD": 17.433857, "LONGITUD": -98.804319 }, "geometry": { "type": "Point", "coordinates": [ -98.804319, 17.433857 ] } },
{ "type": "Feature", "properties": { "NO": 293, "ENTIDAD": "GUERRERO", "MUNICIPIO": "Atlixtac", "PUEBLO INDIGENA O AFROMEXICANO": "ME’PHAA\n(TLAPANECO)", "LOCALIDAD": "TOTOXOCOYOTL", "CLAVE LOC": 120100064, "TIPO DE ASENTAMIENTO": "COMUNIDAD INDIGENA", "NOMBRE": "TOTOXOCÓYOTL", "MONTO ASIGNADO (PESOS)": 383627, "LATITUD": 17.413067, "LONGITUD": -98.911632 }, "geometry": { "type": "Point", "coordinates": [ -98.911632, 17.413067 ] } },
{ "type": "Feature", "properties": { "NO": 294, "ENTIDAD": "GUERRERO", "MUNICIPIO": "Atlixtac", "PUEBLO INDIGENA O AFROMEXICANO": "ME’PHAA\n(TLAPANECO)", "LOCALIDAD": "TRESPALOS", "CLAVE LOC": 120100137, "TIPO DE ASENTAMIENTO": "COMUNIDAD INDIGENA", "NOMBRE": "TRES PALOS", "MONTO ASIGNADO (PESOS)": 90921, "LATITUD": 17.374727, "LONGITUD": -98.886377 }, "geometry": { "type": "Point", "coordinates": [ -98.886377, 17.374727 ] } },
{ "type": "Feature", "properties": { "NO": 295, "ENTIDAD": "GUERRERO", "MUNICIPIO": "Atlixtac", "PUEBLO INDIGENA O AFROMEXICANO": "ME’PHAA\n(TLAPANECO)", "LOCALIDAD": "VICENTEGUERRERO", "CLAVE LOC": 120100108, "TIPO DE ASENTAMIENTO": "COMUNIDAD INDIGENA", "NOMBRE": "VICENTE GUERRERO", "MONTO ASIGNADO (PESOS)": 502971, "LATITUD": 17.418604, "LONGITUD": -98.812214 }, "geometry": { "type": "Point", "coordinates": [ -98.812214, 17.418604 ] } },
{ "type": "Feature", "properties": { "NO": 296, "ENTIDAD": "GUERRERO", "MUNICIPIO": "Atlixtac", "PUEBLO INDIGENA O AFROMEXICANO": "NAHUA", "LOCALIDAD": "VISTAHERMOSA", "CLAVE LOC": 120100103, "TIPO DE ASENTAMIENTO": "COMUNIDAD INDIGENA", "NOMBRE": "VISTA HERMOSA", "MONTO ASIGNADO (PESOS)": 180114, "LATITUD": 17.623516, "LONGITUD": -98.761662 }, "geometry": { "type": "Point", "coordinates": [ -98.761662, 17.623516 ] } },
{ "type": "Feature", "properties": { "NO": 297, "ENTIDAD": "GUERRERO", "MUNICIPIO": "Atlixtac", "PUEBLO INDIGENA O AFROMEXICANO": "NAHUA", "LOCALIDAD": "XALPITZAHUAC", "CLAVE LOC": 120100042, "TIPO DE ASENTAMIENTO": "COMUNIDAD INDIGENA", "NOMBRE": "XALPITZÁHUAC", "MONTO ASIGNADO (PESOS)": 1149939, "LATITUD": 17.425401, "LONGITUD": -98.87839 }, "geometry": { "type": "Point", "coordinates": [ -98.87839, 17.425401 ] } },
{ "type": "Feature", "properties": { "NO": 298, "ENTIDAD": "GUERRERO", "MUNICIPIO": "Atlixtac", "PUEBLO INDIGENA O AFROMEXICANO": "NAHUA", "LOCALIDAD": "XAXOCOTLA", "CLAVE LOC": 120100043, "TIPO DE ASENTAMIENTO": "COMUNIDAD INDIGENA", "NOMBRE": "XAXOCOTLA", "MONTO ASIGNADO (PESOS)": 210264, "LATITUD": 17.62626, "LONGITUD": -98.954116 }, "geometry": { "type": "Point", "coordinates": [ -98.954116, 17.62626 ] } },
{ "type": "Feature", "properties": { "NO": 299, "ENTIDAD": "GUERRERO", "MUNICIPIO": "Atlixtac", "PUEBLO INDIGENA O AFROMEXICANO": "NAHUA", "LOCALIDAD": "YETEPETITLAN", "CLAVE LOC": 120100045, "TIPO DE ASENTAMIENTO": "COMUNIDAD INDIGENA", "NOMBRE": "YETEPETITLÁN", "MONTO ASIGNADO (PESOS)": 144939, "LATITUD": 17.552788, "LONGITUD": -98.995166 }, "geometry": { "type": "Point", "coordinates": [ -98.995166, 17.552788 ] } },
{ "type": "Feature", "properties": { "NO": 300, "ENTIDAD": "GUERRERO", "MUNICIPIO": "Atlixtac", "PUEBLO INDIGENA O AFROMEXICANO": "ME’PHAA\n(TLAPANECO)", "LOCALIDAD": "ZOPILOTEPEC", "CLAVE LOC": 120100066, "TIPO DE ASENTAMIENTO": "LOCALIDAD CON POBLACION\nINDIGENA", "NOMBRE": "ZOPILOTEPEC", "MONTO ASIGNADO (PESOS)": 312021, "LATITUD": 17.416758, "LONGITUD": -98.832667 }, "geometry": { "type": "Point", "coordinates": [ -98.832667, 17.416758 ] } },
{ "type": "Feature", "properties": { "NO": 301, "ENTIDAD": "GUERRERO", "MUNICIPIO": "Atlixtac", "PUEBLO INDIGENA O AFROMEXICANO": "ME’PHAA\n(TLAPANECO)", "LOCALIDAD": "ZOQUITLAN", "CLAVE LOC": 120100046, "TIPO DE ASENTAMIENTO": "COMUNIDAD INDIGENA", "NOMBRE": "ZOQUITLÁN", "MONTO ASIGNADO (PESOS)": 2252926, "LATITUD": 17.342085, "LONGITUD": -98.949217 }, "geometry": { "type": "Point", "coordinates": [ -98.949217, 17.342085 ] } },
{ "type": "Feature", "properties": { "NO": 302, "ENTIDAD": "GUERRERO", "MUNICIPIO": "Atlixtac", "PUEBLO INDIGENA O AFROMEXICANO": "NAHUA", "LOCALIDAD": "ZOYAPEXCO", "CLAVE LOC": 120100044, "TIPO DE ASENTAMIENTO": "COMUNIDAD INDIGENA", "NOMBRE": "ZOYAPEXCO", "MONTO ASIGNADO (PESOS)": 631108, "LATITUD": 17.600836, "LONGITUD": -99.021845 }, "geometry": { "type": "Point", "coordinates": [ -99.021845, 17.600836 ] } },
{ "type": "Feature", "properties": { "NO": 303, "ENTIDAD": "GUERRERO", "MUNICIPIO": "Atoyac de Álvarez", "PUEBLO INDIGENA O AFROMEXICANO": "NAHUA", "LOCALIDAD": "LAFINQUITA", "CLAVE LOC": 120110173, "TIPO DE ASENTAMIENTO": "LOCALIDAD CON POBLACION\nINDIGENA", "NOMBRE": "LA FINQUITA", "MONTO ASIGNADO (PESOS)": 172577, "LATITUD": 17.343586, "LONGITUD": -100.203341 }, "geometry": { "type": "Point", "coordinates": [ -100.203341, 17.343586 ] } },
{ "type": "Feature", "properties": { "NO": 304, "ENTIDAD": "GUERRERO", "MUNICIPIO": "Ayutla de los Libres", "PUEBLO INDIGENA O AFROMEXICANO": "MIXTECO", "LOCALIDAD": "AYUTLADELOSLIBRES", "CLAVE LOC": 120120001, "TIPO DE ASENTAMIENTO": "COMUNIDAD INDIGENA", "NOMBRE": "AYUTLA DE LOS LIBRES", "MONTO ASIGNADO (PESOS)": 6339795, "LATITUD": 16.965287, "LONGITUD": -99.097384 }, "geometry": { "type": "Point", "coordinates": [ -99.097384, 16.965287 ] } },
{ "type": "Feature", "properties": { "NO": 305, "ENTIDAD": "GUERRERO", "MUNICIPIO": "Ayutla de los Libres", "PUEBLO INDIGENA O AFROMEXICANO": "ME’PHAA\n(TLAPANECO)", "LOCALIDAD": "BARRANCADEGUADALUPE", "CLAVE LOC": 120120058, "TIPO DE ASENTAMIENTO": "COMUNIDAD INDIGENA", "NOMBRE": "BARRANCA DE GUADALUPE", "MONTO ASIGNADO (PESOS)": 425083, "LATITUD": 17.041691, "LONGITUD": -99.003454 }, "geometry": { "type": "Point", "coordinates": [ -99.003454, 17.041691 ] } },
{ "type": "Feature", "properties": { "NO": 306, "ENTIDAD": "GUERRERO", "MUNICIPIO": "Ayutla de los Libres", "PUEBLO INDIGENA O AFROMEXICANO": "ME’PHAA\n(TLAPANECO)", "LOCALIDAD": "BARRANCATECOANI", "CLAVE LOC": 120120008, "TIPO DE ASENTAMIENTO": "COMUNIDAD INDIGENA", "NOMBRE": "BARRANCA TECOANI", "MONTO ASIGNADO (PESOS)": 530608, "LATITUD": 17.041156, "LONGITUD": -98.98449 }, "geometry": { "type": "Point", "coordinates": [ -98.98449, 17.041156 ] } },
{ "type": "Feature", "properties": { "NO": 307, "ENTIDAD": "GUERRERO", "MUNICIPIO": "Ayutla de los Libres", "PUEBLO INDIGENA O AFROMEXICANO": "AFROMEXICANO", "LOCALIDAD": "CARABALIGRANDE", "CLAVE LOC": 120120010, "TIPO DE ASENTAMIENTO": "COMUNIDAD AFROMEXICANA", "NOMBRE": "CARABALÍ GRANDE", "MONTO ASIGNADO (PESOS)": 279456, "LATITUD": 16.806315, "LONGITUD": -99.170367 }, "geometry": { "type": "Point", "coordinates": [ -99.170367, 16.806315 ] } },
{ "type": "Feature", "properties": { "NO": 308, "ENTIDAD": "GUERRERO", "MUNICIPIO": "Ayutla de los Libres", "PUEBLO INDIGENA O AFROMEXICANO": "NAHUA", "LOCALIDAD": "CHACALINITLA", "CLAVE LOC": 120120021, "TIPO DE ASENTAMIENTO": "COMUNIDAD INDIGENA", "NOMBRE": "CHACALINITLA", "MONTO ASIGNADO (PESOS)": 633621, "LATITUD": 17.123059, "LONGITUD": -99.19796 }, "geometry": { "type": "Point", "coordinates": [ -99.19796, 17.123059 ] } },
{ "type": "Feature", "properties": { "NO": 309, "ENTIDAD": "GUERRERO", "MUNICIPIO": "Ayutla de los Libres", "PUEBLO INDIGENA O AFROMEXICANO": "ME’PHAA\n(TLAPANECO)", "LOCALIDAD": "CIENEGADELSAUCE", "CLAVE LOC": 120120163, "TIPO DE ASENTAMIENTO": "COMUNIDAD INDIGENA", "NOMBRE": "CIÉNEGA DEL SAUCE", "MONTO ASIGNADO (PESOS)": 639902, "LATITUD": 17.032605, "LONGITUD": -98.947406 }, "geometry": { "type": "Point", "coordinates": [ -98.947406, 17.032605 ] } },
{ "type": "Feature", "properties": { "NO": 310, "ENTIDAD": "GUERRERO", "MUNICIPIO": "Ayutla de los Libres", "PUEBLO INDIGENA O AFROMEXICANO": "ME’PHAA\n(TLAPANECO)", "LOCALIDAD": "COLONIADELVALLE", "CLAVE LOC": 120120186, "TIPO DE ASENTAMIENTO": "COMUNIDAD INDIGENA", "NOMBRE": "COLONIA DEL VALLE", "MONTO ASIGNADO (PESOS)": 319558, "LATITUD": 16.97952, "LONGITUD": -99.107536 }, "geometry": { "type": "Point", "coordinates": [ -99.107536, 16.97952 ] } },
{ "type": "Feature", "properties": { "NO": 311, "ENTIDAD": "GUERRERO", "MUNICIPIO": "Ayutla de los Libres", "PUEBLO INDIGENA O AFROMEXICANO": "ME’PHAA\n(TLAPANECO)", "LOCALIDAD": "COLONIAFILODECABALLOS", "CLAVE LOC": 120120180, "TIPO DE ASENTAMIENTO": "COMUNIDAD INDIGENA", "NOMBRE": "COLONIA FILO DE CABALLOS", "MONTO ASIGNADO (PESOS)": 269308, "LATITUD": 17.052006, "LONGITUD": -99.001635 }, "geometry": { "type": "Point", "coordinates": [ -99.001635, 17.052006 ] } },
{ "type": "Feature", "properties": { "NO": 312, "ENTIDAD": "GUERRERO", "MUNICIPIO": "Ayutla de los Libres", "PUEBLO INDIGENA O AFROMEXICANO": "MIXTECO", "LOCALIDAD": "COLONIALAESPERANZA", "CLAVE LOC": 120120178, "TIPO DE ASENTAMIENTO": "COMUNIDAD INDIGENA", "NOMBRE": "COLONIA LA ESPERANZA", "MONTO ASIGNADO (PESOS)": 422571, "LATITUD": 16.950456, "LONGITUD": -99.105273 }, "geometry": { "type": "Point", "coordinates": [ -99.105273, 16.950456 ] } },
{ "type": "Feature", "properties": { "NO": 313, "ENTIDAD": "GUERRERO", "MUNICIPIO": "Ayutla de los Libres", "PUEBLO INDIGENA O AFROMEXICANO": "PLURICULTURAL", "LOCALIDAD": "COLONIAPROGRESOSIGLOXXI", "CLAVE LOC": 120120185, "TIPO DE ASENTAMIENTO": "COMUNIDAD PLURICULTURAL", "NOMBRE": "COLONIA PROGRESO SIGLO XXI", "MONTO ASIGNADO (PESOS)": 345742, "LATITUD": 16.993418, "LONGITUD": -99.089379 }, "geometry": { "type": "Point", "coordinates": [ -99.089379, 16.993418 ] } },
{ "type": "Feature", "properties": { "NO": 314, "ENTIDAD": "GUERRERO", "MUNICIPIO": "Ayutla de los Libres", "PUEBLO INDIGENA O AFROMEXICANO": "ME’PHAA\n(TLAPANECO)", "LOCALIDAD": "COLONIAYERBASANTA", "CLAVE LOC": 120120168, "TIPO DE ASENTAMIENTO": "COMUNIDAD INDIGENA", "NOMBRE": "COLONIA YERBA SANTA", "MONTO ASIGNADO (PESOS)": 269308, "LATITUD": 17.025391, "LONGITUD": -98.976799 }, "geometry": { "type": "Point", "coordinates": [ -98.976799, 17.025391 ] } },
{ "type": "Feature", "properties": { "NO": 315, "ENTIDAD": "GUERRERO", "MUNICIPIO": "Ayutla de los Libres", "PUEBLO INDIGENA O AFROMEXICANO": "MIXTECO", "LOCALIDAD": "COTZALZIN", "CLAVE LOC": 120120018, "TIPO DE ASENTAMIENTO": "COMUNIDAD INDIGENA", "NOMBRE": "COTZALZIN", "MONTO ASIGNADO (PESOS)": 660198, "LATITUD": 16.923204, "LONGITUD": -99.100664 }, "geometry": { "type": "Point", "coordinates": [ -99.100664, 16.923204 ] } },
{ "type": "Feature", "properties": { "NO": 316, "ENTIDAD": "GUERRERO", "MUNICIPIO": "Ayutla de los Libres", "PUEBLO INDIGENA O AFROMEXICANO": "MIXTECO", "LOCALIDAD": "COXCATLANCANDELARIA", "CLAVE LOC": 120120086, "TIPO DE ASENTAMIENTO": "COMUNIDAD INDIGENA", "NOMBRE": "COXCATLÁN CANDELARIA", "MONTO ASIGNADO (PESOS)": 584627, "LATITUD": 16.914068, "LONGITUD": -99.044052 }, "geometry": { "type": "Point", "coordinates": [ -99.044052, 16.914068 ] } },
{ "type": "Feature", "properties": { "NO": 317, "ENTIDAD": "GUERRERO", "MUNICIPIO": "Ayutla de los Libres", "PUEBLO INDIGENA O AFROMEXICANO": "NAHUA", "LOCALIDAD": "CUADRILLANUEVA", "CLAVE LOC": 120120019, "TIPO DE ASENTAMIENTO": "COMUNIDAD INDIGENA", "NOMBRE": "CUADRILLA NUEVA", "MONTO ASIGNADO (PESOS)": 528096, "LATITUD": 17.034017, "LONGITUD": -99.086484 }, "geometry": { "type": "Point", "coordinates": [ -99.086484, 17.034017 ] } },
{ "type": "Feature", "properties": { "NO": 318, "ENTIDAD": "GUERRERO", "MUNICIPIO": "Ayutla de los Libres", "PUEBLO INDIGENA O AFROMEXICANO": "ME’PHAA\n(TLAPANECO)", "LOCALIDAD": "ELCAMALOTE", "CLAVE LOC": 120120122, "TIPO DE ASENTAMIENTO": "COMUNIDAD INDIGENA", "NOMBRE": "EL CAMALOTE", "MONTO ASIGNADO (PESOS)": 873564, "LATITUD": 17.063556, "LONGITUD": -98.983384 }, "geometry": { "type": "Point", "coordinates": [ -98.983384, 17.063556 ] } },
{ "type": "Feature", "properties": { "NO": 319, "ENTIDAD": "GUERRERO", "MUNICIPIO": "Ayutla de los Libres", "PUEBLO INDIGENA O AFROMEXICANO": "AFROMEXICANO", "LOCALIDAD": "ELCAPULIN", "CLAVE LOC": 120120009, "TIPO DE ASENTAMIENTO": "COMUNIDAD AFROMEXICANA", "NOMBRE": "EL CAPULÍN", "MONTO ASIGNADO (PESOS)": 272181, "LATITUD": 16.784483, "LONGITUD": -99.123357 }, "geometry": { "type": "Point", "coordinates": [ -99.123357, 16.784483 ] } },
{ "type": "Feature", "properties": { "NO": 320, "ENTIDAD": "GUERRERO", "MUNICIPIO": "Ayutla de los Libres", "PUEBLO INDIGENA O AFROMEXICANO": "AFROMEXICANO", "LOCALIDAD": "ELGUINEO", "CLAVE LOC": 120120023, "TIPO DE ASENTAMIENTO": "COMUNIDAD AFROMEXICANA", "NOMBRE": "EL GUINEO", "MONTO ASIGNADO (PESOS)": 486399, "LATITUD": 16.815982, "LONGITUD": -99.151502 }, "geometry": { "type": "Point", "coordinates": [ -99.151502, 16.815982 ] } },
{ "type": "Feature", "properties": { "NO": 321, "ENTIDAD": "GUERRERO", "MUNICIPIO": "Ayutla de los Libres", "PUEBLO INDIGENA O AFROMEXICANO": "ME’PHAA\n(TLAPANECO)", "LOCALIDAD": "ELLIMON", "CLAVE LOC": 120120128, "TIPO DE ASENTAMIENTO": "COMUNIDAD INDIGENA", "NOMBRE": "EL LIMÓN", "MONTO ASIGNADO (PESOS)": 275589, "LATITUD": 17.077665, "LONGITUD": -99.049506 }, "geometry": { "type": "Point", "coordinates": [ -99.049506, 17.077665 ] } },
{ "type": "Feature", "properties": { "NO": 322, "ENTIDAD": "GUERRERO", "MUNICIPIO": "Ayutla de los Libres", "PUEBLO INDIGENA O AFROMEXICANO": "MIXTECO", "LOCALIDAD": "ELMEZONCILLO", "CLAVE LOC": 120120111, "TIPO DE ASENTAMIENTO": "LOCALIDAD CON POBLACION\nINDIGENA", "NOMBRE": "EL LIMÓN", "MONTO ASIGNADO (PESOS)": 178858, "LATITUD": 17.077665, "LONGITUD": -99.049506 }, "geometry": { "type": "Point", "coordinates": [ -99.049506, 17.077665 ] } },
{ "type": "Feature", "properties": { "NO": 323, "ENTIDAD": "GUERRERO", "MUNICIPIO": "Ayutla de los Libres", "PUEBLO INDIGENA O AFROMEXICANO": "ME’PHAA\n(TLAPANECO)", "LOCALIDAD": "ELMIRADOR", "CLAVE LOC": 120120183, "TIPO DE ASENTAMIENTO": "COMUNIDAD INDIGENA", "NOMBRE": "EL MIRADOR", "MONTO ASIGNADO (PESOS)": 231621, "LATITUD": 17.019088, "LONGITUD": -99.033383 }, "geometry": { "type": "Point", "coordinates": [ -99.033383, 17.019088 ] } },
{ "type": "Feature", "properties": { "NO": 324, "ENTIDAD": "GUERRERO", "MUNICIPIO": "Ayutla de los Libres", "PUEBLO INDIGENA O AFROMEXICANO": "ME’PHAA\n(TLAPANECO)", "LOCALIDAD": "ELPAROTILLO", "CLAVE LOC": 120120166, "TIPO DE ASENTAMIENTO": "COMUNIDAD INDIGENA", "NOMBRE": "EL PAROTILLO", "MONTO ASIGNADO (PESOS)": 211521, "LATITUD": 17.031737, "LONGITUD": -98.963537 }, "geometry": { "type": "Point", "coordinates": [ -98.963537, 17.031737 ] } },
{ "type": "Feature", "properties": { "NO": 325, "ENTIDAD": "GUERRERO", "MUNICIPIO": "Ayutla de los Libres", "PUEBLO INDIGENA O AFROMEXICANO": "ME’PHAA\n(TLAPANECO)", "LOCALIDAD": "ELPROGRESO", "CLAVE LOC": 120120177, "TIPO DE ASENTAMIENTO": "COMUNIDAD INDIGENA", "NOMBRE": "EL PROGRESO", "MONTO ASIGNADO (PESOS)": 379858, "LATITUD": 17.052667, "LONGITUD": -99.034171 }, "geometry": { "type": "Point", "coordinates": [ -99.034171, 17.052667 ] } },
{ "type": "Feature", "properties": { "NO": 326, "ENTIDAD": "GUERRERO", "MUNICIPIO": "Ayutla de los Libres", "PUEBLO INDIGENA O AFROMEXICANO": "ME’PHAA\n(TLAPANECO)", "LOCALIDAD": "ELSALTO", "CLAVE LOC": 120120036, "TIPO DE ASENTAMIENTO": "COMUNIDAD INDIGENA", "NOMBRE": "EL SALTO", "MONTO ASIGNADO (PESOS)": 964014, "LATITUD": 17.037026, "LONGITUD": -99.049607 }, "geometry": { "type": "Point", "coordinates": [ -99.049607, 17.037026 ] } },
{ "type": "Feature", "properties": { "NO": 327, "ENTIDAD": "GUERRERO", "MUNICIPIO": "Ayutla de los Libres", "PUEBLO INDIGENA O AFROMEXICANO": "ME’PHAA\n(TLAPANECO)", "LOCALIDAD": "ELSAUCE", "CLAVE LOC": 120120100, "TIPO DE ASENTAMIENTO": "COMUNIDAD INDIGENA", "NOMBRE": "EL SAUCE", "MONTO ASIGNADO (PESOS)": 139914, "LATITUD": 17.014463, "LONGITUD": -99.031791 }, "geometry": { "type": "Point", "coordinates": [ -99.031791, 17.014463 ] } },
{ "type": "Feature", "properties": { "NO": 328, "ENTIDAD": "GUERRERO", "MUNICIPIO": "Ayutla de los Libres", "PUEBLO INDIGENA O AFROMEXICANO": "ME’PHAA\n(TLAPANECO)", "LOCALIDAD": "ELTIMBRE", "CLAVE LOC": 120120048, "TIPO DE ASENTAMIENTO": "COMUNIDAD INDIGENA", "NOMBRE": "EL TIMBRE", "MONTO ASIGNADO (PESOS)": 667539, "LATITUD": 17.021395, "LONGITUD": -99.019361 }, "geometry": { "type": "Point", "coordinates": [ -99.019361, 17.021395 ] } },
{ "type": "Feature", "properties": { "NO": 329, "ENTIDAD": "GUERRERO", "MUNICIPIO": "Ayutla de los Libres", "PUEBLO INDIGENA O AFROMEXICANO": "MIXTECO", "LOCALIDAD": "HUERTAJESUSGODOY", "CLAVE LOC": 120120127, "TIPO DE ASENTAMIENTO": "LOCALIDAD CON POBLACION\nINDIGENA", "NOMBRE": "HUERTA JESÚS GODOY", "MONTO ASIGNADO (PESOS)": 165039, "LATITUD": 16.970395, "LONGITUD": -99.096539 }, "geometry": { "type": "Point", "coordinates": [ -99.096539, 16.970395 ] } },
{ "type": "Feature", "properties": { "NO": 330, "ENTIDAD": "GUERRERO", "MUNICIPIO": "Ayutla de los Libres", "PUEBLO INDIGENA O AFROMEXICANO": "MIXTECO", "LOCALIDAD": "LAAZOZUCA", "CLAVE LOC": 120120007, "TIPO DE ASENTAMIENTO": "COMUNIDAD INDIGENA", "NOMBRE": "LA AZOZUCA", "MONTO ASIGNADO (PESOS)": 1629432, "LATITUD": 16.821214, "LONGITUD": -99.04199 }, "geometry": { "type": "Point", "coordinates": [ -99.04199, 16.821214 ] } },
{ "type": "Feature", "properties": { "NO": 331, "ENTIDAD": "GUERRERO", "MUNICIPIO": "Ayutla de los Libres", "PUEBLO INDIGENA O AFROMEXICANO": "MIXTECO", "LOCALIDAD": "LAGUADALUPE", "CLAVE LOC": 120120061, "TIPO DE ASENTAMIENTO": "LOCALIDAD CON POBLACION\nINDIGENA", "NOMBRE": "LA GUADALUPE", "MONTO ASIGNADO (PESOS)": 268052, "LATITUD": 16.995676, "LONGITUD": -99.014763 }, "geometry": { "type": "Point", "coordinates": [ -99.014763, 16.995676 ] } },
{ "type": "Feature", "properties": { "NO": 332, "ENTIDAD": "GUERRERO", "MUNICIPIO": "Ayutla de los Libres", "PUEBLO INDIGENA O AFROMEXICANO": "ME’PHAA\n(TLAPANECO)", "LOCALIDAD": "LAPALMANUEVOPARAISO", "CLAVE LOC": 120120184, "TIPO DE ASENTAMIENTO": "COMUNIDAD INDIGENA", "NOMBRE": "LA PALMA NUEVO PARAÍSO", "MONTO ASIGNADO (PESOS)": 244183, "LATITUD": 17.03563, "LONGITUD": -98.954131 }, "geometry": { "type": "Point", "coordinates": [ -98.954131, 17.03563 ] } },
{ "type": "Feature", "properties": { "NO": 333, "ENTIDAD": "GUERRERO", "MUNICIPIO": "Ayutla de los Libres", "PUEBLO INDIGENA O AFROMEXICANO": "ME’PHAA\n(TLAPANECO)", "LOCALIDAD": "LAUNIFICADA", "CLAVE LOC": 120120154, "TIPO DE ASENTAMIENTO": "COMUNIDAD INDIGENA", "NOMBRE": "LA UNIFICADA", "MONTO ASIGNADO (PESOS)": 193933, "LATITUD": 17.048607, "LONGITUD": -99.009177 }, "geometry": { "type": "Point", "coordinates": [ -99.009177, 17.048607 ] } },
{ "type": "Feature", "properties": { "NO": 334, "ENTIDAD": "GUERRERO", "MUNICIPIO": "Ayutla de los Libres", "PUEBLO INDIGENA O AFROMEXICANO": "AFROMEXICANO", "LOCALIDAD": "LAUNION", "CLAVE LOC": 120120054, "TIPO DE ASENTAMIENTO": "COMUNIDAD AFROMEXICANA", "NOMBRE": "LA UNIÓN", "MONTO ASIGNADO (PESOS)": 825105, "LATITUD": 16.821352, "LONGITUD": -99.12456 }, "geometry": { "type": "Point", "coordinates": [ -99.12456, 16.821352 ] } },
{ "type": "Feature", "properties": { "NO": 335, "ENTIDAD": "GUERRERO", "MUNICIPIO": "Ayutla de los Libres", "PUEBLO INDIGENA O AFROMEXICANO": "ME’PHAA\n(TLAPANECO)", "LOCALIDAD": "NUEVAJERUSALEN", "CLAVE LOC": 120120165, "TIPO DE ASENTAMIENTO": "LOCALIDAD CON POBLACION\nINDIGENA", "NOMBRE": "NUEVA JERUSALÉN", "MONTO ASIGNADO (PESOS)": 197702, "LATITUD": 17.039737, "LONGITUD": -98.962984 }, "geometry": { "type": "Point", "coordinates": [ -98.962984, 17.039737 ] } },
{ "type": "Feature", "properties": { "NO": 336, "ENTIDAD": "GUERRERO", "MUNICIPIO": "Ayutla de los Libres", "PUEBLO INDIGENA O AFROMEXICANO": "ME’PHAA\n(TLAPANECO)", "LOCALIDAD": "OCOTITLAN", "CLAVE LOC": 120120146, "TIPO DE ASENTAMIENTO": "COMUNIDAD INDIGENA", "NOMBRE": "OCOTITLÁN", "MONTO ASIGNADO (PESOS)": 201471, "LATITUD": 17.005334, "LONGITUD": -99.035842 }, "geometry": { "type": "Point", "coordinates": [ -99.035842, 17.005334 ] } },
{ "type": "Feature", "properties": { "NO": 337, "ENTIDAD": "GUERRERO", "MUNICIPIO": "Ayutla de los Libres", "PUEBLO INDIGENA O AFROMEXICANO": "ME’PHAA\n(TLAPANECO)", "LOCALIDAD": "PLANDEGATICA", "CLAVE LOC": 120120092, "TIPO DE ASENTAMIENTO": "COMUNIDAD INDIGENA", "NOMBRE": "PLAN DE GATICA", "MONTO ASIGNADO (PESOS)": 923814, "LATITUD": 17.128989, "LONGITUD": -99.122972 }, "geometry": { "type": "Point", "coordinates": [ -99.122972, 17.128989 ] } },
{ "type": "Feature", "properties": { "NO": 338, "ENTIDAD": "GUERRERO", "MUNICIPIO": "Ayutla de los Libres", "PUEBLO INDIGENA O AFROMEXICANO": "ME’PHAA\n(TLAPANECO)", "LOCALIDAD": "PUMAROSA", "CLAVE LOC": 120120187, "TIPO DE ASENTAMIENTO": "COMUNIDAD INDIGENA", "NOMBRE": "PUMA ROSA", "MONTO ASIGNADO (PESOS)": 368552, "LATITUD": 17.047571, "LONGITUD": -99.034637 }, "geometry": { "type": "Point", "coordinates": [ -99.034637, 17.047571 ] } },
{ "type": "Feature", "properties": { "NO": 339, "ENTIDAD": "GUERRERO", "MUNICIPIO": "Ayutla de los Libres", "PUEBLO INDIGENA O AFROMEXICANO": "ME’PHAA\n(TLAPANECO)", "LOCALIDAD": "RANCHONUEVO", "CLAVE LOC": 120120149, "TIPO DE ASENTAMIENTO": "COMUNIDAD INDIGENA", "NOMBRE": "RANCHO NUEVO", "MONTO ASIGNADO (PESOS)": 276846, "LATITUD": 17.055923, "LONGITUD": -99.029015 }, "geometry": { "type": "Point", "coordinates": [ -99.029015, 17.055923 ] } },
{ "type": "Feature", "properties": { "NO": 340, "ENTIDAD": "GUERRERO", "MUNICIPIO": "Ayutla de los Libres", "PUEBLO INDIGENA O AFROMEXICANO": "ME’PHAA\n(TLAPANECO)", "LOCALIDAD": "RIOVELERO", "CLAVE LOC": 120120120, "TIPO DE ASENTAMIENTO": "COMUNIDAD INDIGENA", "NOMBRE": "RÍO VELERO", "MONTO ASIGNADO (PESOS)": 389908, "LATITUD": 17.075717, "LONGITUD": -99.007043 }, "geometry": { "type": "Point", "coordinates": [ -99.007043, 17.075717 ] } },
{ "type": "Feature", "properties": { "NO": 341, "ENTIDAD": "GUERRERO", "MUNICIPIO": "Ayutla de los Libres", "PUEBLO INDIGENA O AFROMEXICANO": "MIXTECO", "LOCALIDAD": "SANJOSELAHACIENDA", "CLAVE LOC": 120120037, "TIPO DE ASENTAMIENTO": "COMUNIDAD INDIGENA", "NOMBRE": "SAN JOSÉ LA HACIENDA", "MONTO ASIGNADO (PESOS)": 1552637, "LATITUD": 16.977386, "LONGITUD": -99.065336 }, "geometry": { "type": "Point", "coordinates": [ -99.065336, 16.977386 ] } },
{ "type": "Feature", "properties": { "NO": 342, "ENTIDAD": "GUERRERO", "MUNICIPIO": "Ayutla de los Libres", "PUEBLO INDIGENA O AFROMEXICANO": "ME’PHAA\n(TLAPANECO)", "LOCALIDAD": "SANTIAGOYOLOTEPEC", "CLAVE LOC": 120120167, "TIPO DE ASENTAMIENTO": "COMUNIDAD INDIGENA", "NOMBRE": "SANTIAGO YOLOTEPEC", "MONTO ASIGNADO (PESOS)": 226596, "LATITUD": 17.013585, "LONGITUD": -98.965359 }, "geometry": { "type": "Point", "coordinates": [ -98.965359, 17.013585 ] } },
{ "type": "Feature", "properties": { "NO": 343, "ENTIDAD": "GUERRERO", "MUNICIPIO": "Ayutla de los Libres", "PUEBLO INDIGENA O AFROMEXICANO": "AFROMEXICANO", "LOCALIDAD": "TECOMULAPA(RANCHOVIEJO)", "CLAVE LOC": 120120041, "TIPO DE ASENTAMIENTO": "COMUNIDAD AFROMEXICANA", "NOMBRE": "TECOMULAPA (RANCHO VIEJO)", "MONTO ASIGNADO (PESOS)": 410008, "LATITUD": 16.861817, "LONGITUD": -99.152676 }, "geometry": { "type": "Point", "coordinates": [ -99.152676, 16.861817 ] } },
{ "type": "Feature", "properties": { "NO": 344, "ENTIDAD": "GUERRERO", "MUNICIPIO": "Ayutla de los Libres", "PUEBLO INDIGENA O AFROMEXICANO": "ME’PHAA\n(TLAPANECO)", "LOCALIDAD": "TECRUZ", "CLAVE LOC": 120120042, "TIPO DE ASENTAMIENTO": "COMUNIDAD INDIGENA", "NOMBRE": "TECRUZ", "MONTO ASIGNADO (PESOS)": 1070795, "LATITUD": 17.061598, "LONGITUD": -99.041125 }, "geometry": { "type": "Point", "coordinates": [ -99.041125, 17.061598 ] } },
{ "type": "Feature", "properties": { "NO": 345, "ENTIDAD": "GUERRERO", "MUNICIPIO": "Ayutla de los Libres", "PUEBLO INDIGENA O AFROMEXICANO": "MIXTECO", "LOCALIDAD": "TEPANGO", "CLAVE LOC": 120120043, "TIPO DE ASENTAMIENTO": "COMUNIDAD INDIGENA", "NOMBRE": "TEPANGO", "MONTO ASIGNADO (PESOS)": 1004214, "LATITUD": 16.897315, "LONGITUD": -99.085369 }, "geometry": { "type": "Point", "coordinates": [ -99.085369, 16.897315 ] } },
{ "type": "Feature", "properties": { "NO": 346, "ENTIDAD": "GUERRERO", "MUNICIPIO": "Ayutla de los Libres", "PUEBLO INDIGENA O AFROMEXICANO": "MIXTECO", "LOCALIDAD": "UNIDADHABITACIONALMAGISTERIAL", "CLAVE LOC": 120120148, "TIPO DE ASENTAMIENTO": "LOCALIDAD CON POBLACION\nINDIGENA", "NOMBRE": "UNIDAD HABITACIONAL MAGISTERIAL", "MONTO ASIGNADO (PESOS)": 423346, "LATITUD": 16.988193, "LONGITUD": -99.093265 }, "geometry": { "type": "Point", "coordinates": [ -99.093265, 16.988193 ] } },
{ "type": "Feature", "properties": { "NO": 347, "ENTIDAD": "GUERRERO", "MUNICIPIO": "Ayutla de los Libres", "PUEBLO INDIGENA O AFROMEXICANO": "AFROMEXICANO", "LOCALIDAD": "ZEMPAZULCO", "CLAVE LOC": 120120057, "TIPO DE ASENTAMIENTO": "COMUNIDAD AFROMEXICANA", "NOMBRE": "ZEMPAZULCO", "MONTO ASIGNADO (PESOS)": 519542, "LATITUD": 16.848276, "LONGITUD": -99.117498 }, "geometry": { "type": "Point", "coordinates": [ -99.117498, 16.848276 ] } },
{ "type": "Feature", "properties": { "NO": 348, "ENTIDAD": "GUERRERO", "MUNICIPIO": "Ayutla de los Libres", "PUEBLO INDIGENA O AFROMEXICANO": "MIXTECO", "LOCALIDAD": "(SINNOMBRE)", "CLAVE LOC": 120120000, "TIPO DE ASENTAMIENTO": "COMUNIDAD INDIGENA", "NOMBRE": "ZEMPAZULCO", "MONTO ASIGNADO (PESOS)": 84639, "LATITUD": 16.848276, "LONGITUD": -99.117498 }, "geometry": { "type": "Point", "coordinates": [ -99.117498, 16.848276 ] } },
{ "type": "Feature", "properties": { "NO": 349, "ENTIDAD": "GUERRERO", "MUNICIPIO": "Azoyú", "PUEBLO INDIGENA O AFROMEXICANO": "AFROMEXICANO", "LOCALIDAD": "ELARENAL(LAPLATAFORMA)", "CLAVE LOC": 120130186, "TIPO DE ASENTAMIENTO": "COMUNIDAD AFROMEXICANA", "NOMBRE": "EL ARENAL (LA PLATAFORMA)", "MONTO ASIGNADO (PESOS)": 206703, "LATITUD": 16.544724, "LONGITUD": -98.562407 }, "geometry": { "type": "Point", "coordinates": [ -98.562407, 16.544724 ] } },
{ "type": "Feature", "properties": { "NO": 350, "ENTIDAD": "GUERRERO", "MUNICIPIO": "Azoyú", "PUEBLO INDIGENA O AFROMEXICANO": "ME’PHAA\n(TLAPANECO)", "LOCALIDAD": "ELMACAHUITE", "CLAVE LOC": 120130038, "TIPO DE ASENTAMIENTO": "COMUNIDAD INDIGENA", "NOMBRE": "EL MACAHUITE", "MONTO ASIGNADO (PESOS)": 473465, "LATITUD": 16.696239, "LONGITUD": -98.580225 }, "geometry": { "type": "Point", "coordinates": [ -98.580225, 16.696239 ] } },
{ "type": "Feature", "properties": { "NO": 351, "ENTIDAD": "GUERRERO", "MUNICIPIO": "Azoyú", "PUEBLO INDIGENA O AFROMEXICANO": "AFROMEXICANO", "LOCALIDAD": "HUEHUETAN", "CLAVE LOC": 120130029, "TIPO DE ASENTAMIENTO": "COMUNIDAD AFROMEXICANA", "NOMBRE": "HUEHUETÁN", "MONTO ASIGNADO (PESOS)": 1510601, "LATITUD": 16.635854, "LONGITUD": -98.559119 }, "geometry": { "type": "Point", "coordinates": [ -98.559119, 16.635854 ] } },
{ "type": "Feature", "properties": { "NO": 352, "ENTIDAD": "GUERRERO", "MUNICIPIO": "Azoyú", "PUEBLO INDIGENA O AFROMEXICANO": "AFROMEXICANO", "LOCALIDAD": "LABOCANA", "CLAVE LOC": 120130010, "TIPO DE ASENTAMIENTO": "COMUNIDAD AFROMEXICANA", "NOMBRE": "LA BOCANA", "MONTO ASIGNADO (PESOS)": 149309, "LATITUD": 16.624049, "LONGITUD": -98.501581 }, "geometry": { "type": "Point", "coordinates": [ -98.501581, 16.624049 ] } },
{ "type": "Feature", "properties": { "NO": 353, "ENTIDAD": "GUERRERO", "MUNICIPIO": "Azoyú", "PUEBLO INDIGENA O AFROMEXICANO": "AFROMEXICANO", "LOCALIDAD": "LASTRANCAS", "CLAVE LOC": 120130129, "TIPO DE ASENTAMIENTO": "COMUNIDAD AFROMEXICANA", "NOMBRE": "LAS TRANCAS", "MONTO ASIGNADO (PESOS)": 100971, "LATITUD": 16.604353, "LONGITUD": -98.514778 }, "geometry": { "type": "Point", "coordinates": [ -98.514778, 16.604353 ] } },
{ "type": "Feature", "properties": { "NO": 354, "ENTIDAD": "GUERRERO", "MUNICIPIO": "Azoyú", "PUEBLO INDIGENA O AFROMEXICANO": "ME’PHAA\n(TLAPANECO)", "LOCALIDAD": "LOMASDELVIDAL(ELVIDAL)", "CLAVE LOC": 120130035, "TIPO DE ASENTAMIENTO": "COMUNIDAD INDIGENA", "NOMBRE": "LOMAS DEL VIDAL (EL VIDAL)", "MONTO ASIGNADO (PESOS)": 159818, "LATITUD": 16.688694, "LONGITUD": -98.614712 }, "geometry": { "type": "Point", "coordinates": [ -98.614712, 16.688694 ] } },
{ "type": "Feature", "properties": { "NO": 355, "ENTIDAD": "GUERRERO", "MUNICIPIO": "Azoyú", "PUEBLO INDIGENA O AFROMEXICANO": "AFROMEXICANO", "LOCALIDAD": "LOSCHEGÜES", "CLAVE LOC": 120130024, "TIPO DE ASENTAMIENTO": "COMUNIDAD AFROMEXICANA", "NOMBRE": "LOS CHEGÜES", "MONTO ASIGNADO (PESOS)": 230146, "LATITUD": 16.582476, "LONGITUD": -98.523966 }, "geometry": { "type": "Point", "coordinates": [ -98.523966, 16.582476 ] } },
{ "type": "Feature", "properties": { "NO": 356, "ENTIDAD": "GUERRERO", "MUNICIPIO": "Azoyú", "PUEBLO INDIGENA O AFROMEXICANO": "AFROMEXICANO", "LOCALIDAD": "LOSMETATES", "CLAVE LOC": 120130041, "TIPO DE ASENTAMIENTO": "COMUNIDAD AFROMEXICANA", "NOMBRE": "LOS METATES", "MONTO ASIGNADO (PESOS)": 201044, "LATITUD": 16.579248, "LONGITUD": -98.564806 }, "geometry": { "type": "Point", "coordinates": [ -98.564806, 16.579248 ] } },
{ "type": "Feature", "properties": { "NO": 357, "ENTIDAD": "GUERRERO", "MUNICIPIO": "Azoyú", "PUEBLO INDIGENA O AFROMEXICANO": "AFROMEXICANO", "LOCALIDAD": "LOSQUITERIOS", "CLAVE LOC": 120130050, "TIPO DE ASENTAMIENTO": "COMUNIDAD AFROMEXICANA", "NOMBRE": "LOS QUITERIOS", "MONTO ASIGNADO (PESOS)": 202661, "LATITUD": 16.595887, "LONGITUD": -98.544516 }, "geometry": { "type": "Point", "coordinates": [ -98.544516, 16.595887 ] } },
{ "type": "Feature", "properties": { "NO": 358, "ENTIDAD": "GUERRERO", "MUNICIPIO": "Azoyú", "PUEBLO INDIGENA O AFROMEXICANO": "AFROMEXICANO", "LOCALIDAD": "TALAPILLA", "CLAVE LOC": 120130054, "TIPO DE ASENTAMIENTO": "COMUNIDAD AFROMEXICANA", "NOMBRE": "TALAPILLA", "MONTO ASIGNADO (PESOS)": 433855, "LATITUD": 16.648881, "LONGITUD": -98.505223 }, "geometry": { "type": "Point", "coordinates": [ -98.505223, 16.648881 ] } },
{ "type": "Feature", "properties": { "NO": 359, "ENTIDAD": "GUERRERO", "MUNICIPIO": "Azoyú", "PUEBLO INDIGENA O AFROMEXICANO": "AFROMEXICANO", "LOCALIDAD": "TENANGO", "CLAVE LOC": 120130056, "TIPO DE ASENTAMIENTO": "COMUNIDAD AFROMEXICANA", "NOMBRE": "TENANGO", "MONTO ASIGNADO (PESOS)": 610887, "LATITUD": 16.66731, "LONGITUD": -98.532772 }, "geometry": { "type": "Point", "coordinates": [ -98.532772, 16.66731 ] } },
{ "type": "Feature", "properties": { "NO": 360, "ENTIDAD": "GUERRERO", "MUNICIPIO": "Azoyú", "PUEBLO INDIGENA O AFROMEXICANO": "ME’PHAA\n(TLAPANECO)", "LOCALIDAD": "ZAPOTITLANDELAFUENTE(ELZAPOTE)", "CLAVE LOC": 120130062, "TIPO DE ASENTAMIENTO": "COMUNIDAD INDIGENA", "NOMBRE": "ZAPOTITLÁN DE LA FUENTE (EL ZAPOTE)", "MONTO ASIGNADO (PESOS)": 575319, "LATITUD": 16.728364, "LONGITUD": -98.622623 }, "geometry": { "type": "Point", "coordinates": [ -98.622623, 16.728364 ] } },
{ "type": "Feature", "properties": { "NO": 361, "ENTIDAD": "GUERRERO", "MUNICIPIO": "Chilapa de Álvarez", "PUEBLO INDIGENA O AFROMEXICANO": "NAHUA", "LOCALIDAD": "24DEFEBRERO", "CLAVE LOC": 120280336, "TIPO DE ASENTAMIENTO": "LOCALIDAD CON POBLACION\nINDIGENA", "NOMBRE": "24 DE FEBRERO", "MONTO ASIGNADO (PESOS)": 134758, "LATITUD": 17.593513, "LONGITUD": -99.15375 }, "geometry": { "type": "Point", "coordinates": [ -99.15375, 17.593513 ] } },
{ "type": "Feature", "properties": { "NO": 362, "ENTIDAD": "GUERRERO", "MUNICIPIO": "Chilapa de Álvarez", "PUEBLO INDIGENA O AFROMEXICANO": "NAHUA", "LOCALIDAD": "ACAHUEHUETLAN", "CLAVE LOC": 120280131, "TIPO DE ASENTAMIENTO": "LOCALIDAD CON POBLACION\nINDIGENA", "NOMBRE": "ACAHUEHUETLÁN", "MONTO ASIGNADO (PESOS)": 536889, "LATITUD": 17.502248, "LONGITUD": -99.10351 }, "geometry": { "type": "Point", "coordinates": [ -99.10351, 17.502248 ] } },
{ "type": "Feature", "properties": { "NO": 363, "ENTIDAD": "GUERRERO", "MUNICIPIO": "Chilapa de Álvarez", "PUEBLO INDIGENA O AFROMEXICANO": "NAHUA", "LOCALIDAD": "ACALCO", "CLAVE LOC": 120280002, "TIPO DE ASENTAMIENTO": "COMUNIDAD INDIGENA", "NOMBRE": "ACALCO", "MONTO ASIGNADO (PESOS)": 1304458, "LATITUD": 17.505, "LONGITUD": -99.165833 }, "geometry": { "type": "Point", "coordinates": [ -99.165833, 17.505 ] } },
{ "type": "Feature", "properties": { "NO": 364, "ENTIDAD": "GUERRERO", "MUNICIPIO": "Chilapa de Álvarez", "PUEBLO INDIGENA O AFROMEXICANO": "NAHUA", "LOCALIDAD": "ACATLAN", "CLAVE LOC": 120280003, "TIPO DE ASENTAMIENTO": "COMUNIDAD INDIGENA", "NOMBRE": "ACATLÁN", "MONTO ASIGNADO (PESOS)": 3040035, "LATITUD": 17.657179, "LONGITUD": -99.168693 }, "geometry": { "type": "Point", "coordinates": [ -99.168693, 17.657179 ] } },
{ "type": "Feature", "properties": { "NO": 365, "ENTIDAD": "GUERRERO", "MUNICIPIO": "Chilapa de Álvarez", "PUEBLO INDIGENA O AFROMEXICANO": "NAHUA", "LOCALIDAD": "ACOJTAPACHTLAN", "CLAVE LOC": 120280144, "TIPO DE ASENTAMIENTO": "LOCALIDAD CON POBLACION\nINDIGENA", "NOMBRE": "ACOSTAPACHTLÁN", "MONTO ASIGNADO (PESOS)": 569552, "LATITUD": 17.393916, "LONGITUD": -99.052664 }, "geometry": { "type": "Point", "coordinates": [ -99.052664, 17.393916 ] } },
{ "type": "Feature", "properties": { "NO": 366, "ENTIDAD": "GUERRERO", "MUNICIPIO": "Chilapa de Álvarez", "PUEBLO INDIGENA O AFROMEXICANO": "NAHUA", "LOCALIDAD": "ACUENTLA", "CLAVE LOC": 120280005, "TIPO DE ASENTAMIENTO": "COMUNIDAD INDIGENA", "NOMBRE": "ACUENTLA", "MONTO ASIGNADO (PESOS)": 755477, "LATITUD": 17.518628, "LONGITUD": -99.248823 }, "geometry": { "type": "Point", "coordinates": [ -99.248823, 17.518628 ] } },
{ "type": "Feature", "properties": { "NO": 367, "ENTIDAD": "GUERRERO", "MUNICIPIO": "Chilapa de Álvarez", "PUEBLO INDIGENA O AFROMEXICANO": "NAHUA", "LOCALIDAD": "AHUEHUEIJTIC", "CLAVE LOC": 120280127, "TIPO DE ASENTAMIENTO": "LOCALIDAD CON POBLACION\nINDIGENA", "NOMBRE": "AHUEHUEIJTIC", "MONTO ASIGNADO (PESOS)": 849695, "LATITUD": 17.546707, "LONGITUD": -99.084744 }, "geometry": { "type": "Point", "coordinates": [ -99.084744, 17.546707 ] } },
{ "type": "Feature", "properties": { "NO": 368, "ENTIDAD": "GUERRERO", "MUNICIPIO": "Chilapa de Álvarez", "PUEBLO INDIGENA O AFROMEXICANO": "NAHUA", "LOCALIDAD": "AHUEXOTITLANII", "CLAVE LOC": 120280180, "TIPO DE ASENTAMIENTO": "COMUNIDAD INDIGENA", "NOMBRE": "AHUEXOTITLÁN II", "MONTO ASIGNADO (PESOS)": 652464, "LATITUD": 17.345776, "LONGITUD": -98.986085 }, "geometry": { "type": "Point", "coordinates": [ -98.986085, 17.345776 ] } },
{ "type": "Feature", "properties": { "NO": 369, "ENTIDAD": "GUERRERO", "MUNICIPIO": "Chilapa de Álvarez", "PUEBLO INDIGENA O AFROMEXICANO": "NAHUA", "LOCALIDAD": "AHUIXTLA", "CLAVE LOC": 120280008, "TIPO DE ASENTAMIENTO": "LOCALIDAD CON POBLACION\nINDIGENA", "NOMBRE": "AHUIXTLA", "MONTO ASIGNADO (PESOS)": 907483, "LATITUD": 17.530335, "LONGITUD": -99.035651 }, "geometry": { "type": "Point", "coordinates": [ -99.035651, 17.530335 ] } },
{ "type": "Feature", "properties": { "NO": 370, "ENTIDAD": "GUERRERO", "MUNICIPIO": "Chilapa de Álvarez", "PUEBLO INDIGENA O AFROMEXICANO": "NAHUA", "LOCALIDAD": "ALCOZACAN", "CLAVE LOC": 120280010, "TIPO DE ASENTAMIENTO": "COMUNIDAD INDIGENA", "NOMBRE": "ALCOZACÁN", "MONTO ASIGNADO (PESOS)": 1816222, "LATITUD": 17.505089, "LONGITUD": -99.094927 }, "geometry": { "type": "Point", "coordinates": [ -99.094927, 17.505089 ] } },
{ "type": "Feature", "properties": { "NO": 371, "ENTIDAD": "GUERRERO", "MUNICIPIO": "Chilapa de Álvarez", "PUEBLO INDIGENA O AFROMEXICANO": "NAHUA", "LOCALIDAD": "AMILTEPEC", "CLAVE LOC": 120280013, "TIPO DE ASENTAMIENTO": "LOCALIDAD CON POBLACION\nINDIGENA", "NOMBRE": "AMILTEPEC", "MONTO ASIGNADO (PESOS)": 828339, "LATITUD": 17.489659, "LONGITUD": -98.939734 }, "geometry": { "type": "Point", "coordinates": [ -98.939734, 17.489659 ] } },
{ "type": "Feature", "properties": { "NO": 372, "ENTIDAD": "GUERRERO", "MUNICIPIO": "Chilapa de Álvarez", "PUEBLO INDIGENA O AFROMEXICANO": "NAHUA", "LOCALIDAD": "AMILTEPECCOLONIALAVILLA", "CLAVE LOC": 120280319, "TIPO DE ASENTAMIENTO": "LOCALIDAD CON POBLACION\nINDIGENA", "NOMBRE": "AMILTEPEC COLONIA LA VILLA", "MONTO ASIGNADO (PESOS)": 641158, "LATITUD": 17.493333, "LONGITUD": -98.932348 }, "geometry": { "type": "Point", "coordinates": [ -98.932348, 17.493333 ] } },
{ "type": "Feature", "properties": { "NO": 373, "ENTIDAD": "GUERRERO", "MUNICIPIO": "Chilapa de Álvarez", "PUEBLO INDIGENA O AFROMEXICANO": "NAHUA", "LOCALIDAD": "ATENXOXOLA", "CLAVE LOC": 120280017, "TIPO DE ASENTAMIENTO": "COMUNIDAD INDIGENA", "NOMBRE": "ATENXOXOLA", "MONTO ASIGNADO (PESOS)": 724059, "LATITUD": 17.488194, "LONGITUD": -99.142849 }, "geometry": { "type": "Point", "coordinates": [ -99.142849, 17.488194 ] } },
{ "type": "Feature", "properties": { "NO": 374, "ENTIDAD": "GUERRERO", "MUNICIPIO": "Chilapa de Álvarez", "PUEBLO INDIGENA O AFROMEXICANO": "NAHUA", "LOCALIDAD": "ATZACOALOYA", "CLAVE LOC": 120280018, "TIPO DE ASENTAMIENTO": "COMUNIDAD INDIGENA", "NOMBRE": "ATZACOALOYA", "MONTO ASIGNADO (PESOS)": 2989089, "LATITUD": 17.546128, "LONGITUD": -99.137788 }, "geometry": { "type": "Point", "coordinates": [ -99.137788, 17.546128 ] } },
{ "type": "Feature", "properties": { "NO": 375, "ENTIDAD": "GUERRERO", "MUNICIPIO": "Chilapa de Álvarez", "PUEBLO INDIGENA O AFROMEXICANO": "NAHUA", "LOCALIDAD": "BUENAVISTADELASPILAS", "CLAVE LOC": 120280208, "TIPO DE ASENTAMIENTO": "COMUNIDAD INDIGENA", "NOMBRE": "BUENA VISTA DE LAS PILAS", "MONTO ASIGNADO (PESOS)": 391164, "LATITUD": 17.473066, "LONGITUD": -98.991927 }, "geometry": { "type": "Point", "coordinates": [ -98.991927, 17.473066 ] } },
{ "type": "Feature", "properties": { "NO": 376, "ENTIDAD": "GUERRERO", "MUNICIPIO": "Chilapa de Álvarez", "PUEBLO INDIGENA O AFROMEXICANO": "NAHUA", "LOCALIDAD": "BUENAVISTADELPLAN", "CLAVE LOC": 120280207, "TIPO DE ASENTAMIENTO": "LOCALIDAD CON POBLACION\nINDIGENA", "NOMBRE": "BUENA VISTA DEL PLAN", "MONTO ASIGNADO (PESOS)": 200214, "LATITUD": 17.35547, "LONGITUD": -99.053446 }, "geometry": { "type": "Point", "coordinates": [ -99.053446, 17.35547 ] } },
{ "type": "Feature", "properties": { "NO": 377, "ENTIDAD": "GUERRERO", "MUNICIPIO": "Chilapa de Álvarez", "PUEBLO INDIGENA O AFROMEXICANO": "NAHUA", "LOCALIDAD": "BUENAVISTADELRIO", "CLAVE LOC": 120280128, "TIPO DE ASENTAMIENTO": "COMUNIDAD INDIGENA", "NOMBRE": "BUENAVISTA DEL RÍO", "MONTO ASIGNADO (PESOS)": 511764, "LATITUD": 17.438887, "LONGITUD": -99.091571 }, "geometry": { "type": "Point", "coordinates": [ -99.091571, 17.438887 ] } },
{ "type": "Feature", "properties": { "NO": 378, "ENTIDAD": "GUERRERO", "MUNICIPIO": "Chilapa de Álvarez", "PUEBLO INDIGENA O AFROMEXICANO": "NAHUA", "LOCALIDAD": "CAJELTITLAN", "CLAVE LOC": 120280182, "TIPO DE ASENTAMIENTO": "LOCALIDAD CON POBLACION\nINDIGENA", "NOMBRE": "CAJELTITLÁN", "MONTO ASIGNADO (PESOS)": 314533, "LATITUD": 17.371018, "LONGITUD": -98.979457 }, "geometry": { "type": "Point", "coordinates": [ -98.979457, 17.371018 ] } },
{ "type": "Feature", "properties": { "NO": 379, "ENTIDAD": "GUERRERO", "MUNICIPIO": "Chilapa de Álvarez", "PUEBLO INDIGENA O AFROMEXICANO": "NAHUA", "LOCALIDAD": "CALHUAXTITLAN", "CLAVE LOC": 120280028, "TIPO DE ASENTAMIENTO": "LOCALIDAD CON POBLACION\nINDIGENA", "NOMBRE": "CALHUAXTITLÁN", "MONTO ASIGNADO (PESOS)": 560758, "LATITUD": 17.519096, "LONGITUD": -99.142993 }, "geometry": { "type": "Point", "coordinates": [ -99.142993, 17.519096 ] } },
{ "type": "Feature", "properties": { "NO": 380, "ENTIDAD": "GUERRERO", "MUNICIPIO": "Chilapa de Álvarez", "PUEBLO INDIGENA O AFROMEXICANO": "NAHUA", "LOCALIDAD": "CANTERAROSA", "CLAVE LOC": 120280332, "TIPO DE ASENTAMIENTO": "LOCALIDAD CON POBLACION\nINDIGENA", "NOMBRE": "CANTERA ROSA", "MONTO ASIGNADO (PESOS)": 187652, "LATITUD": 17.560788, "LONGITUD": -99.101297 }, "geometry": { "type": "Point", "coordinates": [ -99.101297, 17.560788 ] } },
{ "type": "Feature", "properties": { "NO": 381, "ENTIDAD": "GUERRERO", "MUNICIPIO": "Chilapa de Álvarez", "PUEBLO INDIGENA O AFROMEXICANO": "NAHUA", "LOCALIDAD": "CERRITODESANMARCOS", "CLAVE LOC": 120280172, "TIPO DE ASENTAMIENTO": "LOCALIDAD CON POBLACION\nINDIGENA", "NOMBRE": "CERRITO DE SAN MARCOS", "MONTO ASIGNADO (PESOS)": 470308, "LATITUD": 17.448024, "LONGITUD": -98.93283 }, "geometry": { "type": "Point", "coordinates": [ -98.93283, 17.448024 ] } },
{ "type": "Feature", "properties": { "NO": 382, "ENTIDAD": "GUERRERO", "MUNICIPIO": "Chilapa de Álvarez", "PUEBLO INDIGENA O AFROMEXICANO": "NAHUA", "LOCALIDAD": "CHACALTLA", "CLAVE LOC": 120280190, "TIPO DE ASENTAMIENTO": "LOCALIDAD CON POBLACION\nINDIGENA", "NOMBRE": "CHACALTLÁ", "MONTO ASIGNADO (PESOS)": 320814, "LATITUD": 17.378395, "LONGITUD": -99.031922 }, "geometry": { "type": "Point", "coordinates": [ -99.031922, 17.378395 ] } },
{ "type": "Feature", "properties": { "NO": 383, "ENTIDAD": "GUERRERO", "MUNICIPIO": "Chilapa de Álvarez", "PUEBLO INDIGENA O AFROMEXICANO": "NAHUA", "LOCALIDAD": "COAMACINGO(COAMANCIN)", "CLAVE LOC": 120280129, "TIPO DE ASENTAMIENTO": "LOCALIDAD CON POBLACION\nINDIGENA", "NOMBRE": "COAMACINGO (COAMANCIN)", "MONTO ASIGNADO (PESOS)": 600958, "LATITUD": 17.424839, "LONGITUD": -98.937722 }, "geometry": { "type": "Point", "coordinates": [ -98.937722, 17.424839 ] } },
{ "type": "Feature", "properties": { "NO": 384, "ENTIDAD": "GUERRERO", "MUNICIPIO": "Chilapa de Álvarez", "PUEBLO INDIGENA O AFROMEXICANO": "NAHUA", "LOCALIDAD": "COATZINGO", "CLAVE LOC": 120280032, "TIPO DE ASENTAMIENTO": "LOCALIDAD CON POBLACION\nINDIGENA", "NOMBRE": "COATZINGO", "MONTO ASIGNADO (PESOS)": 504227, "LATITUD": 17.513822, "LONGITUD": -99.141203 }, "geometry": { "type": "Point", "coordinates": [ -99.141203, 17.513822 ] } },
{ "type": "Feature", "properties": { "NO": 385, "ENTIDAD": "GUERRERO", "MUNICIPIO": "Chilapa de Álvarez", "PUEBLO INDIGENA O AFROMEXICANO": "NAHUA", "LOCALIDAD": "COLONIACOJTENCO", "CLAVE LOC": 120280296, "TIPO DE ASENTAMIENTO": "LOCALIDAD CON POBLACION\nINDIGENA", "NOMBRE": "COLONIA COJTENCO", "MONTO ASIGNADO (PESOS)": 183883, "LATITUD": 17.496731, "LONGITUD": -99.137863 }, "geometry": { "type": "Point", "coordinates": [ -99.137863, 17.496731 ] } },
{ "type": "Feature", "properties": { "NO": 386, "ENTIDAD": "GUERRERO", "MUNICIPIO": "Chilapa de Álvarez", "PUEBLO INDIGENA O AFROMEXICANO": "NAHUA", "LOCALIDAD": "COLONIAFRENTEDEDEFENSAPOPULAR", "CLAVE LOC": 120280331, "TIPO DE ASENTAMIENTO": "COMUNIDAD INDIGENA", "NOMBRE": "COLONIA FRENTE DE DEFENSA POPULAR", "MONTO ASIGNADO (PESOS)": 189727, "LATITUD": 17.618065, "LONGITUD": -99.179668 }, "geometry": { "type": "Point", "coordinates": [ -99.179668, 17.618065 ] } },
{ "type": "Feature", "properties": { "NO": 387, "ENTIDAD": "GUERRERO", "MUNICIPIO": "Chilapa de Álvarez", "PUEBLO INDIGENA O AFROMEXICANO": "NAHUA", "LOCALIDAD": "COLOTEPEC", "CLAVE LOC": 120280033, "TIPO DE ASENTAMIENTO": "LOCALIDAD CON POBLACION\nINDIGENA", "NOMBRE": "COLOTEPEC", "MONTO ASIGNADO (PESOS)": 496689, "LATITUD": 17.497764, "LONGITUD": -99.129812 }, "geometry": { "type": "Point", "coordinates": [ -99.129812, 17.497764 ] } },
{ "type": "Feature", "properties": { "NO": 388, "ENTIDAD": "GUERRERO", "MUNICIPIO": "Chilapa de Álvarez", "PUEBLO INDIGENA O AFROMEXICANO": "NAHUA", "LOCALIDAD": "CUAMAÑOTEPEC", "CLAVE LOC": 120280183, "TIPO DE ASENTAMIENTO": "COMUNIDAD INDIGENA", "NOMBRE": "CUAMAÑOTEPEC", "MONTO ASIGNADO (PESOS)": 237902, "LATITUD": 17.549718, "LONGITUD": -99.052793 }, "geometry": { "type": "Point", "coordinates": [ -99.052793, 17.549718 ] } },
{ "type": "Feature", "properties": { "NO": 389, "ENTIDAD": "GUERRERO", "MUNICIPIO": "Chilapa de Álvarez", "PUEBLO INDIGENA O AFROMEXICANO": "NAHUA", "LOCALIDAD": "ELCALVARIO", "CLAVE LOC": 120280029, "TIPO DE ASENTAMIENTO": "LOCALIDAD CON POBLACION\nINDIGENA", "NOMBRE": "EL CALVARIO", "MONTO ASIGNADO (PESOS)": 324583, "LATITUD": 17.527515, "LONGITUD": -99.15529 }, "geometry": { "type": "Point", "coordinates": [ -99.15529, 17.527515 ] } },
{ "type": "Feature", "properties": { "NO": 390, "ENTIDAD": "GUERRERO", "MUNICIPIO": "Chilapa de Álvarez", "PUEBLO INDIGENA O AFROMEXICANO": "NAHUA", "LOCALIDAD": "ELEDEN", "CLAVE LOC": 120280285, "TIPO DE ASENTAMIENTO": "COMUNIDAD INDIGENA", "NOMBRE": "EL EDÉN", "MONTO ASIGNADO (PESOS)": 122327, "LATITUD": 17.469619, "LONGITUD": -98.904094 }, "geometry": { "type": "Point", "coordinates": [ -98.904094, 17.469619 ] } },
{ "type": "Feature", "properties": { "NO": 391, "ENTIDAD": "GUERRERO", "MUNICIPIO": "Chilapa de Álvarez", "PUEBLO INDIGENA O AFROMEXICANO": "NAHUA", "LOCALIDAD": "ELEPAZOTE", "CLAVE LOC": 120280040, "TIPO DE ASENTAMIENTO": "LOCALIDAD CON POBLACION\nINDIGENA", "NOMBRE": "EL EPAZOTE", "MONTO ASIGNADO (PESOS)": 1430083, "LATITUD": 17.364624, "LONGITUD": -99.05298 }, "geometry": { "type": "Point", "coordinates": [ -99.05298, 17.364624 ] } },
{ "type": "Feature", "properties": { "NO": 392, "ENTIDAD": "GUERRERO", "MUNICIPIO": "Chilapa de Álvarez", "PUEBLO INDIGENA O AFROMEXICANO": "NAHUA", "LOCALIDAD": "ELJAGÜEY", "CLAVE LOC": 120280044, "TIPO DE ASENTAMIENTO": "COMUNIDAD INDIGENA", "NOMBRE": "EL JAGÜEY", "MONTO ASIGNADO (PESOS)": 1757154, "LATITUD": 17.490242, "LONGITUD": -99.146041 }, "geometry": { "type": "Point", "coordinates": [ -99.146041, 17.490242 ] } },
{ "type": "Feature", "properties": { "NO": 393, "ENTIDAD": "GUERRERO", "MUNICIPIO": "Chilapa de Álvarez", "PUEBLO INDIGENA O AFROMEXICANO": "NAHUA", "LOCALIDAD": "ELMEZON", "CLAVE LOC": 120280151, "TIPO DE ASENTAMIENTO": "LOCALIDAD CON POBLACION\nINDIGENA", "NOMBRE": "EL MEZÓN", "MONTO ASIGNADO (PESOS)": 492921, "LATITUD": 17.361219, "LONGITUD": -98.974088 }, "geometry": { "type": "Point", "coordinates": [ -98.974088, 17.361219 ] } },
{ "type": "Feature", "properties": { "NO": 394, "ENTIDAD": "GUERRERO", "MUNICIPIO": "Chilapa de Álvarez", "PUEBLO INDIGENA O AFROMEXICANO": "NAHUA", "LOCALIDAD": "ELREFUGIO", "CLAVE LOC": 120280064, "TIPO DE ASENTAMIENTO": "COMUNIDAD INDIGENA", "NOMBRE": "EL REFUGIO", "MONTO ASIGNADO (PESOS)": 412029, "LATITUD": 17.559808, "LONGITUD": -99.21163 }, "geometry": { "type": "Point", "coordinates": [ -99.21163, 17.559808 ] } },
{ "type": "Feature", "properties": { "NO": 395, "ENTIDAD": "GUERRERO", "MUNICIPIO": "Chilapa de Álvarez", "PUEBLO INDIGENA O AFROMEXICANO": "NAHUA", "LOCALIDAD": "ELTEPEHUAJE", "CLAVE LOC": 120280253, "TIPO DE ASENTAMIENTO": "LOCALIDAD CON POBLACION\nINDIGENA", "NOMBRE": "EL TEPEHUAJE", "MONTO ASIGNADO (PESOS)": 158758, "LATITUD": 17.45968, "LONGITUD": -99.083132 }, "geometry": { "type": "Point", "coordinates": [ -99.083132, 17.45968 ] } },
{ "type": "Feature", "properties": { "NO": 396, "ENTIDAD": "GUERRERO", "MUNICIPIO": "Chilapa de Álvarez", "PUEBLO INDIGENA O AFROMEXICANO": "NAHUA", "LOCALIDAD": "IGNOTEPEC(CRUZDELIMON)", "CLAVE LOC": 120280227, "TIPO DE ASENTAMIENTO": "LOCALIDAD CON POBLACION\nINDIGENA", "NOMBRE": "IGNOTEPEC (CRUZ DE LIMÓN)", "MONTO ASIGNADO (PESOS)": 176346, "LATITUD": 17.534516, "LONGITUD": -99.194863 }, "geometry": { "type": "Point", "coordinates": [ -99.194863, 17.534516 ] } },
{ "type": "Feature", "properties": { "NO": 397, "ENTIDAD": "GUERRERO", "MUNICIPIO": "Chilapa de Álvarez", "PUEBLO INDIGENA O AFROMEXICANO": "NAHUA", "LOCALIDAD": "LAMOHONERA", "CLAVE LOC": 120280054, "TIPO DE ASENTAMIENTO": "LOCALIDAD CON POBLACION\nINDIGENA", "NOMBRE": "LA MOHONERA", "MONTO ASIGNADO (PESOS)": 2011726, "LATITUD": 17.638669, "LONGITUD": -99.202409 }, "geometry": { "type": "Point", "coordinates": [ -99.202409, 17.638669 ] } },
{ "type": "Feature", "properties": { "NO": 398, "ENTIDAD": "GUERRERO", "MUNICIPIO": "Chilapa de Álvarez", "PUEBLO INDIGENA O AFROMEXICANO": "NAHUA", "LOCALIDAD": "LOSAMATES", "CLAVE LOC": 120280012, "TIPO DE ASENTAMIENTO": "COMUNIDAD INDIGENA", "NOMBRE": "LOS AMATES", "MONTO ASIGNADO (PESOS)": 893664, "LATITUD": 17.545466, "LONGITUD": -99.192691 }, "geometry": { "type": "Point", "coordinates": [ -99.192691, 17.545466 ] } },
{ "type": "Feature", "properties": { "NO": 399, "ENTIDAD": "GUERRERO", "MUNICIPIO": "Chilapa de Álvarez", "PUEBLO INDIGENA O AFROMEXICANO": "NAHUA", "LOCALIDAD": "MACUIXCATLAN", "CLAVE LOC": 120280049, "TIPO DE ASENTAMIENTO": "LOCALIDAD CON POBLACION\nINDIGENA", "NOMBRE": "MACUIXCATLÁN", "MONTO ASIGNADO (PESOS)": 1257977, "LATITUD": 17.560939, "LONGITUD": -99.159423 }, "geometry": { "type": "Point", "coordinates": [ -99.159423, 17.560939 ] } },
{ "type": "Feature", "properties": { "NO": 400, "ENTIDAD": "GUERRERO", "MUNICIPIO": "Chilapa de Álvarez", "PUEBLO INDIGENA O AFROMEXICANO": "NAHUA", "LOCALIDAD": "MEXCALCINGO", "CLAVE LOC": 120280052, "TIPO DE ASENTAMIENTO": "COMUNIDAD INDIGENA", "NOMBRE": "MEXCALCINGO", "MONTO ASIGNADO (PESOS)": 2372270, "LATITUD": 17.385723, "LONGITUD": -98.999693 }, "geometry": { "type": "Point", "coordinates": [ -98.999693, 17.385723 ] } },
{ "type": "Feature", "properties": { "NO": 401, "ENTIDAD": "GUERRERO", "MUNICIPIO": "Chilapa de Álvarez", "PUEBLO INDIGENA O AFROMEXICANO": "NAHUA", "LOCALIDAD": "MEXCALTEPECI", "CLAVE LOC": 120280051, "TIPO DE ASENTAMIENTO": "LOCALIDAD CON POBLACION\nINDIGENA", "NOMBRE": "MEXCALTEPEC I", "MONTO ASIGNADO (PESOS)": 735377, "LATITUD": 17.518394, "LONGITUD": -99.10387 }, "geometry": { "type": "Point", "coordinates": [ -99.10387, 17.518394 ] } },
{ "type": "Feature", "properties": { "NO": 402, "ENTIDAD": "GUERRERO", "MUNICIPIO": "Chilapa de Álvarez", "PUEBLO INDIGENA O AFROMEXICANO": "NAHUA", "LOCALIDAD": "MEXCALTEPECII", "CLAVE LOC": 120280130, "TIPO DE ASENTAMIENTO": "LOCALIDAD CON POBLACION\nINDIGENA", "NOMBRE": "MEXCALTEPEC II", "MONTO ASIGNADO (PESOS)": 1299433, "LATITUD": 17.463369, "LONGITUD": -98.904513 }, "geometry": { "type": "Point", "coordinates": [ -98.904513, 17.463369 ] } },
{ "type": "Feature", "properties": { "NO": 403, "ENTIDAD": "GUERRERO", "MUNICIPIO": "Chilapa de Álvarez", "PUEBLO INDIGENA O AFROMEXICANO": "NAHUA", "LOCALIDAD": "MIRAFLOR", "CLAVE LOC": 120280053, "TIPO DE ASENTAMIENTO": "COMUNIDAD INDIGENA", "NOMBRE": "MIRAFLOR", "MONTO ASIGNADO (PESOS)": 426339, "LATITUD": 17.567376, "LONGITUD": -99.150949 }, "geometry": { "type": "Point", "coordinates": [ -99.150949, 17.567376 ] } },
{ "type": "Feature", "properties": { "NO": 404, "ENTIDAD": "GUERRERO", "MUNICIPIO": "Chilapa de Álvarez", "PUEBLO INDIGENA O AFROMEXICANO": "NAHUA", "LOCALIDAD": "NEJAPA", "CLAVE LOC": 120280055, "TIPO DE ASENTAMIENTO": "COMUNIDAD INDIGENA", "NOMBRE": "NEJAPA", "MONTO ASIGNADO (PESOS)": 195386, "LATITUD": 17.611251, "LONGITUD": -99.145442 }, "geometry": { "type": "Point", "coordinates": [ -99.145442, 17.611251 ] } },
{ "type": "Feature", "properties": { "NO": 405, "ENTIDAD": "GUERRERO", "MUNICIPIO": "Chilapa de Álvarez", "PUEBLO INDIGENA O AFROMEXICANO": "NAHUA", "LOCALIDAD": "OCUITUCO", "CLAVE LOC": 120280056, "TIPO DE ASENTAMIENTO": "COMUNIDAD INDIGENA", "NOMBRE": "OCUITUCO", "MONTO ASIGNADO (PESOS)": 1010495, "LATITUD": 17.564026, "LONGITUD": -99.189344 }, "geometry": { "type": "Point", "coordinates": [ -99.189344, 17.564026 ] } },
{ "type": "Feature", "properties": { "NO": 406, "ENTIDAD": "GUERRERO", "MUNICIPIO": "Chilapa de Álvarez", "PUEBLO INDIGENA O AFROMEXICANO": "NAHUA", "LOCALIDAD": "OCUTLA", "CLAVE LOC": 120280163, "TIPO DE ASENTAMIENTO": "LOCALIDAD CON POBLACION\nINDIGENA", "NOMBRE": "OCUTLA", "MONTO ASIGNADO (PESOS)": 354733, "LATITUD": 17.360331, "LONGITUD": -98.982182 }, "geometry": { "type": "Point", "coordinates": [ -98.982182, 17.360331 ] } },
{ "type": "Feature", "properties": { "NO": 407, "ENTIDAD": "GUERRERO", "MUNICIPIO": "Chilapa de Álvarez", "PUEBLO INDIGENA O AFROMEXICANO": "NAHUA", "LOCALIDAD": "OLINGACHACATLAN(CAMPOSANTOVIEJO)", "CLAVE LOC": 120280153, "TIPO DE ASENTAMIENTO": "LOCALIDAD CON POBLACION\nINDIGENA", "NOMBRE": "OLINGACHACATLÁN (CAMPOSANTO VIEJO)", "MONTO ASIGNADO (PESOS)": 300714, "LATITUD": 17.372641, "LONGITUD": -99.041417 }, "geometry": { "type": "Point", "coordinates": [ -99.041417, 17.372641 ] } },
{ "type": "Feature", "properties": { "NO": 408, "ENTIDAD": "GUERRERO", "MUNICIPIO": "Chilapa de Álvarez", "PUEBLO INDIGENA O AFROMEXICANO": "NAHUA", "LOCALIDAD": "PAPAXTLA", "CLAVE LOC": 120280134, "TIPO DE ASENTAMIENTO": "COMUNIDAD INDIGENA", "NOMBRE": "PAPAXTLA", "MONTO ASIGNADO (PESOS)": 446439, "LATITUD": 17.588826, "LONGITUD": -99.067684 }, "geometry": { "type": "Point", "coordinates": [ -99.067684, 17.588826 ] } },
{ "type": "Feature", "properties": { "NO": 409, "ENTIDAD": "GUERRERO", "MUNICIPIO": "Chilapa de Álvarez", "PUEBLO INDIGENA O AFROMEXICANO": "NAHUA", "LOCALIDAD": "PLANDECONEJO", "CLAVE LOC": 120280239, "TIPO DE ASENTAMIENTO": "LOCALIDAD CON POBLACION\nINDIGENA", "NOMBRE": "PLAN DE CONEJO", "MONTO ASIGNADO (PESOS)": 177602, "LATITUD": 17.379038, "LONGITUD": -99.041102 }, "geometry": { "type": "Point", "coordinates": [ -99.041102, 17.379038 ] } },
{ "type": "Feature", "properties": { "NO": 410, "ENTIDAD": "GUERRERO", "MUNICIPIO": "Chilapa de Álvarez", "PUEBLO INDIGENA O AFROMEXICANO": "NAHUA", "LOCALIDAD": "POPOCATZIN", "CLAVE LOC": 120280139, "TIPO DE ASENTAMIENTO": "LOCALIDAD CON POBLACION\nINDIGENA", "NOMBRE": "POPOCATZIN", "MONTO ASIGNADO (PESOS)": 1034364, "LATITUD": 17.377005, "LONGITUD": -99.021063 }, "geometry": { "type": "Point", "coordinates": [ -99.021063, 17.377005 ] } },
{ "type": "Feature", "properties": { "NO": 411, "ENTIDAD": "GUERRERO", "MUNICIPIO": "Chilapa de Álvarez", "PUEBLO INDIGENA O AFROMEXICANO": "NAHUA", "LOCALIDAD": "POPOYATLAJCO", "CLAVE LOC": 120280061, "TIPO DE ASENTAMIENTO": "LOCALIDAD CON POBLACION\nINDIGENA", "NOMBRE": "POPOYATLAJCO", "MONTO ASIGNADO (PESOS)": 751708, "LATITUD": 17.500861, "LONGITUD": -99.269494 }, "geometry": { "type": "Point", "coordinates": [ -99.269494, 17.500861 ] } },
{ "type": "Feature", "properties": { "NO": 412, "ENTIDAD": "GUERRERO", "MUNICIPIO": "Chilapa de Álvarez", "PUEBLO INDIGENA O AFROMEXICANO": "NAHUA", "LOCALIDAD": "PUEBLOVIEJO", "CLAVE LOC": 120280137, "TIPO DE ASENTAMIENTO": "LOCALIDAD CON POBLACION\nINDIGENA", "NOMBRE": "PUEBLO VIEJO", "MONTO ASIGNADO (PESOS)": 215289, "LATITUD": 17.407389, "LONGITUD": -99.061414 }, "geometry": { "type": "Point", "coordinates": [ -99.061414, 17.407389 ] } },
{ "type": "Feature", "properties": { "NO": 413, "ENTIDAD": "GUERRERO", "MUNICIPIO": "Chilapa de Álvarez", "PUEBLO INDIGENA O AFROMEXICANO": "NAHUA", "LOCALIDAD": "RINCONDECHAUTLA", "CLAVE LOC": 120280243, "TIPO DE ASENTAMIENTO": "LOCALIDAD CON POBLACION\nINDIGENA", "NOMBRE": "RINCÓN DE CHAUTLA", "MONTO ASIGNADO (PESOS)": 226596, "LATITUD": 17.472372, "LONGITUD": -99.077452 }, "geometry": { "type": "Point", "coordinates": [ -99.077452, 17.472372 ] } },
{ "type": "Feature", "properties": { "NO": 414, "ENTIDAD": "GUERRERO", "MUNICIPIO": "Chilapa de Álvarez", "PUEBLO INDIGENA O AFROMEXICANO": "NAHUA", "LOCALIDAD": "SANANTONIOHUEYITEPEC", "CLAVE LOC": 120280042, "TIPO DE ASENTAMIENTO": "COMUNIDAD INDIGENA", "NOMBRE": "SAN ANTONIO HUEYITEPEC", "MONTO ASIGNADO (PESOS)": 617289, "LATITUD": 17.466421, "LONGITUD": -98.919075 }, "geometry": { "type": "Point", "coordinates": [ -98.919075, 17.466421 ] } },
{ "type": "Feature", "properties": { "NO": 415, "ENTIDAD": "GUERRERO", "MUNICIPIO": "Chilapa de Álvarez", "PUEBLO INDIGENA O AFROMEXICANO": "NAHUA", "LOCALIDAD": "SANJERONIMOPALANTLA", "CLAVE LOC": 120280067, "TIPO DE ASENTAMIENTO": "COMUNIDAD INDIGENA", "NOMBRE": "SAN JERÓNIMO PALANTLA", "MONTO ASIGNADO (PESOS)": 796933, "LATITUD": 17.528527, "LONGITUD": -99.088558 }, "geometry": { "type": "Point", "coordinates": [ -99.088558, 17.528527 ] } },
{ "type": "Feature", "properties": { "NO": 416, "ENTIDAD": "GUERRERO", "MUNICIPIO": "Chilapa de Álvarez", "PUEBLO INDIGENA O AFROMEXICANO": "NAHUA", "LOCALIDAD": "SANMARCOS", "CLAVE LOC": 120280068, "TIPO DE ASENTAMIENTO": "LOCALIDAD CON POBLACION\nINDIGENA", "NOMBRE": "SAN MARCOS", "MONTO ASIGNADO (PESOS)": 873564, "LATITUD": 17.34772, "LONGITUD": -99.003413 }, "geometry": { "type": "Point", "coordinates": [ -99.003413, 17.34772 ] } },
{ "type": "Feature", "properties": { "NO": 417, "ENTIDAD": "GUERRERO", "MUNICIPIO": "Chilapa de Álvarez", "PUEBLO INDIGENA O AFROMEXICANO": "NAHUA", "LOCALIDAD": "SANTACRUZ", "CLAVE LOC": 120280071, "TIPO DE ASENTAMIENTO": "COMUNIDAD INDIGENA", "NOMBRE": "SANTA CRUZ", "MONTO ASIGNADO (PESOS)": 932608, "LATITUD": 17.650582, "LONGITUD": -99.117625 }, "geometry": { "type": "Point", "coordinates": [ -99.117625, 17.650582 ] } },
{ "type": "Feature", "properties": { "NO": 418, "ENTIDAD": "GUERRERO", "MUNICIPIO": "Chilapa de Álvarez", "PUEBLO INDIGENA O AFROMEXICANO": "NAHUA", "LOCALIDAD": "SANTACRUZ(ZACAZONAPA)", "CLAVE LOC": 120280107, "TIPO DE ASENTAMIENTO": "LOCALIDAD CON POBLACION\nINDIGENA", "NOMBRE": "SANTA CRUZ (ZACAZONAPA)", "MONTO ASIGNADO (PESOS)": 661258, "LATITUD": 17.450296, "LONGITUD": -99.135026 }, "geometry": { "type": "Point", "coordinates": [ -99.135026, 17.450296 ] } },
{ "type": "Feature", "properties": { "NO": 419, "ENTIDAD": "GUERRERO", "MUNICIPIO": "Chilapa de Álvarez", "PUEBLO INDIGENA O AFROMEXICANO": "NAHUA", "LOCALIDAD": "TECONGO", "CLAVE LOC": 120280126, "TIPO DE ASENTAMIENTO": "LOCALIDAD CON POBLACION\nINDIGENA", "NOMBRE": "TECONGO", "MONTO ASIGNADO (PESOS)": 613521, "LATITUD": 17.338704, "LONGITUD": -99.032301 }, "geometry": { "type": "Point", "coordinates": [ -99.032301, 17.338704 ] } },
{ "type": "Feature", "properties": { "NO": 420, "ENTIDAD": "GUERRERO", "MUNICIPIO": "Chilapa de Álvarez", "PUEBLO INDIGENA O AFROMEXICANO": "NAHUA", "LOCALIDAD": "TECONGOII", "CLAVE LOC": 120280330, "TIPO DE ASENTAMIENTO": "LOCALIDAD CON POBLACION\nINDIGENA", "NOMBRE": "TECONGO II", "MONTO ASIGNADO (PESOS)": 389908, "LATITUD": 17.526579, "LONGITUD": -99.029057 }, "geometry": { "type": "Point", "coordinates": [ -99.029057, 17.526579 ] } },
{ "type": "Feature", "properties": { "NO": 421, "ENTIDAD": "GUERRERO", "MUNICIPIO": "Chilapa de Álvarez", "PUEBLO INDIGENA O AFROMEXICANO": "NAHUA", "LOCALIDAD": "TENEXATLAJCO", "CLAVE LOC": 120280073, "TIPO DE ASENTAMIENTO": "LOCALIDAD CON POBLACION\nINDIGENA", "NOMBRE": "TENEXATLAJCO (TENEXATLACO)", "MONTO ASIGNADO (PESOS)": 340892, "LATITUD": 17.554583, "LONGITUD": -99.263114 }, "geometry": { "type": "Point", "coordinates": [ -99.263114, 17.554583 ] } },
{ "type": "Feature", "properties": { "NO": 422, "ENTIDAD": "GUERRERO", "MUNICIPIO": "Chilapa de Álvarez", "PUEBLO INDIGENA O AFROMEXICANO": "NAHUA", "LOCALIDAD": "TEOMATATLAN", "CLAVE LOC": 120280074, "TIPO DE ASENTAMIENTO": "COMUNIDAD INDIGENA", "NOMBRE": "TEOMATATLÁN", "MONTO ASIGNADO (PESOS)": 676333, "LATITUD": 17.571906, "LONGITUD": -99.125295 }, "geometry": { "type": "Point", "coordinates": [ -99.125295, 17.571906 ] } },
{ "type": "Feature", "properties": { "NO": 423, "ENTIDAD": "GUERRERO", "MUNICIPIO": "Chilapa de Álvarez", "PUEBLO INDIGENA O AFROMEXICANO": "NAHUA", "LOCALIDAD": "TEPETLACINGO", "CLAVE LOC": 120280078, "TIPO DE ASENTAMIENTO": "LOCALIDAD CON POBLACION\nINDIGENA", "NOMBRE": "TEPETLACINGO", "MONTO ASIGNADO (PESOS)": 746683, "LATITUD": 17.562676, "LONGITUD": -99.148608 }, "geometry": { "type": "Point", "coordinates": [ -99.148608, 17.562676 ] } },
{ "type": "Feature", "properties": { "NO": 424, "ENTIDAD": "GUERRERO", "MUNICIPIO": "Chilapa de Álvarez", "PUEBLO INDIGENA O AFROMEXICANO": "NAHUA", "LOCALIDAD": "TEPEXAXOCOTITLAN", "CLAVE LOC": 120280256, "TIPO DE ASENTAMIENTO": "LOCALIDAD CON POBLACION\nINDIGENA", "NOMBRE": "TEPEXAXOCOTITLÁN", "MONTO ASIGNADO (PESOS)": 191421, "LATITUD": 17.48741, "LONGITUD": -98.901861 }, "geometry": { "type": "Point", "coordinates": [ -98.901861, 17.48741 ] } },
{ "type": "Feature", "properties": { "NO": 425, "ENTIDAD": "GUERRERO", "MUNICIPIO": "Chilapa de Álvarez", "PUEBLO INDIGENA O AFROMEXICANO": "NAHUA", "LOCALIDAD": "TEPOZONALCO", "CLAVE LOC": 120280081, "TIPO DE ASENTAMIENTO": "LOCALIDAD CON POBLACION\nINDIGENA", "NOMBRE": "TEPOZONALCO", "MONTO ASIGNADO (PESOS)": 878589, "LATITUD": 17.572525, "LONGITUD": -99.030767 }, "geometry": { "type": "Point", "coordinates": [ -99.030767, 17.572525 ] } },
{ "type": "Feature", "properties": { "NO": 426, "ENTIDAD": "GUERRERO", "MUNICIPIO": "Chilapa de Álvarez", "PUEBLO INDIGENA O AFROMEXICANO": "NAHUA", "LOCALIDAD": "TERRERO", "CLAVE LOC": 120280165, "TIPO DE ASENTAMIENTO": "LOCALIDAD CON POBLACION\nINDIGENA", "NOMBRE": "TERRERO", "MONTO ASIGNADO (PESOS)": 170064, "LATITUD": 17.546734, "LONGITUD": -99.165412 }, "geometry": { "type": "Point", "coordinates": [ -99.165412, 17.546734 ] } },
{ "type": "Feature", "properties": { "NO": 427, "ENTIDAD": "GUERRERO", "MUNICIPIO": "Chilapa de Álvarez", "PUEBLO INDIGENA O AFROMEXICANO": "NAHUA", "LOCALIDAD": "TERRERO", "CLAVE LOC": 120280186, "TIPO DE ASENTAMIENTO": "LOCALIDAD CON POBLACION\nINDIGENA", "NOMBRE": "TERRERO", "MONTO ASIGNADO (PESOS)": 202727, "LATITUD": 17.584764, "LONGITUD": -99.08314 }, "geometry": { "type": "Point", "coordinates": [ -99.08314, 17.584764 ] } },
{ "type": "Feature", "properties": { "NO": 428, "ENTIDAD": "GUERRERO", "MUNICIPIO": "Chilapa de Álvarez", "PUEBLO INDIGENA O AFROMEXICANO": "NAHUA", "LOCALIDAD": "TETITLANII", "CLAVE LOC": 120280084, "TIPO DE ASENTAMIENTO": "LOCALIDAD CON POBLACION\nINDIGENA", "NOMBRE": "TETITLÁN II", "MONTO ASIGNADO (PESOS)": 207752, "LATITUD": 17.498167, "LONGITUD": -98.952995 }, "geometry": { "type": "Point", "coordinates": [ -98.952995, 17.498167 ] } },
{ "type": "Feature", "properties": { "NO": 429, "ENTIDAD": "GUERRERO", "MUNICIPIO": "Chilapa de Álvarez", "PUEBLO INDIGENA O AFROMEXICANO": "NAHUA", "LOCALIDAD": "TETLIXTAC", "CLAVE LOC": 120280261, "TIPO DE ASENTAMIENTO": "LOCALIDAD CON POBLACION\nINDIGENA", "NOMBRE": "TETLIXTAC", "MONTO ASIGNADO (PESOS)": 274333, "LATITUD": 17.368669, "LONGITUD": -98.971237 }, "geometry": { "type": "Point", "coordinates": [ -98.971237, 17.368669 ] } },
{ "type": "Feature", "properties": { "NO": 430, "ENTIDAD": "GUERRERO", "MUNICIPIO": "Chilapa de Álvarez", "PUEBLO INDIGENA O AFROMEXICANO": "NAHUA", "LOCALIDAD": "TEYPALCO", "CLAVE LOC": 120280140, "TIPO DE ASENTAMIENTO": "LOCALIDAD CON POBLACION\nINDIGENA", "NOMBRE": "TEYPALCO", "MONTO ASIGNADO (PESOS)": 897433, "LATITUD": 17.37335, "LONGITUD": -98.999811 }, "geometry": { "type": "Point", "coordinates": [ -98.999811, 17.37335 ] } },
{ "type": "Feature", "properties": { "NO": 431, "ENTIDAD": "GUERRERO", "MUNICIPIO": "Chilapa de Álvarez", "PUEBLO INDIGENA O AFROMEXICANO": "NAHUA", "LOCALIDAD": "TIERRABLANCAOCOTITO", "CLAVE LOC": 120280327, "TIPO DE ASENTAMIENTO": "LOCALIDAD CON POBLACION\nINDIGENA", "NOMBRE": "TIERRA BLANCA OCOTITO", "MONTO ASIGNADO (PESOS)": 247952, "LATITUD": 17.341446, "LONGITUD": -99.003156 }, "geometry": { "type": "Point", "coordinates": [ -99.003156, 17.341446 ] } },
{ "type": "Feature", "properties": { "NO": 432, "ENTIDAD": "GUERRERO", "MUNICIPIO": "Chilapa de Álvarez", "PUEBLO INDIGENA O AFROMEXICANO": "NAHUA", "LOCALIDAD": "TLACOAXTLA", "CLAVE LOC": 120280086, "TIPO DE ASENTAMIENTO": "COMUNIDAD INDIGENA", "NOMBRE": "TLACOAXTLA", "MONTO ASIGNADO (PESOS)": 1237877, "LATITUD": 17.555156, "LONGITUD": -99.20295 }, "geometry": { "type": "Point", "coordinates": [ -99.20295, 17.555156 ] } },
{ "type": "Feature", "properties": { "NO": 433, "ENTIDAD": "GUERRERO", "MUNICIPIO": "Chilapa de Álvarez", "PUEBLO INDIGENA O AFROMEXICANO": "NAHUA", "LOCALIDAD": "TLALAHUAPA", "CLAVE LOC": 120280160, "TIPO DE ASENTAMIENTO": "LOCALIDAD CON POBLACION\nINDIGENA", "NOMBRE": "TLALAHUAPAN", "MONTO ASIGNADO (PESOS)": 504227, "LATITUD": 17.367269, "LONGITUD": -99.002346 }, "geometry": { "type": "Point", "coordinates": [ -99.002346, 17.367269 ] } },
{ "type": "Feature", "properties": { "NO": 434, "ENTIDAD": "GUERRERO", "MUNICIPIO": "Chilapa de Álvarez", "PUEBLO INDIGENA O AFROMEXICANO": "NAHUA", "LOCALIDAD": "TLALHUIC(OCOIXTLAHUAC)", "CLAVE LOC": 120280166, "TIPO DE ASENTAMIENTO": "LOCALIDAD CON POBLACION\nINDIGENA", "NOMBRE": "TLALHUIC (OCOIXTLAHUAC)", "MONTO ASIGNADO (PESOS)": 236646, "LATITUD": 17.365278, "LONGITUD": -99.014039 }, "geometry": { "type": "Point", "coordinates": [ -99.014039, 17.365278 ] } },
{ "type": "Feature", "properties": { "NO": 435, "ENTIDAD": "GUERRERO", "MUNICIPIO": "Chilapa de Álvarez", "PUEBLO INDIGENA O AFROMEXICANO": "NAHUA", "LOCALIDAD": "TLALIXTALTIPAN", "CLAVE LOC": 120280263, "TIPO DE ASENTAMIENTO": "LOCALIDAD CON POBLACION\nINDIGENA", "NOMBRE": "TLALIXTELTEPAN", "MONTO ASIGNADO (PESOS)": 211521, "LATITUD": 17.375809, "LONGITUD": -98.989208 }, "geometry": { "type": "Point", "coordinates": [ -98.989208, 17.375809 ] } },
{ "type": "Feature", "properties": { "NO": 436, "ENTIDAD": "GUERRERO", "MUNICIPIO": "Chilapa de Álvarez", "PUEBLO INDIGENA O AFROMEXICANO": "NAHUA", "LOCALIDAD": "TLALIXTLAHUACAN", "CLAVE LOC": 120280089, "TIPO DE ASENTAMIENTO": "COMUNIDAD INDIGENA", "NOMBRE": "TLALIXTLAHUACÁN", "MONTO ASIGNADO (PESOS)": 837133, "LATITUD": 17.485729, "LONGITUD": -99.119624 }, "geometry": { "type": "Point", "coordinates": [ -99.119624, 17.485729 ] } },
{ "type": "Feature", "properties": { "NO": 437, "ENTIDAD": "GUERRERO", "MUNICIPIO": "Chilapa de Álvarez", "PUEBLO INDIGENA O AFROMEXICANO": "NAHUA", "LOCALIDAD": "TLANIPATLA", "CLAVE LOC": 120280092, "TIPO DE ASENTAMIENTO": "LOCALIDAD CON POBLACION\nINDIGENA", "NOMBRE": "TLANIPATLA", "MONTO ASIGNADO (PESOS)": 686383, "LATITUD": 17.533032, "LONGITUD": -99.145576 }, "geometry": { "type": "Point", "coordinates": [ -99.145576, 17.533032 ] } },
{ "type": "Feature", "properties": { "NO": 438, "ENTIDAD": "GUERRERO", "MUNICIPIO": "Chilapa de Álvarez", "PUEBLO INDIGENA O AFROMEXICANO": "NAHUA", "LOCALIDAD": "TLATEMPA", "CLAVE LOC": 120280321, "TIPO DE ASENTAMIENTO": "COMUNIDAD INDIGENA", "NOMBRE": "TLATEMPA", "MONTO ASIGNADO (PESOS)": 286896, "LATITUD": 17.570755, "LONGITUD": -99.057515 }, "geometry": { "type": "Point", "coordinates": [ -99.057515, 17.570755 ] } },
{ "type": "Feature", "properties": { "NO": 439, "ENTIDAD": "GUERRERO", "MUNICIPIO": "Chilapa de Álvarez", "PUEBLO INDIGENA O AFROMEXICANO": "NAHUA", "LOCALIDAD": "TLAYELPA", "CLAVE LOC": 120280141, "TIPO DE ASENTAMIENTO": "LOCALIDAD CON POBLACION\nINDIGENA", "NOMBRE": "TLAYELPA", "MONTO ASIGNADO (PESOS)": 489152, "LATITUD": 17.359793, "LONGITUD": -98.994111 }, "geometry": { "type": "Point", "coordinates": [ -98.994111, 17.359793 ] } },
{ "type": "Feature", "properties": { "NO": 440, "ENTIDAD": "GUERRERO", "MUNICIPIO": "Chilapa de Álvarez", "PUEBLO INDIGENA O AFROMEXICANO": "NAHUA", "LOCALIDAD": "TRESCRUCES", "CLAVE LOC": 120280142, "TIPO DE ASENTAMIENTO": "LOCALIDAD CON POBLACION\nINDIGENA", "NOMBRE": "TRES CRUCES", "MONTO ASIGNADO (PESOS)": 567039, "LATITUD": 17.364226, "LONGITUD": -98.981802 }, "geometry": { "type": "Point", "coordinates": [ -98.981802, 17.364226 ] } },
{ "type": "Feature", "properties": { "NO": 441, "ENTIDAD": "GUERRERO", "MUNICIPIO": "Chilapa de Álvarez", "PUEBLO INDIGENA O AFROMEXICANO": "NAHUA", "LOCALIDAD": "TULAGUERRERO", "CLAVE LOC": 120280322, "TIPO DE ASENTAMIENTO": "COMUNIDAD INDIGENA", "NOMBRE": "TULA GUERRERO", "MONTO ASIGNADO (PESOS)": 197702, "LATITUD": 17.499769, "LONGITUD": -99.119672 }, "geometry": { "type": "Point", "coordinates": [ -99.119672, 17.499769 ] } },
{ "type": "Feature", "properties": { "NO": 442, "ENTIDAD": "GUERRERO", "MUNICIPIO": "Chilapa de Álvarez", "PUEBLO INDIGENA O AFROMEXICANO": "NAHUA", "LOCALIDAD": "TZICAIXTLAHUAC", "CLAVE LOC": 120280178, "TIPO DE ASENTAMIENTO": "LOCALIDAD CON POBLACION\nINDIGENA", "NOMBRE": "TZICAIXTLAHUAC", "MONTO ASIGNADO (PESOS)": 1688870, "LATITUD": 17.353734, "LONGITUD": -99.029336 }, "geometry": { "type": "Point", "coordinates": [ -99.029336, 17.353734 ] } },
{ "type": "Feature", "properties": { "NO": 443, "ENTIDAD": "GUERRERO", "MUNICIPIO": "Chilapa de Álvarez", "PUEBLO INDIGENA O AFROMEXICANO": "NAHUA", "LOCALIDAD": "XICOTLAN", "CLAVE LOC": 120280100, "TIPO DE ASENTAMIENTO": "COMUNIDAD INDIGENA", "NOMBRE": "XICOTLÁN", "MONTO ASIGNADO (PESOS)": 593421, "LATITUD": 17.511973, "LONGITUD": -99.115974 }, "geometry": { "type": "Point", "coordinates": [ -99.115974, 17.511973 ] } },
{ "type": "Feature", "properties": { "NO": 444, "ENTIDAD": "GUERRERO", "MUNICIPIO": "Chilapa de Álvarez", "PUEBLO INDIGENA O AFROMEXICANO": "NAHUA", "LOCALIDAD": "XOCHICALCO", "CLAVE LOC": 120280326, "TIPO DE ASENTAMIENTO": "LOCALIDAD CON POBLACION\nINDIGENA", "NOMBRE": "XOCHICALCO", "MONTO ASIGNADO (PESOS)": 536889, "LATITUD": 17.50429, "LONGITUD": -99.147494 }, "geometry": { "type": "Point", "coordinates": [ -99.147494, 17.50429 ] } },
{ "type": "Feature", "properties": { "NO": 445, "ENTIDAD": "GUERRERO", "MUNICIPIO": "Chilapa de Álvarez", "PUEBLO INDIGENA O AFROMEXICANO": "NAHUA", "LOCALIDAD": "XOCHITEMPA", "CLAVE LOC": 120280102, "TIPO DE ASENTAMIENTO": "COMUNIDAD INDIGENA", "NOMBRE": "XOCHITEMPA", "MONTO ASIGNADO (PESOS)": 889895, "LATITUD": 17.527736, "LONGITUD": -99.16947 }, "geometry": { "type": "Point", "coordinates": [ -99.16947, 17.527736 ] } },
{ "type": "Feature", "properties": { "NO": 446, "ENTIDAD": "GUERRERO", "MUNICIPIO": "Chilapa de Álvarez", "PUEBLO INDIGENA O AFROMEXICANO": "NAHUA", "LOCALIDAD": "XOLOTEPEC", "CLAVE LOC": 120280103, "TIPO DE ASENTAMIENTO": "LOCALIDAD CON POBLACION\nINDIGENA", "NOMBRE": "XOLOTEPEC", "MONTO ASIGNADO (PESOS)": 629852, "LATITUD": 17.506596, "LONGITUD": -99.059935 }, "geometry": { "type": "Point", "coordinates": [ -99.059935, 17.506596 ] } },
{ "type": "Feature", "properties": { "NO": 447, "ENTIDAD": "GUERRERO", "MUNICIPIO": "Chilapa de Álvarez", "PUEBLO INDIGENA O AFROMEXICANO": "NAHUA", "LOCALIDAD": "ZACAPEXCO", "CLAVE LOC": 120280105, "TIPO DE ASENTAMIENTO": "COMUNIDAD INDIGENA", "NOMBRE": "ZACAPEXCO", "MONTO ASIGNADO (PESOS)": 657489, "LATITUD": 17.462768, "LONGITUD": -99.079263 }, "geometry": { "type": "Point", "coordinates": [ -99.079263, 17.462768 ] } },
{ "type": "Feature", "properties": { "NO": 448, "ENTIDAD": "GUERRERO", "MUNICIPIO": "Chilapa de Álvarez", "PUEBLO INDIGENA O AFROMEXICANO": "NAHUA", "LOCALIDAD": "ZELOCOTITLAN", "CLAVE LOC": 120280108, "TIPO DE ASENTAMIENTO": "COMUNIDAD INDIGENA", "NOMBRE": "ZELOCOTITLÁN", "MONTO ASIGNADO (PESOS)": 1436364, "LATITUD": 17.448066, "LONGITUD": -99.107904 }, "geometry": { "type": "Point", "coordinates": [ -99.107904, 17.448066 ] } },
{ "type": "Feature", "properties": { "NO": 449, "ENTIDAD": "GUERRERO", "MUNICIPIO": "Chilapa de Álvarez", "PUEBLO INDIGENA O AFROMEXICANO": "NAHUA", "LOCALIDAD": "ZINZINTITLAN", "CLAVE LOC": 120280110, "TIPO DE ASENTAMIENTO": "LOCALIDAD CON POBLACION\nINDIGENA", "NOMBRE": "ZINZINTITLÁN", "MONTO ASIGNADO (PESOS)": 866027, "LATITUD": 17.538038, "LONGITUD": -99.152774 }, "geometry": { "type": "Point", "coordinates": [ -99.152774, 17.538038 ] } },
{ "type": "Feature", "properties": { "NO": 450, "ENTIDAD": "GUERRERO", "MUNICIPIO": "Chilapa de Álvarez", "PUEBLO INDIGENA O AFROMEXICANO": "NAHUA", "LOCALIDAD": "ZIZICAZAPA", "CLAVE LOC": 120280111, "TIPO DE ASENTAMIENTO": "LOCALIDAD CON POBLACION\nINDIGENA", "NOMBRE": "ZIZICAZAPA", "MONTO ASIGNADO (PESOS)": 1515508, "LATITUD": 17.515604, "LONGITUD": -99.152666 }, "geometry": { "type": "Point", "coordinates": [ -99.152666, 17.515604 ] } },
{ "type": "Feature", "properties": { "NO": 451, "ENTIDAD": "GUERRERO", "MUNICIPIO": "Chilapa de Álvarez", "PUEBLO INDIGENA O AFROMEXICANO": "NAHUA", "LOCALIDAD": "ZOCHITEMPA(LAGUNASECA)", "CLAVE LOC": 120280269, "TIPO DE ASENTAMIENTO": "LOCALIDAD CON POBLACION\nINDIGENA", "NOMBRE": "ZOCHITEMPA (LAGUNA SECA)", "MONTO ASIGNADO (PESOS)": 246696, "LATITUD": 17.519032, "LONGITUD": -99.079782 }, "geometry": { "type": "Point", "coordinates": [ -99.079782, 17.519032 ] } },
{ "type": "Feature", "properties": { "NO": 452, "ENTIDAD": "GUERRERO", "MUNICIPIO": "Chilapa de Álvarez", "PUEBLO INDIGENA O AFROMEXICANO": "NAHUA", "LOCALIDAD": "ZOMPELTEPEC", "CLAVE LOC": 120280112, "TIPO DE ASENTAMIENTO": "COMUNIDAD INDIGENA", "NOMBRE": "ZOMPELTEPEC", "MONTO ASIGNADO (PESOS)": 849695, "LATITUD": 17.560505, "LONGITUD": -99.063153 }, "geometry": { "type": "Point", "coordinates": [ -99.063153, 17.560505 ] } },
{ "type": "Feature", "properties": { "NO": 453, "ENTIDAD": "GUERRERO", "MUNICIPIO": "Chilapa de Álvarez", "PUEBLO INDIGENA O AFROMEXICANO": "NAHUA", "LOCALIDAD": "ZOQUITIPA", "CLAVE LOC": 120280113, "TIPO DE ASENTAMIENTO": "COMUNIDAD INDIGENA", "NOMBRE": "ZOQUITIPA", "MONTO ASIGNADO (PESOS)": 1124029, "LATITUD": 17.537981, "LONGITUD": -99.183505 }, "geometry": { "type": "Point", "coordinates": [ -99.183505, 17.537981 ] } },
{ "type": "Feature", "properties": { "NO": 454, "ENTIDAD": "GUERRERO", "MUNICIPIO": "Chilapa de Álvarez", "PUEBLO INDIGENA O AFROMEXICANO": "NAHUA", "LOCALIDAD": "ZOYACOMULCO", "CLAVE LOC": 120280162, "TIPO DE ASENTAMIENTO": "LOCALIDAD CON POBLACION\nINDIGENA", "NOMBRE": "ZOYACOMULCO", "MONTO ASIGNADO (PESOS)": 217802, "LATITUD": 17.526156, "LONGITUD": -99.063874 }, "geometry": { "type": "Point", "coordinates": [ -99.063874, 17.526156 ] } },
{ "type": "Feature", "properties": { "NO": 455, "ENTIDAD": "GUERRERO", "MUNICIPIO": "Chilapa de Álvarez", "PUEBLO INDIGENA O AFROMEXICANO": "NAHUA", "LOCALIDAD": "(SINNOMBRE)", "CLAVE LOC": 120280000, "TIPO DE ASENTAMIENTO": "COMUNIDAD INDIGENA", "NOMBRE": "ZOYACOMULCO", "MONTO ASIGNADO (PESOS)": 84639, "LATITUD": 17.526156, "LONGITUD": -99.063874 }, "geometry": { "type": "Point", "coordinates": [ -99.063874, 17.526156 ] } },
{ "type": "Feature", "properties": { "NO": 456, "ENTIDAD": "GUERRERO", "MUNICIPIO": "Chilpancingo de los Bravo", "PUEBLO INDIGENA O AFROMEXICANO": "MIXTECO", "LOCALIDAD": "ELCALVARIO", "CLAVE LOC": 120290115, "TIPO DE ASENTAMIENTO": "COMUNIDAD INDIGENA", "NOMBRE": "EL CALVARIO", "MONTO ASIGNADO (PESOS)": 193933, "LATITUD": 17.465945, "LONGITUD": -99.513961 }, "geometry": { "type": "Point", "coordinates": [ -99.513961, 17.465945 ] } },
{ "type": "Feature", "properties": { "NO": 457, "ENTIDAD": "GUERRERO", "MUNICIPIO": "Cochoapa el Grande", "PUEBLO INDIGENA O AFROMEXICANO": "MIXTECO", "LOCALIDAD": "ARROYOCARRIZO", "CLAVE LOC": 120780126, "TIPO DE ASENTAMIENTO": "LOCALIDAD CON POBLACION\nINDIGENA", "NOMBRE": "ARROYO CARRIZO", "MONTO ASIGNADO (PESOS)": 186396, "LATITUD": 17.085431, "LONGITUD": -98.313321 }, "geometry": { "type": "Point", "coordinates": [ -98.313321, 17.085431 ] } },
{ "type": "Feature", "properties": { "NO": 458, "ENTIDAD": "GUERRERO", "MUNICIPIO": "Cochoapa el Grande", "PUEBLO INDIGENA O AFROMEXICANO": "MIXTECO", "LOCALIDAD": "ARROYOOLOR", "CLAVE LOC": 120780003, "TIPO DE ASENTAMIENTO": "COMUNIDAD INDIGENA", "NOMBRE": "ARROYO OLOR", "MONTO ASIGNADO (PESOS)": 188908, "LATITUD": 16.974304, "LONGITUD": -98.359941 }, "geometry": { "type": "Point", "coordinates": [ -98.359941, 16.974304 ] } },
{ "type": "Feature", "properties": { "NO": 459, "ENTIDAD": "GUERRERO", "MUNICIPIO": "Cochoapa el Grande", "PUEBLO INDIGENA O AFROMEXICANO": "MIXTECO", "LOCALIDAD": "ARROYOPRIETO", "CLAVE LOC": 120780004, "TIPO DE ASENTAMIENTO": "COMUNIDAD INDIGENA", "NOMBRE": "ARROYO PRIETO", "MONTO ASIGNADO (PESOS)": 1310739, "LATITUD": 17.073345, "LONGITUD": -98.310352 }, "geometry": { "type": "Point", "coordinates": [ -98.310352, 17.073345 ] } },
{ "type": "Feature", "properties": { "NO": 460, "ENTIDAD": "GUERRERO", "MUNICIPIO": "Cochoapa el Grande", "PUEBLO INDIGENA O AFROMEXICANO": "MIXTECO", "LOCALIDAD": "AZOYUDELASPALMAS", "CLAVE LOC": 120780159, "TIPO DE ASENTAMIENTO": "COMUNIDAD INDIGENA", "NOMBRE": "AZOYÚ DE LAS PALMAS", "MONTO ASIGNADO (PESOS)": 102227, "LATITUD": 17.012761, "LONGITUD": -98.499434 }, "geometry": { "type": "Point", "coordinates": [ -98.499434, 17.012761 ] } },
{ "type": "Feature", "properties": { "NO": 461, "ENTIDAD": "GUERRERO", "MUNICIPIO": "Cochoapa el Grande", "PUEBLO INDIGENA O AFROMEXICANO": "MIXTECO", "LOCALIDAD": "AZOYUCCHIQUITO", "CLAVE LOC": 120780006, "TIPO DE ASENTAMIENTO": "COMUNIDAD INDIGENA", "NOMBRE": "AZOYUC CHIQUITO", "MONTO ASIGNADO (PESOS)": 139914, "LATITUD": 17.028345, "LONGITUD": -98.404001 }, "geometry": { "type": "Point", "coordinates": [ -98.404001, 17.028345 ] } },
{ "type": "Feature", "properties": { "NO": 462, "ENTIDAD": "GUERRERO", "MUNICIPIO": "Cochoapa el Grande", "PUEBLO INDIGENA O AFROMEXICANO": "MIXTECO", "LOCALIDAD": "BARRANCACENIZA", "CLAVE LOC": 120780007, "TIPO DE ASENTAMIENTO": "COMUNIDAD INDIGENA", "NOMBRE": "BARRANCA CENIZA", "MONTO ASIGNADO (PESOS)": 153733, "LATITUD": 17.080328, "LONGITUD": -98.434215 }, "geometry": { "type": "Point", "coordinates": [ -98.434215, 17.080328 ] } },
{ "type": "Feature", "properties": { "NO": 463, "ENTIDAD": "GUERRERO", "MUNICIPIO": "Cochoapa el Grande", "PUEBLO INDIGENA O AFROMEXICANO": "MIXTECO", "LOCALIDAD": "BARRANCADELAPALMA", "CLAVE LOC": 120780009, "TIPO DE ASENTAMIENTO": "COMUNIDAD INDIGENA", "NOMBRE": "BARRANCA DE LA PALMA", "MONTO ASIGNADO (PESOS)": 322071, "LATITUD": 17.143286, "LONGITUD": -98.418333 }, "geometry": { "type": "Point", "coordinates": [ -98.418333, 17.143286 ] } },
{ "type": "Feature", "properties": { "NO": 464, "ENTIDAD": "GUERRERO", "MUNICIPIO": "Cochoapa el Grande", "PUEBLO INDIGENA O AFROMEXICANO": "MIXTECO", "LOCALIDAD": "BARRANCAESPINO", "CLAVE LOC": 120780127, "TIPO DE ASENTAMIENTO": "LOCALIDAD CON POBLACION\nINDIGENA", "NOMBRE": "BARRANCA ESPINO", "MONTO ASIGNADO (PESOS)": 166296, "LATITUD": 17.093457, "LONGITUD": -98.298914 }, "geometry": { "type": "Point", "coordinates": [ -98.298914, 17.093457 ] } },
{ "type": "Feature", "properties": { "NO": 465, "ENTIDAD": "GUERRERO", "MUNICIPIO": "Cochoapa el Grande", "PUEBLO INDIGENA O AFROMEXICANO": "MIXTECO", "LOCALIDAD": "BARRANCAOCOTERA", "CLAVE LOC": 120780011, "TIPO DE ASENTAMIENTO": "COMUNIDAD INDIGENA", "NOMBRE": "BARRANCA OCOTERA", "MONTO ASIGNADO (PESOS)": 183883, "LATITUD": 17.072406, "LONGITUD": -98.395102 }, "geometry": { "type": "Point", "coordinates": [ -98.395102, 17.072406 ] } },
{ "type": "Feature", "properties": { "NO": 466, "ENTIDAD": "GUERRERO", "MUNICIPIO": "Cochoapa el Grande", "PUEBLO INDIGENA O AFROMEXICANO": "MIXTECO", "LOCALIDAD": "BARRIODESANAGUSTIN", "CLAVE LOC": 120780013, "TIPO DE ASENTAMIENTO": "COMUNIDAD INDIGENA", "NOMBRE": "BARRIO DE SAN AGUSTÍN", "MONTO ASIGNADO (PESOS)": 198958, "LATITUD": 17.273038, "LONGITUD": -98.492999 }, "geometry": { "type": "Point", "coordinates": [ -98.492999, 17.273038 ] } },
{ "type": "Feature", "properties": { "NO": 467, "ENTIDAD": "GUERRERO", "MUNICIPIO": "Cochoapa el Grande", "PUEBLO INDIGENA O AFROMEXICANO": "MIXTECO", "LOCALIDAD": "CAHUAÑAÑA", "CLAVE LOC": 120780015, "TIPO DE ASENTAMIENTO": "LOCALIDAD CON POBLACION\nINDIGENA", "NOMBRE": "CAHUAÑAÑA", "MONTO ASIGNADO (PESOS)": 514277, "LATITUD": 17.139482, "LONGITUD": -98.387284 }, "geometry": { "type": "Point", "coordinates": [ -98.387284, 17.139482 ] } },
{ "type": "Feature", "properties": { "NO": 468, "ENTIDAD": "GUERRERO", "MUNICIPIO": "Cochoapa el Grande", "PUEBLO INDIGENA O AFROMEXICANO": "MIXTECO", "LOCALIDAD": "CAHUAÑAÑACENTRO", "CLAVE LOC": 120780161, "TIPO DE ASENTAMIENTO": "COMUNIDAD INDIGENA", "NOMBRE": "CAHUAÑAÑA CENTRO", "MONTO ASIGNADO (PESOS)": 134889, "LATITUD": 17.139056, "LONGITUD": -98.388668 }, "geometry": { "type": "Point", "coordinates": [ -98.388668, 17.139056 ] } },
{ "type": "Feature", "properties": { "NO": 469, "ENTIDAD": "GUERRERO", "MUNICIPIO": "Cochoapa el Grande", "PUEBLO INDIGENA O AFROMEXICANO": "MIXTECO", "LOCALIDAD": "CALPANAPAVIEJO", "CLAVE LOC": 120780016, "TIPO DE ASENTAMIENTO": "COMUNIDAD INDIGENA", "NOMBRE": "CALPANAPA VIEJO", "MONTO ASIGNADO (PESOS)": 506739, "LATITUD": 17.076676, "LONGITUD": -98.4199 }, "geometry": { "type": "Point", "coordinates": [ -98.4199, 17.076676 ] } },
{ "type": "Feature", "properties": { "NO": 470, "ENTIDAD": "GUERRERO", "MUNICIPIO": "Cochoapa el Grande", "PUEBLO INDIGENA O AFROMEXICANO": "MIXTECO", "LOCALIDAD": "CASCADADELZORRO", "CLAVE LOC": 120780017, "TIPO DE ASENTAMIENTO": "LOCALIDAD CON POBLACION\nINDIGENA", "NOMBRE": "CASCADA DEL ZORRO", "MONTO ASIGNADO (PESOS)": 256746, "LATITUD": 17.090199, "LONGITUD": -98.373627 }, "geometry": { "type": "Point", "coordinates": [ -98.373627, 17.090199 ] } },
{ "type": "Feature", "properties": { "NO": 471, "ENTIDAD": "GUERRERO", "MUNICIPIO": "Cochoapa el Grande", "PUEBLO INDIGENA O AFROMEXICANO": "MIXTECO", "LOCALIDAD": "CIENEGUILLA", "CLAVE LOC": 120780023, "TIPO DE ASENTAMIENTO": "LOCALIDAD CON POBLACION\nINDIGENA", "NOMBRE": "CIENEGUILLA", "MONTO ASIGNADO (PESOS)": 298202, "LATITUD": 17.117717, "LONGITUD": -98.349954 }, "geometry": { "type": "Point", "coordinates": [ -98.349954, 17.117717 ] } },
{ "type": "Feature", "properties": { "NO": 472, "ENTIDAD": "GUERRERO", "MUNICIPIO": "Cochoapa el Grande", "PUEBLO INDIGENA O AFROMEXICANO": "MIXTECO", "LOCALIDAD": "COCHOAPAELGRANDE", "CLAVE LOC": 120780001, "TIPO DE ASENTAMIENTO": "COMUNIDAD INDIGENA", "NOMBRE": "COCHOAPA EL GRANDE", "MONTO ASIGNADO (PESOS)": 4838759, "LATITUD": 17.192967, "LONGITUD": -98.45528 }, "geometry": { "type": "Point", "coordinates": [ -98.45528, 17.192967 ] } },
{ "type": "Feature", "properties": { "NO": 473, "ENTIDAD": "GUERRERO", "MUNICIPIO": "Cochoapa el Grande", "PUEBLO INDIGENA O AFROMEXICANO": "MIXTECO", "LOCALIDAD": "COLONIABARRANCADELOSMANGOS", "CLAVE LOC": 120780157, "TIPO DE ASENTAMIENTO": "LOCALIDAD CON POBLACION\nINDIGENA", "NOMBRE": "COLONIA BARRANCA DE LOS MANGOS", "MONTO ASIGNADO (PESOS)": 349708, "LATITUD": 17.044166, "LONGITUD": -98.320277 }, "geometry": { "type": "Point", "coordinates": [ -98.320277, 17.044166 ] } },
{ "type": "Feature", "properties": { "NO": 474, "ENTIDAD": "GUERRERO", "MUNICIPIO": "Cochoapa el Grande", "PUEBLO INDIGENA O AFROMEXICANO": "MIXTECO", "LOCALIDAD": "COLONIABELEN", "CLAVE LOC": 120780160, "TIPO DE ASENTAMIENTO": "COMUNIDAD INDIGENA", "NOMBRE": "COLONIA BELÉN", "MONTO ASIGNADO (PESOS)": 151221, "LATITUD": 17.008309, "LONGITUD": -98.390846 }, "geometry": { "type": "Point", "coordinates": [ -98.390846, 17.008309 ] } },
{ "type": "Feature", "properties": { "NO": 475, "ENTIDAD": "GUERRERO", "MUNICIPIO": "Cochoapa el Grande", "PUEBLO INDIGENA O AFROMEXICANO": "MIXTECO", "LOCALIDAD": "COLONIACHILPANCINGUITODELOSLIBRES", "CLAVE LOC": 120780024, "TIPO DE ASENTAMIENTO": "COMUNIDAD INDIGENA", "NOMBRE": "COLONIA CHILPANCINGUITO DE LOS LIBRES", "MONTO ASIGNADO (PESOS)": 168808, "LATITUD": 17.184906, "LONGITUD": -98.420796 }, "geometry": { "type": "Point", "coordinates": [ -98.420796, 17.184906 ] } },
{ "type": "Feature", "properties": { "NO": 476, "ENTIDAD": "GUERRERO", "MUNICIPIO": "Cochoapa el Grande", "PUEBLO INDIGENA O AFROMEXICANO": "MIXTECO", "LOCALIDAD": "COLONIANATIVIDAD", "CLAVE LOC": 120780158, "TIPO DE ASENTAMIENTO": "COMUNIDAD INDIGENA", "NOMBRE": "COLONIA NATIVIDAD", "MONTO ASIGNADO (PESOS)": 152477, "LATITUD": 17.07503, "LONGITUD": -98.389376 }, "geometry": { "type": "Point", "coordinates": [ -98.389376, 17.07503 ] } },
{ "type": "Feature", "properties": { "NO": 477, "ENTIDAD": "GUERRERO", "MUNICIPIO": "Cochoapa el Grande", "PUEBLO INDIGENA O AFROMEXICANO": "MIXTECO", "LOCALIDAD": "COSTARICA", "CLAVE LOC": 120780029, "TIPO DE ASENTAMIENTO": "COMUNIDAD INDIGENA", "NOMBRE": "COSTA RICA", "MONTO ASIGNADO (PESOS)": 136146, "LATITUD": 17.034738, "LONGITUD": -98.385565 }, "geometry": { "type": "Point", "coordinates": [ -98.385565, 17.034738 ] } },
{ "type": "Feature", "properties": { "NO": 478, "ENTIDAD": "GUERRERO", "MUNICIPIO": "Cochoapa el Grande", "PUEBLO INDIGENA O AFROMEXICANO": "MIXTECO", "LOCALIDAD": "CRUZVERDE", "CLAVE LOC": 120780030, "TIPO DE ASENTAMIENTO": "LOCALIDAD CON POBLACION\nINDIGENA", "NOMBRE": "CRUZ VERDE", "MONTO ASIGNADO (PESOS)": 198958, "LATITUD": 17.028417, "LONGITUD": -98.365205 }, "geometry": { "type": "Point", "coordinates": [ -98.365205, 17.028417 ] } },
{ "type": "Feature", "properties": { "NO": 479, "ENTIDAD": "GUERRERO", "MUNICIPIO": "Cochoapa el Grande", "PUEBLO INDIGENA O AFROMEXICANO": "MIXTECO", "LOCALIDAD": "DIVINOPASTOR", "CLAVE LOC": 120780033, "TIPO DE ASENTAMIENTO": "LOCALIDAD CON POBLACION\nINDIGENA", "NOMBRE": "DIVINO PASTOR", "MONTO ASIGNADO (PESOS)": 166296, "LATITUD": 17.095994, "LONGITUD": -98.378707 }, "geometry": { "type": "Point", "coordinates": [ -98.378707, 17.095994 ] } },
{ "type": "Feature", "properties": { "NO": 480, "ENTIDAD": "GUERRERO", "MUNICIPIO": "Cochoapa el Grande", "PUEBLO INDIGENA O AFROMEXICANO": "MIXTECO", "LOCALIDAD": "DOSRIOS", "CLAVE LOC": 120780034, "TIPO DE ASENTAMIENTO": "COMUNIDAD INDIGENA", "NOMBRE": "DOS RÍOS", "MONTO ASIGNADO (PESOS)": 304483, "LATITUD": 17.060682, "LONGITUD": -98.392304 }, "geometry": { "type": "Point", "coordinates": [ -98.392304, 17.060682 ] } },
{ "type": "Feature", "properties": { "NO": 481, "ENTIDAD": "GUERRERO", "MUNICIPIO": "Cochoapa el Grande", "PUEBLO INDIGENA O AFROMEXICANO": "MIXTECO", "LOCALIDAD": "ELCIRUELO", "CLAVE LOC": 120780035, "TIPO DE ASENTAMIENTO": "LOCALIDAD CON POBLACION\nINDIGENA", "NOMBRE": "EL CIRUELO", "MONTO ASIGNADO (PESOS)": 160014, "LATITUD": 17.044004, "LONGITUD": -98.40768 }, "geometry": { "type": "Point", "coordinates": [ -98.40768, 17.044004 ] } },
{ "type": "Feature", "properties": { "NO": 482, "ENTIDAD": "GUERRERO", "MUNICIPIO": "Cochoapa el Grande", "PUEBLO INDIGENA O AFROMEXICANO": "MIXTECO", "LOCALIDAD": "ELCOYUL", "CLAVE LOC": 120780168, "TIPO DE ASENTAMIENTO": "COMUNIDAD INDIGENA", "NOMBRE": "EL COYUL", "MONTO ASIGNADO (PESOS)": 1407470, "LATITUD": 17.058513, "LONGITUD": -98.252888 }, "geometry": { "type": "Point", "coordinates": [ -98.252888, 17.058513 ] } },
{ "type": "Feature", "properties": { "NO": 483, "ENTIDAD": "GUERRERO", "MUNICIPIO": "Cochoapa el Grande", "PUEBLO INDIGENA O AFROMEXICANO": "MIXTECO", "LOCALIDAD": "ELLIMON", "CLAVE LOC": 120780147, "TIPO DE ASENTAMIENTO": "LOCALIDAD CON POBLACION\nINDIGENA", "NOMBRE": "EL LIMÓN", "MONTO ASIGNADO (PESOS)": 235389, "LATITUD": 17.049327, "LONGITUD": -98.391784 }, "geometry": { "type": "Point", "coordinates": [ -98.391784, 17.049327 ] } },
{ "type": "Feature", "properties": { "NO": 484, "ENTIDAD": "GUERRERO", "MUNICIPIO": "Cochoapa el Grande", "PUEBLO INDIGENA O AFROMEXICANO": "MIXTECO", "LOCALIDAD": "ELMAMEYAL", "CLAVE LOC": 120780146, "TIPO DE ASENTAMIENTO": "LOCALIDAD CON POBLACION\nINDIGENA", "NOMBRE": "EL MAMEYAL", "MONTO ASIGNADO (PESOS)": 160014, "LATITUD": 17.051111, "LONGITUD": -98.401389 }, "geometry": { "type": "Point", "coordinates": [ -98.401389, 17.051111 ] } },
{ "type": "Feature", "properties": { "NO": 485, "ENTIDAD": "GUERRERO", "MUNICIPIO": "Cochoapa el Grande", "PUEBLO INDIGENA O AFROMEXICANO": "MIXTECO", "LOCALIDAD": "ELNARANJO", "CLAVE LOC": 120780036, "TIPO DE ASENTAMIENTO": "COMUNIDAD INDIGENA", "NOMBRE": "EL NARANJO", "MONTO ASIGNADO (PESOS)": 160014, "LATITUD": 17.022229, "LONGITUD": -98.42054 }, "geometry": { "type": "Point", "coordinates": [ -98.42054, 17.022229 ] } },
{ "type": "Feature", "properties": { "NO": 486, "ENTIDAD": "GUERRERO", "MUNICIPIO": "Cochoapa el Grande", "PUEBLO INDIGENA O AFROMEXICANO": "MIXTECO", "LOCALIDAD": "GUADALUPELAJOYA", "CLAVE LOC": 120780037, "TIPO DE ASENTAMIENTO": "COMUNIDAD INDIGENA", "NOMBRE": "GUADALUPE LA JOYA", "MONTO ASIGNADO (PESOS)": 245439, "LATITUD": 17.008558, "LONGITUD": -98.387664 }, "geometry": { "type": "Point", "coordinates": [ -98.387664, 17.008558 ] } },
{ "type": "Feature", "properties": { "NO": 487, "ENTIDAD": "GUERRERO", "MUNICIPIO": "Cochoapa el Grande", "PUEBLO INDIGENA O AFROMEXICANO": "MIXTECO", "LOCALIDAD": "ITIAMINIÑUUN", "CLAVE LOC": 120780041, "TIPO DE ASENTAMIENTO": "COMUNIDAD INDIGENA", "NOMBRE": "ITIA MINIÑU UN", "MONTO ASIGNADO (PESOS)": 181371, "LATITUD": 17.065481, "LONGITUD": -98.407748 }, "geometry": { "type": "Point", "coordinates": [ -98.407748, 17.065481 ] } },
{ "type": "Feature", "properties": { "NO": 488, "ENTIDAD": "GUERRERO", "MUNICIPIO": "Cochoapa el Grande", "PUEBLO INDIGENA O AFROMEXICANO": "MIXTECO", "LOCALIDAD": "ITIATIO", "CLAVE LOC": 120780039, "TIPO DE ASENTAMIENTO": "COMUNIDAD INDIGENA", "NOMBRE": "ITIATIO", "MONTO ASIGNADO (PESOS)": 185139, "LATITUD": 16.9941, "LONGITUD": -98.349157 }, "geometry": { "type": "Point", "coordinates": [ -98.349157, 16.9941 ] } },
{ "type": "Feature", "properties": { "NO": 489, "ENTIDAD": "GUERRERO", "MUNICIPIO": "Cochoapa el Grande", "PUEBLO INDIGENA O AFROMEXICANO": "MIXTECO", "LOCALIDAD": "JOYAREAL", "CLAVE LOC": 120780044, "TIPO DE ASENTAMIENTO": "COMUNIDAD INDIGENA", "NOMBRE": "JOYA REAL", "MONTO ASIGNADO (PESOS)": 953964, "LATITUD": 17.083152, "LONGITUD": -98.386439 }, "geometry": { "type": "Point", "coordinates": [ -98.386439, 17.083152 ] } },
{ "type": "Feature", "properties": { "NO": 490, "ENTIDAD": "GUERRERO", "MUNICIPIO": "Cochoapa el Grande", "PUEBLO INDIGENA O AFROMEXICANO": "MIXTECO", "LOCALIDAD": "JUQUILATIKINDI", "CLAVE LOC": 120780125, "TIPO DE ASENTAMIENTO": "LOCALIDAD CON POBLACION\nINDIGENA", "NOMBRE": "JUQUILA TIKINDI", "MONTO ASIGNADO (PESOS)": 119814, "LATITUD": 17.101876, "LONGITUD": -98.320405 }, "geometry": { "type": "Point", "coordinates": [ -98.320405, 17.101876 ] } },
{ "type": "Feature", "properties": { "NO": 491, "ENTIDAD": "GUERRERO", "MUNICIPIO": "Cochoapa el Grande", "PUEBLO INDIGENA O AFROMEXICANO": "MIXTECO", "LOCALIDAD": "LABARCA", "CLAVE LOC": 120780122, "TIPO DE ASENTAMIENTO": "COMUNIDAD INDIGENA", "NOMBRE": "LA BARCA", "MONTO ASIGNADO (PESOS)": 374833, "LATITUD": 17.229588, "LONGITUD": -98.429722 }, "geometry": { "type": "Point", "coordinates": [ -98.429722, 17.229588 ] } },
{ "type": "Feature", "properties": { "NO": 492, "ENTIDAD": "GUERRERO", "MUNICIPIO": "Cochoapa el Grande", "PUEBLO INDIGENA O AFROMEXICANO": "MIXTECO", "LOCALIDAD": "LAJOYADEORO", "CLAVE LOC": 120780136, "TIPO DE ASENTAMIENTO": "COMUNIDAD INDIGENA", "NOMBRE": "LA JOYA DE ORO", "MONTO ASIGNADO (PESOS)": 133633, "LATITUD": 17.006912, "LONGITUD": -98.389519 }, "geometry": { "type": "Point", "coordinates": [ -98.389519, 17.006912 ] } },
{ "type": "Feature", "properties": { "NO": 493, "ENTIDAD": "GUERRERO", "MUNICIPIO": "Cochoapa el Grande", "PUEBLO INDIGENA O AFROMEXICANO": "MIXTECO", "LOCALIDAD": "LAPUERTADELCIELO", "CLAVE LOC": 120780137, "TIPO DE ASENTAMIENTO": "COMUNIDAD INDIGENA", "NOMBRE": "LA PUERTA DEL CIELO", "MONTO ASIGNADO (PESOS)": 143683, "LATITUD": 17.028957, "LONGITUD": -98.3947 }, "geometry": { "type": "Point", "coordinates": [ -98.3947, 17.028957 ] } },
{ "type": "Feature", "properties": { "NO": 494, "ENTIDAD": "GUERRERO", "MUNICIPIO": "Cochoapa el Grande", "PUEBLO INDIGENA O AFROMEXICANO": "MIXTECO", "LOCALIDAD": "LAZAROCARDENAS", "CLAVE LOC": 120780047, "TIPO DE ASENTAMIENTO": "COMUNIDAD INDIGENA", "NOMBRE": "LÁZARO CÁRDENAS", "MONTO ASIGNADO (PESOS)": 160014, "LATITUD": 17.121324, "LONGITUD": -98.495124 }, "geometry": { "type": "Point", "coordinates": [ -98.495124, 17.121324 ] } },
{ "type": "Feature", "properties": { "NO": 495, "ENTIDAD": "GUERRERO", "MUNICIPIO": "Cochoapa el Grande", "PUEBLO INDIGENA O AFROMEXICANO": "MIXTECO", "LOCALIDAD": "LLANODELACHUPARROSA", "CLAVE LOC": 120780055, "TIPO DE ASENTAMIENTO": "LOCALIDAD CON POBLACION\nINDIGENA", "NOMBRE": "LLANO DE LA CHUPARROSA", "MONTO ASIGNADO (PESOS)": 298202, "LATITUD": 17.179722, "LONGITUD": -98.477898 }, "geometry": { "type": "Point", "coordinates": [ -98.477898, 17.179722 ] } },
{ "type": "Feature", "properties": { "NO": 496, "ENTIDAD": "GUERRERO", "MUNICIPIO": "Cochoapa el Grande", "PUEBLO INDIGENA O AFROMEXICANO": "MIXTECO", "LOCALIDAD": "LLANODELAMOSCA", "CLAVE LOC": 120780123, "TIPO DE ASENTAMIENTO": "LOCALIDAD CON POBLACION\nINDIGENA", "NOMBRE": "LLANO DE LA MOSCA", "MONTO ASIGNADO (PESOS)": 280614, "LATITUD": 17.164776, "LONGITUD": -98.454877 }, "geometry": { "type": "Point", "coordinates": [ -98.454877, 17.164776 ] } },
{ "type": "Feature", "properties": { "NO": 497, "ENTIDAD": "GUERRERO", "MUNICIPIO": "Cochoapa el Grande", "PUEBLO INDIGENA O AFROMEXICANO": "MIXTECO", "LOCALIDAD": "LLANODELAYACUA", "CLAVE LOC": 120780057, "TIPO DE ASENTAMIENTO": "LOCALIDAD CON POBLACION\nINDIGENA", "NOMBRE": "LLANO DE LA YACUA", "MONTO ASIGNADO (PESOS)": 291921, "LATITUD": 17.12041, "LONGITUD": -98.327802 }, "geometry": { "type": "Point", "coordinates": [ -98.327802, 17.12041 ] } },
{ "type": "Feature", "properties": { "NO": 498, "ENTIDAD": "GUERRERO", "MUNICIPIO": "Cochoapa el Grande", "PUEBLO INDIGENA O AFROMEXICANO": "MIXTECO", "LOCALIDAD": "LLANODELAGUNA", "CLAVE LOC": 120780058, "TIPO DE ASENTAMIENTO": "LOCALIDAD CON POBLACION\nINDIGENA", "NOMBRE": "LLANO DE LAGUNA", "MONTO ASIGNADO (PESOS)": 206496, "LATITUD": 17.202002, "LONGITUD": -98.504947 }, "geometry": { "type": "Point", "coordinates": [ -98.504947, 17.202002 ] } },
{ "type": "Feature", "properties": { "NO": 499, "ENTIDAD": "GUERRERO", "MUNICIPIO": "Cochoapa el Grande", "PUEBLO INDIGENA O AFROMEXICANO": "MIXTECO", "LOCALIDAD": "LLANODELASPIEDRAS", "CLAVE LOC": 120780059, "TIPO DE ASENTAMIENTO": "LOCALIDAD CON POBLACION\nINDIGENA", "NOMBRE": "LLANO DE LAS PIEDRAS", "MONTO ASIGNADO (PESOS)": 191421, "LATITUD": 17.209299, "LONGITUD": -98.502643 }, "geometry": { "type": "Point", "coordinates": [ -98.502643, 17.209299 ] } },
{ "type": "Feature", "properties": { "NO": 500, "ENTIDAD": "GUERRERO", "MUNICIPIO": "Cochoapa el Grande", "PUEBLO INDIGENA O AFROMEXICANO": "MIXTECO", "LOCALIDAD": "LLANODEMETATE", "CLAVE LOC": 120780060, "TIPO DE ASENTAMIENTO": "LOCALIDAD CON POBLACION\nINDIGENA", "NOMBRE": "LLANO DE METATE", "MONTO ASIGNADO (PESOS)": 149964, "LATITUD": 17.190258, "LONGITUD": -98.492139 }, "geometry": { "type": "Point", "coordinates": [ -98.492139, 17.190258 ] } },
{ "type": "Feature", "properties": { "NO": 501, "ENTIDAD": "GUERRERO", "MUNICIPIO": "Cochoapa el Grande", "PUEBLO INDIGENA O AFROMEXICANO": "MIXTECO", "LOCALIDAD": "LLANODELCARMEN", "CLAVE LOC": 120780053, "TIPO DE ASENTAMIENTO": "COMUNIDAD INDIGENA", "NOMBRE": "LLANO DEL CARMEN", "MONTO ASIGNADO (PESOS)": 344683, "LATITUD": 17.138017, "LONGITUD": -98.396183 }, "geometry": { "type": "Point", "coordinates": [ -98.396183, 17.138017 ] } },
{ "type": "Feature", "properties": { "NO": 502, "ENTIDAD": "GUERRERO", "MUNICIPIO": "Cochoapa el Grande", "PUEBLO INDIGENA O AFROMEXICANO": "MIXTECO", "LOCALIDAD": "LLANOPERDIDO", "CLAVE LOC": 120780063, "TIPO DE ASENTAMIENTO": "COMUNIDAD INDIGENA", "NOMBRE": "LLANO PERDIDO", "MONTO ASIGNADO (PESOS)": 637389, "LATITUD": 17.008579, "LONGITUD": -98.498247 }, "geometry": { "type": "Point", "coordinates": [ -98.498247, 17.008579 ] } },
{ "type": "Feature", "properties": { "NO": 503, "ENTIDAD": "GUERRERO", "MUNICIPIO": "Cochoapa el Grande", "PUEBLO INDIGENA O AFROMEXICANO": "MIXTECO", "LOCALIDAD": "LLANOZACATERO", "CLAVE LOC": 120780124, "TIPO DE ASENTAMIENTO": "LOCALIDAD CON POBLACION\nINDIGENA", "NOMBRE": "LLANO ZACATERO", "MONTO ASIGNADO (PESOS)": 273077, "LATITUD": 17.156779, "LONGITUD": -98.425706 }, "geometry": { "type": "Point", "coordinates": [ -98.425706, 17.156779 ] } },
{ "type": "Feature", "properties": { "NO": 504, "ENTIDAD": "GUERRERO", "MUNICIPIO": "Cochoapa el Grande", "PUEBLO INDIGENA O AFROMEXICANO": "MIXTECO", "LOCALIDAD": "LOMAARENAL", "CLAVE LOC": 120780048, "TIPO DE ASENTAMIENTO": "LOCALIDAD CON POBLACION\nINDIGENA", "NOMBRE": "LOMA ARENAL", "MONTO ASIGNADO (PESOS)": 154989, "LATITUD": 17.160422, "LONGITUD": -98.438609 }, "geometry": { "type": "Point", "coordinates": [ -98.438609, 17.160422 ] } },
{ "type": "Feature", "properties": { "NO": 505, "ENTIDAD": "GUERRERO", "MUNICIPIO": "Cochoapa el Grande", "PUEBLO INDIGENA O AFROMEXICANO": "MIXTECO", "LOCALIDAD": "LOMABONITA", "CLAVE LOC": 120780056, "TIPO DE ASENTAMIENTO": "COMUNIDAD INDIGENA", "NOMBRE": "LOMA BONITA", "MONTO ASIGNADO (PESOS)": 144939, "LATITUD": 17.162165, "LONGITUD": -98.450508 }, "geometry": { "type": "Point", "coordinates": [ -98.450508, 17.162165 ] } },
{ "type": "Feature", "properties": { "NO": 506, "ENTIDAD": "GUERRERO", "MUNICIPIO": "Cochoapa el Grande", "PUEBLO INDIGENA O AFROMEXICANO": "MIXTECO", "LOCALIDAD": "LOMACANOA", "CLAVE LOC": 120780049, "TIPO DE ASENTAMIENTO": "LOCALIDAD CON POBLACION\nINDIGENA", "NOMBRE": "LOMA CANOA", "MONTO ASIGNADO (PESOS)": 455233, "LATITUD": 17.081859, "LONGITUD": -98.344211 }, "geometry": { "type": "Point", "coordinates": [ -98.344211, 17.081859 ] } },
{ "type": "Feature", "properties": { "NO": 507, "ENTIDAD": "GUERRERO", "MUNICIPIO": "Cochoapa el Grande", "PUEBLO INDIGENA O AFROMEXICANO": "MIXTECO", "LOCALIDAD": "LOMAGRANDE", "CLAVE LOC": 120780051, "TIPO DE ASENTAMIENTO": "COMUNIDAD INDIGENA", "NOMBRE": "LOMA GRANDE", "MONTO ASIGNADO (PESOS)": 276846, "LATITUD": 17.190727, "LONGITUD": -98.472841 }, "geometry": { "type": "Point", "coordinates": [ -98.472841, 17.190727 ] } },
{ "type": "Feature", "properties": { "NO": 508, "ENTIDAD": "GUERRERO", "MUNICIPIO": "Cochoapa el Grande", "PUEBLO INDIGENA O AFROMEXICANO": "MIXTECO", "LOCALIDAD": "LOMASANMARCOS", "CLAVE LOC": 120780050, "TIPO DE ASENTAMIENTO": "LOCALIDAD CON POBLACION\nINDIGENA", "NOMBRE": "LOMA SAN MARCOS", "MONTO ASIGNADO (PESOS)": 157502, "LATITUD": 17.117547, "LONGITUD": -98.373729 }, "geometry": { "type": "Point", "coordinates": [ -98.373729, 17.117547 ] } },
{ "type": "Feature", "properties": { "NO": 509, "ENTIDAD": "GUERRERO", "MUNICIPIO": "Cochoapa el Grande", "PUEBLO INDIGENA O AFROMEXICANO": "MIXTECO", "LOCALIDAD": "LOMASANMARCOS", "CLAVE LOC": 120780050, "TIPO DE ASENTAMIENTO": "COMUNIDAD INDIGENA", "NOMBRE": "LOMA SAN MARCOS", "MONTO ASIGNADO (PESOS)": 157502, "LATITUD": 17.117547, "LONGITUD": -98.373729 }, "geometry": { "type": "Point", "coordinates": [ -98.373729, 17.117547 ] } },
{ "type": "Feature", "properties": { "NO": 510, "ENTIDAD": "GUERRERO", "MUNICIPIO": "Cochoapa el Grande", "PUEBLO INDIGENA O AFROMEXICANO": "MIXTECO", "LOCALIDAD": "LOSPINOS", "CLAVE LOC": 120780052, "TIPO DE ASENTAMIENTO": "LOCALIDAD CON POBLACION\nINDIGENA", "NOMBRE": "LOS PINOS", "MONTO ASIGNADO (PESOS)": 634877, "LATITUD": 17.196597, "LONGITUD": -98.465808 }, "geometry": { "type": "Point", "coordinates": [ -98.465808, 17.196597 ] } },
{ "type": "Feature", "properties": { "NO": 511, "ENTIDAD": "GUERRERO", "MUNICIPIO": "Cochoapa el Grande", "PUEBLO INDIGENA O AFROMEXICANO": "MIXTECO", "LOCALIDAD": "NANUUSAVIÑUUN", "CLAVE LOC": 120780167, "TIPO DE ASENTAMIENTO": "LOCALIDAD CON POBLACION\nINDIGENA", "NOMBRE": "NA NUU SAVI ÑUUN", "MONTO ASIGNADO (PESOS)": 119814, "LATITUD": 17.230894, "LONGITUD": -98.431326 }, "geometry": { "type": "Point", "coordinates": [ -98.431326, 17.230894 ] } },
{ "type": "Feature", "properties": { "NO": 512, "ENTIDAD": "GUERRERO", "MUNICIPIO": "Cochoapa el Grande", "PUEBLO INDIGENA O AFROMEXICANO": "MIXTECO", "LOCALIDAD": "NAUCALPANDEJUAREZ", "CLAVE LOC": 120780151, "TIPO DE ASENTAMIENTO": "LOCALIDAD CON POBLACION\nINDIGENA", "NOMBRE": "NAUCALPAN DE JUÁREZ", "MONTO ASIGNADO (PESOS)": 221571, "LATITUD": 17.076791, "LONGITUD": -98.418544 }, "geometry": { "type": "Point", "coordinates": [ -98.418544, 17.076791 ] } },
{ "type": "Feature", "properties": { "NO": 513, "ENTIDAD": "GUERRERO", "MUNICIPIO": "Cochoapa el Grande", "PUEBLO INDIGENA O AFROMEXICANO": "MIXTECO", "LOCALIDAD": "NUEVAJERUSALEN", "CLAVE LOC": 120780027, "TIPO DE ASENTAMIENTO": "COMUNIDAD INDIGENA", "NOMBRE": "NUEVA JERUSALÉN", "MONTO ASIGNADO (PESOS)": 153733, "LATITUD": 17.072535, "LONGITUD": -98.420194 }, "geometry": { "type": "Point", "coordinates": [ -98.420194, 17.072535 ] } },
{ "type": "Feature", "properties": { "NO": 514, "ENTIDAD": "GUERRERO", "MUNICIPIO": "Cochoapa el Grande", "PUEBLO INDIGENA O AFROMEXICANO": "MIXTECO", "LOCALIDAD": "NU'UYAA", "CLAVE LOC": 120780028, "TIPO DE ASENTAMIENTO": "LOCALIDAD CON POBLACION\nINDIGENA", "NOMBRE": "NU'U YAA", "MONTO ASIGNADO (PESOS)": 197702, "LATITUD": 17.052499, "LONGITUD": -98.395136 }, "geometry": { "type": "Point", "coordinates": [ -98.395136, 17.052499 ] } },
{ "type": "Feature", "properties": { "NO": 515, "ENTIDAD": "GUERRERO", "MUNICIPIO": "Cochoapa el Grande", "PUEBLO INDIGENA O AFROMEXICANO": "MIXTECO", "LOCALIDAD": "OCOTEPEC", "CLAVE LOC": 120780065, "TIPO DE ASENTAMIENTO": "COMUNIDAD INDIGENA", "NOMBRE": "OCOTEPEC", "MONTO ASIGNADO (PESOS)": 377346, "LATITUD": 17.131937, "LONGITUD": -98.358274 }, "geometry": { "type": "Point", "coordinates": [ -98.358274, 17.131937 ] } },
{ "type": "Feature", "properties": { "NO": 516, "ENTIDAD": "GUERRERO", "MUNICIPIO": "Cochoapa el Grande", "PUEBLO INDIGENA O AFROMEXICANO": "MIXTECO", "LOCALIDAD": "PEÑADEVENADO", "CLAVE LOC": 120780068, "TIPO DE ASENTAMIENTO": "COMUNIDAD INDIGENA", "NOMBRE": "PEÑA DE VENADO", "MONTO ASIGNADO (PESOS)": 225339, "LATITUD": 17.066987, "LONGITUD": -98.399724 }, "geometry": { "type": "Point", "coordinates": [ -98.399724, 17.066987 ] } },
{ "type": "Feature", "properties": { "NO": 517, "ENTIDAD": "GUERRERO", "MUNICIPIO": "Cochoapa el Grande", "PUEBLO INDIGENA O AFROMEXICANO": "MIXTECO", "LOCALIDAD": "PIEDRANEGRA", "CLAVE LOC": 120780070, "TIPO DE ASENTAMIENTO": "LOCALIDAD CON POBLACION\nINDIGENA", "NOMBRE": "PIEDRA NEGRA", "MONTO ASIGNADO (PESOS)": 166296, "LATITUD": 17.061111, "LONGITUD": -98.38578 }, "geometry": { "type": "Point", "coordinates": [ -98.38578, 17.061111 ] } },
{ "type": "Feature", "properties": { "NO": 518, "ENTIDAD": "GUERRERO", "MUNICIPIO": "Cochoapa el Grande", "PUEBLO INDIGENA O AFROMEXICANO": "MIXTECO", "LOCALIDAD": "PLANBUENAVISTA", "CLAVE LOC": 120780072, "TIPO DE ASENTAMIENTO": "COMUNIDAD INDIGENA", "NOMBRE": "PLAN BUENAVISTA", "MONTO ASIGNADO (PESOS)": 158758, "LATITUD": 17.04914, "LONGITUD": -98.528892 }, "geometry": { "type": "Point", "coordinates": [ -98.528892, 17.04914 ] } },
{ "type": "Feature", "properties": { "NO": 519, "ENTIDAD": "GUERRERO", "MUNICIPIO": "Cochoapa el Grande", "PUEBLO INDIGENA O AFROMEXICANO": "MIXTECO", "LOCALIDAD": "PUEBLOVIEJO", "CLAVE LOC": 120780073, "TIPO DE ASENTAMIENTO": "LOCALIDAD CON POBLACION\nINDIGENA", "NOMBRE": "PUEBLO VIEJO", "MONTO ASIGNADO (PESOS)": 222827, "LATITUD": 17.180275, "LONGITUD": -98.456483 }, "geometry": { "type": "Point", "coordinates": [ -98.456483, 17.180275 ] } },
{ "type": "Feature", "properties": { "NO": 520, "ENTIDAD": "GUERRERO", "MUNICIPIO": "Cochoapa el Grande", "PUEBLO INDIGENA O AFROMEXICANO": "MIXTECO", "LOCALIDAD": "RANCHODEGUADALUPE(BARRANCAPOBRE)", "CLAVE LOC": 120780074, "TIPO DE ASENTAMIENTO": "LOCALIDAD CON POBLACION\nINDIGENA", "NOMBRE": "RANCHO DE GUADALUPE (BARRANCA POBRE)", "MONTO ASIGNADO (PESOS)": 247952, "LATITUD": 17.155498, "LONGITUD": -98.39667 }, "geometry": { "type": "Point", "coordinates": [ -98.39667, 17.155498 ] } },
{ "type": "Feature", "properties": { "NO": 521, "ENTIDAD": "GUERRERO", "MUNICIPIO": "Cochoapa el Grande", "PUEBLO INDIGENA O AFROMEXICANO": "MIXTECO", "LOCALIDAD": "RANCHODELOSHILARIOS", "CLAVE LOC": 120780075, "TIPO DE ASENTAMIENTO": "LOCALIDAD CON POBLACION\nINDIGENA", "NOMBRE": "RANCHO DE LOS HILARIOS", "MONTO ASIGNADO (PESOS)": 162527, "LATITUD": 17.063254, "LONGITUD": -98.426909 }, "geometry": { "type": "Point", "coordinates": [ -98.426909, 17.063254 ] } },
{ "type": "Feature", "properties": { "NO": 522, "ENTIDAD": "GUERRERO", "MUNICIPIO": "Cochoapa el Grande", "PUEBLO INDIGENA O AFROMEXICANO": "MIXTECO", "LOCALIDAD": "RANCHODESANMARCOS", "CLAVE LOC": 120780076, "TIPO DE ASENTAMIENTO": "COMUNIDAD INDIGENA", "NOMBRE": "RANCHO DE SAN MARCOS", "MONTO ASIGNADO (PESOS)": 138658, "LATITUD": 17.021147, "LONGITUD": -98.411307 }, "geometry": { "type": "Point", "coordinates": [ -98.411307, 17.021147 ] } },
{ "type": "Feature", "properties": { "NO": 523, "ENTIDAD": "GUERRERO", "MUNICIPIO": "Cochoapa el Grande", "PUEBLO INDIGENA O AFROMEXICANO": "MIXTECO", "LOCALIDAD": "RANCHOSANMARTIN", "CLAVE LOC": 120780014, "TIPO DE ASENTAMIENTO": "LOCALIDAD CON POBLACION\nINDIGENA", "NOMBRE": "RANCHO SAN MARTÍN", "MONTO ASIGNADO (PESOS)": 245439, "LATITUD": 17.198399, "LONGITUD": -98.503482 }, "geometry": { "type": "Point", "coordinates": [ -98.503482, 17.198399 ] } },
{ "type": "Feature", "properties": { "NO": 524, "ENTIDAD": "GUERRERO", "MUNICIPIO": "Cochoapa el Grande", "PUEBLO INDIGENA O AFROMEXICANO": "MIXTECO", "LOCALIDAD": "RIOCANTADORCHIQUITO", "CLAVE LOC": 120780078, "TIPO DE ASENTAMIENTO": "COMUNIDAD INDIGENA", "NOMBRE": "RÍO CANTADOR CHIQUITO", "MONTO ASIGNADO (PESOS)": 219058, "LATITUD": 17.019476, "LONGITUD": -98.380893 }, "geometry": { "type": "Point", "coordinates": [ -98.380893, 17.019476 ] } },
{ "type": "Feature", "properties": { "NO": 525, "ENTIDAD": "GUERRERO", "MUNICIPIO": "Cochoapa el Grande", "PUEBLO INDIGENA O AFROMEXICANO": "MIXTECO", "LOCALIDAD": "RIOCORAZON", "CLAVE LOC": 120780079, "TIPO DE ASENTAMIENTO": "COMUNIDAD INDIGENA", "NOMBRE": "RÍO CORAZÓN", "MONTO ASIGNADO (PESOS)": 132377, "LATITUD": 17.023445, "LONGITUD": -98.507644 }, "geometry": { "type": "Point", "coordinates": [ -98.507644, 17.023445 ] } },
{ "type": "Feature", "properties": { "NO": 526, "ENTIDAD": "GUERRERO", "MUNICIPIO": "Cochoapa el Grande", "PUEBLO INDIGENA O AFROMEXICANO": "MIXTECO", "LOCALIDAD": "RIODELAVIBORA", "CLAVE LOC": 120780081, "TIPO DE ASENTAMIENTO": "COMUNIDAD INDIGENA", "NOMBRE": "RÍO DE LA VÍBORA", "MONTO ASIGNADO (PESOS)": 105996, "LATITUD": 17.004253, "LONGITUD": -98.485367 }, "geometry": { "type": "Point", "coordinates": [ -98.485367, 17.004253 ] } },
{ "type": "Feature", "properties": { "NO": 527, "ENTIDAD": "GUERRERO", "MUNICIPIO": "Cochoapa el Grande", "PUEBLO INDIGENA O AFROMEXICANO": "MIXTECO", "LOCALIDAD": "RIOENCAJONADO", "CLAVE LOC": 120780082, "TIPO DE ASENTAMIENTO": "COMUNIDAD INDIGENA", "NOMBRE": "RÍO ENCAJONADO", "MONTO ASIGNADO (PESOS)": 631108, "LATITUD": 17.042063, "LONGITUD": -98.315451 }, "geometry": { "type": "Point", "coordinates": [ -98.315451, 17.042063 ] } },
{ "type": "Feature", "properties": { "NO": 528, "ENTIDAD": "GUERRERO", "MUNICIPIO": "Cochoapa el Grande", "PUEBLO INDIGENA O AFROMEXICANO": "MIXTECO", "LOCALIDAD": "RIOHAMACA", "CLAVE LOC": 120780080, "TIPO DE ASENTAMIENTO": "LOCALIDAD CON POBLACION\nINDIGENA", "NOMBRE": "RÍO HAMACA", "MONTO ASIGNADO (PESOS)": 300714, "LATITUD": 17.042045, "LONGITUD": -98.354459 }, "geometry": { "type": "Point", "coordinates": [ -98.354459, 17.042045 ] } },
{ "type": "Feature", "properties": { "NO": 529, "ENTIDAD": "GUERRERO", "MUNICIPIO": "Cochoapa el Grande", "PUEBLO INDIGENA O AFROMEXICANO": "MIXTECO", "LOCALIDAD": "RIONEGRO", "CLAVE LOC": 120780169, "TIPO DE ASENTAMIENTO": "LOCALIDAD CON POBLACION\nINDIGENA", "NOMBRE": "RÍO NEGRO", "MONTO ASIGNADO (PESOS)": 280614, "LATITUD": 17.052274, "LONGITUD": -98.248105 }, "geometry": { "type": "Point", "coordinates": [ -98.248105, 17.052274 ] } },
{ "type": "Feature", "properties": { "NO": 530, "ENTIDAD": "GUERRERO", "MUNICIPIO": "Cochoapa el Grande", "PUEBLO INDIGENA O AFROMEXICANO": "MIXTECO", "LOCALIDAD": "SANAGUSTINELVIEJO", "CLAVE LOC": 120780084, "TIPO DE ASENTAMIENTO": "COMUNIDAD INDIGENA", "NOMBRE": "SAN AGUSTÍN EL VIEJO", "MONTO ASIGNADO (PESOS)": 475333, "LATITUD": 17.269867, "LONGITUD": -98.49047 }, "geometry": { "type": "Point", "coordinates": [ -98.49047, 17.269867 ] } },
{ "type": "Feature", "properties": { "NO": 531, "ENTIDAD": "GUERRERO", "MUNICIPIO": "Cochoapa el Grande", "PUEBLO INDIGENA O AFROMEXICANO": "MIXTECO", "LOCALIDAD": "SANCRISTOBALITO", "CLAVE LOC": 120780085, "TIPO DE ASENTAMIENTO": "COMUNIDAD INDIGENA", "NOMBRE": "SAN CRISTOBALITO", "MONTO ASIGNADO (PESOS)": 367296, "LATITUD": 17.179927, "LONGITUD": -98.49648 }, "geometry": { "type": "Point", "coordinates": [ -98.49648, 17.179927 ] } },
{ "type": "Feature", "properties": { "NO": 532, "ENTIDAD": "GUERRERO", "MUNICIPIO": "Cochoapa el Grande", "PUEBLO INDIGENA O AFROMEXICANO": "MIXTECO", "LOCALIDAD": "SANISIDRO", "CLAVE LOC": 120780086, "TIPO DE ASENTAMIENTO": "COMUNIDAD INDIGENA", "NOMBRE": "SAN ISIDRO", "MONTO ASIGNADO (PESOS)": 112277, "LATITUD": 17.096777, "LONGITUD": -98.355929 }, "geometry": { "type": "Point", "coordinates": [ -98.355929, 17.096777 ] } },
{ "type": "Feature", "properties": { "NO": 533, "ENTIDAD": "GUERRERO", "MUNICIPIO": "Cochoapa el Grande", "PUEBLO INDIGENA O AFROMEXICANO": "MIXTECO", "LOCALIDAD": "SANISIDRO", "CLAVE LOC": 120780087, "TIPO DE ASENTAMIENTO": "COMUNIDAD INDIGENA", "NOMBRE": "SAN ISIDRO", "MONTO ASIGNADO (PESOS)": 193933, "LATITUD": 17.015409, "LONGITUD": -98.399387 }, "geometry": { "type": "Point", "coordinates": [ -98.399387, 17.015409 ] } },
{ "type": "Feature", "properties": { "NO": 534, "ENTIDAD": "GUERRERO", "MUNICIPIO": "Cochoapa el Grande", "PUEBLO INDIGENA O AFROMEXICANO": "MIXTECO", "LOCALIDAD": "SANLUCAS", "CLAVE LOC": 120780088, "TIPO DE ASENTAMIENTO": "COMUNIDAD INDIGENA", "NOMBRE": "SAN LUCAS", "MONTO ASIGNADO (PESOS)": 317046, "LATITUD": 17.244554, "LONGITUD": -98.511774 }, "geometry": { "type": "Point", "coordinates": [ -98.511774, 17.244554 ] } },
{ "type": "Feature", "properties": { "NO": 535, "ENTIDAD": "GUERRERO", "MUNICIPIO": "Cochoapa el Grande", "PUEBLO INDIGENA O AFROMEXICANO": "MIXTECO", "LOCALIDAD": "SANMARTINYUKUXAKI", "CLAVE LOC": 120780089, "TIPO DE ASENTAMIENTO": "COMUNIDAD INDIGENA", "NOMBRE": "SAN MARTÍN YUKUXAKI", "MONTO ASIGNADO (PESOS)": 119814, "LATITUD": 17.111328, "LONGITUD": -98.499938 }, "geometry": { "type": "Point", "coordinates": [ -98.499938, 17.111328 ] } },
{ "type": "Feature", "properties": { "NO": 536, "ENTIDAD": "GUERRERO", "MUNICIPIO": "Cochoapa el Grande", "PUEBLO INDIGENA O AFROMEXICANO": "MIXTECO", "LOCALIDAD": "SANMIGUELAMOLTEPECNUEVO", "CLAVE LOC": 120780090, "TIPO DE ASENTAMIENTO": "COMUNIDAD INDIGENA", "NOMBRE": "SAN MIGUEL AMOLTEPEC NUEVO", "MONTO ASIGNADO (PESOS)": 675077, "LATITUD": 17.203429, "LONGITUD": -98.492902 }, "geometry": { "type": "Point", "coordinates": [ -98.492902, 17.203429 ] } },
{ "type": "Feature", "properties": { "NO": 537, "ENTIDAD": "GUERRERO", "MUNICIPIO": "Cochoapa el Grande", "PUEBLO INDIGENA O AFROMEXICANO": "MIXTECO", "LOCALIDAD": "SANMIGUELAMOLTEPECVIEJO", "CLAVE LOC": 120780091, "TIPO DE ASENTAMIENTO": "COMUNIDAD INDIGENA", "NOMBRE": "SAN MIGUEL AMOLTEPEC VIEJO", "MONTO ASIGNADO (PESOS)": 504227, "LATITUD": 17.199177, "LONGITUD": -98.497765 }, "geometry": { "type": "Point", "coordinates": [ -98.497765, 17.199177 ] } },
{ "type": "Feature", "properties": { "NO": 538, "ENTIDAD": "GUERRERO", "MUNICIPIO": "Cochoapa el Grande", "PUEBLO INDIGENA O AFROMEXICANO": "MIXTECO", "LOCALIDAD": "SANPEDROELVIEJO", "CLAVE LOC": 120780092, "TIPO DE ASENTAMIENTO": "COMUNIDAD INDIGENA", "NOMBRE": "SAN PEDRO EL VIEJO", "MONTO ASIGNADO (PESOS)": 276846, "LATITUD": 17.024513, "LONGITUD": -98.399406 }, "geometry": { "type": "Point", "coordinates": [ -98.399406, 17.024513 ] } },
{ "type": "Feature", "properties": { "NO": 539, "ENTIDAD": "GUERRERO", "MUNICIPIO": "Cochoapa el Grande", "PUEBLO INDIGENA O AFROMEXICANO": "MIXTECO", "LOCALIDAD": "SANRAFAEL", "CLAVE LOC": 120780093, "TIPO DE ASENTAMIENTO": "COMUNIDAD INDIGENA", "NOMBRE": "SAN RAFAEL", "MONTO ASIGNADO (PESOS)": 1719491, "LATITUD": 17.226793, "LONGITUD": -98.424174 }, "geometry": { "type": "Point", "coordinates": [ -98.424174, 17.226793 ] } },
{ "type": "Feature", "properties": { "NO": 540, "ENTIDAD": "GUERRERO", "MUNICIPIO": "Cochoapa el Grande", "PUEBLO INDIGENA O AFROMEXICANO": "MIXTECO", "LOCALIDAD": "SANTACRUZ", "CLAVE LOC": 120780094, "TIPO DE ASENTAMIENTO": "LOCALIDAD CON POBLACION\nINDIGENA", "NOMBRE": "SANTA CRUZ", "MONTO ASIGNADO (PESOS)": 201471, "LATITUD": 17.130349, "LONGITUD": -98.358602 }, "geometry": { "type": "Point", "coordinates": [ -98.358602, 17.130349 ] } },
{ "type": "Feature", "properties": { "NO": 541, "ENTIDAD": "GUERRERO", "MUNICIPIO": "Cochoapa el Grande", "PUEBLO INDIGENA O AFROMEXICANO": "MIXTECO", "LOCALIDAD": "SANTAMARIACAHUAÑAÑA", "CLAVE LOC": 120780095, "TIPO DE ASENTAMIENTO": "LOCALIDAD CON POBLACION\nINDIGENA", "NOMBRE": "SANTA MARÍA CAHUAÑAÑA", "MONTO ASIGNADO (PESOS)": 304483, "LATITUD": 17.138439, "LONGITUD": -98.38863 }, "geometry": { "type": "Point", "coordinates": [ -98.38863, 17.138439 ] } },
{ "type": "Feature", "properties": { "NO": 542, "ENTIDAD": "GUERRERO", "MUNICIPIO": "Cochoapa el Grande", "PUEBLO INDIGENA O AFROMEXICANO": "MIXTECO", "LOCALIDAD": "SANTAROSADEMALDONADO", "CLAVE LOC": 120780152, "TIPO DE ASENTAMIENTO": "COMUNIDAD INDIGENA", "NOMBRE": "SANTA ROSA DE MALDONADO", "MONTO ASIGNADO (PESOS)": 203983, "LATITUD": 17.013807, "LONGITUD": -98.500134 }, "geometry": { "type": "Point", "coordinates": [ -98.500134, 17.013807 ] } },
{ "type": "Feature", "properties": { "NO": 543, "ENTIDAD": "GUERRERO", "MUNICIPIO": "Cochoapa el Grande", "PUEBLO INDIGENA O AFROMEXICANO": "MIXTECO", "LOCALIDAD": "TIERRABLANCA", "CLAVE LOC": 120780096, "TIPO DE ASENTAMIENTO": "COMUNIDAD INDIGENA", "NOMBRE": "TIERRA BLANCA", "MONTO ASIGNADO (PESOS)": 965741, "LATITUD": 17.270094, "LONGITUD": -98.468938 }, "geometry": { "type": "Point", "coordinates": [ -98.468938, 17.270094 ] } },
{ "type": "Feature", "properties": { "NO": 544, "ENTIDAD": "GUERRERO", "MUNICIPIO": "Cochoapa el Grande", "PUEBLO INDIGENA O AFROMEXICANO": "MIXTECO", "LOCALIDAD": "TIERRABLANQUITA", "CLAVE LOC": 120780097, "TIPO DE ASENTAMIENTO": "COMUNIDAD INDIGENA", "NOMBRE": "TIERRA BLANQUITA", "MONTO ASIGNADO (PESOS)": 334633, "LATITUD": 17.223695, "LONGITUD": -98.501551 }, "geometry": { "type": "Point", "coordinates": [ -98.501551, 17.223695 ] } },
{ "type": "Feature", "properties": { "NO": 545, "ENTIDAD": "GUERRERO", "MUNICIPIO": "Cochoapa el Grande", "PUEBLO INDIGENA O AFROMEXICANO": "MIXTECO", "LOCALIDAD": "TIERRACAMPESINA", "CLAVE LOC": 120780101, "TIPO DE ASENTAMIENTO": "LOCALIDAD CON POBLACION\nINDIGENA", "NOMBRE": "TIERRA CAMPESINA", "MONTO ASIGNADO (PESOS)": 180114, "LATITUD": 17.209809, "LONGITUD": -98.471984 }, "geometry": { "type": "Point", "coordinates": [ -98.471984, 17.209809 ] } },
{ "type": "Feature", "properties": { "NO": 546, "ENTIDAD": "GUERRERO", "MUNICIPIO": "Cochoapa el Grande", "PUEBLO INDIGENA O AFROMEXICANO": "MIXTECO", "LOCALIDAD": "TIERRACOLORADA", "CLAVE LOC": 120780098, "TIPO DE ASENTAMIENTO": "COMUNIDAD INDIGENA", "NOMBRE": "TIERRA COLORADA", "MONTO ASIGNADO (PESOS)": 167552, "LATITUD": 17.212931, "LONGITUD": -98.46404 }, "geometry": { "type": "Point", "coordinates": [ -98.46404, 17.212931 ] } },
{ "type": "Feature", "properties": { "NO": 547, "ENTIDAD": "GUERRERO", "MUNICIPIO": "Cochoapa el Grande", "PUEBLO INDIGENA O AFROMEXICANO": "MIXTECO", "LOCALIDAD": "TIERRADEALGODON", "CLAVE LOC": 120780100, "TIPO DE ASENTAMIENTO": "LOCALIDAD CON POBLACION\nINDIGENA", "NOMBRE": "TIERRA DE ALGODÓN", "MONTO ASIGNADO (PESOS)": 147452, "LATITUD": 17.184807, "LONGITUD": -98.431749 }, "geometry": { "type": "Point", "coordinates": [ -98.431749, 17.184807 ] } },
{ "type": "Feature", "properties": { "NO": 548, "ENTIDAD": "GUERRERO", "MUNICIPIO": "Cochoapa el Grande", "PUEBLO INDIGENA O AFROMEXICANO": "MIXTECO", "LOCALIDAD": "VISTAHERMOSA", "CLAVE LOC": 120780102, "TIPO DE ASENTAMIENTO": "LOCALIDAD CON POBLACION\nINDIGENA", "NOMBRE": "VISTA HERMOSA", "MONTO ASIGNADO (PESOS)": 308252, "LATITUD": 17.069798, "LONGITUD": -98.37633 }, "geometry": { "type": "Point", "coordinates": [ -98.37633, 17.069798 ] } },
{ "type": "Feature", "properties": { "NO": 549, "ENTIDAD": "GUERRERO", "MUNICIPIO": "Cochoapa el Grande", "PUEBLO INDIGENA O AFROMEXICANO": "MIXTECO", "LOCALIDAD": "XAHAYUCUYAA", "CLAVE LOC": 120780104, "TIPO DE ASENTAMIENTO": "COMUNIDAD INDIGENA", "NOMBRE": "XAHA YUCU YAA", "MONTO ASIGNADO (PESOS)": 209008, "LATITUD": 17.136205, "LONGITUD": -98.366286 }, "geometry": { "type": "Point", "coordinates": [ -98.366286, 17.136205 ] } },
{ "type": "Feature", "properties": { "NO": 550, "ENTIDAD": "GUERRERO", "MUNICIPIO": "Cochoapa el Grande", "PUEBLO INDIGENA O AFROMEXICANO": "MIXTECO", "LOCALIDAD": "XALPA", "CLAVE LOC": 120780106, "TIPO DE ASENTAMIENTO": "COMUNIDAD INDIGENA", "NOMBRE": "XALPA", "MONTO ASIGNADO (PESOS)": 190164, "LATITUD": 17.082724, "LONGITUD": -98.362806 }, "geometry": { "type": "Point", "coordinates": [ -98.362806, 17.082724 ] } },
{ "type": "Feature", "properties": { "NO": 551, "ENTIDAD": "GUERRERO", "MUNICIPIO": "Cochoapa el Grande", "PUEBLO INDIGENA O AFROMEXICANO": "MIXTECO", "LOCALIDAD": "YOZOCHUNCHIQUITO", "CLAVE LOC": 120780114, "TIPO DE ASENTAMIENTO": "LOCALIDAD CON POBLACION\nINDIGENA", "NOMBRE": "YOZO CHUN CHIQUITO", "MONTO ASIGNADO (PESOS)": 190164, "LATITUD": 17.125351, "LONGITUD": -98.340682 }, "geometry": { "type": "Point", "coordinates": [ -98.340682, 17.125351 ] } },
{ "type": "Feature", "properties": { "NO": 552, "ENTIDAD": "GUERRERO", "MUNICIPIO": "Cochoapa el Grande", "PUEBLO INDIGENA O AFROMEXICANO": "MIXTECO", "LOCALIDAD": "YOZONDACUA", "CLAVE LOC": 120780115, "TIPO DE ASENTAMIENTO": "LOCALIDAD CON POBLACION\nINDIGENA", "NOMBRE": "YOZONDACUA", "MONTO ASIGNADO (PESOS)": 394933, "LATITUD": 17.141204, "LONGITUD": -98.393641 }, "geometry": { "type": "Point", "coordinates": [ -98.393641, 17.141204 ] } },
{ "type": "Feature", "properties": { "NO": 553, "ENTIDAD": "GUERRERO", "MUNICIPIO": "Cochoapa el Grande", "PUEBLO INDIGENA O AFROMEXICANO": "MIXTECO", "LOCALIDAD": "YUKUNUKAXIN", "CLAVE LOC": 120780116, "TIPO DE ASENTAMIENTO": "LOCALIDAD CON POBLACION\nINDIGENA", "NOMBRE": "YUKU NU KAXIN", "MONTO ASIGNADO (PESOS)": 245439, "LATITUD": 17.114186, "LONGITUD": -98.359546 }, "geometry": { "type": "Point", "coordinates": [ -98.359546, 17.114186 ] } },
{ "type": "Feature", "properties": { "NO": 554, "ENTIDAD": "GUERRERO", "MUNICIPIO": "Cochoapa el Grande", "PUEBLO INDIGENA O AFROMEXICANO": "MIXTECO", "LOCALIDAD": "YUVICANI", "CLAVE LOC": 120780121, "TIPO DE ASENTAMIENTO": "COMUNIDAD INDIGENA", "NOMBRE": "YUVICANI", "MONTO ASIGNADO (PESOS)": 308252, "LATITUD": 17.074629, "LONGITUD": -98.406035 }, "geometry": { "type": "Point", "coordinates": [ -98.406035, 17.074629 ] } },
{ "type": "Feature", "properties": { "NO": 555, "ENTIDAD": "GUERRERO", "MUNICIPIO": "Cochoapa el Grande", "PUEBLO INDIGENA O AFROMEXICANO": "MIXTECO", "LOCALIDAD": "(SINNOMBRE)", "CLAVE LOC": 120780000, "TIPO DE ASENTAMIENTO": "COMUNIDAD INDIGENA", "NOMBRE": "YUVICANI", "MONTO ASIGNADO (PESOS)": 84639, "LATITUD": 17.074629, "LONGITUD": -98.406035 }, "geometry": { "type": "Point", "coordinates": [ -98.406035, 17.074629 ] } },
{ "type": "Feature", "properties": { "NO": 556, "ENTIDAD": "GUERRERO", "MUNICIPIO": "Copala", "PUEBLO INDIGENA O AFROMEXICANO": "AFROMEXICANO", "LOCALIDAD": "CAMPANILLA", "CLAVE LOC": 120180005, "TIPO DE ASENTAMIENTO": "COMUNIDAD AFROMEXICANA", "NOMBRE": "CAMPANILLA", "MONTO ASIGNADO (PESOS)": 215289, "LATITUD": 16.601233, "LONGITUD": -98.901173 }, "geometry": { "type": "Point", "coordinates": [ -98.901173, 16.601233 ] } },
{ "type": "Feature", "properties": { "NO": 557, "ENTIDAD": "GUERRERO", "MUNICIPIO": "Copala", "PUEBLO INDIGENA O AFROMEXICANO": "AFROMEXICANO", "LOCALIDAD": "COLONIAJUANN.ALVAREZ(PLAYAVENTURA)", "CLAVE LOC": 120180009, "TIPO DE ASENTAMIENTO": "COMUNIDAD AFROMEXICANA", "NOMBRE": "COLONIA JUAN N. ÁLVAREZ (PLAYA VENTURA)", "MONTO ASIGNADO (PESOS)": 534901, "LATITUD": 16.53895, "LONGITUD": -98.914965 }, "geometry": { "type": "Point", "coordinates": [ -98.914965, 16.53895 ] } },
{ "type": "Feature", "properties": { "NO": 558, "ENTIDAD": "GUERRERO", "MUNICIPIO": "Copala", "PUEBLO INDIGENA O AFROMEXICANO": "AFROMEXICANO", "LOCALIDAD": "ISLALTEPEC(LASPAROTAS)", "CLAVE LOC": 120180017, "TIPO DE ASENTAMIENTO": "COMUNIDAD AFROMEXICANA", "NOMBRE": "ISLALTEPEC (LAS PAROTAS)", "MONTO ASIGNADO (PESOS)": 619779, "LATITUD": 16.578543, "LONGITUD": -98.840649 }, "geometry": { "type": "Point", "coordinates": [ -98.840649, 16.578543 ] } },
{ "type": "Feature", "properties": { "NO": 559, "ENTIDAD": "GUERRERO", "MUNICIPIO": "Copala", "PUEBLO INDIGENA O AFROMEXICANO": "AFROMEXICANO", "LOCALIDAD": "LACAÑADADELARROZ", "CLAVE LOC": 120180006, "TIPO DE ASENTAMIENTO": "COMUNIDAD AFROMEXICANA", "NOMBRE": "LA CAÑADA DEL ARROZ", "MONTO ASIGNADO (PESOS)": 438902, "LATITUD": 16.642962, "LONGITUD": -98.865859 }, "geometry": { "type": "Point", "coordinates": [ -98.865859, 16.642962 ] } },
{ "type": "Feature", "properties": { "NO": 560, "ENTIDAD": "GUERRERO", "MUNICIPIO": "Copala", "PUEBLO INDIGENA O AFROMEXICANO": "AFROMEXICANO", "LOCALIDAD": "LAFORTUNA(LAYEGUADA)", "CLAVE LOC": 120180014, "TIPO DE ASENTAMIENTO": "COMUNIDAD AFROMEXICANA", "NOMBRE": "LA FORTUNA (LA YEGUADA)", "MONTO ASIGNADO (PESOS)": 212362, "LATITUD": 16.61027, "LONGITUD": -99.037932 }, "geometry": { "type": "Point", "coordinates": [ -99.037932, 16.61027 ] } },
{ "type": "Feature", "properties": { "NO": 561, "ENTIDAD": "GUERRERO", "MUNICIPIO": "Copala", "PUEBLO INDIGENA O AFROMEXICANO": "AFROMEXICANO", "LOCALIDAD": "LASPEÑAS", "CLAVE LOC": 120180023, "TIPO DE ASENTAMIENTO": "COMUNIDAD AFROMEXICANA", "NOMBRE": "LAS PEÑAS", "MONTO ASIGNADO (PESOS)": 783070, "LATITUD": 16.631804, "LONGITUD": -99.058664 }, "geometry": { "type": "Point", "coordinates": [ -99.058664, 16.631804 ] } },
{ "type": "Feature", "properties": { "NO": 562, "ENTIDAD": "GUERRERO", "MUNICIPIO": "Copala", "PUEBLO INDIGENA O AFROMEXICANO": "AFROMEXICANO", "LOCALIDAD": "LOSLIRIOS", "CLAVE LOC": 120180039, "TIPO DE ASENTAMIENTO": "COMUNIDAD AFROMEXICANA", "NOMBRE": "LOS LIRIOS", "MONTO ASIGNADO (PESOS)": 223679, "LATITUD": 16.596374, "LONGITUD": -98.910021 }, "geometry": { "type": "Point", "coordinates": [ -98.910021, 16.596374 ] } },
{ "type": "Feature", "properties": { "NO": 563, "ENTIDAD": "GUERRERO", "MUNICIPIO": "Copala", "PUEBLO INDIGENA O AFROMEXICANO": "AFROMEXICANO", "LOCALIDAD": "OJODEAGUA(LASSALINAS)", "CLAVE LOC": 120180020, "TIPO DE ASENTAMIENTO": "COMUNIDAD AFROMEXICANA", "NOMBRE": "OJO DE AGUA (LAS SALINAS)", "MONTO ASIGNADO (PESOS)": 1373179, "LATITUD": 16.566273, "LONGITUD": -98.851613 }, "geometry": { "type": "Point", "coordinates": [ -98.851613, 16.566273 ] } },
{ "type": "Feature", "properties": { "NO": 564, "ENTIDAD": "GUERRERO", "MUNICIPIO": "Copala", "PUEBLO INDIGENA O AFROMEXICANO": "AMUZGO", "LOCALIDAD": "OJODEAGUALASSALINAS[CAMPAMENTO]", "CLAVE LOC": 120180037, "TIPO DE ASENTAMIENTO": "LOCALIDAD CON POBLACION\nINDIGENA", "NOMBRE": "OJO DE AGUA LAS SALINAS [CAMPAMENTO]", "MONTO ASIGNADO (PESOS)": 254233, "LATITUD": 16.588507, "LONGITUD": -98.826068 }, "geometry": { "type": "Point", "coordinates": [ -98.826068, 16.588507 ] } },
{ "type": "Feature", "properties": { "NO": 565, "ENTIDAD": "GUERRERO", "MUNICIPIO": "Copala", "PUEBLO INDIGENA O AFROMEXICANO": "AFROMEXICANO", "LOCALIDAD": "SANFRANCISCO", "CLAVE LOC": 120180027, "TIPO DE ASENTAMIENTO": "COMUNIDAD AFROMEXICANA", "NOMBRE": "SAN FRANCISCO", "MONTO ASIGNADO (PESOS)": 343317, "LATITUD": 16.612427, "LONGITUD": -98.998464 }, "geometry": { "type": "Point", "coordinates": [ -98.998464, 16.612427 ] } },
{ "type": "Feature", "properties": { "NO": 566, "ENTIDAD": "GUERRERO", "MUNICIPIO": "Copalillo", "PUEBLO INDIGENA O AFROMEXICANO": "NAHUA", "LOCALIDAD": "ACINGO", "CLAVE LOC": 120190017, "TIPO DE ASENTAMIENTO": "COMUNIDAD INDIGENA", "NOMBRE": "ACINGO", "MONTO ASIGNADO (PESOS)": 567039, "LATITUD": 17.903173, "LONGITUD": -99.104413 }, "geometry": { "type": "Point", "coordinates": [ -99.104413, 17.903173 ] } },
{ "type": "Feature", "properties": { "NO": 567, "ENTIDAD": "GUERRERO", "MUNICIPIO": "Copalillo", "PUEBLO INDIGENA O AFROMEXICANO": "NAHUA", "LOCALIDAD": "AHUAXTITLAN", "CLAVE LOC": 120190011, "TIPO DE ASENTAMIENTO": "COMUNIDAD INDIGENA", "NOMBRE": "AHUAXTITLÁN", "MONTO ASIGNADO (PESOS)": 160014, "LATITUD": 17.916982, "LONGITUD": -99.125986 }, "geometry": { "type": "Point", "coordinates": [ -99.125986, 17.916982 ] } },
{ "type": "Feature", "properties": { "NO": 568, "ENTIDAD": "GUERRERO", "MUNICIPIO": "Copalillo", "PUEBLO INDIGENA O AFROMEXICANO": "NAHUA", "LOCALIDAD": "CASCALOTERA", "CLAVE LOC": 120190019, "TIPO DE ASENTAMIENTO": "COMUNIDAD INDIGENA", "NOMBRE": "CASCALOTERA", "MONTO ASIGNADO (PESOS)": 200214, "LATITUD": 17.890197, "LONGITUD": -99.134112 }, "geometry": { "type": "Point", "coordinates": [ -99.134112, 17.890197 ] } },
{ "type": "Feature", "properties": { "NO": 569, "ENTIDAD": "GUERRERO", "MUNICIPIO": "Copalillo", "PUEBLO INDIGENA O AFROMEXICANO": "NAHUA", "LOCALIDAD": "COLONIAALTAVISTA", "CLAVE LOC": 120190045, "TIPO DE ASENTAMIENTO": "COMUNIDAD INDIGENA", "NOMBRE": "COLONIA ALTA VISTA", "MONTO ASIGNADO (PESOS)": 146196, "LATITUD": 17.918462, "LONGITUD": -99.115835 }, "geometry": { "type": "Point", "coordinates": [ -99.115835, 17.918462 ] } },
{ "type": "Feature", "properties": { "NO": 570, "ENTIDAD": "GUERRERO", "MUNICIPIO": "Copalillo", "PUEBLO INDIGENA O AFROMEXICANO": "NAHUA", "LOCALIDAD": "COPALILLO", "CLAVE LOC": 120190001, "TIPO DE ASENTAMIENTO": "COMUNIDAD INDIGENA", "NOMBRE": "COPALILLO", "MONTO ASIGNADO (PESOS)": 10498432, "LATITUD": 18.034151, "LONGITUD": -99.041724 }, "geometry": { "type": "Point", "coordinates": [ -99.041724, 18.034151 ] } },
{ "type": "Feature", "properties": { "NO": 571, "ENTIDAD": "GUERRERO", "MUNICIPIO": "Copalillo", "PUEBLO INDIGENA O AFROMEXICANO": "NAHUA", "LOCALIDAD": "ELCASCALOTE", "CLAVE LOC": 120190002, "TIPO DE ASENTAMIENTO": "COMUNIDAD INDIGENA", "NOMBRE": "EL CASCALOTE", "MONTO ASIGNADO (PESOS)": 834620, "LATITUD": 18.097277, "LONGITUD": -99.045745 }, "geometry": { "type": "Point", "coordinates": [ -99.045745, 18.097277 ] } },
{ "type": "Feature", "properties": { "NO": 572, "ENTIDAD": "GUERRERO", "MUNICIPIO": "Copalillo", "PUEBLO INDIGENA O AFROMEXICANO": "NAHUA", "LOCALIDAD": "HUEYATLSALE", "CLAVE LOC": 120190047, "TIPO DE ASENTAMIENTO": "COMUNIDAD INDIGENA", "NOMBRE": "HUEYATLSALE", "MONTO ASIGNADO (PESOS)": 201471, "LATITUD": 17.883836, "LONGITUD": -99.174487 }, "geometry": { "type": "Point", "coordinates": [ -99.174487, 17.883836 ] } },
{ "type": "Feature", "properties": { "NO": 573, "ENTIDAD": "GUERRERO", "MUNICIPIO": "Copalillo", "PUEBLO INDIGENA O AFROMEXICANO": "NAHUA", "LOCALIDAD": "HUEYIATL", "CLAVE LOC": 120190025, "TIPO DE ASENTAMIENTO": "COMUNIDAD INDIGENA", "NOMBRE": "HUEYIATL", "MONTO ASIGNADO (PESOS)": 671308, "LATITUD": 17.906045, "LONGITUD": -99.135569 }, "geometry": { "type": "Point", "coordinates": [ -99.135569, 17.906045 ] } },
{ "type": "Feature", "properties": { "NO": 574, "ENTIDAD": "GUERRERO", "MUNICIPIO": "Copalillo", "PUEBLO INDIGENA O AFROMEXICANO": "NAHUA", "LOCALIDAD": "LASMINAS", "CLAVE LOC": 120190027, "TIPO DE ASENTAMIENTO": "COMUNIDAD INDIGENA", "NOMBRE": "LAS MINAS", "MONTO ASIGNADO (PESOS)": 142034, "LATITUD": 17.900139, "LONGITUD": -99.133121 }, "geometry": { "type": "Point", "coordinates": [ -99.133121, 17.900139 ] } },
{ "type": "Feature", "properties": { "NO": 575, "ENTIDAD": "GUERRERO", "MUNICIPIO": "Copalillo", "PUEBLO INDIGENA O AFROMEXICANO": "NAHUA", "LOCALIDAD": "MEZQUITLAN", "CLAVE LOC": 120190004, "TIPO DE ASENTAMIENTO": "COMUNIDAD INDIGENA", "NOMBRE": "MEZQUITLÁN", "MONTO ASIGNADO (PESOS)": 688896, "LATITUD": 18.021304, "LONGITUD": -98.936061 }, "geometry": { "type": "Point", "coordinates": [ -98.936061, 18.021304 ] } },
{ "type": "Feature", "properties": { "NO": 576, "ENTIDAD": "GUERRERO", "MUNICIPIO": "Copalillo", "PUEBLO INDIGENA O AFROMEXICANO": "NAHUA", "LOCALIDAD": "PAPALUTLA", "CLAVE LOC": 120190006, "TIPO DE ASENTAMIENTO": "COMUNIDAD INDIGENA", "NOMBRE": "PAPALUTLA", "MONTO ASIGNADO (PESOS)": 480740, "LATITUD": 18.022144, "LONGITUD": -98.904324 }, "geometry": { "type": "Point", "coordinates": [ -98.904324, 18.022144 ] } },
{ "type": "Feature", "properties": { "NO": 577, "ENTIDAD": "GUERRERO", "MUNICIPIO": "Copalillo", "PUEBLO INDIGENA O AFROMEXICANO": "NAHUA", "LOCALIDAD": "PEPERUCHES", "CLAVE LOC": 120190028, "TIPO DE ASENTAMIENTO": "COMUNIDAD INDIGENA", "NOMBRE": "PEPERUCHES", "MONTO ASIGNADO (PESOS)": 128608, "LATITUD": 17.967077, "LONGITUD": -99.071462 }, "geometry": { "type": "Point", "coordinates": [ -99.071462, 17.967077 ] } },
{ "type": "Feature", "properties": { "NO": 578, "ENTIDAD": "GUERRERO", "MUNICIPIO": "Copalillo", "PUEBLO INDIGENA O AFROMEXICANO": "NAHUA", "LOCALIDAD": "SANFRANCISCOOZTUTLA", "CLAVE LOC": 120190005, "TIPO DE ASENTAMIENTO": "COMUNIDAD INDIGENA", "NOMBRE": "SAN FRANCISCO OZTUTLA", "MONTO ASIGNADO (PESOS)": 1726558, "LATITUD": 17.961544, "LONGITUD": -98.985196 }, "geometry": { "type": "Point", "coordinates": [ -98.985196, 17.961544 ] } },
{ "type": "Feature", "properties": { "NO": 579, "ENTIDAD": "GUERRERO", "MUNICIPIO": "Copalillo", "PUEBLO INDIGENA O AFROMEXICANO": "NAHUA", "LOCALIDAD": "SANJUANTEHUAHUIZINGO", "CLAVE LOC": 120190070, "TIPO DE ASENTAMIENTO": "COMUNIDAD INDIGENA", "NOMBRE": "SAN JUAN TEHUAHUIZINGO", "MONTO ASIGNADO (PESOS)": 99714, "LATITUD": 18.001256, "LONGITUD": -99.12748 }, "geometry": { "type": "Point", "coordinates": [ -99.12748, 18.001256 ] } },
{ "type": "Feature", "properties": { "NO": 580, "ENTIDAD": "GUERRERO", "MUNICIPIO": "Copalillo", "PUEBLO INDIGENA O AFROMEXICANO": "NAHUA", "LOCALIDAD": "SANMIGUELMEZQUITEPEC", "CLAVE LOC": 120190007, "TIPO DE ASENTAMIENTO": "COMUNIDAD INDIGENA", "NOMBRE": "SAN MIGUEL MEZQUITEPEC", "MONTO ASIGNADO (PESOS)": 299665, "LATITUD": 17.947624, "LONGITUD": -98.986586 }, "geometry": { "type": "Point", "coordinates": [ -98.986586, 17.947624 ] } },
{ "type": "Feature", "properties": { "NO": 581, "ENTIDAD": "GUERRERO", "MUNICIPIO": "Copalillo", "PUEBLO INDIGENA O AFROMEXICANO": "NAHUA", "LOCALIDAD": "TENANTITLAN", "CLAVE LOC": 120190031, "TIPO DE ASENTAMIENTO": "COMUNIDAD INDIGENA", "NOMBRE": "TENANTITLÁN", "MONTO ASIGNADO (PESOS)": 188919, "LATITUD": 17.896731, "LONGITUD": -99.102256 }, "geometry": { "type": "Point", "coordinates": [ -99.102256, 17.896731 ] } },
{ "type": "Feature", "properties": { "NO": 582, "ENTIDAD": "GUERRERO", "MUNICIPIO": "Copalillo", "PUEBLO INDIGENA O AFROMEXICANO": "NAHUA", "LOCALIDAD": "TINAJAS", "CLAVE LOC": 120190034, "TIPO DE ASENTAMIENTO": "COMUNIDAD INDIGENA", "NOMBRE": "TINAJAS", "MONTO ASIGNADO (PESOS)": 172752, "LATITUD": 17.899628, "LONGITUD": -99.109845 }, "geometry": { "type": "Point", "coordinates": [ -99.109845, 17.899628 ] } },
{ "type": "Feature", "properties": { "NO": 583, "ENTIDAD": "GUERRERO", "MUNICIPIO": "Copalillo", "PUEBLO INDIGENA O AFROMEXICANO": "NAHUA", "LOCALIDAD": "TLALCOZOTITLAN", "CLAVE LOC": 120190008, "TIPO DE ASENTAMIENTO": "COMUNIDAD INDIGENA", "NOMBRE": "TLALCOZOTITLÁN", "MONTO ASIGNADO (PESOS)": 946360, "LATITUD": 17.885897, "LONGITUD": -99.129798 }, "geometry": { "type": "Point", "coordinates": [ -99.129798, 17.885897 ] } },
{ "type": "Feature", "properties": { "NO": 584, "ENTIDAD": "GUERRERO", "MUNICIPIO": "Copalillo", "PUEBLO INDIGENA O AFROMEXICANO": "NAHUA", "LOCALIDAD": "TLAYAHUALCO", "CLAVE LOC": 120190009, "TIPO DE ASENTAMIENTO": "COMUNIDAD INDIGENA", "NOMBRE": "TLAYAHUALCO", "MONTO ASIGNADO (PESOS)": 619802, "LATITUD": 17.923635, "LONGITUD": -99.116122 }, "geometry": { "type": "Point", "coordinates": [ -99.116122, 17.923635 ] } },
{ "type": "Feature", "properties": { "NO": 585, "ENTIDAD": "GUERRERO", "MUNICIPIO": "Copalillo", "PUEBLO INDIGENA O AFROMEXICANO": "NAHUA", "LOCALIDAD": "ZACUALPA", "CLAVE LOC": 120190057, "TIPO DE ASENTAMIENTO": "COMUNIDAD INDIGENA", "NOMBRE": "ZACUALPA", "MONTO ASIGNADO (PESOS)": 170064, "LATITUD": 17.896512, "LONGITUD": -98.947012 }, "geometry": { "type": "Point", "coordinates": [ -98.947012, 17.896512 ] } },
{ "type": "Feature", "properties": { "NO": 586, "ENTIDAD": "GUERRERO", "MUNICIPIO": "Copalillo", "PUEBLO INDIGENA O AFROMEXICANO": "NAHUA", "LOCALIDAD": "ZICAPA", "CLAVE LOC": 120190010, "TIPO DE ASENTAMIENTO": "COMUNIDAD INDIGENA", "NOMBRE": "ZICAPA", "MONTO ASIGNADO (PESOS)": 871052, "LATITUD": 17.923375, "LONGITUD": -99.039566 }, "geometry": { "type": "Point", "coordinates": [ -99.039566, 17.923375 ] } },
{ "type": "Feature", "properties": { "NO": 587, "ENTIDAD": "GUERRERO", "MUNICIPIO": "Copanatoyac", "PUEBLO INDIGENA O AFROMEXICANO": "MIXTECO", "LOCALIDAD": "BUENAVISTA", "CLAVE LOC": 120200033, "TIPO DE ASENTAMIENTO": "COMUNIDAD INDIGENA", "NOMBRE": "BUENA VISTA", "MONTO ASIGNADO (PESOS)": 387396, "LATITUD": 17.415729, "LONGITUD": -98.724749 }, "geometry": { "type": "Point", "coordinates": [ -98.724749, 17.415729 ] } },
{ "type": "Feature", "properties": { "NO": 588, "ENTIDAD": "GUERRERO", "MUNICIPIO": "Copanatoyac", "PUEBLO INDIGENA O AFROMEXICANO": "NAHUA", "LOCALIDAD": "CACAHUATEPEC", "CLAVE LOC": 120200002, "TIPO DE ASENTAMIENTO": "COMUNIDAD INDIGENA", "NOMBRE": "CACAHUATEPEC", "MONTO ASIGNADO (PESOS)": 927583, "LATITUD": 17.525657, "LONGITUD": -98.766091 }, "geometry": { "type": "Point", "coordinates": [ -98.766091, 17.525657 ] } },
{ "type": "Feature", "properties": { "NO": 589, "ENTIDAD": "GUERRERO", "MUNICIPIO": "Copanatoyac", "PUEBLO INDIGENA O AFROMEXICANO": "NAHUA", "LOCALIDAD": "COLONIAVISTAHERMOSA", "CLAVE LOC": 120200068, "TIPO DE ASENTAMIENTO": "LOCALIDAD CON POBLACION\nINDIGENA", "NOMBRE": "COLONIA VISTA HERMOSA", "MONTO ASIGNADO (PESOS)": 178858, "LATITUD": 17.507584, "LONGITUD": -98.765137 }, "geometry": { "type": "Point", "coordinates": [ -98.765137, 17.507584 ] } },
{ "type": "Feature", "properties": { "NO": 590, "ENTIDAD": "GUERRERO", "MUNICIPIO": "Copanatoyac", "PUEBLO INDIGENA O AFROMEXICANO": "NAHUA", "LOCALIDAD": "COPANATOYAC", "CLAVE LOC": 120200001, "TIPO DE ASENTAMIENTO": "COMUNIDAD INDIGENA", "NOMBRE": "COPANATOYAC", "MONTO ASIGNADO (PESOS)": 1015673, "LATITUD": 17.461845, "LONGITUD": -98.713463 }, "geometry": { "type": "Point", "coordinates": [ -98.713463, 17.461845 ] } },
{ "type": "Feature", "properties": { "NO": 591, "ENTIDAD": "GUERRERO", "MUNICIPIO": "Copanatoyac", "PUEBLO INDIGENA O AFROMEXICANO": "MIXTECO", "LOCALIDAD": "COPANATOYAC", "CLAVE LOC": 120200001, "TIPO DE ASENTAMIENTO": "COMUNIDAD INDIGENA", "NOMBRE": "COPANATOYAC", "MONTO ASIGNADO (PESOS)": 2604324, "LATITUD": 17.461845, "LONGITUD": -98.713463 }, "geometry": { "type": "Point", "coordinates": [ -98.713463, 17.461845 ] } },
{ "type": "Feature", "properties": { "NO": 592, "ENTIDAD": "GUERRERO", "MUNICIPIO": "Copanatoyac", "PUEBLO INDIGENA O AFROMEXICANO": "MIXTECO", "LOCALIDAD": "COSTILLADELCERRO", "CLAVE LOC": 120200021, "TIPO DE ASENTAMIENTO": "COMUNIDAD INDIGENA", "NOMBRE": "COSTILLA DEL CERRO", "MONTO ASIGNADO (PESOS)": 486639, "LATITUD": 17.391198, "LONGITUD": -98.729704 }, "geometry": { "type": "Point", "coordinates": [ -98.729704, 17.391198 ] } },
{ "type": "Feature", "properties": { "NO": 593, "ENTIDAD": "GUERRERO", "MUNICIPIO": "Copanatoyac", "PUEBLO INDIGENA O AFROMEXICANO": "MIXTECO", "LOCALIDAD": "COZONDIAPA", "CLAVE LOC": 120200022, "TIPO DE ASENTAMIENTO": "COMUNIDAD INDIGENA", "NOMBRE": "COZONDIAPA", "MONTO ASIGNADO (PESOS)": 372321, "LATITUD": 17.36683, "LONGITUD": -98.71439 }, "geometry": { "type": "Point", "coordinates": [ -98.71439, 17.36683 ] } },
{ "type": "Feature", "properties": { "NO": 594, "ENTIDAD": "GUERRERO", "MUNICIPIO": "Copanatoyac", "PUEBLO INDIGENA O AFROMEXICANO": "NAHUA", "LOCALIDAD": "CUAUTOLOLO", "CLAVE LOC": 120200004, "TIPO DE ASENTAMIENTO": "COMUNIDAD INDIGENA", "NOMBRE": "CUAUTOLOLO", "MONTO ASIGNADO (PESOS)": 621058, "LATITUD": 17.510485, "LONGITUD": -98.762806 }, "geometry": { "type": "Point", "coordinates": [ -98.762806, 17.510485 ] } },
{ "type": "Feature", "properties": { "NO": 595, "ENTIDAD": "GUERRERO", "MUNICIPIO": "Copanatoyac", "PUEBLO INDIGENA O AFROMEXICANO": "NAHUA", "LOCALIDAD": "ELCRUCERODEOZTOCINGO", "CLAVE LOC": 120200023, "TIPO DE ASENTAMIENTO": "LOCALIDAD CON POBLACION\nINDIGENA", "NOMBRE": "EL CRUCERO DE OZTOCINGO", "MONTO ASIGNADO (PESOS)": 600958, "LATITUD": 17.496578, "LONGITUD": -98.690033 }, "geometry": { "type": "Point", "coordinates": [ -98.690033, 17.496578 ] } },
{ "type": "Feature", "properties": { "NO": 596, "ENTIDAD": "GUERRERO", "MUNICIPIO": "Copanatoyac", "PUEBLO INDIGENA O AFROMEXICANO": "MIXTECO", "LOCALIDAD": "ELPLATANAR", "CLAVE LOC": 120200027, "TIPO DE ASENTAMIENTO": "COMUNIDAD INDIGENA", "NOMBRE": "EL PLATANAR", "MONTO ASIGNADO (PESOS)": 334633, "LATITUD": 17.426844, "LONGITUD": -98.729499 }, "geometry": { "type": "Point", "coordinates": [ -98.729499, 17.426844 ] } },
{ "type": "Feature", "properties": { "NO": 597, "ENTIDAD": "GUERRERO", "MUNICIPIO": "Copanatoyac", "PUEBLO INDIGENA O AFROMEXICANO": "MIXTECO", "LOCALIDAD": "GUACAMAYA", "CLAVE LOC": 120200025, "TIPO DE ASENTAMIENTO": "COMUNIDAD INDIGENA", "NOMBRE": "GUACAMAYA", "MONTO ASIGNADO (PESOS)": 349708, "LATITUD": 17.396731, "LONGITUD": -98.737307 }, "geometry": { "type": "Point", "coordinates": [ -98.737307, 17.396731 ] } },
{ "type": "Feature", "properties": { "NO": 598, "ENTIDAD": "GUERRERO", "MUNICIPIO": "Copanatoyac", "PUEBLO INDIGENA O AFROMEXICANO": "MIXTECO", "LOCALIDAD": "LAASUNCION", "CLAVE LOC": 120200032, "TIPO DE ASENTAMIENTO": "COMUNIDAD INDIGENA", "NOMBRE": "LA ASUNCIÓN", "MONTO ASIGNADO (PESOS)": 84639, "LATITUD": 17.368503, "LONGITUD": -98.726754 }, "geometry": { "type": "Point", "coordinates": [ -98.726754, 17.368503 ] } },
{ "type": "Feature", "properties": { "NO": 599, "ENTIDAD": "GUERRERO", "MUNICIPIO": "Copanatoyac", "PUEBLO INDIGENA O AFROMEXICANO": "MIXTECO", "LOCALIDAD": "LAASUNCION", "CLAVE LOC": 120200067, "TIPO DE ASENTAMIENTO": "LOCALIDAD CON POBLACION\nINDIGENA", "NOMBRE": "LA ASUNCIÓN", "MONTO ASIGNADO (PESOS)": 165039, "LATITUD": 17.383852, "LONGITUD": -98.723087 }, "geometry": { "type": "Point", "coordinates": [ -98.723087, 17.383852 ] } },
{ "type": "Feature", "properties": { "NO": 600, "ENTIDAD": "GUERRERO", "MUNICIPIO": "Copanatoyac", "PUEBLO INDIGENA O AFROMEXICANO": "NAHUA", "LOCALIDAD": "LACONCEPCION", "CLAVE LOC": 120200003, "TIPO DE ASENTAMIENTO": "COMUNIDAD INDIGENA", "NOMBRE": "LA CONCEPCIÓN", "MONTO ASIGNADO (PESOS)": 306996, "LATITUD": 17.367278, "LONGITUD": -98.625962 }, "geometry": { "type": "Point", "coordinates": [ -98.625962, 17.367278 ] } },
{ "type": "Feature", "properties": { "NO": 601, "ENTIDAD": "GUERRERO", "MUNICIPIO": "Copanatoyac", "PUEBLO INDIGENA O AFROMEXICANO": "MIXTECO", "LOCALIDAD": "LATRINCHERA", "CLAVE LOC": 120200038, "TIPO DE ASENTAMIENTO": "COMUNIDAD INDIGENA", "NOMBRE": "LA TRINCHERA", "MONTO ASIGNADO (PESOS)": 352221, "LATITUD": 17.465123, "LONGITUD": -98.729763 }, "geometry": { "type": "Point", "coordinates": [ -98.729763, 17.465123 ] } },
{ "type": "Feature", "properties": { "NO": 602, "ENTIDAD": "GUERRERO", "MUNICIPIO": "Copanatoyac", "PUEBLO INDIGENA O AFROMEXICANO": "NAHUA", "LOCALIDAD": "LASCRUCES", "CLAVE LOC": 120200066, "TIPO DE ASENTAMIENTO": "COMUNIDAD INDIGENA", "NOMBRE": "LAS CRUCES", "MONTO ASIGNADO (PESOS)": 386161, "LATITUD": 17.491897, "LONGITUD": -98.675645 }, "geometry": { "type": "Point", "coordinates": [ -98.675645, 17.491897 ] } },
{ "type": "Feature", "properties": { "NO": 603, "ENTIDAD": "GUERRERO", "MUNICIPIO": "Copanatoyac", "PUEBLO INDIGENA O AFROMEXICANO": "MIXTECO", "LOCALIDAD": "LOMABONITA", "CLAVE LOC": 120200039, "TIPO DE ASENTAMIENTO": "COMUNIDAD INDIGENA", "NOMBRE": "LOMA BONITA", "MONTO ASIGNADO (PESOS)": 411264, "LATITUD": 17.397945, "LONGITUD": -98.729847 }, "geometry": { "type": "Point", "coordinates": [ -98.729847, 17.397945 ] } },
{ "type": "Feature", "properties": { "NO": 604, "ENTIDAD": "GUERRERO", "MUNICIPIO": "Copanatoyac", "PUEBLO INDIGENA O AFROMEXICANO": "MIXTECO", "LOCALIDAD": "OCOAPA", "CLAVE LOC": 120200007, "TIPO DE ASENTAMIENTO": "COMUNIDAD INDIGENA", "NOMBRE": "OCOAPA", "MONTO ASIGNADO (PESOS)": 1626058, "LATITUD": 17.384547, "LONGITUD": -98.676922 }, "geometry": { "type": "Point", "coordinates": [ -98.676922, 17.384547 ] } },
{ "type": "Feature", "properties": { "NO": 605, "ENTIDAD": "GUERRERO", "MUNICIPIO": "Copanatoyac", "PUEBLO INDIGENA O AFROMEXICANO": "MIXTECO", "LOCALIDAD": "OCOTEPEC", "CLAVE LOC": 120200005, "TIPO DE ASENTAMIENTO": "COMUNIDAD INDIGENA", "NOMBRE": "OCOTEPEC", "MONTO ASIGNADO (PESOS)": 1098433, "LATITUD": 17.423139, "LONGITUD": -98.657536 }, "geometry": { "type": "Point", "coordinates": [ -98.657536, 17.423139 ] } },
{ "type": "Feature", "properties": { "NO": 606, "ENTIDAD": "GUERRERO", "MUNICIPIO": "Copanatoyac", "PUEBLO INDIGENA O AFROMEXICANO": "NAHUA", "LOCALIDAD": "OCOTEQUILA", "CLAVE LOC": 120200006, "TIPO DE ASENTAMIENTO": "COMUNIDAD INDIGENA", "NOMBRE": "OCOTEQUILA", "MONTO ASIGNADO (PESOS)": 2804105, "LATITUD": 17.449603, "LONGITUD": -98.677703 }, "geometry": { "type": "Point", "coordinates": [ -98.677703, 17.449603 ] } },
{ "type": "Feature", "properties": { "NO": 607, "ENTIDAD": "GUERRERO", "MUNICIPIO": "Copanatoyac", "PUEBLO INDIGENA O AFROMEXICANO": "MIXTECO", "LOCALIDAD": "OCOTILLO", "CLAVE LOC": 120200017, "TIPO DE ASENTAMIENTO": "COMUNIDAD INDIGENA", "NOMBRE": "OCOTILLO", "MONTO ASIGNADO (PESOS)": 167552, "LATITUD": 17.417694, "LONGITUD": -98.676837 }, "geometry": { "type": "Point", "coordinates": [ -98.676837, 17.417694 ] } },
{ "type": "Feature", "properties": { "NO": 608, "ENTIDAD": "GUERRERO", "MUNICIPIO": "Copanatoyac", "PUEBLO INDIGENA O AFROMEXICANO": "NAHUA", "LOCALIDAD": "OZTOCINGO", "CLAVE LOC": 120200008, "TIPO DE ASENTAMIENTO": "COMUNIDAD INDIGENA", "NOMBRE": "OZTOCINGO", "MONTO ASIGNADO (PESOS)": 664240, "LATITUD": 17.488643, "LONGITUD": -98.680685 }, "geometry": { "type": "Point", "coordinates": [ -98.680685, 17.488643 ] } },
{ "type": "Feature", "properties": { "NO": 609, "ENTIDAD": "GUERRERO", "MUNICIPIO": "Copanatoyac", "PUEBLO INDIGENA O AFROMEXICANO": "NAHUA", "LOCALIDAD": "PATLICHA", "CLAVE LOC": 120200009, "TIPO DE ASENTAMIENTO": "COMUNIDAD INDIGENA", "NOMBRE": "PATLICHA", "MONTO ASIGNADO (PESOS)": 1604702, "LATITUD": 17.439329, "LONGITUD": -98.72146 }, "geometry": { "type": "Point", "coordinates": [ -98.72146, 17.439329 ] } },
{ "type": "Feature", "properties": { "NO": 610, "ENTIDAD": "GUERRERO", "MUNICIPIO": "Copanatoyac", "PUEBLO INDIGENA O AFROMEXICANO": "MIXTECO", "LOCALIDAD": "PLANDESANJUAN", "CLAVE LOC": 120200061, "TIPO DE ASENTAMIENTO": "COMUNIDAD INDIGENA", "NOMBRE": "PLAN DE SAN JUAN", "MONTO ASIGNADO (PESOS)": 206496, "LATITUD": 17.40976, "LONGITUD": -98.72648 }, "geometry": { "type": "Point", "coordinates": [ -98.72648, 17.40976 ] } },
{ "type": "Feature", "properties": { "NO": 611, "ENTIDAD": "GUERRERO", "MUNICIPIO": "Copanatoyac", "PUEBLO INDIGENA O AFROMEXICANO": "MIXTECO", "LOCALIDAD": "PLANDESANMIGUEL", "CLAVE LOC": 120200019, "TIPO DE ASENTAMIENTO": "COMUNIDAD INDIGENA", "NOMBRE": "PLAN DE SAN MIGUEL", "MONTO ASIGNADO (PESOS)": 397446, "LATITUD": 17.35518, "LONGITUD": -98.627239 }, "geometry": { "type": "Point", "coordinates": [ -98.627239, 17.35518 ] } },
{ "type": "Feature", "properties": { "NO": 612, "ENTIDAD": "GUERRERO", "MUNICIPIO": "Copanatoyac", "PUEBLO INDIGENA O AFROMEXICANO": "MIXTECO", "LOCALIDAD": "PLANLAGUNILLA", "CLAVE LOC": 120200047, "TIPO DE ASENTAMIENTO": "COMUNIDAD INDIGENA", "NOMBRE": "PLAN LAGUNILLA", "MONTO ASIGNADO (PESOS)": 386139, "LATITUD": 17.42917, "LONGITUD": -98.714321 }, "geometry": { "type": "Point", "coordinates": [ -98.714321, 17.42917 ] } },
{ "type": "Feature", "properties": { "NO": 613, "ENTIDAD": "GUERRERO", "MUNICIPIO": "Copanatoyac", "PUEBLO INDIGENA O AFROMEXICANO": "MIXTECO", "LOCALIDAD": "POTOICHAN", "CLAVE LOC": 120200010, "TIPO DE ASENTAMIENTO": "COMUNIDAD INDIGENA", "NOMBRE": "POTOICHÁN", "MONTO ASIGNADO (PESOS)": 699808, "LATITUD": 17.42414, "LONGITUD": -98.719661 }, "geometry": { "type": "Point", "coordinates": [ -98.719661, 17.42414 ] } },
{ "type": "Feature", "properties": { "NO": 614, "ENTIDAD": "GUERRERO", "MUNICIPIO": "Copanatoyac", "PUEBLO INDIGENA O AFROMEXICANO": "MIXTECO", "LOCALIDAD": "QUIAHUILTEPEC", "CLAVE LOC": 120200011, "TIPO DE ASENTAMIENTO": "COMUNIDAD INDIGENA", "NOMBRE": "QUIAHUILTEPEC", "MONTO ASIGNADO (PESOS)": 496689, "LATITUD": 17.406808, "LONGITUD": -98.738715 }, "geometry": { "type": "Point", "coordinates": [ -98.738715, 17.406808 ] } },
{ "type": "Feature", "properties": { "NO": 615, "ENTIDAD": "GUERRERO", "MUNICIPIO": "Copanatoyac", "PUEBLO INDIGENA O AFROMEXICANO": "MIXTECO", "LOCALIDAD": "RANCHOESCONDIDO", "CLAVE LOC": 120200028, "TIPO DE ASENTAMIENTO": "LOCALIDAD CON POBLACION\nINDIGENA", "NOMBRE": "RANCHO ESCONDIDO", "MONTO ASIGNADO (PESOS)": 487896, "LATITUD": 17.43858, "LONGITUD": -98.713799 }, "geometry": { "type": "Point", "coordinates": [ -98.713799, 17.43858 ] } },
{ "type": "Feature", "properties": { "NO": 616, "ENTIDAD": "GUERRERO", "MUNICIPIO": "Copanatoyac", "PUEBLO INDIGENA O AFROMEXICANO": "MIXTECO", "LOCALIDAD": "SANVICENTEAMOLE", "CLAVE LOC": 120200012, "TIPO DE ASENTAMIENTO": "COMUNIDAD INDIGENA", "NOMBRE": "SAN VICENTE AMOLE", "MONTO ASIGNADO (PESOS)": 965270, "LATITUD": 17.350327, "LONGITUD": -98.709601 }, "geometry": { "type": "Point", "coordinates": [ -98.709601, 17.350327 ] } },
{ "type": "Feature", "properties": { "NO": 617, "ENTIDAD": "GUERRERO", "MUNICIPIO": "Copanatoyac", "PUEBLO INDIGENA O AFROMEXICANO": "MIXTECO", "LOCALIDAD": "SANTAANITA", "CLAVE LOC": 120200063, "TIPO DE ASENTAMIENTO": "COMUNIDAD INDIGENA", "NOMBRE": "SANTA ANITA", "MONTO ASIGNADO (PESOS)": 1798164, "LATITUD": 17.425817, "LONGITUD": -98.718995 }, "geometry": { "type": "Point", "coordinates": [ -98.718995, 17.425817 ] } },
{ "type": "Feature", "properties": { "NO": 618, "ENTIDAD": "GUERRERO", "MUNICIPIO": "Copanatoyac", "PUEBLO INDIGENA O AFROMEXICANO": "MIXTECO", "LOCALIDAD": "SANTACRUZ", "CLAVE LOC": 120200029, "TIPO DE ASENTAMIENTO": "COMUNIDAD INDIGENA", "NOMBRE": "SANTA CRUZ", "MONTO ASIGNADO (PESOS)": 701458, "LATITUD": 17.421105, "LONGITUD": -98.631839 }, "geometry": { "type": "Point", "coordinates": [ -98.631839, 17.421105 ] } },
{ "type": "Feature", "properties": { "NO": 619, "ENTIDAD": "GUERRERO", "MUNICIPIO": "Copanatoyac", "PUEBLO INDIGENA O AFROMEXICANO": "MIXTECO", "LOCALIDAD": "TENEXCALCINGO", "CLAVE LOC": 120200013, "TIPO DE ASENTAMIENTO": "COMUNIDAD INDIGENA", "NOMBRE": "TENEXCALCINGO", "MONTO ASIGNADO (PESOS)": 647439, "LATITUD": 17.341353, "LONGITUD": -98.62486 }, "geometry": { "type": "Point", "coordinates": [ -98.62486, 17.341353 ] } },
{ "type": "Feature", "properties": { "NO": 620, "ENTIDAD": "GUERRERO", "MUNICIPIO": "Copanatoyac", "PUEBLO INDIGENA O AFROMEXICANO": "MIXTECO", "LOCALIDAD": "TIERRACOLORADA", "CLAVE LOC": 120200049, "TIPO DE ASENTAMIENTO": "LOCALIDAD CON POBLACION\nINDIGENA", "NOMBRE": "TIERRA COLORADA", "MONTO ASIGNADO (PESOS)": 162527, "LATITUD": 17.431352, "LONGITUD": -98.715932 }, "geometry": { "type": "Point", "coordinates": [ -98.715932, 17.431352 ] } },
{ "type": "Feature", "properties": { "NO": 621, "ENTIDAD": "GUERRERO", "MUNICIPIO": "Copanatoyac", "PUEBLO INDIGENA O AFROMEXICANO": "MIXTECO", "LOCALIDAD": "TLACOTEPEC", "CLAVE LOC": 120200014, "TIPO DE ASENTAMIENTO": "COMUNIDAD INDIGENA", "NOMBRE": "TLACOTEPEC", "MONTO ASIGNADO (PESOS)": 427596, "LATITUD": 17.371961, "LONGITUD": -98.654906 }, "geometry": { "type": "Point", "coordinates": [ -98.654906, 17.371961 ] } },
{ "type": "Feature", "properties": { "NO": 622, "ENTIDAD": "GUERRERO", "MUNICIPIO": "Copanatoyac", "PUEBLO INDIGENA O AFROMEXICANO": "NAHUA", "LOCALIDAD": "TLALQUETZALAPA", "CLAVE LOC": 120200015, "TIPO DE ASENTAMIENTO": "COMUNIDAD INDIGENA", "NOMBRE": "TLALQUETZALAPA", "MONTO ASIGNADO (PESOS)": 930193, "LATITUD": 17.500088, "LONGITUD": -98.7221 }, "geometry": { "type": "Point", "coordinates": [ -98.7221, 17.500088 ] } },
{ "type": "Feature", "properties": { "NO": 623, "ENTIDAD": "GUERRERO", "MUNICIPIO": "Copanatoyac", "PUEBLO INDIGENA O AFROMEXICANO": "MIXTECO", "LOCALIDAD": "TOTOHUEHUETLAN", "CLAVE LOC": 120200020, "TIPO DE ASENTAMIENTO": "COMUNIDAD INDIGENA", "NOMBRE": "TOTOHUEHUETLÁN", "MONTO ASIGNADO (PESOS)": 513021, "LATITUD": 17.421366, "LONGITUD": -98.732252 }, "geometry": { "type": "Point", "coordinates": [ -98.732252, 17.421366 ] } },
{ "type": "Feature", "properties": { "NO": 624, "ENTIDAD": "GUERRERO", "MUNICIPIO": "Copanatoyac", "PUEBLO INDIGENA O AFROMEXICANO": "MIXTECO", "LOCALIDAD": "XALTEMETH", "CLAVE LOC": 120200042, "TIPO DE ASENTAMIENTO": "LOCALIDAD CON POBLACION\nINDIGENA", "NOMBRE": "XALTEMETH", "MONTO ASIGNADO (PESOS)": 151221, "LATITUD": 17.399849, "LONGITUD": -98.661928 }, "geometry": { "type": "Point", "coordinates": [ -98.661928, 17.399849 ] } },
{ "type": "Feature", "properties": { "NO": 625, "ENTIDAD": "GUERRERO", "MUNICIPIO": "Copanatoyac", "PUEBLO INDIGENA O AFROMEXICANO": "MIXTECO", "LOCALIDAD": "XITOMATLA", "CLAVE LOC": 120200030, "TIPO DE ASENTAMIENTO": "COMUNIDAD INDIGENA", "NOMBRE": "XITOMATLA", "MONTO ASIGNADO (PESOS)": 261771, "LATITUD": 17.473722, "LONGITUD": -98.698389 }, "geometry": { "type": "Point", "coordinates": [ -98.698389, 17.473722 ] } },
{ "type": "Feature", "properties": { "NO": 626, "ENTIDAD": "GUERRERO", "MUNICIPIO": "Copanatoyac", "PUEBLO INDIGENA O AFROMEXICANO": "NAHUA", "LOCALIDAD": "YELOTEPEC", "CLAVE LOC": 120200016, "TIPO DE ASENTAMIENTO": "COMUNIDAD INDIGENA", "NOMBRE": "YELOTEPEC", "MONTO ASIGNADO (PESOS)": 313277, "LATITUD": 17.465696, "LONGITUD": -98.740973 }, "geometry": { "type": "Point", "coordinates": [ -98.740973, 17.465696 ] } },
{ "type": "Feature", "properties": { "NO": 627, "ENTIDAD": "GUERRERO", "MUNICIPIO": "Copanatoyac", "PUEBLO INDIGENA O AFROMEXICANO": "NAHUA", "LOCALIDAD": "ZACAIXTLAHUACAN", "CLAVE LOC": 120200031, "TIPO DE ASENTAMIENTO": "COMUNIDAD INDIGENA", "NOMBRE": "ZACAIXTLAHUACÁN", "MONTO ASIGNADO (PESOS)": 450208, "LATITUD": 17.501329, "LONGITUD": -98.780579 }, "geometry": { "type": "Point", "coordinates": [ -98.780579, 17.501329 ] } },
{ "type": "Feature", "properties": { "NO": 628, "ENTIDAD": "GUERRERO", "MUNICIPIO": "Copanatoyac", "PUEBLO INDIGENA O AFROMEXICANO": "MIXTECO", "LOCALIDAD": "ZACAZONAPA", "CLAVE LOC": 120200040, "TIPO DE ASENTAMIENTO": "COMUNIDAD INDIGENA", "NOMBRE": "ZACAZONAPA", "MONTO ASIGNADO (PESOS)": 312021, "LATITUD": 17.487756, "LONGITUD": -98.713131 }, "geometry": { "type": "Point", "coordinates": [ -98.713131, 17.487756 ] } },
{ "type": "Feature", "properties": { "NO": 629, "ENTIDAD": "GUERRERO", "MUNICIPIO": "Copanatoyac", "PUEBLO INDIGENA O AFROMEXICANO": "MIXTECO", "LOCALIDAD": "(SINNOMBRE)", "CLAVE LOC": 120200000, "TIPO DE ASENTAMIENTO": "COMUNIDAD INDIGENA", "NOMBRE": "ZACAZONAPA", "MONTO ASIGNADO (PESOS)": 84639, "LATITUD": 17.487756, "LONGITUD": -98.713131 }, "geometry": { "type": "Point", "coordinates": [ -98.713131, 17.487756 ] } },
{ "type": "Feature", "properties": { "NO": 630, "ENTIDAD": "GUERRERO", "MUNICIPIO": "Coyuca de Benítez", "PUEBLO INDIGENA O AFROMEXICANO": "AFROMEXICANO", "LOCALIDAD": "BARRIONUEVO", "CLAVE LOC": 120210223, "TIPO DE ASENTAMIENTO": "COMUNIDAD AFROMEXICANA", "NOMBRE": "BARRIO NUEVO", "MONTO ASIGNADO (PESOS)": 352209, "LATITUD": 16.988412, "LONGITUD": -100.125761 }, "geometry": { "type": "Point", "coordinates": [ -100.125761, 16.988412 ] } },
{ "type": "Feature", "properties": { "NO": 631, "ENTIDAD": "GUERRERO", "MUNICIPIO": "Coyuca de Benítez", "PUEBLO INDIGENA O AFROMEXICANO": "ME’PHAA\n(TLAPANECO)", "LOCALIDAD": "ELPORVENIR", "CLAVE LOC": 120210044, "TIPO DE ASENTAMIENTO": "COMUNIDAD INDIGENA", "NOMBRE": "EL PORVENIR", "MONTO ASIGNADO (PESOS)": 241463, "LATITUD": 17.066719, "LONGITUD": -100.301648 }, "geometry": { "type": "Point", "coordinates": [ -100.301648, 17.066719 ] } },
{ "type": "Feature", "properties": { "NO": 632, "ENTIDAD": "GUERRERO", "MUNICIPIO": "Coyuca de Benítez", "PUEBLO INDIGENA O AFROMEXICANO": "ME’PHAA\n(TLAPANECO)", "LOCALIDAD": "LASPULGAS", "CLAVE LOC": 120210136, "TIPO DE ASENTAMIENTO": "LOCALIDAD CON POBLACION\nINDIGENA", "NOMBRE": "LAS PULGAS", "MONTO ASIGNADO (PESOS)": 241463, "LATITUD": 17.11312, "LONGITUD": -100.081789 }, "geometry": { "type": "Point", "coordinates": [ -100.081789, 17.11312 ] } },
{ "type": "Feature", "properties": { "NO": 633, "ENTIDAD": "GUERRERO", "MUNICIPIO": "Coyuca de Benítez", "PUEBLO INDIGENA O AFROMEXICANO": "AFROMEXICANO", "LOCALIDAD": "OCOTILLO", "CLAVE LOC": 120210037, "TIPO DE ASENTAMIENTO": "COMUNIDAD AFROMEXICANA", "NOMBRE": "OCOTILLO", "MONTO ASIGNADO (PESOS)": 1026389, "LATITUD": 17.036211, "LONGITUD": -99.878575 }, "geometry": { "type": "Point", "coordinates": [ -99.878575, 17.036211 ] } },
{ "type": "Feature", "properties": { "NO": 634, "ENTIDAD": "GUERRERO", "MUNICIPIO": "Coyuca de Benítez", "PUEBLO INDIGENA O AFROMEXICANO": "AFROMEXICANO", "LOCALIDAD": "YETLA", "CLAVE LOC": 120210066, "TIPO DE ASENTAMIENTO": "COMUNIDAD AFROMEXICANA", "NOMBRE": "YETLA", "MONTO ASIGNADO (PESOS)": 1150069, "LATITUD": 16.992168, "LONGITUD": -100.003349 }, "geometry": { "type": "Point", "coordinates": [ -100.003349, 16.992168 ] } },
{ "type": "Feature", "properties": { "NO": 635, "ENTIDAD": "GUERRERO", "MUNICIPIO": "Coyuca de Benítez", "PUEBLO INDIGENA O AFROMEXICANO": "AFROMEXICANO", "LOCALIDAD": "(SINNOMBRE)", "CLAVE LOC": 120210000, "TIPO DE ASENTAMIENTO": "COMUNIDAD AFROMEXICANA", "NOMBRE": "YETLA", "MONTO ASIGNADO (PESOS)": 84639, "LATITUD": 16.992168, "LONGITUD": -100.003349 }, "geometry": { "type": "Point", "coordinates": [ -100.003349, 16.992168 ] } },
{ "type": "Feature", "properties": { "NO": 636, "ENTIDAD": "GUERRERO", "MUNICIPIO": "Cuajinicuilapa", "PUEBLO INDIGENA O AFROMEXICANO": "AFROMEXICANO", "LOCALIDAD": "ALTOSDEBARAÑA", "CLAVE LOC": 120230002, "TIPO DE ASENTAMIENTO": "COMUNIDAD AFROMEXICANA", "NOMBRE": "ALTOS DE BARAÑA", "MONTO ASIGNADO (PESOS)": 132333, "LATITUD": 16.481401, "LONGITUD": -98.592146 }, "geometry": { "type": "Point", "coordinates": [ -98.592146, 16.481401 ] } },
{ "type": "Feature", "properties": { "NO": 637, "ENTIDAD": "GUERRERO", "MUNICIPIO": "Cuajinicuilapa", "PUEBLO INDIGENA O AFROMEXICANO": "AFROMEXICANO", "LOCALIDAD": "BARAJILLAS(BARAJILLA)", "CLAVE LOC": 120230003, "TIPO DE ASENTAMIENTO": "COMUNIDAD AFROMEXICANA", "NOMBRE": "BARAJILLAS (BARAJILLA)", "MONTO ASIGNADO (PESOS)": 745885, "LATITUD": 16.508897, "LONGITUD": -98.463582 }, "geometry": { "type": "Point", "coordinates": [ -98.463582, 16.508897 ] } },
{ "type": "Feature", "properties": { "NO": 638, "ENTIDAD": "GUERRERO", "MUNICIPIO": "Cuajinicuilapa", "PUEBLO INDIGENA O AFROMEXICANO": "AFROMEXICANO", "LOCALIDAD": "BUENOSAIRES", "CLAVE LOC": 120230005, "TIPO DE ASENTAMIENTO": "COMUNIDAD AFROMEXICANA", "NOMBRE": "BUENOS AIRES", "MONTO ASIGNADO (PESOS)": 306132, "LATITUD": 16.48399, "LONGITUD": -98.645459 }, "geometry": { "type": "Point", "coordinates": [ -98.645459, 16.48399 ] } },
{ "type": "Feature", "properties": { "NO": 639, "ENTIDAD": "GUERRERO", "MUNICIPIO": "Cuajinicuilapa", "PUEBLO INDIGENA O AFROMEXICANO": "AFROMEXICANO", "LOCALIDAD": "CALZADA(LACALZADA)", "CLAVE LOC": 120230062, "TIPO DE ASENTAMIENTO": "COMUNIDAD AFROMEXICANA", "NOMBRE": "CALZADA (LA CALZADA)", "MONTO ASIGNADO (PESOS)": 118558, "LATITUD": 16.554096, "LONGITUD": -98.475483 }, "geometry": { "type": "Point", "coordinates": [ -98.475483, 16.554096 ] } },
{ "type": "Feature", "properties": { "NO": 640, "ENTIDAD": "GUERRERO", "MUNICIPIO": "Cuajinicuilapa", "PUEBLO INDIGENA O AFROMEXICANO": "AFROMEXICANO", "LOCALIDAD": "CERRODELASTABLAS", "CLAVE LOC": 120230008, "TIPO DE ASENTAMIENTO": "COMUNIDAD AFROMEXICANA", "NOMBRE": "CERRO DE LAS TABLAS", "MONTO ASIGNADO (PESOS)": 294815, "LATITUD": 16.575976, "LONGITUD": -98.491802 }, "geometry": { "type": "Point", "coordinates": [ -98.491802, 16.575976 ] } },
{ "type": "Feature", "properties": { "NO": 641, "ENTIDAD": "GUERRERO", "MUNICIPIO": "Cuajinicuilapa", "PUEBLO INDIGENA O AFROMEXICANO": "AFROMEXICANO", "LOCALIDAD": "CERRODELINDIO(ELINDIO)", "CLAVE LOC": 120230009, "TIPO DE ASENTAMIENTO": "COMUNIDAD AFROMEXICANA", "NOMBRE": "CERRO DEL INDIO (EL INDIO)", "MONTO ASIGNADO (PESOS)": 606845, "LATITUD": 16.531646, "LONGITUD": -98.488757 }, "geometry": { "type": "Point", "coordinates": [ -98.488757, 16.531646 ] } },
{ "type": "Feature", "properties": { "NO": 642, "ENTIDAD": "GUERRERO", "MUNICIPIO": "Cuajinicuilapa", "PUEBLO INDIGENA O AFROMEXICANO": "AFROMEXICANO", "LOCALIDAD": "COLONIAMIGUELALEMANVALDEZ", "CLAVE LOC": 120230019, "TIPO DE ASENTAMIENTO": "COMUNIDAD AFROMEXICANA", "NOMBRE": "COLONIA MIGUEL ALEMÁN VALDEZ", "MONTO ASIGNADO (PESOS)": 698191, "LATITUD": 16.534856, "LONGITUD": -98.526637 }, "geometry": { "type": "Point", "coordinates": [ -98.526637, 16.534856 ] } },
{ "type": "Feature", "properties": { "NO": 643, "ENTIDAD": "GUERRERO", "MUNICIPIO": "Cuajinicuilapa", "PUEBLO INDIGENA O AFROMEXICANO": "AFROMEXICANO", "LOCALIDAD": "COLONIASANJOSE", "CLAVE LOC": 120230025, "TIPO DE ASENTAMIENTO": "COMUNIDAD AFROMEXICANA", "NOMBRE": "COLONIA SAN JOSÉ", "MONTO ASIGNADO (PESOS)": 154159, "LATITUD": 16.448821, "LONGITUD": -98.614974 }, "geometry": { "type": "Point", "coordinates": [ -98.614974, 16.448821 ] } },
{ "type": "Feature", "properties": { "NO": 644, "ENTIDAD": "GUERRERO", "MUNICIPIO": "Cuajinicuilapa", "PUEBLO INDIGENA O AFROMEXICANO": "AFROMEXICANO", "LOCALIDAD": "COMALTEPEC(COMAL)", "CLAVE LOC": 120230011, "TIPO DE ASENTAMIENTO": "COMUNIDAD AFROMEXICANA", "NOMBRE": "COMALTEPEC (COMAL)", "MONTO ASIGNADO (PESOS)": 606037, "LATITUD": 16.579612, "LONGITUD": -98.470781 }, "geometry": { "type": "Point", "coordinates": [ -98.470781, 16.579612 ] } },
{ "type": "Feature", "properties": { "NO": 645, "ENTIDAD": "GUERRERO", "MUNICIPIO": "Cuajinicuilapa", "PUEBLO INDIGENA O AFROMEXICANO": "AFROMEXICANO", "LOCALIDAD": "CUAJINICUILAPA", "CLAVE LOC": 120230001, "TIPO DE ASENTAMIENTO": "COMUNIDAD AFROMEXICANA", "NOMBRE": "CUAJINICUILAPA", "MONTO ASIGNADO (PESOS)": 1104800, "LATITUD": 16.471985, "LONGITUD": -98.416744 }, "geometry": { "type": "Point", "coordinates": [ -98.416744, 16.471985 ] } },
{ "type": "Feature", "properties": { "NO": 646, "ENTIDAD": "GUERRERO", "MUNICIPIO": "Cuajinicuilapa", "PUEBLO INDIGENA O AFROMEXICANO": "AFROMEXICANO", "LOCALIDAD": "ELCUIJI(ELCUIJE)", "CLAVE LOC": 120230012, "TIPO DE ASENTAMIENTO": "COMUNIDAD AFROMEXICANA", "NOMBRE": "EL CUIJI (EL CUIJE)", "MONTO ASIGNADO (PESOS)": 266522, "LATITUD": 16.57651, "LONGITUD": -98.462971 }, "geometry": { "type": "Point", "coordinates": [ -98.462971, 16.57651 ] } },
{ "type": "Feature", "properties": { "NO": 647, "ENTIDAD": "GUERRERO", "MUNICIPIO": "Cuajinicuilapa", "PUEBLO INDIGENA O AFROMEXICANO": "AFROMEXICANO", "LOCALIDAD": "ELQUIZA", "CLAVE LOC": 120230023, "TIPO DE ASENTAMIENTO": "COMUNIDAD AFROMEXICANA", "NOMBRE": "EL QUIZÁ", "MONTO ASIGNADO (PESOS)": 586636, "LATITUD": 16.52235, "LONGITUD": -98.405338 }, "geometry": { "type": "Point", "coordinates": [ -98.405338, 16.52235 ] } },
{ "type": "Feature", "properties": { "NO": 648, "ENTIDAD": "GUERRERO", "MUNICIPIO": "Cuajinicuilapa", "PUEBLO INDIGENA O AFROMEXICANO": "AFROMEXICANO", "LOCALIDAD": "ELTERRERO", "CLAVE LOC": 120230030, "TIPO DE ASENTAMIENTO": "COMUNIDAD AFROMEXICANA", "NOMBRE": "EL TERRERO", "MONTO ASIGNADO (PESOS)": 637563, "LATITUD": 16.561835, "LONGITUD": -98.439068 }, "geometry": { "type": "Point", "coordinates": [ -98.439068, 16.561835 ] } },
{ "type": "Feature", "properties": { "NO": 649, "ENTIDAD": "GUERRERO", "MUNICIPIO": "Cuajinicuilapa", "PUEBLO INDIGENA O AFROMEXICANO": "AFROMEXICANO", "LOCALIDAD": "ELVAIVEN", "CLAVE LOC": 120230065, "TIPO DE ASENTAMIENTO": "COMUNIDAD AFROMEXICANA", "NOMBRE": "EL VAIVÉN", "MONTO ASIGNADO (PESOS)": 258439, "LATITUD": 16.502541, "LONGITUD": -98.659793 }, "geometry": { "type": "Point", "coordinates": [ -98.659793, 16.502541 ] } },
{ "type": "Feature", "properties": { "NO": 650, "ENTIDAD": "GUERRERO", "MUNICIPIO": "Cuajinicuilapa", "PUEBLO INDIGENA O AFROMEXICANO": "AFROMEXICANO", "LOCALIDAD": "MALDONADO", "CLAVE LOC": 120230018, "TIPO DE ASENTAMIENTO": "COMUNIDAD AFROMEXICANA", "NOMBRE": "MALDONADO", "MONTO ASIGNADO (PESOS)": 793579, "LATITUD": 16.483397, "LONGITUD": -98.608082 }, "geometry": { "type": "Point", "coordinates": [ -98.608082, 16.483397 ] } },
{ "type": "Feature", "properties": { "NO": 651, "ENTIDAD": "GUERRERO", "MUNICIPIO": "Cuajinicuilapa", "PUEBLO INDIGENA O AFROMEXICANO": "AFROMEXICANO", "LOCALIDAD": "MONTECILLOS", "CLAVE LOC": 120230020, "TIPO DE ASENTAMIENTO": "COMUNIDAD AFROMEXICANA", "NOMBRE": "MONTECILLOS", "MONTO ASIGNADO (PESOS)": 939893, "LATITUD": 16.390847, "LONGITUD": -98.497326 }, "geometry": { "type": "Point", "coordinates": [ -98.497326, 16.390847 ] } },
{ "type": "Feature", "properties": { "NO": 652, "ENTIDAD": "GUERRERO", "MUNICIPIO": "Cuajinicuilapa", "PUEBLO INDIGENA O AFROMEXICANO": "AFROMEXICANO", "LOCALIDAD": "RANCHODESANTIAGO(RANCHOSANTIAGO)", "CLAVE LOC": 120230027, "TIPO DE ASENTAMIENTO": "COMUNIDAD AFROMEXICANA", "NOMBRE": "RANCHO DE SANTIAGO (RANCHO SANTIAGO)", "MONTO ASIGNADO (PESOS)": 181371, "LATITUD": 16.512768, "LONGITUD": -98.390002 }, "geometry": { "type": "Point", "coordinates": [ -98.390002, 16.512768 ] } },
{ "type": "Feature", "properties": { "NO": 653, "ENTIDAD": "GUERRERO", "MUNICIPIO": "Cuajinicuilapa", "PUEBLO INDIGENA O AFROMEXICANO": "AFROMEXICANO", "LOCALIDAD": "TIERRACOLORADA", "CLAVE LOC": 120230031, "TIPO DE ASENTAMIENTO": "COMUNIDAD AFROMEXICANA", "NOMBRE": "TIERRA COLORADA", "MONTO ASIGNADO (PESOS)": 744268, "LATITUD": 16.446901, "LONGITUD": -98.643187 }, "geometry": { "type": "Point", "coordinates": [ -98.643187, 16.446901 ] } },
{ "type": "Feature", "properties": { "NO": 654, "ENTIDAD": "GUERRERO", "MUNICIPIO": "Cualác", "PUEBLO INDIGENA O AFROMEXICANO": "NAHUA", "LOCALIDAD": "AGUAXOTLA(PUEBLOVIEJO)", "CLAVE LOC": 120240016, "TIPO DE ASENTAMIENTO": "COMUNIDAD INDIGENA", "NOMBRE": "AGUAXOTLA (PUEBLO VIEJO)", "MONTO ASIGNADO (PESOS)": 247121, "LATITUD": 17.696508, "LONGITUD": -98.713915 }, "geometry": { "type": "Point", "coordinates": [ -98.713915, 17.696508 ] } },
{ "type": "Feature", "properties": { "NO": 655, "ENTIDAD": "GUERRERO", "MUNICIPIO": "Cualác", "PUEBLO INDIGENA O AFROMEXICANO": "NAHUA", "LOCALIDAD": "AHUEXITLAN", "CLAVE LOC": 120240020, "TIPO DE ASENTAMIENTO": "COMUNIDAD INDIGENA", "NOMBRE": "AHUEXITLÁN", "MONTO ASIGNADO (PESOS)": 200214, "LATITUD": 17.687896, "LONGITUD": -98.673793 }, "geometry": { "type": "Point", "coordinates": [ -98.673793, 17.687896 ] } },
{ "type": "Feature", "properties": { "NO": 656, "ENTIDAD": "GUERRERO", "MUNICIPIO": "Cualác", "PUEBLO INDIGENA O AFROMEXICANO": "NAHUA", "LOCALIDAD": "CHIAUCINGO(CHAPANCINGO)", "CLAVE LOC": 120240005, "TIPO DE ASENTAMIENTO": "COMUNIDAD INDIGENA", "NOMBRE": "CHIAUCINGO (CHAPANCINGO)", "MONTO ASIGNADO (PESOS)": 1237373, "LATITUD": 17.741222, "LONGITUD": -98.696924 }, "geometry": { "type": "Point", "coordinates": [ -98.696924, 17.741222 ] } },
{ "type": "Feature", "properties": { "NO": 657, "ENTIDAD": "GUERRERO", "MUNICIPIO": "Cualác", "PUEBLO INDIGENA O AFROMEXICANO": "NAHUA", "LOCALIDAD": "COATLACO", "CLAVE LOC": 120240003, "TIPO DE ASENTAMIENTO": "COMUNIDAD INDIGENA", "NOMBRE": "COATLACO", "MONTO ASIGNADO (PESOS)": 799237, "LATITUD": 17.700125, "LONGITUD": -98.639301 }, "geometry": { "type": "Point", "coordinates": [ -98.639301, 17.700125 ] } },
{ "type": "Feature", "properties": { "NO": 658, "ENTIDAD": "GUERRERO", "MUNICIPIO": "Cualác", "PUEBLO INDIGENA O AFROMEXICANO": "NAHUA", "LOCALIDAD": "CUATECONZINGO", "CLAVE LOC": 120240002, "TIPO DE ASENTAMIENTO": "COMUNIDAD INDIGENA", "NOMBRE": "CUATECONZINGO", "MONTO ASIGNADO (PESOS)": 171943, "LATITUD": 17.818934, "LONGITUD": -98.638157 }, "geometry": { "type": "Point", "coordinates": [ -98.638157, 17.818934 ] } },
{ "type": "Feature", "properties": { "NO": 659, "ENTIDAD": "GUERRERO", "MUNICIPIO": "Cualác", "PUEBLO INDIGENA O AFROMEXICANO": "NAHUA", "LOCALIDAD": "CUESCOMAPA", "CLAVE LOC": 120240014, "TIPO DE ASENTAMIENTO": "COMUNIDAD INDIGENA", "NOMBRE": "CUESCOMAPA", "MONTO ASIGNADO (PESOS)": 332121, "LATITUD": 17.629615, "LONGITUD": -98.729752 }, "geometry": { "type": "Point", "coordinates": [ -98.729752, 17.629615 ] } },
{ "type": "Feature", "properties": { "NO": 660, "ENTIDAD": "GUERRERO", "MUNICIPIO": "Cualác", "PUEBLO INDIGENA O AFROMEXICANO": "NAHUA", "LOCALIDAD": "ELCUAHULOTE", "CLAVE LOC": 120240004, "TIPO DE ASENTAMIENTO": "COMUNIDAD INDIGENA", "NOMBRE": "EL CUAHULOTE", "MONTO ASIGNADO (PESOS)": 369185, "LATITUD": 17.780103, "LONGITUD": -98.616952 }, "geometry": { "type": "Point", "coordinates": [ -98.616952, 17.780103 ] } },
{ "type": "Feature", "properties": { "NO": 661, "ENTIDAD": "GUERRERO", "MUNICIPIO": "Cualác", "PUEBLO INDIGENA O AFROMEXICANO": "NAHUA", "LOCALIDAD": "ELTEZOQUIO", "CLAVE LOC": 120240013, "TIPO DE ASENTAMIENTO": "COMUNIDAD INDIGENA", "NOMBRE": "EL TEZÓQUIO", "MONTO ASIGNADO (PESOS)": 392421, "LATITUD": 17.766048, "LONGITUD": -98.60634 }, "geometry": { "type": "Point", "coordinates": [ -98.60634, 17.766048 ] } },
{ "type": "Feature", "properties": { "NO": 662, "ENTIDAD": "GUERRERO", "MUNICIPIO": "Cualác", "PUEBLO INDIGENA O AFROMEXICANO": "NAHUA", "LOCALIDAD": "LASCRUCES", "CLAVE LOC": 120240027, "TIPO DE ASENTAMIENTO": "COMUNIDAD INDIGENA", "NOMBRE": "LAS CRUCES", "MONTO ASIGNADO (PESOS)": 114549, "LATITUD": 17.744986, "LONGITUD": -98.637729 }, "geometry": { "type": "Point", "coordinates": [ -98.637729, 17.744986 ] } },
{ "type": "Feature", "properties": { "NO": 663, "ENTIDAD": "GUERRERO", "MUNICIPIO": "Cualác", "PUEBLO INDIGENA O AFROMEXICANO": "NAHUA", "LOCALIDAD": "LOSPINOS", "CLAVE LOC": 120240052, "TIPO DE ASENTAMIENTO": "COMUNIDAD INDIGENA", "NOMBRE": "LOS PINOS", "MONTO ASIGNADO (PESOS)": 158758, "LATITUD": 17.636215, "LONGITUD": -98.726734 }, "geometry": { "type": "Point", "coordinates": [ -98.726734, 17.636215 ] } },
{ "type": "Feature", "properties": { "NO": 664, "ENTIDAD": "GUERRERO", "MUNICIPIO": "Cualác", "PUEBLO INDIGENA O AFROMEXICANO": "NAHUA", "LOCALIDAD": "NUEVOPARAISO", "CLAVE LOC": 120240021, "TIPO DE ASENTAMIENTO": "COMUNIDAD INDIGENA", "NOMBRE": "NUEVO PARAÍSO", "MONTO ASIGNADO (PESOS)": 276846, "LATITUD": 17.691071, "LONGITUD": -98.746736 }, "geometry": { "type": "Point", "coordinates": [ -98.746736, 17.691071 ] } },
{ "type": "Feature", "properties": { "NO": 665, "ENTIDAD": "GUERRERO", "MUNICIPIO": "Cualác", "PUEBLO INDIGENA O AFROMEXICANO": "NAHUA", "LOCALIDAD": "SANMARTINJOLALPAN", "CLAVE LOC": 120240006, "TIPO DE ASENTAMIENTO": "COMUNIDAD INDIGENA", "NOMBRE": "SAN MARTÍN JOLALPAN", "MONTO ASIGNADO (PESOS)": 599570, "LATITUD": 17.721635, "LONGITUD": -98.666226 }, "geometry": { "type": "Point", "coordinates": [ -98.666226, 17.721635 ] } },
{ "type": "Feature", "properties": { "NO": 666, "ENTIDAD": "GUERRERO", "MUNICIPIO": "Cualác", "PUEBLO INDIGENA O AFROMEXICANO": "NAHUA", "LOCALIDAD": "TECOJCOYUNCA", "CLAVE LOC": 120240007, "TIPO DE ASENTAMIENTO": "COMUNIDAD INDIGENA", "NOMBRE": "TECOJCOYUNCA", "MONTO ASIGNADO (PESOS)": 424154, "LATITUD": 17.788063, "LONGITUD": -98.630824 }, "geometry": { "type": "Point", "coordinates": [ -98.630824, 17.788063 ] } },
{ "type": "Feature", "properties": { "NO": 667, "ENTIDAD": "GUERRERO", "MUNICIPIO": "Cualác", "PUEBLO INDIGENA O AFROMEXICANO": "NAHUA", "LOCALIDAD": "TEPOTZCOCINGO", "CLAVE LOC": 120240023, "TIPO DE ASENTAMIENTO": "COMUNIDAD INDIGENA", "NOMBRE": "TEPOTZCOCINGO", "MONTO ASIGNADO (PESOS)": 137183, "LATITUD": 17.709038, "LONGITUD": -98.662578 }, "geometry": { "type": "Point", "coordinates": [ -98.662578, 17.709038 ] } },
{ "type": "Feature", "properties": { "NO": 668, "ENTIDAD": "GUERRERO", "MUNICIPIO": "Cualác", "PUEBLO INDIGENA O AFROMEXICANO": "NAHUA", "LOCALIDAD": "TLALAPA", "CLAVE LOC": 120240008, "TIPO DE ASENTAMIENTO": "COMUNIDAD INDIGENA", "NOMBRE": "TLALAPA", "MONTO ASIGNADO (PESOS)": 404753, "LATITUD": 17.70581, "LONGITUD": -98.666492 }, "geometry": { "type": "Point", "coordinates": [ -98.666492, 17.70581 ] } },
{ "type": "Feature", "properties": { "NO": 669, "ENTIDAD": "GUERRERO", "MUNICIPIO": "Cualác", "PUEBLO INDIGENA O AFROMEXICANO": "NAHUA", "LOCALIDAD": "TLALIXTLAHUAC", "CLAVE LOC": 120240009, "TIPO DE ASENTAMIENTO": "COMUNIDAD INDIGENA", "NOMBRE": "TLALIXTLÁHUAC", "MONTO ASIGNADO (PESOS)": 129100, "LATITUD": 17.718162, "LONGITUD": -98.645865 }, "geometry": { "type": "Point", "coordinates": [ -98.645865, 17.718162 ] } },
{ "type": "Feature", "properties": { "NO": 670, "ENTIDAD": "GUERRERO", "MUNICIPIO": "Cualác", "PUEBLO INDIGENA O AFROMEXICANO": "NAHUA", "LOCALIDAD": "XALMOLAPA", "CLAVE LOC": 120240010, "TIPO DE ASENTAMIENTO": "COMUNIDAD INDIGENA", "NOMBRE": "XALMOLAPA", "MONTO ASIGNADO (PESOS)": 246313, "LATITUD": 17.73973, "LONGITUD": -98.632168 }, "geometry": { "type": "Point", "coordinates": [ -98.632168, 17.73973 ] } },
{ "type": "Feature", "properties": { "NO": 671, "ENTIDAD": "GUERRERO", "MUNICIPIO": "Cualác", "PUEBLO INDIGENA O AFROMEXICANO": "NAHUA", "LOCALIDAD": "XONTECOMEJA", "CLAVE LOC": 120240053, "TIPO DE ASENTAMIENTO": "COMUNIDAD INDIGENA", "NOMBRE": "XONTECOMEJA", "MONTO ASIGNADO (PESOS)": 118558, "LATITUD": 17.676236, "LONGITUD": -98.736509 }, "geometry": { "type": "Point", "coordinates": [ -98.736509, 17.676236 ] } },
{ "type": "Feature", "properties": { "NO": 672, "ENTIDAD": "GUERRERO", "MUNICIPIO": "Cualác", "PUEBLO INDIGENA O AFROMEXICANO": "NAHUA", "LOCALIDAD": "ZOOTOLO", "CLAVE LOC": 120240012, "TIPO DE ASENTAMIENTO": "COMUNIDAD INDIGENA", "NOMBRE": "ZOOTOLO", "MONTO ASIGNADO (PESOS)": 154967, "LATITUD": 17.766366, "LONGITUD": -98.662706 }, "geometry": { "type": "Point", "coordinates": [ -98.662706, 17.766366 ] } },
{ "type": "Feature", "properties": { "NO": 673, "ENTIDAD": "GUERRERO", "MUNICIPIO": "Cuautepec", "PUEBLO INDIGENA O AFROMEXICANO": "MIXTECO", "LOCALIDAD": "COACOYULICHAN", "CLAVE LOC": 120250005, "TIPO DE ASENTAMIENTO": "COMUNIDAD INDIGENA", "NOMBRE": "COACOYULICHÁN", "MONTO ASIGNADO (PESOS)": 1562337, "LATITUD": 16.794579, "LONGITUD": -98.935103 }, "geometry": { "type": "Point", "coordinates": [ -98.935103, 16.794579 ] } },
{ "type": "Feature", "properties": { "NO": 674, "ENTIDAD": "GUERRERO", "MUNICIPIO": "Cuautepec", "PUEBLO INDIGENA O AFROMEXICANO": "MIXTECO", "LOCALIDAD": "ELCOQUILLO", "CLAVE LOC": 120250006, "TIPO DE ASENTAMIENTO": "COMUNIDAD INDIGENA", "NOMBRE": "EL COQUILLO", "MONTO ASIGNADO (PESOS)": 593912, "LATITUD": 16.726691, "LONGITUD": -98.931662 }, "geometry": { "type": "Point", "coordinates": [ -98.931662, 16.726691 ] } },
{ "type": "Feature", "properties": { "NO": 675, "ENTIDAD": "GUERRERO", "MUNICIPIO": "Cuautepec", "PUEBLO INDIGENA O AFROMEXICANO": "AFROMEXICANO", "LOCALIDAD": "ELLIBANO", "CLAVE LOC": 120250012, "TIPO DE ASENTAMIENTO": "COMUNIDAD AFROMEXICANA", "NOMBRE": "EL LÍBANO", "MONTO ASIGNADO (PESOS)": 397478, "LATITUD": 16.66228, "LONGITUD": -99.045427 }, "geometry": { "type": "Point", "coordinates": [ -99.045427, 16.66228 ] } },
{ "type": "Feature", "properties": { "NO": 676, "ENTIDAD": "GUERRERO", "MUNICIPIO": "Cuautepec", "PUEBLO INDIGENA O AFROMEXICANO": "MIXTECO", "LOCALIDAD": "ELLLANO", "CLAVE LOC": 120250015, "TIPO DE ASENTAMIENTO": "COMUNIDAD INDIGENA", "NOMBRE": "EL LLANO", "MONTO ASIGNADO (PESOS)": 922558, "LATITUD": 16.695682, "LONGITUD": -98.953157 }, "geometry": { "type": "Point", "coordinates": [ -98.953157, 16.695682 ] } },
{ "type": "Feature", "properties": { "NO": 677, "ENTIDAD": "GUERRERO", "MUNICIPIO": "Cuautepec", "PUEBLO INDIGENA O AFROMEXICANO": "AFROMEXICANO", "LOCALIDAD": "ELMAGUEY", "CLAVE LOC": 120250027, "TIPO DE ASENTAMIENTO": "COMUNIDAD AFROMEXICANA", "NOMBRE": "EL MAGUEY", "MONTO ASIGNADO (PESOS)": 219058, "LATITUD": 16.672471, "LONGITUD": -98.940965 }, "geometry": { "type": "Point", "coordinates": [ -98.940965, 16.672471 ] } },
{ "type": "Feature", "properties": { "NO": 678, "ENTIDAD": "GUERRERO", "MUNICIPIO": "Cuautepec", "PUEBLO INDIGENA O AFROMEXICANO": "NAHUA", "LOCALIDAD": "HUAMUCHITITAN(ELHUAMUCHITO)", "CLAVE LOC": 120250010, "TIPO DE ASENTAMIENTO": "COMUNIDAD INDIGENA", "NOMBRE": "HUAMUCHITITÁN (EL HUAMUCHITO)", "MONTO ASIGNADO (PESOS)": 838389, "LATITUD": 16.74618, "LONGITUD": -98.956177 }, "geometry": { "type": "Point", "coordinates": [ -98.956177, 16.74618 ] } },
{ "type": "Feature", "properties": { "NO": 679, "ENTIDAD": "GUERRERO", "MUNICIPIO": "Cuautepec", "PUEBLO INDIGENA O AFROMEXICANO": "AFROMEXICANO", "LOCALIDAD": "JALAPA", "CLAVE LOC": 120250011, "TIPO DE ASENTAMIENTO": "COMUNIDAD AFROMEXICANA", "NOMBRE": "JALAPA", "MONTO ASIGNADO (PESOS)": 1651258, "LATITUD": 16.713284, "LONGITUD": -99.055834 }, "geometry": { "type": "Point", "coordinates": [ -99.055834, 16.713284 ] } },
{ "type": "Feature", "properties": { "NO": 680, "ENTIDAD": "GUERRERO", "MUNICIPIO": "Cuautepec", "PUEBLO INDIGENA O AFROMEXICANO": "AFROMEXICANO", "LOCALIDAD": "LADICHA", "CLAVE LOC": 120250008, "TIPO DE ASENTAMIENTO": "COMUNIDAD AFROMEXICANA", "NOMBRE": "LA DICHA", "MONTO ASIGNADO (PESOS)": 1108842, "LATITUD": 16.76668, "LONGITUD": -99.011205 }, "geometry": { "type": "Point", "coordinates": [ -99.011205, 16.76668 ] } },
{ "type": "Feature", "properties": { "NO": 681, "ENTIDAD": "GUERRERO", "MUNICIPIO": "Cuautepec", "PUEBLO INDIGENA O AFROMEXICANO": "AFROMEXICANO", "LOCALIDAD": "LIMONGRANDE", "CLAVE LOC": 120250014, "TIPO DE ASENTAMIENTO": "COMUNIDAD AFROMEXICANA", "NOMBRE": "LIMÓN GRANDE", "MONTO ASIGNADO (PESOS)": 193769, "LATITUD": 16.726535, "LONGITUD": -98.954158 }, "geometry": { "type": "Point", "coordinates": [ -98.954158, 16.726535 ] } },
{ "type": "Feature", "properties": { "NO": 682, "ENTIDAD": "GUERRERO", "MUNICIPIO": "Cuautepec", "PUEBLO INDIGENA O AFROMEXICANO": "AFROMEXICANO", "LOCALIDAD": "PASOSALINAS", "CLAVE LOC": 120250026, "TIPO DE ASENTAMIENTO": "COMUNIDAD AFROMEXICANA", "NOMBRE": "PASO SALINAS", "MONTO ASIGNADO (PESOS)": 315789, "LATITUD": 16.665707, "LONGITUD": -98.933586 }, "geometry": { "type": "Point", "coordinates": [ -98.933586, 16.665707 ] } },
{ "type": "Feature", "properties": { "NO": 683, "ENTIDAD": "GUERRERO", "MUNICIPIO": "Cuautepec", "PUEBLO INDIGENA O AFROMEXICANO": "AFROMEXICANO", "LOCALIDAD": "SANAGUSTINCUILUTLA(CUILUTLA)", "CLAVE LOC": 120250007, "TIPO DE ASENTAMIENTO": "COMUNIDAD AFROMEXICANA", "NOMBRE": "SAN AGUSTÍN CUILUTLA (CUILUTLA)", "MONTO ASIGNADO (PESOS)": 1001329, "LATITUD": 16.74176, "LONGITUD": -98.918948 }, "geometry": { "type": "Point", "coordinates": [ -98.918948, 16.74176 ] } },
{ "type": "Feature", "properties": { "NO": 684, "ENTIDAD": "GUERRERO", "MUNICIPIO": "Cuautepec", "PUEBLO INDIGENA O AFROMEXICANO": "AFROMEXICANO", "LOCALIDAD": "SANJOSELASPALMAS(SANJOSE)", "CLAVE LOC": 120250022, "TIPO DE ASENTAMIENTO": "COMUNIDAD AFROMEXICANA", "NOMBRE": "SAN JOSÉ LAS PALMAS (SAN JOSÉ)", "MONTO ASIGNADO (PESOS)": 417687, "LATITUD": 16.667979, "LONGITUD": -99.060416 }, "geometry": { "type": "Point", "coordinates": [ -99.060416, 16.667979 ] } },
{ "type": "Feature", "properties": { "NO": 685, "ENTIDAD": "GUERRERO", "MUNICIPIO": "Cuautepec", "PUEBLO INDIGENA O AFROMEXICANO": "AFROMEXICANO", "LOCALIDAD": "SANTACLARA", "CLAVE LOC": 120250029, "TIPO DE ASENTAMIENTO": "COMUNIDAD AFROMEXICANA", "NOMBRE": "SANTA CLARA", "MONTO ASIGNADO (PESOS)": 279456, "LATITUD": 16.685044, "LONGITUD": -99.081373 }, "geometry": { "type": "Point", "coordinates": [ -99.081373, 16.685044 ] } },
{ "type": "Feature", "properties": { "NO": 686, "ENTIDAD": "GUERRERO", "MUNICIPIO": "Cuetzala del Progreso", "PUEBLO INDIGENA O AFROMEXICANO": "NAHUA", "LOCALIDAD": "CHILACACHAPA", "CLAVE LOC": 120260006, "TIPO DE ASENTAMIENTO": "COMUNIDAD INDIGENA", "NOMBRE": "CHILACACHAPA", "MONTO ASIGNADO (PESOS)": 2325789, "LATITUD": 18.273259, "LONGITUD": -99.76093 }, "geometry": { "type": "Point", "coordinates": [ -99.76093, 18.273259 ] } },
{ "type": "Feature", "properties": { "NO": 687, "ENTIDAD": "GUERRERO", "MUNICIPIO": "Eduardo Neri", "PUEBLO INDIGENA O AFROMEXICANO": "NAHUA", "LOCALIDAD": "AHUELICAN", "CLAVE LOC": 120750002, "TIPO DE ASENTAMIENTO": "COMUNIDAD INDIGENA", "NOMBRE": "AHUELICÁN", "MONTO ASIGNADO (PESOS)": 957733, "LATITUD": 18.024914, "LONGITUD": -99.475369 }, "geometry": { "type": "Point", "coordinates": [ -99.475369, 18.024914 ] } },
{ "type": "Feature", "properties": { "NO": 688, "ENTIDAD": "GUERRERO", "MUNICIPIO": "Eduardo Neri", "PUEBLO INDIGENA O AFROMEXICANO": "NAHUA", "LOCALIDAD": "AMEYALTEPEC", "CLAVE LOC": 120750004, "TIPO DE ASENTAMIENTO": "COMUNIDAD INDIGENA", "NOMBRE": "AMEYALTEPEC", "MONTO ASIGNADO (PESOS)": 1401189, "LATITUD": 17.96629, "LONGITUD": -99.508677 }, "geometry": { "type": "Point", "coordinates": [ -99.508677, 17.96629 ] } },
{ "type": "Feature", "properties": { "NO": 689, "ENTIDAD": "GUERRERO", "MUNICIPIO": "Eduardo Neri", "PUEBLO INDIGENA O AFROMEXICANO": "NAHUA", "LOCALIDAD": "AXAXACUALCO", "CLAVE LOC": 120750005, "TIPO DE ASENTAMIENTO": "COMUNIDAD INDIGENA", "NOMBRE": "AXAXACUALCO", "MONTO ASIGNADO (PESOS)": 1209080, "LATITUD": 17.803824, "LONGITUD": -99.461541 }, "geometry": { "type": "Point", "coordinates": [ -99.461541, 17.803824 ] } },
{ "type": "Feature", "properties": { "NO": 690, "ENTIDAD": "GUERRERO", "MUNICIPIO": "Eduardo Neri", "PUEBLO INDIGENA O AFROMEXICANO": "NAHUA", "LOCALIDAD": "HUITZILTEPEC", "CLAVE LOC": 120750008, "TIPO DE ASENTAMIENTO": "COMUNIDAD INDIGENA", "NOMBRE": "HUITZILTEPEC", "MONTO ASIGNADO (PESOS)": 5683744, "LATITUD": 17.755378, "LONGITUD": -99.479702 }, "geometry": { "type": "Point", "coordinates": [ -99.479702, 17.755378 ] } },
{ "type": "Feature", "properties": { "NO": 691, "ENTIDAD": "GUERRERO", "MUNICIPIO": "Eduardo Neri", "PUEBLO INDIGENA O AFROMEXICANO": "NAHUA", "LOCALIDAD": "TLANIPATLA", "CLAVE LOC": 120750021, "TIPO DE ASENTAMIENTO": "COMUNIDAD INDIGENA", "NOMBRE": "TLANIPATLA", "MONTO ASIGNADO (PESOS)": 1302851, "LATITUD": 17.806559, "LONGITUD": -99.451078 }, "geometry": { "type": "Point", "coordinates": [ -99.451078, 17.806559 ] } },
{ "type": "Feature", "properties": { "NO": 692, "ENTIDAD": "GUERRERO", "MUNICIPIO": "Eduardo Neri", "PUEBLO INDIGENA O AFROMEXICANO": "NAHUA", "LOCALIDAD": "VENTAVIEJA", "CLAVE LOC": 120750022, "TIPO DE ASENTAMIENTO": "COMUNIDAD INDIGENA", "NOMBRE": "VENTA VIEJA", "MONTO ASIGNADO (PESOS)": 165476, "LATITUD": 17.818738, "LONGITUD": -99.561763 }, "geometry": { "type": "Point", "coordinates": [ -99.561763, 17.818738 ] } },
{ "type": "Feature", "properties": { "NO": 693, "ENTIDAD": "GUERRERO", "MUNICIPIO": "Florencio Villarreal", "PUEBLO INDIGENA O AFROMEXICANO": "AFROMEXICANO", "LOCALIDAD": "ACAPULQUITO", "CLAVE LOC": 120300002, "TIPO DE ASENTAMIENTO": "COMUNIDAD AFROMEXICANA", "NOMBRE": "ACAPULQUITO", "MONTO ASIGNADO (PESOS)": 121071, "LATITUD": 16.685225, "LONGITUD": -99.17564 }, "geometry": { "type": "Point", "coordinates": [ -99.17564, 16.685225 ] } },
{ "type": "Feature", "properties": { "NO": 694, "ENTIDAD": "GUERRERO", "MUNICIPIO": "Florencio Villarreal", "PUEBLO INDIGENA O AFROMEXICANO": "AFROMEXICANO", "LOCALIDAD": "ARROYOSECO", "CLAVE LOC": 120300005, "TIPO DE ASENTAMIENTO": "COMUNIDAD AFROMEXICANA", "NOMBRE": "ARROYO SECO", "MONTO ASIGNADO (PESOS)": 289157, "LATITUD": 16.698209, "LONGITUD": -99.122858 }, "geometry": { "type": "Point", "coordinates": [ -99.122858, 16.698209 ] } },
{ "type": "Feature", "properties": { "NO": 695, "ENTIDAD": "GUERRERO", "MUNICIPIO": "Florencio Villarreal", "PUEBLO INDIGENA O AFROMEXICANO": "AFROMEXICANO", "LOCALIDAD": "BOCADELRIO", "CLAVE LOC": 120300006, "TIPO DE ASENTAMIENTO": "COMUNIDAD AFROMEXICANA", "NOMBRE": "BOCA DEL RÍO", "MONTO ASIGNADO (PESOS)": 455681, "LATITUD": 16.634156, "LONGITUD": -99.228599 }, "geometry": { "type": "Point", "coordinates": [ -99.228599, 16.634156 ] } },
{ "type": "Feature", "properties": { "NO": 696, "ENTIDAD": "GUERRERO", "MUNICIPIO": "Florencio Villarreal", "PUEBLO INDIGENA O AFROMEXICANO": "AFROMEXICANO", "LOCALIDAD": "CANTARRANAS", "CLAVE LOC": 120300007, "TIPO DE ASENTAMIENTO": "COMUNIDAD AFROMEXICANA", "NOMBRE": "CANTARRANAS", "MONTO ASIGNADO (PESOS)": 224487, "LATITUD": 16.701638, "LONGITUD": -99.110878 }, "geometry": { "type": "Point", "coordinates": [ -99.110878, 16.701638 ] } },
{ "type": "Feature", "properties": { "NO": 697, "ENTIDAD": "GUERRERO", "MUNICIPIO": "Florencio Villarreal", "PUEBLO INDIGENA O AFROMEXICANO": "AFROMEXICANO", "LOCALIDAD": "CHARCODELPOZO", "CLAVE LOC": 120300009, "TIPO DE ASENTAMIENTO": "COMUNIDAD AFROMEXICANA", "NOMBRE": "CHARCO DEL POZO", "MONTO ASIGNADO (PESOS)": 334425, "LATITUD": 16.68422, "LONGITUD": -99.135236 }, "geometry": { "type": "Point", "coordinates": [ -99.135236, 16.68422 ] } },
{ "type": "Feature", "properties": { "NO": 698, "ENTIDAD": "GUERRERO", "MUNICIPIO": "Florencio Villarreal", "PUEBLO INDIGENA O AFROMEXICANO": "AFROMEXICANO", "LOCALIDAD": "CHAUTENGO", "CLAVE LOC": 120300010, "TIPO DE ASENTAMIENTO": "COMUNIDAD AFROMEXICANA", "NOMBRE": "CHAUTENGO", "MONTO ASIGNADO (PESOS)": 686066, "LATITUD": 16.641579, "LONGITUD": -99.090983 }, "geometry": { "type": "Point", "coordinates": [ -99.090983, 16.641579 ] } },
{ "type": "Feature", "properties": { "NO": 699, "ENTIDAD": "GUERRERO", "MUNICIPIO": "Florencio Villarreal", "PUEBLO INDIGENA O AFROMEXICANO": "AFROMEXICANO", "LOCALIDAD": "COLONIAEMILIANOZAPATA(LOSPALMA)", "CLAVE LOC": 120300047, "TIPO DE ASENTAMIENTO": "COMUNIDAD AFROMEXICANA", "NOMBRE": "COLONIA EMILIANO ZAPATA (LOS PALMA)", "MONTO ASIGNADO (PESOS)": 135567, "LATITUD": 16.655044, "LONGITUD": -99.182379 }, "geometry": { "type": "Point", "coordinates": [ -99.182379, 16.655044 ] } },
{ "type": "Feature", "properties": { "NO": 700, "ENTIDAD": "GUERRERO", "MUNICIPIO": "Florencio Villarreal", "PUEBLO INDIGENA O AFROMEXICANO": "AFROMEXICANO", "LOCALIDAD": "CONCHA(LACONCHA)", "CLAVE LOC": 120300028, "TIPO DE ASENTAMIENTO": "COMUNIDAD AFROMEXICANA", "NOMBRE": "CONCHA (LA CONCHA)", "MONTO ASIGNADO (PESOS)": 125866, "LATITUD": 16.7354, "LONGITUD": -99.200451 }, "geometry": { "type": "Point", "coordinates": [ -99.200451, 16.7354 ] } },
{ "type": "Feature", "properties": { "NO": 701, "ENTIDAD": "GUERRERO", "MUNICIPIO": "Florencio Villarreal", "PUEBLO INDIGENA O AFROMEXICANO": "AFROMEXICANO", "LOCALIDAD": "CRUZGRANDE", "CLAVE LOC": 120300001, "TIPO DE ASENTAMIENTO": "COMUNIDAD AFROMEXICANA", "NOMBRE": "CRUZ GRANDE", "MONTO ASIGNADO (PESOS)": 115357, "LATITUD": 16.72388, "LONGITUD": -99.123787 }, "geometry": { "type": "Point", "coordinates": [ -99.123787, 16.72388 ] } },
{ "type": "Feature", "properties": { "NO": 702, "ENTIDAD": "GUERRERO", "MUNICIPIO": "Florencio Villarreal", "PUEBLO INDIGENA O AFROMEXICANO": "AFROMEXICANO", "LOCALIDAD": "CUATROBANCOS", "CLAVE LOC": 120300008, "TIPO DE ASENTAMIENTO": "COMUNIDAD AFROMEXICANA", "NOMBRE": "CUATRO BANCOS", "MONTO ASIGNADO (PESOS)": 720017, "LATITUD": 16.676178, "LONGITUD": -99.177588 }, "geometry": { "type": "Point", "coordinates": [ -99.177588, 16.676178 ] } },
{ "type": "Feature", "properties": { "NO": 703, "ENTIDAD": "GUERRERO", "MUNICIPIO": "Florencio Villarreal", "PUEBLO INDIGENA O AFROMEXICANO": "AFROMEXICANO", "LOCALIDAD": "DIOSTELIBRE", "CLAVE LOC": 120300030, "TIPO DE ASENTAMIENTO": "COMUNIDAD AFROMEXICANA", "NOMBRE": "DIOS TE LIBRE", "MONTO ASIGNADO (PESOS)": 184069, "LATITUD": 16.756879, "LONGITUD": -99.18194 }, "geometry": { "type": "Point", "coordinates": [ -99.18194, 16.756879 ] } },
{ "type": "Feature", "properties": { "NO": 704, "ENTIDAD": "GUERRERO", "MUNICIPIO": "Florencio Villarreal", "PUEBLO INDIGENA O AFROMEXICANO": "AFROMEXICANO", "LOCALIDAD": "ELCHAMIZAL", "CLAVE LOC": 120300037, "TIPO DE ASENTAMIENTO": "COMUNIDAD AFROMEXICANA", "NOMBRE": "EL CHAMIZAL", "MONTO ASIGNADO (PESOS)": 251163, "LATITUD": 16.703607, "LONGITUD": -99.105877 }, "geometry": { "type": "Point", "coordinates": [ -99.105877, 16.703607 ] } },
{ "type": "Feature", "properties": { "NO": 705, "ENTIDAD": "GUERRERO", "MUNICIPIO": "Florencio Villarreal", "PUEBLO INDIGENA O AFROMEXICANO": "AFROMEXICANO", "LOCALIDAD": "ELMEDANO", "CLAVE LOC": 120300018, "TIPO DE ASENTAMIENTO": "COMUNIDAD AFROMEXICANA", "NOMBRE": "EL MÉDANO", "MONTO ASIGNADO (PESOS)": 321491, "LATITUD": 16.62554, "LONGITUD": -99.181627 }, "geometry": { "type": "Point", "coordinates": [ -99.181627, 16.62554 ] } },
{ "type": "Feature", "properties": { "NO": 706, "ENTIDAD": "GUERRERO", "MUNICIPIO": "Florencio Villarreal", "PUEBLO INDIGENA O AFROMEXICANO": "AFROMEXICANO", "LOCALIDAD": "ELMESON", "CLAVE LOC": 120300087, "TIPO DE ASENTAMIENTO": "COMUNIDAD AFROMEXICANA", "NOMBRE": "EL MESÓN", "MONTO ASIGNADO (PESOS)": 130716, "LATITUD": 16.670327, "LONGITUD": -99.206881 }, "geometry": { "type": "Point", "coordinates": [ -99.206881, 16.670327 ] } },
{ "type": "Feature", "properties": { "NO": 707, "ENTIDAD": "GUERRERO", "MUNICIPIO": "Florencio Villarreal", "PUEBLO INDIGENA O AFROMEXICANO": "AFROMEXICANO", "LOCALIDAD": "ELPORVENIR", "CLAVE LOC": 120300022, "TIPO DE ASENTAMIENTO": "COMUNIDAD AFROMEXICANA", "NOMBRE": "EL PORVENIR", "MONTO ASIGNADO (PESOS)": 471040, "LATITUD": 16.77645, "LONGITUD": -99.195343 }, "geometry": { "type": "Point", "coordinates": [ -99.195343, 16.77645 ] } },
{ "type": "Feature", "properties": { "NO": 708, "ENTIDAD": "GUERRERO", "MUNICIPIO": "Florencio Villarreal", "PUEBLO INDIGENA O AFROMEXICANO": "AFROMEXICANO", "LOCALIDAD": "ELTEJORUCO", "CLAVE LOC": 120300066, "TIPO DE ASENTAMIENTO": "COMUNIDAD AFROMEXICANA", "NOMBRE": "EL TEJORUCO", "MONTO ASIGNADO (PESOS)": 146884, "LATITUD": 16.686284, "LONGITUD": -99.197661 }, "geometry": { "type": "Point", "coordinates": [ -99.197661, 16.686284 ] } },
{ "type": "Feature", "properties": { "NO": 709, "ENTIDAD": "GUERRERO", "MUNICIPIO": "Florencio Villarreal", "PUEBLO INDIGENA O AFROMEXICANO": "AFROMEXICANO", "LOCALIDAD": "HUERTAGRANDE", "CLAVE LOC": 120300085, "TIPO DE ASENTAMIENTO": "COMUNIDAD AFROMEXICANA", "NOMBRE": "HUERTA GRANDE", "MONTO ASIGNADO (PESOS)": 116166, "LATITUD": 16.718231, "LONGITUD": -99.193386 }, "geometry": { "type": "Point", "coordinates": [ -99.193386, 16.718231 ] } },
{ "type": "Feature", "properties": { "NO": 710, "ENTIDAD": "GUERRERO", "MUNICIPIO": "Florencio Villarreal", "PUEBLO INDIGENA O AFROMEXICANO": "AFROMEXICANO", "LOCALIDAD": "LACUBA", "CLAVE LOC": 120300084, "TIPO DE ASENTAMIENTO": "COMUNIDAD AFROMEXICANA", "NOMBRE": "LA CUBA", "MONTO ASIGNADO (PESOS)": 134889, "LATITUD": 16.66168, "LONGITUD": -99.118197 }, "geometry": { "type": "Point", "coordinates": [ -99.118197, 16.66168 ] } },
{ "type": "Feature", "properties": { "NO": 711, "ENTIDAD": "GUERRERO", "MUNICIPIO": "Florencio Villarreal", "PUEBLO INDIGENA O AFROMEXICANO": "AFROMEXICANO", "LOCALIDAD": "LAMAQUINADENEXPA", "CLAVE LOC": 120300017, "TIPO DE ASENTAMIENTO": "COMUNIDAD AFROMEXICANA", "NOMBRE": "LA MÁQUINA DE NEXPA", "MONTO ASIGNADO (PESOS)": 294007, "LATITUD": 16.755198, "LONGITUD": -99.195462 }, "geometry": { "type": "Point", "coordinates": [ -99.195462, 16.755198 ] } },
{ "type": "Feature", "properties": { "NO": 712, "ENTIDAD": "GUERRERO", "MUNICIPIO": "Florencio Villarreal", "PUEBLO INDIGENA O AFROMEXICANO": "AFROMEXICANO", "LOCALIDAD": "LARUSIA", "CLAVE LOC": 120300031, "TIPO DE ASENTAMIENTO": "COMUNIDAD AFROMEXICANA", "NOMBRE": "LA RUSIA", "MONTO ASIGNADO (PESOS)": 166285, "LATITUD": 16.727966, "LONGITUD": -99.197029 }, "geometry": { "type": "Point", "coordinates": [ -99.197029, 16.727966 ] } },
{ "type": "Feature", "properties": { "NO": 713, "ENTIDAD": "GUERRERO", "MUNICIPIO": "Florencio Villarreal", "PUEBLO INDIGENA O AFROMEXICANO": "AFROMEXICANO", "LOCALIDAD": "LASANIMAS", "CLAVE LOC": 120300004, "TIPO DE ASENTAMIENTO": "COMUNIDAD AFROMEXICANA", "NOMBRE": "LAS ÁNIMAS", "MONTO ASIGNADO (PESOS)": 554302, "LATITUD": 16.658535, "LONGITUD": -99.200484 }, "geometry": { "type": "Point", "coordinates": [ -99.200484, 16.658535 ] } },
{ "type": "Feature", "properties": { "NO": 714, "ENTIDAD": "GUERRERO", "MUNICIPIO": "Florencio Villarreal", "PUEBLO INDIGENA O AFROMEXICANO": "AFROMEXICANO", "LOCALIDAD": "LASGARZAS", "CLAVE LOC": 120300011, "TIPO DE ASENTAMIENTO": "COMUNIDAD AFROMEXICANA", "NOMBRE": "LAS GARZAS", "MONTO ASIGNADO (PESOS)": 371610, "LATITUD": 16.700936, "LONGITUD": -99.140947 }, "geometry": { "type": "Point", "coordinates": [ -99.140947, 16.700936 ] } },
{ "type": "Feature", "properties": { "NO": 715, "ENTIDAD": "GUERRERO", "MUNICIPIO": "Florencio Villarreal", "PUEBLO INDIGENA O AFROMEXICANO": "AFROMEXICANO", "LOCALIDAD": "LASISLETAS", "CLAVE LOC": 120300012, "TIPO DE ASENTAMIENTO": "COMUNIDAD AFROMEXICANA", "NOMBRE": "LAS ISLETAS", "MONTO ASIGNADO (PESOS)": 215595, "LATITUD": 16.76147, "LONGITUD": -99.112511 }, "geometry": { "type": "Point", "coordinates": [ -99.112511, 16.76147 ] } },
{ "type": "Feature", "properties": { "NO": 716, "ENTIDAD": "GUERRERO", "MUNICIPIO": "Florencio Villarreal", "PUEBLO INDIGENA O AFROMEXICANO": "AFROMEXICANO", "LOCALIDAD": "LLANODELABARRA", "CLAVE LOC": 120300034, "TIPO DE ASENTAMIENTO": "COMUNIDAD AFROMEXICANA", "NOMBRE": "LLANO DE LA BARRA", "MONTO ASIGNADO (PESOS)": 209128, "LATITUD": 16.601549, "LONGITUD": -99.108867 }, "geometry": { "type": "Point", "coordinates": [ -99.108867, 16.601549 ] } },
{ "type": "Feature", "properties": { "NO": 717, "ENTIDAD": "GUERRERO", "MUNICIPIO": "Florencio Villarreal", "PUEBLO INDIGENA O AFROMEXICANO": "AFROMEXICANO", "LOCALIDAD": "LLANOGRANDE", "CLAVE LOC": 120300015, "TIPO DE ASENTAMIENTO": "COMUNIDAD AFROMEXICANA", "NOMBRE": "LLANO GRANDE", "MONTO ASIGNADO (PESOS)": 655348, "LATITUD": 16.73714, "LONGITUD": -99.173355 }, "geometry": { "type": "Point", "coordinates": [ -99.173355, 16.73714 ] } },
{ "type": "Feature", "properties": { "NO": 718, "ENTIDAD": "GUERRERO", "MUNICIPIO": "Florencio Villarreal", "PUEBLO INDIGENA O AFROMEXICANO": "AFROMEXICANO", "LOCALIDAD": "LOSCHARQUITOS", "CLAVE LOC": 120300029, "TIPO DE ASENTAMIENTO": "COMUNIDAD AFROMEXICANA", "NOMBRE": "LOS CHARQUITOS", "MONTO ASIGNADO (PESOS)": 162243, "LATITUD": 16.73334, "LONGITUD": -99.158255 }, "geometry": { "type": "Point", "coordinates": [ -99.158255, 16.73334 ] } },
{ "type": "Feature", "properties": { "NO": 719, "ENTIDAD": "GUERRERO", "MUNICIPIO": "Florencio Villarreal", "PUEBLO INDIGENA O AFROMEXICANO": "AFROMEXICANO", "LOCALIDAD": "LOSLLANITOS", "CLAVE LOC": 120300067, "TIPO DE ASENTAMIENTO": "COMUNIDAD AFROMEXICANA", "NOMBRE": "LOS LLANITOS", "MONTO ASIGNADO (PESOS)": 139608, "LATITUD": 16.775422, "LONGITUD": -99.125514 }, "geometry": { "type": "Point", "coordinates": [ -99.125514, 16.775422 ] } },
{ "type": "Feature", "properties": { "NO": 720, "ENTIDAD": "GUERRERO", "MUNICIPIO": "Florencio Villarreal", "PUEBLO INDIGENA O AFROMEXICANO": "AFROMEXICANO", "LOCALIDAD": "LOSTAMARINDOS", "CLAVE LOC": 120300024, "TIPO DE ASENTAMIENTO": "COMUNIDAD AFROMEXICANA", "NOMBRE": "LOS TAMARINDOS", "MONTO ASIGNADO (PESOS)": 381114, "LATITUD": 16.644114, "LONGITUD": -99.130876 }, "geometry": { "type": "Point", "coordinates": [ -99.130876, 16.644114 ] } },
{ "type": "Feature", "properties": { "NO": 721, "ENTIDAD": "GUERRERO", "MUNICIPIO": "Florencio Villarreal", "PUEBLO INDIGENA O AFROMEXICANO": "AFROMEXICANO", "LOCALIDAD": "PICODELMONTE", "CLAVE LOC": 120300019, "TIPO DE ASENTAMIENTO": "COMUNIDAD AFROMEXICANA", "NOMBRE": "PICO DEL MONTE", "MONTO ASIGNADO (PESOS)": 650497, "LATITUD": 16.610535, "LONGITUD": -99.121447 }, "geometry": { "type": "Point", "coordinates": [ -99.121447, 16.610535 ] } },
{ "type": "Feature", "properties": { "NO": 722, "ENTIDAD": "GUERRERO", "MUNICIPIO": "Florencio Villarreal", "PUEBLO INDIGENA O AFROMEXICANO": "AFROMEXICANO", "LOCALIDAD": "PLAYALARGAVIEJA(PLAYALARGA)", "CLAVE LOC": 120300020, "TIPO DE ASENTAMIENTO": "COMUNIDAD AFROMEXICANA", "NOMBRE": "PLAYA LARGA VIEJA (PLAYA LARGA)", "MONTO ASIGNADO (PESOS)": 453977, "LATITUD": 16.704599, "LONGITUD": -99.199425 }, "geometry": { "type": "Point", "coordinates": [ -99.199425, 16.704599 ] } },
{ "type": "Feature", "properties": { "NO": 723, "ENTIDAD": "GUERRERO", "MUNICIPIO": "Florencio Villarreal", "PUEBLO INDIGENA O AFROMEXICANO": "AFROMEXICANO", "LOCALIDAD": "RANCHOLOSMANZANAREZ", "CLAVE LOC": 120300016, "TIPO DE ASENTAMIENTO": "COMUNIDAD AFROMEXICANA", "NOMBRE": "RANCHO LOS MANZANÁREZ", "MONTO ASIGNADO (PESOS)": 135567, "LATITUD": 16.698244, "LONGITUD": -99.098258 }, "geometry": { "type": "Point", "coordinates": [ -99.098258, 16.698244 ] } },
{ "type": "Feature", "properties": { "NO": 724, "ENTIDAD": "GUERRERO", "MUNICIPIO": "Florencio Villarreal", "PUEBLO INDIGENA O AFROMEXICANO": "AFROMEXICANO", "LOCALIDAD": "SANJOSEDELASFLORES", "CLAVE LOC": 120300058, "TIPO DE ASENTAMIENTO": "COMUNIDAD AFROMEXICANA", "NOMBRE": "SAN JOSÉ DE LAS FLORES", "MONTO ASIGNADO (PESOS)": 310174, "LATITUD": 16.643806, "LONGITUD": -99.212124 }, "geometry": { "type": "Point", "coordinates": [ -99.212124, 16.643806 ] } },
{ "type": "Feature", "properties": { "NO": 725, "ENTIDAD": "GUERRERO", "MUNICIPIO": "Florencio Villarreal", "PUEBLO INDIGENA O AFROMEXICANO": "AFROMEXICANO", "LOCALIDAD": "VISTAHERMOSA", "CLAVE LOC": 120300025, "TIPO DE ASENTAMIENTO": "COMUNIDAD AFROMEXICANA", "NOMBRE": "VISTA HERMOSA", "MONTO ASIGNADO (PESOS)": 195386, "LATITUD": 16.766824, "LONGITUD": -99.185254 }, "geometry": { "type": "Point", "coordinates": [ -99.185254, 16.766824 ] } },
{ "type": "Feature", "properties": { "NO": 726, "ENTIDAD": "GUERRERO", "MUNICIPIO": "Huamuxtitlán", "PUEBLO INDIGENA O AFROMEXICANO": "NAHUA", "LOCALIDAD": "CONHUAXO", "CLAVE LOC": 120330002, "TIPO DE ASENTAMIENTO": "COMUNIDAD INDIGENA", "NOMBRE": "CONHUAXO", "MONTO ASIGNADO (PESOS)": 475081, "LATITUD": 17.790585, "LONGITUD": -98.578388 }, "geometry": { "type": "Point", "coordinates": [ -98.578388, 17.790585 ] } },
{ "type": "Feature", "properties": { "NO": 727, "ENTIDAD": "GUERRERO", "MUNICIPIO": "Huamuxtitlán", "PUEBLO INDIGENA O AFROMEXICANO": "NAHUA", "LOCALIDAD": "COYAHUALCO", "CLAVE LOC": 120330003, "TIPO DE ASENTAMIENTO": "COMUNIDAD INDIGENA", "NOMBRE": "COYAHUALCO", "MONTO ASIGNADO (PESOS)": 1183212, "LATITUD": 17.741677, "LONGITUD": -98.566444 }, "geometry": { "type": "Point", "coordinates": [ -98.566444, 17.741677 ] } },
{ "type": "Feature", "properties": { "NO": 728, "ENTIDAD": "GUERRERO", "MUNICIPIO": "Huamuxtitlán", "PUEBLO INDIGENA O AFROMEXICANO": "NAHUA", "LOCALIDAD": "JILOTEPEC", "CLAVE LOC": 120330004, "TIPO DE ASENTAMIENTO": "COMUNIDAD INDIGENA", "NOMBRE": "JILOTEPEC", "MONTO ASIGNADO (PESOS)": 370802, "LATITUD": 17.963023, "LONGITUD": -98.482907 }, "geometry": { "type": "Point", "coordinates": [ -98.482907, 17.963023 ] } },
{ "type": "Feature", "properties": { "NO": 729, "ENTIDAD": "GUERRERO", "MUNICIPIO": "Huamuxtitlán", "PUEBLO INDIGENA O AFROMEXICANO": "NAHUA", "LOCALIDAD": "SANMIGUELTOTOLAPA", "CLAVE LOC": 120330010, "TIPO DE ASENTAMIENTO": "COMUNIDAD INDIGENA", "NOMBRE": "SAN MIGUEL TOTOLAPA", "MONTO ASIGNADO (PESOS)": 2056250, "LATITUD": 17.869437, "LONGITUD": -98.572915 }, "geometry": { "type": "Point", "coordinates": [ -98.572915, 17.869437 ] } },
{ "type": "Feature", "properties": { "NO": 730, "ENTIDAD": "GUERRERO", "MUNICIPIO": "Huamuxtitlán", "PUEBLO INDIGENA O AFROMEXICANO": "NAHUA", "LOCALIDAD": "SANPEDROAYTEC", "CLAVE LOC": 120330005, "TIPO DE ASENTAMIENTO": "COMUNIDAD INDIGENA", "NOMBRE": "SAN PEDRO AYTEC", "MONTO ASIGNADO (PESOS)": 745076, "LATITUD": 17.698062, "LONGITUD": -98.526432 }, "geometry": { "type": "Point", "coordinates": [ -98.526432, 17.698062 ] } },
{ "type": "Feature", "properties": { "NO": 731, "ENTIDAD": "GUERRERO", "MUNICIPIO": "Huamuxtitlán", "PUEBLO INDIGENA O AFROMEXICANO": "NAHUA", "LOCALIDAD": "SANTACRUZ", "CLAVE LOC": 120330006, "TIPO DE ASENTAMIENTO": "COMUNIDAD INDIGENA", "NOMBRE": "SANTA CRUZ", "MONTO ASIGNADO (PESOS)": 1115309, "LATITUD": 17.766514, "LONGITUD": -98.569308 }, "geometry": { "type": "Point", "coordinates": [ -98.569308, 17.766514 ] } },
{ "type": "Feature", "properties": { "NO": 732, "ENTIDAD": "GUERRERO", "MUNICIPIO": "Huamuxtitlán", "PUEBLO INDIGENA O AFROMEXICANO": "NAHUA", "LOCALIDAD": "TEPETLAPA", "CLAVE LOC": 120330007, "TIPO DE ASENTAMIENTO": "COMUNIDAD INDIGENA", "NOMBRE": "TEPETLAPA", "MONTO ASIGNADO (PESOS)": 411220, "LATITUD": 17.926986, "LONGITUD": -98.545952 }, "geometry": { "type": "Point", "coordinates": [ -98.545952, 17.926986 ] } },
{ "type": "Feature", "properties": { "NO": 733, "ENTIDAD": "GUERRERO", "MUNICIPIO": "Huamuxtitlán", "PUEBLO INDIGENA O AFROMEXICANO": "NAHUA", "LOCALIDAD": "TLALQUETZALA", "CLAVE LOC": 120330008, "TIPO DE ASENTAMIENTO": "COMUNIDAD INDIGENA", "NOMBRE": "TLALQUETZALA", "MONTO ASIGNADO (PESOS)": 931810, "LATITUD": 17.706267, "LONGITUD": -98.539528 }, "geometry": { "type": "Point", "coordinates": [ -98.539528, 17.706267 ] } },
{ "type": "Feature", "properties": { "NO": 734, "ENTIDAD": "GUERRERO", "MUNICIPIO": "Huamuxtitlán", "PUEBLO INDIGENA O AFROMEXICANO": "NAHUA", "LOCALIDAD": "TLAQUILTEPEC(SANBARTOLOME TLAQUILTEPEC)", "CLAVE LOC": 120330009, "TIPO DE ASENTAMIENTO": "COMUNIDAD INDIGENA", "NOMBRE": "TLAQUILTEPEC (SAN BARTOLOMÉ TLAQUILTEPEC)", "MONTO ASIGNADO (PESOS)": 1201805, "LATITUD": 17.733585, "LONGITUD": -98.547808 }, "geometry": { "type": "Point", "coordinates": [ -98.547808, 17.733585 ] } },
{ "type": "Feature", "properties": { "NO": 735, "ENTIDAD": "GUERRERO", "MUNICIPIO": "Huitzuco de los Figueroa", "PUEBLO INDIGENA O AFROMEXICANO": "NAHUA", "LOCALIDAD": "ACAQUILA", "CLAVE LOC": 120340002, "TIPO DE ASENTAMIENTO": "COMUNIDAD INDIGENA", "NOMBRE": "ACAQUILA", "MONTO ASIGNADO (PESOS)": 460258, "LATITUD": 18.112869, "LONGITUD": -99.285189 }, "geometry": { "type": "Point", "coordinates": [ -99.285189, 18.112869 ] } },
{ "type": "Feature", "properties": { "NO": 736, "ENTIDAD": "GUERRERO", "MUNICIPIO": "Huitzuco de los Figueroa", "PUEBLO INDIGENA O AFROMEXICANO": "NAHUA", "LOCALIDAD": "SANFRANCISCOOZOMATLAN", "CLAVE LOC": 120340036, "TIPO DE ASENTAMIENTO": "COMUNIDAD INDIGENA", "NOMBRE": "SAN FRANCISCO OZOMATLÁN", "MONTO ASIGNADO (PESOS)": 803279, "LATITUD": 17.924857, "LONGITUD": -99.339496 }, "geometry": { "type": "Point", "coordinates": [ -99.339496, 17.924857 ] } },
{ "type": "Feature", "properties": { "NO": 737, "ENTIDAD": "GUERRERO", "MUNICIPIO": "Huitzuco de los Figueroa", "PUEBLO INDIGENA O AFROMEXICANO": "NAHUA", "LOCALIDAD": "TECOACUILCO", "CLAVE LOC": 120340038, "TIPO DE ASENTAMIENTO": "COMUNIDAD INDIGENA", "NOMBRE": "TECOACUILCO", "MONTO ASIGNADO (PESOS)": 268947, "LATITUD": 18.098269, "LONGITUD": -99.308437 }, "geometry": { "type": "Point", "coordinates": [ -99.308437, 18.098269 ] } },
{ "type": "Feature", "properties": { "NO": 738, "ENTIDAD": "GUERRERO", "MUNICIPIO": "Huitzuco de los Figueroa", "PUEBLO INDIGENA O AFROMEXICANO": "NAHUA", "LOCALIDAD": "TULIMAN", "CLAVE LOC": 120340047, "TIPO DE ASENTAMIENTO": "COMUNIDAD INDIGENA", "NOMBRE": "TULIMÁN", "MONTO ASIGNADO (PESOS)": 1034472, "LATITUD": 18.028195, "LONGITUD": -99.254638 }, "geometry": { "type": "Point", "coordinates": [ -99.254638, 18.028195 ] } },
{ "type": "Feature", "properties": { "NO": 739, "ENTIDAD": "GUERRERO", "MUNICIPIO": "Iguala de la Independencia", "PUEBLO INDIGENA O AFROMEXICANO": "NAHUA", "LOCALIDAD": "CEJABLANCA", "CLAVE LOC": 120350006, "TIPO DE ASENTAMIENTO": "COMUNIDAD INDIGENA", "NOMBRE": "CEJA BLANCA", "MONTO ASIGNADO (PESOS)": 560768, "LATITUD": 18.293672, "LONGITUD": -99.561822 }, "geometry": { "type": "Point", "coordinates": [ -99.561822, 18.293672 ] } },
{ "type": "Feature", "properties": { "NO": 740, "ENTIDAD": "GUERRERO", "MUNICIPIO": "Iguala de la Independencia", "PUEBLO INDIGENA O AFROMEXICANO": "NAHUA", "LOCALIDAD": "COLONIAELTOMATAL(KILOMETRO128)", "CLAVE LOC": 120350195, "TIPO DE ASENTAMIENTO": "COMUNIDAD INDIGENA", "NOMBRE": "COLONIA EL TOMATAL (KILÓMETRO 128)", "MONTO ASIGNADO (PESOS)": 1542218, "LATITUD": 18.301896, "LONGITUD": -99.506115 }, "geometry": { "type": "Point", "coordinates": [ -99.506115, 18.301896 ] } },
{ "type": "Feature", "properties": { "NO": 741, "ENTIDAD": "GUERRERO", "MUNICIPIO": "Iguala de la Independencia", "PUEBLO INDIGENA O AFROMEXICANO": "NAHUA", "LOCALIDAD": "METLAPA", "CLAVE LOC": 120350011, "TIPO DE ASENTAMIENTO": "COMUNIDAD INDIGENA", "NOMBRE": "METLAPA", "MONTO ASIGNADO (PESOS)": 1382879, "LATITUD": 18.309566, "LONGITUD": -99.608078 }, "geometry": { "type": "Point", "coordinates": [ -99.608078, 18.309566 ] } },
{ "type": "Feature", "properties": { "NO": 742, "ENTIDAD": "GUERRERO", "MUNICIPIO": "Iguala de la Independencia", "PUEBLO INDIGENA O AFROMEXICANO": "NAHUA", "LOCALIDAD": "PANTLADEZAPOTAL", "CLAVE LOC": 120350014, "TIPO DE ASENTAMIENTO": "COMUNIDAD INDIGENA", "NOMBRE": "PANTLA DE ZAPOTAL", "MONTO ASIGNADO (PESOS)": 344126, "LATITUD": 18.263308, "LONGITUD": -99.562355 }, "geometry": { "type": "Point", "coordinates": [ -99.562355, 18.263308 ] } },
{ "type": "Feature", "properties": { "NO": 743, "ENTIDAD": "GUERRERO", "MUNICIPIO": "Igualapa", "PUEBLO INDIGENA O AFROMEXICANO": "MIXTECO", "LOCALIDAD": "ACALMANI", "CLAVE LOC": 120360002, "TIPO DE ASENTAMIENTO": "COMUNIDAD INDIGENA", "NOMBRE": "ACALMANI", "MONTO ASIGNADO (PESOS)": 736993, "LATITUD": 16.816324, "LONGITUD": -98.506267 }, "geometry": { "type": "Point", "coordinates": [ -98.506267, 16.816324 ] } },
{ "type": "Feature", "properties": { "NO": 744, "ENTIDAD": "GUERRERO", "MUNICIPIO": "Igualapa", "PUEBLO INDIGENA O AFROMEXICANO": "MIXTECO", "LOCALIDAD": "CHACALAPA", "CLAVE LOC": 120360005, "TIPO DE ASENTAMIENTO": "COMUNIDAD INDIGENA", "NOMBRE": "CHACALAPA", "MONTO ASIGNADO (PESOS)": 1255965, "LATITUD": 16.807227, "LONGITUD": -98.457842 }, "geometry": { "type": "Point", "coordinates": [ -98.457842, 16.807227 ] } },
{ "type": "Feature", "properties": { "NO": 745, "ENTIDAD": "GUERRERO", "MUNICIPIO": "Igualapa", "PUEBLO INDIGENA O AFROMEXICANO": "MIXTECO", "LOCALIDAD": "CHIMALAPA", "CLAVE LOC": 120360024, "TIPO DE ASENTAMIENTO": "COMUNIDAD INDIGENA", "NOMBRE": "CHIMALAPA", "MONTO ASIGNADO (PESOS)": 1162972, "LATITUD": 16.931041, "LONGITUD": -98.463036 }, "geometry": { "type": "Point", "coordinates": [ -98.463036, 16.931041 ] } },
{ "type": "Feature", "properties": { "NO": 746, "ENTIDAD": "GUERRERO", "MUNICIPIO": "Igualapa", "PUEBLO INDIGENA O AFROMEXICANO": "AFROMEXICANO", "LOCALIDAD": "ELCAPULIN", "CLAVE LOC": 120360019, "TIPO DE ASENTAMIENTO": "COMUNIDAD AFROMEXICANA", "NOMBRE": "EL CAPULÍN", "MONTO ASIGNADO (PESOS)": 289157, "LATITUD": 16.671192, "LONGITUD": -98.505769 }, "geometry": { "type": "Point", "coordinates": [ -98.505769, 16.671192 ] } },
{ "type": "Feature", "properties": { "NO": 747, "ENTIDAD": "GUERRERO", "MUNICIPIO": "Igualapa", "PUEBLO INDIGENA O AFROMEXICANO": "MIXTECO", "LOCALIDAD": "LALIBERTAD", "CLAVE LOC": 120360004, "TIPO DE ASENTAMIENTO": "COMUNIDAD INDIGENA", "NOMBRE": "LA LIBERTAD", "MONTO ASIGNADO (PESOS)": 361101, "LATITUD": 16.758139, "LONGITUD": -98.469828 }, "geometry": { "type": "Point", "coordinates": [ -98.469828, 16.758139 ] } },
{ "type": "Feature", "properties": { "NO": 748, "ENTIDAD": "GUERRERO", "MUNICIPIO": "Igualapa", "PUEBLO INDIGENA O AFROMEXICANO": "AFROMEXICANO", "LOCALIDAD": "LAREFORMA", "CLAVE LOC": 120360008, "TIPO DE ASENTAMIENTO": "COMUNIDAD AFROMEXICANA", "NOMBRE": "LA REFORMA", "MONTO ASIGNADO (PESOS)": 585020, "LATITUD": 16.694335, "LONGITUD": -98.502764 }, "geometry": { "type": "Point", "coordinates": [ -98.502764, 16.694335 ] } },
{ "type": "Feature", "properties": { "NO": 749, "ENTIDAD": "GUERRERO", "MUNICIPIO": "Igualapa", "PUEBLO INDIGENA O AFROMEXICANO": "MIXTECO", "LOCALIDAD": "LAVICTORIA", "CLAVE LOC": 120360012, "TIPO DE ASENTAMIENTO": "COMUNIDAD INDIGENA", "NOMBRE": "LA VICTORIA", "MONTO ASIGNADO (PESOS)": 476698, "LATITUD": 16.760272, "LONGITUD": -98.497041 }, "geometry": { "type": "Point", "coordinates": [ -98.497041, 16.760272 ] } },
{ "type": "Feature", "properties": { "NO": 750, "ENTIDAD": "GUERRERO", "MUNICIPIO": "Igualapa", "PUEBLO INDIGENA O AFROMEXICANO": "MIXTECO", "LOCALIDAD": "LLANOGRANDEDEJUAREZ", "CLAVE LOC": 120360025, "TIPO DE ASENTAMIENTO": "COMUNIDAD INDIGENA", "NOMBRE": "LLANO GRANDE DE JUÁREZ", "MONTO ASIGNADO (PESOS)": 694149, "LATITUD": 16.898414, "LONGITUD": -98.47694 }, "geometry": { "type": "Point", "coordinates": [ -98.47694, 16.898414 ] } },
{ "type": "Feature", "properties": { "NO": 751, "ENTIDAD": "GUERRERO", "MUNICIPIO": "Igualapa", "PUEBLO INDIGENA O AFROMEXICANO": "MIXTECO", "LOCALIDAD": "SANJOSEBUENAVISTA", "CLAVE LOC": 120360009, "TIPO DE ASENTAMIENTO": "COMUNIDAD INDIGENA", "NOMBRE": "SAN JOSÉ BUENAVISTA", "MONTO ASIGNADO (PESOS)": 660198, "LATITUD": 16.851682, "LONGITUD": -98.496181 }, "geometry": { "type": "Point", "coordinates": [ -98.496181, 16.851682 ] } },
{ "type": "Feature", "properties": { "NO": 752, "ENTIDAD": "GUERRERO", "MUNICIPIO": "Igualapa", "PUEBLO INDIGENA O AFROMEXICANO": "MIXTECO", "LOCALIDAD": "TEPATAHUAC", "CLAVE LOC": 120360011, "TIPO DE ASENTAMIENTO": "COMUNIDAD INDIGENA", "NOMBRE": "TEPATAHUAC", "MONTO ASIGNADO (PESOS)": 202661, "LATITUD": 16.694917, "LONGITUD": -98.470233 }, "geometry": { "type": "Point", "coordinates": [ -98.470233, 16.694917 ] } },
{ "type": "Feature", "properties": { "NO": 753, "ENTIDAD": "GUERRERO", "MUNICIPIO": "Iliatenco", "PUEBLO INDIGENA O AFROMEXICANO": "ME’PHAA\n(TLAPANECO)", "LOCALIDAD": "10DEMAYO", "CLAVE LOC": 120810044, "TIPO DE ASENTAMIENTO": "COMUNIDAD INDIGENA", "NOMBRE": "10 DE MAYO", "MONTO ASIGNADO (PESOS)": 124839, "LATITUD": 17.052032, "LONGITUD": -98.658585 }, "geometry": { "type": "Point", "coordinates": [ -98.658585, 17.052032 ] } },
{ "type": "Feature", "properties": { "NO": 754, "ENTIDAD": "GUERRERO", "MUNICIPIO": "Iliatenco", "PUEBLO INDIGENA O AFROMEXICANO": "ME’PHAA\n(TLAPANECO)", "LOCALIDAD": "13DESEPTIEMBRE", "CLAVE LOC": 120810041, "TIPO DE ASENTAMIENTO": "COMUNIDAD INDIGENA", "NOMBRE": "13 DE SEPTIEMBRE", "MONTO ASIGNADO (PESOS)": 230364, "LATITUD": 17.048012, "LONGITUD": -98.713259 }, "geometry": { "type": "Point", "coordinates": [ -98.713259, 17.048012 ] } },
{ "type": "Feature", "properties": { "NO": 755, "ENTIDAD": "GUERRERO", "MUNICIPIO": "Iliatenco", "PUEBLO INDIGENA O AFROMEXICANO": "ME’PHAA\n(TLAPANECO)", "LOCALIDAD": "ALCHIPAHUAC", "CLAVE LOC": 120810002, "TIPO DE ASENTAMIENTO": "LOCALIDAD CON POBLACION\nINDIGENA", "NOMBRE": "ALCHIPAHUAC", "MONTO ASIGNADO (PESOS)": 568296, "LATITUD": 17.074222, "LONGITUD": -98.71908 }, "geometry": { "type": "Point", "coordinates": [ -98.71908, 17.074222 ] } },
{ "type": "Feature", "properties": { "NO": 756, "ENTIDAD": "GUERRERO", "MUNICIPIO": "Iliatenco", "PUEBLO INDIGENA O AFROMEXICANO": "ME’PHAA\n(TLAPANECO)", "LOCALIDAD": "ARROYOSANPEDRO", "CLAVE LOC": 120810003, "TIPO DE ASENTAMIENTO": "COMUNIDAD INDIGENA", "NOMBRE": "ARROYO SAN PEDRO", "MONTO ASIGNADO (PESOS)": 623571, "LATITUD": 17.037116, "LONGITUD": -98.724532 }, "geometry": { "type": "Point", "coordinates": [ -98.724532, 17.037116 ] } },
{ "type": "Feature", "properties": { "NO": 757, "ENTIDAD": "GUERRERO", "MUNICIPIO": "Iliatenco", "PUEBLO INDIGENA O AFROMEXICANO": "ME’PHAA\n(TLAPANECO)", "LOCALIDAD": "AVIACION", "CLAVE LOC": 120810038, "TIPO DE ASENTAMIENTO": "COMUNIDAD INDIGENA", "NOMBRE": "AVIACIÓN", "MONTO ASIGNADO (PESOS)": 585828, "LATITUD": 17.052411, "LONGITUD": -98.6878 }, "geometry": { "type": "Point", "coordinates": [ -98.6878, 17.052411 ] } },
{ "type": "Feature", "properties": { "NO": 758, "ENTIDAD": "GUERRERO", "MUNICIPIO": "Iliatenco", "PUEBLO INDIGENA O AFROMEXICANO": "ME’PHAA\n(TLAPANECO)", "LOCALIDAD": "BARRANCAXALE", "CLAVE LOC": 120810045, "TIPO DE ASENTAMIENTO": "COMUNIDAD INDIGENA", "NOMBRE": "BARRANCA XALE", "MONTO ASIGNADO (PESOS)": 274333, "LATITUD": 17.046327, "LONGITUD": -98.650903 }, "geometry": { "type": "Point", "coordinates": [ -98.650903, 17.046327 ] } },
{ "type": "Feature", "properties": { "NO": 759, "ENTIDAD": "GUERRERO", "MUNICIPIO": "Iliatenco", "PUEBLO INDIGENA O AFROMEXICANO": "ME’PHAA\n(TLAPANECO)", "LOCALIDAD": "CAÑADASUR", "CLAVE LOC": 120810004, "TIPO DE ASENTAMIENTO": "COMUNIDAD INDIGENA", "NOMBRE": "CAÑADA SUR", "MONTO ASIGNADO (PESOS)": 145267, "LATITUD": 17.034427, "LONGITUD": -98.684245 }, "geometry": { "type": "Point", "coordinates": [ -98.684245, 17.034427 ] } },
{ "type": "Feature", "properties": { "NO": 760, "ENTIDAD": "GUERRERO", "MUNICIPIO": "Iliatenco", "PUEBLO INDIGENA O AFROMEXICANO": "ME’PHAA\n(TLAPANECO)", "LOCALIDAD": "CERROARDILLA", "CLAVE LOC": 120810009, "TIPO DE ASENTAMIENTO": "COMUNIDAD INDIGENA", "NOMBRE": "CERRO ARDILLA", "MONTO ASIGNADO (PESOS)": 305739, "LATITUD": 17.040526, "LONGITUD": -98.697542 }, "geometry": { "type": "Point", "coordinates": [ -98.697542, 17.040526 ] } },
{ "type": "Feature", "properties": { "NO": 761, "ENTIDAD": "GUERRERO", "MUNICIPIO": "Iliatenco", "PUEBLO INDIGENA O AFROMEXICANO": "ME’PHAA\n(TLAPANECO)", "LOCALIDAD": "CERROCUATE", "CLAVE LOC": 120810005, "TIPO DE ASENTAMIENTO": "COMUNIDAD INDIGENA", "NOMBRE": "CERRO CUATE", "MONTO ASIGNADO (PESOS)": 776833, "LATITUD": 17.066591, "LONGITUD": -98.683211 }, "geometry": { "type": "Point", "coordinates": [ -98.683211, 17.066591 ] } },
{ "type": "Feature", "properties": { "NO": 762, "ENTIDAD": "GUERRERO", "MUNICIPIO": "Iliatenco", "PUEBLO INDIGENA O AFROMEXICANO": "ME’PHAA\n(TLAPANECO)", "LOCALIDAD": "CERROGUAYABO", "CLAVE LOC": 120810007, "TIPO DE ASENTAMIENTO": "COMUNIDAD INDIGENA", "NOMBRE": "CERRO GUAYABO", "MONTO ASIGNADO (PESOS)": 229108, "LATITUD": 17.064791, "LONGITUD": -98.758231 }, "geometry": { "type": "Point", "coordinates": [ -98.758231, 17.064791 ] } },
{ "type": "Feature", "properties": { "NO": 763, "ENTIDAD": "GUERRERO", "MUNICIPIO": "Iliatenco", "PUEBLO INDIGENA O AFROMEXICANO": "ME’PHAA\n(TLAPANECO)", "LOCALIDAD": "CERROGUAYABO", "CLAVE LOC": 120810040, "TIPO DE ASENTAMIENTO": "LOCALIDAD CON POBLACION\nINDIGENA", "NOMBRE": "CERRO GUAYABO", "MONTO ASIGNADO (PESOS)": 279358, "LATITUD": 17.043934, "LONGITUD": -98.664356 }, "geometry": { "type": "Point", "coordinates": [ -98.664356, 17.043934 ] } },
{ "type": "Feature", "properties": { "NO": 764, "ENTIDAD": "GUERRERO", "MUNICIPIO": "Iliatenco", "PUEBLO INDIGENA O AFROMEXICANO": "ME’PHAA\n(TLAPANECO)", "LOCALIDAD": "CERROTEJON", "CLAVE LOC": 120810006, "TIPO DE ASENTAMIENTO": "COMUNIDAD INDIGENA", "NOMBRE": "CERRO TEJÓN", "MONTO ASIGNADO (PESOS)": 476589, "LATITUD": 17.037707, "LONGITUD": -98.595122 }, "geometry": { "type": "Point", "coordinates": [ -98.595122, 17.037707 ] } },
{ "type": "Feature", "properties": { "NO": 765, "ENTIDAD": "GUERRERO", "MUNICIPIO": "Iliatenco", "PUEBLO INDIGENA O AFROMEXICANO": "ME’PHAA\n(TLAPANECO)", "LOCALIDAD": "COLONIA24DEENERO", "CLAVE LOC": 120810053, "TIPO DE ASENTAMIENTO": "COMUNIDAD INDIGENA", "NOMBRE": "COLONIA 24 DE ENERO", "MONTO ASIGNADO (PESOS)": 84639, "LATITUD": 17.064785, "LONGITUD": -98.712955 }, "geometry": { "type": "Point", "coordinates": [ -98.712955, 17.064785 ] } },
{ "type": "Feature", "properties": { "NO": 766, "ENTIDAD": "GUERRERO", "MUNICIPIO": "Iliatenco", "PUEBLO INDIGENA O AFROMEXICANO": "ME’PHAA\n(TLAPANECO)", "LOCALIDAD": "COLONIARENACIMIENTO", "CLAVE LOC": 120810013, "TIPO DE ASENTAMIENTO": "COMUNIDAD INDIGENA", "NOMBRE": "COLONIA RENACIMIENTO", "MONTO ASIGNADO (PESOS)": 252977, "LATITUD": 17.001957, "LONGITUD": -98.666956 }, "geometry": { "type": "Point", "coordinates": [ -98.666956, 17.001957 ] } },
{ "type": "Feature", "properties": { "NO": 767, "ENTIDAD": "GUERRERO", "MUNICIPIO": "Iliatenco", "PUEBLO INDIGENA O AFROMEXICANO": "ME’PHAA\n(TLAPANECO)", "LOCALIDAD": "COLONIAUNIVERSIDAD", "CLAVE LOC": 120810012, "TIPO DE ASENTAMIENTO": "COMUNIDAD INDIGENA", "NOMBRE": "COLONIA UNIVERSIDAD", "MONTO ASIGNADO (PESOS)": 303227, "LATITUD": 17.040392, "LONGITUD": -98.680331 }, "geometry": { "type": "Point", "coordinates": [ -98.680331, 17.040392 ] } },
{ "type": "Feature", "properties": { "NO": 768, "ENTIDAD": "GUERRERO", "MUNICIPIO": "Iliatenco", "PUEBLO INDIGENA O AFROMEXICANO": "ME’PHAA\n(TLAPANECO)", "LOCALIDAD": "CRUZLAVILLA", "CLAVE LOC": 120810016, "TIPO DE ASENTAMIENTO": "COMUNIDAD INDIGENA", "NOMBRE": "CRUZ LA VILLA", "MONTO ASIGNADO (PESOS)": 417546, "LATITUD": 17.033834, "LONGITUD": -98.695319 }, "geometry": { "type": "Point", "coordinates": [ -98.695319, 17.033834 ] } },
{ "type": "Feature", "properties": { "NO": 769, "ENTIDAD": "GUERRERO", "MUNICIPIO": "Iliatenco", "PUEBLO INDIGENA O AFROMEXICANO": "ME’PHAA\n(TLAPANECO)", "LOCALIDAD": "CRUZVERDE", "CLAVE LOC": 120810015, "TIPO DE ASENTAMIENTO": "COMUNIDAD INDIGENA", "NOMBRE": "CRUZ VERDE", "MONTO ASIGNADO (PESOS)": 565783, "LATITUD": 17.021004, "LONGITUD": -98.655198 }, "geometry": { "type": "Point", "coordinates": [ -98.655198, 17.021004 ] } },
{ "type": "Feature", "properties": { "NO": 770, "ENTIDAD": "GUERRERO", "MUNICIPIO": "Iliatenco", "PUEBLO INDIGENA O AFROMEXICANO": "ME’PHAA\n(TLAPANECO)", "LOCALIDAD": "CRUZTOMAHUAC", "CLAVE LOC": 120810017, "TIPO DE ASENTAMIENTO": "COMUNIDAD INDIGENA", "NOMBRE": "CRUZTOMÁHUAC", "MONTO ASIGNADO (PESOS)": 424154, "LATITUD": 17.046298, "LONGITUD": -98.63761 }, "geometry": { "type": "Point", "coordinates": [ -98.63761, 17.046298 ] } },
{ "type": "Feature", "properties": { "NO": 771, "ENTIDAD": "GUERRERO", "MUNICIPIO": "Iliatenco", "PUEBLO INDIGENA O AFROMEXICANO": "ME’PHAA\n(TLAPANECO)", "LOCALIDAD": "ELASERRADERO", "CLAVE LOC": 120810008, "TIPO DE ASENTAMIENTO": "COMUNIDAD INDIGENA", "NOMBRE": "EL ASERRADERO", "MONTO ASIGNADO (PESOS)": 610887, "LATITUD": 17.007285, "LONGITUD": -98.667988 }, "geometry": { "type": "Point", "coordinates": [ -98.667988, 17.007285 ] } },
{ "type": "Feature", "properties": { "NO": 772, "ENTIDAD": "GUERRERO", "MUNICIPIO": "Iliatenco", "PUEBLO INDIGENA O AFROMEXICANO": "ME’PHAA\n(TLAPANECO)", "LOCALIDAD": "ELPARAISO", "CLAVE LOC": 120810042, "TIPO DE ASENTAMIENTO": "COMUNIDAD INDIGENA", "NOMBRE": "EL PARAÍSO", "MONTO ASIGNADO (PESOS)": 160014, "LATITUD": 17.017999, "LONGITUD": -98.672099 }, "geometry": { "type": "Point", "coordinates": [ -98.672099, 17.017999 ] } },
{ "type": "Feature", "properties": { "NO": 773, "ENTIDAD": "GUERRERO", "MUNICIPIO": "Iliatenco", "PUEBLO INDIGENA O AFROMEXICANO": "ME’PHAA\n(TLAPANECO)", "LOCALIDAD": "ILIATENCO", "CLAVE LOC": 120810001, "TIPO DE ASENTAMIENTO": "COMUNIDAD INDIGENA", "NOMBRE": "ILIATENCO", "MONTO ASIGNADO (PESOS)": 1724819, "LATITUD": 17.045531, "LONGITUD": -98.685811 }, "geometry": { "type": "Point", "coordinates": [ -98.685811, 17.045531 ] } },
{ "type": "Feature", "properties": { "NO": 774, "ENTIDAD": "GUERRERO", "MUNICIPIO": "Iliatenco", "PUEBLO INDIGENA O AFROMEXICANO": "ME’PHAA\n(TLAPANECO)", "LOCALIDAD": "LLANOPAJARITO", "CLAVE LOC": 120810046, "TIPO DE ASENTAMIENTO": "COMUNIDAD INDIGENA", "NOMBRE": "LLANO PAJARITO", "MONTO ASIGNADO (PESOS)": 141171, "LATITUD": 17.05067, "LONGITUD": -98.600735 }, "geometry": { "type": "Point", "coordinates": [ -98.600735, 17.05067 ] } },
{ "type": "Feature", "properties": { "NO": 775, "ENTIDAD": "GUERRERO", "MUNICIPIO": "Iliatenco", "PUEBLO INDIGENA O AFROMEXICANO": "ME’PHAA\n(TLAPANECO)", "LOCALIDAD": "LOMABONITA", "CLAVE LOC": 120810047, "TIPO DE ASENTAMIENTO": "COMUNIDAD INDIGENA", "NOMBRE": "LOMA BONITA", "MONTO ASIGNADO (PESOS)": 126096, "LATITUD": 16.992059, "LONGITUD": -98.644613 }, "geometry": { "type": "Point", "coordinates": [ -98.644613, 16.992059 ] } },
{ "type": "Feature", "properties": { "NO": 776, "ENTIDAD": "GUERRERO", "MUNICIPIO": "Iliatenco", "PUEBLO INDIGENA O AFROMEXICANO": "ME’PHAA\n(TLAPANECO)", "LOCALIDAD": "LOMADECUAPINOLE", "CLAVE LOC": 120810020, "TIPO DE ASENTAMIENTO": "COMUNIDAD INDIGENA", "NOMBRE": "LOMA DE CUAPINOLE", "MONTO ASIGNADO (PESOS)": 485383, "LATITUD": 17.022368, "LONGITUD": -98.685566 }, "geometry": { "type": "Point", "coordinates": [ -98.685566, 17.022368 ] } },
{ "type": "Feature", "properties": { "NO": 777, "ENTIDAD": "GUERRERO", "MUNICIPIO": "Iliatenco", "PUEBLO INDIGENA O AFROMEXICANO": "ME’PHAA\n(TLAPANECO)", "LOCALIDAD": "LOMADELASVIGAS", "CLAVE LOC": 120810048, "TIPO DE ASENTAMIENTO": "COMUNIDAD INDIGENA", "NOMBRE": "LOMA DE LAS VIGAS", "MONTO ASIGNADO (PESOS)": 209008, "LATITUD": 17.032474, "LONGITUD": -98.649035 }, "geometry": { "type": "Point", "coordinates": [ -98.649035, 17.032474 ] } },
{ "type": "Feature", "properties": { "NO": 778, "ENTIDAD": "GUERRERO", "MUNICIPIO": "Iliatenco", "PUEBLO INDIGENA O AFROMEXICANO": "ME’PHAA\n(TLAPANECO)", "LOCALIDAD": "LOMAENCINO", "CLAVE LOC": 120810010, "TIPO DE ASENTAMIENTO": "COMUNIDAD INDIGENA", "NOMBRE": "LOMA DE LAS VIGAS", "MONTO ASIGNADO (PESOS)": 84639, "LATITUD": 17.032474, "LONGITUD": -98.649035 }, "geometry": { "type": "Point", "coordinates": [ -98.649035, 17.032474 ] } },
{ "type": "Feature", "properties": { "NO": 779, "ENTIDAD": "GUERRERO", "MUNICIPIO": "Iliatenco", "PUEBLO INDIGENA O AFROMEXICANO": "ME’PHAA\n(TLAPANECO)", "LOCALIDAD": "LOMAENCINO", "CLAVE LOC": 120810011, "TIPO DE ASENTAMIENTO": "LOCALIDAD CON POBLACION\nINDIGENA", "NOMBRE": "LOMA ENCINO", "MONTO ASIGNADO (PESOS)": 226596, "LATITUD": 17.029384, "LONGITUD": -98.663481 }, "geometry": { "type": "Point", "coordinates": [ -98.663481, 17.029384 ] } },
{ "type": "Feature", "properties": { "NO": 780, "ENTIDAD": "GUERRERO", "MUNICIPIO": "Iliatenco", "PUEBLO INDIGENA O AFROMEXICANO": "ME’PHAA\n(TLAPANECO)", "LOCALIDAD": "OJODEAGUA", "CLAVE LOC": 120810021, "TIPO DE ASENTAMIENTO": "COMUNIDAD INDIGENA", "NOMBRE": "OJO DE AGUA", "MONTO ASIGNADO (PESOS)": 539402, "LATITUD": 17.051128, "LONGITUD": -98.707944 }, "geometry": { "type": "Point", "coordinates": [ -98.707944, 17.051128 ] } },
{ "type": "Feature", "properties": { "NO": 781, "ENTIDAD": "GUERRERO", "MUNICIPIO": "Iliatenco", "PUEBLO INDIGENA O AFROMEXICANO": "ME’PHAA\n(TLAPANECO)", "LOCALIDAD": "ORIENTAL", "CLAVE LOC": 120810039, "TIPO DE ASENTAMIENTO": "COMUNIDAD INDIGENA", "NOMBRE": "ORIENTAL", "MONTO ASIGNADO (PESOS)": 480740, "LATITUD": 17.044566, "LONGITUD": -98.685112 }, "geometry": { "type": "Point", "coordinates": [ -98.685112, 17.044566 ] } },
{ "type": "Feature", "properties": { "NO": 782, "ENTIDAD": "GUERRERO", "MUNICIPIO": "Iliatenco", "PUEBLO INDIGENA O AFROMEXICANO": "ME’PHAA\n(TLAPANECO)", "LOCALIDAD": "PIEDRABLANCA", "CLAVE LOC": 120810033, "TIPO DE ASENTAMIENTO": "COMUNIDAD INDIGENA", "NOMBRE": "PIEDRA BLANCA", "MONTO ASIGNADO (PESOS)": 178858, "LATITUD": 16.996908, "LONGITUD": -98.65703 }, "geometry": { "type": "Point", "coordinates": [ -98.65703, 16.996908 ] } },
{ "type": "Feature", "properties": { "NO": 783, "ENTIDAD": "GUERRERO", "MUNICIPIO": "Iliatenco", "PUEBLO INDIGENA O AFROMEXICANO": "ME’PHAA\n(TLAPANECO)", "LOCALIDAD": "PLANCANTU", "CLAVE LOC": 120810049, "TIPO DE ASENTAMIENTO": "COMUNIDAD INDIGENA", "NOMBRE": "PLAN CANTÚ", "MONTO ASIGNADO (PESOS)": 157393, "LATITUD": 17.059179, "LONGITUD": -98.684209 }, "geometry": { "type": "Point", "coordinates": [ -98.684209, 17.059179 ] } },
{ "type": "Feature", "properties": { "NO": 784, "ENTIDAD": "GUERRERO", "MUNICIPIO": "Iliatenco", "PUEBLO INDIGENA O AFROMEXICANO": "ME’PHAA\n(TLAPANECO)", "LOCALIDAD": "PLANGALEANA", "CLAVE LOC": 120810022, "TIPO DE ASENTAMIENTO": "LOCALIDAD CON POBLACION\nINDIGENA", "NOMBRE": "PLAN GALEANA", "MONTO ASIGNADO (PESOS)": 197811, "LATITUD": 17.034094, "LONGITUD": -98.680095 }, "geometry": { "type": "Point", "coordinates": [ -98.680095, 17.034094 ] } },
{ "type": "Feature", "properties": { "NO": 785, "ENTIDAD": "GUERRERO", "MUNICIPIO": "Iliatenco", "PUEBLO INDIGENA O AFROMEXICANO": "ME’PHAA\n(TLAPANECO)", "LOCALIDAD": "PORTEZUELODELCLARIN", "CLAVE LOC": 120810023, "TIPO DE ASENTAMIENTO": "COMUNIDAD INDIGENA", "NOMBRE": "PORTEZUELO DEL CLARÍN", "MONTO ASIGNADO (PESOS)": 464027, "LATITUD": 17.064343, "LONGITUD": -98.666868 }, "geometry": { "type": "Point", "coordinates": [ -98.666868, 17.064343 ] } },
{ "type": "Feature", "properties": { "NO": 786, "ENTIDAD": "GUERRERO", "MUNICIPIO": "Iliatenco", "PUEBLO INDIGENA O AFROMEXICANO": "ME’PHAA\n(TLAPANECO)", "LOCALIDAD": "SANANTONIO", "CLAVE LOC": 120810014, "TIPO DE ASENTAMIENTO": "COMUNIDAD INDIGENA", "NOMBRE": "SAN ANTONIO", "MONTO ASIGNADO (PESOS)": 241671, "LATITUD": 17.036938, "LONGITUD": -98.705393 }, "geometry": { "type": "Point", "coordinates": [ -98.705393, 17.036938 ] } },
{ "type": "Feature", "properties": { "NO": 787, "ENTIDAD": "GUERRERO", "MUNICIPIO": "Iliatenco", "PUEBLO INDIGENA O AFROMEXICANO": "ME’PHAA\n(TLAPANECO)", "LOCALIDAD": "SANISIDRO", "CLAVE LOC": 120810024, "TIPO DE ASENTAMIENTO": "COMUNIDAD INDIGENA", "NOMBRE": "SAN ISIDRO", "MONTO ASIGNADO (PESOS)": 266796, "LATITUD": 17.06809, "LONGITUD": -98.705353 }, "geometry": { "type": "Point", "coordinates": [ -98.705353, 17.06809 ] } },
{ "type": "Feature", "properties": { "NO": 788, "ENTIDAD": "GUERRERO", "MUNICIPIO": "Iliatenco", "PUEBLO INDIGENA O AFROMEXICANO": "ME’PHAA\n(TLAPANECO)", "LOCALIDAD": "SANJOSEARROYO", "CLAVE LOC": 120810052, "TIPO DE ASENTAMIENTO": "COMUNIDAD INDIGENA", "NOMBRE": "SAN JOSÉ ARROYO", "MONTO ASIGNADO (PESOS)": 254233, "LATITUD": 17.03515, "LONGITUD": -98.724719 }, "geometry": { "type": "Point", "coordinates": [ -98.724719, 17.03515 ] } },
{ "type": "Feature", "properties": { "NO": 789, "ENTIDAD": "GUERRERO", "MUNICIPIO": "Iliatenco", "PUEBLO INDIGENA O AFROMEXICANO": "ME’PHAA\n(TLAPANECO)", "LOCALIDAD": "SANJOSEVISTAHERMOSA", "CLAVE LOC": 120810025, "TIPO DE ASENTAMIENTO": "COMUNIDAD INDIGENA", "NOMBRE": "SAN JOSÉ VISTA HERMOSA", "MONTO ASIGNADO (PESOS)": 686874, "LATITUD": 16.992526, "LONGITUD": -98.6812 }, "geometry": { "type": "Point", "coordinates": [ -98.6812, 16.992526 ] } },
{ "type": "Feature", "properties": { "NO": 790, "ENTIDAD": "GUERRERO", "MUNICIPIO": "Iliatenco", "PUEBLO INDIGENA O AFROMEXICANO": "ME’PHAA\n(TLAPANECO)", "LOCALIDAD": "SANJUANDELRIO", "CLAVE LOC": 120810026, "TIPO DE ASENTAMIENTO": "COMUNIDAD INDIGENA", "NOMBRE": "SAN JUAN DEL RÍO", "MONTO ASIGNADO (PESOS)": 166296, "LATITUD": 17.032409, "LONGITUD": -98.671001 }, "geometry": { "type": "Point", "coordinates": [ -98.671001, 17.032409 ] } },
{ "type": "Feature", "properties": { "NO": 791, "ENTIDAD": "GUERRERO", "MUNICIPIO": "Iliatenco", "PUEBLO INDIGENA O AFROMEXICANO": "ME’PHAA\n(TLAPANECO)", "LOCALIDAD": "SANMARTINDEPORRES", "CLAVE LOC": 120810043, "TIPO DE ASENTAMIENTO": "COMUNIDAD INDIGENA", "NOMBRE": "SAN MARTÍN DE PORRES", "MONTO ASIGNADO (PESOS)": 157502, "LATITUD": 17.053112, "LONGITUD": -98.68438 }, "geometry": { "type": "Point", "coordinates": [ -98.68438, 17.053112 ] } },
{ "type": "Feature", "properties": { "NO": 792, "ENTIDAD": "GUERRERO", "MUNICIPIO": "Iliatenco", "PUEBLO INDIGENA O AFROMEXICANO": "ME’PHAA\n(TLAPANECO)", "LOCALIDAD": "SANTACECILIA", "CLAVE LOC": 120810037, "TIPO DE ASENTAMIENTO": "COMUNIDAD INDIGENA", "NOMBRE": "SANTA CECILIA", "MONTO ASIGNADO (PESOS)": 144459, "LATITUD": 17.050777, "LONGITUD": -98.67329 }, "geometry": { "type": "Point", "coordinates": [ -98.67329, 17.050777 ] } },
{ "type": "Feature", "properties": { "NO": 793, "ENTIDAD": "GUERRERO", "MUNICIPIO": "Iliatenco", "PUEBLO INDIGENA O AFROMEXICANO": "ME’PHAA\n(TLAPANECO)", "LOCALIDAD": "SANTACRUZHERNANDEZ", "CLAVE LOC": 120810029, "TIPO DE ASENTAMIENTO": "COMUNIDAD INDIGENA", "NOMBRE": "SANTA CRUZ HERNÁNDEZ", "MONTO ASIGNADO (PESOS)": 256822, "LATITUD": 17.049339, "LONGITUD": -98.695058 }, "geometry": { "type": "Point", "coordinates": [ -98.695058, 17.049339 ] } },
{ "type": "Feature", "properties": { "NO": 794, "ENTIDAD": "GUERRERO", "MUNICIPIO": "Iliatenco", "PUEBLO INDIGENA O AFROMEXICANO": "ME’PHAA\n(TLAPANECO)", "LOCALIDAD": "TIERRACOLORADA", "CLAVE LOC": 120810050, "TIPO DE ASENTAMIENTO": "LOCALIDAD CON POBLACION\nINDIGENA", "NOMBRE": "TIERRA COLORADA", "MONTO ASIGNADO (PESOS)": 209008, "LATITUD": 17.042419, "LONGITUD": -98.615574 }, "geometry": { "type": "Point", "coordinates": [ -98.615574, 17.042419 ] } },
{ "type": "Feature", "properties": { "NO": 795, "ENTIDAD": "GUERRERO", "MUNICIPIO": "Iliatenco", "PUEBLO INDIGENA O AFROMEXICANO": "ME’PHAA\n(TLAPANECO)", "LOCALIDAD": "TLAHUITEPEC", "CLAVE LOC": 120810031, "TIPO DE ASENTAMIENTO": "COMUNIDAD INDIGENA", "NOMBRE": "TLAHUITEPEC", "MONTO ASIGNADO (PESOS)": 670052, "LATITUD": 16.986203, "LONGITUD": -98.61837 }, "geometry": { "type": "Point", "coordinates": [ -98.61837, 16.986203 ] } },
{ "type": "Feature", "properties": { "NO": 796, "ENTIDAD": "GUERRERO", "MUNICIPIO": "Iliatenco", "PUEBLO INDIGENA O AFROMEXICANO": "ME’PHAA\n(TLAPANECO)", "LOCALIDAD": "VISTAALEGRE", "CLAVE LOC": 120810034, "TIPO DE ASENTAMIENTO": "COMUNIDAD INDIGENA", "NOMBRE": "VISTA ALEGRE", "MONTO ASIGNADO (PESOS)": 172577, "LATITUD": 17.062686, "LONGITUD": -98.719671 }, "geometry": { "type": "Point", "coordinates": [ -98.719671, 17.062686 ] } },
{ "type": "Feature", "properties": { "NO": 797, "ENTIDAD": "GUERRERO", "MUNICIPIO": "Iliatenco", "PUEBLO INDIGENA O AFROMEXICANO": "ME’PHAA\n(TLAPANECO)", "LOCALIDAD": "VISTAHERMOSA", "CLAVE LOC": 120810035, "TIPO DE ASENTAMIENTO": "LOCALIDAD CON POBLACION\nINDIGENA", "NOMBRE": "VISTA HERMOSA", "MONTO ASIGNADO (PESOS)": 259258, "LATITUD": 17.042114, "LONGITUD": -98.682031 }, "geometry": { "type": "Point", "coordinates": [ -98.682031, 17.042114 ] } },
{ "type": "Feature", "properties": { "NO": 798, "ENTIDAD": "GUERRERO", "MUNICIPIO": "Iliatenco", "PUEBLO INDIGENA O AFROMEXICANO": "ME’PHAA\n(TLAPANECO)", "LOCALIDAD": "(SINNOMBRE)", "CLAVE LOC": 120811208, "TIPO DE ASENTAMIENTO": "COMUNIDAD INDIGENA", "NOMBRE": "VISTA HERMOSA", "MONTO ASIGNADO (PESOS)": 84639, "LATITUD": 17.042114, "LONGITUD": -98.682031 }, "geometry": { "type": "Point", "coordinates": [ -98.682031, 17.042114 ] } },
{ "type": "Feature", "properties": { "NO": 799, "ENTIDAD": "GUERRERO", "MUNICIPIO": "José Joaquín de Herrera", "PUEBLO INDIGENA O AFROMEXICANO": "NAHUA", "LOCALIDAD": "ACALCO", "CLAVE LOC": 120790002, "TIPO DE ASENTAMIENTO": "COMUNIDAD INDIGENA", "NOMBRE": "ACALCO", "MONTO ASIGNADO (PESOS)": 205239, "LATITUD": 17.416231, "LONGITUD": -98.995833 }, "geometry": { "type": "Point", "coordinates": [ -98.995833, 17.416231 ] } },
{ "type": "Feature", "properties": { "NO": 800, "ENTIDAD": "GUERRERO", "MUNICIPIO": "José Joaquín de Herrera", "PUEBLO INDIGENA O AFROMEXICANO": "NAHUA", "LOCALIDAD": "AHUACOSIJTIC", "CLAVE LOC": 120790004, "TIPO DE ASENTAMIENTO": "COMUNIDAD INDIGENA", "NOMBRE": "AHUACOSIJTIC", "MONTO ASIGNADO (PESOS)": 260514, "LATITUD": 17.396944, "LONGITUD": -99.000833 }, "geometry": { "type": "Point", "coordinates": [ -99.000833, 17.396944 ] } },
{ "type": "Feature", "properties": { "NO": 801, "ENTIDAD": "GUERRERO", "MUNICIPIO": "José Joaquín de Herrera", "PUEBLO INDIGENA O AFROMEXICANO": "NAHUA", "LOCALIDAD": "AJACAYANORIENTE", "CLAVE LOC": 120790005, "TIPO DE ASENTAMIENTO": "COMUNIDAD INDIGENA", "NOMBRE": "AJACAYÁN ORIENTE", "MONTO ASIGNADO (PESOS)": 826297, "LATITUD": 17.47932, "LONGITUD": -98.980807 }, "geometry": { "type": "Point", "coordinates": [ -98.980807, 17.47932 ] } },
{ "type": "Feature", "properties": { "NO": 802, "ENTIDAD": "GUERRERO", "MUNICIPIO": "José Joaquín de Herrera", "PUEBLO INDIGENA O AFROMEXICANO": "NAHUA", "LOCALIDAD": "APANGUITO", "CLAVE LOC": 120790010, "TIPO DE ASENTAMIENTO": "COMUNIDAD INDIGENA", "NOMBRE": "APANGUITO", "MONTO ASIGNADO (PESOS)": 908739, "LATITUD": 17.447501, "LONGITUD": -98.984412 }, "geometry": { "type": "Point", "coordinates": [ -98.984412, 17.447501 ] } },
{ "type": "Feature", "properties": { "NO": 803, "ENTIDAD": "GUERRERO", "MUNICIPIO": "José Joaquín de Herrera", "PUEBLO INDIGENA O AFROMEXICANO": "NAHUA", "LOCALIDAD": "APOZONALCO", "CLAVE LOC": 120790011, "TIPO DE ASENTAMIENTO": "COMUNIDAD INDIGENA", "NOMBRE": "APOZONALCO", "MONTO ASIGNADO (PESOS)": 839645, "LATITUD": 17.468014, "LONGITUD": -98.992777 }, "geometry": { "type": "Point", "coordinates": [ -98.992777, 17.468014 ] } },
{ "type": "Feature", "properties": { "NO": 804, "ENTIDAD": "GUERRERO", "MUNICIPIO": "José Joaquín de Herrera", "PUEBLO INDIGENA O AFROMEXICANO": "NAHUA", "LOCALIDAD": "ATEMPAORIENTE", "CLAVE LOC": 120790012, "TIPO DE ASENTAMIENTO": "COMUNIDAD INDIGENA", "NOMBRE": "ATEMPA ORIENTE", "MONTO ASIGNADO (PESOS)": 152477, "LATITUD": 17.440895, "LONGITUD": -99.002472 }, "geometry": { "type": "Point", "coordinates": [ -99.002472, 17.440895 ] } },
{ "type": "Feature", "properties": { "NO": 805, "ENTIDAD": "GUERRERO", "MUNICIPIO": "José Joaquín de Herrera", "PUEBLO INDIGENA O AFROMEXICANO": "NAHUA", "LOCALIDAD": "AXOLOAPA", "CLAVE LOC": 120790013, "TIPO DE ASENTAMIENTO": "COMUNIDAD INDIGENA", "NOMBRE": "AXOLOAPA", "MONTO ASIGNADO (PESOS)": 413777, "LATITUD": 17.420666, "LONGITUD": -99.025111 }, "geometry": { "type": "Point", "coordinates": [ -99.025111, 17.420666 ] } },
{ "type": "Feature", "properties": { "NO": 806, "ENTIDAD": "GUERRERO", "MUNICIPIO": "José Joaquín de Herrera", "PUEBLO INDIGENA O AFROMEXICANO": "NAHUA", "LOCALIDAD": "AYAHUALTEMPA", "CLAVE LOC": 120790014, "TIPO DE ASENTAMIENTO": "COMUNIDAD INDIGENA", "NOMBRE": "AYAHUALTEMPA", "MONTO ASIGNADO (PESOS)": 667473, "LATITUD": 17.457778, "LONGITUD": -99.037222 }, "geometry": { "type": "Point", "coordinates": [ -99.037222, 17.457778 ] } },
{ "type": "Feature", "properties": { "NO": 807, "ENTIDAD": "GUERRERO", "MUNICIPIO": "José Joaquín de Herrera", "PUEBLO INDIGENA O AFROMEXICANO": "NAHUA", "LOCALIDAD": "BUENAVISTADELOSAIRES", "CLAVE LOC": 120790017, "TIPO DE ASENTAMIENTO": "COMUNIDAD INDIGENA", "NOMBRE": "BUENA VISTA DE LOS AIRES", "MONTO ASIGNADO (PESOS)": 579602, "LATITUD": 17.491794, "LONGITUD": -99.009698 }, "geometry": { "type": "Point", "coordinates": [ -99.009698, 17.491794 ] } },
{ "type": "Feature", "properties": { "NO": 808, "ENTIDAD": "GUERRERO", "MUNICIPIO": "José Joaquín de Herrera", "PUEBLO INDIGENA O AFROMEXICANO": "NAHUA", "LOCALIDAD": "BUGAMBILIA", "CLAVE LOC": 120790076, "TIPO DE ASENTAMIENTO": "COMUNIDAD INDIGENA", "NOMBRE": "BUGAMBILIA", "MONTO ASIGNADO (PESOS)": 295689, "LATITUD": 17.450733, "LONGITUD": -98.988125 }, "geometry": { "type": "Point", "coordinates": [ -98.988125, 17.450733 ] } },
{ "type": "Feature", "properties": { "NO": 809, "ENTIDAD": "GUERRERO", "MUNICIPIO": "José Joaquín de Herrera", "PUEBLO INDIGENA O AFROMEXICANO": "NAHUA", "LOCALIDAD": "CACAHUATEPEC", "CLAVE LOC": 120790018, "TIPO DE ASENTAMIENTO": "COMUNIDAD INDIGENA", "NOMBRE": "CACAHUATEPEC", "MONTO ASIGNADO (PESOS)": 1345914, "LATITUD": 17.397876, "LONGITUD": -98.97011 }, "geometry": { "type": "Point", "coordinates": [ -98.97011, 17.397876 ] } },
{ "type": "Feature", "properties": { "NO": 810, "ENTIDAD": "GUERRERO", "MUNICIPIO": "José Joaquín de Herrera", "PUEBLO INDIGENA O AFROMEXICANO": "NAHUA", "LOCALIDAD": "CACAHUATLA", "CLAVE LOC": 120790019, "TIPO DE ASENTAMIENTO": "COMUNIDAD INDIGENA", "NOMBRE": "CACAHUATLA", "MONTO ASIGNADO (PESOS)": 729095, "LATITUD": 17.401861, "LONGITUD": -99.00767 }, "geometry": { "type": "Point", "coordinates": [ -99.00767, 17.401861 ] } },
{ "type": "Feature", "properties": { "NO": 811, "ENTIDAD": "GUERRERO", "MUNICIPIO": "José Joaquín de Herrera", "PUEBLO INDIGENA O AFROMEXICANO": "NAHUA", "LOCALIDAD": "CACALOTEPEC", "CLAVE LOC": 120790020, "TIPO DE ASENTAMIENTO": "COMUNIDAD INDIGENA", "NOMBRE": "CACALOTEPEC", "MONTO ASIGNADO (PESOS)": 622314, "LATITUD": 17.469737, "LONGITUD": -99.023628 }, "geometry": { "type": "Point", "coordinates": [ -99.023628, 17.469737 ] } },
{ "type": "Feature", "properties": { "NO": 812, "ENTIDAD": "GUERRERO", "MUNICIPIO": "José Joaquín de Herrera", "PUEBLO INDIGENA O AFROMEXICANO": "NAHUA", "LOCALIDAD": "CHAHUIXCO", "CLAVE LOC": 120790025, "TIPO DE ASENTAMIENTO": "COMUNIDAD INDIGENA", "NOMBRE": "CHAHUIXCO", "MONTO ASIGNADO (PESOS)": 210264, "LATITUD": 17.446755, "LONGITUD": -98.977864 }, "geometry": { "type": "Point", "coordinates": [ -98.977864, 17.446755 ] } },
{ "type": "Feature", "properties": { "NO": 813, "ENTIDAD": "GUERRERO", "MUNICIPIO": "José Joaquín de Herrera", "PUEBLO INDIGENA O AFROMEXICANO": "NAHUA", "LOCALIDAD": "CUITLANISTEPEC", "CLAVE LOC": 120790024, "TIPO DE ASENTAMIENTO": "COMUNIDAD INDIGENA", "NOMBRE": "CUITLANISTEPEC", "MONTO ASIGNADO (PESOS)": 244183, "LATITUD": 17.403241, "LONGITUD": -99.02726 }, "geometry": { "type": "Point", "coordinates": [ -99.02726, 17.403241 ] } },
{ "type": "Feature", "properties": { "NO": 814, "ENTIDAD": "GUERRERO", "MUNICIPIO": "José Joaquín de Herrera", "PUEBLO INDIGENA O AFROMEXICANO": "NAHUA", "LOCALIDAD": "DOSPAÑOS", "CLAVE LOC": 120790026, "TIPO DE ASENTAMIENTO": "COMUNIDAD INDIGENA", "NOMBRE": "DOSPAÑOS", "MONTO ASIGNADO (PESOS)": 138658, "LATITUD": 17.472601, "LONGITUD": -98.976158 }, "geometry": { "type": "Point", "coordinates": [ -98.976158, 17.472601 ] } },
{ "type": "Feature", "properties": { "NO": 815, "ENTIDAD": "GUERRERO", "MUNICIPIO": "José Joaquín de Herrera", "PUEBLO INDIGENA O AFROMEXICANO": "NAHUA", "LOCALIDAD": "ELBARZAMO", "CLAVE LOC": 120790016, "TIPO DE ASENTAMIENTO": "COMUNIDAD INDIGENA", "NOMBRE": "EL BÁRZAMO", "MONTO ASIGNADO (PESOS)": 251721, "LATITUD": 17.385321, "LONGITUD": -98.968012 }, "geometry": { "type": "Point", "coordinates": [ -98.968012, 17.385321 ] } },
{ "type": "Feature", "properties": { "NO": 816, "ENTIDAD": "GUERRERO", "MUNICIPIO": "José Joaquín de Herrera", "PUEBLO INDIGENA O AFROMEXICANO": "NAHUA", "LOCALIDAD": "ELCARACOL", "CLAVE LOC": 120790021, "TIPO DE ASENTAMIENTO": "COMUNIDAD INDIGENA", "NOMBRE": "EL CARACOL", "MONTO ASIGNADO (PESOS)": 226596, "LATITUD": 17.465173, "LONGITUD": -99.0392 }, "geometry": { "type": "Point", "coordinates": [ -99.0392, 17.465173 ] } },
{ "type": "Feature", "properties": { "NO": 817, "ENTIDAD": "GUERRERO", "MUNICIPIO": "José Joaquín de Herrera", "PUEBLO INDIGENA O AFROMEXICANO": "NAHUA", "LOCALIDAD": "HUEYCANTENANGO", "CLAVE LOC": 120790001, "TIPO DE ASENTAMIENTO": "COMUNIDAD INDIGENA", "NOMBRE": "HUEYCANTENANGO", "MONTO ASIGNADO (PESOS)": 1769279, "LATITUD": 17.448726, "LONGITUD": -99.024387 }, "geometry": { "type": "Point", "coordinates": [ -99.024387, 17.448726 ] } },
{ "type": "Feature", "properties": { "NO": 818, "ENTIDAD": "GUERRERO", "MUNICIPIO": "José Joaquín de Herrera", "PUEBLO INDIGENA O AFROMEXICANO": "NAHUA", "LOCALIDAD": "IXCATLA", "CLAVE LOC": 120790028, "TIPO DE ASENTAMIENTO": "COMUNIDAD INDIGENA", "NOMBRE": "IXCATLA", "MONTO ASIGNADO (PESOS)": 1927558, "LATITUD": 17.422537, "LONGITUD": -98.999539 }, "geometry": { "type": "Point", "coordinates": [ -98.999539, 17.422537 ] } },
{ "type": "Feature", "properties": { "NO": 819, "ENTIDAD": "GUERRERO", "MUNICIPIO": "José Joaquín de Herrera", "PUEBLO INDIGENA O AFROMEXICANO": "NAHUA", "LOCALIDAD": "IXTLAHUAC", "CLAVE LOC": 120790029, "TIPO DE ASENTAMIENTO": "COMUNIDAD INDIGENA", "NOMBRE": "IXTLÁHUAC", "MONTO ASIGNADO (PESOS)": 225339, "LATITUD": 17.380318, "LONGITUD": -98.98244 }, "geometry": { "type": "Point", "coordinates": [ -98.98244, 17.380318 ] } },
{ "type": "Feature", "properties": { "NO": 820, "ENTIDAD": "GUERRERO", "MUNICIPIO": "José Joaquín de Herrera", "PUEBLO INDIGENA O AFROMEXICANO": "NAHUA", "LOCALIDAD": "JUQUILITA", "CLAVE LOC": 120790073, "TIPO DE ASENTAMIENTO": "COMUNIDAD INDIGENA", "NOMBRE": "JUQUILITA", "MONTO ASIGNADO (PESOS)": 271821, "LATITUD": 17.386082, "LONGITUD": -98.98766 }, "geometry": { "type": "Point", "coordinates": [ -98.98766, 17.386082 ] } },
{ "type": "Feature", "properties": { "NO": 821, "ENTIDAD": "GUERRERO", "MUNICIPIO": "José Joaquín de Herrera", "PUEBLO INDIGENA O AFROMEXICANO": "NAHUA", "LOCALIDAD": "LAHACIENDITA", "CLAVE LOC": 120790071, "TIPO DE ASENTAMIENTO": "COMUNIDAD INDIGENA", "NOMBRE": "LA HACIENDITA", "MONTO ASIGNADO (PESOS)": 167552, "LATITUD": 17.472868, "LONGITUD": -99.016735 }, "geometry": { "type": "Point", "coordinates": [ -99.016735, 17.472868 ] } },
{ "type": "Feature", "properties": { "NO": 822, "ENTIDAD": "GUERRERO", "MUNICIPIO": "José Joaquín de Herrera", "PUEBLO INDIGENA O AFROMEXICANO": "NAHUA", "LOCALIDAD": "LALAGUNA", "CLAVE LOC": 120790030, "TIPO DE ASENTAMIENTO": "COMUNIDAD INDIGENA", "NOMBRE": "LA LAGUNA", "MONTO ASIGNADO (PESOS)": 236646, "LATITUD": 17.455944, "LONGITUD": -99.020897 }, "geometry": { "type": "Point", "coordinates": [ -99.020897, 17.455944 ] } },
{ "type": "Feature", "properties": { "NO": 823, "ENTIDAD": "GUERRERO", "MUNICIPIO": "José Joaquín de Herrera", "PUEBLO INDIGENA O AFROMEXICANO": "NAHUA", "LOCALIDAD": "LOMADESANTUARIO", "CLAVE LOC": 120790079, "TIPO DE ASENTAMIENTO": "COMUNIDAD INDIGENA", "NOMBRE": "LOMA DE SANTUARIO", "MONTO ASIGNADO (PESOS)": 288152, "LATITUD": 17.449391, "LONGITUD": -98.969219 }, "geometry": { "type": "Point", "coordinates": [ -98.969219, 17.449391 ] } },
{ "type": "Feature", "properties": { "NO": 824, "ENTIDAD": "GUERRERO", "MUNICIPIO": "José Joaquín de Herrera", "PUEBLO INDIGENA O AFROMEXICANO": "NAHUA", "LOCALIDAD": "LOSOCOTITOS(ELOCOTITO)", "CLAVE LOC": 120790039, "TIPO DE ASENTAMIENTO": "COMUNIDAD INDIGENA", "NOMBRE": "LOS OCOTITOS (EL OCOTITO)", "MONTO ASIGNADO (PESOS)": 231621, "LATITUD": 17.481434, "LONGITUD": -99.026523 }, "geometry": { "type": "Point", "coordinates": [ -99.026523, 17.481434 ] } },
{ "type": "Feature", "properties": { "NO": 825, "ENTIDAD": "GUERRERO", "MUNICIPIO": "José Joaquín de Herrera", "PUEBLO INDIGENA O AFROMEXICANO": "NAHUA", "LOCALIDAD": "LOSPINOS", "CLAVE LOC": 120790078, "TIPO DE ASENTAMIENTO": "COMUNIDAD INDIGENA", "NOMBRE": "LOS PINOS", "MONTO ASIGNADO (PESOS)": 330864, "LATITUD": 17.454133, "LONGITUD": -99.032471 }, "geometry": { "type": "Point", "coordinates": [ -99.032471, 17.454133 ] } },
{ "type": "Feature", "properties": { "NO": 826, "ENTIDAD": "GUERRERO", "MUNICIPIO": "José Joaquín de Herrera", "PUEBLO INDIGENA O AFROMEXICANO": "NAHUA", "LOCALIDAD": "MAZAZONTECOMAC", "CLAVE LOC": 120790033, "TIPO DE ASENTAMIENTO": "COMUNIDAD INDIGENA", "NOMBRE": "MAZAZONTECOMAC", "MONTO ASIGNADO (PESOS)": 686383, "LATITUD": 17.456258, "LONGITUD": -98.97288 }, "geometry": { "type": "Point", "coordinates": [ -98.97288, 17.456258 ] } },
{ "type": "Feature", "properties": { "NO": 827, "ENTIDAD": "GUERRERO", "MUNICIPIO": "José Joaquín de Herrera", "PUEBLO INDIGENA O AFROMEXICANO": "NAHUA", "LOCALIDAD": "NANAHUATEPEC", "CLAVE LOC": 120790035, "TIPO DE ASENTAMIENTO": "COMUNIDAD INDIGENA", "NOMBRE": "NANAHUATEPEC", "MONTO ASIGNADO (PESOS)": 131121, "LATITUD": 17.433584, "LONGITUD": -99.003458 }, "geometry": { "type": "Point", "coordinates": [ -99.003458, 17.433584 ] } },
{ "type": "Feature", "properties": { "NO": 828, "ENTIDAD": "GUERRERO", "MUNICIPIO": "José Joaquín de Herrera", "PUEBLO INDIGENA O AFROMEXICANO": "NAHUA", "LOCALIDAD": "OCOTECOMACTITLAN", "CLAVE LOC": 120790038, "TIPO DE ASENTAMIENTO": "LOCALIDAD CON POBLACION\nINDIGENA", "NOMBRE": "OCOTECOMACTITLÁN", "MONTO ASIGNADO (PESOS)": 266796, "LATITUD": 17.387921, "LONGITUD": -98.990786 }, "geometry": { "type": "Point", "coordinates": [ -98.990786, 17.387921 ] } },
{ "type": "Feature", "properties": { "NO": 829, "ENTIDAD": "GUERRERO", "MUNICIPIO": "José Joaquín de Herrera", "PUEBLO INDIGENA O AFROMEXICANO": "NAHUA", "LOCALIDAD": "OCOTITOSLL", "CLAVE LOC": 120790074, "TIPO DE ASENTAMIENTO": "COMUNIDAD INDIGENA", "NOMBRE": "OCOTITOS LL", "MONTO ASIGNADO (PESOS)": 147452, "LATITUD": 17.373752, "LONGITUD": -98.967926 }, "geometry": { "type": "Point", "coordinates": [ -98.967926, 17.373752 ] } },
{ "type": "Feature", "properties": { "NO": 830, "ENTIDAD": "GUERRERO", "MUNICIPIO": "José Joaquín de Herrera", "PUEBLO INDIGENA O AFROMEXICANO": "NAHUA", "LOCALIDAD": "OZTOTITLAN", "CLAVE LOC": 120790040, "TIPO DE ASENTAMIENTO": "COMUNIDAD INDIGENA", "NOMBRE": "OZTOTITLÁN", "MONTO ASIGNADO (PESOS)": 466539, "LATITUD": 17.472189, "LONGITUD": -99.009677 }, "geometry": { "type": "Point", "coordinates": [ -99.009677, 17.472189 ] } },
{ "type": "Feature", "properties": { "NO": 831, "ENTIDAD": "GUERRERO", "MUNICIPIO": "José Joaquín de Herrera", "PUEBLO INDIGENA O AFROMEXICANO": "NAHUA", "LOCALIDAD": "PUENTEIXTLA", "CLAVE LOC": 120790041, "TIPO DE ASENTAMIENTO": "COMUNIDAD INDIGENA", "NOMBRE": "PUENTE IXTLA", "MONTO ASIGNADO (PESOS)": 84639, "LATITUD": 17.479125, "LONGITUD": -98.985079 }, "geometry": { "type": "Point", "coordinates": [ -98.985079, 17.479125 ] } },
{ "type": "Feature", "properties": { "NO": 832, "ENTIDAD": "GUERRERO", "MUNICIPIO": "José Joaquín de Herrera", "PUEBLO INDIGENA O AFROMEXICANO": "NAHUA", "LOCALIDAD": "QUETZALAPA", "CLAVE LOC": 120790042, "TIPO DE ASENTAMIENTO": "COMUNIDAD INDIGENA", "NOMBRE": "QUETZALAPA", "MONTO ASIGNADO (PESOS)": 594677, "LATITUD": 17.415019, "LONGITUD": -99.018993 }, "geometry": { "type": "Point", "coordinates": [ -99.018993, 17.415019 ] } },
{ "type": "Feature", "properties": { "NO": 833, "ENTIDAD": "GUERRERO", "MUNICIPIO": "José Joaquín de Herrera", "PUEBLO INDIGENA O AFROMEXICANO": "NAHUA", "LOCALIDAD": "SANMARCOSIXTLAHUAC", "CLAVE LOC": 120790043, "TIPO DE ASENTAMIENTO": "COMUNIDAD INDIGENA", "NOMBRE": "SAN MARCOS IXTLÁHUAC", "MONTO ASIGNADO (PESOS)": 727839, "LATITUD": 17.488445, "LONGITUD": -99.02282 }, "geometry": { "type": "Point", "coordinates": [ -99.02282, 17.488445 ] } },
{ "type": "Feature", "properties": { "NO": 834, "ENTIDAD": "GUERRERO", "MUNICIPIO": "José Joaquín de Herrera", "PUEBLO INDIGENA O AFROMEXICANO": "NAHUA", "LOCALIDAD": "TEMIXCO", "CLAVE LOC": 120790046, "TIPO DE ASENTAMIENTO": "COMUNIDAD INDIGENA", "NOMBRE": "TEMIXCO", "MONTO ASIGNADO (PESOS)": 489152, "LATITUD": 17.476999, "LONGITUD": -99.016149 }, "geometry": { "type": "Point", "coordinates": [ -99.016149, 17.476999 ] } },
{ "type": "Feature", "properties": { "NO": 835, "ENTIDAD": "GUERRERO", "MUNICIPIO": "José Joaquín de Herrera", "PUEBLO INDIGENA O AFROMEXICANO": "NAHUA", "LOCALIDAD": "TEOCALIXTLAHUACAN", "CLAVE LOC": 120790048, "TIPO DE ASENTAMIENTO": "COMUNIDAD INDIGENA", "NOMBRE": "TEOCALIXTLAHUACÁN", "MONTO ASIGNADO (PESOS)": 197702, "LATITUD": 17.405901, "LONGITUD": -98.995105 }, "geometry": { "type": "Point", "coordinates": [ -98.995105, 17.405901 ] } },
{ "type": "Feature", "properties": { "NO": 836, "ENTIDAD": "GUERRERO", "MUNICIPIO": "José Joaquín de Herrera", "PUEBLO INDIGENA O AFROMEXICANO": "NAHUA", "LOCALIDAD": "TEPETITLAN", "CLAVE LOC": 120790050, "TIPO DE ASENTAMIENTO": "COMUNIDAD INDIGENA", "NOMBRE": "TEPETITLÁN", "MONTO ASIGNADO (PESOS)": 250464, "LATITUD": 17.462759, "LONGITUD": -99.018504 }, "geometry": { "type": "Point", "coordinates": [ -99.018504, 17.462759 ] } },
{ "type": "Feature", "properties": { "NO": 837, "ENTIDAD": "GUERRERO", "MUNICIPIO": "José Joaquín de Herrera", "PUEBLO INDIGENA O AFROMEXICANO": "NAHUA", "LOCALIDAD": "TEPETLAZALCO", "CLAVE LOC": 120790051, "TIPO DE ASENTAMIENTO": "COMUNIDAD INDIGENA", "NOMBRE": "TEPETLAZALCO", "MONTO ASIGNADO (PESOS)": 201471, "LATITUD": 17.474324, "LONGITUD": -98.982359 }, "geometry": { "type": "Point", "coordinates": [ -98.982359, 17.474324 ] } },
{ "type": "Feature", "properties": { "NO": 838, "ENTIDAD": "GUERRERO", "MUNICIPIO": "José Joaquín de Herrera", "PUEBLO INDIGENA O AFROMEXICANO": "NAHUA", "LOCALIDAD": "TEPOZCOTLALOCA", "CLAVE LOC": 120790052, "TIPO DE ASENTAMIENTO": "COMUNIDAD INDIGENA", "NOMBRE": "TEPOZCOTLALOCA", "MONTO ASIGNADO (PESOS)": 234133, "LATITUD": 17.458486, "LONGITUD": -99.011401 }, "geometry": { "type": "Point", "coordinates": [ -99.011401, 17.458486 ] } },
{ "type": "Feature", "properties": { "NO": 839, "ENTIDAD": "GUERRERO", "MUNICIPIO": "José Joaquín de Herrera", "PUEBLO INDIGENA O AFROMEXICANO": "NAHUA", "LOCALIDAD": "TEQUIXCA", "CLAVE LOC": 120790053, "TIPO DE ASENTAMIENTO": "COMUNIDAD INDIGENA", "NOMBRE": "TEQUIXCA", "MONTO ASIGNADO (PESOS)": 510508, "LATITUD": 17.437505, "LONGITUD": -99.011327 }, "geometry": { "type": "Point", "coordinates": [ -99.011327, 17.437505 ] } },
{ "type": "Feature", "properties": { "NO": 840, "ENTIDAD": "GUERRERO", "MUNICIPIO": "José Joaquín de Herrera", "PUEBLO INDIGENA O AFROMEXICANO": "NAHUA", "LOCALIDAD": "TLACHIMALTEPEC", "CLAVE LOC": 120790058, "TIPO DE ASENTAMIENTO": "COMUNIDAD INDIGENA", "NOMBRE": "TLACHIMALTEPEC", "MONTO ASIGNADO (PESOS)": 1191395, "LATITUD": 17.484707, "LONGITUD": -99.01318 }, "geometry": { "type": "Point", "coordinates": [ -99.01318, 17.484707 ] } },
{ "type": "Feature", "properties": { "NO": 841, "ENTIDAD": "GUERRERO", "MUNICIPIO": "José Joaquín de Herrera", "PUEBLO INDIGENA O AFROMEXICANO": "NAHUA", "LOCALIDAD": "TLACOAPA", "CLAVE LOC": 120790054, "TIPO DE ASENTAMIENTO": "COMUNIDAD INDIGENA", "NOMBRE": "TLACOAPA", "MONTO ASIGNADO (PESOS)": 445183, "LATITUD": 17.437957, "LONGITUD": -98.990626 }, "geometry": { "type": "Point", "coordinates": [ -98.990626, 17.437957 ] } },
{ "type": "Feature", "properties": { "NO": 842, "ENTIDAD": "GUERRERO", "MUNICIPIO": "José Joaquín de Herrera", "PUEBLO INDIGENA O AFROMEXICANO": "NAHUA", "LOCALIDAD": "TLAIXCOATIPAN", "CLAVE LOC": 120790055, "TIPO DE ASENTAMIENTO": "COMUNIDAD INDIGENA", "NOMBRE": "TLAIXCOATIPAN", "MONTO ASIGNADO (PESOS)": 251721, "LATITUD": 17.425649, "LONGITUD": -99.01209 }, "geometry": { "type": "Point", "coordinates": [ -99.01209, 17.425649 ] } },
{ "type": "Feature", "properties": { "NO": 843, "ENTIDAD": "GUERRERO", "MUNICIPIO": "José Joaquín de Herrera", "PUEBLO INDIGENA O AFROMEXICANO": "NAHUA", "LOCALIDAD": "TLALCHICHILTIPAN", "CLAVE LOC": 120790056, "TIPO DE ASENTAMIENTO": "COMUNIDAD INDIGENA", "NOMBRE": "TLALCHICHILTIPÁN", "MONTO ASIGNADO (PESOS)": 84639, "LATITUD": 17.398188, "LONGITUD": -98.988612 }, "geometry": { "type": "Point", "coordinates": [ -98.988612, 17.398188 ] } },
{ "type": "Feature", "properties": { "NO": 844, "ENTIDAD": "GUERRERO", "MUNICIPIO": "José Joaquín de Herrera", "PUEBLO INDIGENA O AFROMEXICANO": "NAHUA", "LOCALIDAD": "TLALCHICHILTIPANNUEVO", "CLAVE LOC": 120790057, "TIPO DE ASENTAMIENTO": "LOCALIDAD CON POBLACION\nINDIGENA", "NOMBRE": "TLALCHICHILTIPÁN NUEVO", "MONTO ASIGNADO (PESOS)": 774178, "LATITUD": 17.398269, "LONGITUD": -98.999433 }, "geometry": { "type": "Point", "coordinates": [ -98.999433, 17.398269 ] } },
{ "type": "Feature", "properties": { "NO": 845, "ENTIDAD": "GUERRERO", "MUNICIPIO": "José Joaquín de Herrera", "PUEBLO INDIGENA O AFROMEXICANO": "NAHUA", "LOCALIDAD": "TLALOJCAN", "CLAVE LOC": 120790059, "TIPO DE ASENTAMIENTO": "COMUNIDAD INDIGENA", "NOMBRE": "TLALOJCAN", "MONTO ASIGNADO (PESOS)": 206496, "LATITUD": 17.371675, "LONGITUD": -98.96898 }, "geometry": { "type": "Point", "coordinates": [ -98.96898, 17.371675 ] } },
{ "type": "Feature", "properties": { "NO": 846, "ENTIDAD": "GUERRERO", "MUNICIPIO": "José Joaquín de Herrera", "PUEBLO INDIGENA O AFROMEXICANO": "NAHUA", "LOCALIDAD": "TLATLAJQUITEPEC", "CLAVE LOC": 120790060, "TIPO DE ASENTAMIENTO": "COMUNIDAD INDIGENA", "NOMBRE": "TLATLAJQUITEPEC", "MONTO ASIGNADO (PESOS)": 423827, "LATITUD": 17.378928, "LONGITUD": -98.976507 }, "geometry": { "type": "Point", "coordinates": [ -98.976507, 17.378928 ] } },
{ "type": "Feature", "properties": { "NO": 847, "ENTIDAD": "GUERRERO", "MUNICIPIO": "José Joaquín de Herrera", "PUEBLO INDIGENA O AFROMEXICANO": "NAHUA", "LOCALIDAD": "TLAYOLAPA", "CLAVE LOC": 120790061, "TIPO DE ASENTAMIENTO": "COMUNIDAD INDIGENA", "NOMBRE": "TLAYOLAPA", "MONTO ASIGNADO (PESOS)": 163783, "LATITUD": 17.460131, "LONGITUD": -98.976684 }, "geometry": { "type": "Point", "coordinates": [ -98.976684, 17.460131 ] } },
{ "type": "Feature", "properties": { "NO": 848, "ENTIDAD": "GUERRERO", "MUNICIPIO": "José Joaquín de Herrera", "PUEBLO INDIGENA O AFROMEXICANO": "NAHUA", "LOCALIDAD": "TOCTEPEC", "CLAVE LOC": 120790062, "TIPO DE ASENTAMIENTO": "COMUNIDAD INDIGENA", "NOMBRE": "TOCTEPEC", "MONTO ASIGNADO (PESOS)": 217802, "LATITUD": 17.430489, "LONGITUD": -98.986579 }, "geometry": { "type": "Point", "coordinates": [ -98.986579, 17.430489 ] } },
{ "type": "Feature", "properties": { "NO": 849, "ENTIDAD": "GUERRERO", "MUNICIPIO": "José Joaquín de Herrera", "PUEBLO INDIGENA O AFROMEXICANO": "NAHUA", "LOCALIDAD": "TOMACTILICAN", "CLAVE LOC": 120790063, "TIPO DE ASENTAMIENTO": "COMUNIDAD INDIGENA", "NOMBRE": "TOMACTILICÁN", "MONTO ASIGNADO (PESOS)": 1613495, "LATITUD": 17.458619, "LONGITUD": -98.998106 }, "geometry": { "type": "Point", "coordinates": [ -98.998106, 17.458619 ] } },
{ "type": "Feature", "properties": { "NO": 850, "ENTIDAD": "GUERRERO", "MUNICIPIO": "José Joaquín de Herrera", "PUEBLO INDIGENA O AFROMEXICANO": "NAHUA", "LOCALIDAD": "TONALAPA", "CLAVE LOC": 120790064, "TIPO DE ASENTAMIENTO": "COMUNIDAD INDIGENA", "NOMBRE": "TONALAPA", "MONTO ASIGNADO (PESOS)": 141171, "LATITUD": 17.418992, "LONGITUD": -99.010586 }, "geometry": { "type": "Point", "coordinates": [ -99.010586, 17.418992 ] } },
{ "type": "Feature", "properties": { "NO": 851, "ENTIDAD": "GUERRERO", "MUNICIPIO": "José Joaquín de Herrera", "PUEBLO INDIGENA O AFROMEXICANO": "NAHUA", "LOCALIDAD": "ZACAIXTLAHUACAN", "CLAVE LOC": 120790067, "TIPO DE ASENTAMIENTO": "COMUNIDAD INDIGENA", "NOMBRE": "ZACAIXTLAHUACÁN", "MONTO ASIGNADO (PESOS)": 421314, "LATITUD": 17.45281, "LONGITUD": -99.006754 }, "geometry": { "type": "Point", "coordinates": [ -99.006754, 17.45281 ] } },
{ "type": "Feature", "properties": { "NO": 852, "ENTIDAD": "GUERRERO", "MUNICIPIO": "José Joaquín de Herrera", "PUEBLO INDIGENA O AFROMEXICANO": "NAHUA", "LOCALIDAD": "ZACATEPEC", "CLAVE LOC": 120790068, "TIPO DE ASENTAMIENTO": "COMUNIDAD INDIGENA", "NOMBRE": "ZACATEPEC", "MONTO ASIGNADO (PESOS)": 85896, "LATITUD": 17.418914, "LONGITUD": -99.037581 }, "geometry": { "type": "Point", "coordinates": [ -99.037581, 17.418914 ] } },
{ "type": "Feature", "properties": { "NO": 853, "ENTIDAD": "GUERRERO", "MUNICIPIO": "José Joaquín de Herrera", "PUEBLO INDIGENA O AFROMEXICANO": "NAHUA", "LOCALIDAD": "ZINTIOTITLAN", "CLAVE LOC": 120790069, "TIPO DE ASENTAMIENTO": "COMUNIDAD INDIGENA", "NOMBRE": "ZINTIOTITLÁN", "MONTO ASIGNADO (PESOS)": 276846, "LATITUD": 17.447199, "LONGITUD": -99.010303 }, "geometry": { "type": "Point", "coordinates": [ -99.010303, 17.447199 ] } },
{ "type": "Feature", "properties": { "NO": 854, "ENTIDAD": "GUERRERO", "MUNICIPIO": "José Joaquín de Herrera", "PUEBLO INDIGENA O AFROMEXICANO": "NAHUA", "LOCALIDAD": "ZINTIOTITLANLOSPINOS", "CLAVE LOC": 120790077, "TIPO DE ASENTAMIENTO": "COMUNIDAD INDIGENA", "NOMBRE": "ZINTIOTITLÁN LOS PINOS", "MONTO ASIGNADO (PESOS)": 119399, "LATITUD": 17.448339, "LONGITUD": -99.01233 }, "geometry": { "type": "Point", "coordinates": [ -99.01233, 17.448339 ] } },
{ "type": "Feature", "properties": { "NO": 855, "ENTIDAD": "GUERRERO", "MUNICIPIO": "José Joaquín de Herrera", "PUEBLO INDIGENA O AFROMEXICANO": "NAHUA", "LOCALIDAD": "ZOMPANTITLAN", "CLAVE LOC": 120790070, "TIPO DE ASENTAMIENTO": "COMUNIDAD INDIGENA", "NOMBRE": "ZOMPANTITLÁN", "MONTO ASIGNADO (PESOS)": 387396, "LATITUD": 17.476537, "LONGITUD": -98.992861 }, "geometry": { "type": "Point", "coordinates": [ -98.992861, 17.476537 ] } },
{ "type": "Feature", "properties": { "NO": 856, "ENTIDAD": "GUERRERO", "MUNICIPIO": "José Joaquín de Herrera", "PUEBLO INDIGENA O AFROMEXICANO": "NAHUA", "LOCALIDAD": "(SINNOMBRE)", "CLAVE LOC": 120790000, "TIPO DE ASENTAMIENTO": "COMUNIDAD INDIGENA", "NOMBRE": "ZOMPANTITLÁN", "MONTO ASIGNADO (PESOS)": 84639, "LATITUD": 17.476537, "LONGITUD": -98.992861 }, "geometry": { "type": "Point", "coordinates": [ -98.992861, 17.476537 ] } },
{ "type": "Feature", "properties": { "NO": 857, "ENTIDAD": "GUERRERO", "MUNICIPIO": "Juan R. Escudero", "PUEBLO INDIGENA O AFROMEXICANO": "NAHUA", "LOCALIDAD": "AMATLAN", "CLAVE LOC": 120390026, "TIPO DE ASENTAMIENTO": "COMUNIDAD INDIGENA", "NOMBRE": "AMATLÁN", "MONTO ASIGNADO (PESOS)": 116974, "LATITUD": 17.18978, "LONGITUD": -99.567616 }, "geometry": { "type": "Point", "coordinates": [ -99.567616, 17.18978 ] } },
{ "type": "Feature", "properties": { "NO": 858, "ENTIDAD": "GUERRERO", "MUNICIPIO": "Juan R. Escudero", "PUEBLO INDIGENA O AFROMEXICANO": "NAHUA", "LOCALIDAD": "ELPOTREROORIENTAL", "CLAVE LOC": 120390009, "TIPO DE ASENTAMIENTO": "COMUNIDAD INDIGENA", "NOMBRE": "EL POTRERO ORIENTAL", "MONTO ASIGNADO (PESOS)": 722203, "LATITUD": 17.16141, "LONGITUD": -99.497267 }, "geometry": { "type": "Point", "coordinates": [ -99.497267, 17.16141 ] } },
{ "type": "Feature", "properties": { "NO": 859, "ENTIDAD": "GUERRERO", "MUNICIPIO": "Juan R. Escudero", "PUEBLO INDIGENA O AFROMEXICANO": "AFROMEXICANO", "LOCALIDAD": "ELTABACAL", "CLAVE LOC": 120390012, "TIPO DE ASENTAMIENTO": "COMUNIDAD AFROMEXICANA", "NOMBRE": "EL TABACAL", "MONTO ASIGNADO (PESOS)": 559960, "LATITUD": 17.113832, "LONGITUD": -99.343204 }, "geometry": { "type": "Point", "coordinates": [ -99.343204, 17.113832 ] } },
{ "type": "Feature", "properties": { "NO": 860, "ENTIDAD": "GUERRERO", "MUNICIPIO": "Juan R. Escudero", "PUEBLO INDIGENA O AFROMEXICANO": "AFROMEXICANO", "LOCALIDAD": "ELTEPEHUAJE", "CLAVE LOC": 120390013, "TIPO DE ASENTAMIENTO": "COMUNIDAD AFROMEXICANA", "NOMBRE": "EL TEPEHUAJE", "MONTO ASIGNADO (PESOS)": 226912, "LATITUD": 17.106784, "LONGITUD": -99.496824 }, "geometry": { "type": "Point", "coordinates": [ -99.496824, 17.106784 ] } },
{ "type": "Feature", "properties": { "NO": 861, "ENTIDAD": "GUERRERO", "MUNICIPIO": "Juan R. Escudero", "PUEBLO INDIGENA O AFROMEXICANO": "NAHUA", "LOCALIDAD": "ELTEPEHUAJEDOS", "CLAVE LOC": 120390033, "TIPO DE ASENTAMIENTO": "COMUNIDAD INDIGENA", "NOMBRE": "EL TEPEHUAJE DOS", "MONTO ASIGNADO (PESOS)": 144459, "LATITUD": 17.194008, "LONGITUD": -99.586197 }, "geometry": { "type": "Point", "coordinates": [ -99.586197, 17.194008 ] } },
{ "type": "Feature", "properties": { "NO": 862, "ENTIDAD": "GUERRERO", "MUNICIPIO": "Juan R. Escudero", "PUEBLO INDIGENA O AFROMEXICANO": "AFROMEXICANO", "LOCALIDAD": "ELTERRERO", "CLAVE LOC": 120390014, "TIPO DE ASENTAMIENTO": "COMUNIDAD AFROMEXICANA", "NOMBRE": "EL TERRERO", "MONTO ASIGNADO (PESOS)": 973036, "LATITUD": 17.123292, "LONGITUD": -99.347904 }, "geometry": { "type": "Point", "coordinates": [ -99.347904, 17.123292 ] } },
{ "type": "Feature", "properties": { "NO": 863, "ENTIDAD": "GUERRERO", "MUNICIPIO": "Juan R. Escudero", "PUEBLO INDIGENA O AFROMEXICANO": "AFROMEXICANO", "LOCALIDAD": "ELZAPOTE", "CLAVE LOC": 120390017, "TIPO DE ASENTAMIENTO": "COMUNIDAD AFROMEXICANA", "NOMBRE": "EL ZAPOTE", "MONTO ASIGNADO (PESOS)": 322300, "LATITUD": 17.061667, "LONGITUD": -99.493889 }, "geometry": { "type": "Point", "coordinates": [ -99.493889, 17.061667 ] } },
{ "type": "Feature", "properties": { "NO": 864, "ENTIDAD": "GUERRERO", "MUNICIPIO": "Juan R. Escudero", "PUEBLO INDIGENA O AFROMEXICANO": "NAHUA", "LOCALIDAD": "GARRAPATAS(GARRAPATA)", "CLAVE LOC": 120390002, "TIPO DE ASENTAMIENTO": "COMUNIDAD INDIGENA", "NOMBRE": "GARRAPATAS (GARRAPATA)", "MONTO ASIGNADO (PESOS)": 712742, "LATITUD": 17.188981, "LONGITUD": -99.519202 }, "geometry": { "type": "Point", "coordinates": [ -99.519202, 17.188981 ] } },
{ "type": "Feature", "properties": { "NO": 865, "ENTIDAD": "GUERRERO", "MUNICIPIO": "Juan R. Escudero", "PUEBLO INDIGENA O AFROMEXICANO": "NAHUA", "LOCALIDAD": "LAPALMA", "CLAVE LOC": 120390005, "TIPO DE ASENTAMIENTO": "COMUNIDAD INDIGENA", "NOMBRE": "LA PALMA", "MONTO ASIGNADO (PESOS)": 1454016, "LATITUD": 17.081961, "LONGITUD": -99.509301 }, "geometry": { "type": "Point", "coordinates": [ -99.509301, 17.081961 ] } },
{ "type": "Feature", "properties": { "NO": 866, "ENTIDAD": "GUERRERO", "MUNICIPIO": "Juan R. Escudero", "PUEBLO INDIGENA O AFROMEXICANO": "NAHUA", "LOCALIDAD": "LASPIÑAS", "CLAVE LOC": 120390008, "TIPO DE ASENTAMIENTO": "COMUNIDAD INDIGENA", "NOMBRE": "LAS PIÑAS", "MONTO ASIGNADO (PESOS)": 271373, "LATITUD": 17.100036, "LONGITUD": -99.532814 }, "geometry": { "type": "Point", "coordinates": [ -99.532814, 17.100036 ] } },
{ "type": "Feature", "properties": { "NO": 867, "ENTIDAD": "GUERRERO", "MUNICIPIO": "Juan R. Escudero", "PUEBLO INDIGENA O AFROMEXICANO": "MIXTECO", "LOCALIDAD": "PALOGORDO", "CLAVE LOC": 120390006, "TIPO DE ASENTAMIENTO": "COMUNIDAD INDIGENA", "NOMBRE": "PALO GORDO", "MONTO ASIGNADO (PESOS)": 849356, "LATITUD": 17.154973, "LONGITUD": -99.548588 }, "geometry": { "type": "Point", "coordinates": [ -99.548588, 17.154973 ] } },
{ "type": "Feature", "properties": { "NO": 868, "ENTIDAD": "GUERRERO", "MUNICIPIO": "Juan R. Escudero", "PUEBLO INDIGENA O AFROMEXICANO": "NAHUA", "LOCALIDAD": "PAPAGAYO", "CLAVE LOC": 120390007, "TIPO DE ASENTAMIENTO": "COMUNIDAD INDIGENA", "NOMBRE": "PAPAGAYO", "MONTO ASIGNADO (PESOS)": 240655, "LATITUD": 17.158643, "LONGITUD": -99.587726 }, "geometry": { "type": "Point", "coordinates": [ -99.587726, 17.158643 ] } },
{ "type": "Feature", "properties": { "NO": 869, "ENTIDAD": "GUERRERO", "MUNICIPIO": "Juan R. Escudero", "PUEBLO INDIGENA O AFROMEXICANO": "NAHUA", "LOCALIDAD": "PLANDELIMA", "CLAVE LOC": 120390019, "TIPO DE ASENTAMIENTO": "COMUNIDAD INDIGENA", "NOMBRE": "PLAN DE LIMA", "MONTO ASIGNADO (PESOS)": 348976, "LATITUD": 17.1794, "LONGITUD": -99.579282 }, "geometry": { "type": "Point", "coordinates": [ -99.579282, 17.1794 ] } },
{ "type": "Feature", "properties": { "NO": 870, "ENTIDAD": "GUERRERO", "MUNICIPIO": "Juan R. Escudero", "PUEBLO INDIGENA O AFROMEXICANO": "NAHUA", "LOCALIDAD": "SANJUANDELREPARONORTE(SANJUANDEL REPARO)", "CLAVE LOC": 120390044, "TIPO DE ASENTAMIENTO": "COMUNIDAD INDIGENA", "NOMBRE": "SAN JUAN DEL REPARO NORTE (SAN JUAN DEL REPARO)", "MONTO ASIGNADO (PESOS)": 938277, "LATITUD": 17.000347, "LONGITUD": -99.529775 }, "geometry": { "type": "Point", "coordinates": [ -99.529775, 17.000347 ] } },
{ "type": "Feature", "properties": { "NO": 871, "ENTIDAD": "GUERRERO", "MUNICIPIO": "Juan R. Escudero", "PUEBLO INDIGENA O AFROMEXICANO": "AFROMEXICANO", "LOCALIDAD": "SANJUANDELREPAROSUR(SANJUANDEL REPARO)", "CLAVE LOC": 120390045, "TIPO DE ASENTAMIENTO": "COMUNIDAD AFROMEXICANA", "NOMBRE": "SAN JUAN DEL REPARO SUR (SAN JUAN DEL REPARO)", "MONTO ASIGNADO (PESOS)": 994862, "LATITUD": 16.997633, "LONGITUD": -99.532999 }, "geometry": { "type": "Point", "coordinates": [ -99.532999, 16.997633 ] } },
{ "type": "Feature", "properties": { "NO": 872, "ENTIDAD": "GUERRERO", "MUNICIPIO": "Juan R. Escudero", "PUEBLO INDIGENA O AFROMEXICANO": "NAHUA", "LOCALIDAD": "TLALCHOCOHUITE", "CLAVE LOC": 120390023, "TIPO DE ASENTAMIENTO": "COMUNIDAD INDIGENA", "NOMBRE": "TLALCHOCOHUITE", "MONTO ASIGNADO (PESOS)": 230954, "LATITUD": 17.090001, "LONGITUD": -99.539327 }, "geometry": { "type": "Point", "coordinates": [ -99.539327, 17.090001 ] } },
{ "type": "Feature", "properties": { "NO": 873, "ENTIDAD": "GUERRERO", "MUNICIPIO": "Juan R. Escudero", "PUEBLO INDIGENA O AFROMEXICANO": "NAHUA", "LOCALIDAD": "VILLAGUERRERO(JOBEROOTAJARITO)", "CLAVE LOC": 120390016, "TIPO DE ASENTAMIENTO": "COMUNIDAD INDIGENA", "NOMBRE": "VILLA GUERRERO (JOBERO O TAJARITO)", "MONTO ASIGNADO (PESOS)": 374035, "LATITUD": 17.132984, "LONGITUD": -99.509457 }, "geometry": { "type": "Point", "coordinates": [ -99.509457, 17.132984 ] } },
{ "type": "Feature", "properties": { "NO": 874, "ENTIDAD": "GUERRERO", "MUNICIPIO": "Juchitán", "PUEBLO INDIGENA O AFROMEXICANO": "AFROMEXICANO", "LOCALIDAD": "AGUAZARCA", "CLAVE LOC": 120800002, "TIPO DE ASENTAMIENTO": "COMUNIDAD AFROMEXICANA", "NOMBRE": "AGUA ZARCA", "MONTO ASIGNADO (PESOS)": 989204, "LATITUD": 16.623281, "LONGITUD": -98.700699 }, "geometry": { "type": "Point", "coordinates": [ -98.700699, 16.623281 ] } },
{ "type": "Feature", "properties": { "NO": 875, "ENTIDAD": "GUERRERO", "MUNICIPIO": "Juchitán", "PUEBLO INDIGENA O AFROMEXICANO": "AFROMEXICANO", "LOCALIDAD": "BARRIONUEVO", "CLAVE LOC": 120800004, "TIPO DE ASENTAMIENTO": "COMUNIDAD AFROMEXICANA", "NOMBRE": "BARRIO NUEVO", "MONTO ASIGNADO (PESOS)": 234188, "LATITUD": 16.604766, "LONGITUD": -98.749668 }, "geometry": { "type": "Point", "coordinates": [ -98.749668, 16.604766 ] } },
{ "type": "Feature", "properties": { "NO": 876, "ENTIDAD": "GUERRERO", "MUNICIPIO": "Juchitán", "PUEBLO INDIGENA O AFROMEXICANO": "MIXTECO", "LOCALIDAD": "CARRIZALILLO", "CLAVE LOC": 120800006, "TIPO DE ASENTAMIENTO": "COMUNIDAD INDIGENA", "NOMBRE": "CARRIZALILLO", "MONTO ASIGNADO (PESOS)": 656964, "LATITUD": 16.608681, "LONGITUD": -98.763509 }, "geometry": { "type": "Point", "coordinates": [ -98.763509, 16.608681 ] } },
{ "type": "Feature", "properties": { "NO": 877, "ENTIDAD": "GUERRERO", "MUNICIPIO": "Juchitán", "PUEBLO INDIGENA O AFROMEXICANO": "AFROMEXICANO", "LOCALIDAD": "ELCERRITO", "CLAVE LOC": 120800010, "TIPO DE ASENTAMIENTO": "COMUNIDAD AFROMEXICANA", "NOMBRE": "EL CERRITO", "MONTO ASIGNADO (PESOS)": 89664, "LATITUD": 16.536469, "LONGITUD": -98.641542 }, "geometry": { "type": "Point", "coordinates": [ -98.641542, 16.536469 ] } },
{ "type": "Feature", "properties": { "NO": 878, "ENTIDAD": "GUERRERO", "MUNICIPIO": "Juchitán", "PUEBLO INDIGENA O AFROMEXICANO": "AFROMEXICANO", "LOCALIDAD": "ELCOCO", "CLAVE LOC": 120800011, "TIPO DE ASENTAMIENTO": "COMUNIDAD AFROMEXICANA", "NOMBRE": "EL COCO", "MONTO ASIGNADO (PESOS)": 238229, "LATITUD": 16.651246, "LONGITUD": -98.673155 }, "geometry": { "type": "Point", "coordinates": [ -98.673155, 16.651246 ] } },
{ "type": "Feature", "properties": { "NO": 879, "ENTIDAD": "GUERRERO", "MUNICIPIO": "Juchitán", "PUEBLO INDIGENA O AFROMEXICANO": "AFROMEXICANO", "LOCALIDAD": "ELRANCHITO", "CLAVE LOC": 120800012, "TIPO DE ASENTAMIENTO": "COMUNIDAD AFROMEXICANA", "NOMBRE": "EL RANCHITO", "MONTO ASIGNADO (PESOS)": 93531, "LATITUD": 16.589689, "LONGITUD": -98.773431 }, "geometry": { "type": "Point", "coordinates": [ -98.773431, 16.589689 ] } },
{ "type": "Feature", "properties": { "NO": 880, "ENTIDAD": "GUERRERO", "MUNICIPIO": "Juchitán", "PUEBLO INDIGENA O AFROMEXICANO": "MIXTECO", "LOCALIDAD": "ELRINCON", "CLAVE LOC": 120800013, "TIPO DE ASENTAMIENTO": "COMUNIDAD INDIGENA", "NOMBRE": "EL RINCÓN", "MONTO ASIGNADO (PESOS)": 135567, "LATITUD": 16.591868, "LONGITUD": -98.702084 }, "geometry": { "type": "Point", "coordinates": [ -98.702084, 16.591868 ] } },
{ "type": "Feature", "properties": { "NO": 881, "ENTIDAD": "GUERRERO", "MUNICIPIO": "Juchitán", "PUEBLO INDIGENA O AFROMEXICANO": "MIXTECO", "LOCALIDAD": "ELZAPOTITO", "CLAVE LOC": 120800014, "TIPO DE ASENTAMIENTO": "COMUNIDAD INDIGENA", "NOMBRE": "EL ZAPOTITO", "MONTO ASIGNADO (PESOS)": 168808, "LATITUD": 16.538282, "LONGITUD": -98.68509 }, "geometry": { "type": "Point", "coordinates": [ -98.68509, 16.538282 ] } },
{ "type": "Feature", "properties": { "NO": 882, "ENTIDAD": "GUERRERO", "MUNICIPIO": "Juchitán", "PUEBLO INDIGENA O AFROMEXICANO": "AFROMEXICANO", "LOCALIDAD": "JUCHITAN", "CLAVE LOC": 120800001, "TIPO DE ASENTAMIENTO": "COMUNIDAD AFROMEXICANA", "NOMBRE": "JUCHITÁN", "MONTO ASIGNADO (PESOS)": 236613, "LATITUD": 16.62707, "LONGITUD": -98.636713 }, "geometry": { "type": "Point", "coordinates": [ -98.636713, 16.62707 ] } },
{ "type": "Feature", "properties": { "NO": 883, "ENTIDAD": "GUERRERO", "MUNICIPIO": "Juchitán", "PUEBLO INDIGENA O AFROMEXICANO": "AFROMEXICANO", "LOCALIDAD": "LACUCHILLA", "CLAVE LOC": 120800024, "TIPO DE ASENTAMIENTO": "COMUNIDAD AFROMEXICANA", "NOMBRE": "LA CUCHILLA", "MONTO ASIGNADO (PESOS)": 273077, "LATITUD": 16.594337, "LONGITUD": -98.668172 }, "geometry": { "type": "Point", "coordinates": [ -98.668172, 16.594337 ] } },
{ "type": "Feature", "properties": { "NO": 884, "ENTIDAD": "GUERRERO", "MUNICIPIO": "Juchitán", "PUEBLO INDIGENA O AFROMEXICANO": "MIXTECO", "LOCALIDAD": "LOSCALLEJONES", "CLAVE LOC": 120800028, "TIPO DE ASENTAMIENTO": "COMUNIDAD INDIGENA", "NOMBRE": "LOS CALLEJONES", "MONTO ASIGNADO (PESOS)": 403727, "LATITUD": 16.58673, "LONGITUD": -98.776284 }, "geometry": { "type": "Point", "coordinates": [ -98.776284, 16.58673 ] } },
{ "type": "Feature", "properties": { "NO": 885, "ENTIDAD": "GUERRERO", "MUNICIPIO": "Juchitán", "PUEBLO INDIGENA O AFROMEXICANO": "MIXTECO", "LOCALIDAD": "LOSPELILLOS", "CLAVE LOC": 120800029, "TIPO DE ASENTAMIENTO": "COMUNIDAD INDIGENA", "NOMBRE": "LOS PELILLOS", "MONTO ASIGNADO (PESOS)": 267331, "LATITUD": 16.641666, "LONGITUD": -98.649722 }, "geometry": { "type": "Point", "coordinates": [ -98.649722, 16.641666 ] } },
{ "type": "Feature", "properties": { "NO": 886, "ENTIDAD": "GUERRERO", "MUNICIPIO": "Juchitán", "PUEBLO INDIGENA O AFROMEXICANO": "AFROMEXICANO", "LOCALIDAD": "PLANDEBUENAVISTA", "CLAVE LOC": 120800031, "TIPO DE ASENTAMIENTO": "COMUNIDAD AFROMEXICANA", "NOMBRE": "PLAN DE BUENA VISTA", "MONTO ASIGNADO (PESOS)": 184877, "LATITUD": 16.615923, "LONGITUD": -98.675488 }, "geometry": { "type": "Point", "coordinates": [ -98.675488, 16.615923 ] } },
{ "type": "Feature", "properties": { "NO": 887, "ENTIDAD": "GUERRERO", "MUNICIPIO": "Juchitán", "PUEBLO INDIGENA O AFROMEXICANO": "AFROMEXICANO", "LOCALIDAD": "RAYITODELUNA", "CLAVE LOC": 120800037, "TIPO DE ASENTAMIENTO": "COMUNIDAD AFROMEXICANA", "NOMBRE": "RAYITO DE LUNA", "MONTO ASIGNADO (PESOS)": 230146, "LATITUD": 16.55638, "LONGITUD": -98.748012 }, "geometry": { "type": "Point", "coordinates": [ -98.748012, 16.55638 ] } },
{ "type": "Feature", "properties": { "NO": 888, "ENTIDAD": "GUERRERO", "MUNICIPIO": "Juchitán", "PUEBLO INDIGENA O AFROMEXICANO": "AFROMEXICANO", "LOCALIDAD": "SANJOSEELCAPULIN", "CLAVE LOC": 120800038, "TIPO DE ASENTAMIENTO": "COMUNIDAD AFROMEXICANA", "NOMBRE": "SAN JOSÉ EL CAPULÍN", "MONTO ASIGNADO (PESOS)": 381114, "LATITUD": 16.64447, "LONGITUD": -98.748543 }, "geometry": { "type": "Point", "coordinates": [ -98.748543, 16.64447 ] } },
{ "type": "Feature", "properties": { "NO": 889, "ENTIDAD": "GUERRERO", "MUNICIPIO": "Juchitán", "PUEBLO INDIGENA O AFROMEXICANO": "AFROMEXICANO", "LOCALIDAD": "VISTAHERMOSA", "CLAVE LOC": 120800040, "TIPO DE ASENTAMIENTO": "COMUNIDAD AFROMEXICANA", "NOMBRE": "VISTA HERMOSA", "MONTO ASIGNADO (PESOS)": 269308, "LATITUD": 16.536071, "LONGITUD": -98.665729 }, "geometry": { "type": "Point", "coordinates": [ -98.665729, 16.536071 ] } },
{ "type": "Feature", "properties": { "NO": 890, "ENTIDAD": "GUERRERO", "MUNICIPIO": "Juchitán", "PUEBLO INDIGENA O AFROMEXICANO": "AFROMEXICANO", "LOCALIDAD": "(SINNOMBRE)", "CLAVE LOC": 120800000, "TIPO DE ASENTAMIENTO": "COMUNIDAD AFROMEXICANA", "NOMBRE": "VISTA HERMOSA", "MONTO ASIGNADO (PESOS)": 84639, "LATITUD": 16.536071, "LONGITUD": -98.665729 }, "geometry": { "type": "Point", "coordinates": [ -98.665729, 16.536071 ] } },
{ "type": "Feature", "properties": { "NO": 891, "ENTIDAD": "GUERRERO", "MUNICIPIO": "LASVIGAS", "PUEBLO INDIGENA O AFROMEXICANO": "AFROMEXICANO", "LOCALIDAD": "ALTAMIRA", "CLAVE LOC": 120820002, "TIPO DE ASENTAMIENTO": "COMUNIDAD AFROMEXICANA", "NOMBRE": "ALTAMIRA", "MONTO ASIGNADO (PESOS)": 154967, "LATITUD": 16.821481, "LONGITUD": -99.237893 }, "geometry": { "type": "Point", "coordinates": [ -99.237893, 16.821481 ] } },
{ "type": "Feature", "properties": { "NO": 892, "ENTIDAD": "GUERRERO", "MUNICIPIO": "LASVIGAS", "PUEBLO INDIGENA O AFROMEXICANO": "AFROMEXICANO", "LOCALIDAD": "ALTODEVENTURA", "CLAVE LOC": 120820003, "TIPO DE ASENTAMIENTO": "COMUNIDAD AFROMEXICANA", "NOMBRE": "ALTO DE VENTURA", "MONTO ASIGNADO (PESOS)": 702233, "LATITUD": 16.713655, "LONGITUD": -99.256695 }, "geometry": { "type": "Point", "coordinates": [ -99.256695, 16.713655 ] } },
{ "type": "Feature", "properties": { "NO": 893, "ENTIDAD": "GUERRERO", "MUNICIPIO": "LASVIGAS", "PUEBLO INDIGENA O AFROMEXICANO": "AFROMEXICANO", "LOCALIDAD": "ARROYODELAUNION", "CLAVE LOC": 120820004, "TIPO DE ASENTAMIENTO": "COMUNIDAD AFROMEXICANA", "NOMBRE": "ARROYO DE LA UNIÓN", "MONTO ASIGNADO (PESOS)": 143650, "LATITUD": 16.802093, "LONGITUD": -99.294196 }, "geometry": { "type": "Point", "coordinates": [ -99.294196, 16.802093 ] } },
{ "type": "Feature", "properties": { "NO": 894, "ENTIDAD": "GUERRERO", "MUNICIPIO": "LASVIGAS", "PUEBLO INDIGENA O AFROMEXICANO": "AFROMEXICANO", "LOCALIDAD": "ARROYODELIMON", "CLAVE LOC": 120820005, "TIPO DE ASENTAMIENTO": "COMUNIDAD AFROMEXICANA", "NOMBRE": "ARROYO DE LIMÓN", "MONTO ASIGNADO (PESOS)": 504183, "LATITUD": 16.801976, "LONGITUD": -99.255694 }, "geometry": { "type": "Point", "coordinates": [ -99.255694, 16.801976 ] } },
{ "type": "Feature", "properties": { "NO": 895, "ENTIDAD": "GUERRERO", "MUNICIPIO": "LASVIGAS", "PUEBLO INDIGENA O AFROMEXICANO": "AFROMEXICANO", "LOCALIDAD": "BARRANCAPRIETA", "CLAVE LOC": 120820006, "TIPO DE ASENTAMIENTO": "COMUNIDAD AFROMEXICANA", "NOMBRE": "BARRANCA PRIETA", "MONTO ASIGNADO (PESOS)": 267331, "LATITUD": 16.732626, "LONGITUD": -99.236348 }, "geometry": { "type": "Point", "coordinates": [ -99.236348, 16.732626 ] } },
{ "type": "Feature", "properties": { "NO": 896, "ENTIDAD": "GUERRERO", "MUNICIPIO": "LASVIGAS", "PUEBLO INDIGENA O AFROMEXICANO": "AFROMEXICANO", "LOCALIDAD": "BUENAVISTADELSUR", "CLAVE LOC": 120820008, "TIPO DE ASENTAMIENTO": "COMUNIDAD AFROMEXICANA", "NOMBRE": "BUENA VISTA DEL SUR", "MONTO ASIGNADO (PESOS)": 253588, "LATITUD": 16.643744, "LONGITUD": -99.225356 }, "geometry": { "type": "Point", "coordinates": [ -99.225356, 16.643744 ] } },
{ "type": "Feature", "properties": { "NO": 897, "ENTIDAD": "GUERRERO", "MUNICIPIO": "LASVIGAS", "PUEBLO INDIGENA O AFROMEXICANO": "AFROMEXICANO", "LOCALIDAD": "ELARENALDENEXPA", "CLAVE LOC": 120820012, "TIPO DE ASENTAMIENTO": "COMUNIDAD AFROMEXICANA", "NOMBRE": "EL ARENAL DE NEXPA", "MONTO ASIGNADO (PESOS)": 137992, "LATITUD": 16.701785, "LONGITUD": -99.20991 }, "geometry": { "type": "Point", "coordinates": [ -99.20991, 16.701785 ] } },
{ "type": "Feature", "properties": { "NO": 898, "ENTIDAD": "GUERRERO", "MUNICIPIO": "LASVIGAS", "PUEBLO INDIGENA O AFROMEXICANO": "AFROMEXICANO", "LOCALIDAD": "ELPACIFICO", "CLAVE LOC": 120820010, "TIPO DE ASENTAMIENTO": "COMUNIDAD AFROMEXICANA", "NOMBRE": "EL PACÍFICO", "MONTO ASIGNADO (PESOS)": 120208, "LATITUD": 16.78511, "LONGITUD": -99.198004 }, "geometry": { "type": "Point", "coordinates": [ -99.198004, 16.78511 ] } },
{ "type": "Feature", "properties": { "NO": 899, "ENTIDAD": "GUERRERO", "MUNICIPIO": "LASVIGAS", "PUEBLO INDIGENA O AFROMEXICANO": "AFROMEXICANO", "LOCALIDAD": "ELPAPAYO", "CLAVE LOC": 120820016, "TIPO DE ASENTAMIENTO": "COMUNIDAD AFROMEXICANA", "NOMBRE": "EL PAPAYO", "MONTO ASIGNADO (PESOS)": 178410, "LATITUD": 16.795574, "LONGITUD": -99.265721 }, "geometry": { "type": "Point", "coordinates": [ -99.265721, 16.795574 ] } },
{ "type": "Feature", "properties": { "NO": 900, "ENTIDAD": "GUERRERO", "MUNICIPIO": "LASVIGAS", "PUEBLO INDIGENA O AFROMEXICANO": "AFROMEXICANO", "LOCALIDAD": "ESPINALILLODELTENANTE", "CLAVE LOC": 120820017, "TIPO DE ASENTAMIENTO": "COMUNIDAD AFROMEXICANA", "NOMBRE": "ESPINALILLO DEL TENANTE", "MONTO ASIGNADO (PESOS)": 128291, "LATITUD": 16.721606, "LONGITUD": -99.220646 }, "geometry": { "type": "Point", "coordinates": [ -99.220646, 16.721606 ] } },
{ "type": "Feature", "properties": { "NO": 901, "ENTIDAD": "GUERRERO", "MUNICIPIO": "LASVIGAS", "PUEBLO INDIGENA O AFROMEXICANO": "AFROMEXICANO", "LOCALIDAD": "ESTEROVERDE", "CLAVE LOC": 120820018, "TIPO DE ASENTAMIENTO": "COMUNIDAD AFROMEXICANA", "NOMBRE": "ESTERO VERDE", "MONTO ASIGNADO (PESOS)": 838039, "LATITUD": 16.674619, "LONGITUD": -99.223117 }, "geometry": { "type": "Point", "coordinates": [ -99.223117, 16.674619 ] } },
{ "type": "Feature", "properties": { "NO": 902, "ENTIDAD": "GUERRERO", "MUNICIPIO": "LASVIGAS", "PUEBLO INDIGENA O AFROMEXICANO": "AFROMEXICANO", "LOCALIDAD": "LASLECHUGAS", "CLAVE LOC": 120820022, "TIPO DE ASENTAMIENTO": "COMUNIDAD AFROMEXICANA", "NOMBRE": "LAS LECHUGAS", "MONTO ASIGNADO (PESOS)": 452447, "LATITUD": 16.652354, "LONGITUD": -99.238759 }, "geometry": { "type": "Point", "coordinates": [ -99.238759, 16.652354 ] } },
{ "type": "Feature", "properties": { "NO": 903, "ENTIDAD": "GUERRERO", "MUNICIPIO": "LASVIGAS", "PUEBLO INDIGENA O AFROMEXICANO": "AFROMEXICANO", "LOCALIDAD": "LASLOMITASDENEXPA", "CLAVE LOC": 120820023, "TIPO DE ASENTAMIENTO": "COMUNIDAD AFROMEXICANA", "NOMBRE": "LAS LOMITAS DE NEXPA", "MONTO ASIGNADO (PESOS)": 439513, "LATITUD": 16.782589, "LONGITUD": -99.201827 }, "geometry": { "type": "Point", "coordinates": [ -99.201827, 16.782589 ] } },
{ "type": "Feature", "properties": { "NO": 904, "ENTIDAD": "GUERRERO", "MUNICIPIO": "LASVIGAS", "PUEBLO INDIGENA O AFROMEXICANO": "AFROMEXICANO", "LOCALIDAD": "LASPOZAS", "CLAVE LOC": 120820024, "TIPO DE ASENTAMIENTO": "COMUNIDAD AFROMEXICANA", "NOMBRE": "LAS POZAS", "MONTO ASIGNADO (PESOS)": 147692, "LATITUD": 16.683745, "LONGITUD": -99.245371 }, "geometry": { "type": "Point", "coordinates": [ -99.245371, 16.683745 ] } },
{ "type": "Feature", "properties": { "NO": 905, "ENTIDAD": "GUERRERO", "MUNICIPIO": "LASVIGAS", "PUEBLO INDIGENA O AFROMEXICANO": "AFROMEXICANO", "LOCALIDAD": "LASRAMADITAS", "CLAVE LOC": 120820025, "TIPO DE ASENTAMIENTO": "COMUNIDAD AFROMEXICANA", "NOMBRE": "LAS RAMADITAS", "MONTO ASIGNADO (PESOS)": 246313, "LATITUD": 16.643559, "LONGITUD": -99.265091 }, "geometry": { "type": "Point", "coordinates": [ -99.265091, 16.643559 ] } },
{ "type": "Feature", "properties": { "NO": 906, "ENTIDAD": "GUERRERO", "MUNICIPIO": "LASVIGAS", "PUEBLO INDIGENA O AFROMEXICANO": "AFROMEXICANO", "LOCALIDAD": "LASVIGAS", "CLAVE LOC": 120820001, "TIPO DE ASENTAMIENTO": "COMUNIDAD AFROMEXICANA", "NOMBRE": "LAS VIGAS", "MONTO ASIGNADO (PESOS)": 169279, "LATITUD": 16.760422, "LONGITUD": -99.22847 }, "geometry": { "type": "Point", "coordinates": [ -99.22847, 16.760422 ] } },
{ "type": "Feature", "properties": { "NO": 907, "ENTIDAD": "GUERRERO", "MUNICIPIO": "LASVIGAS", "PUEBLO INDIGENA O AFROMEXICANO": "AFROMEXICANO", "LOCALIDAD": "PALOMARDELASFLORES", "CLAVE LOC": 120820028, "TIPO DE ASENTAMIENTO": "COMUNIDAD AFROMEXICANA", "NOMBRE": "PALOMAR DE LAS FLORES", "MONTO ASIGNADO (PESOS)": 283498, "LATITUD": 16.72046, "LONGITUD": -99.260503 }, "geometry": { "type": "Point", "coordinates": [ -99.260503, 16.72046 ] } },
{ "type": "Feature", "properties": { "NO": 908, "ENTIDAD": "GUERRERO", "MUNICIPIO": "LASVIGAS", "PUEBLO INDIGENA O AFROMEXICANO": "AFROMEXICANO", "LOCALIDAD": "SANJOSELAPALA", "CLAVE LOC": 120820032, "TIPO DE ASENTAMIENTO": "COMUNIDAD AFROMEXICANA", "NOMBRE": "SAN JOSÉ LA PALA", "MONTO ASIGNADO (PESOS)": 211553, "LATITUD": 16.738421, "LONGITUD": -99.243505 }, "geometry": { "type": "Point", "coordinates": [ -99.243505, 16.738421 ] } },
{ "type": "Feature", "properties": { "NO": 909, "ENTIDAD": "GUERRERO", "MUNICIPIO": "LASVIGAS", "PUEBLO INDIGENA O AFROMEXICANO": "AFROMEXICANO", "LOCALIDAD": "VISTAALEGRE", "CLAVE LOC": 120820035, "TIPO DE ASENTAMIENTO": "COMUNIDAD AFROMEXICANA", "NOMBRE": "VISTA ALEGRE", "MONTO ASIGNADO (PESOS)": 268139, "LATITUD": 16.779567, "LONGITUD": -99.248318 }, "geometry": { "type": "Point", "coordinates": [ -99.248318, 16.779567 ] } },
{ "type": "Feature", "properties": { "NO": 910, "ENTIDAD": "GUERRERO", "MUNICIPIO": "Malinaltepec", "PUEBLO INDIGENA O AFROMEXICANO": "ME’PHAA\n(TLAPANECO)", "LOCALIDAD": "ADOLFOLOPEZMATEOS", "CLAVE LOC": 120410207, "TIPO DE ASENTAMIENTO": "COMUNIDAD INDIGENA", "NOMBRE": "ADOLFO LÓPEZ MATEOS", "MONTO ASIGNADO (PESOS)": 114789, "LATITUD": 17.052201, "LONGITUD": -98.739659 }, "geometry": { "type": "Point", "coordinates": [ -98.739659, 17.052201 ] } },
{ "type": "Feature", "properties": { "NO": 911, "ENTIDAD": "GUERRERO", "MUNICIPIO": "Malinaltepec", "PUEBLO INDIGENA O AFROMEXICANO": "ME’PHAA\n(TLAPANECO)", "LOCALIDAD": "AGUAFRIA", "CLAVE LOC": 120410171, "TIPO DE ASENTAMIENTO": "LOCALIDAD CON POBLACION\nINDIGENA", "NOMBRE": "AGUA FRÍA", "MONTO ASIGNADO (PESOS)": 192677, "LATITUD": 17.083367, "LONGITUD": -98.738371 }, "geometry": { "type": "Point", "coordinates": [ -98.738371, 17.083367 ] } },
{ "type": "Feature", "properties": { "NO": 912, "ENTIDAD": "GUERRERO", "MUNICIPIO": "Malinaltepec", "PUEBLO INDIGENA O AFROMEXICANO": "ME’PHAA\n(TLAPANECO)", "LOCALIDAD": "AGUAZARCA", "CLAVE LOC": 120410215, "TIPO DE ASENTAMIENTO": "LOCALIDAD CON POBLACION\nINDIGENA", "NOMBRE": "AGUA FRÍA", "MONTO ASIGNADO (PESOS)": 152477, "LATITUD": 17.083367, "LONGITUD": -98.738371 }, "geometry": { "type": "Point", "coordinates": [ -98.738371, 17.083367 ] } },
{ "type": "Feature", "properties": { "NO": 913, "ENTIDAD": "GUERRERO", "MUNICIPIO": "Malinaltepec", "PUEBLO INDIGENA O AFROMEXICANO": "ME’PHAA\n(TLAPANECO)", "LOCALIDAD": "AHUEJUYOVIEJO", "CLAVE LOC": 120410064, "TIPO DE ASENTAMIENTO": "COMUNIDAD INDIGENA", "NOMBRE": "AHUEJUYO VIEJO", "MONTO ASIGNADO (PESOS)": 226596, "LATITUD": 17.123026, "LONGITUD": -98.802257 }, "geometry": { "type": "Point", "coordinates": [ -98.802257, 17.123026 ] } },
{ "type": "Feature", "properties": { "NO": 914, "ENTIDAD": "GUERRERO", "MUNICIPIO": "Malinaltepec", "PUEBLO INDIGENA O AFROMEXICANO": "MIXTECO", "LOCALIDAD": "ALACATLATZALA", "CLAVE LOC": 120410002, "TIPO DE ASENTAMIENTO": "COMUNIDAD INDIGENA", "NOMBRE": "ALACATLATZALA", "MONTO ASIGNADO (PESOS)": 1994450, "LATITUD": 17.286458, "LONGITUD": -98.63471 }, "geometry": { "type": "Point", "coordinates": [ -98.63471, 17.286458 ] } },
{ "type": "Feature", "properties": { "NO": 915, "ENTIDAD": "GUERRERO", "MUNICIPIO": "Malinaltepec", "PUEBLO INDIGENA O AFROMEXICANO": "ME’PHAA\n(TLAPANECO)", "LOCALIDAD": "BARRANCAPANAL", "CLAVE LOC": 120410125, "TIPO DE ASENTAMIENTO": "COMUNIDAD INDIGENA", "NOMBRE": "BARRANCA PANAL", "MONTO ASIGNADO (PESOS)": 177602, "LATITUD": 17.14723, "LONGITUD": -98.636061 }, "geometry": { "type": "Point", "coordinates": [ -98.636061, 17.14723 ] } },
{ "type": "Feature", "properties": { "NO": 916, "ENTIDAD": "GUERRERO", "MUNICIPIO": "Malinaltepec", "PUEBLO INDIGENA O AFROMEXICANO": "ME’PHAA\n(TLAPANECO)", "LOCALIDAD": "CERRODELGUAYABO", "CLAVE LOC": 120410065, "TIPO DE ASENTAMIENTO": "COMUNIDAD INDIGENA", "NOMBRE": "BARRANCA PANAL", "MONTO ASIGNADO (PESOS)": 84639, "LATITUD": 17.14723, "LONGITUD": -98.636061 }, "geometry": { "type": "Point", "coordinates": [ -98.636061, 17.14723 ] } },
{ "type": "Feature", "properties": { "NO": 917, "ENTIDAD": "GUERRERO", "MUNICIPIO": "Malinaltepec", "PUEBLO INDIGENA O AFROMEXICANO": "ME’PHAA\n(TLAPANECO)", "LOCALIDAD": "CERROELTIMBRE(PORTEZUELOLACIENEGA)", "CLAVE LOC": 120410113, "TIPO DE ASENTAMIENTO": "COMUNIDAD INDIGENA", "NOMBRE": "CERRO EL TIMBRE (PORTEZUELO LA CIÉNEGA)", "MONTO ASIGNADO (PESOS)": 323327, "LATITUD": 17.089624, "LONGITUD": -98.817326 }, "geometry": { "type": "Point", "coordinates": [ -98.817326, 17.089624 ] } },
{ "type": "Feature", "properties": { "NO": 918, "ENTIDAD": "GUERRERO", "MUNICIPIO": "Malinaltepec", "PUEBLO INDIGENA O AFROMEXICANO": "ME’PHAA\n(TLAPANECO)", "LOCALIDAD": "CERROPELON", "CLAVE LOC": 120410172, "TIPO DE ASENTAMIENTO": "COMUNIDAD INDIGENA", "NOMBRE": "CERRO PELÓN", "MONTO ASIGNADO (PESOS)": 162527, "LATITUD": 17.052557, "LONGITUD": -98.718207 }, "geometry": { "type": "Point", "coordinates": [ -98.718207, 17.052557 ] } },
{ "type": "Feature", "properties": { "NO": 919, "ENTIDAD": "GUERRERO", "MUNICIPIO": "Malinaltepec", "PUEBLO INDIGENA O AFROMEXICANO": "ME’PHAA\n(TLAPANECO)", "LOCALIDAD": "CERROZACATON(ZACATON)", "CLAVE LOC": 120410153, "TIPO DE ASENTAMIENTO": "COMUNIDAD INDIGENA", "NOMBRE": "CERRO ZACATÓN (ZACATÓN)", "MONTO ASIGNADO (PESOS)": 312021, "LATITUD": 17.11861, "LONGITUD": -98.787774 }, "geometry": { "type": "Point", "coordinates": [ -98.787774, 17.11861 ] } },
{ "type": "Feature", "properties": { "NO": 920, "ENTIDAD": "GUERRERO", "MUNICIPIO": "Malinaltepec", "PUEBLO INDIGENA O AFROMEXICANO": "MIXTECO", "LOCALIDAD": "CHAPULTEPEC", "CLAVE LOC": 120410201, "TIPO DE ASENTAMIENTO": "LOCALIDAD CON POBLACION\nINDIGENA", "NOMBRE": "CHAPULTEPEC", "MONTO ASIGNADO (PESOS)": 211521, "LATITUD": 17.27943, "LONGITUD": -98.611706 }, "geometry": { "type": "Point", "coordinates": [ -98.611706, 17.27943 ] } },
{ "type": "Feature", "properties": { "NO": 921, "ENTIDAD": "GUERRERO", "MUNICIPIO": "Malinaltepec", "PUEBLO INDIGENA O AFROMEXICANO": "ME’PHAA\n(TLAPANECO)", "LOCALIDAD": "COLOMBIADEGUADALUPE", "CLAVE LOC": 120410004, "TIPO DE ASENTAMIENTO": "COMUNIDAD INDIGENA", "NOMBRE": "COLOMBIA DE GUADALUPE", "MONTO ASIGNADO (PESOS)": 1026389, "LATITUD": 17.087868, "LONGITUD": -98.759109 }, "geometry": { "type": "Point", "coordinates": [ -98.759109, 17.087868 ] } },
{ "type": "Feature", "properties": { "NO": 922, "ENTIDAD": "GUERRERO", "MUNICIPIO": "Malinaltepec", "PUEBLO INDIGENA O AFROMEXICANO": "ME’PHAA\n(TLAPANECO)", "LOCALIDAD": "COLONIACAMPODEAVIACION", "CLAVE LOC": 120410145, "TIPO DE ASENTAMIENTO": "COMUNIDAD INDIGENA", "NOMBRE": "COLONIA CAMPO DE AVIACIÓN", "MONTO ASIGNADO (PESOS)": 217802, "LATITUD": 17.258099, "LONGITUD": -98.673562 }, "geometry": { "type": "Point", "coordinates": [ -98.673562, 17.258099 ] } },
{ "type": "Feature", "properties": { "NO": 923, "ENTIDAD": "GUERRERO", "MUNICIPIO": "Malinaltepec", "PUEBLO INDIGENA O AFROMEXICANO": "ME’PHAA\n(TLAPANECO)", "LOCALIDAD": "COLONIACAPILLADELSAUCE", "CLAVE LOC": 120410161, "TIPO DE ASENTAMIENTO": "COMUNIDAD INDIGENA", "NOMBRE": "COLONIA CAPILLA DEL SAUCE", "MONTO ASIGNADO (PESOS)": 123583, "LATITUD": 17.283844, "LONGITUD": -98.668943 }, "geometry": { "type": "Point", "coordinates": [ -98.668943, 17.283844 ] } },
{ "type": "Feature", "properties": { "NO": 924, "ENTIDAD": "GUERRERO", "MUNICIPIO": "Malinaltepec", "PUEBLO INDIGENA O AFROMEXICANO": "ME’PHAA\n(TLAPANECO)", "LOCALIDAD": "COLONIADELOBISPO(LOMADELOBISPO)", "CLAVE LOC": 120410009, "TIPO DE ASENTAMIENTO": "COMUNIDAD INDIGENA", "NOMBRE": "COLONIA DEL OBISPO (LOMA DEL OBISPO)", "MONTO ASIGNADO (PESOS)": 411264, "LATITUD": 17.264526, "LONGITUD": -98.65162 }, "geometry": { "type": "Point", "coordinates": [ -98.65162, 17.264526 ] } },
{ "type": "Feature", "properties": { "NO": 925, "ENTIDAD": "GUERRERO", "MUNICIPIO": "Malinaltepec", "PUEBLO INDIGENA O AFROMEXICANO": "ME’PHAA\n(TLAPANECO)", "LOCALIDAD": "COLONIAELPARAISO", "CLAVE LOC": 120410123, "TIPO DE ASENTAMIENTO": "LOCALIDAD CON POBLACION\nINDIGENA", "NOMBRE": "COLONIA DEL OBISPO (LOMA DEL OBISPO)", "MONTO ASIGNADO (PESOS)": 146884, "LATITUD": 17.264526, "LONGITUD": -98.65162 }, "geometry": { "type": "Point", "coordinates": [ -98.65162, 17.264526 ] } },
{ "type": "Feature", "properties": { "NO": 926, "ENTIDAD": "GUERRERO", "MUNICIPIO": "Malinaltepec", "PUEBLO INDIGENA O AFROMEXICANO": "ME’PHAA\n(TLAPANECO)", "LOCALIDAD": "COLONIAELPARAISO", "CLAVE LOC": 120410197, "TIPO DE ASENTAMIENTO": "LOCALIDAD CON POBLACION\nINDIGENA", "NOMBRE": "COLONIA EL PARAÍSO", "MONTO ASIGNADO (PESOS)": 130716, "LATITUD": 17.250348, "LONGITUD": -98.692999 }, "geometry": { "type": "Point", "coordinates": [ -98.692999, 17.250348 ] } },
{ "type": "Feature", "properties": { "NO": 927, "ENTIDAD": "GUERRERO", "MUNICIPIO": "Malinaltepec", "PUEBLO INDIGENA O AFROMEXICANO": "ME’PHAA\n(TLAPANECO)", "LOCALIDAD": "COLONIALAGUNACHALMA", "CLAVE LOC": 120410134, "TIPO DE ASENTAMIENTO": "COMUNIDAD INDIGENA", "NOMBRE": "COLONIA LAGUNA CHALMA", "MONTO ASIGNADO (PESOS)": 462771, "LATITUD": 17.162518, "LONGITUD": -98.708476 }, "geometry": { "type": "Point", "coordinates": [ -98.708476, 17.162518 ] } },
{ "type": "Feature", "properties": { "NO": 928, "ENTIDAD": "GUERRERO", "MUNICIPIO": "Malinaltepec", "PUEBLO INDIGENA O AFROMEXICANO": "ME’PHAA\n(TLAPANECO)", "LOCALIDAD": "COLONIALINDAVISTA(LAGUNASECA)", "CLAVE LOC": 120410116, "TIPO DE ASENTAMIENTO": "COMUNIDAD INDIGENA", "NOMBRE": "COLONIA LINDA VISTA (LAGUNA SECA)", "MONTO ASIGNADO (PESOS)": 117783, "LATITUD": 17.238261, "LONGITUD": -98.676523 }, "geometry": { "type": "Point", "coordinates": [ -98.676523, 17.238261 ] } },
{ "type": "Feature", "properties": { "NO": 929, "ENTIDAD": "GUERRERO", "MUNICIPIO": "Malinaltepec", "PUEBLO INDIGENA O AFROMEXICANO": "ME’PHAA\n(TLAPANECO)", "LOCALIDAD": "COLONIANATIVIDAD", "CLAVE LOC": 120410211, "TIPO DE ASENTAMIENTO": "COMUNIDAD INDIGENA", "NOMBRE": "COLONIA NATIVIDAD", "MONTO ASIGNADO (PESOS)": 198958, "LATITUD": 17.328504, "LONGITUD": -98.681411 }, "geometry": { "type": "Point", "coordinates": [ -98.681411, 17.328504 ] } },
{ "type": "Feature", "properties": { "NO": 930, "ENTIDAD": "GUERRERO", "MUNICIPIO": "Malinaltepec", "PUEBLO INDIGENA O AFROMEXICANO": "ME’PHAA\n(TLAPANECO)", "LOCALIDAD": "COLONIASANMATEO", "CLAVE LOC": 120410019, "TIPO DE ASENTAMIENTO": "COMUNIDAD INDIGENA", "NOMBRE": "COLONIA SAN MATEO", "MONTO ASIGNADO (PESOS)": 511764, "LATITUD": 17.270455, "LONGITUD": -98.679088 }, "geometry": { "type": "Point", "coordinates": [ -98.679088, 17.270455 ] } },
{ "type": "Feature", "properties": { "NO": 931, "ENTIDAD": "GUERRERO", "MUNICIPIO": "Malinaltepec", "PUEBLO INDIGENA O AFROMEXICANO": "ME’PHAA\n(TLAPANECO)", "LOCALIDAD": "CRUCEROLOMADELFAISAN", "CLAVE LOC": 120410114, "TIPO DE ASENTAMIENTO": "LOCALIDAD CON POBLACION\nINDIGENA", "NOMBRE": "CRUCERO LOMA DEL FAISÁN", "MONTO ASIGNADO (PESOS)": 309508, "LATITUD": 17.223157, "LONGITUD": -98.643411 }, "geometry": { "type": "Point", "coordinates": [ -98.643411, 17.223157 ] } },
{ "type": "Feature", "properties": { "NO": 932, "ENTIDAD": "GUERRERO", "MUNICIPIO": "Malinaltepec", "PUEBLO INDIGENA O AFROMEXICANO": "ME’PHAA\n(TLAPANECO)", "LOCALIDAD": "CUADRILLAMANGO", "CLAVE LOC": 120410053, "TIPO DE ASENTAMIENTO": "COMUNIDAD INDIGENA", "NOMBRE": "CUADRILLA MANGO", "MONTO ASIGNADO (PESOS)": 88408, "LATITUD": 17.147593, "LONGITUD": -98.709724 }, "geometry": { "type": "Point", "coordinates": [ -98.709724, 17.147593 ] } },
{ "type": "Feature", "properties": { "NO": 933, "ENTIDAD": "GUERRERO", "MUNICIPIO": "Malinaltepec", "PUEBLO INDIGENA O AFROMEXICANO": "MIXTECO", "LOCALIDAD": "CUATZOQUITENGO", "CLAVE LOC": 120410006, "TIPO DE ASENTAMIENTO": "COMUNIDAD INDIGENA", "NOMBRE": "CUATZOQUITENGO", "MONTO ASIGNADO (PESOS)": 1309483, "LATITUD": 17.288329, "LONGITUD": -98.616208 }, "geometry": { "type": "Point", "coordinates": [ -98.616208, 17.288329 ] } },
{ "type": "Feature", "properties": { "NO": 934, "ENTIDAD": "GUERRERO", "MUNICIPIO": "Malinaltepec", "PUEBLO INDIGENA O AFROMEXICANO": "ME’PHAA\n(TLAPANECO)", "LOCALIDAD": "CUPULADELSUR", "CLAVE LOC": 120410115, "TIPO DE ASENTAMIENTO": "COMUNIDAD INDIGENA", "NOMBRE": "CÚPULA DEL SUR", "MONTO ASIGNADO (PESOS)": 171321, "LATITUD": 17.199313, "LONGITUD": -98.695901 }, "geometry": { "type": "Point", "coordinates": [ -98.695901, 17.199313 ] } },
{ "type": "Feature", "properties": { "NO": 935, "ENTIDAD": "GUERRERO", "MUNICIPIO": "Malinaltepec", "PUEBLO INDIGENA O AFROMEXICANO": "ME’PHAA\n(TLAPANECO)", "LOCALIDAD": "ELCARRIZAL", "CLAVE LOC": 120410194, "TIPO DE ASENTAMIENTO": "COMUNIDAD INDIGENA", "NOMBRE": "EL CARRIZAL", "MONTO ASIGNADO (PESOS)": 180114, "LATITUD": 17.187605, "LONGITUD": -98.684345 }, "geometry": { "type": "Point", "coordinates": [ -98.684345, 17.187605 ] } },
{ "type": "Feature", "properties": { "NO": 936, "ENTIDAD": "GUERRERO", "MUNICIPIO": "Malinaltepec", "PUEBLO INDIGENA O AFROMEXICANO": "ME’PHAA\n(TLAPANECO)", "LOCALIDAD": "ELCOCOYUL", "CLAVE LOC": 120410039, "TIPO DE ASENTAMIENTO": "LOCALIDAD CON POBLACION\nINDIGENA", "NOMBRE": "EL CARRIZAL", "MONTO ASIGNADO (PESOS)": 609752, "LATITUD": 17.187605, "LONGITUD": -98.684345 }, "geometry": { "type": "Point", "coordinates": [ -98.684345, 17.187605 ] } },
{ "type": "Feature", "properties": { "NO": 937, "ENTIDAD": "GUERRERO", "MUNICIPIO": "Malinaltepec", "PUEBLO INDIGENA O AFROMEXICANO": "ME’PHAA\n(TLAPANECO)", "LOCALIDAD": "ELMANGO(XABONIKIL)", "CLAVE LOC": 120410111, "TIPO DE ASENTAMIENTO": "COMUNIDAD INDIGENA", "NOMBRE": "EL MANGO (XABO NIKIL)", "MONTO ASIGNADO (PESOS)": 247930, "LATITUD": 17.027365, "LONGITUD": -98.73842 }, "geometry": { "type": "Point", "coordinates": [ -98.73842, 17.027365 ] } },
{ "type": "Feature", "properties": { "NO": 938, "ENTIDAD": "GUERRERO", "MUNICIPIO": "Malinaltepec", "PUEBLO INDIGENA O AFROMEXICANO": "ME’PHAA\n(TLAPANECO)", "LOCALIDAD": "ELMIRADOR", "CLAVE LOC": 120410205, "TIPO DE ASENTAMIENTO": "COMUNIDAD INDIGENA", "NOMBRE": "EL MIRADOR", "MONTO ASIGNADO (PESOS)": 291582, "LATITUD": 17.047849, "LONGITUD": -98.744443 }, "geometry": { "type": "Point", "coordinates": [ -98.744443, 17.047849 ] } },
{ "type": "Feature", "properties": { "NO": 939, "ENTIDAD": "GUERRERO", "MUNICIPIO": "Malinaltepec", "PUEBLO INDIGENA O AFROMEXICANO": "ME’PHAA\n(TLAPANECO)", "LOCALIDAD": "ELPARAISO", "CLAVE LOC": 120410208, "TIPO DE ASENTAMIENTO": "COMUNIDAD INDIGENA", "NOMBRE": "EL PARAÍSO", "MONTO ASIGNADO (PESOS)": 181371, "LATITUD": 17.329876, "LONGITUD": -98.693309 }, "geometry": { "type": "Point", "coordinates": [ -98.693309, 17.329876 ] } },
{ "type": "Feature", "properties": { "NO": 940, "ENTIDAD": "GUERRERO", "MUNICIPIO": "Malinaltepec", "PUEBLO INDIGENA O AFROMEXICANO": "ME’PHAA\n(TLAPANECO)", "LOCALIDAD": "ELPORTEZUELODESANTACRUZ (CRUZAMIENTO)", "CLAVE LOC": 120410046, "TIPO DE ASENTAMIENTO": "COMUNIDAD INDIGENA", "NOMBRE": "EL PORTEZUELO DE SANTA CRUZ (CRUZAMIENTO)", "MONTO ASIGNADO (PESOS)": 200214, "LATITUD": 17.190229, "LONGITUD": -98.721216 }, "geometry": { "type": "Point", "coordinates": [ -98.721216, 17.190229 ] } },
{ "type": "Feature", "properties": { "NO": 941, "ENTIDAD": "GUERRERO", "MUNICIPIO": "Malinaltepec", "PUEBLO INDIGENA O AFROMEXICANO": "ME’PHAA\n(TLAPANECO)", "LOCALIDAD": "ELPOTRERILLO(POTRERILLODELRINCON)", "CLAVE LOC": 120410016, "TIPO DE ASENTAMIENTO": "LOCALIDAD CON POBLACION\nINDIGENA", "NOMBRE": "EL PORTEZUELO DE SANTA CRUZ (CRUZAMIENTO)", "MONTO ASIGNADO (PESOS)": 1834595, "LATITUD": 17.190229, "LONGITUD": -98.721216 }, "geometry": { "type": "Point", "coordinates": [ -98.721216, 17.190229 ] } },
{ "type": "Feature", "properties": { "NO": 942, "ENTIDAD": "GUERRERO", "MUNICIPIO": "Malinaltepec", "PUEBLO INDIGENA O AFROMEXICANO": "ME’PHAA\n(TLAPANECO)", "LOCALIDAD": "ELSALTO", "CLAVE LOC": 120410074, "TIPO DE ASENTAMIENTO": "COMUNIDAD INDIGENA", "NOMBRE": "EL SALTO", "MONTO ASIGNADO (PESOS)": 367296, "LATITUD": 17.057836, "LONGITUD": -98.742076 }, "geometry": { "type": "Point", "coordinates": [ -98.742076, 17.057836 ] } },
{ "type": "Feature", "properties": { "NO": 943, "ENTIDAD": "GUERRERO", "MUNICIPIO": "Malinaltepec", "PUEBLO INDIGENA O AFROMEXICANO": "ME’PHAA\n(TLAPANECO)", "LOCALIDAD": "ELTEJOCOTE", "CLAVE LOC": 120410023, "TIPO DE ASENTAMIENTO": "COMUNIDAD INDIGENA", "NOMBRE": "EL TEJOCOTE", "MONTO ASIGNADO (PESOS)": 964144, "LATITUD": 17.328353, "LONGITUD": -98.658777 }, "geometry": { "type": "Point", "coordinates": [ -98.658777, 17.328353 ] } },
{ "type": "Feature", "properties": { "NO": 944, "ENTIDAD": "GUERRERO", "MUNICIPIO": "Malinaltepec", "PUEBLO INDIGENA O AFROMEXICANO": "ME’PHAA\n(TLAPANECO)", "LOCALIDAD": "ELTEPEYAC", "CLAVE LOC": 120410024, "TIPO DE ASENTAMIENTO": "COMUNIDAD INDIGENA", "NOMBRE": "EL TEPEYAC", "MONTO ASIGNADO (PESOS)": 223679, "LATITUD": 17.3327, "LONGITUD": -98.633478 }, "geometry": { "type": "Point", "coordinates": [ -98.633478, 17.3327 ] } },
{ "type": "Feature", "properties": { "NO": 945, "ENTIDAD": "GUERRERO", "MUNICIPIO": "Malinaltepec", "PUEBLO INDIGENA O AFROMEXICANO": "ME’PHAA\n(TLAPANECO)", "LOCALIDAD": "ELTEPEYAC", "CLAVE LOC": 120410189, "TIPO DE ASENTAMIENTO": "COMUNIDAD INDIGENA", "NOMBRE": "EL TEPEYAC", "MONTO ASIGNADO (PESOS)": 249208, "LATITUD": 17.055803, "LONGITUD": -98.753989 }, "geometry": { "type": "Point", "coordinates": [ -98.753989, 17.055803 ] } },
{ "type": "Feature", "properties": { "NO": 946, "ENTIDAD": "GUERRERO", "MUNICIPIO": "Malinaltepec", "PUEBLO INDIGENA O AFROMEXICANO": "MIXTECO", "LOCALIDAD": "EMILIANOZAPATA", "CLAVE LOC": 120410202, "TIPO DE ASENTAMIENTO": "LOCALIDAD CON POBLACION\nINDIGENA", "NOMBRE": "EMILIANO ZAPATA", "MONTO ASIGNADO (PESOS)": 622314, "LATITUD": 17.294009, "LONGITUD": -98.619258 }, "geometry": { "type": "Point", "coordinates": [ -98.619258, 17.294009 ] } },
{ "type": "Feature", "properties": { "NO": 947, "ENTIDAD": "GUERRERO", "MUNICIPIO": "Malinaltepec", "PUEBLO INDIGENA O AFROMEXICANO": "ME’PHAA\n(TLAPANECO)", "LOCALIDAD": "ESPINOBLANCO", "CLAVE LOC": 120410078, "TIPO DE ASENTAMIENTO": "COMUNIDAD INDIGENA", "NOMBRE": "ESPINO BLANCO", "MONTO ASIGNADO (PESOS)": 520144, "LATITUD": 17.11442, "LONGITUD": -98.759366 }, "geometry": { "type": "Point", "coordinates": [ -98.759366, 17.11442 ] } },
{ "type": "Feature", "properties": { "NO": 948, "ENTIDAD": "GUERRERO", "MUNICIPIO": "Malinaltepec", "PUEBLO INDIGENA O AFROMEXICANO": "ME’PHAA\n(TLAPANECO)", "LOCALIDAD": "FILODEACATEPEC", "CLAVE LOC": 120410127, "TIPO DE ASENTAMIENTO": "COMUNIDAD INDIGENA", "NOMBRE": "FILO DE ACATEPEC", "MONTO ASIGNADO (PESOS)": 190536, "LATITUD": 17.328494, "LONGITUD": -98.64577 }, "geometry": { "type": "Point", "coordinates": [ -98.64577, 17.328494 ] } },
{ "type": "Feature", "properties": { "NO": 949, "ENTIDAD": "GUERRERO", "MUNICIPIO": "Malinaltepec", "PUEBLO INDIGENA O AFROMEXICANO": "ME’PHAA\n(TLAPANECO)", "LOCALIDAD": "FILODEGALLO", "CLAVE LOC": 120410190, "TIPO DE ASENTAMIENTO": "COMUNIDAD INDIGENA", "NOMBRE": "FILO DE GALLO", "MONTO ASIGNADO (PESOS)": 99190, "LATITUD": 17.173396, "LONGITUD": -98.717507 }, "geometry": { "type": "Point", "coordinates": [ -98.717507, 17.173396 ] } },
{ "type": "Feature", "properties": { "NO": 950, "ENTIDAD": "GUERRERO", "MUNICIPIO": "Malinaltepec", "PUEBLO INDIGENA O AFROMEXICANO": "ME’PHAA\n(TLAPANECO)", "LOCALIDAD": "GUADALUPE", "CLAVE LOC": 120410195, "TIPO DE ASENTAMIENTO": "COMUNIDAD INDIGENA", "NOMBRE": "GUADALUPE", "MONTO ASIGNADO (PESOS)": 134889, "LATITUD": 17.249748, "LONGITUD": -98.676653 }, "geometry": { "type": "Point", "coordinates": [ -98.676653, 17.249748 ] } },
{ "type": "Feature", "properties": { "NO": 951, "ENTIDAD": "GUERRERO", "MUNICIPIO": "Malinaltepec", "PUEBLO INDIGENA O AFROMEXICANO": "ME’PHAA\n(TLAPANECO)", "LOCALIDAD": "HOMBRODELCERROARDILLA(CERRO ARDILLA)", "CLAVE LOC": 120410174, "TIPO DE ASENTAMIENTO": "COMUNIDAD INDIGENA", "NOMBRE": "HOMBRO DEL CERRO ARDILLA (CERRO ARDILLA)", "MONTO ASIGNADO (PESOS)": 171321, "LATITUD": 17.036998, "LONGITUD": -98.710675 }, "geometry": { "type": "Point", "coordinates": [ -98.710675, 17.036998 ] } },
{ "type": "Feature", "properties": { "NO": 952, "ENTIDAD": "GUERRERO", "MUNICIPIO": "Malinaltepec", "PUEBLO INDIGENA O AFROMEXICANO": "ME’PHAA\n(TLAPANECO)", "LOCALIDAD": "JARDINESDECAFETALES", "CLAVE LOC": 120410101, "TIPO DE ASENTAMIENTO": "LOCALIDAD CON POBLACION\nINDIGENA", "NOMBRE": "HOMBRO DEL CERRO ARDILLA (CERRO ARDILLA)", "MONTO ASIGNADO (PESOS)": 165039, "LATITUD": 17.036998, "LONGITUD": -98.710675 }, "geometry": { "type": "Point", "coordinates": [ -98.710675, 17.036998 ] } },
{ "type": "Feature", "properties": { "NO": 953, "ENTIDAD": "GUERRERO", "MUNICIPIO": "Malinaltepec", "PUEBLO INDIGENA O AFROMEXICANO": "ME’PHAA\n(TLAPANECO)", "LOCALIDAD": "LACANOA", "CLAVE LOC": 120410112, "TIPO DE ASENTAMIENTO": "COMUNIDAD INDIGENA", "NOMBRE": "LA CANOA", "MONTO ASIGNADO (PESOS)": 192677, "LATITUD": 17.326294, "LONGITUD": -98.666 }, "geometry": { "type": "Point", "coordinates": [ -98.666, 17.326294 ] } },
{ "type": "Feature", "properties": { "NO": 954, "ENTIDAD": "GUERRERO", "MUNICIPIO": "Malinaltepec", "PUEBLO INDIGENA O AFROMEXICANO": "ME’PHAA\n(TLAPANECO)", "LOCALIDAD": "LACIENEGA", "CLAVE LOC": 120410032, "TIPO DE ASENTAMIENTO": "COMUNIDAD INDIGENA", "NOMBRE": "LA CIÉNEGA", "MONTO ASIGNADO (PESOS)": 375652, "LATITUD": 17.228116, "LONGITUD": -98.633729 }, "geometry": { "type": "Point", "coordinates": [ -98.633729, 17.228116 ] } },
{ "type": "Feature", "properties": { "NO": 955, "ENTIDAD": "GUERRERO", "MUNICIPIO": "Malinaltepec", "PUEBLO INDIGENA O AFROMEXICANO": "ME’PHAA\n(TLAPANECO)", "LOCALIDAD": "LADIVINAPROVIDENCIA", "CLAVE LOC": 120410054, "TIPO DE ASENTAMIENTO": "COMUNIDAD INDIGENA", "NOMBRE": "LA DIVINA PROVIDENCIA", "MONTO ASIGNADO (PESOS)": 171321, "LATITUD": 17.166523, "LONGITUD": -98.747574 }, "geometry": { "type": "Point", "coordinates": [ -98.747574, 17.166523 ] } },
{ "type": "Feature", "properties": { "NO": 956, "ENTIDAD": "GUERRERO", "MUNICIPIO": "Malinaltepec", "PUEBLO INDIGENA O AFROMEXICANO": "ME’PHAA\n(TLAPANECO)", "LOCALIDAD": "LALUCERNA", "CLAVE LOC": 120410220, "TIPO DE ASENTAMIENTO": "COMUNIDAD INDIGENA", "NOMBRE": "LA LUCERNA", "MONTO ASIGNADO (PESOS)": 84639, "LATITUD": 17.32047, "LONGITUD": -98.663985 }, "geometry": { "type": "Point", "coordinates": [ -98.663985, 17.32047 ] } },
{ "type": "Feature", "properties": { "NO": 957, "ENTIDAD": "GUERRERO", "MUNICIPIO": "Malinaltepec", "PUEBLO INDIGENA O AFROMEXICANO": "ME’PHAA\n(TLAPANECO)", "LOCALIDAD": "LALUCERNA", "CLAVE LOC": 120410059, "TIPO DE ASENTAMIENTO": "COMUNIDAD INDIGENA", "NOMBRE": "LA LUCERNA", "MONTO ASIGNADO (PESOS)": 386969, "LATITUD": 17.319779, "LONGITUD": -98.672189 }, "geometry": { "type": "Point", "coordinates": [ -98.672189, 17.319779 ] } },
{ "type": "Feature", "properties": { "NO": 958, "ENTIDAD": "GUERRERO", "MUNICIPIO": "Malinaltepec", "PUEBLO INDIGENA O AFROMEXICANO": "ME’PHAA\n(TLAPANECO)", "LOCALIDAD": "LAMAGUEYERA", "CLAVE LOC": 120410121, "TIPO DE ASENTAMIENTO": "COMUNIDAD INDIGENA", "NOMBRE": "LA MAGUEYERA", "MONTO ASIGNADO (PESOS)": 173833, "LATITUD": 17.288938, "LONGITUD": -98.683656 }, "geometry": { "type": "Point", "coordinates": [ -98.683656, 17.288938 ] } },
{ "type": "Feature", "properties": { "NO": 959, "ENTIDAD": "GUERRERO", "MUNICIPIO": "Malinaltepec", "PUEBLO INDIGENA O AFROMEXICANO": "ME’PHAA\n(TLAPANECO)", "LOCALIDAD": "LAPAROTA", "CLAVE LOC": 120410073, "TIPO DE ASENTAMIENTO": "LOCALIDAD CON POBLACION\nINDIGENA", "NOMBRE": "LA MAGUEYERA", "MONTO ASIGNADO (PESOS)": 289408, "LATITUD": 17.288938, "LONGITUD": -98.683656 }, "geometry": { "type": "Point", "coordinates": [ -98.683656, 17.288938 ] } },
{ "type": "Feature", "properties": { "NO": 960, "ENTIDAD": "GUERRERO", "MUNICIPIO": "Malinaltepec", "PUEBLO INDIGENA O AFROMEXICANO": "ME’PHAA\n(TLAPANECO)", "LOCALIDAD": "LASOLEDAD", "CLAVE LOC": 120410021, "TIPO DE ASENTAMIENTO": "COMUNIDAD INDIGENA", "NOMBRE": "LA SOLEDAD", "MONTO ASIGNADO (PESOS)": 520558, "LATITUD": 17.195194, "LONGITUD": -98.683419 }, "geometry": { "type": "Point", "coordinates": [ -98.683419, 17.195194 ] } },
{ "type": "Feature", "properties": { "NO": 961, "ENTIDAD": "GUERRERO", "MUNICIPIO": "Malinaltepec", "PUEBLO INDIGENA O AFROMEXICANO": "ME’PHAA\n(TLAPANECO)", "LOCALIDAD": "LATABERNA", "CLAVE LOC": 120410044, "TIPO DE ASENTAMIENTO": "COMUNIDAD INDIGENA", "NOMBRE": "LA TABERNA", "MONTO ASIGNADO (PESOS)": 242927, "LATITUD": 17.20124, "LONGITUD": -98.70807 }, "geometry": { "type": "Point", "coordinates": [ -98.70807, 17.20124 ] } },
{ "type": "Feature", "properties": { "NO": 962, "ENTIDAD": "GUERRERO", "MUNICIPIO": "Malinaltepec", "PUEBLO INDIGENA O AFROMEXICANO": "ME’PHAA\n(TLAPANECO)", "LOCALIDAD": "LAVILLADEGUADALUPE", "CLAVE LOC": 120410193, "TIPO DE ASENTAMIENTO": "COMUNIDAD INDIGENA", "NOMBRE": "LA VILLA DE GUADALUPE", "MONTO ASIGNADO (PESOS)": 420058, "LATITUD": 17.051111, "LONGITUD": -98.7525 }, "geometry": { "type": "Point", "coordinates": [ -98.7525, 17.051111 ] } },
{ "type": "Feature", "properties": { "NO": 963, "ENTIDAD": "GUERRERO", "MUNICIPIO": "Malinaltepec", "PUEBLO INDIGENA O AFROMEXICANO": "ME’PHAA\n(TLAPANECO)", "LOCALIDAD": "LAGUNAALTA(VEINTICINCODEABRIL)", "CLAVE LOC": 120410133, "TIPO DE ASENTAMIENTO": "COMUNIDAD INDIGENA", "NOMBRE": "LAGUNA ALTA (VEINTICINCO DE ABRIL)", "MONTO ASIGNADO (PESOS)": 88408, "LATITUD": 17.16649, "LONGITUD": -98.685708 }, "geometry": { "type": "Point", "coordinates": [ -98.685708, 17.16649 ] } },
{ "type": "Feature", "properties": { "NO": 964, "ENTIDAD": "GUERRERO", "MUNICIPIO": "Malinaltepec", "PUEBLO INDIGENA O AFROMEXICANO": "ME’PHAA\n(TLAPANECO)", "LOCALIDAD": "LAGUNASECA", "CLAVE LOC": 120410031, "TIPO DE ASENTAMIENTO": "COMUNIDAD INDIGENA", "NOMBRE": "LAGUNA SECA", "MONTO ASIGNADO (PESOS)": 367568, "LATITUD": 17.239399, "LONGITUD": -98.660012 }, "geometry": { "type": "Point", "coordinates": [ -98.660012, 17.239399 ] } },
{ "type": "Feature", "properties": { "NO": 965, "ENTIDAD": "GUERRERO", "MUNICIPIO": "Malinaltepec", "PUEBLO INDIGENA O AFROMEXICANO": "ME’PHAA\n(TLAPANECO)", "LOCALIDAD": "LAGUNATRESMARIAS", "CLAVE LOC": 120410108, "TIPO DE ASENTAMIENTO": "COMUNIDAD INDIGENA", "NOMBRE": "LAGUNA TRES MARÍAS", "MONTO ASIGNADO (PESOS)": 180027, "LATITUD": 17.129021, "LONGITUD": -98.698362 }, "geometry": { "type": "Point", "coordinates": [ -98.698362, 17.129021 ] } },
{ "type": "Feature", "properties": { "NO": 966, "ENTIDAD": "GUERRERO", "MUNICIPIO": "Malinaltepec", "PUEBLO INDIGENA O AFROMEXICANO": "ME’PHAA\n(TLAPANECO)", "LOCALIDAD": "LINOCARRASCO", "CLAVE LOC": 120410210, "TIPO DE ASENTAMIENTO": "COMUNIDAD INDIGENA", "NOMBRE": "LINO CARRASCO", "MONTO ASIGNADO (PESOS)": 190164, "LATITUD": 17.136075, "LONGITUD": -98.668974 }, "geometry": { "type": "Point", "coordinates": [ -98.668974, 17.136075 ] } },
{ "type": "Feature", "properties": { "NO": 967, "ENTIDAD": "GUERRERO", "MUNICIPIO": "Malinaltepec", "PUEBLO INDIGENA O AFROMEXICANO": "ME’PHAA\n(TLAPANECO)", "LOCALIDAD": "LLANODEHENO", "CLAVE LOC": 120410136, "TIPO DE ASENTAMIENTO": "COMUNIDAD INDIGENA", "NOMBRE": "LLANO DE HENO", "MONTO ASIGNADO (PESOS)": 192677, "LATITUD": 17.253718, "LONGITUD": -98.651962 }, "geometry": { "type": "Point", "coordinates": [ -98.651962, 17.253718 ] } },
{ "type": "Feature", "properties": { "NO": 968, "ENTIDAD": "GUERRERO", "MUNICIPIO": "Malinaltepec", "PUEBLO INDIGENA O AFROMEXICANO": "ME’PHAA\n(TLAPANECO)", "LOCALIDAD": "LLANODEMANZANO", "CLAVE LOC": 120410117, "TIPO DE ASENTAMIENTO": "COMUNIDAD INDIGENA", "NOMBRE": "LLANO DE MANZANO", "MONTO ASIGNADO (PESOS)": 196446, "LATITUD": 17.178024, "LONGITUD": -98.704765 }, "geometry": { "type": "Point", "coordinates": [ -98.704765, 17.178024 ] } },
{ "type": "Feature", "properties": { "NO": 969, "ENTIDAD": "GUERRERO", "MUNICIPIO": "Malinaltepec", "PUEBLO INDIGENA O AFROMEXICANO": "ME’PHAA\n(TLAPANECO)", "LOCALIDAD": "LLANOGRANDE", "CLAVE LOC": 120410061, "TIPO DE ASENTAMIENTO": "COMUNIDAD INDIGENA", "NOMBRE": "LLANO GRANDE", "MONTO ASIGNADO (PESOS)": 462771, "LATITUD": 17.173585, "LONGITUD": -98.697792 }, "geometry": { "type": "Point", "coordinates": [ -98.697792, 17.173585 ] } },
{ "type": "Feature", "properties": { "NO": 970, "ENTIDAD": "GUERRERO", "MUNICIPIO": "Malinaltepec", "PUEBLO INDIGENA O AFROMEXICANO": "ME’PHAA\n(TLAPANECO)", "LOCALIDAD": "LLANOMAJAHUA", "CLAVE LOC": 120410103, "TIPO DE ASENTAMIENTO": "COMUNIDAD INDIGENA", "NOMBRE": "LLANO MAJAHUA", "MONTO ASIGNADO (PESOS)": 314533, "LATITUD": 17.167394, "LONGITUD": -98.726529 }, "geometry": { "type": "Point", "coordinates": [ -98.726529, 17.167394 ] } },
{ "type": "Feature", "properties": { "NO": 971, "ENTIDAD": "GUERRERO", "MUNICIPIO": "Malinaltepec", "PUEBLO INDIGENA O AFROMEXICANO": "ME’PHAA\n(TLAPANECO)", "LOCALIDAD": "LLANOPANTANOSO", "CLAVE LOC": 120410034, "TIPO DE ASENTAMIENTO": "COMUNIDAD INDIGENA", "NOMBRE": "LLANO PANTANOSO", "MONTO ASIGNADO (PESOS)": 465283, "LATITUD": 17.212423, "LONGITUD": -98.685007 }, "geometry": { "type": "Point", "coordinates": [ -98.685007, 17.212423 ] } },
{ "type": "Feature", "properties": { "NO": 972, "ENTIDAD": "GUERRERO", "MUNICIPIO": "Malinaltepec", "PUEBLO INDIGENA O AFROMEXICANO": "ME’PHAA\n(TLAPANECO)", "LOCALIDAD": "LOMACOLORADA", "CLAVE LOC": 120410160, "TIPO DE ASENTAMIENTO": "COMUNIDAD INDIGENA", "NOMBRE": "LOMA COLORADA", "MONTO ASIGNADO (PESOS)": 176346, "LATITUD": 17.245922, "LONGITUD": -98.680761 }, "geometry": { "type": "Point", "coordinates": [ -98.680761, 17.245922 ] } },
{ "type": "Feature", "properties": { "NO": 973, "ENTIDAD": "GUERRERO", "MUNICIPIO": "Malinaltepec", "PUEBLO INDIGENA O AFROMEXICANO": "ME’PHAA\n(TLAPANECO)", "LOCALIDAD": "LOMACONCHA", "CLAVE LOC": 120410045, "TIPO DE ASENTAMIENTO": "COMUNIDAD INDIGENA", "NOMBRE": "LOMA CONCHA", "MONTO ASIGNADO (PESOS)": 154989, "LATITUD": 17.180079, "LONGITUD": -98.751791 }, "geometry": { "type": "Point", "coordinates": [ -98.751791, 17.180079 ] } },
{ "type": "Feature", "properties": { "NO": 974, "ENTIDAD": "GUERRERO", "MUNICIPIO": "Malinaltepec", "PUEBLO INDIGENA O AFROMEXICANO": "ME’PHAA\n(TLAPANECO)", "LOCALIDAD": "LOMADELFAISAN", "CLAVE LOC": 120410033, "TIPO DE ASENTAMIENTO": "COMUNIDAD INDIGENA", "NOMBRE": "LOMA DEL FAISÁN", "MONTO ASIGNADO (PESOS)": 258002, "LATITUD": 17.22325, "LONGITUD": -98.657685 }, "geometry": { "type": "Point", "coordinates": [ -98.657685, 17.22325 ] } },
{ "type": "Feature", "properties": { "NO": 975, "ENTIDAD": "GUERRERO", "MUNICIPIO": "Malinaltepec", "PUEBLO INDIGENA O AFROMEXICANO": "ME’PHAA\n(TLAPANECO)", "LOCALIDAD": "LOMAMAMEY", "CLAVE LOC": 120410058, "TIPO DE ASENTAMIENTO": "COMUNIDAD INDIGENA", "NOMBRE": "LOMA MAMEY", "MONTO ASIGNADO (PESOS)": 275589, "LATITUD": 17.040987, "LONGITUD": -98.72558 }, "geometry": { "type": "Point", "coordinates": [ -98.72558, 17.040987 ] } },
{ "type": "Feature", "properties": { "NO": 976, "ENTIDAD": "GUERRERO", "MUNICIPIO": "Malinaltepec", "PUEBLO INDIGENA O AFROMEXICANO": "ME’PHAA\n(TLAPANECO)", "LOCALIDAD": "MALINALTEPEC", "CLAVE LOC": 120410001, "TIPO DE ASENTAMIENTO": "COMUNIDAD INDIGENA", "NOMBRE": "MALINALTEPEC", "MONTO ASIGNADO (PESOS)": 394618, "LATITUD": 17.244628, "LONGITUD": -98.671107 }, "geometry": { "type": "Point", "coordinates": [ -98.671107, 17.244628 ] } },
{ "type": "Feature", "properties": { "NO": 977, "ENTIDAD": "GUERRERO", "MUNICIPIO": "Malinaltepec", "PUEBLO INDIGENA O AFROMEXICANO": "ME’PHAA\n(TLAPANECO)", "LOCALIDAD": "MESONDEIXTLAHUAC", "CLAVE LOC": 120410010, "TIPO DE ASENTAMIENTO": "COMUNIDAD INDIGENA", "NOMBRE": "MESÓN DE IXTLÁHUAC", "MONTO ASIGNADO (PESOS)": 1385329, "LATITUD": 17.103705, "LONGITUD": -98.800483 }, "geometry": { "type": "Point", "coordinates": [ -98.800483, 17.103705 ] } },
{ "type": "Feature", "properties": { "NO": 978, "ENTIDAD": "GUERRERO", "MUNICIPIO": "Malinaltepec", "PUEBLO INDIGENA O AFROMEXICANO": "ME’PHAA\n(TLAPANECO)", "LOCALIDAD": "MONTEALEGRE", "CLAVE LOC": 120410011, "TIPO DE ASENTAMIENTO": "COMUNIDAD INDIGENA", "NOMBRE": "MONTE ALEGRE", "MONTO ASIGNADO (PESOS)": 619802, "LATITUD": 17.229494, "LONGITUD": -98.715819 }, "geometry": { "type": "Point", "coordinates": [ -98.715819, 17.229494 ] } },
{ "type": "Feature", "properties": { "NO": 979, "ENTIDAD": "GUERRERO", "MUNICIPIO": "Malinaltepec", "PUEBLO INDIGENA O AFROMEXICANO": "ME’PHAA\n(TLAPANECO)", "LOCALIDAD": "MOYOTEPEC(MOYOTEPECDEJUAREZ)", "CLAVE LOC": 120410012, "TIPO DE ASENTAMIENTO": "COMUNIDAD INDIGENA", "NOMBRE": "MOYOTEPEC (MOYOTEPEC DE JUÁREZ)", "MONTO ASIGNADO (PESOS)": 777411, "LATITUD": 17.331968, "LONGITUD": -98.686843 }, "geometry": { "type": "Point", "coordinates": [ -98.686843, 17.331968 ] } },
{ "type": "Feature", "properties": { "NO": 980, "ENTIDAD": "GUERRERO", "MUNICIPIO": "Malinaltepec", "PUEBLO INDIGENA O AFROMEXICANO": "ME’PHAA\n(TLAPANECO)", "LOCALIDAD": "OJODEAGUADECUAUHTEMOC", "CLAVE LOC": 120410013, "TIPO DE ASENTAMIENTO": "COMUNIDAD INDIGENA", "NOMBRE": "OJO DE AGUA DE CUAUHTÉMOC", "MONTO ASIGNADO (PESOS)": 725327, "LATITUD": 17.202271, "LONGITUD": -98.656625 }, "geometry": { "type": "Point", "coordinates": [ -98.656625, 17.202271 ] } },
{ "type": "Feature", "properties": { "NO": 981, "ENTIDAD": "GUERRERO", "MUNICIPIO": "Malinaltepec", "PUEBLO INDIGENA O AFROMEXICANO": "ME’PHAA\n(TLAPANECO)", "LOCALIDAD": "PARAJEMONTERO(PARAJEMONTERODE ZARAGOZA)", "CLAVE LOC": 120410014, "TIPO DE ASENTAMIENTO": "COMUNIDAD INDIGENA", "NOMBRE": "PARAJE MONTERO (PARAJE MONTERO DE ZARAGOZA)", "MONTO ASIGNADO (PESOS)": 1054682, "LATITUD": 17.163026, "LONGITUD": -98.703792 }, "geometry": { "type": "Point", "coordinates": [ -98.703792, 17.163026 ] } },
{ "type": "Feature", "properties": { "NO": 982, "ENTIDAD": "GUERRERO", "MUNICIPIO": "Malinaltepec", "PUEBLO INDIGENA O AFROMEXICANO": "ME’PHAA\n(TLAPANECO)", "LOCALIDAD": "PIEDELACUESTA", "CLAVE LOC": 120410148, "TIPO DE ASENTAMIENTO": "LOCALIDAD CON POBLACION\nINDIGENA", "NOMBRE": "PARAJE MONTERO (PARAJE MONTERO DE ZARAGOZA)", "MONTO ASIGNADO (PESOS)": 166296, "LATITUD": 17.163026, "LONGITUD": -98.703792 }, "geometry": { "type": "Point", "coordinates": [ -98.703792, 17.163026 ] } },
{ "type": "Feature", "properties": { "NO": 983, "ENTIDAD": "GUERRERO", "MUNICIPIO": "Malinaltepec", "PUEBLO INDIGENA O AFROMEXICANO": "ME’PHAA\n(TLAPANECO)", "LOCALIDAD": "PIEDRAPINTADA", "CLAVE LOC": 120410149, "TIPO DE ASENTAMIENTO": "LOCALIDAD CON POBLACION\nINDIGENA", "NOMBRE": "PARAJE MONTERO (PARAJE MONTERO DE ZARAGOZA)", "MONTO ASIGNADO (PESOS)": 324583, "LATITUD": 17.163026, "LONGITUD": -98.703792 }, "geometry": { "type": "Point", "coordinates": [ -98.703792, 17.163026 ] } },
{ "type": "Feature", "properties": { "NO": 984, "ENTIDAD": "GUERRERO", "MUNICIPIO": "Malinaltepec", "PUEBLO INDIGENA O AFROMEXICANO": "ME’PHAA\n(TLAPANECO)", "LOCALIDAD": "PORTEZUELODELCOYOTE", "CLAVE LOC": 120410162, "TIPO DE ASENTAMIENTO": "LOCALIDAD CON POBLACION\nINDIGENA", "NOMBRE": "PORTEZUELO DEL COYOTE", "MONTO ASIGNADO (PESOS)": 165039, "LATITUD": 17.23852, "LONGITUD": -98.709716 }, "geometry": { "type": "Point", "coordinates": [ -98.709716, 17.23852 ] } },
{ "type": "Feature", "properties": { "NO": 985, "ENTIDAD": "GUERRERO", "MUNICIPIO": "Malinaltepec", "PUEBLO INDIGENA O AFROMEXICANO": "MIXTECO", "LOCALIDAD": "RANCHONUEVO", "CLAVE LOC": 120410203, "TIPO DE ASENTAMIENTO": "LOCALIDAD CON POBLACION\nINDIGENA", "NOMBRE": "RANCHO NUEVO", "MONTO ASIGNADO (PESOS)": 226596, "LATITUD": 17.284164, "LONGITUD": -98.609458 }, "geometry": { "type": "Point", "coordinates": [ -98.609458, 17.284164 ] } },
{ "type": "Feature", "properties": { "NO": 986, "ENTIDAD": "GUERRERO", "MUNICIPIO": "Malinaltepec", "PUEBLO INDIGENA O AFROMEXICANO": "ME’PHAA\n(TLAPANECO)", "LOCALIDAD": "RANCHOVIEJO", "CLAVE LOC": 120410017, "TIPO DE ASENTAMIENTO": "LOCALIDAD CON POBLACION\nINDIGENA", "NOMBRE": "RANCHO NUEVO", "MONTO ASIGNADO (PESOS)": 740402, "LATITUD": 17.284164, "LONGITUD": -98.609458 }, "geometry": { "type": "Point", "coordinates": [ -98.609458, 17.284164 ] } },
{ "type": "Feature", "properties": { "NO": 987, "ENTIDAD": "GUERRERO", "MUNICIPIO": "Malinaltepec", "PUEBLO INDIGENA O AFROMEXICANO": "ME’PHAA\n(TLAPANECO)", "LOCALIDAD": "RAYOALTO", "CLAVE LOC": 120410150, "TIPO DE ASENTAMIENTO": "COMUNIDAD INDIGENA", "NOMBRE": "RAYO ALTO", "MONTO ASIGNADO (PESOS)": 225339, "LATITUD": 17.100475, "LONGITUD": -98.777112 }, "geometry": { "type": "Point", "coordinates": [ -98.777112, 17.100475 ] } },
{ "type": "Feature", "properties": { "NO": 988, "ENTIDAD": "GUERRERO", "MUNICIPIO": "Malinaltepec", "PUEBLO INDIGENA O AFROMEXICANO": "ME’PHAA\n(TLAPANECO)", "LOCALIDAD": "SANJUANDELASNIEVES", "CLAVE LOC": 120410124, "TIPO DE ASENTAMIENTO": "COMUNIDAD INDIGENA", "NOMBRE": "SAN JUAN DE LAS NIEVES", "MONTO ASIGNADO (PESOS)": 201044, "LATITUD": 17.355297, "LONGITUD": -98.671693 }, "geometry": { "type": "Point", "coordinates": [ -98.671693, 17.355297 ] } },
{ "type": "Feature", "properties": { "NO": 989, "ENTIDAD": "GUERRERO", "MUNICIPIO": "Malinaltepec", "PUEBLO INDIGENA O AFROMEXICANO": "ME’PHAA\n(TLAPANECO)", "LOCALIDAD": "SANMIGUEL", "CLAVE LOC": 120410030, "TIPO DE ASENTAMIENTO": "COMUNIDAD INDIGENA", "NOMBRE": "SAN MIGUEL", "MONTO ASIGNADO (PESOS)": 418802, "LATITUD": 17.259712, "LONGITUD": -98.686835 }, "geometry": { "type": "Point", "coordinates": [ -98.686835, 17.259712 ] } },
{ "type": "Feature", "properties": { "NO": 990, "ENTIDAD": "GUERRERO", "MUNICIPIO": "Malinaltepec", "PUEBLO INDIGENA O AFROMEXICANO": "ME’PHAA\n(TLAPANECO)", "LOCALIDAD": "SANMIGUELELPROGRESO", "CLAVE LOC": 120410020, "TIPO DE ASENTAMIENTO": "COMUNIDAD INDIGENA", "NOMBRE": "SAN MIGUEL EL PROGRESO", "MONTO ASIGNADO (PESOS)": 1528512, "LATITUD": 17.143865, "LONGITUD": -98.752415 }, "geometry": { "type": "Point", "coordinates": [ -98.752415, 17.143865 ] } },
{ "type": "Feature", "properties": { "NO": 991, "ENTIDAD": "GUERRERO", "MUNICIPIO": "Malinaltepec", "PUEBLO INDIGENA O AFROMEXICANO": "ME’PHAA\n(TLAPANECO)", "LOCALIDAD": "SANMIGUELELRINCON", "CLAVE LOC": 120410200, "TIPO DE ASENTAMIENTO": "LOCALIDAD CON POBLACION\nINDIGENA", "NOMBRE": "SAN MIGUEL EL PROGRESO", "MONTO ASIGNADO (PESOS)": 879266, "LATITUD": 17.143865, "LONGITUD": -98.752415 }, "geometry": { "type": "Point", "coordinates": [ -98.752415, 17.143865 ] } },
{ "type": "Feature", "properties": { "NO": 992, "ENTIDAD": "GUERRERO", "MUNICIPIO": "Malinaltepec", "PUEBLO INDIGENA O AFROMEXICANO": "ME’PHAA\n(TLAPANECO)", "LOCALIDAD": "SANTACRUZ", "CLAVE LOC": 120410192, "TIPO DE ASENTAMIENTO": "COMUNIDAD INDIGENA", "NOMBRE": "SANTA CRUZ", "MONTO ASIGNADO (PESOS)": 506739, "LATITUD": 17.052919, "LONGITUD": -98.748589 }, "geometry": { "type": "Point", "coordinates": [ -98.748589, 17.052919 ] } },
{ "type": "Feature", "properties": { "NO": 993, "ENTIDAD": "GUERRERO", "MUNICIPIO": "Malinaltepec", "PUEBLO INDIGENA O AFROMEXICANO": "MIXTECO", "LOCALIDAD": "SANTACRUZ", "CLAVE LOC": 120410204, "TIPO DE ASENTAMIENTO": "LOCALIDAD CON POBLACION\nINDIGENA", "NOMBRE": "SANTA CRUZ", "MONTO ASIGNADO (PESOS)": 305739, "LATITUD": 17.276974, "LONGITUD": -98.629608 }, "geometry": { "type": "Point", "coordinates": [ -98.629608, 17.276974 ] } },
{ "type": "Feature", "properties": { "NO": 994, "ENTIDAD": "GUERRERO", "MUNICIPIO": "Malinaltepec", "PUEBLO INDIGENA O AFROMEXICANO": "ME’PHAA\n(TLAPANECO)", "LOCALIDAD": "TAPAYOLTEPEC", "CLAVE LOC": 120410022, "TIPO DE ASENTAMIENTO": "COMUNIDAD INDIGENA", "NOMBRE": "TAPAYOLTEPEC", "MONTO ASIGNADO (PESOS)": 638646, "LATITUD": 17.185743, "LONGITUD": -98.703956 }, "geometry": { "type": "Point", "coordinates": [ -98.703956, 17.185743 ] } },
{ "type": "Feature", "properties": { "NO": 995, "ENTIDAD": "GUERRERO", "MUNICIPIO": "Malinaltepec", "PUEBLO INDIGENA O AFROMEXICANO": "ME’PHAA\n(TLAPANECO)", "LOCALIDAD": "TILAPA", "CLAVE LOC": 120410026, "TIPO DE ASENTAMIENTO": "COMUNIDAD INDIGENA", "NOMBRE": "TILAPA", "MONTO ASIGNADO (PESOS)": 744958, "LATITUD": 17.049175, "LONGITUD": -98.748989 }, "geometry": { "type": "Point", "coordinates": [ -98.748989, 17.049175 ] } },
{ "type": "Feature", "properties": { "NO": 996, "ENTIDAD": "GUERRERO", "MUNICIPIO": "Malinaltepec", "PUEBLO INDIGENA O AFROMEXICANO": "ME’PHAA\n(TLAPANECO)", "LOCALIDAD": "UNIONDELASPERAS", "CLAVE LOC": 120410028, "TIPO DE ASENTAMIENTO": "COMUNIDAD INDIGENA", "NOMBRE": "UNIÓN DE LAS PERAS", "MONTO ASIGNADO (PESOS)": 225296, "LATITUD": 17.321135, "LONGITUD": -98.649172 }, "geometry": { "type": "Point", "coordinates": [ -98.649172, 17.321135 ] } },
{ "type": "Feature", "properties": { "NO": 997, "ENTIDAD": "GUERRERO", "MUNICIPIO": "Malinaltepec", "PUEBLO INDIGENA O AFROMEXICANO": "ME’PHAA\n(TLAPANECO)", "LOCALIDAD": "VICTORIONERI", "CLAVE LOC": 120410218, "TIPO DE ASENTAMIENTO": "COMUNIDAD INDIGENA", "NOMBRE": "VICTORIO NERI", "MONTO ASIGNADO (PESOS)": 84639, "LATITUD": 17.213046, "LONGITUD": -98.694323 }, "geometry": { "type": "Point", "coordinates": [ -98.694323, 17.213046 ] } },
{ "type": "Feature", "properties": { "NO": 998, "ENTIDAD": "GUERRERO", "MUNICIPIO": "Malinaltepec", "PUEBLO INDIGENA O AFROMEXICANO": "ME’PHAA\n(TLAPANECO)", "LOCALIDAD": "VILLADELPERDON", "CLAVE LOC": 120410104, "TIPO DE ASENTAMIENTO": "COMUNIDAD INDIGENA", "NOMBRE": "VILLA DEL PERDÓN", "MONTO ASIGNADO (PESOS)": 146196, "LATITUD": 17.158609, "LONGITUD": -98.720109 }, "geometry": { "type": "Point", "coordinates": [ -98.720109, 17.158609 ] } },
{ "type": "Feature", "properties": { "NO": 999, "ENTIDAD": "GUERRERO", "MUNICIPIO": "Malinaltepec", "PUEBLO INDIGENA O AFROMEXICANO": "ME’PHAA\n(TLAPANECO)", "LOCALIDAD": "XKUAXTUTI", "CLAVE LOC": 120410075, "TIPO DE ASENTAMIENTO": "COMUNIDAD INDIGENA", "NOMBRE": "XKUA XTUTI", "MONTO ASIGNADO (PESOS)": 193769, "LATITUD": 17.346995, "LONGITUD": -98.661982 }, "geometry": { "type": "Point", "coordinates": [ -98.661982, 17.346995 ] } },
{ "type": "Feature", "properties": { "NO": 1000, "ENTIDAD": "GUERRERO", "MUNICIPIO": "Malinaltepec", "PUEBLO INDIGENA O AFROMEXICANO": "ME’PHAA\n(TLAPANECO)", "LOCALIDAD": "XOCHIATENCO", "CLAVE LOC": 120410029, "TIPO DE ASENTAMIENTO": "COMUNIDAD INDIGENA", "NOMBRE": "XOCHIATENCO", "MONTO ASIGNADO (PESOS)": 366039, "LATITUD": 17.135524, "LONGITUD": -98.649541 }, "geometry": { "type": "Point", "coordinates": [ -98.649541, 17.135524 ] } },
{ "type": "Feature", "properties": { "NO": 1001, "ENTIDAD": "GUERRERO", "MUNICIPIO": "Malinaltepec", "PUEBLO INDIGENA O AFROMEXICANO": "MIXTECO", "LOCALIDAD": "YAUTEPEC", "CLAVE LOC": 120410191, "TIPO DE ASENTAMIENTO": "LOCALIDAD CON POBLACION\nINDIGENA", "NOMBRE": "YAUTEPEC", "MONTO ASIGNADO (PESOS)": 355989, "LATITUD": 17.265346, "LONGITUD": -98.63185 }, "geometry": { "type": "Point", "coordinates": [ -98.63185, 17.265346 ] } },
{ "type": "Feature", "properties": { "NO": 1002, "ENTIDAD": "GUERRERO", "MUNICIPIO": "Malinaltepec", "PUEBLO INDIGENA O AFROMEXICANO": "ME’PHAA\n(TLAPANECO)", "LOCALIDAD": "(SINNOMBRE)", "CLAVE LOC": 120410000, "TIPO DE ASENTAMIENTO": "COMUNIDAD INDIGENA", "NOMBRE": "YAUTEPEC", "MONTO ASIGNADO (PESOS)": 84639, "LATITUD": 17.265346, "LONGITUD": -98.63185 }, "geometry": { "type": "Point", "coordinates": [ -98.63185, 17.265346 ] } },
{ "type": "Feature", "properties": { "NO": 1003, "ENTIDAD": "GUERRERO", "MUNICIPIO": "Marquelia", "PUEBLO INDIGENA O AFROMEXICANO": "AFROMEXICANO", "LOCALIDAD": "BARRADETECOANAPA", "CLAVE LOC": 120770004, "TIPO DE ASENTAMIENTO": "COMUNIDAD AFROMEXICANA", "NOMBRE": "BARRA DE TECOANAPA", "MONTO ASIGNADO (PESOS)": 1050640, "LATITUD": 16.508874, "LONGITUD": -98.73121 }, "geometry": { "type": "Point", "coordinates": [ -98.73121, 16.508874 ] } },
{ "type": "Feature", "properties": { "NO": 1004, "ENTIDAD": "GUERRERO", "MUNICIPIO": "Marquelia", "PUEBLO INDIGENA O AFROMEXICANO": "MIXTECO", "LOCALIDAD": "COLONIAELPANTEON", "CLAVE LOC": 120770045, "TIPO DE ASENTAMIENTO": "COMUNIDAD INDIGENA", "NOMBRE": "COLONIA EL PANTEÓN", "MONTO ASIGNADO (PESOS)": 171943, "LATITUD": 16.589269, "LONGITUD": -98.810444 }, "geometry": { "type": "Point", "coordinates": [ -98.810444, 16.589269 ] } },
{ "type": "Feature", "properties": { "NO": 1005, "ENTIDAD": "GUERRERO", "MUNICIPIO": "Marquelia", "PUEBLO INDIGENA O AFROMEXICANO": "AFROMEXICANO", "LOCALIDAD": "CRUZVERDE", "CLAVE LOC": 120770011, "TIPO DE ASENTAMIENTO": "COMUNIDAD AFROMEXICANA", "NOMBRE": "CRUZ VERDE", "MONTO ASIGNADO (PESOS)": 268052, "LATITUD": 16.713732, "LONGITUD": -98.762772 }, "geometry": { "type": "Point", "coordinates": [ -98.762772, 16.713732 ] } },
{ "type": "Feature", "properties": { "NO": 1006, "ENTIDAD": "GUERRERO", "MUNICIPIO": "Marquelia", "PUEBLO INDIGENA O AFROMEXICANO": "MIXTECO", "LOCALIDAD": "ELCAPULINCHOCOLATE", "CLAVE LOC": 120770006, "TIPO DE ASENTAMIENTO": "COMUNIDAD INDIGENA", "NOMBRE": "EL CAPULÍN CHOCOLATE", "MONTO ASIGNADO (PESOS)": 827083, "LATITUD": 16.665866, "LONGITUD": -98.759611 }, "geometry": { "type": "Point", "coordinates": [ -98.759611, 16.665866 ] } },
{ "type": "Feature", "properties": { "NO": 1007, "ENTIDAD": "GUERRERO", "MUNICIPIO": "Marquelia", "PUEBLO INDIGENA O AFROMEXICANO": "AFROMEXICANO", "LOCALIDAD": "ELPOLVORIN", "CLAVE LOC": 120770008, "TIPO DE ASENTAMIENTO": "COMUNIDAD AFROMEXICANA", "NOMBRE": "EL POLVORÍN", "MONTO ASIGNADO (PESOS)": 1340844, "LATITUD": 16.579784, "LONGITUD": -98.805411 }, "geometry": { "type": "Point", "coordinates": [ -98.805411, 16.579784 ] } },
{ "type": "Feature", "properties": { "NO": 1008, "ENTIDAD": "GUERRERO", "MUNICIPIO": "Marquelia", "PUEBLO INDIGENA O AFROMEXICANO": "MIXTECO", "LOCALIDAD": "ELZAPOTE", "CLAVE LOC": 120770039, "TIPO DE ASENTAMIENTO": "COMUNIDAD INDIGENA", "NOMBRE": "EL ZAPOTE", "MONTO ASIGNADO (PESOS)": 264906, "LATITUD": 16.60535, "LONGITUD": -98.820952 }, "geometry": { "type": "Point", "coordinates": [ -98.820952, 16.60535 ] } },
{ "type": "Feature", "properties": { "NO": 1009, "ENTIDAD": "GUERRERO", "MUNICIPIO": "Marquelia", "PUEBLO INDIGENA O AFROMEXICANO": "AFROMEXICANO", "LOCALIDAD": "LABOCANA", "CLAVE LOC": 120770023, "TIPO DE ASENTAMIENTO": "COMUNIDAD AFROMEXICANA", "NOMBRE": "LA BOCANA", "MONTO ASIGNADO (PESOS)": 247121, "LATITUD": 16.556232, "LONGITUD": -98.812055 }, "geometry": { "type": "Point", "coordinates": [ -98.812055, 16.556232 ] } },
{ "type": "Feature", "properties": { "NO": 1010, "ENTIDAD": "GUERRERO", "MUNICIPIO": "Marquelia", "PUEBLO INDIGENA O AFROMEXICANO": "AFROMEXICANO", "LOCALIDAD": "LACENIZA(LOMADEROMERO)", "CLAVE LOC": 120770007, "TIPO DE ASENTAMIENTO": "COMUNIDAD AFROMEXICANA", "NOMBRE": "LA CENIZA (LOMA DE ROMERO)", "MONTO ASIGNADO (PESOS)": 424963, "LATITUD": 16.533178, "LONGITUD": -98.683639 }, "geometry": { "type": "Point", "coordinates": [ -98.683639, 16.533178 ] } },
{ "type": "Feature", "properties": { "NO": 1011, "ENTIDAD": "GUERRERO", "MUNICIPIO": "Marquelia", "PUEBLO INDIGENA O AFROMEXICANO": "AFROMEXICANO", "LOCALIDAD": "LAGUADALUPE", "CLAVE LOC": 120770014, "TIPO DE ASENTAMIENTO": "COMUNIDAD AFROMEXICANA", "NOMBRE": "LA GUADALUPE", "MONTO ASIGNADO (PESOS)": 421729, "LATITUD": 16.552355, "LONGITUD": -98.744907 }, "geometry": { "type": "Point", "coordinates": [ -98.744907, 16.552355 ] } },
{ "type": "Feature", "properties": { "NO": 1012, "ENTIDAD": "GUERRERO", "MUNICIPIO": "Marquelia", "PUEBLO INDIGENA O AFROMEXICANO": "AFROMEXICANO", "LOCALIDAD": "LASPEÑITAS", "CLAVE LOC": 120770022, "TIPO DE ASENTAMIENTO": "COMUNIDAD AFROMEXICANA", "NOMBRE": "LAS PEÑITAS", "MONTO ASIGNADO (PESOS)": 173560, "LATITUD": 16.555274, "LONGITUD": -98.773837 }, "geometry": { "type": "Point", "coordinates": [ -98.773837, 16.555274 ] } },
{ "type": "Feature", "properties": { "NO": 1013, "ENTIDAD": "GUERRERO", "MUNICIPIO": "Marquelia", "PUEBLO INDIGENA O AFROMEXICANO": "AFROMEXICANO", "LOCALIDAD": "MARQUELIA", "CLAVE LOC": 120770001, "TIPO DE ASENTAMIENTO": "COMUNIDAD AFROMEXICANA", "NOMBRE": "MARQUELIA", "MONTO ASIGNADO (PESOS)": 640797, "LATITUD": 16.583313, "LONGITUD": -98.817851 }, "geometry": { "type": "Point", "coordinates": [ -98.817851, 16.583313 ] } },
{ "type": "Feature", "properties": { "NO": 1014, "ENTIDAD": "GUERRERO", "MUNICIPIO": "Marquelia", "PUEBLO INDIGENA O AFROMEXICANO": "AFROMEXICANO", "LOCALIDAD": "RANCHOELPALMAR(LAFINCA)", "CLAVE LOC": 120770030, "TIPO DE ASENTAMIENTO": "COMUNIDAD AFROMEXICANA", "NOMBRE": "RANCHO EL PALMAR (LA FINCA)", "MONTO ASIGNADO (PESOS)": 347359, "LATITUD": 16.613873, "LONGITUD": -98.825184 }, "geometry": { "type": "Point", "coordinates": [ -98.825184, 16.613873 ] } },
{ "type": "Feature", "properties": { "NO": 1015, "ENTIDAD": "GUERRERO", "MUNICIPIO": "Marquelia", "PUEBLO INDIGENA O AFROMEXICANO": "AFROMEXICANO", "LOCALIDAD": "TEPANTITLAN", "CLAVE LOC": 120770038, "TIPO DE ASENTAMIENTO": "COMUNIDAD AFROMEXICANA", "NOMBRE": "TEPANTITLÁN", "MONTO ASIGNADO (PESOS)": 586636, "LATITUD": 16.630961, "LONGITUD": -98.830445 }, "geometry": { "type": "Point", "coordinates": [ -98.830445, 16.630961 ] } },
{ "type": "Feature", "properties": { "NO": 1016, "ENTIDAD": "GUERRERO", "MUNICIPIO": "Marquelia", "PUEBLO INDIGENA O AFROMEXICANO": "NAHUA", "LOCALIDAD": "ZOYATLAN", "CLAVE LOC": 120770040, "TIPO DE ASENTAMIENTO": "COMUNIDAD INDIGENA", "NOMBRE": "ZOYATLÁN", "MONTO ASIGNADO (PESOS)": 1149261, "LATITUD": 16.710104, "LONGITUD": -98.735691 }, "geometry": { "type": "Point", "coordinates": [ -98.735691, 16.710104 ] } },
{ "type": "Feature", "properties": { "NO": 1017, "ENTIDAD": "GUERRERO", "MUNICIPIO": "Mártir de Cuilapan", "PUEBLO INDIGENA O AFROMEXICANO": "NAHUA", "LOCALIDAD": "AHUETLIXPA", "CLAVE LOC": 120420004, "TIPO DE ASENTAMIENTO": "COMUNIDAD INDIGENA", "NOMBRE": "AHUETLIXPA", "MONTO ASIGNADO (PESOS)": 247121, "LATITUD": 17.902956, "LONGITUD": -99.294351 }, "geometry": { "type": "Point", "coordinates": [ -99.294351, 17.902956 ] } },
{ "type": "Feature", "properties": { "NO": 1018, "ENTIDAD": "GUERRERO", "MUNICIPIO": "Mártir de Cuilapan", "PUEBLO INDIGENA O AFROMEXICANO": "NAHUA", "LOCALIDAD": "AHUEXOTITLAN", "CLAVE LOC": 120420003, "TIPO DE ASENTAMIENTO": "COMUNIDAD INDIGENA", "NOMBRE": "AHUEXOTITLÁN", "MONTO ASIGNADO (PESOS)": 435471, "LATITUD": 17.793853, "LONGITUD": -99.387592 }, "geometry": { "type": "Point", "coordinates": [ -99.387592, 17.793853 ] } },
{ "type": "Feature", "properties": { "NO": 1019, "ENTIDAD": "GUERRERO", "MUNICIPIO": "Mártir de Cuilapan", "PUEBLO INDIGENA O AFROMEXICANO": "NAHUA", "LOCALIDAD": "AIXCUALCO", "CLAVE LOC": 120420002, "TIPO DE ASENTAMIENTO": "COMUNIDAD INDIGENA", "NOMBRE": "AIXCUALCO", "MONTO ASIGNADO (PESOS)": 501758, "LATITUD": 17.799061, "LONGITUD": -99.363898 }, "geometry": { "type": "Point", "coordinates": [ -99.363898, 17.799061 ] } },
{ "type": "Feature", "properties": { "NO": 1020, "ENTIDAD": "GUERRERO", "MUNICIPIO": "Mártir de Cuilapan", "PUEBLO INDIGENA O AFROMEXICANO": "NAHUA", "LOCALIDAD": "ANALCO", "CLAVE LOC": 120420005, "TIPO DE ASENTAMIENTO": "COMUNIDAD INDIGENA", "NOMBRE": "ANALCO", "MONTO ASIGNADO (PESOS)": 668796, "LATITUD": 17.943384, "LONGITUD": -99.439984 }, "geometry": { "type": "Point", "coordinates": [ -99.439984, 17.943384 ] } },
{ "type": "Feature", "properties": { "NO": 1021, "ENTIDAD": "GUERRERO", "MUNICIPIO": "Mártir de Cuilapan", "PUEBLO INDIGENA O AFROMEXICANO": "NAHUA", "LOCALIDAD": "ELPADERON", "CLAVE LOC": 120420020, "TIPO DE ASENTAMIENTO": "COMUNIDAD INDIGENA", "NOMBRE": "EL PADERÓN", "MONTO ASIGNADO (PESOS)": 137402, "LATITUD": 17.782556, "LONGITUD": -99.288957 }, "geometry": { "type": "Point", "coordinates": [ -99.288957, 17.782556 ] } },
{ "type": "Feature", "properties": { "NO": 1022, "ENTIDAD": "GUERRERO", "MUNICIPIO": "Mártir de Cuilapan", "PUEBLO INDIGENA O AFROMEXICANO": "NAHUA", "LOCALIDAD": "HUEYITLALPAN", "CLAVE LOC": 120420007, "TIPO DE ASENTAMIENTO": "COMUNIDAD INDIGENA", "NOMBRE": "HUEYITLALPAN", "MONTO ASIGNADO (PESOS)": 1595480, "LATITUD": 17.674733, "LONGITUD": -99.295552 }, "geometry": { "type": "Point", "coordinates": [ -99.295552, 17.674733 ] } },
{ "type": "Feature", "properties": { "NO": 1023, "ENTIDAD": "GUERRERO", "MUNICIPIO": "Mártir de Cuilapan", "PUEBLO INDIGENA O AFROMEXICANO": "NAHUA", "LOCALIDAD": "LAESPERANZA", "CLAVE LOC": 120420006, "TIPO DE ASENTAMIENTO": "COMUNIDAD INDIGENA", "NOMBRE": "LA ESPERANZA", "MONTO ASIGNADO (PESOS)": 2965220, "LATITUD": 17.760482, "LONGITUD": -99.24888 }, "geometry": { "type": "Point", "coordinates": [ -99.24888, 17.760482 ] } },
{ "type": "Feature", "properties": { "NO": 1024, "ENTIDAD": "GUERRERO", "MUNICIPIO": "Mártir de Cuilapan", "PUEBLO INDIGENA O AFROMEXICANO": "NAHUA", "LOCALIDAD": "SANAGUSTINOSTOTIPAN", "CLAVE LOC": 120420008, "TIPO DE ASENTAMIENTO": "COMUNIDAD INDIGENA", "NOMBRE": "SAN AGUSTÍN OSTOTIPAN", "MONTO ASIGNADO (PESOS)": 541368, "LATITUD": 17.920002, "LONGITUD": -99.348906 }, "geometry": { "type": "Point", "coordinates": [ -99.348906, 17.920002 ] } },
{ "type": "Feature", "properties": { "NO": 1025, "ENTIDAD": "GUERRERO", "MUNICIPIO": "Mártir de Cuilapan", "PUEBLO INDIGENA O AFROMEXICANO": "NAHUA", "LOCALIDAD": "SANJUANTOTOLCINTLA", "CLAVE LOC": 120420010, "TIPO DE ASENTAMIENTO": "COMUNIDAD INDIGENA", "NOMBRE": "SAN JUAN TOTOLCINTLA", "MONTO ASIGNADO (PESOS)": 2426289, "LATITUD": 17.908749, "LONGITUD": -99.327566 }, "geometry": { "type": "Point", "coordinates": [ -99.327566, 17.908749 ] } },
{ "type": "Feature", "properties": { "NO": 1026, "ENTIDAD": "GUERRERO", "MUNICIPIO": "Mártir de Cuilapan", "PUEBLO INDIGENA O AFROMEXICANO": "NAHUA", "LOCALIDAD": "SANMARCOSOACATZINGO", "CLAVE LOC": 120420011, "TIPO DE ASENTAMIENTO": "COMUNIDAD INDIGENA", "NOMBRE": "SAN MARCOS OACATZINGO", "MONTO ASIGNADO (PESOS)": 956477, "LATITUD": 17.934329, "LONGITUD": -99.482557 }, "geometry": { "type": "Point", "coordinates": [ -99.482557, 17.934329 ] } },
{ "type": "Feature", "properties": { "NO": 1027, "ENTIDAD": "GUERRERO", "MUNICIPIO": "Mártir de Cuilapan", "PUEBLO INDIGENA O AFROMEXICANO": "NAHUA", "LOCALIDAD": "TEBERNILLAS", "CLAVE LOC": 120420018, "TIPO DE ASENTAMIENTO": "COMUNIDAD INDIGENA", "NOMBRE": "TEBERNILLAS", "MONTO ASIGNADO (PESOS)": 305739, "LATITUD": 17.77386, "LONGITUD": -99.273427 }, "geometry": { "type": "Point", "coordinates": [ -99.273427, 17.77386 ] } },
{ "type": "Feature", "properties": { "NO": 1028, "ENTIDAD": "GUERRERO", "MUNICIPIO": "Mártir de Cuilapan", "PUEBLO INDIGENA O AFROMEXICANO": "NAHUA", "LOCALIDAD": "TLAIXCUAC", "CLAVE LOC": 120420014, "TIPO DE ASENTAMIENTO": "COMUNIDAD INDIGENA", "NOMBRE": "TLAIXCUAC", "MONTO ASIGNADO (PESOS)": 147452, "LATITUD": 17.793759, "LONGITUD": -99.283662 }, "geometry": { "type": "Point", "coordinates": [ -99.283662, 17.793759 ] } },
{ "type": "Feature", "properties": { "NO": 1029, "ENTIDAD": "GUERRERO", "MUNICIPIO": "Mártir de Cuilapan", "PUEBLO INDIGENA O AFROMEXICANO": "NAHUA", "LOCALIDAD": "TLAMAMACAN", "CLAVE LOC": 120420013, "TIPO DE ASENTAMIENTO": "COMUNIDAD INDIGENA", "NOMBRE": "TLAMAMACAN", "MONTO ASIGNADO (PESOS)": 1028083, "LATITUD": 17.922542, "LONGITUD": -99.526305 }, "geometry": { "type": "Point", "coordinates": [ -99.526305, 17.922542 ] } },
{ "type": "Feature", "properties": { "NO": 1030, "ENTIDAD": "GUERRERO", "MUNICIPIO": "Mártir de Cuilapan", "PUEBLO INDIGENA O AFROMEXICANO": "NAHUA", "LOCALIDAD": "TULADELRIO", "CLAVE LOC": 120420015, "TIPO DE ASENTAMIENTO": "COMUNIDAD INDIGENA", "NOMBRE": "TULA DEL RÍO", "MONTO ASIGNADO (PESOS)": 951452, "LATITUD": 17.926269, "LONGITUD": -99.36256 }, "geometry": { "type": "Point", "coordinates": [ -99.36256, 17.926269 ] } },
{ "type": "Feature", "properties": { "NO": 1031, "ENTIDAD": "GUERRERO", "MUNICIPIO": "Mártir de Cuilapan", "PUEBLO INDIGENA O AFROMEXICANO": "NAHUA", "LOCALIDAD": "XICOMULCO", "CLAVE LOC": 120420017, "TIPO DE ASENTAMIENTO": "COMUNIDAD INDIGENA", "NOMBRE": "XICOMULCO", "MONTO ASIGNADO (PESOS)": 534377, "LATITUD": 17.785042, "LONGITUD": -99.26968 }, "geometry": { "type": "Point", "coordinates": [ -99.26968, 17.785042 ] } },
{ "type": "Feature", "properties": { "NO": 1032, "ENTIDAD": "GUERRERO", "MUNICIPIO": "Mártir de Cuilapan", "PUEBLO INDIGENA O AFROMEXICANO": "NAHUA", "LOCALIDAD": "ZOTOLTITLAN", "CLAVE LOC": 120420016, "TIPO DE ASENTAMIENTO": "COMUNIDAD INDIGENA", "NOMBRE": "ZOTOLTITLÁN", "MONTO ASIGNADO (PESOS)": 114549, "LATITUD": 17.715979, "LONGITUD": -99.294759 }, "geometry": { "type": "Point", "coordinates": [ -99.294759, 17.715979 ] } },
{ "type": "Feature", "properties": { "NO": 1033, "ENTIDAD": "GUERRERO", "MUNICIPIO": "Metlatónoc", "PUEBLO INDIGENA O AFROMEXICANO": "MIXTECO", "LOCALIDAD": "BUENAVISTA", "CLAVE LOC": 120430036, "TIPO DE ASENTAMIENTO": "COMUNIDAD INDIGENA", "NOMBRE": "BUENA VISTA", "MONTO ASIGNADO (PESOS)": 224083, "LATITUD": 17.356832, "LONGITUD": -98.489817 }, "geometry": { "type": "Point", "coordinates": [ -98.489817, 17.356832 ] } },
{ "type": "Feature", "properties": { "NO": 1034, "ENTIDAD": "GUERRERO", "MUNICIPIO": "Metlatónoc", "PUEBLO INDIGENA O AFROMEXICANO": "MIXTECO", "LOCALIDAD": "CHILIXTLAHUACA", "CLAVE LOC": 120430010, "TIPO DE ASENTAMIENTO": "COMUNIDAD INDIGENA", "NOMBRE": "CHILIXTLAHUACA", "MONTO ASIGNADO (PESOS)": 1158733, "LATITUD": 17.021095, "LONGITUD": -98.511016 }, "geometry": { "type": "Point", "coordinates": [ -98.511016, 17.021095 ] } },
{ "type": "Feature", "properties": { "NO": 1035, "ENTIDAD": "GUERRERO", "MUNICIPIO": "Metlatónoc", "PUEBLO INDIGENA O AFROMEXICANO": "MIXTECO", "LOCALIDAD": "CHONDAVA", "CLAVE LOC": 120430176, "TIPO DE ASENTAMIENTO": "LOCALIDAD CON POBLACION\nINDIGENA", "NOMBRE": "CHON DA VA", "MONTO ASIGNADO (PESOS)": 147452, "LATITUD": 17.168378, "LONGITUD": -98.363232 }, "geometry": { "type": "Point", "coordinates": [ -98.363232, 17.168378 ] } },
{ "type": "Feature", "properties": { "NO": 1036, "ENTIDAD": "GUERRERO", "MUNICIPIO": "Metlatónoc", "PUEBLO INDIGENA O AFROMEXICANO": "MIXTECO", "LOCALIDAD": "COCUILOTLAZALA(COCUITLAZALAELVIEJO)", "CLAVE LOC": 120430006, "TIPO DE ASENTAMIENTO": "COMUNIDAD INDIGENA", "NOMBRE": "COCUILOTLAZALA (COCUITLAZALA EL VIEJO)", "MONTO ASIGNADO (PESOS)": 678846, "LATITUD": 17.300061, "LONGITUD": -98.427147 }, "geometry": { "type": "Point", "coordinates": [ -98.427147, 17.300061 ] } },
{ "type": "Feature", "properties": { "NO": 1037, "ENTIDAD": "GUERRERO", "MUNICIPIO": "Metlatónoc", "PUEBLO INDIGENA O AFROMEXICANO": "MIXTECO", "LOCALIDAD": "COLONIADEGUADALUPE", "CLAVE LOC": 120430008, "TIPO DE ASENTAMIENTO": "COMUNIDAD INDIGENA", "NOMBRE": "COLONIA DE GUADALUPE", "MONTO ASIGNADO (PESOS)": 387396, "LATITUD": 17.292765, "LONGITUD": -98.505928 }, "geometry": { "type": "Point", "coordinates": [ -98.505928, 17.292765 ] } },
{ "type": "Feature", "properties": { "NO": 1038, "ENTIDAD": "GUERRERO", "MUNICIPIO": "Metlatónoc", "PUEBLO INDIGENA O AFROMEXICANO": "MIXTECO", "LOCALIDAD": "COLONIAGUERRERO", "CLAVE LOC": 120430257, "TIPO DE ASENTAMIENTO": "LOCALIDAD CON POBLACION\nINDIGENA", "NOMBRE": "COLONIA GUERRERO", "MONTO ASIGNADO (PESOS)": 216546, "LATITUD": 17.039973, "LONGITUD": -98.523483 }, "geometry": { "type": "Point", "coordinates": [ -98.523483, 17.039973 ] } },
{ "type": "Feature", "properties": { "NO": 1039, "ENTIDAD": "GUERRERO", "MUNICIPIO": "Metlatónoc", "PUEBLO INDIGENA O AFROMEXICANO": "MIXTECO", "LOCALIDAD": "COLONIALOSMENDOZA", "CLAVE LOC": 120430258, "TIPO DE ASENTAMIENTO": "COMUNIDAD INDIGENA", "NOMBRE": "COLONIA LOS MENDOZA", "MONTO ASIGNADO (PESOS)": 92177, "LATITUD": 17.035582, "LONGITUD": -98.521073 }, "geometry": { "type": "Point", "coordinates": [ -98.521073, 17.035582 ] } },
{ "type": "Feature", "properties": { "NO": 1040, "ENTIDAD": "GUERRERO", "MUNICIPIO": "Metlatónoc", "PUEBLO INDIGENA O AFROMEXICANO": "MIXTECO", "LOCALIDAD": "COLONIAMORENO", "CLAVE LOC": 120430177, "TIPO DE ASENTAMIENTO": "LOCALIDAD CON POBLACION\nINDIGENA", "NOMBRE": "COLONIA LOS MENDOZA", "MONTO ASIGNADO (PESOS)": 232877, "LATITUD": 17.035582, "LONGITUD": -98.521073 }, "geometry": { "type": "Point", "coordinates": [ -98.521073, 17.035582 ] } },
{ "type": "Feature", "properties": { "NO": 1041, "ENTIDAD": "GUERRERO", "MUNICIPIO": "Metlatónoc", "PUEBLO INDIGENA O AFROMEXICANO": "MIXTECO", "LOCALIDAD": "COLONIASANJOSEUNO", "CLAVE LOC": 120430178, "TIPO DE ASENTAMIENTO": "LOCALIDAD CON POBLACION\nINDIGENA", "NOMBRE": "COLONIA LOS MENDOZA", "MONTO ASIGNADO (PESOS)": 182627, "LATITUD": 17.035582, "LONGITUD": -98.521073 }, "geometry": { "type": "Point", "coordinates": [ -98.521073, 17.035582 ] } },
{ "type": "Feature", "properties": { "NO": 1042, "ENTIDAD": "GUERRERO", "MUNICIPIO": "Metlatónoc", "PUEBLO INDIGENA O AFROMEXICANO": "ME’PHAA\n(TLAPANECO)", "LOCALIDAD": "COLONIATRINIDAD", "CLAVE LOC": 120430261, "TIPO DE ASENTAMIENTO": "LOCALIDAD CON POBLACION\nINDIGENA", "NOMBRE": "COLONIA TRINIDAD", "MONTO ASIGNADO (PESOS)": 167552, "LATITUD": 17.288121, "LONGITUD": -98.521488 }, "geometry": { "type": "Point", "coordinates": [ -98.521488, 17.288121 ] } },
{ "type": "Feature", "properties": { "NO": 1043, "ENTIDAD": "GUERRERO", "MUNICIPIO": "Metlatónoc", "PUEBLO INDIGENA O AFROMEXICANO": "MIXTECO", "LOCALIDAD": "COSTARICACOLORADA", "CLAVE LOC": 120430255, "TIPO DE ASENTAMIENTO": "LOCALIDAD CON POBLACION\nINDIGENA", "NOMBRE": "COSTA RICA COLORADA", "MONTO ASIGNADO (PESOS)": 433877, "LATITUD": 17.187418, "LONGITUD": -98.295115 }, "geometry": { "type": "Point", "coordinates": [ -98.295115, 17.187418 ] } },
{ "type": "Feature", "properties": { "NO": 1044, "ENTIDAD": "GUERRERO", "MUNICIPIO": "Metlatónoc", "PUEBLO INDIGENA O AFROMEXICANO": "MIXTECO", "LOCALIDAD": "ELCOYULITO(ELCORAZON)", "CLAVE LOC": 120430078, "TIPO DE ASENTAMIENTO": "COMUNIDAD INDIGENA", "NOMBRE": "EL COYULITO (EL CORAZÓN)", "MONTO ASIGNADO (PESOS)": 246696, "LATITUD": 17.166686, "LONGITUD": -98.339671 }, "geometry": { "type": "Point", "coordinates": [ -98.339671, 17.166686 ] } },
{ "type": "Feature", "properties": { "NO": 1045, "ENTIDAD": "GUERRERO", "MUNICIPIO": "Metlatónoc", "PUEBLO INDIGENA O AFROMEXICANO": "MIXTECO", "LOCALIDAD": "ELPARAISO", "CLAVE LOC": 120430130, "TIPO DE ASENTAMIENTO": "COMUNIDAD INDIGENA", "NOMBRE": "EL PARAÍSO", "MONTO ASIGNADO (PESOS)": 197702, "LATITUD": 17.337364, "LONGITUD": -98.490867 }, "geometry": { "type": "Point", "coordinates": [ -98.490867, 17.337364 ] } },
{ "type": "Feature", "properties": { "NO": 1046, "ENTIDAD": "GUERRERO", "MUNICIPIO": "Metlatónoc", "PUEBLO INDIGENA O AFROMEXICANO": "MIXTECO", "LOCALIDAD": "ELZAPOTE", "CLAVE LOC": 120430062, "TIPO DE ASENTAMIENTO": "COMUNIDAD INDIGENA", "NOMBRE": "EL ZAPOTE", "MONTO ASIGNADO (PESOS)": 482871, "LATITUD": 17.153571, "LONGITUD": -98.277857 }, "geometry": { "type": "Point", "coordinates": [ -98.277857, 17.153571 ] } },
{ "type": "Feature", "properties": { "NO": 1047, "ENTIDAD": "GUERRERO", "MUNICIPIO": "Metlatónoc", "PUEBLO INDIGENA O AFROMEXICANO": "ME’PHAA\n(TLAPANECO)", "LOCALIDAD": "FRANCISCOI.MADERO", "CLAVE LOC": 120430012, "TIPO DE ASENTAMIENTO": "COMUNIDAD INDIGENA", "NOMBRE": "FRANCISCO I. MADERO", "MONTO ASIGNADO (PESOS)": 735377, "LATITUD": 17.30611, "LONGITUD": -98.508849 }, "geometry": { "type": "Point", "coordinates": [ -98.508849, 17.30611 ] } },
{ "type": "Feature", "properties": { "NO": 1048, "ENTIDAD": "GUERRERO", "MUNICIPIO": "Metlatónoc", "PUEBLO INDIGENA O AFROMEXICANO": "MIXTECO", "LOCALIDAD": "FRANCISCOVILLA(VIRGENDELAVILLA)", "CLAVE LOC": 120430155, "TIPO DE ASENTAMIENTO": "COMUNIDAD INDIGENA", "NOMBRE": "FRANCISCO VILLA (VIRGEN DE LA VILLA)", "MONTO ASIGNADO (PESOS)": 163783, "LATITUD": 17.158478, "LONGITUD": -98.295825 }, "geometry": { "type": "Point", "coordinates": [ -98.295825, 17.158478 ] } },
{ "type": "Feature", "properties": { "NO": 1049, "ENTIDAD": "GUERRERO", "MUNICIPIO": "Metlatónoc", "PUEBLO INDIGENA O AFROMEXICANO": "MIXTECO", "LOCALIDAD": "HUEXOAPA(SANJUANHUEXOAPA)", "CLAVE LOC": 120430013, "TIPO DE ASENTAMIENTO": "COMUNIDAD INDIGENA", "NOMBRE": "HUEXOAPA (SAN JUAN HUEXOAPA)", "MONTO ASIGNADO (PESOS)": 1818264, "LATITUD": 17.249257, "LONGITUD": -98.414317 }, "geometry": { "type": "Point", "coordinates": [ -98.414317, 17.249257 ] } },
{ "type": "Feature", "properties": { "NO": 1050, "ENTIDAD": "GUERRERO", "MUNICIPIO": "Metlatónoc", "PUEBLO INDIGENA O AFROMEXICANO": "MIXTECO", "LOCALIDAD": "ITIANIVEHEXAHAXIQUI", "CLAVE LOC": 120430105, "TIPO DE ASENTAMIENTO": "COMUNIDAD INDIGENA", "NOMBRE": "ITIA NIVEHE XAHAXIQUI", "MONTO ASIGNADO (PESOS)": 196446, "LATITUD": 17.149649, "LONGITUD": -98.33524 }, "geometry": { "type": "Point", "coordinates": [ -98.33524, 17.149649 ] } },
{ "type": "Feature", "properties": { "NO": 1051, "ENTIDAD": "GUERRERO", "MUNICIPIO": "Metlatónoc", "PUEBLO INDIGENA O AFROMEXICANO": "MIXTECO", "LOCALIDAD": "ITIAZUTI", "CLAVE LOC": 120430042, "TIPO DE ASENTAMIENTO": "COMUNIDAD INDIGENA", "NOMBRE": "ITIA ZUTI", "MONTO ASIGNADO (PESOS)": 455233, "LATITUD": 17.190126, "LONGITUD": -98.299213 }, "geometry": { "type": "Point", "coordinates": [ -98.299213, 17.190126 ] } },
{ "type": "Feature", "properties": { "NO": 1052, "ENTIDAD": "GUERRERO", "MUNICIPIO": "Metlatónoc", "PUEBLO INDIGENA O AFROMEXICANO": "MIXTECO", "LOCALIDAD": "ITIA-NDICHIKOO", "CLAVE LOC": 120430104, "TIPO DE ASENTAMIENTO": "COMUNIDAD INDIGENA", "NOMBRE": "ITIA-NDICHIKOO", "MONTO ASIGNADO (PESOS)": 154989, "LATITUD": 17.121747, "LONGITUD": -98.556205 }, "geometry": { "type": "Point", "coordinates": [ -98.556205, 17.121747 ] } },
{ "type": "Feature", "properties": { "NO": 1053, "ENTIDAD": "GUERRERO", "MUNICIPIO": "Metlatónoc", "PUEBLO INDIGENA O AFROMEXICANO": "ME’PHAA\n(TLAPANECO)", "LOCALIDAD": "JUANACATLAN", "CLAVE LOC": 120430015, "TIPO DE ASENTAMIENTO": "COMUNIDAD INDIGENA", "NOMBRE": "JUANACATLÁN", "MONTO ASIGNADO (PESOS)": 881102, "LATITUD": 17.327823, "LONGITUD": -98.511325 }, "geometry": { "type": "Point", "coordinates": [ -98.511325, 17.327823 ] } },
{ "type": "Feature", "properties": { "NO": 1054, "ENTIDAD": "GUERRERO", "MUNICIPIO": "Metlatónoc", "PUEBLO INDIGENA O AFROMEXICANO": "MIXTECO", "LOCALIDAD": "LAPRIMAVERA", "CLAVE LOC": 120430216, "TIPO DE ASENTAMIENTO": "LOCALIDAD CON POBLACION\nINDIGENA", "NOMBRE": "LA PRIMAVERA", "MONTO ASIGNADO (PESOS)": 156246, "LATITUD": 17.144116, "LONGITUD": -98.348052 }, "geometry": { "type": "Point", "coordinates": [ -98.348052, 17.144116 ] } },
{ "type": "Feature", "properties": { "NO": 1055, "ENTIDAD": "GUERRERO", "MUNICIPIO": "Metlatónoc", "PUEBLO INDIGENA O AFROMEXICANO": "MIXTECO", "LOCALIDAD": "LAGUNILLAYUCUTUNI", "CLAVE LOC": 120430016, "TIPO DE ASENTAMIENTO": "COMUNIDAD INDIGENA", "NOMBRE": "LAGUNILLA YUCUTUNI", "MONTO ASIGNADO (PESOS)": 732864, "LATITUD": 17.3006, "LONGITUD": -98.467629 }, "geometry": { "type": "Point", "coordinates": [ -98.467629, 17.3006 ] } },
{ "type": "Feature", "properties": { "NO": 1056, "ENTIDAD": "GUERRERO", "MUNICIPIO": "Metlatónoc", "PUEBLO INDIGENA O AFROMEXICANO": "MIXTECO", "LOCALIDAD": "LLANODELAPAROTA(ELRANCHO)", "CLAVE LOC": 120430196, "TIPO DE ASENTAMIENTO": "COMUNIDAD INDIGENA", "NOMBRE": "LLANO DE LA PAROTA (EL RANCHO)", "MONTO ASIGNADO (PESOS)": 251721, "LATITUD": 17.030829, "LONGITUD": -98.517871 }, "geometry": { "type": "Point", "coordinates": [ -98.517871, 17.030829 ] } },
{ "type": "Feature", "properties": { "NO": 1057, "ENTIDAD": "GUERRERO", "MUNICIPIO": "Metlatónoc", "PUEBLO INDIGENA O AFROMEXICANO": "MIXTECO", "LOCALIDAD": "LLANODELARANA(XAHACUCHODIJ)", "CLAVE LOC": 120430045, "TIPO DE ASENTAMIENTO": "COMUNIDAD INDIGENA", "NOMBRE": "LLANO DE LA RANA (XAHA CUCHO DIJ)", "MONTO ASIGNADO (PESOS)": 309508, "LATITUD": 17.156542, "LONGITUD": -98.323177 }, "geometry": { "type": "Point", "coordinates": [ -98.323177, 17.156542 ] } },
{ "type": "Feature", "properties": { "NO": 1058, "ENTIDAD": "GUERRERO", "MUNICIPIO": "Metlatónoc", "PUEBLO INDIGENA O AFROMEXICANO": "MIXTECO", "LOCALIDAD": "LLANODELASFLORES", "CLAVE LOC": 120430221, "TIPO DE ASENTAMIENTO": "COMUNIDAD INDIGENA", "NOMBRE": "LLANO DE LAS FLORES", "MONTO ASIGNADO (PESOS)": 288152, "LATITUD": 17.059198, "LONGITUD": -98.526184 }, "geometry": { "type": "Point", "coordinates": [ -98.526184, 17.059198 ] } },
{ "type": "Feature", "properties": { "NO": 1059, "ENTIDAD": "GUERRERO", "MUNICIPIO": "Metlatónoc", "PUEBLO INDIGENA O AFROMEXICANO": "MIXTECO", "LOCALIDAD": "LLANODELASFLORESNUMERO1", "CLAVE LOC": 120430107, "TIPO DE ASENTAMIENTO": "COMUNIDAD INDIGENA", "NOMBRE": "LLANO DE LAS FLORES NÚMERO 1", "MONTO ASIGNADO (PESOS)": 236646, "LATITUD": 17.056292, "LONGITUD": -98.526514 }, "geometry": { "type": "Point", "coordinates": [ -98.526514, 17.056292 ] } },
{ "type": "Feature", "properties": { "NO": 1060, "ENTIDAD": "GUERRERO", "MUNICIPIO": "Metlatónoc", "PUEBLO INDIGENA O AFROMEXICANO": "MIXTECO", "LOCALIDAD": "LLANODENOPAL", "CLAVE LOC": 120430049, "TIPO DE ASENTAMIENTO": "COMUNIDAD INDIGENA", "NOMBRE": "LLANO DE NOPAL", "MONTO ASIGNADO (PESOS)": 294433, "LATITUD": 17.317592, "LONGITUD": -98.480458 }, "geometry": { "type": "Point", "coordinates": [ -98.480458, 17.317592 ] } },
{ "type": "Feature", "properties": { "NO": 1061, "ENTIDAD": "GUERRERO", "MUNICIPIO": "Metlatónoc", "PUEBLO INDIGENA O AFROMEXICANO": "MIXTECO", "LOCALIDAD": "LLANODEOCOTE(YOSOTUXA)", "CLAVE LOC": 120430202, "TIPO DE ASENTAMIENTO": "COMUNIDAD INDIGENA", "NOMBRE": "LLANO DE OCOTE (YOSO TUXA)", "MONTO ASIGNADO (PESOS)": 230364, "LATITUD": 17.010749, "LONGITUD": -98.519575 }, "geometry": { "type": "Point", "coordinates": [ -98.519575, 17.010749 ] } },
{ "type": "Feature", "properties": { "NO": 1062, "ENTIDAD": "GUERRERO", "MUNICIPIO": "Metlatónoc", "PUEBLO INDIGENA O AFROMEXICANO": "MIXTECO", "LOCALIDAD": "LLANODETEPEHUAJE(TEPEHUAJE)", "CLAVE LOC": 120430047, "TIPO DE ASENTAMIENTO": "COMUNIDAD INDIGENA", "NOMBRE": "LLANO DE TEPEHUAJE (TEPEHUAJE)", "MONTO ASIGNADO (PESOS)": 384883, "LATITUD": 17.14832, "LONGITUD": -98.267899 }, "geometry": { "type": "Point", "coordinates": [ -98.267899, 17.14832 ] } },
{ "type": "Feature", "properties": { "NO": 1063, "ENTIDAD": "GUERRERO", "MUNICIPIO": "Metlatónoc", "PUEBLO INDIGENA O AFROMEXICANO": "MIXTECO", "LOCALIDAD": "LOMABONITA", "CLAVE LOC": 120430129, "TIPO DE ASENTAMIENTO": "COMUNIDAD INDIGENA", "NOMBRE": "LOMA BONITA", "MONTO ASIGNADO (PESOS)": 252977, "LATITUD": 17.146527, "LONGITUD": -98.314736 }, "geometry": { "type": "Point", "coordinates": [ -98.314736, 17.146527 ] } },
{ "type": "Feature", "properties": { "NO": 1064, "ENTIDAD": "GUERRERO", "MUNICIPIO": "Metlatónoc", "PUEBLO INDIGENA O AFROMEXICANO": "MIXTECO", "LOCALIDAD": "LOSLLANOS(YOSOTIAÑU'U)", "CLAVE LOC": 120430044, "TIPO DE ASENTAMIENTO": "COMUNIDAD INDIGENA", "NOMBRE": "LOS LLANOS (YOSO TIAÑU'U)", "MONTO ASIGNADO (PESOS)": 279358, "LATITUD": 17.196818, "LONGITUD": -98.357595 }, "geometry": { "type": "Point", "coordinates": [ -98.357595, 17.196818 ] } },
{ "type": "Feature", "properties": { "NO": 1065, "ENTIDAD": "GUERRERO", "MUNICIPIO": "Metlatónoc", "PUEBLO INDIGENA O AFROMEXICANO": "MIXTECO", "LOCALIDAD": "METLATONOC", "CLAVE LOC": 120430001, "TIPO DE ASENTAMIENTO": "COMUNIDAD INDIGENA", "NOMBRE": "METLATÓNOC", "MONTO ASIGNADO (PESOS)": 3302754, "LATITUD": 17.195372, "LONGITUD": -98.407099 }, "geometry": { "type": "Point", "coordinates": [ -98.407099, 17.195372 ] } },
{ "type": "Feature", "properties": { "NO": 1066, "ENTIDAD": "GUERRERO", "MUNICIPIO": "Metlatónoc", "PUEBLO INDIGENA O AFROMEXICANO": "MIXTECO", "LOCALIDAD": "MININUHUMA", "CLAVE LOC": 120430083, "TIPO DE ASENTAMIENTO": "COMUNIDAD INDIGENA", "NOMBRE": "MINI NUHUMA", "MONTO ASIGNADO (PESOS)": 445183, "LATITUD": 17.19716, "LONGITUD": -98.371835 }, "geometry": { "type": "Point", "coordinates": [ -98.371835, 17.19716 ] } },
{ "type": "Feature", "properties": { "NO": 1067, "ENTIDAD": "GUERRERO", "MUNICIPIO": "Metlatónoc", "PUEBLO INDIGENA O AFROMEXICANO": "MIXTECO", "LOCALIDAD": "NUHUSAVIKANI", "CLAVE LOC": 120430181, "TIPO DE ASENTAMIENTO": "LOCALIDAD CON POBLACION\nINDIGENA", "NOMBRE": "NUHU SAVI KANI", "MONTO ASIGNADO (PESOS)": 201471, "LATITUD": 17.043296, "LONGITUD": -98.524515 }, "geometry": { "type": "Point", "coordinates": [ -98.524515, 17.043296 ] } },
{ "type": "Feature", "properties": { "NO": 1068, "ENTIDAD": "GUERRERO", "MUNICIPIO": "Metlatónoc", "PUEBLO INDIGENA O AFROMEXICANO": "MIXTECO", "LOCALIDAD": "OJODELUNA", "CLAVE LOC": 120430085, "TIPO DE ASENTAMIENTO": "COMUNIDAD INDIGENA", "NOMBRE": "OJO DE LUNA", "MONTO ASIGNADO (PESOS)": 105996, "LATITUD": 17.171194, "LONGITUD": -98.55714 }, "geometry": { "type": "Point", "coordinates": [ -98.55714, 17.171194 ] } },
{ "type": "Feature", "properties": { "NO": 1069, "ENTIDAD": "GUERRERO", "MUNICIPIO": "Metlatónoc", "PUEBLO INDIGENA O AFROMEXICANO": "MIXTECO", "LOCALIDAD": "OJODEPESCADO", "CLAVE LOC": 120430020, "TIPO DE ASENTAMIENTO": "COMUNIDAD INDIGENA", "NOMBRE": "OJO DE PESCADO", "MONTO ASIGNADO (PESOS)": 509252, "LATITUD": 17.135214, "LONGITUD": -98.545224 }, "geometry": { "type": "Point", "coordinates": [ -98.545224, 17.135214 ] } },
{ "type": "Feature", "properties": { "NO": 1070, "ENTIDAD": "GUERRERO", "MUNICIPIO": "Metlatónoc", "PUEBLO INDIGENA O AFROMEXICANO": "MIXTECO", "LOCALIDAD": "RIOSANMARTIN", "CLAVE LOC": 120430131, "TIPO DE ASENTAMIENTO": "LOCALIDAD CON POBLACION\nINDIGENA", "NOMBRE": "RÍO SAN MARTÍN", "MONTO ASIGNADO (PESOS)": 180114, "LATITUD": 17.193885, "LONGITUD": -98.598368 }, "geometry": { "type": "Point", "coordinates": [ -98.598368, 17.193885 ] } },
{ "type": "Feature", "properties": { "NO": 1071, "ENTIDAD": "GUERRERO", "MUNICIPIO": "Metlatónoc", "PUEBLO INDIGENA O AFROMEXICANO": "ME’PHAA\n(TLAPANECO)", "LOCALIDAD": "SANANTONIO", "CLAVE LOC": 120430064, "TIPO DE ASENTAMIENTO": "COMUNIDAD INDIGENA", "NOMBRE": "SAN ANTONIO", "MONTO ASIGNADO (PESOS)": 235389, "LATITUD": 17.290379, "LONGITUD": -98.523354 }, "geometry": { "type": "Point", "coordinates": [ -98.523354, 17.290379 ] } },
{ "type": "Feature", "properties": { "NO": 1072, "ENTIDAD": "GUERRERO", "MUNICIPIO": "Metlatónoc", "PUEBLO INDIGENA O AFROMEXICANO": "ME’PHAA\n(TLAPANECO)", "LOCALIDAD": "SANJUANPUERTOMONTAÑA", "CLAVE LOC": 120430024, "TIPO DE ASENTAMIENTO": "COMUNIDAD INDIGENA", "NOMBRE": "SAN JUAN PUERTO MONTAÑA", "MONTO ASIGNADO (PESOS)": 1117277, "LATITUD": 17.278998, "LONGITUD": -98.520575 }, "geometry": { "type": "Point", "coordinates": [ -98.520575, 17.278998 ] } },
{ "type": "Feature", "properties": { "NO": 1073, "ENTIDAD": "GUERRERO", "MUNICIPIO": "Metlatónoc", "PUEBLO INDIGENA O AFROMEXICANO": "MIXTECO", "LOCALIDAD": "SANMARCOS", "CLAVE LOC": 120430110, "TIPO DE ASENTAMIENTO": "COMUNIDAD INDIGENA", "NOMBRE": "SAN MARCOS", "MONTO ASIGNADO (PESOS)": 432621, "LATITUD": 17.15698, "LONGITUD": -98.555702 }, "geometry": { "type": "Point", "coordinates": [ -98.555702, 17.15698 ] } },
{ "type": "Feature", "properties": { "NO": 1074, "ENTIDAD": "GUERRERO", "MUNICIPIO": "Metlatónoc", "PUEBLO INDIGENA O AFROMEXICANO": "MIXTECO", "LOCALIDAD": "SANPABLOATZOMPA", "CLAVE LOC": 120430003, "TIPO DE ASENTAMIENTO": "COMUNIDAD INDIGENA", "NOMBRE": "SAN PABLO ATZOMPA", "MONTO ASIGNADO (PESOS)": 1159989, "LATITUD": 17.247246, "LONGITUD": -98.37005 }, "geometry": { "type": "Point", "coordinates": [ -98.37005, 17.247246 ] } },
{ "type": "Feature", "properties": { "NO": 1075, "ENTIDAD": "GUERRERO", "MUNICIPIO": "Metlatónoc", "PUEBLO INDIGENA O AFROMEXICANO": "MIXTECO", "LOCALIDAD": "SANPEDROATZOMPA", "CLAVE LOC": 120430262, "TIPO DE ASENTAMIENTO": "COMUNIDAD INDIGENA", "NOMBRE": "SAN PEDRO ATZOMPA", "MONTO ASIGNADO (PESOS)": 423827, "LATITUD": 17.249283, "LONGITUD": -98.372727 }, "geometry": { "type": "Point", "coordinates": [ -98.372727, 17.249283 ] } },
{ "type": "Feature", "properties": { "NO": 1076, "ENTIDAD": "GUERRERO", "MUNICIPIO": "Metlatónoc", "PUEBLO INDIGENA O AFROMEXICANO": "MIXTECO", "LOCALIDAD": "SANTACATARINA", "CLAVE LOC": 120430052, "TIPO DE ASENTAMIENTO": "COMUNIDAD INDIGENA", "NOMBRE": "SANTA CATARINA", "MONTO ASIGNADO (PESOS)": 310764, "LATITUD": 17.160664, "LONGITUD": -98.383329 }, "geometry": { "type": "Point", "coordinates": [ -98.383329, 17.160664 ] } },
{ "type": "Feature", "properties": { "NO": 1077, "ENTIDAD": "GUERRERO", "MUNICIPIO": "Metlatónoc", "PUEBLO INDIGENA O AFROMEXICANO": "MIXTECO", "LOCALIDAD": "SANTACRUZCAFETAL", "CLAVE LOC": 120430066, "TIPO DE ASENTAMIENTO": "COMUNIDAD INDIGENA", "NOMBRE": "SANTA CRUZ CAFETAL", "MONTO ASIGNADO (PESOS)": 290664, "LATITUD": 17.142459, "LONGITUD": -98.563513 }, "geometry": { "type": "Point", "coordinates": [ -98.563513, 17.142459 ] } },
{ "type": "Feature", "properties": { "NO": 1078, "ENTIDAD": "GUERRERO", "MUNICIPIO": "Metlatónoc", "PUEBLO INDIGENA O AFROMEXICANO": "MIXTECO", "LOCALIDAD": "TEHUIXTEPEC", "CLAVE LOC": 120430053, "TIPO DE ASENTAMIENTO": "COMUNIDAD INDIGENA", "NOMBRE": "TEHUIXTEPEC", "MONTO ASIGNADO (PESOS)": 256746, "LATITUD": 16.937103, "LONGITUD": -98.467457 }, "geometry": { "type": "Point", "coordinates": [ -98.467457, 16.937103 ] } },
{ "type": "Feature", "properties": { "NO": 1079, "ENTIDAD": "GUERRERO", "MUNICIPIO": "Metlatónoc", "PUEBLO INDIGENA O AFROMEXICANO": "MIXTECO", "LOCALIDAD": "VALLEDELDURAZNO", "CLAVE LOC": 120430242, "TIPO DE ASENTAMIENTO": "LOCALIDAD CON POBLACION\nINDIGENA", "NOMBRE": "VALLE DEL DURAZNO", "MONTO ASIGNADO (PESOS)": 181371, "LATITUD": 17.208492, "LONGITUD": -98.399396 }, "geometry": { "type": "Point", "coordinates": [ -98.399396, 17.208492 ] } },
{ "type": "Feature", "properties": { "NO": 1080, "ENTIDAD": "GUERRERO", "MUNICIPIO": "Metlatónoc", "PUEBLO INDIGENA O AFROMEXICANO": "MIXTECO", "LOCALIDAD": "VALLEHERMOSO", "CLAVE LOC": 120430031, "TIPO DE ASENTAMIENTO": "LOCALIDAD CON POBLACION\nINDIGENA", "NOMBRE": "VALLE HERMOSO", "MONTO ASIGNADO (PESOS)": 477846, "LATITUD": 17.13846, "LONGITUD": -98.263026 }, "geometry": { "type": "Point", "coordinates": [ -98.263026, 17.13846 ] } },
{ "type": "Feature", "properties": { "NO": 1081, "ENTIDAD": "GUERRERO", "MUNICIPIO": "Metlatónoc", "PUEBLO INDIGENA O AFROMEXICANO": "MIXTECO", "LOCALIDAD": "VICENTEGUERRERO", "CLAVE LOC": 120430029, "TIPO DE ASENTAMIENTO": "COMUNIDAD INDIGENA", "NOMBRE": "VICENTE GUERRERO", "MONTO ASIGNADO (PESOS)": 541914, "LATITUD": 17.344038, "LONGITUD": -98.474336 }, "geometry": { "type": "Point", "coordinates": [ -98.474336, 17.344038 ] } },
{ "type": "Feature", "properties": { "NO": 1082, "ENTIDAD": "GUERRERO", "MUNICIPIO": "Metlatónoc", "PUEBLO INDIGENA O AFROMEXICANO": "MIXTECO", "LOCALIDAD": "VILLADEGUADALUPE(TRESRIOS)", "CLAVE LOC": 120430054, "TIPO DE ASENTAMIENTO": "COMUNIDAD INDIGENA", "NOMBRE": "VILLA DE GUADALUPE (TRES RÍOS)", "MONTO ASIGNADO (PESOS)": 250464, "LATITUD": 17.157324, "LONGITUD": -98.297911 }, "geometry": { "type": "Point", "coordinates": [ -98.297911, 17.157324 ] } },
{ "type": "Feature", "properties": { "NO": 1083, "ENTIDAD": "GUERRERO", "MUNICIPIO": "Metlatónoc", "PUEBLO INDIGENA O AFROMEXICANO": "MIXTECO", "LOCALIDAD": "XAATOO", "CLAVE LOC": 120430263, "TIPO DE ASENTAMIENTO": "LOCALIDAD CON POBLACION\nINDIGENA", "NOMBRE": "XAA TOO", "MONTO ASIGNADO (PESOS)": 117302, "LATITUD": 17.208092, "LONGITUD": -98.344532 }, "geometry": { "type": "Point", "coordinates": [ -98.344532, 17.208092 ] } },
{ "type": "Feature", "properties": { "NO": 1084, "ENTIDAD": "GUERRERO", "MUNICIPIO": "Metlatónoc", "PUEBLO INDIGENA O AFROMEXICANO": "MIXTECO", "LOCALIDAD": "XACUNDUTIA", "CLAVE LOC": 120430055, "TIPO DE ASENTAMIENTO": "COMUNIDAD INDIGENA", "NOMBRE": "XACUNDUTIA", "MONTO ASIGNADO (PESOS)": 236646, "LATITUD": 17.164981, "LONGITUD": -98.347584 }, "geometry": { "type": "Point", "coordinates": [ -98.347584, 17.164981 ] } },
{ "type": "Feature", "properties": { "NO": 1085, "ENTIDAD": "GUERRERO", "MUNICIPIO": "Metlatónoc", "PUEBLO INDIGENA O AFROMEXICANO": "MIXTECO", "LOCALIDAD": "YOZOCHUM", "CLAVE LOC": 120430059, "TIPO DE ASENTAMIENTO": "LOCALIDAD CON POBLACION\nINDIGENA", "NOMBRE": "YOZO CHUM", "MONTO ASIGNADO (PESOS)": 221571, "LATITUD": 17.150237, "LONGITUD": -98.352706 }, "geometry": { "type": "Point", "coordinates": [ -98.352706, 17.150237 ] } },
{ "type": "Feature", "properties": { "NO": 1086, "ENTIDAD": "GUERRERO", "MUNICIPIO": "Metlatónoc", "PUEBLO INDIGENA O AFROMEXICANO": "MIXTECO", "LOCALIDAD": "YUCUNDUTA", "CLAVE LOC": 120430032, "TIPO DE ASENTAMIENTO": "COMUNIDAD INDIGENA", "NOMBRE": "YUCUNDUTA", "MONTO ASIGNADO (PESOS)": 509252, "LATITUD": 17.269862, "LONGITUD": -98.52021 }, "geometry": { "type": "Point", "coordinates": [ -98.52021, 17.269862 ] } },
{ "type": "Feature", "properties": { "NO": 1087, "ENTIDAD": "GUERRERO", "MUNICIPIO": "Metlatónoc", "PUEBLO INDIGENA O AFROMEXICANO": "MIXTECO", "LOCALIDAD": "YU'UTIMI", "CLAVE LOC": 120430096, "TIPO DE ASENTAMIENTO": "LOCALIDAD CON POBLACION\nINDIGENA", "NOMBRE": "YU'U TIMI", "MONTO ASIGNADO (PESOS)": 210264, "LATITUD": 17.165761, "LONGITUD": -98.353238 }, "geometry": { "type": "Point", "coordinates": [ -98.353238, 17.165761 ] } },
{ "type": "Feature", "properties": { "NO": 1088, "ENTIDAD": "GUERRERO", "MUNICIPIO": "Metlatónoc", "PUEBLO INDIGENA O AFROMEXICANO": "MIXTECO", "LOCALIDAD": "YUVINANI", "CLAVE LOC": 120430033, "TIPO DE ASENTAMIENTO": "COMUNIDAD INDIGENA", "NOMBRE": "YUVINANI", "MONTO ASIGNADO (PESOS)": 933864, "LATITUD": 17.213384, "LONGITUD": -98.393855 }, "geometry": { "type": "Point", "coordinates": [ -98.393855, 17.213384 ] } },
{ "type": "Feature", "properties": { "NO": 1089, "ENTIDAD": "GUERRERO", "MUNICIPIO": "Metlatónoc", "PUEBLO INDIGENA O AFROMEXICANO": "MIXTECO", "LOCALIDAD": "YUVITIAQUI(BARRANCASOLTERA)", "CLAVE LOC": 120430134, "TIPO DE ASENTAMIENTO": "LOCALIDAD CON POBLACION\nINDIGENA", "NOMBRE": "YUVITIAQUI (BARRANCA SOLTERA)", "MONTO ASIGNADO (PESOS)": 175089, "LATITUD": 17.173406, "LONGITUD": -98.395639 }, "geometry": { "type": "Point", "coordinates": [ -98.395639, 17.173406 ] } },
{ "type": "Feature", "properties": { "NO": 1090, "ENTIDAD": "GUERRERO", "MUNICIPIO": "Metlatónoc", "PUEBLO INDIGENA O AFROMEXICANO": "MIXTECO", "LOCALIDAD": "ZITLALTEPEC", "CLAVE LOC": 120430034, "TIPO DE ASENTAMIENTO": "COMUNIDAD INDIGENA", "NOMBRE": "ZITLALTEPEC", "MONTO ASIGNADO (PESOS)": 933864, "LATITUD": 17.19223, "LONGITUD": -98.549535 }, "geometry": { "type": "Point", "coordinates": [ -98.549535, 17.19223 ] } },
{ "type": "Feature", "properties": { "NO": 1091, "ENTIDAD": "GUERRERO", "MUNICIPIO": "Metlatónoc", "PUEBLO INDIGENA O AFROMEXICANO": "MIXTECO", "LOCALIDAD": "(SINNOMBRE)", "CLAVE LOC": 120430000, "TIPO DE ASENTAMIENTO": "COMUNIDAD INDIGENA", "NOMBRE": "COLONIALOSPINOS", "MONTO ASIGNADO (PESOS)": 84639, "LATITUD": 17.194308, "LONGITUD": -98.403746 }, "geometry": { "type": "Point", "coordinates": [ -98.403746, 17.194308 ] } },
{ "type": "Feature", "properties": { "NO": 1092, "ENTIDAD": "GUERRERO", "MUNICIPIO": "Mochitlán", "PUEBLO INDIGENA O AFROMEXICANO": "NAHUA", "LOCALIDAD": "COATOMATITLAN", "CLAVE LOC": 120440004, "TIPO DE ASENTAMIENTO": "COMUNIDAD INDIGENA", "NOMBRE": "COATOMATITLÁN", "MONTO ASIGNADO (PESOS)": 676365, "LATITUD": 17.471784, "LONGITUD": -99.323894 }, "geometry": { "type": "Point", "coordinates": [ -99.323894, 17.471784 ] } },
{ "type": "Feature", "properties": { "NO": 1093, "ENTIDAD": "GUERRERO", "MUNICIPIO": "Mochitlán", "PUEBLO INDIGENA O AFROMEXICANO": "NAHUA", "LOCALIDAD": "COAXTLAHUACAN", "CLAVE LOC": 120440005, "TIPO DE ASENTAMIENTO": "COMUNIDAD INDIGENA", "NOMBRE": "COAXTLAHUACÁN", "MONTO ASIGNADO (PESOS)": 648881, "LATITUD": 17.391582, "LONGITUD": -99.347259 }, "geometry": { "type": "Point", "coordinates": [ -99.347259, 17.391582 ] } },
{ "type": "Feature", "properties": { "NO": 1094, "ENTIDAD": "GUERRERO", "MUNICIPIO": "Mochitlán", "PUEBLO INDIGENA O AFROMEXICANO": "NAHUA", "LOCALIDAD": "ELGUAYABO(SANJERONIMO)", "CLAVE LOC": 120440046, "TIPO DE ASENTAMIENTO": "COMUNIDAD INDIGENA", "NOMBRE": "EL GUAYABO (SAN JERÓNIMO)", "MONTO ASIGNADO (PESOS)": 153733, "LATITUD": 17.287534, "LONGITUD": -99.422963 }, "geometry": { "type": "Point", "coordinates": [ -99.422963, 17.287534 ] } },
{ "type": "Feature", "properties": { "NO": 1095, "ENTIDAD": "GUERRERO", "MUNICIPIO": "Mochitlán", "PUEBLO INDIGENA O AFROMEXICANO": "NAHUA", "LOCALIDAD": "ELNARANJO", "CLAVE LOC": 120440011, "TIPO DE ASENTAMIENTO": "COMUNIDAD INDIGENA", "NOMBRE": "EL NARANJO", "MONTO ASIGNADO (PESOS)": 213170, "LATITUD": 17.444627, "LONGITUD": -99.347285 }, "geometry": { "type": "Point", "coordinates": [ -99.347285, 17.444627 ] } },
{ "type": "Feature", "properties": { "NO": 1096, "ENTIDAD": "GUERRERO", "MUNICIPIO": "Mochitlán", "PUEBLO INDIGENA O AFROMEXICANO": "NAHUA", "LOCALIDAD": "ELRINCONDETLAPACHOLAPA(ELRINCON)", "CLAVE LOC": 120440017, "TIPO DE ASENTAMIENTO": "COMUNIDAD INDIGENA", "NOMBRE": "EL RINCÓN DE TLAPACHOLAPA (EL RINCÓN)", "MONTO ASIGNADO (PESOS)": 265539, "LATITUD": 17.403588, "LONGITUD": -99.317345 }, "geometry": { "type": "Point", "coordinates": [ -99.317345, 17.403588 ] } },
{ "type": "Feature", "properties": { "NO": 1097, "ENTIDAD": "GUERRERO", "MUNICIPIO": "Mochitlán", "PUEBLO INDIGENA O AFROMEXICANO": "NAHUA", "LOCALIDAD": "ELSALADO", "CLAVE LOC": 120440018, "TIPO DE ASENTAMIENTO": "COMUNIDAD INDIGENA", "NOMBRE": "EL SALADO", "MONTO ASIGNADO (PESOS)": 404753, "LATITUD": 17.397927, "LONGITUD": -99.424039 }, "geometry": { "type": "Point", "coordinates": [ -99.424039, 17.397927 ] } },
{ "type": "Feature", "properties": { "NO": 1098, "ENTIDAD": "GUERRERO", "MUNICIPIO": "Mochitlán", "PUEBLO INDIGENA O AFROMEXICANO": "NAHUA", "LOCALIDAD": "LAVIEJA", "CLAVE LOC": 120440025, "TIPO DE ASENTAMIENTO": "COMUNIDAD INDIGENA", "NOMBRE": "LA VIEJA", "MONTO ASIGNADO (PESOS)": 141171, "LATITUD": 17.338194, "LONGITUD": -99.377051 }, "geometry": { "type": "Point", "coordinates": [ -99.377051, 17.338194 ] } },
{ "type": "Feature", "properties": { "NO": 1099, "ENTIDAD": "GUERRERO", "MUNICIPIO": "Mochitlán", "PUEBLO INDIGENA O AFROMEXICANO": "NAHUA", "LOCALIDAD": "LAGUNADESANISIDRO", "CLAVE LOC": 120440034, "TIPO DE ASENTAMIENTO": "COMUNIDAD INDIGENA", "NOMBRE": "LAGUNA DE SAN ISIDRO", "MONTO ASIGNADO (PESOS)": 183260, "LATITUD": 17.349255, "LONGITUD": -99.32567 }, "geometry": { "type": "Point", "coordinates": [ -99.32567, 17.349255 ] } },
{ "type": "Feature", "properties": { "NO": 1100, "ENTIDAD": "GUERRERO", "MUNICIPIO": "Mochitlán", "PUEBLO INDIGENA O AFROMEXICANO": "NAHUA", "LOCALIDAD": "LAGUNILLA", "CLAVE LOC": 120440010, "TIPO DE ASENTAMIENTO": "COMUNIDAD INDIGENA", "NOMBRE": "LAGUNILLA", "MONTO ASIGNADO (PESOS)": 455441, "LATITUD": 17.393152, "LONGITUD": -99.433032 }, "geometry": { "type": "Point", "coordinates": [ -99.433032, 17.393152 ] } },
{ "type": "Feature", "properties": { "NO": 1101, "ENTIDAD": "GUERRERO", "MUNICIPIO": "Mochitlán", "PUEBLO INDIGENA O AFROMEXICANO": "NAHUA", "LOCALIDAD": "LASPAROTAS", "CLAVE LOC": 120440036, "TIPO DE ASENTAMIENTO": "COMUNIDAD INDIGENA", "NOMBRE": "LAS PAROTAS", "MONTO ASIGNADO (PESOS)": 130716, "LATITUD": 17.201063, "LONGITUD": -99.315951 }, "geometry": { "type": "Point", "coordinates": [ -99.315951, 17.201063 ] } },
{ "type": "Feature", "properties": { "NO": 1102, "ENTIDAD": "GUERRERO", "MUNICIPIO": "Mochitlán", "PUEBLO INDIGENA O AFROMEXICANO": "NAHUA", "LOCALIDAD": "LOSDIRCIOS", "CLAVE LOC": 120440008, "TIPO DE ASENTAMIENTO": "COMUNIDAD INDIGENA", "NOMBRE": "LOS DIRCIOS", "MONTO ASIGNADO (PESOS)": 150926, "LATITUD": 17.315992, "LONGITUD": -99.355113 }, "geometry": { "type": "Point", "coordinates": [ -99.355113, 17.315992 ] } },
{ "type": "Feature", "properties": { "NO": 1103, "ENTIDAD": "GUERRERO", "MUNICIPIO": "Mochitlán", "PUEBLO INDIGENA O AFROMEXICANO": "NAHUA", "LOCALIDAD": "MONTEALEGRE", "CLAVE LOC": 120440033, "TIPO DE ASENTAMIENTO": "COMUNIDAD INDIGENA", "NOMBRE": "MONTE ALEGRE", "MONTO ASIGNADO (PESOS)": 578553, "LATITUD": 17.497223, "LONGITUD": -99.295437 }, "geometry": { "type": "Point", "coordinates": [ -99.295437, 17.497223 ] } },
{ "type": "Feature", "properties": { "NO": 1104, "ENTIDAD": "GUERRERO", "MUNICIPIO": "Mochitlán", "PUEBLO INDIGENA O AFROMEXICANO": "NAHUA", "LOCALIDAD": "OJODEAGUADESANFRANCISCO", "CLAVE LOC": 120440012, "TIPO DE ASENTAMIENTO": "COMUNIDAD INDIGENA", "NOMBRE": "OJO DE AGUA DE SAN FRANCISCO", "MONTO ASIGNADO (PESOS)": 115357, "LATITUD": 17.335625, "LONGITUD": -99.398443 }, "geometry": { "type": "Point", "coordinates": [ -99.398443, 17.335625 ] } },
{ "type": "Feature", "properties": { "NO": 1105, "ENTIDAD": "GUERRERO", "MUNICIPIO": "Mochitlán", "PUEBLO INDIGENA O AFROMEXICANO": "NAHUA", "LOCALIDAD": "POTRERILLO", "CLAVE LOC": 120440048, "TIPO DE ASENTAMIENTO": "COMUNIDAD INDIGENA", "NOMBRE": "POTRERILLO", "MONTO ASIGNADO (PESOS)": 96765, "LATITUD": 17.257694, "LONGITUD": -99.352594 }, "geometry": { "type": "Point", "coordinates": [ -99.352594, 17.257694 ] } },
{ "type": "Feature", "properties": { "NO": 1106, "ENTIDAD": "GUERRERO", "MUNICIPIO": "Mochitlán", "PUEBLO INDIGENA O AFROMEXICANO": "ME’PHAA\n(TLAPANECO)", "LOCALIDAD": "RANCHOVIEJO", "CLAVE LOC": 120440015, "TIPO DE ASENTAMIENTO": "COMUNIDAD INDIGENA", "NOMBRE": "RANCHO VIEJO", "MONTO ASIGNADO (PESOS)": 124839, "LATITUD": 17.194057, "LONGITUD": -99.30624 }, "geometry": { "type": "Point", "coordinates": [ -99.30624, 17.194057 ] } },
{ "type": "Feature", "properties": { "NO": 1107, "ENTIDAD": "GUERRERO", "MUNICIPIO": "Mochitlán", "PUEBLO INDIGENA O AFROMEXICANO": "NAHUA", "LOCALIDAD": "SANMIGUEL", "CLAVE LOC": 120440019, "TIPO DE ASENTAMIENTO": "COMUNIDAD INDIGENA", "NOMBRE": "SAN MIGUEL", "MONTO ASIGNADO (PESOS)": 835614, "LATITUD": 17.464654, "LONGITUD": -99.302355 }, "geometry": { "type": "Point", "coordinates": [ -99.302355, 17.464654 ] } },
{ "type": "Feature", "properties": { "NO": 1108, "ENTIDAD": "GUERRERO", "MUNICIPIO": "Mochitlán", "PUEBLO INDIGENA O AFROMEXICANO": "NAHUA", "LOCALIDAD": "SANROQUE", "CLAVE LOC": 120440020, "TIPO DE ASENTAMIENTO": "COMUNIDAD INDIGENA", "NOMBRE": "SAN ROQUE", "MONTO ASIGNADO (PESOS)": 328767, "LATITUD": 17.361041, "LONGITUD": -99.422124 }, "geometry": { "type": "Point", "coordinates": [ -99.422124, 17.361041 ] } },
{ "type": "Feature", "properties": { "NO": 1109, "ENTIDAD": "GUERRERO", "MUNICIPIO": "Mochitlán", "PUEBLO INDIGENA O AFROMEXICANO": "NAHUA", "LOCALIDAD": "TLACOTEPEC", "CLAVE LOC": 120440022, "TIPO DE ASENTAMIENTO": "COMUNIDAD INDIGENA", "NOMBRE": "TLACOTEPEC", "MONTO ASIGNADO (PESOS)": 276223, "LATITUD": 17.425479, "LONGITUD": -99.354175 }, "geometry": { "type": "Point", "coordinates": [ -99.354175, 17.425479 ] } },
{ "type": "Feature", "properties": { "NO": 1110, "ENTIDAD": "GUERRERO", "MUNICIPIO": "Mochitlán", "PUEBLO INDIGENA O AFROMEXICANO": "NAHUA", "LOCALIDAD": "TLACOTITLANAPA", "CLAVE LOC": 120440023, "TIPO DE ASENTAMIENTO": "COMUNIDAD INDIGENA", "NOMBRE": "TLACOTITLANAPA", "MONTO ASIGNADO (PESOS)": 278648, "LATITUD": 17.422495, "LONGITUD": -99.348434 }, "geometry": { "type": "Point", "coordinates": [ -99.348434, 17.422495 ] } },
{ "type": "Feature", "properties": { "NO": 1111, "ENTIDAD": "GUERRERO", "MUNICIPIO": "Mochitlán", "PUEBLO INDIGENA O AFROMEXICANO": "NAHUA", "LOCALIDAD": "TLAPACHOLAPA", "CLAVE LOC": 120440024, "TIPO DE ASENTAMIENTO": "COMUNIDAD INDIGENA", "NOMBRE": "TLAPACHOLAPA", "MONTO ASIGNADO (PESOS)": 199428, "LATITUD": 17.415131, "LONGITUD": -99.319666 }, "geometry": { "type": "Point", "coordinates": [ -99.319666, 17.415131 ] } },
{ "type": "Feature", "properties": { "NO": 1112, "ENTIDAD": "GUERRERO", "MUNICIPIO": "Mochitlán", "PUEBLO INDIGENA O AFROMEXICANO": "NAHUA", "LOCALIDAD": "XOMILCOTITLAN", "CLAVE LOC": 120440026, "TIPO DE ASENTAMIENTO": "COMUNIDAD INDIGENA", "NOMBRE": "XOMILCOTITLÁN", "MONTO ASIGNADO (PESOS)": 94689, "LATITUD": 17.352126, "LONGITUD": -99.406131 }, "geometry": { "type": "Point", "coordinates": [ -99.406131, 17.352126 ] } },
{ "type": "Feature", "properties": { "NO": 1113, "ENTIDAD": "GUERRERO", "MUNICIPIO": "Mochitlán", "PUEBLO INDIGENA O AFROMEXICANO": "ME’PHAA\n(TLAPANECO)", "LOCALIDAD": "ZINTLANAPA", "CLAVE LOC": 120440028, "TIPO DE ASENTAMIENTO": "COMUNIDAD INDIGENA", "NOMBRE": "ZINTLANAPA", "MONTO ASIGNADO (PESOS)": 210745, "LATITUD": 17.237443, "LONGITUD": -99.317159 }, "geometry": { "type": "Point", "coordinates": [ -99.317159, 17.237443 ] } },
{ "type": "Feature", "properties": { "NO": 1114, "ENTIDAD": "GUERRERO", "MUNICIPIO": "ÑUUSAVI", "PUEBLO INDIGENA O AFROMEXICANO": "MIXTECO", "LOCALIDAD": "AHUACACHAHUE", "CLAVE LOC": 120830002, "TIPO DE ASENTAMIENTO": "COMUNIDAD INDIGENA", "NOMBRE": "AHUACACHAHUE", "MONTO ASIGNADO (PESOS)": 1301234, "LATITUD": 16.82915, "LONGITUD": -98.984979 }, "geometry": { "type": "Point", "coordinates": [ -98.984979, 16.82915 ] } },
{ "type": "Feature", "properties": { "NO": 1115, "ENTIDAD": "GUERRERO", "MUNICIPIO": "ÑUUSAVI", "PUEBLO INDIGENA O AFROMEXICANO": "MIXTECO", "LOCALIDAD": "AHUEXUTLA", "CLAVE LOC": 120830003, "TIPO DE ASENTAMIENTO": "COMUNIDAD INDIGENA", "NOMBRE": "AHUEXUTLA", "MONTO ASIGNADO (PESOS)": 130716, "LATITUD": 16.957696, "LONGITUD": -99.023777 }, "geometry": { "type": "Point", "coordinates": [ -99.023777, 16.957696 ] } },
{ "type": "Feature", "properties": { "NO": 1116, "ENTIDAD": "GUERRERO", "MUNICIPIO": "ÑUUSAVI", "PUEBLO INDIGENA O AFROMEXICANO": "MIXTECO", "LOCALIDAD": "ARROYOOCOTLAN", "CLAVE LOC": 120830004, "TIPO DE ASENTAMIENTO": "COMUNIDAD INDIGENA", "NOMBRE": "ARROYO OCOTLÁN", "MONTO ASIGNADO (PESOS)": 150117, "LATITUD": 16.97538, "LONGITUD": -98.987915 }, "geometry": { "type": "Point", "coordinates": [ -98.987915, 16.97538 ] } },
{ "type": "Feature", "properties": { "NO": 1117, "ENTIDAD": "GUERRERO", "MUNICIPIO": "ÑUUSAVI", "PUEBLO INDIGENA O AFROMEXICANO": "MIXTECO", "LOCALIDAD": "CHACALAPA", "CLAVE LOC": 120830006, "TIPO DE ASENTAMIENTO": "COMUNIDAD INDIGENA", "NOMBRE": "CHACALAPA", "MONTO ASIGNADO (PESOS)": 289965, "LATITUD": 16.963318, "LONGITUD": -99.063951 }, "geometry": { "type": "Point", "coordinates": [ -99.063951, 16.963318 ] } },
{ "type": "Feature", "properties": { "NO": 1118, "ENTIDAD": "GUERRERO", "MUNICIPIO": "ÑUUSAVI", "PUEBLO INDIGENA O AFROMEXICANO": "MIXTECO", "LOCALIDAD": "COAPINOLA", "CLAVE LOC": 120830001, "TIPO DE ASENTAMIENTO": "COMUNIDAD INDIGENA", "NOMBRE": "COAPINOLA", "MONTO ASIGNADO (PESOS)": 397478, "LATITUD": 16.945833, "LONGITUD": -99.00812 }, "geometry": { "type": "Point", "coordinates": [ -99.00812, 16.945833 ] } },
{ "type": "Feature", "properties": { "NO": 1119, "ENTIDAD": "GUERRERO", "MUNICIPIO": "ÑUUSAVI", "PUEBLO INDIGENA O AFROMEXICANO": "MIXTECO", "LOCALIDAD": "COXCATLANSANPEDRO", "CLAVE LOC": 120830007, "TIPO DE ASENTAMIENTO": "COMUNIDAD INDIGENA", "NOMBRE": "COXCATLÁN SAN PEDRO", "MONTO ASIGNADO (PESOS)": 324725, "LATITUD": 16.912226, "LONGITUD": -99.036846 }, "geometry": { "type": "Point", "coordinates": [ -99.036846, 16.912226 ] } },
{ "type": "Feature", "properties": { "NO": 1120, "ENTIDAD": "GUERRERO", "MUNICIPIO": "ÑUUSAVI", "PUEBLO INDIGENA O AFROMEXICANO": "MIXTECO", "LOCALIDAD": "CUMBRESDECOTZALZIN", "CLAVE LOC": 120830009, "TIPO DE ASENTAMIENTO": "COMUNIDAD INDIGENA", "NOMBRE": "CUMBRES DE COTZALZIN", "MONTO ASIGNADO (PESOS)": 133142, "LATITUD": 16.936979, "LONGITUD": -99.065739 }, "geometry": { "type": "Point", "coordinates": [ -99.065739, 16.936979 ] } },
{ "type": "Feature", "properties": { "NO": 1121, "ENTIDAD": "GUERRERO", "MUNICIPIO": "ÑUUSAVI", "PUEBLO INDIGENA O AFROMEXICANO": "MIXTECO", "LOCALIDAD": "CUMBRESDEYOLOTEPEC", "CLAVE LOC": 120830010, "TIPO DE ASENTAMIENTO": "COMUNIDAD INDIGENA", "NOMBRE": "CUMBRES DE YOLOTEPEC", "MONTO ASIGNADO (PESOS)": 213978, "LATITUD": 17.008595, "LONGITUD": -98.987633 }, "geometry": { "type": "Point", "coordinates": [ -98.987633, 17.008595 ] } },
{ "type": "Feature", "properties": { "NO": 1122, "ENTIDAD": "GUERRERO", "MUNICIPIO": "ÑUUSAVI", "PUEBLO INDIGENA O AFROMEXICANO": "MIXTECO", "LOCALIDAD": "ELCHARCO", "CLAVE LOC": 120830012, "TIPO DE ASENTAMIENTO": "COMUNIDAD INDIGENA", "NOMBRE": "EL CHARCO", "MONTO ASIGNADO (PESOS)": 202661, "LATITUD": 16.934042, "LONGITUD": -99.030716 }, "geometry": { "type": "Point", "coordinates": [ -99.030716, 16.934042 ] } },
{ "type": "Feature", "properties": { "NO": 1123, "ENTIDAD": "GUERRERO", "MUNICIPIO": "ÑUUSAVI", "PUEBLO INDIGENA O AFROMEXICANO": "MIXTECO", "LOCALIDAD": "ELCHARQUITO", "CLAVE LOC": 120830013, "TIPO DE ASENTAMIENTO": "COMUNIDAD INDIGENA", "NOMBRE": "EL CHARQUITO", "MONTO ASIGNADO (PESOS)": 240655, "LATITUD": 16.905535, "LONGITUD": -99.008361 }, "geometry": { "type": "Point", "coordinates": [ -99.008361, 16.905535 ] } },
{ "type": "Feature", "properties": { "NO": 1124, "ENTIDAD": "GUERRERO", "MUNICIPIO": "ÑUUSAVI", "PUEBLO INDIGENA O AFROMEXICANO": "MIXTECO", "LOCALIDAD": "ELCOQUILLO", "CLAVE LOC": 120830014, "TIPO DE ASENTAMIENTO": "COMUNIDAD INDIGENA", "NOMBRE": "EL COQUILLO", "MONTO ASIGNADO (PESOS)": 257630, "LATITUD": 16.9079, "LONGITUD": -98.944336 }, "geometry": { "type": "Point", "coordinates": [ -98.944336, 16.9079 ] } },
{ "type": "Feature", "properties": { "NO": 1125, "ENTIDAD": "GUERRERO", "MUNICIPIO": "ÑUUSAVI", "PUEBLO INDIGENA O AFROMEXICANO": "MIXTECO", "LOCALIDAD": "ELCOYUL", "CLAVE LOC": 120830015, "TIPO DE ASENTAMIENTO": "COMUNIDAD INDIGENA", "NOMBRE": "EL COYUL", "MONTO ASIGNADO (PESOS)": 239038, "LATITUD": 16.917155, "LONGITUD": -98.984238 }, "geometry": { "type": "Point", "coordinates": [ -98.984238, 16.917155 ] } },
{ "type": "Feature", "properties": { "NO": 1126, "ENTIDAD": "GUERRERO", "MUNICIPIO": "ÑUUSAVI", "PUEBLO INDIGENA O AFROMEXICANO": "MIXTECO", "LOCALIDAD": "ELMEZONCILLO", "CLAVE LOC": 120830016, "TIPO DE ASENTAMIENTO": "COMUNIDAD INDIGENA", "NOMBRE": "EL MEZONCILLO", "MONTO ASIGNADO (PESOS)": 145267, "LATITUD": 16.990446, "LONGITUD": -98.944825 }, "geometry": { "type": "Point", "coordinates": [ -98.944825, 16.990446 ] } },
{ "type": "Feature", "properties": { "NO": 1127, "ENTIDAD": "GUERRERO", "MUNICIPIO": "ÑUUSAVI", "PUEBLO INDIGENA O AFROMEXICANO": "MIXTECO", "LOCALIDAD": "ELPARAISO", "CLAVE LOC": 120830017, "TIPO DE ASENTAMIENTO": "COMUNIDAD INDIGENA", "NOMBRE": "EL PARAÍSO", "MONTO ASIGNADO (PESOS)": 631905, "LATITUD": 16.932819, "LONGITUD": -99.001155 }, "geometry": { "type": "Point", "coordinates": [ -99.001155, 16.932819 ] } },
{ "type": "Feature", "properties": { "NO": 1128, "ENTIDAD": "GUERRERO", "MUNICIPIO": "ÑUUSAVI", "PUEBLO INDIGENA O AFROMEXICANO": "MIXTECO", "LOCALIDAD": "ELPIÑAL", "CLAVE LOC": 120830018, "TIPO DE ASENTAMIENTO": "COMUNIDAD INDIGENA", "NOMBRE": "EL PIÑAL", "MONTO ASIGNADO (PESOS)": 185685, "LATITUD": 16.952415, "LONGITUD": -99.040795 }, "geometry": { "type": "Point", "coordinates": [ -99.040795, 16.952415 ] } },
{ "type": "Feature", "properties": { "NO": 1129, "ENTIDAD": "GUERRERO", "MUNICIPIO": "ÑUUSAVI", "PUEBLO INDIGENA O AFROMEXICANO": "MIXTECO", "LOCALIDAD": "ELPLATANAR", "CLAVE LOC": 120830019, "TIPO DE ASENTAMIENTO": "COMUNIDAD INDIGENA", "NOMBRE": "EL PLATANAR", "MONTO ASIGNADO (PESOS)": 272181, "LATITUD": 16.937301, "LONGITUD": -98.993748 }, "geometry": { "type": "Point", "coordinates": [ -98.993748, 16.937301 ] } },
{ "type": "Feature", "properties": { "NO": 1130, "ENTIDAD": "GUERRERO", "MUNICIPIO": "ÑUUSAVI", "PUEBLO INDIGENA O AFROMEXICANO": "MIXTECO", "LOCALIDAD": "ELPOTRERO", "CLAVE LOC": 120830020, "TIPO DE ASENTAMIENTO": "COMUNIDAD INDIGENA", "NOMBRE": "EL POTRERO", "MONTO ASIGNADO (PESOS)": 113741, "LATITUD": 16.858148, "LONGITUD": -98.93212 }, "geometry": { "type": "Point", "coordinates": [ -98.93212, 16.858148 ] } },
{ "type": "Feature", "properties": { "NO": 1131, "ENTIDAD": "GUERRERO", "MUNICIPIO": "ÑUUSAVI", "PUEBLO INDIGENA O AFROMEXICANO": "MIXTECO", "LOCALIDAD": "ELTEPUENTE", "CLAVE LOC": 120830021, "TIPO DE ASENTAMIENTO": "COMUNIDAD INDIGENA", "NOMBRE": "EL TEPUENTE", "MONTO ASIGNADO (PESOS)": 187302, "LATITUD": 16.943563, "LONGITUD": -99.060176 }, "geometry": { "type": "Point", "coordinates": [ -99.060176, 16.943563 ] } },
{ "type": "Feature", "properties": { "NO": 1132, "ENTIDAD": "GUERRERO", "MUNICIPIO": "ÑUUSAVI", "PUEBLO INDIGENA O AFROMEXICANO": "MIXTECO", "LOCALIDAD": "JUQUILA", "CLAVE LOC": 120830022, "TIPO DE ASENTAMIENTO": "COMUNIDAD INDIGENA", "NOMBRE": "JUQUILA", "MONTO ASIGNADO (PESOS)": 163860, "LATITUD": 16.958764, "LONGITUD": -98.973371 }, "geometry": { "type": "Point", "coordinates": [ -98.973371, 16.958764 ] } },
{ "type": "Feature", "properties": { "NO": 1133, "ENTIDAD": "GUERRERO", "MUNICIPIO": "ÑUUSAVI", "PUEBLO INDIGENA O AFROMEXICANO": "MIXTECO", "LOCALIDAD": "LAANGOSTURA", "CLAVE LOC": 120830023, "TIPO DE ASENTAMIENTO": "COMUNIDAD INDIGENA", "NOMBRE": "LA ANGOSTURA", "MONTO ASIGNADO (PESOS)": 863098, "LATITUD": 16.876069, "LONGITUD": -99.029212 }, "geometry": { "type": "Point", "coordinates": [ -99.029212, 16.876069 ] } },
{ "type": "Feature", "properties": { "NO": 1134, "ENTIDAD": "GUERRERO", "MUNICIPIO": "ÑUUSAVI", "PUEBLO INDIGENA O AFROMEXICANO": "MIXTECO", "LOCALIDAD": "LACONCORDIA", "CLAVE LOC": 120830024, "TIPO DE ASENTAMIENTO": "COMUNIDAD INDIGENA", "NOMBRE": "LA CONCORDIA", "MONTO ASIGNADO (PESOS)": 994054, "LATITUD": 16.906229, "LONGITUD": -98.976063 }, "geometry": { "type": "Point", "coordinates": [ -98.976063, 16.906229 ] } },
{ "type": "Feature", "properties": { "NO": 1135, "ENTIDAD": "GUERRERO", "MUNICIPIO": "ÑUUSAVI", "PUEBLO INDIGENA O AFROMEXICANO": "MIXTECO", "LOCALIDAD": "LACORTINA", "CLAVE LOC": 120830025, "TIPO DE ASENTAMIENTO": "COMUNIDAD INDIGENA", "NOMBRE": "LA CORTINA", "MONTO ASIGNADO (PESOS)": 272989, "LATITUD": 16.980975, "LONGITUD": -98.976135 }, "geometry": { "type": "Point", "coordinates": [ -98.976135, 16.980975 ] } },
{ "type": "Feature", "properties": { "NO": 1136, "ENTIDAD": "GUERRERO", "MUNICIPIO": "ÑUUSAVI", "PUEBLO INDIGENA O AFROMEXICANO": "MIXTECO", "LOCALIDAD": "LAFATIMA", "CLAVE LOC": 120830027, "TIPO DE ASENTAMIENTO": "COMUNIDAD INDIGENA", "NOMBRE": "LA FÁTIMA", "MONTO ASIGNADO (PESOS)": 277839, "LATITUD": 16.98211, "LONGITUD": -99.009866 }, "geometry": { "type": "Point", "coordinates": [ -99.009866, 16.98211 ] } },
{ "type": "Feature", "properties": { "NO": 1137, "ENTIDAD": "GUERRERO", "MUNICIPIO": "ÑUUSAVI", "PUEBLO INDIGENA O AFROMEXICANO": "MIXTECO", "LOCALIDAD": "LAPALMA", "CLAVE LOC": 120830028, "TIPO DE ASENTAMIENTO": "COMUNIDAD INDIGENA", "NOMBRE": "LA PALMA", "MONTO ASIGNADO (PESOS)": 260055, "LATITUD": 16.893431, "LONGITUD": -98.966607 }, "geometry": { "type": "Point", "coordinates": [ -98.966607, 16.893431 ] } },
{ "type": "Feature", "properties": { "NO": 1138, "ENTIDAD": "GUERRERO", "MUNICIPIO": "ÑUUSAVI", "PUEBLO INDIGENA O AFROMEXICANO": "MIXTECO", "LOCALIDAD": "MEZONZAPOTE", "CLAVE LOC": 120830029, "TIPO DE ASENTAMIENTO": "COMUNIDAD INDIGENA", "NOMBRE": "MEZÓN ZAPOTE", "MONTO ASIGNADO (PESOS)": 700616, "LATITUD": 16.859425, "LONGITUD": -98.965217 }, "geometry": { "type": "Point", "coordinates": [ -98.965217, 16.859425 ] } },
{ "type": "Feature", "properties": { "NO": 1139, "ENTIDAD": "GUERRERO", "MUNICIPIO": "ÑUUSAVI", "PUEBLO INDIGENA O AFROMEXICANO": "MIXTECO", "LOCALIDAD": "OCOTEAMARILLO", "CLAVE LOC": 120830030, "TIPO DE ASENTAMIENTO": "COMUNIDAD INDIGENA", "NOMBRE": "OCOTE AMARILLO", "MONTO ASIGNADO (PESOS)": 240655, "LATITUD": 16.932248, "LONGITUD": -99.022697 }, "geometry": { "type": "Point", "coordinates": [ -99.022697, 16.932248 ] } },
{ "type": "Feature", "properties": { "NO": 1140, "ENTIDAD": "GUERRERO", "MUNICIPIO": "ÑUUSAVI", "PUEBLO INDIGENA O AFROMEXICANO": "MIXTECO", "LOCALIDAD": "OCOTLAN", "CLAVE LOC": 120830031, "TIPO DE ASENTAMIENTO": "COMUNIDAD INDIGENA", "NOMBRE": "OCOTLÁN", "MONTO ASIGNADO (PESOS)": 357868, "LATITUD": 16.971714, "LONGITUD": -98.97959 }, "geometry": { "type": "Point", "coordinates": [ -98.97959, 16.971714 ] } },
{ "type": "Feature", "properties": { "NO": 1141, "ENTIDAD": "GUERRERO", "MUNICIPIO": "ÑUUSAVI", "PUEBLO INDIGENA O AFROMEXICANO": "MIXTECO", "LOCALIDAD": "OJODEAGUA", "CLAVE LOC": 120830032, "TIPO DE ASENTAMIENTO": "COMUNIDAD INDIGENA", "NOMBRE": "OJO DE AGUA", "MONTO ASIGNADO (PESOS)": 213170, "LATITUD": 16.996789, "LONGITUD": -98.989068 }, "geometry": { "type": "Point", "coordinates": [ -98.989068, 16.996789 ] } },
{ "type": "Feature", "properties": { "NO": 1142, "ENTIDAD": "GUERRERO", "MUNICIPIO": "ÑUUSAVI", "PUEBLO INDIGENA O AFROMEXICANO": "MIXTECO", "LOCALIDAD": "PLANDELPARAISO", "CLAVE LOC": 120830034, "TIPO DE ASENTAMIENTO": "COMUNIDAD INDIGENA", "NOMBRE": "PLAN DEL PARAÍSO", "MONTO ASIGNADO (PESOS)": 148501, "LATITUD": 16.932832, "LONGITUD": -99.007192 }, "geometry": { "type": "Point", "coordinates": [ -99.007192, 16.932832 ] } },
{ "type": "Feature", "properties": { "NO": 1143, "ENTIDAD": "GUERRERO", "MUNICIPIO": "ÑUUSAVI", "PUEBLO INDIGENA O AFROMEXICANO": "MIXTECO", "LOCALIDAD": "QUIAHUITEPEC", "CLAVE LOC": 120830036, "TIPO DE ASENTAMIENTO": "COMUNIDAD INDIGENA", "NOMBRE": "QUIAHUITEPEC", "MONTO ASIGNADO (PESOS)": 269756, "LATITUD": 16.90948, "LONGITUD": -98.927264 }, "geometry": { "type": "Point", "coordinates": [ -98.927264, 16.90948 ] } },
{ "type": "Feature", "properties": { "NO": 1144, "ENTIDAD": "GUERRERO", "MUNICIPIO": "ÑUUSAVI", "PUEBLO INDIGENA O AFROMEXICANO": "MIXTECO", "LOCALIDAD": "RANCHOOCOAPA", "CLAVE LOC": 120830037, "TIPO DE ASENTAMIENTO": "COMUNIDAD INDIGENA", "NOMBRE": "RANCHO OCOAPA", "MONTO ASIGNADO (PESOS)": 230954, "LATITUD": 16.952778, "LONGITUD": -98.956404 }, "geometry": { "type": "Point", "coordinates": [ -98.956404, 16.952778 ] } },
{ "type": "Feature", "properties": { "NO": 1145, "ENTIDAD": "GUERRERO", "MUNICIPIO": "ÑUUSAVI", "PUEBLO INDIGENA O AFROMEXICANO": "MIXTECO", "LOCALIDAD": "SANANTONIOABAD", "CLAVE LOC": 120830039, "TIPO DE ASENTAMIENTO": "COMUNIDAD INDIGENA", "NOMBRE": "SAN ANTONIO ABAD", "MONTO ASIGNADO (PESOS)": 642414, "LATITUD": 16.891439, "LONGITUD": -99.079897 }, "geometry": { "type": "Point", "coordinates": [ -99.079897, 16.891439 ] } },
{ "type": "Feature", "properties": { "NO": 1146, "ENTIDAD": "GUERRERO", "MUNICIPIO": "ÑUUSAVI", "PUEBLO INDIGENA O AFROMEXICANO": "MIXTECO", "LOCALIDAD": "SANFELIPE", "CLAVE LOC": 120830040, "TIPO DE ASENTAMIENTO": "COMUNIDAD INDIGENA", "NOMBRE": "SAN FELIPE", "MONTO ASIGNADO (PESOS)": 445980, "LATITUD": 16.877209, "LONGITUD": -98.95145 }, "geometry": { "type": "Point", "coordinates": [ -98.95145, 16.877209 ] } },
{ "type": "Feature", "properties": { "NO": 1147, "ENTIDAD": "GUERRERO", "MUNICIPIO": "ÑUUSAVI", "PUEBLO INDIGENA O AFROMEXICANO": "MIXTECO", "LOCALIDAD": "SANJUANDELOSPINOS", "CLAVE LOC": 120830041, "TIPO DE ASENTAMIENTO": "COMUNIDAD INDIGENA", "NOMBRE": "SAN JUAN DE LOS PINOS", "MONTO ASIGNADO (PESOS)": 84639, "LATITUD": 16.960129, "LONGITUD": -98.952896 }, "geometry": { "type": "Point", "coordinates": [ -98.952896, 16.960129 ] } },
{ "type": "Feature", "properties": { "NO": 1148, "ENTIDAD": "GUERRERO", "MUNICIPIO": "ÑUUSAVI", "PUEBLO INDIGENA O AFROMEXICANO": "MIXTECO", "LOCALIDAD": "TIERRABLANCA", "CLAVE LOC": 120830042, "TIPO DE ASENTAMIENTO": "COMUNIDAD INDIGENA", "NOMBRE": "TIERRA BLANCA", "MONTO ASIGNADO (PESOS)": 113741, "LATITUD": 16.928697, "LONGITUD": -99.08045 }, "geometry": { "type": "Point", "coordinates": [ -99.08045, 16.928697 ] } },
{ "type": "Feature", "properties": { "NO": 1149, "ENTIDAD": "GUERRERO", "MUNICIPIO": "ÑUUSAVI", "PUEBLO INDIGENA O AFROMEXICANO": "MIXTECO", "LOCALIDAD": "VISTAALEGRE", "CLAVE LOC": 120830043, "TIPO DE ASENTAMIENTO": "COMUNIDAD INDIGENA", "NOMBRE": "VISTA ALEGRE", "MONTO ASIGNADO (PESOS)": 159009, "LATITUD": 16.920601, "LONGITUD": -99.020218 }, "geometry": { "type": "Point", "coordinates": [ -99.020218, 16.920601 ] } },
{ "type": "Feature", "properties": { "NO": 1150, "ENTIDAD": "GUERRERO", "MUNICIPIO": "ÑUUSAVI", "PUEBLO INDIGENA O AFROMEXICANO": "MIXTECO", "LOCALIDAD": "VISTAHERMOSA", "CLAVE LOC": 120830044, "TIPO DE ASENTAMIENTO": "COMUNIDAD INDIGENA", "NOMBRE": "VISTA HERMOSA", "MONTO ASIGNADO (PESOS)": 226912, "LATITUD": 16.996366, "LONGITUD": -98.97 }, "geometry": { "type": "Point", "coordinates": [ -98.97, 16.996366 ] } },
{ "type": "Feature", "properties": { "NO": 1151, "ENTIDAD": "GUERRERO", "MUNICIPIO": "Olinalá", "PUEBLO INDIGENA O AFROMEXICANO": "NAHUA", "LOCALIDAD": "AHUACATLAN", "CLAVE LOC": 120450002, "TIPO DE ASENTAMIENTO": "COMUNIDAD INDIGENA", "NOMBRE": "AHUACATLÁN", "MONTO ASIGNADO (PESOS)": 1240389, "LATITUD": 17.912209, "LONGITUD": -98.71924 }, "geometry": { "type": "Point", "coordinates": [ -98.71924, 17.912209 ] } },
{ "type": "Feature", "properties": { "NO": 1152, "ENTIDAD": "GUERRERO", "MUNICIPIO": "Olinalá", "PUEBLO INDIGENA O AFROMEXICANO": "NAHUA", "LOCALIDAD": "AMATLICHA", "CLAVE LOC": 120450003, "TIPO DE ASENTAMIENTO": "COMUNIDAD INDIGENA", "NOMBRE": "AMATLICHA", "MONTO ASIGNADO (PESOS)": 892408, "LATITUD": 17.827281, "LONGITUD": -98.803659 }, "geometry": { "type": "Point", "coordinates": [ -98.803659, 17.827281 ] } },
{ "type": "Feature", "properties": { "NO": 1153, "ENTIDAD": "GUERRERO", "MUNICIPIO": "Olinalá", "PUEBLO INDIGENA O AFROMEXICANO": "NAHUA", "LOCALIDAD": "CHAUTIPA", "CLAVE LOC": 120450080, "TIPO DE ASENTAMIENTO": "COMUNIDAD INDIGENA", "NOMBRE": "CHAUTIPA", "MONTO ASIGNADO (PESOS)": 271821, "LATITUD": 17.859515, "LONGITUD": -98.873702 }, "geometry": { "type": "Point", "coordinates": [ -98.873702, 17.859515 ] } },
{ "type": "Feature", "properties": { "NO": 1154, "ENTIDAD": "GUERRERO", "MUNICIPIO": "Olinalá", "PUEBLO INDIGENA O AFROMEXICANO": "NAHUA", "LOCALIDAD": "COLONIAALTAMIRANO", "CLAVE LOC": 120450081, "TIPO DE ASENTAMIENTO": "COMUNIDAD INDIGENA", "NOMBRE": "COLONIA ALTAMIRANO", "MONTO ASIGNADO (PESOS)": 268052, "LATITUD": 17.903584, "LONGITUD": -98.687097 }, "geometry": { "type": "Point", "coordinates": [ -98.687097, 17.903584 ] } },
{ "type": "Feature", "properties": { "NO": 1155, "ENTIDAD": "GUERRERO", "MUNICIPIO": "Olinalá", "PUEBLO INDIGENA O AFROMEXICANO": "NAHUA", "LOCALIDAD": "COLONIABENITOJUAREZ", "CLAVE LOC": 120450209, "TIPO DE ASENTAMIENTO": "LOCALIDAD CON POBLACION\nINDIGENA", "NOMBRE": "COLONIA BENITO JUÁREZ", "MONTO ASIGNADO (PESOS)": 206496, "LATITUD": 17.859365, "LONGITUD": -98.674047 }, "geometry": { "type": "Point", "coordinates": [ -98.674047, 17.859365 ] } },
{ "type": "Feature", "properties": { "NO": 1156, "ENTIDAD": "GUERRERO", "MUNICIPIO": "Olinalá", "PUEBLO INDIGENA O AFROMEXICANO": "NAHUA", "LOCALIDAD": "COLONIASANFELIPE", "CLAVE LOC": 120450285, "TIPO DE ASENTAMIENTO": "COMUNIDAD INDIGENA", "NOMBRE": "COLONIA SAN FELIPE", "MONTO ASIGNADO (PESOS)": 105996, "LATITUD": 17.86178, "LONGITUD": -98.67341 }, "geometry": { "type": "Point", "coordinates": [ -98.67341, 17.86178 ] } },
{ "type": "Feature", "properties": { "NO": 1157, "ENTIDAD": "GUERRERO", "MUNICIPIO": "Olinalá", "PUEBLO INDIGENA O AFROMEXICANO": "NAHUA", "LOCALIDAD": "COLONIASANPEDRO", "CLAVE LOC": 120450096, "TIPO DE ASENTAMIENTO": "COMUNIDAD INDIGENA", "NOMBRE": "COLONIA SAN PEDRO", "MONTO ASIGNADO (PESOS)": 312021, "LATITUD": 17.895287, "LONGITUD": -98.664669 }, "geometry": { "type": "Point", "coordinates": [ -98.664669, 17.895287 ] } },
{ "type": "Feature", "properties": { "NO": 1158, "ENTIDAD": "GUERRERO", "MUNICIPIO": "Olinalá", "PUEBLO INDIGENA O AFROMEXICANO": "NAHUA", "LOCALIDAD": "DURAZNOTITLAN", "CLAVE LOC": 120450028, "TIPO DE ASENTAMIENTO": "COMUNIDAD INDIGENA", "NOMBRE": "DURAZNOTITLÁN", "MONTO ASIGNADO (PESOS)": 304483, "LATITUD": 17.876103, "LONGITUD": -98.732084 }, "geometry": { "type": "Point", "coordinates": [ -98.732084, 17.876103 ] } },
{ "type": "Feature", "properties": { "NO": 1159, "ENTIDAD": "GUERRERO", "MUNICIPIO": "Olinalá", "PUEBLO INDIGENA O AFROMEXICANO": "NAHUA", "LOCALIDAD": "ELCARRIZO", "CLAVE LOC": 120450107, "TIPO DE ASENTAMIENTO": "COMUNIDAD INDIGENA", "NOMBRE": "EL CARRIZO", "MONTO ASIGNADO (PESOS)": 195189, "LATITUD": 17.880849, "LONGITUD": -98.824135 }, "geometry": { "type": "Point", "coordinates": [ -98.824135, 17.880849 ] } },
{ "type": "Feature", "properties": { "NO": 1160, "ENTIDAD": "GUERRERO", "MUNICIPIO": "Olinalá", "PUEBLO INDIGENA O AFROMEXICANO": "NAHUA", "LOCALIDAD": "LACIENEGA", "CLAVE LOC": 120450041, "TIPO DE ASENTAMIENTO": "COMUNIDAD INDIGENA", "NOMBRE": "LA CIÉNEGA", "MONTO ASIGNADO (PESOS)": 325839, "LATITUD": 17.850839, "LONGITUD": -98.703027 }, "geometry": { "type": "Point", "coordinates": [ -98.703027, 17.850839 ] } },
{ "type": "Feature", "properties": { "NO": 1161, "ENTIDAD": "GUERRERO", "MUNICIPIO": "Olinalá", "PUEBLO INDIGENA O AFROMEXICANO": "NAHUA", "LOCALIDAD": "LAESCALERA", "CLAVE LOC": 120450110, "TIPO DE ASENTAMIENTO": "COMUNIDAD INDIGENA", "NOMBRE": "LA ESCALERA", "MONTO ASIGNADO (PESOS)": 200214, "LATITUD": 17.882752, "LONGITUD": -98.706525 }, "geometry": { "type": "Point", "coordinates": [ -98.706525, 17.882752 ] } },
{ "type": "Feature", "properties": { "NO": 1162, "ENTIDAD": "GUERRERO", "MUNICIPIO": "Olinalá", "PUEBLO INDIGENA O AFROMEXICANO": "NAHUA", "LOCALIDAD": "LAGUADALUPITA", "CLAVE LOC": 120450217, "TIPO DE ASENTAMIENTO": "COMUNIDAD INDIGENA", "NOMBRE": "LA GUADALUPITA", "MONTO ASIGNADO (PESOS)": 182627, "LATITUD": 17.876524, "LONGITUD": -98.718575 }, "geometry": { "type": "Point", "coordinates": [ -98.718575, 17.876524 ] } },
{ "type": "Feature", "properties": { "NO": 1163, "ENTIDAD": "GUERRERO", "MUNICIPIO": "Olinalá", "PUEBLO INDIGENA O AFROMEXICANO": "NAHUA", "LOCALIDAD": "LALIBERTAD", "CLAVE LOC": 120450005, "TIPO DE ASENTAMIENTO": "COMUNIDAD INDIGENA", "NOMBRE": "LA LIBERTAD", "MONTO ASIGNADO (PESOS)": 929384, "LATITUD": 17.74609, "LONGITUD": -98.738357 }, "geometry": { "type": "Point", "coordinates": [ -98.738357, 17.74609 ] } },
{ "type": "Feature", "properties": { "NO": 1164, "ENTIDAD": "GUERRERO", "MUNICIPIO": "Olinalá", "PUEBLO INDIGENA O AFROMEXICANO": "NAHUA", "LOCALIDAD": "LASCASITAS", "CLAVE LOC": 120450276, "TIPO DE ASENTAMIENTO": "COMUNIDAD INDIGENA", "NOMBRE": "LAS CASITAS", "MONTO ASIGNADO (PESOS)": 104040, "LATITUD": 17.801324, "LONGITUD": -98.78848 }, "geometry": { "type": "Point", "coordinates": [ -98.78848, 17.801324 ] } },
{ "type": "Feature", "properties": { "NO": 1165, "ENTIDAD": "GUERRERO", "MUNICIPIO": "Olinalá", "PUEBLO INDIGENA O AFROMEXICANO": "NAHUA", "LOCALIDAD": "LASJUNTAS", "CLAVE LOC": 120450029, "TIPO DE ASENTAMIENTO": "COMUNIDAD INDIGENA", "NOMBRE": "LAS JUNTAS", "MONTO ASIGNADO (PESOS)": 565783, "LATITUD": 17.801606, "LONGITUD": -98.82132 }, "geometry": { "type": "Point", "coordinates": [ -98.82132, 17.801606 ] } },
{ "type": "Feature", "properties": { "NO": 1166, "ENTIDAD": "GUERRERO", "MUNICIPIO": "Olinalá", "PUEBLO INDIGENA O AFROMEXICANO": "NAHUA", "LOCALIDAD": "LASMANZANITAS", "CLAVE LOC": 120450286, "TIPO DE ASENTAMIENTO": "COMUNIDAD INDIGENA", "NOMBRE": "LAS MANZANITAS", "MONTO ASIGNADO (PESOS)": 143683, "LATITUD": 17.873153, "LONGITUD": -98.720869 }, "geometry": { "type": "Point", "coordinates": [ -98.720869, 17.873153 ] } },
{ "type": "Feature", "properties": { "NO": 1167, "ENTIDAD": "GUERRERO", "MUNICIPIO": "Olinalá", "PUEBLO INDIGENA O AFROMEXICANO": "NAHUA", "LOCALIDAD": "LASMINAS(TLALCHICHILTIPAN)", "CLAVE LOC": 120450120, "TIPO DE ASENTAMIENTO": "COMUNIDAD INDIGENA", "NOMBRE": "LAS MINAS (TLALCHICHILTIPAN)", "MONTO ASIGNADO (PESOS)": 197702, "LATITUD": 17.907387, "LONGITUD": -98.663583 }, "geometry": { "type": "Point", "coordinates": [ -98.663583, 17.907387 ] } },
{ "type": "Feature", "properties": { "NO": 1168, "ENTIDAD": "GUERRERO", "MUNICIPIO": "Olinalá", "PUEBLO INDIGENA O AFROMEXICANO": "NAHUA", "LOCALIDAD": "LINDAVISTA", "CLAVE LOC": 120450128, "TIPO DE ASENTAMIENTO": "COMUNIDAD INDIGENA", "NOMBRE": "LINDA VISTA", "MONTO ASIGNADO (PESOS)": 154989, "LATITUD": 17.750682, "LONGITUD": -98.738125 }, "geometry": { "type": "Point", "coordinates": [ -98.738125, 17.750682 ] } },
{ "type": "Feature", "properties": { "NO": 1169, "ENTIDAD": "GUERRERO", "MUNICIPIO": "Olinalá", "PUEBLO INDIGENA O AFROMEXICANO": "NAHUA", "LOCALIDAD": "LOMADEMAZATEPEC(MAZATEPEC)", "CLAVE LOC": 120450086, "TIPO DE ASENTAMIENTO": "COMUNIDAD INDIGENA", "NOMBRE": "LOMA DE MAZATEPEC (MAZATEPEC)", "MONTO ASIGNADO (PESOS)": 339658, "LATITUD": 17.877772, "LONGITUD": -98.712554 }, "geometry": { "type": "Point", "coordinates": [ -98.712554, 17.877772 ] } },
{ "type": "Feature", "properties": { "NO": 1170, "ENTIDAD": "GUERRERO", "MUNICIPIO": "Olinalá", "PUEBLO INDIGENA O AFROMEXICANO": "NAHUA", "LOCALIDAD": "LOMASDECOCOYOC", "CLAVE LOC": 120450066, "TIPO DE ASENTAMIENTO": "COMUNIDAD INDIGENA", "NOMBRE": "LOMAS DE COCOYOC", "MONTO ASIGNADO (PESOS)": 182627, "LATITUD": 17.862311, "LONGITUD": -98.71883 }, "geometry": { "type": "Point", "coordinates": [ -98.71883, 17.862311 ] } },
{ "type": "Feature", "properties": { "NO": 1171, "ENTIDAD": "GUERRERO", "MUNICIPIO": "Olinalá", "PUEBLO INDIGENA O AFROMEXICANO": "NAHUA", "LOCALIDAD": "LOMASDEEUXILA", "CLAVE LOC": 120450284, "TIPO DE ASENTAMIENTO": "COMUNIDAD INDIGENA", "NOMBRE": "LOMAS DE EUXILA", "MONTO ASIGNADO (PESOS)": 132377, "LATITUD": 17.860489, "LONGITUD": -98.724997 }, "geometry": { "type": "Point", "coordinates": [ -98.724997, 17.860489 ] } },
{ "type": "Feature", "properties": { "NO": 1172, "ENTIDAD": "GUERRERO", "MUNICIPIO": "Olinalá", "PUEBLO INDIGENA O AFROMEXICANO": "NAHUA", "LOCALIDAD": "LOMASDETECOJCOYUNCA", "CLAVE LOC": 120450072, "TIPO DE ASENTAMIENTO": "COMUNIDAD INDIGENA", "NOMBRE": "LOMAS DE TECOJCOYUNCA", "MONTO ASIGNADO (PESOS)": 180835, "LATITUD": 17.923807, "LONGITUD": -98.704049 }, "geometry": { "type": "Point", "coordinates": [ -98.704049, 17.923807 ] } },
{ "type": "Feature", "properties": { "NO": 1173, "ENTIDAD": "GUERRERO", "MUNICIPIO": "Olinalá", "PUEBLO INDIGENA O AFROMEXICANO": "NAHUA", "LOCALIDAD": "SANANTONIOCOYAHUACAN", "CLAVE LOC": 120450010, "TIPO DE ASENTAMIENTO": "COMUNIDAD INDIGENA", "NOMBRE": "SAN ANTONIO COYAHUACÁN", "MONTO ASIGNADO (PESOS)": 2404933, "LATITUD": 17.861902, "LONGITUD": -98.680176 }, "geometry": { "type": "Point", "coordinates": [ -98.680176, 17.861902 ] } },
{ "type": "Feature", "properties": { "NO": 1174, "ENTIDAD": "GUERRERO", "MUNICIPIO": "Olinalá", "PUEBLO INDIGENA O AFROMEXICANO": "NAHUA", "LOCALIDAD": "SANFELIPEAMATITLAN(AMATITLAN)", "CLAVE LOC": 120450077, "TIPO DE ASENTAMIENTO": "LOCALIDAD CON POBLACION\nINDIGENA", "NOMBRE": "SAN FELIPE AMATITLÁN (AMATITLÁN)", "MONTO ASIGNADO (PESOS)": 224083, "LATITUD": 17.843202, "LONGITUD": -98.694442 }, "geometry": { "type": "Point", "coordinates": [ -98.694442, 17.843202 ] } },
{ "type": "Feature", "properties": { "NO": 1175, "ENTIDAD": "GUERRERO", "MUNICIPIO": "Olinalá", "PUEBLO INDIGENA O AFROMEXICANO": "NAHUA", "LOCALIDAD": "SANGABRIEL", "CLAVE LOC": 120450069, "TIPO DE ASENTAMIENTO": "COMUNIDAD INDIGENA", "NOMBRE": "SAN GABRIEL", "MONTO ASIGNADO (PESOS)": 133633, "LATITUD": 17.874504, "LONGITUD": -98.734352 }, "geometry": { "type": "Point", "coordinates": [ -98.734352, 17.874504 ] } },
{ "type": "Feature", "properties": { "NO": 1176, "ENTIDAD": "GUERRERO", "MUNICIPIO": "Olinalá", "PUEBLO INDIGENA O AFROMEXICANO": "NAHUA", "LOCALIDAD": "SANJOSEAMOLTEPEC(AMOLTEPEC)", "CLAVE LOC": 120450025, "TIPO DE ASENTAMIENTO": "COMUNIDAD INDIGENA", "NOMBRE": "SAN JOSÉ AMOLTEPEC (AMOLTEPEC)", "MONTO ASIGNADO (PESOS)": 486639, "LATITUD": 17.906703, "LONGITUD": -98.698603 }, "geometry": { "type": "Point", "coordinates": [ -98.698603, 17.906703 ] } },
{ "type": "Feature", "properties": { "NO": 1177, "ENTIDAD": "GUERRERO", "MUNICIPIO": "Olinalá", "PUEBLO INDIGENA O AFROMEXICANO": "NAHUA", "LOCALIDAD": "SANLAZARO(TECOJCOSCO)", "CLAVE LOC": 120450050, "TIPO DE ASENTAMIENTO": "COMUNIDAD INDIGENA", "NOMBRE": "SAN LÁZARO (TECOJCOSCO)", "MONTO ASIGNADO (PESOS)": 810752, "LATITUD": 17.892839, "LONGITUD": -98.704834 }, "geometry": { "type": "Point", "coordinates": [ -98.704834, 17.892839 ] } },
{ "type": "Feature", "properties": { "NO": 1178, "ENTIDAD": "GUERRERO", "MUNICIPIO": "Olinalá", "PUEBLO INDIGENA O AFROMEXICANO": "NAHUA", "LOCALIDAD": "SANTACRUZLOMALAPA(LOMALAPA)", "CLAVE LOC": 120450011, "TIPO DE ASENTAMIENTO": "COMUNIDAD INDIGENA", "NOMBRE": "SANTA CRUZ LOMALAPA (LOMALAPA)", "MONTO ASIGNADO (PESOS)": 819545, "LATITUD": 17.915467, "LONGITUD": -98.671581 }, "geometry": { "type": "Point", "coordinates": [ -98.671581, 17.915467 ] } },
{ "type": "Feature", "properties": { "NO": 1179, "ENTIDAD": "GUERRERO", "MUNICIPIO": "Olinalá", "PUEBLO INDIGENA O AFROMEXICANO": "NAHUA", "LOCALIDAD": "TECORRALES", "CLAVE LOC": 120450013, "TIPO DE ASENTAMIENTO": "COMUNIDAD INDIGENA", "NOMBRE": "TECORRALES", "MONTO ASIGNADO (PESOS)": 653721, "LATITUD": 17.898389, "LONGITUD": -98.653957 }, "geometry": { "type": "Point", "coordinates": [ -98.653957, 17.898389 ] } },
{ "type": "Feature", "properties": { "NO": 1180, "ENTIDAD": "GUERRERO", "MUNICIPIO": "Olinalá", "PUEBLO INDIGENA O AFROMEXICANO": "NAHUA", "LOCALIDAD": "TECORRALESDELASMINAS", "CLAVE LOC": 120450071, "TIPO DE ASENTAMIENTO": "COMUNIDAD INDIGENA", "NOMBRE": "TECORRALES DE LAS MINAS", "MONTO ASIGNADO (PESOS)": 236613, "LATITUD": 17.886251, "LONGITUD": -98.863094 }, "geometry": { "type": "Point", "coordinates": [ -98.863094, 17.886251 ] } },
{ "type": "Feature", "properties": { "NO": 1181, "ENTIDAD": "GUERRERO", "MUNICIPIO": "Olinalá", "PUEBLO INDIGENA O AFROMEXICANO": "NAHUA", "LOCALIDAD": "TEHUAXTITLAN", "CLAVE LOC": 120450014, "TIPO DE ASENTAMIENTO": "COMUNIDAD INDIGENA", "NOMBRE": "TEHUAXTITLÁN", "MONTO ASIGNADO (PESOS)": 479932, "LATITUD": 17.757579, "LONGITUD": -98.796462 }, "geometry": { "type": "Point", "coordinates": [ -98.796462, 17.757579 ] } },
{ "type": "Feature", "properties": { "NO": 1182, "ENTIDAD": "GUERRERO", "MUNICIPIO": "Olinalá", "PUEBLO INDIGENA O AFROMEXICANO": "NAHUA", "LOCALIDAD": "TEHUIXTLA", "CLAVE LOC": 120450051, "TIPO DE ASENTAMIENTO": "COMUNIDAD INDIGENA", "NOMBRE": "TEHUIXTLA", "MONTO ASIGNADO (PESOS)": 155776, "LATITUD": 17.870549, "LONGITUD": -98.897717 }, "geometry": { "type": "Point", "coordinates": [ -98.897717, 17.870549 ] } },
{ "type": "Feature", "properties": { "NO": 1183, "ENTIDAD": "GUERRERO", "MUNICIPIO": "Olinalá", "PUEBLO INDIGENA O AFROMEXICANO": "NAHUA", "LOCALIDAD": "TEMALACATZINGO", "CLAVE LOC": 120450015, "TIPO DE ASENTAMIENTO": "COMUNIDAD INDIGENA", "NOMBRE": "TEMALACATZINGO", "MONTO ASIGNADO (PESOS)": 5426369, "LATITUD": 17.885182, "LONGITUD": -98.680433 }, "geometry": { "type": "Point", "coordinates": [ -98.680433, 17.885182 ] } },
{ "type": "Feature", "properties": { "NO": 1184, "ENTIDAD": "GUERRERO", "MUNICIPIO": "Olinalá", "PUEBLO INDIGENA O AFROMEXICANO": "NAHUA", "LOCALIDAD": "TEPETITLAN", "CLAVE LOC": 120450036, "TIPO DE ASENTAMIENTO": "COMUNIDAD INDIGENA", "NOMBRE": "TEPETITLÁN", "MONTO ASIGNADO (PESOS)": 301971, "LATITUD": 17.840776, "LONGITUD": -98.845689 }, "geometry": { "type": "Point", "coordinates": [ -98.845689, 17.840776 ] } },
{ "type": "Feature", "properties": { "NO": 1185, "ENTIDAD": "GUERRERO", "MUNICIPIO": "Olinalá", "PUEBLO INDIGENA O AFROMEXICANO": "NAHUA", "LOCALIDAD": "TEPETLACINGO", "CLAVE LOC": 120450016, "TIPO DE ASENTAMIENTO": "COMUNIDAD INDIGENA", "NOMBRE": "TEPETLACINGO", "MONTO ASIGNADO (PESOS)": 662623, "LATITUD": 17.920672, "LONGITUD": -98.762923 }, "geometry": { "type": "Point", "coordinates": [ -98.762923, 17.920672 ] } },
{ "type": "Feature", "properties": { "NO": 1186, "ENTIDAD": "GUERRERO", "MUNICIPIO": "Olinalá", "PUEBLO INDIGENA O AFROMEXICANO": "NAHUA", "LOCALIDAD": "TETICIC", "CLAVE LOC": 120450017, "TIPO DE ASENTAMIENTO": "COMUNIDAD INDIGENA", "NOMBRE": "TETICIC", "MONTO ASIGNADO (PESOS)": 416879, "LATITUD": 17.86741, "LONGITUD": -98.848168 }, "geometry": { "type": "Point", "coordinates": [ -98.848168, 17.86741 ] } },
{ "type": "Feature", "properties": { "NO": 1187, "ENTIDAD": "GUERRERO", "MUNICIPIO": "Olinalá", "PUEBLO INDIGENA O AFROMEXICANO": "NAHUA", "LOCALIDAD": "TOMATEPEC", "CLAVE LOC": 120450019, "TIPO DE ASENTAMIENTO": "COMUNIDAD INDIGENA", "NOMBRE": "TOMATEPEC", "MONTO ASIGNADO (PESOS)": 217212, "LATITUD": 17.90738, "LONGITUD": -98.832034 }, "geometry": { "type": "Point", "coordinates": [ -98.832034, 17.90738 ] } },
{ "type": "Feature", "properties": { "NO": 1188, "ENTIDAD": "GUERRERO", "MUNICIPIO": "Olinalá", "PUEBLO INDIGENA O AFROMEXICANO": "NAHUA", "LOCALIDAD": "TRESLUCES", "CLAVE LOC": 120450092, "TIPO DE ASENTAMIENTO": "COMUNIDAD INDIGENA", "NOMBRE": "TRES LUCES", "MONTO ASIGNADO (PESOS)": 165039, "LATITUD": 17.906666, "LONGITUD": -98.704026 }, "geometry": { "type": "Point", "coordinates": [ -98.704026, 17.906666 ] } },
{ "type": "Feature", "properties": { "NO": 1189, "ENTIDAD": "GUERRERO", "MUNICIPIO": "Olinalá", "PUEBLO INDIGENA O AFROMEXICANO": "NAHUA", "LOCALIDAD": "VISTAHERMOSA", "CLAVE LOC": 120450094, "TIPO DE ASENTAMIENTO": "COMUNIDAD INDIGENA", "NOMBRE": "VISTA HERMOSA", "MONTO ASIGNADO (PESOS)": 407496, "LATITUD": 17.906592, "LONGITUD": -98.68031 }, "geometry": { "type": "Point", "coordinates": [ -98.68031, 17.906592 ] } },
{ "type": "Feature", "properties": { "NO": 1190, "ENTIDAD": "GUERRERO", "MUNICIPIO": "Olinalá", "PUEBLO INDIGENA O AFROMEXICANO": "NAHUA", "LOCALIDAD": "XOCHIMILCO", "CLAVE LOC": 120450021, "TIPO DE ASENTAMIENTO": "COMUNIDAD INDIGENA", "NOMBRE": "XOCHIMILCO", "MONTO ASIGNADO (PESOS)": 304483, "LATITUD": 17.769786, "LONGITUD": -98.710392 }, "geometry": { "type": "Point", "coordinates": [ -98.710392, 17.769786 ] } },
{ "type": "Feature", "properties": { "NO": 1191, "ENTIDAD": "GUERRERO", "MUNICIPIO": "Olinalá", "PUEBLO INDIGENA O AFROMEXICANO": "NAHUA", "LOCALIDAD": "ZACAMOLICA", "CLAVE LOC": 120450088, "TIPO DE ASENTAMIENTO": "COMUNIDAD INDIGENA", "NOMBRE": "ZACAMOLICA", "MONTO ASIGNADO (PESOS)": 103232, "LATITUD": 17.973999, "LONGITUD": -98.734264 }, "geometry": { "type": "Point", "coordinates": [ -98.734264, 17.973999 ] } },
{ "type": "Feature", "properties": { "NO": 1192, "ENTIDAD": "GUERRERO", "MUNICIPIO": "Olinalá", "PUEBLO INDIGENA O AFROMEXICANO": "NAHUA", "LOCALIDAD": "ZACANGO", "CLAVE LOC": 120450022, "TIPO DE ASENTAMIENTO": "COMUNIDAD INDIGENA", "NOMBRE": "ZACANGO", "MONTO ASIGNADO (PESOS)": 362718, "LATITUD": 17.797788, "LONGITUD": -98.776963 }, "geometry": { "type": "Point", "coordinates": [ -98.776963, 17.797788 ] } },
{ "type": "Feature", "properties": { "NO": 1193, "ENTIDAD": "GUERRERO", "MUNICIPIO": "Olinalá", "PUEBLO INDIGENA O AFROMEXICANO": "NAHUA", "LOCALIDAD": "ZICATLAN", "CLAVE LOC": 120450070, "TIPO DE ASENTAMIENTO": "COMUNIDAD INDIGENA", "NOMBRE": "ZICATLÁN", "MONTO ASIGNADO (PESOS)": 448952, "LATITUD": 17.858374, "LONGITUD": -98.671697 }, "geometry": { "type": "Point", "coordinates": [ -98.671697, 17.858374 ] } },
{ "type": "Feature", "properties": { "NO": 1194, "ENTIDAD": "GUERRERO", "MUNICIPIO": "Olinalá", "PUEBLO INDIGENA O AFROMEXICANO": "NAHUA", "LOCALIDAD": "ZONTECOMATLAN", "CLAVE LOC": 120450023, "TIPO DE ASENTAMIENTO": "COMUNIDAD INDIGENA", "NOMBRE": "ZONTECOMATLÁN", "MONTO ASIGNADO (PESOS)": 931352, "LATITUD": 17.87294, "LONGITUD": -98.644788 }, "geometry": { "type": "Point", "coordinates": [ -98.644788, 17.87294 ] } },
{ "type": "Feature", "properties": { "NO": 1195, "ENTIDAD": "GUERRERO", "MUNICIPIO": "Olinalá", "PUEBLO INDIGENA O AFROMEXICANO": "NAHUA", "LOCALIDAD": "ZUMPANGO", "CLAVE LOC": 120450024, "TIPO DE ASENTAMIENTO": "COMUNIDAD INDIGENA", "NOMBRE": "ZUMPANGO", "MONTO ASIGNADO (PESOS)": 1539377, "LATITUD": 17.933721, "LONGITUD": -98.682823 }, "geometry": { "type": "Point", "coordinates": [ -98.682823, 17.933721 ] } },
{ "type": "Feature", "properties": { "NO": 1196, "ENTIDAD": "GUERRERO", "MUNICIPIO": "Ometepec", "PUEBLO INDIGENA O AFROMEXICANO": "AMUZGO", "LOCALIDAD": "ARROYOBARRANCAHONDA", "CLAVE LOC": 120460068, "TIPO DE ASENTAMIENTO": "COMUNIDAD INDIGENA", "NOMBRE": "ARROYO BARRANCA HONDA", "MONTO ASIGNADO (PESOS)": 1572039, "LATITUD": 16.743317, "LONGITUD": -98.323629 }, "geometry": { "type": "Point", "coordinates": [ -98.323629, 16.743317 ] } },
{ "type": "Feature", "properties": { "NO": 1197, "ENTIDAD": "GUERRERO", "MUNICIPIO": "Ometepec", "PUEBLO INDIGENA O AFROMEXICANO": "AMUZGO", "LOCALIDAD": "ARROYOCHACHALACO", "CLAVE LOC": 120460174, "TIPO DE ASENTAMIENTO": "COMUNIDAD INDIGENA", "NOMBRE": "ARROYO CHACHALACO", "MONTO ASIGNADO (PESOS)": 147452, "LATITUD": 16.760471, "LONGITUD": -98.27055 }, "geometry": { "type": "Point", "coordinates": [ -98.27055, 16.760471 ] } },
{ "type": "Feature", "properties": { "NO": 1198, "ENTIDAD": "GUERRERO", "MUNICIPIO": "Ometepec", "PUEBLO INDIGENA O AFROMEXICANO": "AMUZGO", "LOCALIDAD": "ARROYOTECOJOCHEN", "CLAVE LOC": 120460139, "TIPO DE ASENTAMIENTO": "COMUNIDAD INDIGENA", "NOMBRE": "ARROYO TECOJOCHÉN", "MONTO ASIGNADO (PESOS)": 146196, "LATITUD": 16.743247, "LONGITUD": -98.258683 }, "geometry": { "type": "Point", "coordinates": [ -98.258683, 16.743247 ] } },
{ "type": "Feature", "properties": { "NO": 1199, "ENTIDAD": "GUERRERO", "MUNICIPIO": "Ometepec", "PUEBLO INDIGENA O AFROMEXICANO": "AMUZGO", "LOCALIDAD": "ARROYOZAPOTE", "CLAVE LOC": 120460116, "TIPO DE ASENTAMIENTO": "COMUNIDAD INDIGENA", "NOMBRE": "ARROYO ZAPOTE", "MONTO ASIGNADO (PESOS)": 153733, "LATITUD": 16.760293, "LONGITUD": -98.26276 }, "geometry": { "type": "Point", "coordinates": [ -98.26276, 16.760293 ] } },
{ "type": "Feature", "properties": { "NO": 1200, "ENTIDAD": "GUERRERO", "MUNICIPIO": "Ometepec", "PUEBLO INDIGENA O AFROMEXICANO": "AMUZGO", "LOCALIDAD": "CERROPAJARO", "CLAVE LOC": 120460102, "TIPO DE ASENTAMIENTO": "COMUNIDAD INDIGENA", "NOMBRE": "CERRO PÁJARO", "MONTO ASIGNADO (PESOS)": 378602, "LATITUD": 16.719884, "LONGITUD": -98.310546 }, "geometry": { "type": "Point", "coordinates": [ -98.310546, 16.719884 ] } },
{ "type": "Feature", "properties": { "NO": 1201, "ENTIDAD": "GUERRERO", "MUNICIPIO": "Ometepec", "PUEBLO INDIGENA O AFROMEXICANO": "AMUZGO", "LOCALIDAD": "COCHOAPA", "CLAVE LOC": 120460007, "TIPO DE ASENTAMIENTO": "COMUNIDAD INDIGENA", "NOMBRE": "COCHOAPA", "MONTO ASIGNADO (PESOS)": 3601851, "LATITUD": 16.72194, "LONGITUD": -98.374478 }, "geometry": { "type": "Point", "coordinates": [ -98.374478, 16.72194 ] } },
{ "type": "Feature", "properties": { "NO": 1202, "ENTIDAD": "GUERRERO", "MUNICIPIO": "Ometepec", "PUEBLO INDIGENA O AFROMEXICANO": "AMUZGO", "LOCALIDAD": "COLONIARIVIERASPALMAS", "CLAVE LOC": 120460137, "TIPO DE ASENTAMIENTO": "LOCALIDAD CON POBLACION\nINDIGENA", "NOMBRE": "COLONIA RIVIERAS PALMAS", "MONTO ASIGNADO (PESOS)": 147452, "LATITUD": 16.676933, "LONGITUD": -98.425634 }, "geometry": { "type": "Point", "coordinates": [ -98.425634, 16.676933 ] } },
{ "type": "Feature", "properties": { "NO": 1203, "ENTIDAD": "GUERRERO", "MUNICIPIO": "Ometepec", "PUEBLO INDIGENA O AFROMEXICANO": "AFROMEXICANO", "LOCALIDAD": "CRUZDECORAZON", "CLAVE LOC": 120460010, "TIPO DE ASENTAMIENTO": "COMUNIDAD AFROMEXICANA", "NOMBRE": "CRUZ DE CORAZÓN", "MONTO ASIGNADO (PESOS)": 573702, "LATITUD": 16.69314, "LONGITUD": -98.441971 }, "geometry": { "type": "Point", "coordinates": [ -98.441971, 16.69314 ] } },
{ "type": "Feature", "properties": { "NO": 1204, "ENTIDAD": "GUERRERO", "MUNICIPIO": "Ometepec", "PUEBLO INDIGENA O AFROMEXICANO": "AMUZGO", "LOCALIDAD": "CRUZVERDEII", "CLAVE LOC": 120460037, "TIPO DE ASENTAMIENTO": "COMUNIDAD INDIGENA", "NOMBRE": "CRUZ VERDE II", "MONTO ASIGNADO (PESOS)": 892408, "LATITUD": 16.698122, "LONGITUD": -98.294594 }, "geometry": { "type": "Point", "coordinates": [ -98.294594, 16.698122 ] } },
{ "type": "Feature", "properties": { "NO": 1205, "ENTIDAD": "GUERRERO", "MUNICIPIO": "Ometepec", "PUEBLO INDIGENA O AFROMEXICANO": "AMUZGO", "LOCALIDAD": "CUADRILLANUEVA(CHILPANCINGUITO)", "CLAVE LOC": 120460055, "TIPO DE ASENTAMIENTO": "COMUNIDAD INDIGENA", "NOMBRE": "CUADRILLA NUEVA (CHILPANCINGUITO)", "MONTO ASIGNADO (PESOS)": 214033, "LATITUD": 16.689338, "LONGITUD": -98.289274 }, "geometry": { "type": "Point", "coordinates": [ -98.289274, 16.689338 ] } },
{ "type": "Feature", "properties": { "NO": 1206, "ENTIDAD": "GUERRERO", "MUNICIPIO": "Ometepec", "PUEBLO INDIGENA O AFROMEXICANO": "AMUZGO", "LOCALIDAD": "CUMBREDEBARRANCAHONDA", "CLAVE LOC": 120460012, "TIPO DE ASENTAMIENTO": "COMUNIDAD INDIGENA", "NOMBRE": "CUMBRE DE BARRANCA HONDA", "MONTO ASIGNADO (PESOS)": 1889870, "LATITUD": 16.731484, "LONGITUD": -98.336749 }, "geometry": { "type": "Point", "coordinates": [ -98.336749, 16.731484 ] } },
{ "type": "Feature", "properties": { "NO": 1207, "ENTIDAD": "GUERRERO", "MUNICIPIO": "Ometepec", "PUEBLO INDIGENA O AFROMEXICANO": "AFROMEXICANO", "LOCALIDAD": "ELCAPRICHO(LAPOZA)", "CLAVE LOC": 120460004, "TIPO DE ASENTAMIENTO": "COMUNIDAD AFROMEXICANA", "NOMBRE": "EL CAPRICHO (LA POZA)", "MONTO ASIGNADO (PESOS)": 187302, "LATITUD": 16.578891, "LONGITUD": -98.430972 }, "geometry": { "type": "Point", "coordinates": [ -98.430972, 16.578891 ] } },
{ "type": "Feature", "properties": { "NO": 1208, "ENTIDAD": "GUERRERO", "MUNICIPIO": "Ometepec", "PUEBLO INDIGENA O AFROMEXICANO": "AFROMEXICANO", "LOCALIDAD": "ELCHARCODELAPUERTA", "CLAVE LOC": 120460013, "TIPO DE ASENTAMIENTO": "COMUNIDAD AFROMEXICANA", "NOMBRE": "EL CHARCO DE LA PUERTA", "MONTO ASIGNADO (PESOS)": 399903, "LATITUD": 16.606031, "LONGITUD": -98.427067 }, "geometry": { "type": "Point", "coordinates": [ -98.427067, 16.606031 ] } },
{ "type": "Feature", "properties": { "NO": 1209, "ENTIDAD": "GUERRERO", "MUNICIPIO": "Ometepec", "PUEBLO INDIGENA O AFROMEXICANO": "AFROMEXICANO", "LOCALIDAD": "ELLIMON", "CLAVE LOC": 120460038, "TIPO DE ASENTAMIENTO": "COMUNIDAD AFROMEXICANA", "NOMBRE": "EL LIMÓN", "MONTO ASIGNADO (PESOS)": 285923, "LATITUD": 16.637577, "LONGITUD": -98.437517 }, "geometry": { "type": "Point", "coordinates": [ -98.437517, 16.637577 ] } },
{ "type": "Feature", "properties": { "NO": 1210, "ENTIDAD": "GUERRERO", "MUNICIPIO": "Ometepec", "PUEBLO INDIGENA O AFROMEXICANO": "AMUZGO", "LOCALIDAD": "ELMANGO(ELMANGOSOLOSUR)", "CLAVE LOC": 120460020, "TIPO DE ASENTAMIENTO": "COMUNIDAD INDIGENA", "NOMBRE": "EL MANGO (EL MANGO SOLO SUR)", "MONTO ASIGNADO (PESOS)": 145267, "LATITUD": 16.655125, "LONGITUD": -98.372345 }, "geometry": { "type": "Point", "coordinates": [ -98.372345, 16.655125 ] } },
{ "type": "Feature", "properties": { "NO": 1211, "ENTIDAD": "GUERRERO", "MUNICIPIO": "Ometepec", "PUEBLO INDIGENA O AFROMEXICANO": "AMUZGO", "LOCALIDAD": "HUIXTEPEC", "CLAVE LOC": 120460016, "TIPO DE ASENTAMIENTO": "COMUNIDAD INDIGENA", "NOMBRE": "HUIXTEPEC", "MONTO ASIGNADO (PESOS)": 2448309, "LATITUD": 16.655924, "LONGITUD": -98.304464 }, "geometry": { "type": "Point", "coordinates": [ -98.304464, 16.655924 ] } },
{ "type": "Feature", "properties": { "NO": 1212, "ENTIDAD": "GUERRERO", "MUNICIPIO": "Ometepec", "PUEBLO INDIGENA O AFROMEXICANO": "AMUZGO", "LOCALIDAD": "LACONCEPCION", "CLAVE LOC": 120460009, "TIPO DE ASENTAMIENTO": "COMUNIDAD INDIGENA", "NOMBRE": "LA CONCEPCIÓN", "MONTO ASIGNADO (PESOS)": 1020545, "LATITUD": 16.660221, "LONGITUD": -98.259274 }, "geometry": { "type": "Point", "coordinates": [ -98.259274, 16.660221 ] } },
{ "type": "Feature", "properties": { "NO": 1213, "ENTIDAD": "GUERRERO", "MUNICIPIO": "Ometepec", "PUEBLO INDIGENA O AFROMEXICANO": "MIXTECO", "LOCALIDAD": "LACRESTA(PALMADEMOLINA)", "CLAVE LOC": 120460073, "TIPO DE ASENTAMIENTO": "LOCALIDAD CON POBLACION\nINDIGENA", "NOMBRE": "LA CRESTA (PALMA DE MOLINA)", "MONTO ASIGNADO (PESOS)": 187652, "LATITUD": 16.637254, "LONGITUD": -98.483116 }, "geometry": { "type": "Point", "coordinates": [ -98.483116, 16.637254 ] } },
{ "type": "Feature", "properties": { "NO": 1214, "ENTIDAD": "GUERRERO", "MUNICIPIO": "Ometepec", "PUEBLO INDIGENA O AFROMEXICANO": "AMUZGO", "LOCALIDAD": "LAGUADALUPE", "CLAVE LOC": 120460014, "TIPO DE ASENTAMIENTO": "COMUNIDAD INDIGENA", "NOMBRE": "LA GUADALUPE", "MONTO ASIGNADO (PESOS)": 1013455, "LATITUD": 16.688451, "LONGITUD": -98.261453 }, "geometry": { "type": "Point", "coordinates": [ -98.261453, 16.688451 ] } },
{ "type": "Feature", "properties": { "NO": 1215, "ENTIDAD": "GUERRERO", "MUNICIPIO": "Ometepec", "PUEBLO INDIGENA O AFROMEXICANO": "AMUZGO", "LOCALIDAD": "LALADRILLERA", "CLAVE LOC": 120460018, "TIPO DE ASENTAMIENTO": "COMUNIDAD INDIGENA", "NOMBRE": "LA LADRILLERA", "MONTO ASIGNADO (PESOS)": 353826, "LATITUD": 16.633332, "LONGITUD": -98.290836 }, "geometry": { "type": "Point", "coordinates": [ -98.290836, 16.633332 ] } },
{ "type": "Feature", "properties": { "NO": 1216, "ENTIDAD": "GUERRERO", "MUNICIPIO": "Ometepec", "PUEBLO INDIGENA O AFROMEXICANO": "AFROMEXICANO", "LOCALIDAD": "LASIGUANAS", "CLAVE LOC": 120460017, "TIPO DE ASENTAMIENTO": "COMUNIDAD AFROMEXICANA", "NOMBRE": "LAS IGUANAS", "MONTO ASIGNADO (PESOS)": 471848, "LATITUD": 16.630118, "LONGITUD": -98.420377 }, "geometry": { "type": "Point", "coordinates": [ -98.420377, 16.630118 ] } },
{ "type": "Feature", "properties": { "NO": 1217, "ENTIDAD": "GUERRERO", "MUNICIPIO": "Ometepec", "PUEBLO INDIGENA O AFROMEXICANO": "AMUZGO", "LOCALIDAD": "LASPALMAS", "CLAVE LOC": 120460162, "TIPO DE ASENTAMIENTO": "COMUNIDAD INDIGENA", "NOMBRE": "LAS PALMAS", "MONTO ASIGNADO (PESOS)": 256746, "LATITUD": 16.664141, "LONGITUD": -98.347169 }, "geometry": { "type": "Point", "coordinates": [ -98.347169, 16.664141 ] } },
{ "type": "Feature", "properties": { "NO": 1218, "ENTIDAD": "GUERRERO", "MUNICIPIO": "Ometepec", "PUEBLO INDIGENA O AFROMEXICANO": "AFROMEXICANO", "LOCALIDAD": "LASVIGAS", "CLAVE LOC": 120460033, "TIPO DE ASENTAMIENTO": "COMUNIDAD AFROMEXICANA", "NOMBRE": "LAS VIGAS", "MONTO ASIGNADO (PESOS)": 774986, "LATITUD": 16.67682, "LONGITUD": -98.456602 }, "geometry": { "type": "Point", "coordinates": [ -98.456602, 16.67682 ] } },
{ "type": "Feature", "properties": { "NO": 1219, "ENTIDAD": "GUERRERO", "MUNICIPIO": "Ometepec", "PUEBLO INDIGENA O AFROMEXICANO": "AMUZGO", "LOCALIDAD": "MANGONORTE(ELMANGOSOLONORTE)", "CLAVE LOC": 120460107, "TIPO DE ASENTAMIENTO": "COMUNIDAD INDIGENA", "NOMBRE": "MANGO NORTE (EL MANGO SOLO NORTE)", "MONTO ASIGNADO (PESOS)": 201471, "LATITUD": 16.6694, "LONGITUD": -98.335469 }, "geometry": { "type": "Point", "coordinates": [ -98.335469, 16.6694 ] } },
{ "type": "Feature", "properties": { "NO": 1220, "ENTIDAD": "GUERRERO", "MUNICIPIO": "Ometepec", "PUEBLO INDIGENA O AFROMEXICANO": "AFROMEXICANO", "LOCALIDAD": "MAZAPA", "CLAVE LOC": 120460088, "TIPO DE ASENTAMIENTO": "COMUNIDAD AFROMEXICANA", "NOMBRE": "MAZAPA", "MONTO ASIGNADO (PESOS)": 94689, "LATITUD": 16.666019, "LONGITUD": -98.369629 }, "geometry": { "type": "Point", "coordinates": [ -98.369629, 16.666019 ] } },
{ "type": "Feature", "properties": { "NO": 1221, "ENTIDAD": "GUERRERO", "MUNICIPIO": "Ometepec", "PUEBLO INDIGENA O AFROMEXICANO": "AMUZGO", "LOCALIDAD": "PASOCUAHULOTE", "CLAVE LOC": 120460041, "TIPO DE ASENTAMIENTO": "COMUNIDAD INDIGENA", "NOMBRE": "PASO CUAHULOTE", "MONTO ASIGNADO (PESOS)": 436389, "LATITUD": 16.692695, "LONGITUD": -98.319471 }, "geometry": { "type": "Point", "coordinates": [ -98.319471, 16.692695 ] } },
{ "type": "Feature", "properties": { "NO": 1222, "ENTIDAD": "GUERRERO", "MUNICIPIO": "Ometepec", "PUEBLO INDIGENA O AFROMEXICANO": "AMUZGO", "LOCALIDAD": "PASODELTABACO", "CLAVE LOC": 120460022, "TIPO DE ASENTAMIENTO": "COMUNIDAD INDIGENA", "NOMBRE": "PASO DEL TABACO", "MONTO ASIGNADO (PESOS)": 201471, "LATITUD": 16.638438, "LONGITUD": -98.400839 }, "geometry": { "type": "Point", "coordinates": [ -98.400839, 16.638438 ] } },
{ "type": "Feature", "properties": { "NO": 1223, "ENTIDAD": "GUERRERO", "MUNICIPIO": "Ometepec", "PUEBLO INDIGENA O AFROMEXICANO": "AFROMEXICANO", "LOCALIDAD": "PIEDRAANCHA", "CLAVE LOC": 120460023, "TIPO DE ASENTAMIENTO": "COMUNIDAD AFROMEXICANA", "NOMBRE": "PIEDRA ANCHA", "MONTO ASIGNADO (PESOS)": 554302, "LATITUD": 16.58697, "LONGITUD": -98.360716 }, "geometry": { "type": "Point", "coordinates": [ -98.360716, 16.58697 ] } },
{ "type": "Feature", "properties": { "NO": 1224, "ENTIDAD": "GUERRERO", "MUNICIPIO": "Ometepec", "PUEBLO INDIGENA O AFROMEXICANO": "AFROMEXICANO", "LOCALIDAD": "PIEDRABOLUDA", "CLAVE LOC": 120460024, "TIPO DE ASENTAMIENTO": "COMUNIDAD AFROMEXICANA", "NOMBRE": "PIEDRA BOLUDA", "MONTO ASIGNADO (PESOS)": 350593, "LATITUD": 16.6534, "LONGITUD": -98.443302 }, "geometry": { "type": "Point", "coordinates": [ -98.443302, 16.6534 ] } },
{ "type": "Feature", "properties": { "NO": 1225, "ENTIDAD": "GUERRERO", "MUNICIPIO": "Ometepec", "PUEBLO INDIGENA O AFROMEXICANO": "AFROMEXICANO", "LOCALIDAD": "PIEDRALABRADA", "CLAVE LOC": 120460026, "TIPO DE ASENTAMIENTO": "COMUNIDAD AFROMEXICANA", "NOMBRE": "PIEDRA LABRADA", "MONTO ASIGNADO (PESOS)": 247930, "LATITUD": 16.625768, "LONGITUD": -98.380686 }, "geometry": { "type": "Point", "coordinates": [ -98.380686, 16.625768 ] } },
{ "type": "Feature", "properties": { "NO": 1226, "ENTIDAD": "GUERRERO", "MUNICIPIO": "Ometepec", "PUEBLO INDIGENA O AFROMEXICANO": "AMUZGO", "LOCALIDAD": "PLANJUSTE", "CLAVE LOC": 120460047, "TIPO DE ASENTAMIENTO": "COMUNIDAD INDIGENA", "NOMBRE": "PLAN JUSTE", "MONTO ASIGNADO (PESOS)": 538146, "LATITUD": 16.736324, "LONGITUD": -98.25485 }, "geometry": { "type": "Point", "coordinates": [ -98.25485, 16.736324 ] } },
{ "type": "Feature", "properties": { "NO": 1227, "ENTIDAD": "GUERRERO", "MUNICIPIO": "Ometepec", "PUEBLO INDIGENA O AFROMEXICANO": "MIXTECO", "LOCALIDAD": "POTRERILLOS", "CLAVE LOC": 120460042, "TIPO DE ASENTAMIENTO": "COMUNIDAD INDIGENA", "NOMBRE": "POTRERILLOS", "MONTO ASIGNADO (PESOS)": 99714, "LATITUD": 16.575507, "LONGITUD": -98.44663 }, "geometry": { "type": "Point", "coordinates": [ -98.44663, 16.575507 ] } },
{ "type": "Feature", "properties": { "NO": 1228, "ENTIDAD": "GUERRERO", "MUNICIPIO": "Ometepec", "PUEBLO INDIGENA O AFROMEXICANO": "AMUZGO", "LOCALIDAD": "RANCHOELCALVARIO", "CLAVE LOC": 120460082, "TIPO DE ASENTAMIENTO": "LOCALIDAD CON POBLACION\nINDIGENA", "NOMBRE": "RANCHO EL CALVARIO", "MONTO ASIGNADO (PESOS)": 149964, "LATITUD": 16.703344, "LONGITUD": -98.385633 }, "geometry": { "type": "Point", "coordinates": [ -98.385633, 16.703344 ] } },
{ "type": "Feature", "properties": { "NO": 1229, "ENTIDAD": "GUERRERO", "MUNICIPIO": "Ometepec", "PUEBLO INDIGENA O AFROMEXICANO": "AMUZGO", "LOCALIDAD": "RANCHOLOSMORENO", "CLAVE LOC": 120460059, "TIPO DE ASENTAMIENTO": "COMUNIDAD INDIGENA", "NOMBRE": "RANCHO LOS MORENO", "MONTO ASIGNADO (PESOS)": 154967, "LATITUD": 16.642467, "LONGITUD": -98.469544 }, "geometry": { "type": "Point", "coordinates": [ -98.469544, 16.642467 ] } },
{ "type": "Feature", "properties": { "NO": 1230, "ENTIDAD": "GUERRERO", "MUNICIPIO": "Ometepec", "PUEBLO INDIGENA O AFROMEXICANO": "AMUZGO", "LOCALIDAD": "RANCHOSANFRANCISCO", "CLAVE LOC": 120460048, "TIPO DE ASENTAMIENTO": "COMUNIDAD INDIGENA", "NOMBRE": "RANCHO SAN FRANCISCO", "MONTO ASIGNADO (PESOS)": 165039, "LATITUD": 16.751533, "LONGITUD": -98.259945 }, "geometry": { "type": "Point", "coordinates": [ -98.259945, 16.751533 ] } },
{ "type": "Feature", "properties": { "NO": 1231, "ENTIDAD": "GUERRERO", "MUNICIPIO": "Ometepec", "PUEBLO INDIGENA O AFROMEXICANO": "MIXTECO", "LOCALIDAD": "SANTACRUZTECONTE(ELTECONTE)", "CLAVE LOC": 120460028, "TIPO DE ASENTAMIENTO": "COMUNIDAD INDIGENA", "NOMBRE": "SANTA CRUZ TECONTE (EL TECONTE)", "MONTO ASIGNADO (PESOS)": 204278, "LATITUD": 16.636882, "LONGITUD": -98.474958 }, "geometry": { "type": "Point", "coordinates": [ -98.474958, 16.636882 ] } },
{ "type": "Feature", "properties": { "NO": 1232, "ENTIDAD": "GUERRERO", "MUNICIPIO": "Ometepec", "PUEBLO INDIGENA O AFROMEXICANO": "AFROMEXICANO", "LOCALIDAD": "TIERRABLANCA", "CLAVE LOC": 120460032, "TIPO DE ASENTAMIENTO": "COMUNIDAD AFROMEXICANA", "NOMBRE": "TIERRA BLANCA", "MONTO ASIGNADO (PESOS)": 850973, "LATITUD": 16.609622, "LONGITUD": -98.322208 }, "geometry": { "type": "Point", "coordinates": [ -98.322208, 16.609622 ] } },
{ "type": "Feature", "properties": { "NO": 1233, "ENTIDAD": "GUERRERO", "MUNICIPIO": "Ometepec", "PUEBLO INDIGENA O AFROMEXICANO": "AMUZGO", "LOCALIDAD": "TIERRACOLORADA", "CLAVE LOC": 120460051, "TIPO DE ASENTAMIENTO": "COMUNIDAD INDIGENA", "NOMBRE": "TIERRA COLORADA", "MONTO ASIGNADO (PESOS)": 249208, "LATITUD": 16.769664, "LONGITUD": -98.267052 }, "geometry": { "type": "Point", "coordinates": [ -98.267052, 16.769664 ] } },
{ "type": "Feature", "properties": { "NO": 1234, "ENTIDAD": "GUERRERO", "MUNICIPIO": "Ometepec", "PUEBLO INDIGENA O AFROMEXICANO": "AMUZGO", "LOCALIDAD": "ZACOALPAN", "CLAVE LOC": 120460035, "TIPO DE ASENTAMIENTO": "COMUNIDAD INDIGENA", "NOMBRE": "ZACOALPAN", "MONTO ASIGNADO (PESOS)": 6872157, "LATITUD": 16.741754, "LONGITUD": -98.287779 }, "geometry": { "type": "Point", "coordinates": [ -98.287779, 16.741754 ] } },
{ "type": "Feature", "properties": { "NO": 1235, "ENTIDAD": "GUERRERO", "MUNICIPIO": "Quechultenango", "PUEBLO INDIGENA O AFROMEXICANO": "NAHUA", "LOCALIDAD": "ACHIGCA", "CLAVE LOC": 120510002, "TIPO DE ASENTAMIENTO": "COMUNIDAD INDIGENA", "NOMBRE": "ACHIGCA", "MONTO ASIGNADO (PESOS)": 791153, "LATITUD": 17.473489, "LONGITUD": -99.234765 }, "geometry": { "type": "Point", "coordinates": [ -99.234765, 17.473489 ] } },
{ "type": "Feature", "properties": { "NO": 1236, "ENTIDAD": "GUERRERO", "MUNICIPIO": "Quechultenango", "PUEBLO INDIGENA O AFROMEXICANO": "NAHUA", "LOCALIDAD": "AHUACATEPEC", "CLAVE LOC": 120510004, "TIPO DE ASENTAMIENTO": "COMUNIDAD INDIGENA", "NOMBRE": "AHUACATEPEC", "MONTO ASIGNADO (PESOS)": 430621, "LATITUD": 17.336021, "LONGITUD": -99.211241 }, "geometry": { "type": "Point", "coordinates": [ -99.211241, 17.336021 ] } },
{ "type": "Feature", "properties": { "NO": 1237, "ENTIDAD": "GUERRERO", "MUNICIPIO": "Quechultenango", "PUEBLO INDIGENA O AFROMEXICANO": "NAHUA", "LOCALIDAD": "ATLITENGO", "CLAVE LOC": 120510046, "TIPO DE ASENTAMIENTO": "COMUNIDAD INDIGENA", "NOMBRE": "ATLITENGO", "MONTO ASIGNADO (PESOS)": 373577, "LATITUD": 17.425695, "LONGITUD": -99.172571 }, "geometry": { "type": "Point", "coordinates": [ -99.172571, 17.425695 ] } },
{ "type": "Feature", "properties": { "NO": 1238, "ENTIDAD": "GUERRERO", "MUNICIPIO": "Quechultenango", "PUEBLO INDIGENA O AFROMEXICANO": "NAHUA", "LOCALIDAD": "AZTATEPEC", "CLAVE LOC": 120510005, "TIPO DE ASENTAMIENTO": "COMUNIDAD INDIGENA", "NOMBRE": "AZTATEPEC", "MONTO ASIGNADO (PESOS)": 1046927, "LATITUD": 17.375175, "LONGITUD": -99.281069 }, "geometry": { "type": "Point", "coordinates": [ -99.281069, 17.375175 ] } },
{ "type": "Feature", "properties": { "NO": 1239, "ENTIDAD": "GUERRERO", "MUNICIPIO": "Quechultenango", "PUEBLO INDIGENA O AFROMEXICANO": "NAHUA", "LOCALIDAD": "BARRIONUEVO", "CLAVE LOC": 120510116, "TIPO DE ASENTAMIENTO": "COMUNIDAD INDIGENA", "NOMBRE": "BARRIO NUEVO", "MONTO ASIGNADO (PESOS)": 236613, "LATITUD": 17.325242, "LONGITUD": -99.179872 }, "geometry": { "type": "Point", "coordinates": [ -99.179872, 17.325242 ] } },
{ "type": "Feature", "properties": { "NO": 1240, "ENTIDAD": "GUERRERO", "MUNICIPIO": "Quechultenango", "PUEBLO INDIGENA O AFROMEXICANO": "NAHUA", "LOCALIDAD": "COACOYUL", "CLAVE LOC": 120510006, "TIPO DE ASENTAMIENTO": "COMUNIDAD INDIGENA", "NOMBRE": "COACOYUL", "MONTO ASIGNADO (PESOS)": 411264, "LATITUD": 17.298675, "LONGITUD": -99.102755 }, "geometry": { "type": "Point", "coordinates": [ -99.102755, 17.298675 ] } },
{ "type": "Feature", "properties": { "NO": 1241, "ENTIDAD": "GUERRERO", "MUNICIPIO": "Quechultenango", "PUEBLO INDIGENA O AFROMEXICANO": "NAHUA", "LOCALIDAD": "COLONIARUBENFIGUEROAALCOCER", "CLAVE LOC": 120510097, "TIPO DE ASENTAMIENTO": "COMUNIDAD INDIGENA", "NOMBRE": "COLONIA RUBÉN FIGUEROA ALCOCER", "MONTO ASIGNADO (PESOS)": 149964, "LATITUD": 17.382307, "LONGITUD": -99.144597 }, "geometry": { "type": "Point", "coordinates": [ -99.144597, 17.382307 ] } },
{ "type": "Feature", "properties": { "NO": 1242, "ENTIDAD": "GUERRERO", "MUNICIPIO": "Quechultenango", "PUEBLO INDIGENA O AFROMEXICANO": "ME’PHAA\n(TLAPANECO)", "LOCALIDAD": "COLONIAVICENTEGUERRERO", "CLAVE LOC": 120510072, "TIPO DE ASENTAMIENTO": "COMUNIDAD INDIGENA", "NOMBRE": "COLONIA VICENTE GUERRERO", "MONTO ASIGNADO (PESOS)": 143650, "LATITUD": 17.356688, "LONGITUD": -99.056136 }, "geometry": { "type": "Point", "coordinates": [ -99.056136, 17.356688 ] } },
{ "type": "Feature", "properties": { "NO": 1243, "ENTIDAD": "GUERRERO", "MUNICIPIO": "Quechultenango", "PUEBLO INDIGENA O AFROMEXICANO": "NAHUA", "LOCALIDAD": "COLOTLIPA", "CLAVE LOC": 120510008, "TIPO DE ASENTAMIENTO": "COMUNIDAD INDIGENA", "NOMBRE": "COLOTLIPA", "MONTO ASIGNADO (PESOS)": 560768, "LATITUD": 17.411284, "LONGITUD": -99.166044 }, "geometry": { "type": "Point", "coordinates": [ -99.166044, 17.411284 ] } },
{ "type": "Feature", "properties": { "NO": 1244, "ENTIDAD": "GUERRERO", "MUNICIPIO": "Quechultenango", "PUEBLO INDIGENA O AFROMEXICANO": "NAHUA", "LOCALIDAD": "COSCAMILA", "CLAVE LOC": 120510009, "TIPO DE ASENTAMIENTO": "COMUNIDAD INDIGENA", "NOMBRE": "COSCAMILA", "MONTO ASIGNADO (PESOS)": 648072, "LATITUD": 17.417764, "LONGITUD": -99.220209 }, "geometry": { "type": "Point", "coordinates": [ -99.220209, 17.417764 ] } },
{ "type": "Feature", "properties": { "NO": 1245, "ENTIDAD": "GUERRERO", "MUNICIPIO": "Quechultenango", "PUEBLO INDIGENA O AFROMEXICANO": "NAHUA", "LOCALIDAD": "COTLAZINAPA", "CLAVE LOC": 120510063, "TIPO DE ASENTAMIENTO": "COMUNIDAD INDIGENA", "NOMBRE": "COTLAZINAPA", "MONTO ASIGNADO (PESOS)": 203983, "LATITUD": 17.310997, "LONGITUD": -99.188404 }, "geometry": { "type": "Point", "coordinates": [ -99.188404, 17.310997 ] } },
{ "type": "Feature", "properties": { "NO": 1246, "ENTIDAD": "GUERRERO", "MUNICIPIO": "Quechultenango", "PUEBLO INDIGENA O AFROMEXICANO": "NAHUA", "LOCALIDAD": "CUADRILLANUEVA", "CLAVE LOC": 120510052, "TIPO DE ASENTAMIENTO": "COMUNIDAD INDIGENA", "NOMBRE": "CUADRILLA NUEVA", "MONTO ASIGNADO (PESOS)": 169518, "LATITUD": 17.352883, "LONGITUD": -99.1938 }, "geometry": { "type": "Point", "coordinates": [ -99.1938, 17.352883 ] } },
{ "type": "Feature", "properties": { "NO": 1247, "ENTIDAD": "GUERRERO", "MUNICIPIO": "Quechultenango", "PUEBLO INDIGENA O AFROMEXICANO": "NAHUA", "LOCALIDAD": "CUANACAMATLA", "CLAVE LOC": 120510064, "TIPO DE ASENTAMIENTO": "COMUNIDAD INDIGENA", "NOMBRE": "CUANACAMATLA", "MONTO ASIGNADO (PESOS)": 138658, "LATITUD": 17.341458, "LONGITUD": -99.165653 }, "geometry": { "type": "Point", "coordinates": [ -99.165653, 17.341458 ] } },
{ "type": "Feature", "properties": { "NO": 1248, "ENTIDAD": "GUERRERO", "MUNICIPIO": "Quechultenango", "PUEBLO INDIGENA O AFROMEXICANO": "ME’PHAA\n(TLAPANECO)", "LOCALIDAD": "CUATOMATITLAN", "CLAVE LOC": 120510056, "TIPO DE ASENTAMIENTO": "COMUNIDAD INDIGENA", "NOMBRE": "CUATOMATITLÁN", "MONTO ASIGNADO (PESOS)": 229108, "LATITUD": 17.320825, "LONGITUD": -99.068065 }, "geometry": { "type": "Point", "coordinates": [ -99.068065, 17.320825 ] } },
{ "type": "Feature", "properties": { "NO": 1249, "ENTIDAD": "GUERRERO", "MUNICIPIO": "Quechultenango", "PUEBLO INDIGENA O AFROMEXICANO": "NAHUA", "LOCALIDAD": "DELEGACIONSURDEAZTATEPEC", "CLAVE LOC": 120510119, "TIPO DE ASENTAMIENTO": "COMUNIDAD INDIGENA", "NOMBRE": "DELEGACIÓN SUR DE AZTATEPEC", "MONTO ASIGNADO (PESOS)": 472821, "LATITUD": 17.373906, "LONGITUD": -99.283119 }, "geometry": { "type": "Point", "coordinates": [ -99.283119, 17.373906 ] } },
{ "type": "Feature", "properties": { "NO": 1250, "ENTIDAD": "GUERRERO", "MUNICIPIO": "Quechultenango", "PUEBLO INDIGENA O AFROMEXICANO": "NAHUA", "LOCALIDAD": "ELAGUACATE", "CLAVE LOC": 120510003, "TIPO DE ASENTAMIENTO": "COMUNIDAD INDIGENA", "NOMBRE": "EL AGUACATE", "MONTO ASIGNADO (PESOS)": 521814, "LATITUD": 17.376076, "LONGITUD": -99.164206 }, "geometry": { "type": "Point", "coordinates": [ -99.164206, 17.376076 ] } },
{ "type": "Feature", "properties": { "NO": 1251, "ENTIDAD": "GUERRERO", "MUNICIPIO": "Quechultenango", "PUEBLO INDIGENA O AFROMEXICANO": "NAHUA", "LOCALIDAD": "ELCOCOYUL", "CLAVE LOC": 120510007, "TIPO DE ASENTAMIENTO": "COMUNIDAD INDIGENA", "NOMBRE": "EL COCOYUL", "MONTO ASIGNADO (PESOS)": 632364, "LATITUD": 17.263049, "LONGITUD": -99.204008 }, "geometry": { "type": "Point", "coordinates": [ -99.204008, 17.263049 ] } },
{ "type": "Feature", "properties": { "NO": 1252, "ENTIDAD": "GUERRERO", "MUNICIPIO": "Quechultenango", "PUEBLO INDIGENA O AFROMEXICANO": "ME’PHAA\n(TLAPANECO)", "LOCALIDAD": "ELMANGUITO", "CLAVE LOC": 120510087, "TIPO DE ASENTAMIENTO": "COMUNIDAD INDIGENA", "NOMBRE": "EL MANGUITO", "MONTO ASIGNADO (PESOS)": 85448, "LATITUD": 17.269067, "LONGITUD": -99.108975 }, "geometry": { "type": "Point", "coordinates": [ -99.108975, 17.269067 ] } },
{ "type": "Feature", "properties": { "NO": 1253, "ENTIDAD": "GUERRERO", "MUNICIPIO": "Quechultenango", "PUEBLO INDIGENA O AFROMEXICANO": "NAHUA", "LOCALIDAD": "ELNARANJO", "CLAVE LOC": 120510019, "TIPO DE ASENTAMIENTO": "COMUNIDAD INDIGENA", "NOMBRE": "EL NARANJO", "MONTO ASIGNADO (PESOS)": 175985, "LATITUD": 17.358967, "LONGITUD": -99.215177 }, "geometry": { "type": "Point", "coordinates": [ -99.215177, 17.358967 ] } },
{ "type": "Feature", "properties": { "NO": 1254, "ENTIDAD": "GUERRERO", "MUNICIPIO": "Quechultenango", "PUEBLO INDIGENA O AFROMEXICANO": "ME’PHAA\n(TLAPANECO)", "LOCALIDAD": "ELTEJORUCO", "CLAVE LOC": 120510045, "TIPO DE ASENTAMIENTO": "COMUNIDAD INDIGENA", "NOMBRE": "EL TEJORUCO", "MONTO ASIGNADO (PESOS)": 884870, "LATITUD": 17.240192, "LONGITUD": -99.122627 }, "geometry": { "type": "Point", "coordinates": [ -99.122627, 17.240192 ] } },
{ "type": "Feature", "properties": { "NO": 1255, "ENTIDAD": "GUERRERO", "MUNICIPIO": "Quechultenango", "PUEBLO INDIGENA O AFROMEXICANO": "NAHUA", "LOCALIDAD": "ELTULE", "CLAVE LOC": 120510039, "TIPO DE ASENTAMIENTO": "COMUNIDAD INDIGENA", "NOMBRE": "EL TULE", "MONTO ASIGNADO (PESOS)": 119814, "LATITUD": 17.375781, "LONGITUD": -99.137312 }, "geometry": { "type": "Point", "coordinates": [ -99.137312, 17.375781 ] } },
{ "type": "Feature", "properties": { "NO": 1256, "ENTIDAD": "GUERRERO", "MUNICIPIO": "Quechultenango", "PUEBLO INDIGENA O AFROMEXICANO": "NAHUA", "LOCALIDAD": "ESTOYAHUALCO", "CLAVE LOC": 120510086, "TIPO DE ASENTAMIENTO": "COMUNIDAD INDIGENA", "NOMBRE": "ESTOYAHUALCO", "MONTO ASIGNADO (PESOS)": 111021, "LATITUD": 17.304876, "LONGITUD": -99.186927 }, "geometry": { "type": "Point", "coordinates": [ -99.186927, 17.304876 ] } },
{ "type": "Feature", "properties": { "NO": 1257, "ENTIDAD": "GUERRERO", "MUNICIPIO": "Quechultenango", "PUEBLO INDIGENA O AFROMEXICANO": "NAHUA", "LOCALIDAD": "HUEHUECOYOTLA", "CLAVE LOC": 120510010, "TIPO DE ASENTAMIENTO": "COMUNIDAD INDIGENA", "NOMBRE": "HUEHUECOYOTLA", "MONTO ASIGNADO (PESOS)": 582114, "LATITUD": 17.487387, "LONGITUD": -99.2698 }, "geometry": { "type": "Point", "coordinates": [ -99.2698, 17.487387 ] } },
{ "type": "Feature", "properties": { "NO": 1258, "ENTIDAD": "GUERRERO", "MUNICIPIO": "Quechultenango", "PUEBLO INDIGENA O AFROMEXICANO": "ME’PHAA\n(TLAPANECO)", "LOCALIDAD": "HUIZAPA(SANANTONIO)", "CLAVE LOC": 120510011, "TIPO DE ASENTAMIENTO": "COMUNIDAD INDIGENA", "NOMBRE": "HUIZAPA (SAN ANTONIO)", "MONTO ASIGNADO (PESOS)": 171321, "LATITUD": 17.3217, "LONGITUD": -99.084177 }, "geometry": { "type": "Point", "coordinates": [ -99.084177, 17.3217 ] } },
{ "type": "Feature", "properties": { "NO": 1259, "ENTIDAD": "GUERRERO", "MUNICIPIO": "Quechultenango", "PUEBLO INDIGENA O AFROMEXICANO": "NAHUA", "LOCALIDAD": "HUIZILTEPEC", "CLAVE LOC": 120510077, "TIPO DE ASENTAMIENTO": "COMUNIDAD INDIGENA", "NOMBRE": "HUIZILTEPEC", "MONTO ASIGNADO (PESOS)": 211521, "LATITUD": 17.286608, "LONGITUD": -99.11443 }, "geometry": { "type": "Point", "coordinates": [ -99.11443, 17.286608 ] } },
{ "type": "Feature", "properties": { "NO": 1260, "ENTIDAD": "GUERRERO", "MUNICIPIO": "Quechultenango", "PUEBLO INDIGENA O AFROMEXICANO": "NAHUA", "LOCALIDAD": "JALAPA", "CLAVE LOC": 120510012, "TIPO DE ASENTAMIENTO": "COMUNIDAD INDIGENA", "NOMBRE": "JALAPA", "MONTO ASIGNADO (PESOS)": 466998, "LATITUD": 17.336111, "LONGITUD": -99.273053 }, "geometry": { "type": "Point", "coordinates": [ -99.273053, 17.336111 ] } },
{ "type": "Feature", "properties": { "NO": 1261, "ENTIDAD": "GUERRERO", "MUNICIPIO": "Quechultenango", "PUEBLO INDIGENA O AFROMEXICANO": "NAHUA", "LOCALIDAD": "JOCUTLA", "CLAVE LOC": 120510013, "TIPO DE ASENTAMIENTO": "COMUNIDAD INDIGENA", "NOMBRE": "JOCUTLA", "MONTO ASIGNADO (PESOS)": 690916, "LATITUD": 17.342948, "LONGITUD": -99.138247 }, "geometry": { "type": "Point", "coordinates": [ -99.138247, 17.342948 ] } },
{ "type": "Feature", "properties": { "NO": 1262, "ENTIDAD": "GUERRERO", "MUNICIPIO": "Quechultenango", "PUEBLO INDIGENA O AFROMEXICANO": "NAHUA", "LOCALIDAD": "JUXTLAHUACA", "CLAVE LOC": 120510014, "TIPO DE ASENTAMIENTO": "COMUNIDAD INDIGENA", "NOMBRE": "JUXTLAHUACA", "MONTO ASIGNADO (PESOS)": 790345, "LATITUD": 17.427907, "LONGITUD": -99.145906 }, "geometry": { "type": "Point", "coordinates": [ -99.145906, 17.427907 ] } },
{ "type": "Feature", "properties": { "NO": 1263, "ENTIDAD": "GUERRERO", "MUNICIPIO": "Quechultenango", "PUEBLO INDIGENA O AFROMEXICANO": "NAHUA", "LOCALIDAD": "LAMINA", "CLAVE LOC": 120510053, "TIPO DE ASENTAMIENTO": "COMUNIDAD INDIGENA", "NOMBRE": "LA MINA", "MONTO ASIGNADO (PESOS)": 167093, "LATITUD": 17.352269, "LONGITUD": -99.214058 }, "geometry": { "type": "Point", "coordinates": [ -99.214058, 17.352269 ] } },
{ "type": "Feature", "properties": { "NO": 1264, "ENTIDAD": "GUERRERO", "MUNICIPIO": "Quechultenango", "PUEBLO INDIGENA O AFROMEXICANO": "NAHUA", "LOCALIDAD": "LAPAROTA", "CLAVE LOC": 120510024, "TIPO DE ASENTAMIENTO": "COMUNIDAD INDIGENA", "NOMBRE": "LA PAROTA", "MONTO ASIGNADO (PESOS)": 396189, "LATITUD": 17.285632, "LONGITUD": -99.109207 }, "geometry": { "type": "Point", "coordinates": [ -99.109207, 17.285632 ] } },
{ "type": "Feature", "properties": { "NO": 1265, "ENTIDAD": "GUERRERO", "MUNICIPIO": "Quechultenango", "PUEBLO INDIGENA O AFROMEXICANO": "NAHUA", "LOCALIDAD": "LASPALMITAS", "CLAVE LOC": 120510023, "TIPO DE ASENTAMIENTO": "COMUNIDAD INDIGENA", "NOMBRE": "LAS PALMITAS", "MONTO ASIGNADO (PESOS)": 286896, "LATITUD": 17.455712, "LONGITUD": -99.227764 }, "geometry": { "type": "Point", "coordinates": [ -99.227764, 17.455712 ] } },
{ "type": "Feature", "properties": { "NO": 1266, "ENTIDAD": "GUERRERO", "MUNICIPIO": "Quechultenango", "PUEBLO INDIGENA O AFROMEXICANO": "NAHUA", "LOCALIDAD": "LASPALMITAS", "CLAVE LOC": 120510094, "TIPO DE ASENTAMIENTO": "COMUNIDAD INDIGENA", "NOMBRE": "LAS PALMITAS", "MONTO ASIGNADO (PESOS)": 118591, "LATITUD": 17.250089, "LONGITUD": -99.211873 }, "geometry": { "type": "Point", "coordinates": [ -99.211873, 17.250089 ] } },
{ "type": "Feature", "properties": { "NO": 1267, "ENTIDAD": "GUERRERO", "MUNICIPIO": "Quechultenango", "PUEBLO INDIGENA O AFROMEXICANO": "NAHUA", "LOCALIDAD": "LLANOGRANDE", "CLAVE LOC": 120510067, "TIPO DE ASENTAMIENTO": "COMUNIDAD INDIGENA", "NOMBRE": "LLANO GRANDE", "MONTO ASIGNADO (PESOS)": 661006, "LATITUD": 17.396876, "LONGITUD": -99.099989 }, "geometry": { "type": "Point", "coordinates": [ -99.099989, 17.396876 ] } },
{ "type": "Feature", "properties": { "NO": 1268, "ENTIDAD": "GUERRERO", "MUNICIPIO": "Quechultenango", "PUEBLO INDIGENA O AFROMEXICANO": "NAHUA", "LOCALIDAD": "LOMALARGA", "CLAVE LOC": 120510066, "TIPO DE ASENTAMIENTO": "COMUNIDAD INDIGENA", "NOMBRE": "LOMA LARGA", "MONTO ASIGNADO (PESOS)": 170326, "LATITUD": 17.387567, "LONGITUD": -99.085023 }, "geometry": { "type": "Point", "coordinates": [ -99.085023, 17.387567 ] } },
{ "type": "Feature", "properties": { "NO": 1269, "ENTIDAD": "GUERRERO", "MUNICIPIO": "Quechultenango", "PUEBLO INDIGENA O AFROMEXICANO": "NAHUA", "LOCALIDAD": "LOMASDESANPEDRO(SANJOSE)", "CLAVE LOC": 120510123, "TIPO DE ASENTAMIENTO": "COMUNIDAD INDIGENA", "NOMBRE": "LOMAS DE SAN PEDRO (SAN JOSÉ)", "MONTO ASIGNADO (PESOS)": 298202, "LATITUD": 17.282358, "LONGITUD": -99.111766 }, "geometry": { "type": "Point", "coordinates": [ -99.111766, 17.282358 ] } },
{ "type": "Feature", "properties": { "NO": 1270, "ENTIDAD": "GUERRERO", "MUNICIPIO": "Quechultenango", "PUEBLO INDIGENA O AFROMEXICANO": "NAHUA", "LOCALIDAD": "LOSAMATES", "CLAVE LOC": 120510118, "TIPO DE ASENTAMIENTO": "COMUNIDAD INDIGENA", "NOMBRE": "LOS AMATES", "MONTO ASIGNADO (PESOS)": 154967, "LATITUD": 17.336511, "LONGITUD": -99.185048 }, "geometry": { "type": "Point", "coordinates": [ -99.185048, 17.336511 ] } },
{ "type": "Feature", "properties": { "NO": 1271, "ENTIDAD": "GUERRERO", "MUNICIPIO": "Quechultenango", "PUEBLO INDIGENA O AFROMEXICANO": "ME’PHAA\n(TLAPANECO)", "LOCALIDAD": "LOSAMATES", "CLAVE LOC": 120510059, "TIPO DE ASENTAMIENTO": "COMUNIDAD INDIGENA", "NOMBRE": "LOS AMATES", "MONTO ASIGNADO (PESOS)": 134758, "LATITUD": 17.233784, "LONGITUD": -99.141562 }, "geometry": { "type": "Point", "coordinates": [ -99.141562, 17.233784 ] } },
{ "type": "Feature", "properties": { "NO": 1272, "ENTIDAD": "GUERRERO", "MUNICIPIO": "Quechultenango", "PUEBLO INDIGENA O AFROMEXICANO": "NAHUA", "LOCALIDAD": "LOSRANCHITOS", "CLAVE LOC": 120510078, "TIPO DE ASENTAMIENTO": "COMUNIDAD INDIGENA", "NOMBRE": "LOS RANCHITOS", "MONTO ASIGNADO (PESOS)": 269308, "LATITUD": 17.323152, "LONGITUD": -99.101608 }, "geometry": { "type": "Point", "coordinates": [ -99.101608, 17.323152 ] } },
{ "type": "Feature", "properties": { "NO": 1273, "ENTIDAD": "GUERRERO", "MUNICIPIO": "Quechultenango", "PUEBLO INDIGENA O AFROMEXICANO": "NAHUA", "LOCALIDAD": "MEXCALTEPEC", "CLAVE LOC": 120510015, "TIPO DE ASENTAMIENTO": "COMUNIDAD INDIGENA", "NOMBRE": "MEXCALTEPEC", "MONTO ASIGNADO (PESOS)": 164668, "LATITUD": 17.408329, "LONGITUD": -99.304189 }, "geometry": { "type": "Point", "coordinates": [ -99.304189, 17.408329 ] } },
{ "type": "Feature", "properties": { "NO": 1274, "ENTIDAD": "GUERRERO", "MUNICIPIO": "Quechultenango", "PUEBLO INDIGENA O AFROMEXICANO": "NAHUA", "LOCALIDAD": "NACAXTLAN", "CLAVE LOC": 120510016, "TIPO DE ASENTAMIENTO": "COMUNIDAD INDIGENA", "NOMBRE": "NACAXTLÁN", "MONTO ASIGNADO (PESOS)": 659389, "LATITUD": 17.200699, "LONGITUD": -99.299899 }, "geometry": { "type": "Point", "coordinates": [ -99.299899, 17.200699 ] } },
{ "type": "Feature", "properties": { "NO": 1275, "ENTIDAD": "GUERRERO", "MUNICIPIO": "Quechultenango", "PUEBLO INDIGENA O AFROMEXICANO": "NAHUA", "LOCALIDAD": "NANZINTLA", "CLAVE LOC": 120510017, "TIPO DE ASENTAMIENTO": "COMUNIDAD INDIGENA", "NOMBRE": "NANZINTLA", "MONTO ASIGNADO (PESOS)": 541368, "LATITUD": 17.335557, "LONGITUD": -99.098297 }, "geometry": { "type": "Point", "coordinates": [ -99.098297, 17.335557 ] } },
{ "type": "Feature", "properties": { "NO": 1276, "ENTIDAD": "GUERRERO", "MUNICIPIO": "Quechultenango", "PUEBLO INDIGENA O AFROMEXICANO": "NAHUA", "LOCALIDAD": "NARANJITAS", "CLAVE LOC": 120510018, "TIPO DE ASENTAMIENTO": "COMUNIDAD INDIGENA", "NOMBRE": "NARANJITAS", "MONTO ASIGNADO (PESOS)": 450830, "LATITUD": 17.352606, "LONGITUD": -99.201296 }, "geometry": { "type": "Point", "coordinates": [ -99.201296, 17.352606 ] } },
{ "type": "Feature", "properties": { "NO": 1277, "ENTIDAD": "GUERRERO", "MUNICIPIO": "Quechultenango", "PUEBLO INDIGENA O AFROMEXICANO": "ME’PHAA\n(TLAPANECO)", "LOCALIDAD": "NARANJUELO", "CLAVE LOC": 120510020, "TIPO DE ASENTAMIENTO": "COMUNIDAD INDIGENA", "NOMBRE": "NARANJUELO", "MONTO ASIGNADO (PESOS)": 277031, "LATITUD": 17.236707, "LONGITUD": -99.150878 }, "geometry": { "type": "Point", "coordinates": [ -99.150878, 17.236707 ] } },
{ "type": "Feature", "properties": { "NO": 1278, "ENTIDAD": "GUERRERO", "MUNICIPIO": "Quechultenango", "PUEBLO INDIGENA O AFROMEXICANO": "NAHUA", "LOCALIDAD": "NIYANTITLAN", "CLAVE LOC": 120510065, "TIPO DE ASENTAMIENTO": "COMUNIDAD INDIGENA", "NOMBRE": "NIYANTITLÁN", "MONTO ASIGNADO (PESOS)": 281871, "LATITUD": 17.414419, "LONGITUD": -99.082577 }, "geometry": { "type": "Point", "coordinates": [ -99.082577, 17.414419 ] } },
{ "type": "Feature", "properties": { "NO": 1279, "ENTIDAD": "GUERRERO", "MUNICIPIO": "Quechultenango", "PUEBLO INDIGENA O AFROMEXICANO": "NAHUA", "LOCALIDAD": "PINOLAPA", "CLAVE LOC": 120510025, "TIPO DE ASENTAMIENTO": "COMUNIDAD INDIGENA", "NOMBRE": "PINOLAPA", "MONTO ASIGNADO (PESOS)": 372419, "LATITUD": 17.307688, "LONGITUD": -99.209425 }, "geometry": { "type": "Point", "coordinates": [ -99.209425, 17.307688 ] } },
{ "type": "Feature", "properties": { "NO": 1280, "ENTIDAD": "GUERRERO", "MUNICIPIO": "Quechultenango", "PUEBLO INDIGENA O AFROMEXICANO": "ME’PHAA\n(TLAPANECO)", "LOCALIDAD": "PLATANILLO", "CLAVE LOC": 120510026, "TIPO DE ASENTAMIENTO": "COMUNIDAD INDIGENA", "NOMBRE": "PLATANILLO", "MONTO ASIGNADO (PESOS)": 553221, "LATITUD": 17.322805, "LONGITUD": -99.053144 }, "geometry": { "type": "Point", "coordinates": [ -99.053144, 17.322805 ] } },
{ "type": "Feature", "properties": { "NO": 1281, "ENTIDAD": "GUERRERO", "MUNICIPIO": "Quechultenango", "PUEBLO INDIGENA O AFROMEXICANO": "NAHUA", "LOCALIDAD": "PUEBLOVIEJO", "CLAVE LOC": 120510027, "TIPO DE ASENTAMIENTO": "COMUNIDAD INDIGENA", "NOMBRE": "PUEBLO VIEJO", "MONTO ASIGNADO (PESOS)": 538943, "LATITUD": 17.226122, "LONGITUD": -99.273461 }, "geometry": { "type": "Point", "coordinates": [ -99.273461, 17.226122 ] } },
{ "type": "Feature", "properties": { "NO": 1282, "ENTIDAD": "GUERRERO", "MUNICIPIO": "Quechultenango", "PUEBLO INDIGENA O AFROMEXICANO": "NAHUA", "LOCALIDAD": "QUECHULTENANGO", "CLAVE LOC": 120510001, "TIPO DE ASENTAMIENTO": "COMUNIDAD INDIGENA", "NOMBRE": "QUECHULTENANGO", "MONTO ASIGNADO (PESOS)": 356251, "LATITUD": 17.414646, "LONGITUD": -99.24105 }, "geometry": { "type": "Point", "coordinates": [ -99.24105, 17.414646 ] } },
{ "type": "Feature", "properties": { "NO": 1283, "ENTIDAD": "GUERRERO", "MUNICIPIO": "Quechultenango", "PUEBLO INDIGENA O AFROMEXICANO": "NAHUA", "LOCALIDAD": "SANANTONIOABAD", "CLAVE LOC": 120510028, "TIPO DE ASENTAMIENTO": "COMUNIDAD INDIGENA", "NOMBRE": "SAN ANTONIO ABAD", "MONTO ASIGNADO (PESOS)": 121071, "LATITUD": 17.353893, "LONGITUD": -99.168854 }, "geometry": { "type": "Point", "coordinates": [ -99.168854, 17.353893 ] } },
{ "type": "Feature", "properties": { "NO": 1284, "ENTIDAD": "GUERRERO", "MUNICIPIO": "Quechultenango", "PUEBLO INDIGENA O AFROMEXICANO": "NAHUA", "LOCALIDAD": "SANJOSE", "CLAVE LOC": 120510029, "TIPO DE ASENTAMIENTO": "COMUNIDAD INDIGENA", "NOMBRE": "SAN JOSÉ", "MONTO ASIGNADO (PESOS)": 515533, "LATITUD": 17.276646, "LONGITUD": -99.114376 }, "geometry": { "type": "Point", "coordinates": [ -99.114376, 17.276646 ] } },
{ "type": "Feature", "properties": { "NO": 1285, "ENTIDAD": "GUERRERO", "MUNICIPIO": "Quechultenango", "PUEBLO INDIGENA O AFROMEXICANO": "ME’PHAA\n(TLAPANECO)", "LOCALIDAD": "SANJOSELOSCAJELES", "CLAVE LOC": 120510121, "TIPO DE ASENTAMIENTO": "COMUNIDAD INDIGENA", "NOMBRE": "SAN JOSÉ LOS CAJELES", "MONTO ASIGNADO (PESOS)": 436389, "LATITUD": 17.323904, "LONGITUD": -99.050278 }, "geometry": { "type": "Point", "coordinates": [ -99.050278, 17.323904 ] } },
{ "type": "Feature", "properties": { "NO": 1286, "ENTIDAD": "GUERRERO", "MUNICIPIO": "Quechultenango", "PUEBLO INDIGENA O AFROMEXICANO": "NAHUA", "LOCALIDAD": "SANMARTIN", "CLAVE LOC": 120510030, "TIPO DE ASENTAMIENTO": "COMUNIDAD INDIGENA", "NOMBRE": "SAN MARTÍN", "MONTO ASIGNADO (PESOS)": 1011030, "LATITUD": 17.463806, "LONGITUD": -99.295043 }, "geometry": { "type": "Point", "coordinates": [ -99.295043, 17.463806 ] } },
{ "type": "Feature", "properties": { "NO": 1287, "ENTIDAD": "GUERRERO", "MUNICIPIO": "Quechultenango", "PUEBLO INDIGENA O AFROMEXICANO": "NAHUA", "LOCALIDAD": "SANTACRUZ", "CLAVE LOC": 120510031, "TIPO DE ASENTAMIENTO": "COMUNIDAD INDIGENA", "NOMBRE": "SANTA CRUZ", "MONTO ASIGNADO (PESOS)": 686066, "LATITUD": 17.311356, "LONGITUD": -99.264523 }, "geometry": { "type": "Point", "coordinates": [ -99.264523, 17.311356 ] } },
{ "type": "Feature", "properties": { "NO": 1288, "ENTIDAD": "GUERRERO", "MUNICIPIO": "Quechultenango", "PUEBLO INDIGENA O AFROMEXICANO": "NAHUA", "LOCALIDAD": "SANTAFE", "CLAVE LOC": 120510032, "TIPO DE ASENTAMIENTO": "COMUNIDAD INDIGENA", "NOMBRE": "SANTA FE", "MONTO ASIGNADO (PESOS)": 1050640, "LATITUD": 17.413427, "LONGITUD": -99.198488 }, "geometry": { "type": "Point", "coordinates": [ -99.198488, 17.413427 ] } },
{ "type": "Feature", "properties": { "NO": 1289, "ENTIDAD": "GUERRERO", "MUNICIPIO": "Quechultenango", "PUEBLO INDIGENA O AFROMEXICANO": "NAHUA", "LOCALIDAD": "TECAMPANA", "CLAVE LOC": 120510079, "TIPO DE ASENTAMIENTO": "COMUNIDAD INDIGENA", "NOMBRE": "TECAMPANA", "MONTO ASIGNADO (PESOS)": 104739, "LATITUD": 17.297025, "LONGITUD": -99.174695 }, "geometry": { "type": "Point", "coordinates": [ -99.174695, 17.297025 ] } },
{ "type": "Feature", "properties": { "NO": 1290, "ENTIDAD": "GUERRERO", "MUNICIPIO": "Quechultenango", "PUEBLO INDIGENA O AFROMEXICANO": "NAHUA", "LOCALIDAD": "TEMOCONGO(XOCHITLAN)", "CLAVE LOC": 120510120, "TIPO DE ASENTAMIENTO": "COMUNIDAD INDIGENA", "NOMBRE": "TEMOCONGO (XOCHITLÁN)", "MONTO ASIGNADO (PESOS)": 129864, "LATITUD": 17.327465, "LONGITUD": -99.191725 }, "geometry": { "type": "Point", "coordinates": [ -99.191725, 17.327465 ] } },
{ "type": "Feature", "properties": { "NO": 1291, "ENTIDAD": "GUERRERO", "MUNICIPIO": "Quechultenango", "PUEBLO INDIGENA O AFROMEXICANO": "NAHUA", "LOCALIDAD": "TEOCUITLAPA", "CLAVE LOC": 120510033, "TIPO DE ASENTAMIENTO": "COMUNIDAD INDIGENA", "NOMBRE": "TEOCUITLAPA", "MONTO ASIGNADO (PESOS)": 614777, "LATITUD": 17.31858, "LONGITUD": -99.167078 }, "geometry": { "type": "Point", "coordinates": [ -99.167078, 17.31858 ] } },
{ "type": "Feature", "properties": { "NO": 1292, "ENTIDAD": "GUERRERO", "MUNICIPIO": "Quechultenango", "PUEBLO INDIGENA O AFROMEXICANO": "NAHUA", "LOCALIDAD": "TEOCUITLAPA", "CLAVE LOC": 120510033, "TIPO DE ASENTAMIENTO": "COMUNIDAD INDIGENA", "NOMBRE": "TEOCUITLAPA", "MONTO ASIGNADO (PESOS)": 108508, "LATITUD": 17.31858, "LONGITUD": -99.167078 }, "geometry": { "type": "Point", "coordinates": [ -99.167078, 17.31858 ] } },
{ "type": "Feature", "properties": { "NO": 1293, "ENTIDAD": "GUERRERO", "MUNICIPIO": "Quechultenango", "PUEBLO INDIGENA O AFROMEXICANO": "NAHUA", "LOCALIDAD": "TEOZINTLA", "CLAVE LOC": 120510034, "TIPO DE ASENTAMIENTO": "COMUNIDAD INDIGENA", "NOMBRE": "TEOZINTLA", "MONTO ASIGNADO (PESOS)": 721558, "LATITUD": 17.271211, "LONGITUD": -99.145811 }, "geometry": { "type": "Point", "coordinates": [ -99.145811, 17.271211 ] } },
{ "type": "Feature", "properties": { "NO": 1294, "ENTIDAD": "GUERRERO", "MUNICIPIO": "Quechultenango", "PUEBLO INDIGENA O AFROMEXICANO": "NAHUA", "LOCALIDAD": "TEPOXTLAHUACA", "CLAVE LOC": 120510035, "TIPO DE ASENTAMIENTO": "COMUNIDAD INDIGENA", "NOMBRE": "TEPOXTLAHUACA", "MONTO ASIGNADO (PESOS)": 190536, "LATITUD": 17.394476, "LONGITUD": -99.129825 }, "geometry": { "type": "Point", "coordinates": [ -99.129825, 17.394476 ] } },
{ "type": "Feature", "properties": { "NO": 1295, "ENTIDAD": "GUERRERO", "MUNICIPIO": "Quechultenango", "PUEBLO INDIGENA O AFROMEXICANO": "NAHUA", "LOCALIDAD": "TLANICUILULCO", "CLAVE LOC": 120510036, "TIPO DE ASENTAMIENTO": "COMUNIDAD INDIGENA", "NOMBRE": "TLANICUILULCO", "MONTO ASIGNADO (PESOS)": 856631, "LATITUD": 17.388077, "LONGITUD": -99.103724 }, "geometry": { "type": "Point", "coordinates": [ -99.103724, 17.388077 ] } },
{ "type": "Feature", "properties": { "NO": 1296, "ENTIDAD": "GUERRERO", "MUNICIPIO": "Quechultenango", "PUEBLO INDIGENA O AFROMEXICANO": "NAHUA", "LOCALIDAD": "TLANIPATITLAN", "CLAVE LOC": 120510055, "TIPO DE ASENTAMIENTO": "COMUNIDAD INDIGENA", "NOMBRE": "TLANIPATITLÁN", "MONTO ASIGNADO (PESOS)": 258439, "LATITUD": 17.336704, "LONGITUD": -99.178827 }, "geometry": { "type": "Point", "coordinates": [ -99.178827, 17.336704 ] } },
{ "type": "Feature", "properties": { "NO": 1297, "ENTIDAD": "GUERRERO", "MUNICIPIO": "Quechultenango", "PUEBLO INDIGENA O AFROMEXICANO": "NAHUA", "LOCALIDAD": "TOLIXTLAHUACA", "CLAVE LOC": 120510037, "TIPO DE ASENTAMIENTO": "COMUNIDAD INDIGENA", "NOMBRE": "TOLIXTLAHUACA", "MONTO ASIGNADO (PESOS)": 487207, "LATITUD": 17.325059, "LONGITUD": -99.238709 }, "geometry": { "type": "Point", "coordinates": [ -99.238709, 17.325059 ] } },
{ "type": "Feature", "properties": { "NO": 1298, "ENTIDAD": "GUERRERO", "MUNICIPIO": "Quechultenango", "PUEBLO INDIGENA O AFROMEXICANO": "NAHUA", "LOCALIDAD": "TONALAPA", "CLAVE LOC": 120510038, "TIPO DE ASENTAMIENTO": "COMUNIDAD INDIGENA", "NOMBRE": "TONALAPA", "MONTO ASIGNADO (PESOS)": 960103, "LATITUD": 17.490528, "LONGITUD": -99.242062 }, "geometry": { "type": "Point", "coordinates": [ -99.242062, 17.490528 ] } },
{ "type": "Feature", "properties": { "NO": 1299, "ENTIDAD": "GUERRERO", "MUNICIPIO": "Quechultenango", "PUEBLO INDIGENA O AFROMEXICANO": "NAHUA", "LOCALIDAD": "XOCHITEPEC", "CLAVE LOC": 120510040, "TIPO DE ASENTAMIENTO": "COMUNIDAD INDIGENA", "NOMBRE": "XOCHITEPEC", "MONTO ASIGNADO (PESOS)": 1530583, "LATITUD": 17.182853, "LONGITUD": -99.227075 }, "geometry": { "type": "Point", "coordinates": [ -99.227075, 17.182853 ] } },
{ "type": "Feature", "properties": { "NO": 1300, "ENTIDAD": "GUERRERO", "MUNICIPIO": "Quechultenango", "PUEBLO INDIGENA O AFROMEXICANO": "NAHUA", "LOCALIDAD": "XOCHITLAN", "CLAVE LOC": 120510041, "TIPO DE ASENTAMIENTO": "COMUNIDAD INDIGENA", "NOMBRE": "XOCHITLÁN", "MONTO ASIGNADO (PESOS)": 354634, "LATITUD": 17.330259, "LONGITUD": -99.184099 }, "geometry": { "type": "Point", "coordinates": [ -99.184099, 17.330259 ] } },
{ "type": "Feature", "properties": { "NO": 1301, "ENTIDAD": "GUERRERO", "MUNICIPIO": "Quechultenango", "PUEBLO INDIGENA O AFROMEXICANO": "NAHUA", "LOCALIDAD": "ZACUALPAN", "CLAVE LOC": 120510073, "TIPO DE ASENTAMIENTO": "COMUNIDAD INDIGENA", "NOMBRE": "ZACUALPAN", "MONTO ASIGNADO (PESOS)": 329608, "LATITUD": 17.27115, "LONGITUD": -99.106272 }, "geometry": { "type": "Point", "coordinates": [ -99.106272, 17.27115 ] } },
{ "type": "Feature", "properties": { "NO": 1302, "ENTIDAD": "GUERRERO", "MUNICIPIO": "Quechultenango", "PUEBLO INDIGENA O AFROMEXICANO": "NAHUA", "LOCALIDAD": "ZALPIZACO", "CLAVE LOC": 120510042, "TIPO DE ASENTAMIENTO": "COMUNIDAD INDIGENA", "NOMBRE": "ZALPIZACO", "MONTO ASIGNADO (PESOS)": 175177, "LATITUD": 17.362063, "LONGITUD": -99.093176 }, "geometry": { "type": "Point", "coordinates": [ -99.093176, 17.362063 ] } },
{ "type": "Feature", "properties": { "NO": 1303, "ENTIDAD": "GUERRERO", "MUNICIPIO": "Quechultenango", "PUEBLO INDIGENA O AFROMEXICANO": "NAHUA", "LOCALIDAD": "ZINACANTLA", "CLAVE LOC": 120510043, "TIPO DE ASENTAMIENTO": "COMUNIDAD INDIGENA", "NOMBRE": "ZINACANTLA", "MONTO ASIGNADO (PESOS)": 225339, "LATITUD": 17.36448, "LONGITUD": -99.137884 }, "geometry": { "type": "Point", "coordinates": [ -99.137884, 17.36448 ] } },
{ "type": "Feature", "properties": { "NO": 1304, "ENTIDAD": "GUERRERO", "MUNICIPIO": "Quechultenango", "PUEBLO INDIGENA O AFROMEXICANO": "NAHUA", "LOCALIDAD": "ZOYAPEZCO", "CLAVE LOC": 120510044, "TIPO DE ASENTAMIENTO": "COMUNIDAD INDIGENA", "NOMBRE": "ZOYAPEZCO", "MONTO ASIGNADO (PESOS)": 502971, "LATITUD": 17.446796, "LONGITUD": -99.181735 }, "geometry": { "type": "Point", "coordinates": [ -99.181735, 17.446796 ] } },
{ "type": "Feature", "properties": { "NO": 1305, "ENTIDAD": "GUERRERO", "MUNICIPIO": "San Luis Acatlán", "PUEBLO INDIGENA O AFROMEXICANO": "MIXTECO", "LOCALIDAD": "ALTEPEC", "CLAVE LOC": 120520134, "TIPO DE ASENTAMIENTO": "COMUNIDAD INDIGENA", "NOMBRE": "ALTEPEC", "MONTO ASIGNADO (PESOS)": 459002, "LATITUD": 17.221392, "LONGITUD": -98.628394 }, "geometry": { "type": "Point", "coordinates": [ -98.628394, 17.221392 ] } },
{ "type": "Feature", "properties": { "NO": 1306, "ENTIDAD": "GUERRERO", "MUNICIPIO": "San Luis Acatlán", "PUEBLO INDIGENA O AFROMEXICANO": "MIXTECO", "LOCALIDAD": "ARROYOCUMIAPA", "CLAVE LOC": 120520003, "TIPO DE ASENTAMIENTO": "COMUNIDAD INDIGENA", "NOMBRE": "ARROYO CUMIAPA", "MONTO ASIGNADO (PESOS)": 1020545, "LATITUD": 16.87523, "LONGITUD": -98.615784 }, "geometry": { "type": "Point", "coordinates": [ -98.615784, 16.87523 ] } },
{ "type": "Feature", "properties": { "NO": 1307, "ENTIDAD": "GUERRERO", "MUNICIPIO": "San Luis Acatlán", "PUEBLO INDIGENA O AFROMEXICANO": "MIXTECO", "LOCALIDAD": "ARROYODELMANGO", "CLAVE LOC": 120520111, "TIPO DE ASENTAMIENTO": "COMUNIDAD INDIGENA", "NOMBRE": "ARROYO DEL MANGO", "MONTO ASIGNADO (PESOS)": 136146, "LATITUD": 16.959762, "LONGITUD": -98.607853 }, "geometry": { "type": "Point", "coordinates": [ -98.607853, 16.959762 ] } },
{ "type": "Feature", "properties": { "NO": 1308, "ENTIDAD": "GUERRERO", "MUNICIPIO": "San Luis Acatlán", "PUEBLO INDIGENA O AFROMEXICANO": "MIXTECO", "LOCALIDAD": "ARROYOFAISAN", "CLAVE LOC": 120520077, "TIPO DE ASENTAMIENTO": "LOCALIDAD CON POBLACION\nINDIGENA", "NOMBRE": "ARROYO FAISÁN", "MONTO ASIGNADO (PESOS)": 240414, "LATITUD": 16.975062, "LONGITUD": -98.537687 }, "geometry": { "type": "Point", "coordinates": [ -98.537687, 16.975062 ] } },
{ "type": "Feature", "properties": { "NO": 1309, "ENTIDAD": "GUERRERO", "MUNICIPIO": "San Luis Acatlán", "PUEBLO INDIGENA O AFROMEXICANO": "MIXTECO", "LOCALIDAD": "ARROYOHOJADEVENADO", "CLAVE LOC": 120520078, "TIPO DE ASENTAMIENTO": "COMUNIDAD INDIGENA", "NOMBRE": "ARROYO HOJA DE VENADO", "MONTO ASIGNADO (PESOS)": 266796, "LATITUD": 16.986518, "LONGITUD": -98.558638 }, "geometry": { "type": "Point", "coordinates": [ -98.558638, 16.986518 ] } },
{ "type": "Feature", "properties": { "NO": 1310, "ENTIDAD": "GUERRERO", "MUNICIPIO": "San Luis Acatlán", "PUEBLO INDIGENA O AFROMEXICANO": "MIXTECO", "LOCALIDAD": "ARROYOLIMON(ARROYOLIMA)", "CLAVE LOC": 120520087, "TIPO DE ASENTAMIENTO": "LOCALIDAD CON POBLACION\nINDIGENA", "NOMBRE": "ARROYO LIMÓN (ARROYO LIMA)", "MONTO ASIGNADO (PESOS)": 191421, "LATITUD": 16.979786, "LONGITUD": -98.549891 }, "geometry": { "type": "Point", "coordinates": [ -98.549891, 16.979786 ] } },
{ "type": "Feature", "properties": { "NO": 1311, "ENTIDAD": "GUERRERO", "MUNICIPIO": "San Luis Acatlán", "PUEBLO INDIGENA O AFROMEXICANO": "ME’PHAA\n(TLAPANECO)", "LOCALIDAD": "ARROYOMIXTECOLAPA(MIXTECOLAPA)", "CLAVE LOC": 120520004, "TIPO DE ASENTAMIENTO": "COMUNIDAD INDIGENA", "NOMBRE": "ARROYO MIXTECOLAPA (MIXTECOLAPA)", "MONTO ASIGNADO (PESOS)": 290773, "LATITUD": 17.027207, "LONGITUD": -98.862454 }, "geometry": { "type": "Point", "coordinates": [ -98.862454, 17.027207 ] } },
{ "type": "Feature", "properties": { "NO": 1312, "ENTIDAD": "GUERRERO", "MUNICIPIO": "San Luis Acatlán", "PUEBLO INDIGENA O AFROMEXICANO": "MIXTECO", "LOCALIDAD": "BARRIODEGUADALUPE", "CLAVE LOC": 120520106, "TIPO DE ASENTAMIENTO": "COMUNIDAD INDIGENA", "NOMBRE": "BARRIO DE GUADALUPE", "MONTO ASIGNADO (PESOS)": 810752, "LATITUD": 17.255043, "LONGITUD": -98.618036 }, "geometry": { "type": "Point", "coordinates": [ -98.618036, 17.255043 ] } },
{ "type": "Feature", "properties": { "NO": 1313, "ENTIDAD": "GUERRERO", "MUNICIPIO": "San Luis Acatlán", "PUEBLO INDIGENA O AFROMEXICANO": "MIXTECO", "LOCALIDAD": "BUENAVISTA", "CLAVE LOC": 120520006, "TIPO DE ASENTAMIENTO": "COMUNIDAD INDIGENA", "NOMBRE": "BUENA VISTA", "MONTO ASIGNADO (PESOS)": 2323276, "LATITUD": 16.962477, "LONGITUD": -98.579442 }, "geometry": { "type": "Point", "coordinates": [ -98.579442, 16.962477 ] } },
{ "type": "Feature", "properties": { "NO": 1314, "ENTIDAD": "GUERRERO", "MUNICIPIO": "San Luis Acatlán", "PUEBLO INDIGENA O AFROMEXICANO": "ME’PHAA\n(TLAPANECO)", "LOCALIDAD": "CAMALOTILLO(ELCAMALOTILLO)", "CLAVE LOC": 120520062, "TIPO DE ASENTAMIENTO": "COMUNIDAD INDIGENA", "NOMBRE": "CAMALOTILLO (EL CAMALOTILLO)", "MONTO ASIGNADO (PESOS)": 708995, "LATITUD": 16.885163, "LONGITUD": -98.669436 }, "geometry": { "type": "Point", "coordinates": [ -98.669436, 16.885163 ] } },
{ "type": "Feature", "properties": { "NO": 1315, "ENTIDAD": "GUERRERO", "MUNICIPIO": "San Luis Acatlán", "PUEBLO INDIGENA O AFROMEXICANO": "MIXTECO", "LOCALIDAD": "CERROCANTON", "CLAVE LOC": 120520101, "TIPO DE ASENTAMIENTO": "COMUNIDAD INDIGENA", "NOMBRE": "CERRO CANTÓN", "MONTO ASIGNADO (PESOS)": 187652, "LATITUD": 16.9687, "LONGITUD": -98.595247 }, "geometry": { "type": "Point", "coordinates": [ -98.595247, 16.9687 ] } },
{ "type": "Feature", "properties": { "NO": 1316, "ENTIDAD": "GUERRERO", "MUNICIPIO": "San Luis Acatlán", "PUEBLO INDIGENA O AFROMEXICANO": "ME’PHAA\n(TLAPANECO)", "LOCALIDAD": "CERROLIMON", "CLAVE LOC": 120520065, "TIPO DE ASENTAMIENTO": "LOCALIDAD CON POBLACION\nINDIGENA", "NOMBRE": "CERRO LIMÓN", "MONTO ASIGNADO (PESOS)": 319558, "LATITUD": 16.90581, "LONGITUD": -98.684126 }, "geometry": { "type": "Point", "coordinates": [ -98.684126, 16.90581 ] } },
{ "type": "Feature", "properties": { "NO": 1317, "ENTIDAD": "GUERRERO", "MUNICIPIO": "San Luis Acatlán", "PUEBLO INDIGENA O AFROMEXICANO": "MIXTECO", "LOCALIDAD": "CERROZAPOTE", "CLAVE LOC": 120520042, "TIPO DE ASENTAMIENTO": "COMUNIDAD INDIGENA", "NOMBRE": "CERRO ZAPOTE", "MONTO ASIGNADO (PESOS)": 158758, "LATITUD": 16.938179, "LONGITUD": -98.59253 }, "geometry": { "type": "Point", "coordinates": [ -98.59253, 16.938179 ] } },
{ "type": "Feature", "properties": { "NO": 1318, "ENTIDAD": "GUERRERO", "MUNICIPIO": "San Luis Acatlán", "PUEBLO INDIGENA O AFROMEXICANO": "MIXTECO", "LOCALIDAD": "COLONIALAGUADALUPE", "CLAVE LOC": 120520110, "TIPO DE ASENTAMIENTO": "LOCALIDAD CON POBLACION\nINDIGENA", "NOMBRE": "COLONIA LA GUADALUPE", "MONTO ASIGNADO (PESOS)": 241671, "LATITUD": 16.965124, "LONGITUD": -98.551839 }, "geometry": { "type": "Point", "coordinates": [ -98.551839, 16.965124 ] } },
{ "type": "Feature", "properties": { "NO": 1319, "ENTIDAD": "GUERRERO", "MUNICIPIO": "San Luis Acatlán", "PUEBLO INDIGENA O AFROMEXICANO": "ME’PHAA\n(TLAPANECO)", "LOCALIDAD": "COLONIARENOVACION", "CLAVE LOC": 120520161, "TIPO DE ASENTAMIENTO": "COMUNIDAD INDIGENA", "NOMBRE": "COLONIA RENOVACIÓN", "MONTO ASIGNADO (PESOS)": 156246, "LATITUD": 16.697089, "LONGITUD": -98.775883 }, "geometry": { "type": "Point", "coordinates": [ -98.775883, 16.697089 ] } },
{ "type": "Feature", "properties": { "NO": 1320, "ENTIDAD": "GUERRERO", "MUNICIPIO": "San Luis Acatlán", "PUEBLO INDIGENA O AFROMEXICANO": "ME’PHAA\n(TLAPANECO)", "LOCALIDAD": "COLONIASANMARCOSTUXTEPEC", "CLAVE LOC": 120520144, "TIPO DE ASENTAMIENTO": "LOCALIDAD CON POBLACION\nINDIGENA", "NOMBRE": "COLONIA SAN MARCOS TUXTEPEC", "MONTO ASIGNADO (PESOS)": 221571, "LATITUD": 16.963877, "LONGITUD": -98.683541 }, "geometry": { "type": "Point", "coordinates": [ -98.683541, 16.963877 ] } },
{ "type": "Feature", "properties": { "NO": 1321, "ENTIDAD": "GUERRERO", "MUNICIPIO": "San Luis Acatlán", "PUEBLO INDIGENA O AFROMEXICANO": "ME’PHAA\n(TLAPANECO)", "LOCALIDAD": "COLONIASANTACRUZELMESON", "CLAVE LOC": 120520151, "TIPO DE ASENTAMIENTO": "COMUNIDAD INDIGENA", "NOMBRE": "COLONIA SANTA CRUZ EL MESÓN", "MONTO ASIGNADO (PESOS)": 251721, "LATITUD": 17.060347, "LONGITUD": -98.809666 }, "geometry": { "type": "Point", "coordinates": [ -98.809666, 17.060347 ] } },
{ "type": "Feature", "properties": { "NO": 1322, "ENTIDAD": "GUERRERO", "MUNICIPIO": "San Luis Acatlán", "PUEBLO INDIGENA O AFROMEXICANO": "MIXTECO", "LOCALIDAD": "COYUL(COYULCHIQUITO)", "CLAVE LOC": 120520044, "TIPO DE ASENTAMIENTO": "COMUNIDAD INDIGENA", "NOMBRE": "COYUL (COYUL CHIQUITO)", "MONTO ASIGNADO (PESOS)": 266796, "LATITUD": 16.929906, "LONGITUD": -98.599969 }, "geometry": { "type": "Point", "coordinates": [ -98.599969, 16.929906 ] } },
{ "type": "Feature", "properties": { "NO": 1323, "ENTIDAD": "GUERRERO", "MUNICIPIO": "San Luis Acatlán", "PUEBLO INDIGENA O AFROMEXICANO": "MIXTECO", "LOCALIDAD": "CRUZALTA", "CLAVE LOC": 120520107, "TIPO DE ASENTAMIENTO": "COMUNIDAD INDIGENA", "NOMBRE": "CRUZ ALTA", "MONTO ASIGNADO (PESOS)": 602214, "LATITUD": 17.19447, "LONGITUD": -98.624826 }, "geometry": { "type": "Point", "coordinates": [ -98.624826, 17.19447 ] } },
{ "type": "Feature", "properties": { "NO": 1324, "ENTIDAD": "GUERRERO", "MUNICIPIO": "San Luis Acatlán", "PUEBLO INDIGENA O AFROMEXICANO": "MIXTECO", "LOCALIDAD": "CUANACAXTITLAN", "CLAVE LOC": 120520008, "TIPO DE ASENTAMIENTO": "COMUNIDAD INDIGENA", "NOMBRE": "CUANACAXTITLÁN", "MONTO ASIGNADO (PESOS)": 4200113, "LATITUD": 16.798608, "LONGITUD": -98.640258 }, "geometry": { "type": "Point", "coordinates": [ -98.640258, 16.798608 ] } },
{ "type": "Feature", "properties": { "NO": 1325, "ENTIDAD": "GUERRERO", "MUNICIPIO": "San Luis Acatlán", "PUEBLO INDIGENA O AFROMEXICANO": "MIXTECO", "LOCALIDAD": "ELCARMEN", "CLAVE LOC": 120520007, "TIPO DE ASENTAMIENTO": "COMUNIDAD INDIGENA", "NOMBRE": "EL CARMEN", "MONTO ASIGNADO (PESOS)": 855015, "LATITUD": 16.813033, "LONGITUD": -98.758438 }, "geometry": { "type": "Point", "coordinates": [ -98.758438, 16.813033 ] } },
{ "type": "Feature", "properties": { "NO": 1326, "ENTIDAD": "GUERRERO", "MUNICIPIO": "San Luis Acatlán", "PUEBLO INDIGENA O AFROMEXICANO": "ME’PHAA\n(TLAPANECO)", "LOCALIDAD": "ELLLANITO", "CLAVE LOC": 120520145, "TIPO DE ASENTAMIENTO": "LOCALIDAD CON POBLACION\nINDIGENA", "NOMBRE": "EL LLANITO", "MONTO ASIGNADO (PESOS)": 153733, "LATITUD": 16.939701, "LONGITUD": -98.637454 }, "geometry": { "type": "Point", "coordinates": [ -98.637454, 16.939701 ] } },
{ "type": "Feature", "properties": { "NO": 1327, "ENTIDAD": "GUERRERO", "MUNICIPIO": "San Luis Acatlán", "PUEBLO INDIGENA O AFROMEXICANO": "ME’PHAA\n(TLAPANECO)", "LOCALIDAD": "ELMAMEY(PLANDELMAMEY)", "CLAVE LOC": 120520093, "TIPO DE ASENTAMIENTO": "LOCALIDAD CON POBLACION\nINDIGENA", "NOMBRE": "EL MAMEY (PLAN DEL MAMEY)", "MONTO ASIGNADO (PESOS)": 188919, "LATITUD": 17.025337, "LONGITUD": -98.818448 }, "geometry": { "type": "Point", "coordinates": [ -98.818448, 17.025337 ] } },
{ "type": "Feature", "properties": { "NO": 1328, "ENTIDAD": "GUERRERO", "MUNICIPIO": "San Luis Acatlán", "PUEBLO INDIGENA O AFROMEXICANO": "MIXTECO", "LOCALIDAD": "ELMANGUITO", "CLAVE LOC": 120520095, "TIPO DE ASENTAMIENTO": "COMUNIDAD INDIGENA", "NOMBRE": "EL MANGUITO", "MONTO ASIGNADO (PESOS)": 422571, "LATITUD": 17.191394, "LONGITUD": -98.602384 }, "geometry": { "type": "Point", "coordinates": [ -98.602384, 17.191394 ] } },
{ "type": "Feature", "properties": { "NO": 1329, "ENTIDAD": "GUERRERO", "MUNICIPIO": "San Luis Acatlán", "PUEBLO INDIGENA O AFROMEXICANO": "ME’PHAA\n(TLAPANECO)", "LOCALIDAD": "ELMESON", "CLAVE LOC": 120520014, "TIPO DE ASENTAMIENTO": "COMUNIDAD INDIGENA", "NOMBRE": "EL MESÓN", "MONTO ASIGNADO (PESOS)": 167901, "LATITUD": 16.764673, "LONGITUD": -98.728437 }, "geometry": { "type": "Point", "coordinates": [ -98.728437, 16.764673 ] } },
{ "type": "Feature", "properties": { "NO": 1330, "ENTIDAD": "GUERRERO", "MUNICIPIO": "San Luis Acatlán", "PUEBLO INDIGENA O AFROMEXICANO": "MIXTECO", "LOCALIDAD": "ELMIRASOL", "CLAVE LOC": 120520156, "TIPO DE ASENTAMIENTO": "COMUNIDAD INDIGENA", "NOMBRE": "EL MIRASOL", "MONTO ASIGNADO (PESOS)": 313277, "LATITUD": 17.220717, "LONGITUD": -98.59895 }, "geometry": { "type": "Point", "coordinates": [ -98.59895, 17.220717 ] } },
{ "type": "Feature", "properties": { "NO": 1331, "ENTIDAD": "GUERRERO", "MUNICIPIO": "San Luis Acatlán", "PUEBLO INDIGENA O AFROMEXICANO": "ME’PHAA\n(TLAPANECO)", "LOCALIDAD": "ELPARAISO", "CLAVE LOC": 120520148, "TIPO DE ASENTAMIENTO": "COMUNIDAD INDIGENA", "NOMBRE": "EL PARAÍSO", "MONTO ASIGNADO (PESOS)": 281871, "LATITUD": 16.940583, "LONGITUD": -98.641474 }, "geometry": { "type": "Point", "coordinates": [ -98.641474, 16.940583 ] } },
{ "type": "Feature", "properties": { "NO": 1332, "ENTIDAD": "GUERRERO", "MUNICIPIO": "San Luis Acatlán", "PUEBLO INDIGENA O AFROMEXICANO": "MIXTECO", "LOCALIDAD": "HONDURATIGRE", "CLAVE LOC": 120520063, "TIPO DE ASENTAMIENTO": "COMUNIDAD INDIGENA", "NOMBRE": "HONDURA TIGRE", "MONTO ASIGNADO (PESOS)": 456489, "LATITUD": 16.964075, "LONGITUD": -98.633547 }, "geometry": { "type": "Point", "coordinates": [ -98.633547, 16.964075 ] } },
{ "type": "Feature", "properties": { "NO": 1333, "ENTIDAD": "GUERRERO", "MUNICIPIO": "San Luis Acatlán", "PUEBLO INDIGENA O AFROMEXICANO": "MIXTECO", "LOCALIDAD": "HORCASITAS(ATOTONILCODEHORCASITAS)", "CLAVE LOC": 120520010, "TIPO DE ASENTAMIENTO": "COMUNIDAD INDIGENA", "NOMBRE": "HORCASITAS (ATOTONILCO DE HORCASITAS)", "MONTO ASIGNADO (PESOS)": 2559451, "LATITUD": 16.887279, "LONGITUD": -98.746468 }, "geometry": { "type": "Point", "coordinates": [ -98.746468, 16.887279 ] } },
{ "type": "Feature", "properties": { "NO": 1334, "ENTIDAD": "GUERRERO", "MUNICIPIO": "San Luis Acatlán", "PUEBLO INDIGENA O AFROMEXICANO": "ME’PHAA\n(TLAPANECO)", "LOCALIDAD": "JICAMALTEPEC(ELMANGO)", "CLAVE LOC": 120520061, "TIPO DE ASENTAMIENTO": "LOCALIDAD CON POBLACION\nINDIGENA", "NOMBRE": "JICAMALTEPEC (EL MANGO)", "MONTO ASIGNADO (PESOS)": 358676, "LATITUD": 16.775368, "LONGITUD": -98.705584 }, "geometry": { "type": "Point", "coordinates": [ -98.705584, 16.775368 ] } },
{ "type": "Feature", "properties": { "NO": 1335, "ENTIDAD": "GUERRERO", "MUNICIPIO": "San Luis Acatlán", "PUEBLO INDIGENA O AFROMEXICANO": "MIXTECO", "LOCALIDAD": "JICAMALTEPECDELAMONTAÑA", "CLAVE LOC": 120520011, "TIPO DE ASENTAMIENTO": "COMUNIDAD INDIGENA", "NOMBRE": "JICAMALTEPEC DE LA MONTAÑA", "MONTO ASIGNADO (PESOS)": 681358, "LATITUD": 16.954454, "LONGITUD": -98.595927 }, "geometry": { "type": "Point", "coordinates": [ -98.595927, 16.954454 ] } },
{ "type": "Feature", "properties": { "NO": 1336, "ENTIDAD": "GUERRERO", "MUNICIPIO": "San Luis Acatlán", "PUEBLO INDIGENA O AFROMEXICANO": "MIXTECO", "LOCALIDAD": "LAPAROTA", "CLAVE LOC": 120520118, "TIPO DE ASENTAMIENTO": "COMUNIDAD INDIGENA", "NOMBRE": "LA PAROTA", "MONTO ASIGNADO (PESOS)": 521814, "LATITUD": 16.950337, "LONGITUD": -98.576551 }, "geometry": { "type": "Point", "coordinates": [ -98.576551, 16.950337 ] } },
{ "type": "Feature", "properties": { "NO": 1337, "ENTIDAD": "GUERRERO", "MUNICIPIO": "San Luis Acatlán", "PUEBLO INDIGENA O AFROMEXICANO": "MIXTECO", "LOCALIDAD": "LLANODEMAGUEY", "CLAVE LOC": 120520108, "TIPO DE ASENTAMIENTO": "COMUNIDAD INDIGENA", "NOMBRE": "LLANO DE MAGUEY", "MONTO ASIGNADO (PESOS)": 661258, "LATITUD": 17.223515, "LONGITUD": -98.60662 }, "geometry": { "type": "Point", "coordinates": [ -98.60662, 17.223515 ] } },
{ "type": "Feature", "properties": { "NO": 1338, "ENTIDAD": "GUERRERO", "MUNICIPIO": "San Luis Acatlán", "PUEBLO INDIGENA O AFROMEXICANO": "MIXTECO", "LOCALIDAD": "LLANOGUAJE", "CLAVE LOC": 120520033, "TIPO DE ASENTAMIENTO": "COMUNIDAD INDIGENA", "NOMBRE": "LLANO GUAJE", "MONTO ASIGNADO (PESOS)": 143683, "LATITUD": 16.981021, "LONGITUD": -98.568474 }, "geometry": { "type": "Point", "coordinates": [ -98.568474, 16.981021 ] } },
{ "type": "Feature", "properties": { "NO": 1339, "ENTIDAD": "GUERRERO", "MUNICIPIO": "San Luis Acatlán", "PUEBLO INDIGENA O AFROMEXICANO": "MIXTECO", "LOCALIDAD": "LLANOSILLETA", "CLAVE LOC": 120520043, "TIPO DE ASENTAMIENTO": "COMUNIDAD INDIGENA", "NOMBRE": "LLANO SILLETA", "MONTO ASIGNADO (PESOS)": 324583, "LATITUD": 16.93815, "LONGITUD": -98.612598 }, "geometry": { "type": "Point", "coordinates": [ -98.612598, 16.93815 ] } },
{ "type": "Feature", "properties": { "NO": 1340, "ENTIDAD": "GUERRERO", "MUNICIPIO": "San Luis Acatlán", "PUEBLO INDIGENA O AFROMEXICANO": "ME’PHAA\n(TLAPANECO)", "LOCALIDAD": "LOSPINOS", "CLAVE LOC": 120520150, "TIPO DE ASENTAMIENTO": "LOCALIDAD CON POBLACION\nINDIGENA", "NOMBRE": "LOS PINOS", "MONTO ASIGNADO (PESOS)": 303227, "LATITUD": 16.95839, "LONGITUD": -98.699624 }, "geometry": { "type": "Point", "coordinates": [ -98.699624, 16.95839 ] } },
{ "type": "Feature", "properties": { "NO": 1341, "ENTIDAD": "GUERRERO", "MUNICIPIO": "San Luis Acatlán", "PUEBLO INDIGENA O AFROMEXICANO": "MIXTECO", "LOCALIDAD": "MIXTECAPA", "CLAVE LOC": 120520096, "TIPO DE ASENTAMIENTO": "COMUNIDAD INDIGENA", "NOMBRE": "MIXTECAPA", "MONTO ASIGNADO (PESOS)": 1437620, "LATITUD": 17.236924, "LONGITUD": -98.627263 }, "geometry": { "type": "Point", "coordinates": [ -98.627263, 17.236924 ] } },
{ "type": "Feature", "properties": { "NO": 1342, "ENTIDAD": "GUERRERO", "MUNICIPIO": "San Luis Acatlán", "PUEBLO INDIGENA O AFROMEXICANO": "ME’PHAA\n(TLAPANECO)", "LOCALIDAD": "NEJAPA", "CLAVE LOC": 120520069, "TIPO DE ASENTAMIENTO": "COMUNIDAD INDIGENA", "NOMBRE": "NEJAPA", "MONTO ASIGNADO (PESOS)": 244183, "LATITUD": 16.845012, "LONGITUD": -98.706137 }, "geometry": { "type": "Point", "coordinates": [ -98.706137, 16.845012 ] } },
{ "type": "Feature", "properties": { "NO": 1343, "ENTIDAD": "GUERRERO", "MUNICIPIO": "San Luis Acatlán", "PUEBLO INDIGENA O AFROMEXICANO": "ME’PHAA\n(TLAPANECO)", "LOCALIDAD": "PAJARITOCHIQUITO", "CLAVE LOC": 120520038, "TIPO DE ASENTAMIENTO": "LOCALIDAD CON POBLACION\nINDIGENA", "NOMBRE": "PAJARITO CHIQUITO", "MONTO ASIGNADO (PESOS)": 241671, "LATITUD": 16.940435, "LONGITUD": -98.648824 }, "geometry": { "type": "Point", "coordinates": [ -98.648824, 16.940435 ] } },
{ "type": "Feature", "properties": { "NO": 1344, "ENTIDAD": "GUERRERO", "MUNICIPIO": "San Luis Acatlán", "PUEBLO INDIGENA O AFROMEXICANO": "ME’PHAA\n(TLAPANECO)", "LOCALIDAD": "PAJARITOGRANDE(PAJAROGRANDE)", "CLAVE LOC": 120520040, "TIPO DE ASENTAMIENTO": "COMUNIDAD INDIGENA", "NOMBRE": "PAJARITO GRANDE (PÁJARO GRANDE)", "MONTO ASIGNADO (PESOS)": 349708, "LATITUD": 16.927316, "LONGITUD": -98.622951 }, "geometry": { "type": "Point", "coordinates": [ -98.622951, 16.927316 ] } },
{ "type": "Feature", "properties": { "NO": 1345, "ENTIDAD": "GUERRERO", "MUNICIPIO": "San Luis Acatlán", "PUEBLO INDIGENA O AFROMEXICANO": "ME’PHAA\n(TLAPANECO)", "LOCALIDAD": "PARAJEOCOTEROSANTACRUZ(PARAJESANTA CRUZ)", "CLAVE LOC": 120520089, "TIPO DE ASENTAMIENTO": "COMUNIDAD INDIGENA", "NOMBRE": "PARAJE OCOTERO SANTA CRUZ (PARAJE SANTA CRUZ)", "MONTO ASIGNADO (PESOS)": 266796, "LATITUD": 16.913976, "LONGITUD": -98.721412 }, "geometry": { "type": "Point", "coordinates": [ -98.721412, 16.913976 ] } },
{ "type": "Feature", "properties": { "NO": 1346, "ENTIDAD": "GUERRERO", "MUNICIPIO": "San Luis Acatlán", "PUEBLO INDIGENA O AFROMEXICANO": "ME’PHAA\n(TLAPANECO)", "LOCALIDAD": "PASCALADELORO", "CLAVE LOC": 120520017, "TIPO DE ASENTAMIENTO": "COMUNIDAD INDIGENA", "NOMBRE": "PASCALA DEL ORO", "MONTO ASIGNADO (PESOS)": 1092675, "LATITUD": 17.054789, "LONGITUD": -98.809749 }, "geometry": { "type": "Point", "coordinates": [ -98.809749, 17.054789 ] } },
{ "type": "Feature", "properties": { "NO": 1347, "ENTIDAD": "GUERRERO", "MUNICIPIO": "San Luis Acatlán", "PUEBLO INDIGENA O AFROMEXICANO": "MIXTECO", "LOCALIDAD": "PIEDETIERRABLANCA(TIERRABLANCA)", "CLAVE LOC": 120520117, "TIPO DE ASENTAMIENTO": "COMUNIDAD INDIGENA", "NOMBRE": "PIE DE TIERRA BLANCA (TIERRA BLANCA)", "MONTO ASIGNADO (PESOS)": 788139, "LATITUD": 17.248336, "LONGITUD": -98.608226 }, "geometry": { "type": "Point", "coordinates": [ -98.608226, 17.248336 ] } },
{ "type": "Feature", "properties": { "NO": 1348, "ENTIDAD": "GUERRERO", "MUNICIPIO": "San Luis Acatlán", "PUEBLO INDIGENA O AFROMEXICANO": "MIXTECO", "LOCALIDAD": "PLANDEIGUALA", "CLAVE LOC": 120520160, "TIPO DE ASENTAMIENTO": "COMUNIDAD INDIGENA", "NOMBRE": "PLAN DE IGUALA", "MONTO ASIGNADO (PESOS)": 683871, "LATITUD": 16.957207, "LONGITUD": -98.583624 }, "geometry": { "type": "Point", "coordinates": [ -98.583624, 16.957207 ] } },
{ "type": "Feature", "properties": { "NO": 1349, "ENTIDAD": "GUERRERO", "MUNICIPIO": "San Luis Acatlán", "PUEBLO INDIGENA O AFROMEXICANO": "ME’PHAA\n(TLAPANECO)", "LOCALIDAD": "POTRERILLOCOAPINOLE", "CLAVE LOC": 120520020, "TIPO DE ASENTAMIENTO": "COMUNIDAD INDIGENA", "NOMBRE": "POTRERILLO COAPINOLE", "MONTO ASIGNADO (PESOS)": 891152, "LATITUD": 16.966119, "LONGITUD": -98.705977 }, "geometry": { "type": "Point", "coordinates": [ -98.705977, 16.966119 ] } },
{ "type": "Feature", "properties": { "NO": 1350, "ENTIDAD": "GUERRERO", "MUNICIPIO": "San Luis Acatlán", "PUEBLO INDIGENA O AFROMEXICANO": "ME’PHAA\n(TLAPANECO)", "LOCALIDAD": "PUEBLOHIDALGO", "CLAVE LOC": 120520009, "TIPO DE ASENTAMIENTO": "COMUNIDAD INDIGENA", "NOMBRE": "PUEBLO HIDALGO", "MONTO ASIGNADO (PESOS)": 3038418, "LATITUD": 16.952725, "LONGITUD": -98.656882 }, "geometry": { "type": "Point", "coordinates": [ -98.656882, 16.952725 ] } },
{ "type": "Feature", "properties": { "NO": 1351, "ENTIDAD": "GUERRERO", "MUNICIPIO": "San Luis Acatlán", "PUEBLO INDIGENA O AFROMEXICANO": "ME’PHAA\n(TLAPANECO)", "LOCALIDAD": "RENACIMIENTO", "CLAVE LOC": 120520149, "TIPO DE ASENTAMIENTO": "COMUNIDAD INDIGENA", "NOMBRE": "RENACIMIENTO", "MONTO ASIGNADO (PESOS)": 267331, "LATITUD": 16.862554, "LONGITUD": -98.725538 }, "geometry": { "type": "Point", "coordinates": [ -98.725538, 16.862554 ] } },
{ "type": "Feature", "properties": { "NO": 1352, "ENTIDAD": "GUERRERO", "MUNICIPIO": "San Luis Acatlán", "PUEBLO INDIGENA O AFROMEXICANO": "MIXTECO", "LOCALIDAD": "RIOIGUAPA", "CLAVE LOC": 120520022, "TIPO DE ASENTAMIENTO": "COMUNIDAD INDIGENA", "NOMBRE": "RÍO IGUAPA", "MONTO ASIGNADO (PESOS)": 1447670, "LATITUD": 16.971758, "LONGITUD": -98.557419 }, "geometry": { "type": "Point", "coordinates": [ -98.557419, 16.971758 ] } },
{ "type": "Feature", "properties": { "NO": 1353, "ENTIDAD": "GUERRERO", "MUNICIPIO": "San Luis Acatlán", "PUEBLO INDIGENA O AFROMEXICANO": "MIXTECO", "LOCALIDAD": "SANANTONIO", "CLAVE LOC": 120520159, "TIPO DE ASENTAMIENTO": "COMUNIDAD INDIGENA", "NOMBRE": "SAN ANTONIO", "MONTO ASIGNADO (PESOS)": 275589, "LATITUD": 16.964472, "LONGITUD": -98.586397 }, "geometry": { "type": "Point", "coordinates": [ -98.586397, 16.964472 ] } },
{ "type": "Feature", "properties": { "NO": 1354, "ENTIDAD": "GUERRERO", "MUNICIPIO": "San Luis Acatlán", "PUEBLO INDIGENA O AFROMEXICANO": "ME’PHAA\n(TLAPANECO)", "LOCALIDAD": "SANMIGUELRE'EDI", "CLAVE LOC": 120520119, "TIPO DE ASENTAMIENTO": "COMUNIDAD INDIGENA", "NOMBRE": "SAN MIGUEL RE'EDÍ", "MONTO ASIGNADO (PESOS)": 215289, "LATITUD": 16.990209, "LONGITUD": -98.672275 }, "geometry": { "type": "Point", "coordinates": [ -98.672275, 16.990209 ] } },
{ "type": "Feature", "properties": { "NO": 1355, "ENTIDAD": "GUERRERO", "MUNICIPIO": "San Luis Acatlán", "PUEBLO INDIGENA O AFROMEXICANO": "MIXTECO", "LOCALIDAD": "TECOMAZUCHE(PIEDELAHAMACA)", "CLAVE LOC": 120520099, "TIPO DE ASENTAMIENTO": "COMUNIDAD INDIGENA", "NOMBRE": "TECOMAZUCHE (PIE DE LA HAMACA)", "MONTO ASIGNADO (PESOS)": 109764, "LATITUD": 16.965566, "LONGITUD": -98.558223 }, "geometry": { "type": "Point", "coordinates": [ -98.558223, 16.965566 ] } },
{ "type": "Feature", "properties": { "NO": 1356, "ENTIDAD": "GUERRERO", "MUNICIPIO": "San Luis Acatlán", "PUEBLO INDIGENA O AFROMEXICANO": "MIXTECO", "LOCALIDAD": "TIERRACOLORADA", "CLAVE LOC": 120520115, "TIPO DE ASENTAMIENTO": "LOCALIDAD CON POBLACION\nINDIGENA", "NOMBRE": "TIERRA COLORADA", "MONTO ASIGNADO (PESOS)": 369808, "LATITUD": 17.250299, "LONGITUD": -98.625851 }, "geometry": { "type": "Point", "coordinates": [ -98.625851, 17.250299 ] } },
{ "type": "Feature", "properties": { "NO": 1357, "ENTIDAD": "GUERRERO", "MUNICIPIO": "San Luis Acatlán", "PUEBLO INDIGENA O AFROMEXICANO": "ME’PHAA\n(TLAPANECO)", "LOCALIDAD": "TUXTEPEC(COFRADIA)", "CLAVE LOC": 120520037, "TIPO DE ASENTAMIENTO": "COMUNIDAD INDIGENA", "NOMBRE": "TUXTEPEC (COFRADÍA)", "MONTO ASIGNADO (PESOS)": 1146170, "LATITUD": 16.970164, "LONGITUD": -98.681545 }, "geometry": { "type": "Point", "coordinates": [ -98.681545, 16.970164 ] } },
{ "type": "Feature", "properties": { "NO": 1358, "ENTIDAD": "GUERRERO", "MUNICIPIO": "San Luis Acatlán", "PUEBLO INDIGENA O AFROMEXICANO": "ME’PHAA\n(TLAPANECO)", "LOCALIDAD": "XIHUITEPEC", "CLAVE LOC": 120520039, "TIPO DE ASENTAMIENTO": "COMUNIDAD INDIGENA", "NOMBRE": "XIHUITEPEC", "MONTO ASIGNADO (PESOS)": 206496, "LATITUD": 16.916434, "LONGITUD": -98.668613 }, "geometry": { "type": "Point", "coordinates": [ -98.668613, 16.916434 ] } },
{ "type": "Feature", "properties": { "NO": 1359, "ENTIDAD": "GUERRERO", "MUNICIPIO": "San Luis Acatlán", "PUEBLO INDIGENA O AFROMEXICANO": "MIXTECO", "LOCALIDAD": "YOLOXOCHITL", "CLAVE LOC": 120520026, "TIPO DE ASENTAMIENTO": "COMUNIDAD INDIGENA", "NOMBRE": "YOLOXÓCHITL", "MONTO ASIGNADO (PESOS)": 4686282, "LATITUD": 16.81609, "LONGITUD": -98.686393 }, "geometry": { "type": "Point", "coordinates": [ -98.686393, 16.81609 ] } },
{ "type": "Feature", "properties": { "NO": 1360, "ENTIDAD": "GUERRERO", "MUNICIPIO": "San Luis Acatlán", "PUEBLO INDIGENA O AFROMEXICANO": "MIXTECO", "LOCALIDAD": "ZENTIXTLAHUACA", "CLAVE LOC": 120520024, "TIPO DE ASENTAMIENTO": "COMUNIDAD INDIGENA", "NOMBRE": "ZENTIXTLAHUACA", "MONTO ASIGNADO (PESOS)": 378602, "LATITUD": 16.787065, "LONGITUD": -98.689526 }, "geometry": { "type": "Point", "coordinates": [ -98.689526, 16.787065 ] } },
{ "type": "Feature", "properties": { "NO": 1361, "ENTIDAD": "GUERRERO", "MUNICIPIO": "San Luis Acatlán", "PUEBLO INDIGENA O AFROMEXICANO": "MIXTECO", "LOCALIDAD": "(SINNOMBRE)", "CLAVE LOC": 120521205, "TIPO DE ASENTAMIENTO": "COMUNIDAD INDIGENA", "NOMBRE": "ZENTIXTLAHUACA", "MONTO ASIGNADO (PESOS)": 84639, "LATITUD": 16.787065, "LONGITUD": -98.689526 }, "geometry": { "type": "Point", "coordinates": [ -98.689526, 16.787065 ] } },
{ "type": "Feature", "properties": { "NO": 1362, "ENTIDAD": "GUERRERO", "MUNICIPIO": "San Luis Acatlán", "PUEBLO INDIGENA O AFROMEXICANO": "MIXTECO", "LOCALIDAD": "(SINNOMBRE)", "CLAVE LOC": 120520000, "TIPO DE ASENTAMIENTO": "COMUNIDAD INDIGENA", "NOMBRE": "ELMESÓNDELSUR", "MONTO ASIGNADO (PESOS)": 84639, "LATITUD": 17.360791, "LONGITUD": -98.973365 }, "geometry": { "type": "Point", "coordinates": [ -98.973365, 17.360791 ] } },
{ "type": "Feature", "properties": { "NO": 1363, "ENTIDAD": "GUERRERO", "MUNICIPIO": "San Marcos", "PUEBLO INDIGENA O AFROMEXICANO": "AFROMEXICANO", "LOCALIDAD": "AMAZQUITE", "CLAVE LOC": 120530076, "TIPO DE ASENTAMIENTO": "COMUNIDAD AFROMEXICANA", "NOMBRE": "AMAZQUITE", "MONTO ASIGNADO (PESOS)": 193769, "LATITUD": 16.678278, "LONGITUD": -99.391313 }, "geometry": { "type": "Point", "coordinates": [ -99.391313, 16.678278 ] } },
{ "type": "Feature", "properties": { "NO": 1364, "ENTIDAD": "GUERRERO", "MUNICIPIO": "San Marcos", "PUEBLO INDIGENA O AFROMEXICANO": "AFROMEXICANO", "LOCALIDAD": "ANAHUAC", "CLAVE LOC": 120530007, "TIPO DE ASENTAMIENTO": "COMUNIDAD AFROMEXICANA", "NOMBRE": "ANÁHUAC", "MONTO ASIGNADO (PESOS)": 469423, "LATITUD": 16.893061, "LONGITUD": -99.417909 }, "geometry": { "type": "Point", "coordinates": [ -99.417909, 16.893061 ] } },
{ "type": "Feature", "properties": { "NO": 1365, "ENTIDAD": "GUERRERO", "MUNICIPIO": "San Marcos", "PUEBLO INDIGENA O AFROMEXICANO": "AFROMEXICANO", "LOCALIDAD": "BARRANQUILLA(LAPULGA)", "CLAVE LOC": 120530087, "TIPO DE ASENTAMIENTO": "COMUNIDAD AFROMEXICANA", "NOMBRE": "BARRANQUILLA (LA PULGA)", "MONTO ASIGNADO (PESOS)": 256014, "LATITUD": 16.774192, "LONGITUD": -99.440605 }, "geometry": { "type": "Point", "coordinates": [ -99.440605, 16.774192 ] } },
{ "type": "Feature", "properties": { "NO": 1366, "ENTIDAD": "GUERRERO", "MUNICIPIO": "San Marcos", "PUEBLO INDIGENA O AFROMEXICANO": "AFROMEXICANO", "LOCALIDAD": "BARRIONUEVO(TOROPANDO)", "CLAVE LOC": 120530012, "TIPO DE ASENTAMIENTO": "COMUNIDAD AFROMEXICANA", "NOMBRE": "BARRIO NUEVO (TORO PANDO)", "MONTO ASIGNADO (PESOS)": 180114, "LATITUD": 16.740179, "LONGITUD": -99.351062 }, "geometry": { "type": "Point", "coordinates": [ -99.351062, 16.740179 ] } },
{ "type": "Feature", "properties": { "NO": 1367, "ENTIDAD": "GUERRERO", "MUNICIPIO": "San Marcos", "PUEBLO INDIGENA O AFROMEXICANO": "AFROMEXICANO", "LOCALIDAD": "BELLAVISTA", "CLAVE LOC": 120530013, "TIPO DE ASENTAMIENTO": "COMUNIDAD AFROMEXICANA", "NOMBRE": "BELLA VISTA", "MONTO ASIGNADO (PESOS)": 214787, "LATITUD": 16.804955, "LONGITUD": -99.502959 }, "geometry": { "type": "Point", "coordinates": [ -99.502959, 16.804955 ] } },
{ "type": "Feature", "properties": { "NO": 1368, "ENTIDAD": "GUERRERO", "MUNICIPIO": "San Marcos", "PUEBLO INDIGENA O AFROMEXICANO": "AFROMEXICANO", "LOCALIDAD": "CARIDAD", "CLAVE LOC": 120530016, "TIPO DE ASENTAMIENTO": "COMUNIDAD AFROMEXICANA", "NOMBRE": "CARIDAD", "MONTO ASIGNADO (PESOS)": 325533, "LATITUD": 16.747795, "LONGITUD": -99.297231 }, "geometry": { "type": "Point", "coordinates": [ -99.297231, 16.747795 ] } },
{ "type": "Feature", "properties": { "NO": 1369, "ENTIDAD": "GUERRERO", "MUNICIPIO": "San Marcos", "PUEBLO INDIGENA O AFROMEXICANO": "AFROMEXICANO", "LOCALIDAD": "COLONIAANAHUAC", "CLAVE LOC": 120530006, "TIPO DE ASENTAMIENTO": "COMUNIDAD AFROMEXICANA", "NOMBRE": "COLONIA ANÁHUAC", "MONTO ASIGNADO (PESOS)": 373227, "LATITUD": 16.899463, "LONGITUD": -99.420149 }, "geometry": { "type": "Point", "coordinates": [ -99.420149, 16.899463 ] } },
{ "type": "Feature", "properties": { "NO": 1370, "ENTIDAD": "GUERRERO", "MUNICIPIO": "San Marcos", "PUEBLO INDIGENA O AFROMEXICANO": "AFROMEXICANO", "LOCALIDAD": "ELCACAO", "CLAVE LOC": 120530015, "TIPO DE ASENTAMIENTO": "COMUNIDAD AFROMEXICANA", "NOMBRE": "EL CACAO", "MONTO ASIGNADO (PESOS)": 133142, "LATITUD": 16.755279, "LONGITUD": -99.594899 }, "geometry": { "type": "Point", "coordinates": [ -99.594899, 16.755279 ] } },
{ "type": "Feature", "properties": { "NO": 1371, "ENTIDAD": "GUERRERO", "MUNICIPIO": "San Marcos", "PUEBLO INDIGENA O AFROMEXICANO": "AFROMEXICANO", "LOCALIDAD": "ELCARMEN", "CLAVE LOC": 120530017, "TIPO DE ASENTAMIENTO": "COMUNIDAD AFROMEXICANA", "NOMBRE": "EL CARMEN", "MONTO ASIGNADO (PESOS)": 173560, "LATITUD": 16.781051, "LONGITUD": -99.472127 }, "geometry": { "type": "Point", "coordinates": [ -99.472127, 16.781051 ] } },
{ "type": "Feature", "properties": { "NO": 1372, "ENTIDAD": "GUERRERO", "MUNICIPIO": "San Marcos", "PUEBLO INDIGENA O AFROMEXICANO": "AFROMEXICANO", "LOCALIDAD": "ELCERROPESQUERIA", "CLAVE LOC": 120530018, "TIPO DE ASENTAMIENTO": "COMUNIDAD AFROMEXICANA", "NOMBRE": "EL CERRO PESQUERÍA", "MONTO ASIGNADO (PESOS)": 174368, "LATITUD": 16.698129, "LONGITUD": -99.308909 }, "geometry": { "type": "Point", "coordinates": [ -99.308909, 16.698129 ] } },
{ "type": "Feature", "properties": { "NO": 1373, "ENTIDAD": "GUERRERO", "MUNICIPIO": "San Marcos", "PUEBLO INDIGENA O AFROMEXICANO": "AFROMEXICANO", "LOCALIDAD": "ELCHAMIZAL", "CLAVE LOC": 120530072, "TIPO DE ASENTAMIENTO": "COMUNIDAD AFROMEXICANA", "NOMBRE": "EL CHAMIZAL", "MONTO ASIGNADO (PESOS)": 178410, "LATITUD": 17.013083, "LONGITUD": -99.591452 }, "geometry": { "type": "Point", "coordinates": [ -99.591452, 17.013083 ] } },
{ "type": "Feature", "properties": { "NO": 1374, "ENTIDAD": "GUERRERO", "MUNICIPIO": "San Marcos", "PUEBLO INDIGENA O AFROMEXICANO": "AFROMEXICANO", "LOCALIDAD": "ELCUCO", "CLAVE LOC": 120530022, "TIPO DE ASENTAMIENTO": "COMUNIDAD AFROMEXICANA", "NOMBRE": "EL CUCO", "MONTO ASIGNADO (PESOS)": 538146, "LATITUD": 16.833585, "LONGITUD": -99.373571 }, "geometry": { "type": "Point", "coordinates": [ -99.373571, 16.833585 ] } },
{ "type": "Feature", "properties": { "NO": 1375, "ENTIDAD": "GUERRERO", "MUNICIPIO": "San Marcos", "PUEBLO INDIGENA O AFROMEXICANO": "AFROMEXICANO", "LOCALIDAD": "ELGUAYABO", "CLAVE LOC": 120530028, "TIPO DE ASENTAMIENTO": "COMUNIDAD AFROMEXICANA", "NOMBRE": "EL GUAYABO", "MONTO ASIGNADO (PESOS)": 416879, "LATITUD": 16.961832, "LONGITUD": -99.464871 }, "geometry": { "type": "Point", "coordinates": [ -99.464871, 16.961832 ] } },
{ "type": "Feature", "properties": { "NO": 1376, "ENTIDAD": "GUERRERO", "MUNICIPIO": "San Marcos", "PUEBLO INDIGENA O AFROMEXICANO": "AFROMEXICANO", "LOCALIDAD": "ELMAGUEY", "CLAVE LOC": 120530037, "TIPO DE ASENTAMIENTO": "COMUNIDAD AFROMEXICANA", "NOMBRE": "EL MAGUEY", "MONTO ASIGNADO (PESOS)": 118591, "LATITUD": 16.777509, "LONGITUD": -99.450093 }, "geometry": { "type": "Point", "coordinates": [ -99.450093, 16.777509 ] } },
{ "type": "Feature", "properties": { "NO": 1377, "ENTIDAD": "GUERRERO", "MUNICIPIO": "San Marcos", "PUEBLO INDIGENA O AFROMEXICANO": "AFROMEXICANO", "LOCALIDAD": "ELTAMARINDO", "CLAVE LOC": 120530062, "TIPO DE ASENTAMIENTO": "COMUNIDAD AFROMEXICANA", "NOMBRE": "EL TAMARINDO", "MONTO ASIGNADO (PESOS)": 1044414, "LATITUD": 16.849204, "LONGITUD": -99.51493 }, "geometry": { "type": "Point", "coordinates": [ -99.51493, 16.849204 ] } },
{ "type": "Feature", "properties": { "NO": 1378, "ENTIDAD": "GUERRERO", "MUNICIPIO": "San Marcos", "PUEBLO INDIGENA O AFROMEXICANO": "AFROMEXICANO", "LOCALIDAD": "ELTEJORUCO(LAHORQUETA)", "CLAVE LOC": 120530107, "TIPO DE ASENTAMIENTO": "COMUNIDAD AFROMEXICANA", "NOMBRE": "EL TEJORUCO (LA HORQUETA)", "MONTO ASIGNADO (PESOS)": 454064, "LATITUD": 16.755013, "LONGITUD": -99.576995 }, "geometry": { "type": "Point", "coordinates": [ -99.576995, 16.755013 ] } },
{ "type": "Feature", "properties": { "NO": 1379, "ENTIDAD": "GUERRERO", "MUNICIPIO": "San Marcos", "PUEBLO INDIGENA O AFROMEXICANO": "AFROMEXICANO", "LOCALIDAD": "JIMENEZ", "CLAVE LOC": 120530029, "TIPO DE ASENTAMIENTO": "COMUNIDAD AFROMEXICANA", "NOMBRE": "JIMÉNEZ", "MONTO ASIGNADO (PESOS)": 445183, "LATITUD": 16.83803, "LONGITUD": -99.442172 }, "geometry": { "type": "Point", "coordinates": [ -99.442172, 16.83803 ] } },
{ "type": "Feature", "properties": { "NO": 1380, "ENTIDAD": "GUERRERO", "MUNICIPIO": "San Marcos", "PUEBLO INDIGENA O AFROMEXICANO": "AFROMEXICANO", "LOCALIDAD": "LABARRERA", "CLAVE LOC": 120530086, "TIPO DE ASENTAMIENTO": "COMUNIDAD AFROMEXICANA", "NOMBRE": "LA BARRERA", "MONTO ASIGNADO (PESOS)": 119814, "LATITUD": 16.731919, "LONGITUD": -99.595183 }, "geometry": { "type": "Point", "coordinates": [ -99.595183, 16.731919 ] } },
{ "type": "Feature", "properties": { "NO": 1381, "ENTIDAD": "GUERRERO", "MUNICIPIO": "San Marcos", "PUEBLO INDIGENA O AFROMEXICANO": "AFROMEXICANO", "LOCALIDAD": "LAESTANCIA", "CLAVE LOC": 120530025, "TIPO DE ASENTAMIENTO": "COMUNIDAD AFROMEXICANA", "NOMBRE": "LA ESTANCIA", "MONTO ASIGNADO (PESOS)": 187302, "LATITUD": 16.770845, "LONGITUD": -99.459943 }, "geometry": { "type": "Point", "coordinates": [ -99.459943, 16.770845 ] } },
{ "type": "Feature", "properties": { "NO": 1382, "ENTIDAD": "GUERRERO", "MUNICIPIO": "San Marcos", "PUEBLO INDIGENA O AFROMEXICANO": "AFROMEXICANO", "LOCALIDAD": "LAGUNILLA", "CLAVE LOC": 120530090, "TIPO DE ASENTAMIENTO": "COMUNIDAD AFROMEXICANA", "NOMBRE": "LAGUNILLA", "MONTO ASIGNADO (PESOS)": 297240, "LATITUD": 16.776744, "LONGITUD": -99.425431 }, "geometry": { "type": "Point", "coordinates": [ -99.425431, 16.776744 ] } },
{ "type": "Feature", "properties": { "NO": 1383, "ENTIDAD": "GUERRERO", "MUNICIPIO": "San Marcos", "PUEBLO INDIGENA O AFROMEXICANO": "AFROMEXICANO", "LOCALIDAD": "LASCRUCES", "CLAVE LOC": 120530021, "TIPO DE ASENTAMIENTO": "COMUNIDAD AFROMEXICANA", "NOMBRE": "LAS CRUCES", "MONTO ASIGNADO (PESOS)": 1467758, "LATITUD": 16.970761, "LONGITUD": -99.446018 }, "geometry": { "type": "Point", "coordinates": [ -99.446018, 16.970761 ] } },
{ "type": "Feature", "properties": { "NO": 1384, "ENTIDAD": "GUERRERO", "MUNICIPIO": "San Marcos", "PUEBLO INDIGENA O AFROMEXICANO": "AFROMEXICANO", "LOCALIDAD": "LASMESAS", "CLAVE LOC": 120530039, "TIPO DE ASENTAMIENTO": "COMUNIDAD AFROMEXICANA", "NOMBRE": "LAS MESAS", "MONTO ASIGNADO (PESOS)": 94340, "LATITUD": 17.007375, "LONGITUD": -99.457227 }, "geometry": { "type": "Point", "coordinates": [ -99.457227, 17.007375 ] } },
{ "type": "Feature", "properties": { "NO": 1385, "ENTIDAD": "GUERRERO", "MUNICIPIO": "San Marcos", "PUEBLO INDIGENA O AFROMEXICANO": "AFROMEXICANO", "LOCALIDAD": "LLANODELAPUERTA", "CLAVE LOC": 120530035, "TIPO DE ASENTAMIENTO": "COMUNIDAD AFROMEXICANA", "NOMBRE": "LLANO DE LA PUERTA", "MONTO ASIGNADO (PESOS)": 1104800, "LATITUD": 16.743598, "LONGITUD": -99.52691 }, "geometry": { "type": "Point", "coordinates": [ -99.52691, 16.743598 ] } },
{ "type": "Feature", "properties": { "NO": 1386, "ENTIDAD": "GUERRERO", "MUNICIPIO": "San Marcos", "PUEBLO INDIGENA O AFROMEXICANO": "AFROMEXICANO", "LOCALIDAD": "LLANOGRANDE", "CLAVE LOC": 120530036, "TIPO DE ASENTAMIENTO": "COMUNIDAD AFROMEXICANA", "NOMBRE": "LLANO GRANDE", "MONTO ASIGNADO (PESOS)": 1165428, "LATITUD": 16.939723, "LONGITUD": -99.433184 }, "geometry": { "type": "Point", "coordinates": [ -99.433184, 16.939723 ] } },
{ "type": "Feature", "properties": { "NO": 1387, "ENTIDAD": "GUERRERO", "MUNICIPIO": "San Marcos", "PUEBLO INDIGENA O AFROMEXICANO": "AFROMEXICANO", "LOCALIDAD": "MEDANITOSPERROSDEAGUA", "CLAVE LOC": 120530038, "TIPO DE ASENTAMIENTO": "COMUNIDAD AFROMEXICANA", "NOMBRE": "MEDANITOS PERROS DE AGUA", "MONTO ASIGNADO (PESOS)": 206496, "LATITUD": 16.691732, "LONGITUD": -99.541333 }, "geometry": { "type": "Point", "coordinates": [ -99.541333, 16.691732 ] } },
{ "type": "Feature", "properties": { "NO": 1388, "ENTIDAD": "GUERRERO", "MUNICIPIO": "San Marcos", "PUEBLO INDIGENA O AFROMEXICANO": "AFROMEXICANO", "LOCALIDAD": "NUEVOSANTODOMINGO", "CLAVE LOC": 120530217, "TIPO DE ASENTAMIENTO": "COMUNIDAD AFROMEXICANA", "NOMBRE": "NUEVO SANTO DOMINGO", "MONTO ASIGNADO (PESOS)": 159818, "LATITUD": 16.695716, "LONGITUD": -99.429317 }, "geometry": { "type": "Point", "coordinates": [ -99.429317, 16.695716 ] } },
{ "type": "Feature", "properties": { "NO": 1389, "ENTIDAD": "GUERRERO", "MUNICIPIO": "San Marcos", "PUEBLO INDIGENA O AFROMEXICANO": "AFROMEXICANO", "LOCALIDAD": "NUEVOTECOMULAPA", "CLAVE LOC": 120530134, "TIPO DE ASENTAMIENTO": "COMUNIDAD AFROMEXICANA", "NOMBRE": "NUEVO TECOMULAPA", "MONTO ASIGNADO (PESOS)": 438705, "LATITUD": 16.715483, "LONGITUD": -99.265504 }, "geometry": { "type": "Point", "coordinates": [ -99.265504, 16.715483 ] } },
{ "type": "Feature", "properties": { "NO": 1390, "ENTIDAD": "GUERRERO", "MUNICIPIO": "San Marcos", "PUEBLO INDIGENA O AFROMEXICANO": "AFROMEXICANO", "LOCALIDAD": "PALMITASDEPAPAGAYO(LASPALMITAS)", "CLAVE LOC": 120530124, "TIPO DE ASENTAMIENTO": "COMUNIDAD AFROMEXICANA", "NOMBRE": "PALMITAS DE PAPAGAYO (LAS PALMITAS)", "MONTO ASIGNADO (PESOS)": 101615, "LATITUD": 16.765306, "LONGITUD": -99.602526 }, "geometry": { "type": "Point", "coordinates": [ -99.602526, 16.765306 ] } },
{ "type": "Feature", "properties": { "NO": 1391, "ENTIDAD": "GUERRERO", "MUNICIPIO": "San Marcos", "PUEBLO INDIGENA O AFROMEXICANO": "AFROMEXICANO", "LOCALIDAD": "PIEDRAPARADA", "CLAVE LOC": 120530047, "TIPO DE ASENTAMIENTO": "COMUNIDAD AFROMEXICANA", "NOMBRE": "PIEDRA PARADA", "MONTO ASIGNADO (PESOS)": 460531, "LATITUD": 16.805508, "LONGITUD": -99.365483 }, "geometry": { "type": "Point", "coordinates": [ -99.365483, 16.805508 ] } },
{ "type": "Feature", "properties": { "NO": 1392, "ENTIDAD": "GUERRERO", "MUNICIPIO": "San Marcos", "PUEBLO INDIGENA O AFROMEXICANO": "AFROMEXICANO", "LOCALIDAD": "RANCHOLOSCANTILES", "CLAVE LOC": 120530130, "TIPO DE ASENTAMIENTO": "COMUNIDAD AFROMEXICANA", "NOMBRE": "RANCHO LOS CANTILES", "MONTO ASIGNADO (PESOS)": 120208, "LATITUD": 16.892823, "LONGITUD": -99.392687 }, "geometry": { "type": "Point", "coordinates": [ -99.392687, 16.892823 ] } },
{ "type": "Feature", "properties": { "NO": 1393, "ENTIDAD": "GUERRERO", "MUNICIPIO": "San Marcos", "PUEBLO INDIGENA O AFROMEXICANO": "AFROMEXICANO", "LOCALIDAD": "RANCHOLOSTAMARINDOS", "CLAVE LOC": 120530133, "TIPO DE ASENTAMIENTO": "COMUNIDAD AFROMEXICANA", "NOMBRE": "RANCHO LOS TAMARINDOS", "MONTO ASIGNADO (PESOS)": 149309, "LATITUD": 16.711718, "LONGITUD": -99.27431 }, "geometry": { "type": "Point", "coordinates": [ -99.27431, 16.711718 ] } },
{ "type": "Feature", "properties": { "NO": 1394, "ENTIDAD": "GUERRERO", "MUNICIPIO": "San Marcos", "PUEBLO INDIGENA O AFROMEXICANO": "AFROMEXICANO", "LOCALIDAD": "RANCHONUEVO", "CLAVE LOC": 120530051, "TIPO DE ASENTAMIENTO": "COMUNIDAD AFROMEXICANA", "NOMBRE": "RANCHO NUEVO", "MONTO ASIGNADO (PESOS)": 770944, "LATITUD": 16.944712, "LONGITUD": -99.471357 }, "geometry": { "type": "Point", "coordinates": [ -99.471357, 16.944712 ] } },
{ "type": "Feature", "properties": { "NO": 1395, "ENTIDAD": "GUERRERO", "MUNICIPIO": "San Marcos", "PUEBLO INDIGENA O AFROMEXICANO": "AFROMEXICANO", "LOCALIDAD": "SANJOSEGUATEMALA", "CLAVE LOC": 120530053, "TIPO DE ASENTAMIENTO": "COMUNIDAD AFROMEXICANA", "NOMBRE": "SAN JOSÉ GUATEMALA", "MONTO ASIGNADO (PESOS)": 386969, "LATITUD": 16.692438, "LONGITUD": -99.593843 }, "geometry": { "type": "Point", "coordinates": [ -99.593843, 16.692438 ] } },
{ "type": "Feature", "properties": { "NO": 1396, "ENTIDAD": "GUERRERO", "MUNICIPIO": "San Marcos", "PUEBLO INDIGENA O AFROMEXICANO": "AFROMEXICANO", "LOCALIDAD": "SANJUANCHICO", "CLAVE LOC": 120530056, "TIPO DE ASENTAMIENTO": "COMUNIDAD AFROMEXICANA", "NOMBRE": "SAN JUAN CHICO", "MONTO ASIGNADO (PESOS)": 256822, "LATITUD": 16.76931, "LONGITUD": -99.555093 }, "geometry": { "type": "Point", "coordinates": [ -99.555093, 16.76931 ] } },
{ "type": "Feature", "properties": { "NO": 1397, "ENTIDAD": "GUERRERO", "MUNICIPIO": "San Marcos", "PUEBLO INDIGENA O AFROMEXICANO": "AFROMEXICANO", "LOCALIDAD": "SANJUANGRANDE", "CLAVE LOC": 120530055, "TIPO DE ASENTAMIENTO": "COMUNIDAD AFROMEXICANA", "NOMBRE": "SAN JUAN GRANDE", "MONTO ASIGNADO (PESOS)": 408795, "LATITUD": 16.764398, "LONGITUD": -99.562338 }, "geometry": { "type": "Point", "coordinates": [ -99.562338, 16.764398 ] } },
{ "type": "Feature", "properties": { "NO": 1398, "ENTIDAD": "GUERRERO", "MUNICIPIO": "San Marcos", "PUEBLO INDIGENA O AFROMEXICANO": "AFROMEXICANO", "LOCALIDAD": "SANMIGUEL", "CLAVE LOC": 120530057, "TIPO DE ASENTAMIENTO": "COMUNIDAD AFROMEXICANA", "NOMBRE": "SAN MIGUEL", "MONTO ASIGNADO (PESOS)": 277031, "LATITUD": 16.818218, "LONGITUD": -99.382526 }, "geometry": { "type": "Point", "coordinates": [ -99.382526, 16.818218 ] } },
{ "type": "Feature", "properties": { "NO": 1399, "ENTIDAD": "GUERRERO", "MUNICIPIO": "San Marcos", "PUEBLO INDIGENA O AFROMEXICANO": "AFROMEXICANO", "LOCALIDAD": "SANTAELENADELAVILLA", "CLAVE LOC": 120530059, "TIPO DE ASENTAMIENTO": "COMUNIDAD AFROMEXICANA", "NOMBRE": "SANTA ELENA DE LA VILLA", "MONTO ASIGNADO (PESOS)": 1078333, "LATITUD": 16.87264, "LONGITUD": -99.322655 }, "geometry": { "type": "Point", "coordinates": [ -99.322655, 16.87264 ] } },
{ "type": "Feature", "properties": { "NO": 1400, "ENTIDAD": "GUERRERO", "MUNICIPIO": "San Marcos", "PUEBLO INDIGENA O AFROMEXICANO": "AFROMEXICANO", "LOCALIDAD": "SANTAELENAGUERRERO", "CLAVE LOC": 120530058, "TIPO DE ASENTAMIENTO": "COMUNIDAD AFROMEXICANA", "NOMBRE": "SANTA ELENA GUERRERO", "MONTO ASIGNADO (PESOS)": 1123558, "LATITUD": 16.867513, "LONGITUD": -99.334986 }, "geometry": { "type": "Point", "coordinates": [ -99.334986, 16.867513 ] } },
{ "type": "Feature", "properties": { "NO": 1401, "ENTIDAD": "GUERRERO", "MUNICIPIO": "San Marcos", "PUEBLO INDIGENA O AFROMEXICANO": "AFROMEXICANO", "LOCALIDAD": "SANTODOMINGO", "CLAVE LOC": 120530060, "TIPO DE ASENTAMIENTO": "COMUNIDAD AFROMEXICANA", "NOMBRE": "SANTO DOMINGO", "MONTO ASIGNADO (PESOS)": 225339, "LATITUD": 16.698509, "LONGITUD": -99.42225 }, "geometry": { "type": "Point", "coordinates": [ -99.42225, 16.698509 ] } },
{ "type": "Feature", "properties": { "NO": 1402, "ENTIDAD": "GUERRERO", "MUNICIPIO": "San Marcos", "PUEBLO INDIGENA O AFROMEXICANO": "AFROMEXICANO", "LOCALIDAD": "TAMARINDILLO", "CLAVE LOC": 120530061, "TIPO DE ASENTAMIENTO": "COMUNIDAD AFROMEXICANA", "NOMBRE": "TAMARINDILLO", "MONTO ASIGNADO (PESOS)": 367296, "LATITUD": 16.7859, "LONGITUD": -99.575972 }, "geometry": { "type": "Point", "coordinates": [ -99.575972, 16.7859 ] } },
{ "type": "Feature", "properties": { "NO": 1403, "ENTIDAD": "GUERRERO", "MUNICIPIO": "San Marcos", "PUEBLO INDIGENA O AFROMEXICANO": "AFROMEXICANO", "LOCALIDAD": "TECOMATENANCHAL", "CLAVE LOC": 120530064, "TIPO DE ASENTAMIENTO": "COMUNIDAD AFROMEXICANA", "NOMBRE": "TECOMATE NANCHAL", "MONTO ASIGNADO (PESOS)": 483165, "LATITUD": 16.813098, "LONGITUD": -99.508019 }, "geometry": { "type": "Point", "coordinates": [ -99.508019, 16.813098 ] } },
{ "type": "Feature", "properties": { "NO": 1404, "ENTIDAD": "GUERRERO", "MUNICIPIO": "San Marcos", "PUEBLO INDIGENA O AFROMEXICANO": "AFROMEXICANO", "LOCALIDAD": "YUCATANDELASFLORES", "CLAVE LOC": 120530069, "TIPO DE ASENTAMIENTO": "COMUNIDAD AFROMEXICANA", "NOMBRE": "YUCATÁN DE LAS FLORES", "MONTO ASIGNADO (PESOS)": 639902, "LATITUD": 16.852318, "LONGITUD": -99.502034 }, "geometry": { "type": "Point", "coordinates": [ -99.502034, 16.852318 ] } },
{ "type": "Feature", "properties": { "NO": 1405, "ENTIDAD": "GUERRERO", "MUNICIPIO": "SANNICOLAS", "PUEBLO INDIGENA O AFROMEXICANO": "AFROMEXICANO", "LOCALIDAD": "ELCACALOTE", "CLAVE LOC": 120850004, "TIPO DE ASENTAMIENTO": "COMUNIDAD AFROMEXICANA", "NOMBRE": "EL CACALOTE", "MONTO ASIGNADO (PESOS)": 217212, "LATITUD": 16.46382, "LONGITUD": -98.550236 }, "geometry": { "type": "Point", "coordinates": [ -98.550236, 16.46382 ] } },
{ "type": "Feature", "properties": { "NO": 1406, "ENTIDAD": "GUERRERO", "MUNICIPIO": "SANNICOLAS", "PUEBLO INDIGENA O AFROMEXICANO": "AFROMEXICANO", "LOCALIDAD": "ELCARRIZO", "CLAVE LOC": 120850005, "TIPO DE ASENTAMIENTO": "COMUNIDAD AFROMEXICANA", "NOMBRE": "EL CARRIZO", "MONTO ASIGNADO (PESOS)": 130716, "LATITUD": 16.472514, "LONGITUD": -98.570831 }, "geometry": { "type": "Point", "coordinates": [ -98.570831, 16.472514 ] } },
{ "type": "Feature", "properties": { "NO": 1407, "ENTIDAD": "GUERRERO", "MUNICIPIO": "SANNICOLAS", "PUEBLO INDIGENA O AFROMEXICANO": "AFROMEXICANO", "LOCALIDAD": "ELJICARO", "CLAVE LOC": 120850007, "TIPO DE ASENTAMIENTO": "COMUNIDAD AFROMEXICANA", "NOMBRE": "EL JÍCARO", "MONTO ASIGNADO (PESOS)": 207511, "LATITUD": 16.406178, "LONGITUD": -98.572653 }, "geometry": { "type": "Point", "coordinates": [ -98.572653, 16.406178 ] } },
{ "type": "Feature", "properties": { "NO": 1408, "ENTIDAD": "GUERRERO", "MUNICIPIO": "SANNICOLAS", "PUEBLO INDIGENA O AFROMEXICANO": "AFROMEXICANO", "LOCALIDAD": "ELPITAHAYO", "CLAVE LOC": 120850008, "TIPO DE ASENTAMIENTO": "COMUNIDAD AFROMEXICANA", "NOMBRE": "EL PITAHAYO", "MONTO ASIGNADO (PESOS)": 1364287, "LATITUD": 16.531432, "LONGITUD": -98.528185 }, "geometry": { "type": "Point", "coordinates": [ -98.528185, 16.531432 ] } },
{ "type": "Feature", "properties": { "NO": 1409, "ENTIDAD": "GUERRERO", "MUNICIPIO": "SANNICOLAS", "PUEBLO INDIGENA O AFROMEXICANO": "AFROMEXICANO", "LOCALIDAD": "ELTAMALE", "CLAVE LOC": 120850010, "TIPO DE ASENTAMIENTO": "COMUNIDAD AFROMEXICANA", "NOMBRE": "EL TAMALE", "MONTO ASIGNADO (PESOS)": 353826, "LATITUD": 16.401983, "LONGITUD": -98.598224 }, "geometry": { "type": "Point", "coordinates": [ -98.598224, 16.401983 ] } },
{ "type": "Feature", "properties": { "NO": 1410, "ENTIDAD": "GUERRERO", "MUNICIPIO": "SANNICOLAS", "PUEBLO INDIGENA O AFROMEXICANO": "AFROMEXICANO", "LOCALIDAD": "HACIENDALAPETACA", "CLAVE LOC": 120850011, "TIPO DE ASENTAMIENTO": "COMUNIDAD AFROMEXICANA", "NOMBRE": "HACIENDA LA PETACA", "MONTO ASIGNADO (PESOS)": 400711, "LATITUD": 16.531122, "LONGITUD": -98.515624 }, "geometry": { "type": "Point", "coordinates": [ -98.515624, 16.531122 ] } },
{ "type": "Feature", "properties": { "NO": 1411, "ENTIDAD": "GUERRERO", "MUNICIPIO": "SANNICOLAS", "PUEBLO INDIGENA O AFROMEXICANO": "AFROMEXICANO", "LOCALIDAD": "LABOCANA", "CLAVE LOC": 120850014, "TIPO DE ASENTAMIENTO": "COMUNIDAD AFROMEXICANA", "NOMBRE": "LA BOCANA", "MONTO ASIGNADO (PESOS)": 120208, "LATITUD": 16.504196, "LONGITUD": -98.49695 }, "geometry": { "type": "Point", "coordinates": [ -98.49695, 16.504196 ] } },
{ "type": "Feature", "properties": { "NO": 1412, "ENTIDAD": "GUERRERO", "MUNICIPIO": "SANNICOLAS", "PUEBLO INDIGENA O AFROMEXICANO": "AFROMEXICANO", "LOCALIDAD": "PUNTAMALDONADO", "CLAVE LOC": 120850019, "TIPO DE ASENTAMIENTO": "COMUNIDAD AFROMEXICANA", "NOMBRE": "PUNTA MALDONADO", "MONTO ASIGNADO (PESOS)": 770136, "LATITUD": 16.325696, "LONGITUD": -98.568569 }, "geometry": { "type": "Point", "coordinates": [ -98.568569, 16.325696 ] } },
{ "type": "Feature", "properties": { "NO": 1413, "ENTIDAD": "GUERRERO", "MUNICIPIO": "SANNICOLAS", "PUEBLO INDIGENA O AFROMEXICANO": "AFROMEXICANO", "LOCALIDAD": "SANNICOLAS", "CLAVE LOC": 120850001, "TIPO DE ASENTAMIENTO": "COMUNIDAD AFROMEXICANA", "NOMBRE": "SAN NICOLÁS", "MONTO ASIGNADO (PESOS)": 84639, "LATITUD": 16.416949, "LONGITUD": -98.517632 }, "geometry": { "type": "Point", "coordinates": [ -98.517632, 16.416949 ] } },
{ "type": "Feature", "properties": { "NO": 1414, "ENTIDAD": "GUERRERO", "MUNICIPIO": "SANNICOLAS", "PUEBLO INDIGENA O AFROMEXICANO": "AFROMEXICANO", "LOCALIDAD": "TEJASCRUDAS", "CLAVE LOC": 120850027, "TIPO DE ASENTAMIENTO": "COMUNIDAD AFROMEXICANA", "NOMBRE": "TEJAS CRUDAS", "MONTO ASIGNADO (PESOS)": 216403, "LATITUD": 16.370305, "LONGITUD": -98.539979 }, "geometry": { "type": "Point", "coordinates": [ -98.539979, 16.370305 ] } },
{ "type": "Feature", "properties": { "NO": 1415, "ENTIDAD": "GUERRERO", "MUNICIPIO": "SANTACRUZDELRINCON", "PUEBLO INDIGENA O AFROMEXICANO": "ME’PHAA\n(TLAPANECO)", "LOCALIDAD": "COLONIAELPARAISO", "CLAVE LOC": 120840003, "TIPO DE ASENTAMIENTO": "COMUNIDAD INDIGENA", "NOMBRE": "COLONIA EL PARAÍSO", "MONTO ASIGNADO (PESOS)": 146884, "LATITUD": 17.031198, "LONGITUD": -98.76611 }, "geometry": { "type": "Point", "coordinates": [ -98.76611, 17.031198 ] } },
{ "type": "Feature", "properties": { "NO": 1416, "ENTIDAD": "GUERRERO", "MUNICIPIO": "SANTACRUZDELRINCON", "PUEBLO INDIGENA O AFROMEXICANO": "ME’PHAA\n(TLAPANECO)", "LOCALIDAD": "COLONIAGENAROVAZQUEZ", "CLAVE LOC": 120840004, "TIPO DE ASENTAMIENTO": "COMUNIDAD INDIGENA", "NOMBRE": "COLONIA GENARO VÁZQUEZ", "MONTO ASIGNADO (PESOS)": 97573, "LATITUD": 17.026453, "LONGITUD": -98.778401 }, "geometry": { "type": "Point", "coordinates": [ -98.778401, 17.026453 ] } },
{ "type": "Feature", "properties": { "NO": 1417, "ENTIDAD": "GUERRERO", "MUNICIPIO": "SANTACRUZDELRINCON", "PUEBLO INDIGENA O AFROMEXICANO": "ME’PHAA\n(TLAPANECO)", "LOCALIDAD": "COLONIAHIDALGO", "CLAVE LOC": 120840005, "TIPO DE ASENTAMIENTO": "COMUNIDAD INDIGENA", "NOMBRE": "COLONIA HIDALGO", "MONTO ASIGNADO (PESOS)": 213978, "LATITUD": 17.029508, "LONGITUD": -98.799359 }, "geometry": { "type": "Point", "coordinates": [ -98.799359, 17.029508 ] } },
{ "type": "Feature", "properties": { "NO": 1418, "ENTIDAD": "GUERRERO", "MUNICIPIO": "SANTACRUZDELRINCON", "PUEBLO INDIGENA O AFROMEXICANO": "ME’PHAA\n(TLAPANECO)", "LOCALIDAD": "ELCOCOYUL", "CLAVE LOC": 120840007, "TIPO DE ASENTAMIENTO": "COMUNIDAD INDIGENA", "NOMBRE": "EL COCOYÚL", "MONTO ASIGNADO (PESOS)": 422537, "LATITUD": 17.020173, "LONGITUD": -98.779022 }, "geometry": { "type": "Point", "coordinates": [ -98.779022, 17.020173 ] } },
{ "type": "Feature", "properties": { "NO": 1419, "ENTIDAD": "GUERRERO", "MUNICIPIO": "SANTACRUZDELRINCON", "PUEBLO INDIGENA O AFROMEXICANO": "ME’PHAA\n(TLAPANECO)", "LOCALIDAD": "ELPOTRERILLO", "CLAVE LOC": 120840008, "TIPO DE ASENTAMIENTO": "COMUNIDAD INDIGENA", "NOMBRE": "EL POTRERILLO", "MONTO ASIGNADO (PESOS)": 1210697, "LATITUD": 16.957332, "LONGITUD": -98.73102 }, "geometry": { "type": "Point", "coordinates": [ -98.73102, 16.957332 ] } },
{ "type": "Feature", "properties": { "NO": 1420, "ENTIDAD": "GUERRERO", "MUNICIPIO": "SANTACRUZDELRINCON", "PUEBLO INDIGENA O AFROMEXICANO": "ME’PHAA\n(TLAPANECO)", "LOCALIDAD": "JARDINESDECAFETALES", "CLAVE LOC": 120840009, "TIPO DE ASENTAMIENTO": "COMUNIDAD INDIGENA", "NOMBRE": "JARDINES DE CAFETALES", "MONTO ASIGNADO (PESOS)": 136375, "LATITUD": 17.043774, "LONGITUD": -98.754149 }, "geometry": { "type": "Point", "coordinates": [ -98.754149, 17.043774 ] } },
{ "type": "Feature", "properties": { "NO": 1421, "ENTIDAD": "GUERRERO", "MUNICIPIO": "SANTACRUZDELRINCON", "PUEBLO INDIGENA O AFROMEXICANO": "ME’PHAA\n(TLAPANECO)", "LOCALIDAD": "LAPAROTA", "CLAVE LOC": 120840010, "TIPO DE ASENTAMIENTO": "COMUNIDAD INDIGENA", "NOMBRE": "LA PAROTA", "MONTO ASIGNADO (PESOS)": 216403, "LATITUD": 17.021254, "LONGITUD": -98.766998 }, "geometry": { "type": "Point", "coordinates": [ -98.766998, 17.021254 ] } },
{ "type": "Feature", "properties": { "NO": 1422, "ENTIDAD": "GUERRERO", "MUNICIPIO": "SANTACRUZDELRINCON", "PUEBLO INDIGENA O AFROMEXICANO": "ME’PHAA\n(TLAPANECO)", "LOCALIDAD": "PIEDELACUESTA", "CLAVE LOC": 120840011, "TIPO DE ASENTAMIENTO": "COMUNIDAD INDIGENA", "NOMBRE": "PIE DE LA CUESTA", "MONTO ASIGNADO (PESOS)": 137183, "LATITUD": 17.028235, "LONGITUD": -98.758212 }, "geometry": { "type": "Point", "coordinates": [ -98.758212, 17.028235 ] } },
{ "type": "Feature", "properties": { "NO": 1423, "ENTIDAD": "GUERRERO", "MUNICIPIO": "SANTACRUZDELRINCON", "PUEBLO INDIGENA O AFROMEXICANO": "ME’PHAA\n(TLAPANECO)", "LOCALIDAD": "PIEDRAPINTA(PIEDRAPINTADA)", "CLAVE LOC": 120840012, "TIPO DE ASENTAMIENTO": "COMUNIDAD INDIGENA", "NOMBRE": "PIEDRA PINTA (PIEDRA PINTADA)", "MONTO ASIGNADO (PESOS)": 239038, "LATITUD": 17.006184, "LONGITUD": -98.771019 }, "geometry": { "type": "Point", "coordinates": [ -98.771019, 17.006184 ] } },
{ "type": "Feature", "properties": { "NO": 1424, "ENTIDAD": "GUERRERO", "MUNICIPIO": "SANTACRUZDELRINCON", "PUEBLO INDIGENA O AFROMEXICANO": "ME’PHAA\n(TLAPANECO)", "LOCALIDAD": "RANCHOVIEJO", "CLAVE LOC": 120840013, "TIPO DE ASENTAMIENTO": "COMUNIDAD INDIGENA", "NOMBRE": "RANCHO VIEJO", "MONTO ASIGNADO (PESOS)": 506608, "LATITUD": 17.037242, "LONGITUD": -98.804049 }, "geometry": { "type": "Point", "coordinates": [ -98.804049, 17.037242 ] } },
{ "type": "Feature", "properties": { "NO": 1425, "ENTIDAD": "GUERRERO", "MUNICIPIO": "SANTACRUZDELRINCON", "PUEBLO INDIGENA O AFROMEXICANO": "ME’PHAA\n(TLAPANECO)", "LOCALIDAD": "SANMARCOS", "CLAVE LOC": 120840014, "TIPO DE ASENTAMIENTO": "COMUNIDAD INDIGENA", "NOMBRE": "SAN MARCOS", "MONTO ASIGNADO (PESOS)": 298857, "LATITUD": 17.034961, "LONGITUD": -98.758497 }, "geometry": { "type": "Point", "coordinates": [ -98.758497, 17.034961 ] } },
{ "type": "Feature", "properties": { "NO": 1426, "ENTIDAD": "GUERRERO", "MUNICIPIO": "SANTACRUZDELRINCON", "PUEBLO INDIGENA O AFROMEXICANO": "ME’PHAA\n(TLAPANECO)", "LOCALIDAD": "SANVICENTE", "CLAVE LOC": 120840015, "TIPO DE ASENTAMIENTO": "COMUNIDAD INDIGENA", "NOMBRE": "SAN VICENTE", "MONTO ASIGNADO (PESOS)": 129908, "LATITUD": 17.037791, "LONGITUD": -98.748906 }, "geometry": { "type": "Point", "coordinates": [ -98.748906, 17.037791 ] } },
{ "type": "Feature", "properties": { "NO": 1427, "ENTIDAD": "GUERRERO", "MUNICIPIO": "SANTACRUZDELRINCON", "PUEBLO INDIGENA O AFROMEXICANO": "ME’PHAA\n(TLAPANECO)", "LOCALIDAD": "SANTACRUZDELRINCON", "CLAVE LOC": 120840001, "TIPO DE ASENTAMIENTO": "COMUNIDAD INDIGENA", "NOMBRE": "SANTA CRUZ DEL RINCÓN", "MONTO ASIGNADO (PESOS)": 2319539, "LATITUD": 16.995839, "LONGITUD": -98.736104 }, "geometry": { "type": "Point", "coordinates": [ -98.736104, 16.995839 ] } },
{ "type": "Feature", "properties": { "NO": 1428, "ENTIDAD": "GUERRERO", "MUNICIPIO": "SANTACRUZDELRINCON", "PUEBLO INDIGENA O AFROMEXICANO": "ME’PHAA\n(TLAPANECO)", "LOCALIDAD": "TIERRACOLORADADELOSBRAVO", "CLAVE LOC": 120840016, "TIPO DE ASENTAMIENTO": "COMUNIDAD INDIGENA", "NOMBRE": "TIERRA COLORADA DE LOS BRAVO", "MONTO ASIGNADO (PESOS)": 909175, "LATITUD": 17.038382, "LONGITUD": -98.761107 }, "geometry": { "type": "Point", "coordinates": [ -98.761107, 17.038382 ] } },
{ "type": "Feature", "properties": { "NO": 1429, "ENTIDAD": "GUERRERO", "MUNICIPIO": "SANTACRUZDELRINCON", "PUEBLO INDIGENA O AFROMEXICANO": "ME’PHAA\n(TLAPANECO)", "LOCALIDAD": "(SINNOMBRE)", "CLAVE LOC": 120841208, "TIPO DE ASENTAMIENTO": "COMUNIDAD INDIGENA", "NOMBRE": "NAZARET.", "MONTO ASIGNADO (PESOS)": 84639, "LATITUD": 16.992799, "LONGITUD": -98.735242 }, "geometry": { "type": "Point", "coordinates": [ -98.735242, 16.992799 ] } },
{ "type": "Feature", "properties": { "NO": 1430, "ENTIDAD": "GUERRERO", "MUNICIPIO": "Taxco de Alarcón", "PUEBLO INDIGENA O AFROMEXICANO": "NAHUA", "LOCALIDAD": "TLAMACAZAPA", "CLAVE LOC": 120550046, "TIPO DE ASENTAMIENTO": "COMUNIDAD INDIGENA", "NOMBRE": "TLAMACAZAPA", "MONTO ASIGNADO (PESOS)": 5578219, "LATITUD": 18.496191, "LONGITUD": -99.502808 }, "geometry": { "type": "Point", "coordinates": [ -99.502808, 18.496191 ] } },
{ "type": "Feature", "properties": { "NO": 1431, "ENTIDAD": "GUERRERO", "MUNICIPIO": "Tecoanapa", "PUEBLO INDIGENA O AFROMEXICANO": "AFROMEXICANO", "LOCALIDAD": "BARRIONUEVO", "CLAVE LOC": 120560004, "TIPO DE ASENTAMIENTO": "COMUNIDAD AFROMEXICANA", "NOMBRE": "BARRIO NUEVO", "MONTO ASIGNADO (PESOS)": 442747, "LATITUD": 16.968897, "LONGITUD": -99.236474 }, "geometry": { "type": "Point", "coordinates": [ -99.236474, 16.968897 ] } },
{ "type": "Feature", "properties": { "NO": 1432, "ENTIDAD": "GUERRERO", "MUNICIPIO": "Tecoanapa", "PUEBLO INDIGENA O AFROMEXICANO": "AFROMEXICANO", "LOCALIDAD": "CARABALINCITO", "CLAVE LOC": 120560006, "TIPO DE ASENTAMIENTO": "COMUNIDAD AFROMEXICANA", "NOMBRE": "CARABALINCITO", "MONTO ASIGNADO (PESOS)": 213170, "LATITUD": 16.795967, "LONGITUD": -99.179014 }, "geometry": { "type": "Point", "coordinates": [ -99.179014, 16.795967 ] } },
{ "type": "Feature", "properties": { "NO": 1433, "ENTIDAD": "GUERRERO", "MUNICIPIO": "Tecoanapa", "PUEBLO INDIGENA O AFROMEXICANO": "AFROMEXICANO", "LOCALIDAD": "ELPOTRERO", "CLAVE LOC": 120560029, "TIPO DE ASENTAMIENTO": "COMUNIDAD AFROMEXICANA", "NOMBRE": "EL POTRERO", "MONTO ASIGNADO (PESOS)": 297240, "LATITUD": 16.869838, "LONGITUD": -99.226722 }, "geometry": { "type": "Point", "coordinates": [ -99.226722, 16.869838 ] } },
{ "type": "Feature", "properties": { "NO": 1434, "ENTIDAD": "GUERRERO", "MUNICIPIO": "Tecoanapa", "PUEBLO INDIGENA O AFROMEXICANO": "AFROMEXICANO", "LOCALIDAD": "LASPAROTILLAS(LASPAROTILLITAS)", "CLAVE LOC": 120560025, "TIPO DE ASENTAMIENTO": "COMUNIDAD AFROMEXICANA", "NOMBRE": "LAS PAROTILLAS (LAS PAROTILLITAS)", "MONTO ASIGNADO (PESOS)": 154989, "LATITUD": 16.95352, "LONGITUD": -99.26149 }, "geometry": { "type": "Point", "coordinates": [ -99.26149, 16.95352 ] } },
{ "type": "Feature", "properties": { "NO": 1435, "ENTIDAD": "GUERRERO", "MUNICIPIO": "Tecoanapa", "PUEBLO INDIGENA O AFROMEXICANO": "AFROMEXICANO", "LOCALIDAD": "MECATEPEC", "CLAVE LOC": 120560019, "TIPO DE ASENTAMIENTO": "COMUNIDAD AFROMEXICANA", "NOMBRE": "MECATEPEC", "MONTO ASIGNADO (PESOS)": 922109, "LATITUD": 16.983852, "LONGITUD": -99.237516 }, "geometry": { "type": "Point", "coordinates": [ -99.237516, 16.983852 ] } },
{ "type": "Feature", "properties": { "NO": 1436, "ENTIDAD": "GUERRERO", "MUNICIPIO": "Tecoanapa", "PUEBLO INDIGENA O AFROMEXICANO": "AFROMEXICANO", "LOCALIDAD": "SANFRANCISCO", "CLAVE LOC": 120560033, "TIPO DE ASENTAMIENTO": "COMUNIDAD AFROMEXICANA", "NOMBRE": "SAN FRANCISCO", "MONTO ASIGNADO (PESOS)": 1528386, "LATITUD": 17.006059, "LONGITUD": -99.283007 }, "geometry": { "type": "Point", "coordinates": [ -99.283007, 17.006059 ] } },
{ "type": "Feature", "properties": { "NO": 1437, "ENTIDAD": "GUERRERO", "MUNICIPIO": "Tecoanapa", "PUEBLO INDIGENA O AFROMEXICANO": "AFROMEXICANO", "LOCALIDAD": "TEPINTEPEC", "CLAVE LOC": 120560045, "TIPO DE ASENTAMIENTO": "COMUNIDAD AFROMEXICANA", "NOMBRE": "TEPINTEPEC", "MONTO ASIGNADO (PESOS)": 349784, "LATITUD": 16.971784, "LONGITUD": -99.250738 }, "geometry": { "type": "Point", "coordinates": [ -99.250738, 16.971784 ] } },
{ "type": "Feature", "properties": { "NO": 1438, "ENTIDAD": "GUERRERO", "MUNICIPIO": "Tecoanapa", "PUEBLO INDIGENA O AFROMEXICANO": "AFROMEXICANO", "LOCALIDAD": "XALPATLAHUAC", "CLAVE LOC": 120560048, "TIPO DE ASENTAMIENTO": "COMUNIDAD AFROMEXICANA", "NOMBRE": "XALPATLÁHUAC", "MONTO ASIGNADO (PESOS)": 116166, "LATITUD": 17.021277, "LONGITUD": -99.32976 }, "geometry": { "type": "Point", "coordinates": [ -99.32976, 17.021277 ] } },
{ "type": "Feature", "properties": { "NO": 1439, "ENTIDAD": "GUERRERO", "MUNICIPIO": "Técpan de Galeana", "PUEBLO INDIGENA O AFROMEXICANO": "AFROMEXICANO", "LOCALIDAD": "CARRIZALCINTALARGA", "CLAVE LOC": 120570104, "TIPO DE ASENTAMIENTO": "COMUNIDAD AFROMEXICANA", "NOMBRE": "CARRIZAL CINTA LARGA", "MONTO ASIGNADO (PESOS)": 340084, "LATITUD": 17.1661, "LONGITUD": -100.731175 }, "geometry": { "type": "Point", "coordinates": [ -100.731175, 17.1661 ] } },
{ "type": "Feature", "properties": { "NO": 1440, "ENTIDAD": "GUERRERO", "MUNICIPIO": "Técpan de Galeana", "PUEBLO INDIGENA O AFROMEXICANO": "MIXTECO", "LOCALIDAD": "SANANTONIO", "CLAVE LOC": 120570078, "TIPO DE ASENTAMIENTO": "LOCALIDAD CON POBLACION\nINDIGENA", "NOMBRE": "SAN ANTONIO", "MONTO ASIGNADO (PESOS)": 147452, "LATITUD": 17.351581, "LONGITUD": -100.871292 }, "geometry": { "type": "Point", "coordinates": [ -100.871292, 17.351581 ] } },
{ "type": "Feature", "properties": { "NO": 1441, "ENTIDAD": "GUERRERO", "MUNICIPIO": "Teloloapan", "PUEBLO INDIGENA O AFROMEXICANO": "NAHUA", "LOCALIDAD": "COATEPECCOSTALES", "CLAVE LOC": 120580031, "TIPO DE ASENTAMIENTO": "COMUNIDAD INDIGENA", "NOMBRE": "COATEPEC COSTALES", "MONTO ASIGNADO (PESOS)": 964144, "LATITUD": 18.340951, "LONGITUD": -99.721388 }, "geometry": { "type": "Point", "coordinates": [ -99.721388, 18.340951 ] } },
{ "type": "Feature", "properties": { "NO": 1442, "ENTIDAD": "GUERRERO", "MUNICIPIO": "Tepecoacuilco de Trujano", "PUEBLO INDIGENA O AFROMEXICANO": "NAHUA", "LOCALIDAD": "AHUEHUEPAN", "CLAVE LOC": 120590003, "TIPO DE ASENTAMIENTO": "COMUNIDAD INDIGENA", "NOMBRE": "AHUEHUEPAN", "MONTO ASIGNADO (PESOS)": 1281845, "LATITUD": 18.005706, "LONGITUD": -99.499222 }, "geometry": { "type": "Point", "coordinates": [ -99.499222, 18.005706 ] } },
{ "type": "Feature", "properties": { "NO": 1443, "ENTIDAD": "GUERRERO", "MUNICIPIO": "Tepecoacuilco de Trujano", "PUEBLO INDIGENA O AFROMEXICANO": "NAHUA", "LOCALIDAD": "CRUCERODESANJUANTETELCINGO", "CLAVE LOC": 120590112, "TIPO DE ASENTAMIENTO": "COMUNIDAD INDIGENA", "NOMBRE": "CRUCERO DE SAN JUAN TETELCINGO", "MONTO ASIGNADO (PESOS)": 1323685, "LATITUD": 17.987984, "LONGITUD": -99.561076 }, "geometry": { "type": "Point", "coordinates": [ -99.561076, 17.987984 ] } },
{ "type": "Feature", "properties": { "NO": 1444, "ENTIDAD": "GUERRERO", "MUNICIPIO": "Tepecoacuilco de Trujano", "PUEBLO INDIGENA O AFROMEXICANO": "NAHUA", "LOCALIDAD": "MAXELA", "CLAVE LOC": 120590007, "TIPO DE ASENTAMIENTO": "COMUNIDAD INDIGENA", "NOMBRE": "MAXELA", "MONTO ASIGNADO (PESOS)": 954444, "LATITUD": 18.053952, "LONGITUD": -99.594396 }, "geometry": { "type": "Point", "coordinates": [ -99.594396, 18.053952 ] } },
{ "type": "Feature", "properties": { "NO": 1445, "ENTIDAD": "GUERRERO", "MUNICIPIO": "Tepecoacuilco de Trujano", "PUEBLO INDIGENA O AFROMEXICANO": "NAHUA", "LOCALIDAD": "SANAGUSTINOAPAN", "CLAVE LOC": 120590013, "TIPO DE ASENTAMIENTO": "COMUNIDAD INDIGENA", "NOMBRE": "SAN AGUSTÍN OAPAN", "MONTO ASIGNADO (PESOS)": 2460208, "LATITUD": 17.952878, "LONGITUD": -99.438951 }, "geometry": { "type": "Point", "coordinates": [ -99.438951, 17.952878 ] } },
{ "type": "Feature", "properties": { "NO": 1446, "ENTIDAD": "GUERRERO", "MUNICIPIO": "Tepecoacuilco de Trujano", "PUEBLO INDIGENA O AFROMEXICANO": "NAHUA", "LOCALIDAD": "SANMIGUELTECUICIAPAN", "CLAVE LOC": 120590015, "TIPO DE ASENTAMIENTO": "COMUNIDAD INDIGENA", "NOMBRE": "SAN MIGUEL TECUICIAPAN", "MONTO ASIGNADO (PESOS)": 1279408, "LATITUD": 17.960426, "LONGITUD": -99.412631 }, "geometry": { "type": "Point", "coordinates": [ -99.412631, 17.960426 ] } },
{ "type": "Feature", "properties": { "NO": 1447, "ENTIDAD": "GUERRERO", "MUNICIPIO": "Tepecoacuilco de Trujano", "PUEBLO INDIGENA O AFROMEXICANO": "NAHUA", "LOCALIDAD": "XALITLA", "CLAVE LOC": 120590026, "TIPO DE ASENTAMIENTO": "COMUNIDAD INDIGENA", "NOMBRE": "XALITLA", "MONTO ASIGNADO (PESOS)": 1298001, "LATITUD": 17.997806, "LONGITUD": -99.540446 }, "geometry": { "type": "Point", "coordinates": [ -99.540446, 17.997806 ] } },
{ "type": "Feature", "properties": { "NO": 1448, "ENTIDAD": "GUERRERO", "MUNICIPIO": "Tixtla de Guerrero", "PUEBLO INDIGENA O AFROMEXICANO": "NAHUA", "LOCALIDAD": "ACATEMPA", "CLAVE LOC": 120610002, "TIPO DE ASENTAMIENTO": "COMUNIDAD INDIGENA", "NOMBRE": "ACATEMPA", "MONTO ASIGNADO (PESOS)": 2779295, "LATITUD": 17.644205, "LONGITUD": -99.369079 }, "geometry": { "type": "Point", "coordinates": [ -99.369079, 17.644205 ] } },
{ "type": "Feature", "properties": { "NO": 1449, "ENTIDAD": "GUERRERO", "MUNICIPIO": "Tixtla de Guerrero", "PUEBLO INDIGENA O AFROMEXICANO": "NAHUA", "LOCALIDAD": "ALMOLONGA", "CLAVE LOC": 120610004, "TIPO DE ASENTAMIENTO": "COMUNIDAD INDIGENA", "NOMBRE": "ALMOLONGA", "MONTO ASIGNADO (PESOS)": 1122585, "LATITUD": 17.639355, "LONGITUD": -99.295972 }, "geometry": { "type": "Point", "coordinates": [ -99.295972, 17.639355 ] } },
{ "type": "Feature", "properties": { "NO": 1450, "ENTIDAD": "GUERRERO", "MUNICIPIO": "Tixtla de Guerrero", "PUEBLO INDIGENA O AFROMEXICANO": "NAHUA", "LOCALIDAD": "ATLIACA", "CLAVE LOC": 120610006, "TIPO DE ASENTAMIENTO": "COMUNIDAD INDIGENA", "NOMBRE": "ATLIACA", "MONTO ASIGNADO (PESOS)": 8156111, "LATITUD": 17.653284, "LONGITUD": -99.373211 }, "geometry": { "type": "Point", "coordinates": [ -99.373211, 17.653284 ] } },
{ "type": "Feature", "properties": { "NO": 1451, "ENTIDAD": "GUERRERO", "MUNICIPIO": "Tixtla de Guerrero", "PUEBLO INDIGENA O AFROMEXICANO": "NAHUA", "LOCALIDAD": "CHILACACHAPA", "CLAVE LOC": 120610008, "TIPO DE ASENTAMIENTO": "COMUNIDAD INDIGENA", "NOMBRE": "CHILACACHAPA", "MONTO ASIGNADO (PESOS)": 726583, "LATITUD": 17.556906, "LONGITUD": -99.277565 }, "geometry": { "type": "Point", "coordinates": [ -99.277565, 17.556906 ] } },
{ "type": "Feature", "properties": { "NO": 1452, "ENTIDAD": "GUERRERO", "MUNICIPIO": "Tixtla de Guerrero", "PUEBLO INDIGENA O AFROMEXICANO": "NAHUA", "LOCALIDAD": "ELAHUEJOTE", "CLAVE LOC": 120610003, "TIPO DE ASENTAMIENTO": "COMUNIDAD INDIGENA", "NOMBRE": "EL AHUEJOTE", "MONTO ASIGNADO (PESOS)": 680102, "LATITUD": 17.578408, "LONGITUD": -99.277489 }, "geometry": { "type": "Point", "coordinates": [ -99.277489, 17.578408 ] } },
{ "type": "Feature", "properties": { "NO": 1453, "ENTIDAD": "GUERRERO", "MUNICIPIO": "Tixtla de Guerrero", "PUEBLO INDIGENA O AFROMEXICANO": "NAHUA", "LOCALIDAD": "ELDURAZNO", "CLAVE LOC": 120610009, "TIPO DE ASENTAMIENTO": "COMUNIDAD INDIGENA", "NOMBRE": "EL DURAZNO", "MONTO ASIGNADO (PESOS)": 905133, "LATITUD": 17.527527, "LONGITUD": -99.292094 }, "geometry": { "type": "Point", "coordinates": [ -99.292094, 17.527527 ] } },
{ "type": "Feature", "properties": { "NO": 1454, "ENTIDAD": "GUERRERO", "MUNICIPIO": "Tixtla de Guerrero", "PUEBLO INDIGENA O AFROMEXICANO": "NAHUA", "LOCALIDAD": "ELPOTRERO", "CLAVE LOC": 120610016, "TIPO DE ASENTAMIENTO": "LOCALIDAD CON POBLACION\nINDIGENA", "NOMBRE": "EL POTRERO", "MONTO ASIGNADO (PESOS)": 574577, "LATITUD": 17.514481, "LONGITUD": -99.31751 }, "geometry": { "type": "Point", "coordinates": [ -99.31751, 17.514481 ] } },
{ "type": "Feature", "properties": { "NO": 1455, "ENTIDAD": "GUERRERO", "MUNICIPIO": "Tixtla de Guerrero", "PUEBLO INDIGENA O AFROMEXICANO": "NAHUA", "LOCALIDAD": "ELTRONCON", "CLAVE LOC": 120610017, "TIPO DE ASENTAMIENTO": "COMUNIDAD INDIGENA", "NOMBRE": "EL TRONCÓN", "MONTO ASIGNADO (PESOS)": 534901, "LATITUD": 17.522631, "LONGITUD": -99.364254 }, "geometry": { "type": "Point", "coordinates": [ -99.364254, 17.522631 ] } },
{ "type": "Feature", "properties": { "NO": 1456, "ENTIDAD": "GUERRERO", "MUNICIPIO": "Tixtla de Guerrero", "PUEBLO INDIGENA O AFROMEXICANO": "NAHUA", "LOCALIDAD": "LAESTACADA", "CLAVE LOC": 120610010, "TIPO DE ASENTAMIENTO": "COMUNIDAD INDIGENA", "NOMBRE": "LA ESTACADA", "MONTO ASIGNADO (PESOS)": 248738, "LATITUD": 17.588906, "LONGITUD": -99.288699 }, "geometry": { "type": "Point", "coordinates": [ -99.288699, 17.588906 ] } },
{ "type": "Feature", "properties": { "NO": 1457, "ENTIDAD": "GUERRERO", "MUNICIPIO": "Tixtla de Guerrero", "PUEBLO INDIGENA O AFROMEXICANO": "NAHUA", "LOCALIDAD": "LOSTERREROS(COLONIAGENERALEUSEBIO GONZALEZS.)", "CLAVE LOC": 120610027, "TIPO DE ASENTAMIENTO": "COMUNIDAD INDIGENA", "NOMBRE": "LOS TERREROS (COLONIA GENERAL EUSEBIO GONZÁLEZ S.)", "MONTO ASIGNADO (PESOS)": 173560, "LATITUD": 17.598127, "LONGITUD": -99.317065 }, "geometry": { "type": "Point", "coordinates": [ -99.317065, 17.598127 ] } },
{ "type": "Feature", "properties": { "NO": 1458, "ENTIDAD": "GUERRERO", "MUNICIPIO": "Tixtla de Guerrero", "PUEBLO INDIGENA O AFROMEXICANO": "NAHUA", "LOCALIDAD": "OJITOSDEAGUA", "CLAVE LOC": 120610013, "TIPO DE ASENTAMIENTO": "COMUNIDAD INDIGENA", "NOMBRE": "OJITOS DE AGUA", "MONTO ASIGNADO (PESOS)": 253588, "LATITUD": 17.598465, "LONGITUD": -99.344104 }, "geometry": { "type": "Point", "coordinates": [ -99.344104, 17.598465 ] } },
{ "type": "Feature", "properties": { "NO": 1459, "ENTIDAD": "GUERRERO", "MUNICIPIO": "Tixtla de Guerrero", "PUEBLO INDIGENA O AFROMEXICANO": "NAHUA", "LOCALIDAD": "OMEAPA", "CLAVE LOC": 120610014, "TIPO DE ASENTAMIENTO": "COMUNIDAD INDIGENA", "NOMBRE": "OMEAPA", "MONTO ASIGNADO (PESOS)": 410412, "LATITUD": 17.569115, "LONGITUD": -99.351214 }, "geometry": { "type": "Point", "coordinates": [ -99.351214, 17.569115 ] } },
{ "type": "Feature", "properties": { "NO": 1460, "ENTIDAD": "GUERRERO", "MUNICIPIO": "Tixtla de Guerrero", "PUEBLO INDIGENA O AFROMEXICANO": "NAHUA", "LOCALIDAD": "PLANDEGUERRERO", "CLAVE LOC": 120610015, "TIPO DE ASENTAMIENTO": "COMUNIDAD INDIGENA", "NOMBRE": "PLAN DE GUERRERO", "MONTO ASIGNADO (PESOS)": 435471, "LATITUD": 17.591111, "LONGITUD": -99.355556 }, "geometry": { "type": "Point", "coordinates": [ -99.355556, 17.591111 ] } },
{ "type": "Feature", "properties": { "NO": 1461, "ENTIDAD": "GUERRERO", "MUNICIPIO": "Tixtla de Guerrero", "PUEBLO INDIGENA O AFROMEXICANO": "NAHUA", "LOCALIDAD": "TECOZINTLA", "CLAVE LOC": 120610026, "TIPO DE ASENTAMIENTO": "COMUNIDAD INDIGENA", "NOMBRE": "TECOZINTLA", "MONTO ASIGNADO (PESOS)": 116166, "LATITUD": 17.523316, "LONGITUD": -99.356073 }, "geometry": { "type": "Point", "coordinates": [ -99.356073, 17.523316 ] } },
{ "type": "Feature", "properties": { "NO": 1462, "ENTIDAD": "GUERRERO", "MUNICIPIO": "Tixtla de Guerrero", "PUEBLO INDIGENA O AFROMEXICANO": "NAHUA", "LOCALIDAD": "ZACATZONAPA", "CLAVE LOC": 120610018, "TIPO DE ASENTAMIENTO": "COMUNIDAD INDIGENA", "NOMBRE": "ZACATZONAPA", "MONTO ASIGNADO (PESOS)": 1381089, "LATITUD": 17.50255, "LONGITUD": -99.344816 }, "geometry": { "type": "Point", "coordinates": [ -99.344816, 17.50255 ] } },
{ "type": "Feature", "properties": { "NO": 1463, "ENTIDAD": "GUERRERO", "MUNICIPIO": "Tixtla de Guerrero", "PUEBLO INDIGENA O AFROMEXICANO": "NAHUA", "LOCALIDAD": "ZOQUIAPA", "CLAVE LOC": 120610019, "TIPO DE ASENTAMIENTO": "COMUNIDAD INDIGENA", "NOMBRE": "ZOQUIAPA", "MONTO ASIGNADO (PESOS)": 1579577, "LATITUD": 17.544722, "LONGITUD": -99.276944 }, "geometry": { "type": "Point", "coordinates": [ -99.276944, 17.544722 ] } },
{ "type": "Feature", "properties": { "NO": 1464, "ENTIDAD": "GUERRERO", "MUNICIPIO": "Tlacoachistlahuaca", "PUEBLO INDIGENA O AFROMEXICANO": "MIXTECO", "LOCALIDAD": "BARRANCAESTACA", "CLAVE LOC": 120620060, "TIPO DE ASENTAMIENTO": "COMUNIDAD INDIGENA", "NOMBRE": "BARRANCA ESTACA", "MONTO ASIGNADO (PESOS)": 216546, "LATITUD": 17.120918, "LONGITUD": -98.252676 }, "geometry": { "type": "Point", "coordinates": [ -98.252676, 17.120918 ] } },
{ "type": "Feature", "properties": { "NO": 1465, "ENTIDAD": "GUERRERO", "MUNICIPIO": "Tlacoachistlahuaca", "PUEBLO INDIGENA O AFROMEXICANO": "MIXTECO", "LOCALIDAD": "BARRIODEHOJADURA(ARROYOCHIMALAPA)", "CLAVE LOC": 120620080, "TIPO DE ASENTAMIENTO": "LOCALIDAD CON POBLACION\nINDIGENA", "NOMBRE": "BARRIO DE HOJA DURA (ARROYO CHIMALAPA)", "MONTO ASIGNADO (PESOS)": 235389, "LATITUD": 16.936751, "LONGITUD": -98.460728 }, "geometry": { "type": "Point", "coordinates": [ -98.460728, 16.936751 ] } },
{ "type": "Feature", "properties": { "NO": 1466, "ENTIDAD": "GUERRERO", "MUNICIPIO": "Tlacoachistlahuaca", "PUEBLO INDIGENA O AFROMEXICANO": "NAHUA", "LOCALIDAD": "CRUZALTA", "CLAVE LOC": 120620003, "TIPO DE ASENTAMIENTO": "COMUNIDAD INDIGENA", "NOMBRE": "CRUZ ALTA", "MONTO ASIGNADO (PESOS)": 295624, "LATITUD": 16.871508, "LONGITUD": -98.4379 }, "geometry": { "type": "Point", "coordinates": [ -98.4379, 16.871508 ] } },
{ "type": "Feature", "properties": { "NO": 1467, "ENTIDAD": "GUERRERO", "MUNICIPIO": "Tlacoachistlahuaca", "PUEBLO INDIGENA O AFROMEXICANO": "MIXTECO", "LOCALIDAD": "ELCAPULIN", "CLAVE LOC": 120620002, "TIPO DE ASENTAMIENTO": "COMUNIDAD INDIGENA", "NOMBRE": "EL CAPULÍN", "MONTO ASIGNADO (PESOS)": 789395, "LATITUD": 16.920905, "LONGITUD": -98.440209 }, "geometry": { "type": "Point", "coordinates": [ -98.440209, 16.920905 ] } },
{ "type": "Feature", "properties": { "NO": 1468, "ENTIDAD": "GUERRERO", "MUNICIPIO": "Tlacoachistlahuaca", "PUEBLO INDIGENA O AFROMEXICANO": "MIXTECO", "LOCALIDAD": "ELLIMONGUADALUPE", "CLAVE LOC": 120620009, "TIPO DE ASENTAMIENTO": "COMUNIDAD INDIGENA", "NOMBRE": "EL LIMÓN GUADALUPE", "MONTO ASIGNADO (PESOS)": 675077, "LATITUD": 17.141954, "LONGITUD": -98.239334 }, "geometry": { "type": "Point", "coordinates": [ -98.239334, 17.141954 ] } },
{ "type": "Feature", "properties": { "NO": 1469, "ENTIDAD": "GUERRERO", "MUNICIPIO": "Tlacoachistlahuaca", "PUEBLO INDIGENA O AFROMEXICANO": "MIXTECO", "LOCALIDAD": "GUADALUPEMANODELEON", "CLAVE LOC": 120620006, "TIPO DE ASENTAMIENTO": "COMUNIDAD INDIGENA", "NOMBRE": "GUADALUPE MANO DE LEÓN", "MONTO ASIGNADO (PESOS)": 735377, "LATITUD": 16.891829, "LONGITUD": -98.172688 }, "geometry": { "type": "Point", "coordinates": [ -98.172688, 16.891829 ] } },
{ "type": "Feature", "properties": { "NO": 1470, "ENTIDAD": "GUERRERO", "MUNICIPIO": "Tlacoachistlahuaca", "PUEBLO INDIGENA O AFROMEXICANO": "AMUZGO", "LOCALIDAD": "HUEHUETONOC", "CLAVE LOC": 120620007, "TIPO DE ASENTAMIENTO": "COMUNIDAD INDIGENA", "NOMBRE": "HUEHUETÓNOC", "MONTO ASIGNADO (PESOS)": 1711077, "LATITUD": 16.875187, "LONGITUD": -98.233766 }, "geometry": { "type": "Point", "coordinates": [ -98.233766, 16.875187 ] } },
{ "type": "Feature", "properties": { "NO": 1471, "ENTIDAD": "GUERRERO", "MUNICIPIO": "Tlacoachistlahuaca", "PUEBLO INDIGENA O AFROMEXICANO": "MIXTECO", "LOCALIDAD": "JICAYANDETOVAR", "CLAVE LOC": 120620008, "TIPO DE ASENTAMIENTO": "COMUNIDAD INDIGENA", "NOMBRE": "JICAYÁN DE TOVAR", "MONTO ASIGNADO (PESOS)": 1948914, "LATITUD": 17.126594, "LONGITUD": -98.236334 }, "geometry": { "type": "Point", "coordinates": [ -98.236334, 17.126594 ] } },
{ "type": "Feature", "properties": { "NO": 1472, "ENTIDAD": "GUERRERO", "MUNICIPIO": "Tlacoachistlahuaca", "PUEBLO INDIGENA O AFROMEXICANO": "MIXTECO", "LOCALIDAD": "JIQUIMILLAS(JIQUILILLA)", "CLAVE LOC": 120620022, "TIPO DE ASENTAMIENTO": "COMUNIDAD INDIGENA", "NOMBRE": "JIQUIMILLAS (JIQUILILLA)", "MONTO ASIGNADO (PESOS)": 381114, "LATITUD": 16.906878, "LONGITUD": -98.308973 }, "geometry": { "type": "Point", "coordinates": [ -98.308973, 16.906878 ] } },
{ "type": "Feature", "properties": { "NO": 1473, "ENTIDAD": "GUERRERO", "MUNICIPIO": "Tlacoachistlahuaca", "PUEBLO INDIGENA O AFROMEXICANO": "MIXTECO", "LOCALIDAD": "JUQUILAYUCUCANI", "CLAVE LOC": 120620127, "TIPO DE ASENTAMIENTO": "COMUNIDAD INDIGENA", "NOMBRE": "JUQUILA YUCUCANI", "MONTO ASIGNADO (PESOS)": 472821, "LATITUD": 17.075534, "LONGITUD": -98.111983 }, "geometry": { "type": "Point", "coordinates": [ -98.111983, 17.075534 ] } },
{ "type": "Feature", "properties": { "NO": 1474, "ENTIDAD": "GUERRERO", "MUNICIPIO": "Tlacoachistlahuaca", "PUEBLO INDIGENA O AFROMEXICANO": "MIXTECO", "LOCALIDAD": "LAGUADALUPE", "CLAVE LOC": 120620005, "TIPO DE ASENTAMIENTO": "COMUNIDAD INDIGENA", "NOMBRE": "LA GUADALUPE", "MONTO ASIGNADO (PESOS)": 622314, "LATITUD": 16.938167, "LONGITUD": -98.286443 }, "geometry": { "type": "Point", "coordinates": [ -98.286443, 16.938167 ] } },
{ "type": "Feature", "properties": { "NO": 1475, "ENTIDAD": "GUERRERO", "MUNICIPIO": "Tlacoachistlahuaca", "PUEBLO INDIGENA O AFROMEXICANO": "MIXTECO", "LOCALIDAD": "LATRINIDAD", "CLAVE LOC": 120620020, "TIPO DE ASENTAMIENTO": "COMUNIDAD INDIGENA", "NOMBRE": "LA TRINIDAD", "MONTO ASIGNADO (PESOS)": 1051166, "LATITUD": 17.073647, "LONGITUD": -98.184922 }, "geometry": { "type": "Point", "coordinates": [ -98.184922, 17.073647 ] } },
{ "type": "Feature", "properties": { "NO": 1476, "ENTIDAD": "GUERRERO", "MUNICIPIO": "Tlacoachistlahuaca", "PUEBLO INDIGENA O AFROMEXICANO": "AMUZGO", "LOCALIDAD": "LASMINAS", "CLAVE LOC": 120620010, "TIPO DE ASENTAMIENTO": "COMUNIDAD INDIGENA", "NOMBRE": "LAS MINAS", "MONTO ASIGNADO (PESOS)": 448405, "LATITUD": 16.864265, "LONGITUD": -98.286104 }, "geometry": { "type": "Point", "coordinates": [ -98.286104, 16.864265 ] } },
{ "type": "Feature", "properties": { "NO": 1477, "ENTIDAD": "GUERRERO", "MUNICIPIO": "Tlacoachistlahuaca", "PUEBLO INDIGENA O AFROMEXICANO": "MIXTECO", "LOCALIDAD": "LLANODELTIGRE", "CLAVE LOC": 120620062, "TIPO DE ASENTAMIENTO": "COMUNIDAD INDIGENA", "NOMBRE": "LLANO DEL TIGRE", "MONTO ASIGNADO (PESOS)": 310764, "LATITUD": 17.040099, "LONGITUD": -98.260001 }, "geometry": { "type": "Point", "coordinates": [ -98.260001, 17.040099 ] } },
{ "type": "Feature", "properties": { "NO": 1478, "ENTIDAD": "GUERRERO", "MUNICIPIO": "Tlacoachistlahuaca", "PUEBLO INDIGENA O AFROMEXICANO": "MIXTECO", "LOCALIDAD": "LLANOGRANDE", "CLAVE LOC": 120620129, "TIPO DE ASENTAMIENTO": "LOCALIDAD CON POBLACION\nINDIGENA", "NOMBRE": "LLANO GRANDE", "MONTO ASIGNADO (PESOS)": 196446, "LATITUD": 17.149634, "LONGITUD": -98.232941 }, "geometry": { "type": "Point", "coordinates": [ -98.232941, 17.149634 ] } },
{ "type": "Feature", "properties": { "NO": 1479, "ENTIDAD": "GUERRERO", "MUNICIPIO": "Tlacoachistlahuaca", "PUEBLO INDIGENA O AFROMEXICANO": "MIXTECO", "LOCALIDAD": "LLANOZAPOTE", "CLAVE LOC": 120620096, "TIPO DE ASENTAMIENTO": "COMUNIDAD INDIGENA", "NOMBRE": "LLANO ZAPOTE", "MONTO ASIGNADO (PESOS)": 207752, "LATITUD": 17.037784, "LONGITUD": -98.247481 }, "geometry": { "type": "Point", "coordinates": [ -98.247481, 17.037784 ] } },
{ "type": "Feature", "properties": { "NO": 1480, "ENTIDAD": "GUERRERO", "MUNICIPIO": "Tlacoachistlahuaca", "PUEBLO INDIGENA O AFROMEXICANO": "MIXTECO", "LOCALIDAD": "PLANMAMEY", "CLAVE LOC": 120620051, "TIPO DE ASENTAMIENTO": "LOCALIDAD CON POBLACION\nINDIGENA", "NOMBRE": "PLAN MAMEY", "MONTO ASIGNADO (PESOS)": 201471, "LATITUD": 17.054158, "LONGITUD": -98.095433 }, "geometry": { "type": "Point", "coordinates": [ -98.095433, 17.054158 ] } },
{ "type": "Feature", "properties": { "NO": 1481, "ENTIDAD": "GUERRERO", "MUNICIPIO": "Tlacoachistlahuaca", "PUEBLO INDIGENA O AFROMEXICANO": "MIXTECO", "LOCALIDAD": "RANCHOVIEJO(RANCHONUEVODELA DEMOCRACIA)", "CLAVE LOC": 120620011, "TIPO DE ASENTAMIENTO": "COMUNIDAD INDIGENA", "NOMBRE": "RANCHO VIEJO (RANCHO NUEVO DE LA DEMOCRACIA)", "MONTO ASIGNADO (PESOS)": 1874795, "LATITUD": 17.032451, "LONGITUD": -98.223888 }, "geometry": { "type": "Point", "coordinates": [ -98.223888, 17.032451 ] } },
{ "type": "Feature", "properties": { "NO": 1482, "ENTIDAD": "GUERRERO", "MUNICIPIO": "Tlacoachistlahuaca", "PUEBLO INDIGENA O AFROMEXICANO": "MIXTECO", "LOCALIDAD": "SANCRISTOBAL", "CLAVE LOC": 120620012, "TIPO DE ASENTAMIENTO": "COMUNIDAD INDIGENA", "NOMBRE": "SAN CRISTÓBAL", "MONTO ASIGNADO (PESOS)": 1194529, "LATITUD": 16.822031, "LONGITUD": -98.403116 }, "geometry": { "type": "Point", "coordinates": [ -98.403116, 16.822031 ] } },
{ "type": "Feature", "properties": { "NO": 1483, "ENTIDAD": "GUERRERO", "MUNICIPIO": "Tlacoachistlahuaca", "PUEBLO INDIGENA O AFROMEXICANO": "MIXTECO", "LOCALIDAD": "SANISIDRO", "CLAVE LOC": 120620013, "TIPO DE ASENTAMIENTO": "COMUNIDAD INDIGENA", "NOMBRE": "SAN ISIDRO", "MONTO ASIGNADO (PESOS)": 311791, "LATITUD": 16.933308, "LONGITUD": -98.27573 }, "geometry": { "type": "Point", "coordinates": [ -98.27573, 16.933308 ] } },
{ "type": "Feature", "properties": { "NO": 1484, "ENTIDAD": "GUERRERO", "MUNICIPIO": "Tlacoachistlahuaca", "PUEBLO INDIGENA O AFROMEXICANO": "MIXTECO", "LOCALIDAD": "SANJERONIMO", "CLAVE LOC": 120620014, "TIPO DE ASENTAMIENTO": "COMUNIDAD INDIGENA", "NOMBRE": "SAN JERÓNIMO", "MONTO ASIGNADO (PESOS)": 1029339, "LATITUD": 16.877546, "LONGITUD": -98.361833 }, "geometry": { "type": "Point", "coordinates": [ -98.361833, 16.877546 ] } },
{ "type": "Feature", "properties": { "NO": 1485, "ENTIDAD": "GUERRERO", "MUNICIPIO": "Tlacoachistlahuaca", "PUEBLO INDIGENA O AFROMEXICANO": "MIXTECO", "LOCALIDAD": "SANJOSE", "CLAVE LOC": 120620065, "TIPO DE ASENTAMIENTO": "LOCALIDAD CON POBLACION\nINDIGENA", "NOMBRE": "SAN JOSÉ", "MONTO ASIGNADO (PESOS)": 314533, "LATITUD": 17.013946, "LONGITUD": -98.115537 }, "geometry": { "type": "Point", "coordinates": [ -98.115537, 17.013946 ] } },
{ "type": "Feature", "properties": { "NO": 1486, "ENTIDAD": "GUERRERO", "MUNICIPIO": "Tlacoachistlahuaca", "PUEBLO INDIGENA O AFROMEXICANO": "MIXTECO", "LOCALIDAD": "SANMARTIN", "CLAVE LOC": 120620015, "TIPO DE ASENTAMIENTO": "COMUNIDAD INDIGENA", "NOMBRE": "SAN MARTÍN", "MONTO ASIGNADO (PESOS)": 521814, "LATITUD": 16.923945, "LONGITUD": -98.289114 }, "geometry": { "type": "Point", "coordinates": [ -98.289114, 16.923945 ] } },
{ "type": "Feature", "properties": { "NO": 1487, "ENTIDAD": "GUERRERO", "MUNICIPIO": "Tlacoachistlahuaca", "PUEBLO INDIGENA O AFROMEXICANO": "MIXTECO", "LOCALIDAD": "SANPEDROCUITLAPAN", "CLAVE LOC": 120620017, "TIPO DE ASENTAMIENTO": "COMUNIDAD INDIGENA", "NOMBRE": "SAN PEDRO CUITLAPAN", "MONTO ASIGNADO (PESOS)": 1788114, "LATITUD": 16.973101, "LONGITUD": -98.251643 }, "geometry": { "type": "Point", "coordinates": [ -98.251643, 16.973101 ] } },
{ "type": "Feature", "properties": { "NO": 1488, "ENTIDAD": "GUERRERO", "MUNICIPIO": "Tlacoachistlahuaca", "PUEBLO INDIGENA O AFROMEXICANO": "MIXTECO", "LOCALIDAD": "SANTACRUZYUCUCANI", "CLAVE LOC": 120620018, "TIPO DE ASENTAMIENTO": "LOCALIDAD CON POBLACION\nINDIGENA", "NOMBRE": "SANTA CRUZ YUCUCANI", "MONTO ASIGNADO (PESOS)": 1806958, "LATITUD": 17.07579, "LONGITUD": -98.113162 }, "geometry": { "type": "Point", "coordinates": [ -98.113162, 17.07579 ] } },
{ "type": "Feature", "properties": { "NO": 1489, "ENTIDAD": "GUERRERO", "MUNICIPIO": "Tlacoachistlahuaca", "PUEBLO INDIGENA O AFROMEXICANO": "MIXTECO", "LOCALIDAD": "TERREROVENADO", "CLAVE LOC": 120620019, "TIPO DE ASENTAMIENTO": "COMUNIDAD INDIGENA", "NOMBRE": "TERRERO VENADO", "MONTO ASIGNADO (PESOS)": 1074564, "LATITUD": 16.941254, "LONGITUD": -98.337937 }, "geometry": { "type": "Point", "coordinates": [ -98.337937, 16.941254 ] } },
{ "type": "Feature", "properties": { "NO": 1490, "ENTIDAD": "GUERRERO", "MUNICIPIO": "Tlacoachistlahuaca", "PUEBLO INDIGENA O AFROMEXICANO": "MIXTECO", "LOCALIDAD": "TIERRACOLORADA", "CLAVE LOC": 120620098, "TIPO DE ASENTAMIENTO": "LOCALIDAD CON POBLACION\nINDIGENA", "NOMBRE": "TIERRA COLORADA", "MONTO ASIGNADO (PESOS)": 161271, "LATITUD": 17.064849, "LONGITUD": -98.112356 }, "geometry": { "type": "Point", "coordinates": [ -98.112356, 17.064849 ] } },
{ "type": "Feature", "properties": { "NO": 1491, "ENTIDAD": "GUERRERO", "MUNICIPIO": "Tlacoachistlahuaca", "PUEBLO INDIGENA O AFROMEXICANO": "AMUZGO", "LOCALIDAD": "TLACOACHISTLAHUACA", "CLAVE LOC": 120620001, "TIPO DE ASENTAMIENTO": "COMUNIDAD INDIGENA", "NOMBRE": "TLACOACHISTLAHUACA", "MONTO ASIGNADO (PESOS)": 3512122, "LATITUD": 16.809909, "LONGITUD": -98.301749 }, "geometry": { "type": "Point", "coordinates": [ -98.301749, 16.809909 ] } },
{ "type": "Feature", "properties": { "NO": 1492, "ENTIDAD": "GUERRERO", "MUNICIPIO": "Tlacoachistlahuaca", "PUEBLO INDIGENA O AFROMEXICANO": "MIXTECO", "LOCALIDAD": "YOLOXOCHITL(SANTIAGOYOLOXOCHITL)", "CLAVE LOC": 120620021, "TIPO DE ASENTAMIENTO": "COMUNIDAD INDIGENA", "NOMBRE": "YOLOXÓCHITL (SANTIAGO YOLOXÓCHITL)", "MONTO ASIGNADO (PESOS)": 1048183, "LATITUD": 17.006416, "LONGITUD": -98.221982 }, "geometry": { "type": "Point", "coordinates": [ -98.221982, 17.006416 ] } },
{ "type": "Feature", "properties": { "NO": 1493, "ENTIDAD": "GUERRERO", "MUNICIPIO": "Tlacoapa", "PUEBLO INDIGENA O AFROMEXICANO": "ME’PHAA\n(TLAPANECO)", "LOCALIDAD": "AGUAZARCA", "CLAVE LOC": 120630037, "TIPO DE ASENTAMIENTO": "COMUNIDAD INDIGENA", "NOMBRE": "AGUA ZARCA", "MONTO ASIGNADO (PESOS)": 244183, "LATITUD": 17.171395, "LONGITUD": -98.810655 }, "geometry": { "type": "Point", "coordinates": [ -98.810655, 17.171395 ] } },
{ "type": "Feature", "properties": { "NO": 1494, "ENTIDAD": "GUERRERO", "MUNICIPIO": "Tlacoapa", "PUEBLO INDIGENA O AFROMEXICANO": "ME’PHAA\n(TLAPANECO)", "LOCALIDAD": "AHUEHUETE", "CLAVE LOC": 120630002, "TIPO DE ASENTAMIENTO": "COMUNIDAD INDIGENA", "NOMBRE": "AHUEHUETE", "MONTO ASIGNADO (PESOS)": 547410, "LATITUD": 17.276964, "LONGITUD": -98.759434 }, "geometry": { "type": "Point", "coordinates": [ -98.759434, 17.276964 ] } },
{ "type": "Feature", "properties": { "NO": 1495, "ENTIDAD": "GUERRERO", "MUNICIPIO": "Tlacoapa", "PUEBLO INDIGENA O AFROMEXICANO": "ME’PHAA\n(TLAPANECO)", "LOCALIDAD": "AHUEJUYOSASALTADOS(ELAHUEJUYO)", "CLAVE LOC": 120630018, "TIPO DE ASENTAMIENTO": "COMUNIDAD INDIGENA", "NOMBRE": "AHUEJUYOS ASALTADOS (EL AHUEJUYO)", "MONTO ASIGNADO (PESOS)": 377346, "LATITUD": 17.130866, "LONGITUD": -98.814211 }, "geometry": { "type": "Point", "coordinates": [ -98.814211, 17.130866 ] } },
{ "type": "Feature", "properties": { "NO": 1496, "ENTIDAD": "GUERRERO", "MUNICIPIO": "Tlacoapa", "PUEBLO INDIGENA O AFROMEXICANO": "ME’PHAA\n(TLAPANECO)", "LOCALIDAD": "BARRANCANOPALERA", "CLAVE LOC": 120630020, "TIPO DE ASENTAMIENTO": "COMUNIDAD INDIGENA", "NOMBRE": "BARRANCA NOPALERA", "MONTO ASIGNADO (PESOS)": 251721, "LATITUD": 17.263399, "LONGITUD": -98.758338 }, "geometry": { "type": "Point", "coordinates": [ -98.758338, 17.263399 ] } },
{ "type": "Feature", "properties": { "NO": 1497, "ENTIDAD": "GUERRERO", "MUNICIPIO": "Tlacoapa", "PUEBLO INDIGENA O AFROMEXICANO": "ME’PHAA\n(TLAPANECO)", "LOCALIDAD": "BARRANCAZORRO(RANCHOMANUEL GALEANA)", "CLAVE LOC": 120630062, "TIPO DE ASENTAMIENTO": "LOCALIDAD CON POBLACION\nINDIGENA", "NOMBRE": "BARRANCA ZORRO (RANCHO MANUEL GALEANA)", "MONTO ASIGNADO (PESOS)": 162527, "LATITUD": 17.207278, "LONGITUD": -98.802379 }, "geometry": { "type": "Point", "coordinates": [ -98.802379, 17.207278 ] } },
{ "type": "Feature", "properties": { "NO": 1498, "ENTIDAD": "GUERRERO", "MUNICIPIO": "Tlacoapa", "PUEBLO INDIGENA O AFROMEXICANO": "ME’PHAA\n(TLAPANECO)", "LOCALIDAD": "BUENAVISTA", "CLAVE LOC": 120630026, "TIPO DE ASENTAMIENTO": "COMUNIDAD INDIGENA", "NOMBRE": "BUENA VISTA", "MONTO ASIGNADO (PESOS)": 475333, "LATITUD": 17.214591, "LONGITUD": -98.833231 }, "geometry": { "type": "Point", "coordinates": [ -98.833231, 17.214591 ] } },
{ "type": "Feature", "properties": { "NO": 1499, "ENTIDAD": "GUERRERO", "MUNICIPIO": "Tlacoapa", "PUEBLO INDIGENA O AFROMEXICANO": "ME’PHAA\n(TLAPANECO)", "LOCALIDAD": "CHIRIMOYO", "CLAVE LOC": 120630005, "TIPO DE ASENTAMIENTO": "COMUNIDAD INDIGENA", "NOMBRE": "CHIRIMOYO", "MONTO ASIGNADO (PESOS)": 322071, "LATITUD": 17.260011, "LONGITUD": -98.712405 }, "geometry": { "type": "Point", "coordinates": [ -98.712405, 17.260011 ] } },
{ "type": "Feature", "properties": { "NO": 1500, "ENTIDAD": "GUERRERO", "MUNICIPIO": "Tlacoapa", "PUEBLO INDIGENA O AFROMEXICANO": "ME’PHAA\n(TLAPANECO)", "LOCALIDAD": "CRUZDEGALLO", "CLAVE LOC": 120630023, "TIPO DE ASENTAMIENTO": "COMUNIDAD INDIGENA", "NOMBRE": "CRUZ DE GALLO", "MONTO ASIGNADO (PESOS)": 193769, "LATITUD": 17.263803, "LONGITUD": -98.731225 }, "geometry": { "type": "Point", "coordinates": [ -98.731225, 17.263803 ] } },
{ "type": "Feature", "properties": { "NO": 1501, "ENTIDAD": "GUERRERO", "MUNICIPIO": "Tlacoapa", "PUEBLO INDIGENA O AFROMEXICANO": "ME’PHAA\n(TLAPANECO)", "LOCALIDAD": "CUATROCAMINOS(TIERRACOLORADA)", "CLAVE LOC": 120630049, "TIPO DE ASENTAMIENTO": "LOCALIDAD CON POBLACION\nINDIGENA", "NOMBRE": "CUATRO CAMINOS (TIERRA COLORADA)", "MONTO ASIGNADO (PESOS)": 154989, "LATITUD": 17.313212, "LONGITUD": -98.725742 }, "geometry": { "type": "Point", "coordinates": [ -98.725742, 17.313212 ] } },
{ "type": "Feature", "properties": { "NO": 1502, "ENTIDAD": "GUERRERO", "MUNICIPIO": "Tlacoapa", "PUEBLO INDIGENA O AFROMEXICANO": "ME’PHAA\n(TLAPANECO)", "LOCALIDAD": "ELCAMPANARIO", "CLAVE LOC": 120630003, "TIPO DE ASENTAMIENTO": "COMUNIDAD INDIGENA", "NOMBRE": "EL CAMPANARIO", "MONTO ASIGNADO (PESOS)": 349708, "LATITUD": 17.225467, "LONGITUD": -98.744845 }, "geometry": { "type": "Point", "coordinates": [ -98.744845, 17.225467 ] } },
{ "type": "Feature", "properties": { "NO": 1503, "ENTIDAD": "GUERRERO", "MUNICIPIO": "Tlacoapa", "PUEBLO INDIGENA O AFROMEXICANO": "ME’PHAA\n(TLAPANECO)", "LOCALIDAD": "ELCAPULIN", "CLAVE LOC": 120630004, "TIPO DE ASENTAMIENTO": "COMUNIDAD INDIGENA", "NOMBRE": "EL CAPULÍN", "MONTO ASIGNADO (PESOS)": 283127, "LATITUD": 17.314322, "LONGITUD": -98.69654 }, "geometry": { "type": "Point", "coordinates": [ -98.69654, 17.314322 ] } },
{ "type": "Feature", "properties": { "NO": 1504, "ENTIDAD": "GUERRERO", "MUNICIPIO": "Tlacoapa", "PUEBLO INDIGENA O AFROMEXICANO": "ME’PHAA\n(TLAPANECO)", "LOCALIDAD": "ELCARRIZAL", "CLAVE LOC": 120630022, "TIPO DE ASENTAMIENTO": "COMUNIDAD INDIGENA", "NOMBRE": "EL CARRIZAL", "MONTO ASIGNADO (PESOS)": 383627, "LATITUD": 17.157624, "LONGITUD": -98.832487 }, "geometry": { "type": "Point", "coordinates": [ -98.832487, 17.157624 ] } },
{ "type": "Feature", "properties": { "NO": 1505, "ENTIDAD": "GUERRERO", "MUNICIPIO": "Tlacoapa", "PUEBLO INDIGENA O AFROMEXICANO": "ME’PHAA\n(TLAPANECO)", "LOCALIDAD": "ELDURAZNAL", "CLAVE LOC": 120630069, "TIPO DE ASENTAMIENTO": "COMUNIDAD INDIGENA", "NOMBRE": "EL DURAZNAL", "MONTO ASIGNADO (PESOS)": 191421, "LATITUD": 17.268732, "LONGITUD": -98.722017 }, "geometry": { "type": "Point", "coordinates": [ -98.722017, 17.268732 ] } },
{ "type": "Feature", "properties": { "NO": 1506, "ENTIDAD": "GUERRERO", "MUNICIPIO": "Tlacoapa", "PUEBLO INDIGENA O AFROMEXICANO": "ME’PHAA\n(TLAPANECO)", "LOCALIDAD": "ELMIRADOR", "CLAVE LOC": 120630008, "TIPO DE ASENTAMIENTO": "COMUNIDAD INDIGENA", "NOMBRE": "EL MIRADOR", "MONTO ASIGNADO (PESOS)": 258002, "LATITUD": 17.221207, "LONGITUD": -98.763226 }, "geometry": { "type": "Point", "coordinates": [ -98.763226, 17.221207 ] } },
{ "type": "Feature", "properties": { "NO": 1507, "ENTIDAD": "GUERRERO", "MUNICIPIO": "Tlacoapa", "PUEBLO INDIGENA O AFROMEXICANO": "ME’PHAA\n(TLAPANECO)", "LOCALIDAD": "JUQUILITA", "CLAVE LOC": 120630071, "TIPO DE ASENTAMIENTO": "LOCALIDAD CON POBLACION\nINDIGENA", "NOMBRE": "JUQUILITA", "MONTO ASIGNADO (PESOS)": 298202, "LATITUD": 17.204948, "LONGITUD": -98.816418 }, "geometry": { "type": "Point", "coordinates": [ -98.816418, 17.204948 ] } },
{ "type": "Feature", "properties": { "NO": 1508, "ENTIDAD": "GUERRERO", "MUNICIPIO": "Tlacoapa", "PUEBLO INDIGENA O AFROMEXICANO": "ME’PHAA\n(TLAPANECO)", "LOCALIDAD": "LAMAGUEYERA", "CLAVE LOC": 120630050, "TIPO DE ASENTAMIENTO": "COMUNIDAD INDIGENA", "NOMBRE": "LA MAGUEYERA", "MONTO ASIGNADO (PESOS)": 167552, "LATITUD": 17.293961, "LONGITUD": -98.695246 }, "geometry": { "type": "Point", "coordinates": [ -98.695246, 17.293961 ] } },
{ "type": "Feature", "properties": { "NO": 1509, "ENTIDAD": "GUERRERO", "MUNICIPIO": "Tlacoapa", "PUEBLO INDIGENA O AFROMEXICANO": "ME’PHAA\n(TLAPANECO)", "LOCALIDAD": "LLANOVERDE", "CLAVE LOC": 120630065, "TIPO DE ASENTAMIENTO": "COMUNIDAD INDIGENA", "NOMBRE": "LLANO VERDE", "MONTO ASIGNADO (PESOS)": 200214, "LATITUD": 17.212299, "LONGITUD": -98.789 }, "geometry": { "type": "Point", "coordinates": [ -98.789, 17.212299 ] } },
{ "type": "Feature", "properties": { "NO": 1510, "ENTIDAD": "GUERRERO", "MUNICIPIO": "Tlacoapa", "PUEBLO INDIGENA O AFROMEXICANO": "ME’PHAA\n(TLAPANECO)", "LOCALIDAD": "LOSMANGOS(CUADRILLALOSMANGOS)", "CLAVE LOC": 120630021, "TIPO DE ASENTAMIENTO": "COMUNIDAD INDIGENA", "NOMBRE": "LOS MANGOS (CUADRILLA LOS MANGOS)", "MONTO ASIGNADO (PESOS)": 154989, "LATITUD": 17.139365, "LONGITUD": -98.832389 }, "geometry": { "type": "Point", "coordinates": [ -98.832389, 17.139365 ] } },
{ "type": "Feature", "properties": { "NO": 1511, "ENTIDAD": "GUERRERO", "MUNICIPIO": "Tlacoapa", "PUEBLO INDIGENA O AFROMEXICANO": "ME’PHAA\n(TLAPANECO)", "LOCALIDAD": "METLAPILAPA", "CLAVE LOC": 120630007, "TIPO DE ASENTAMIENTO": "COMUNIDAD INDIGENA", "NOMBRE": "METLAPILAPA", "MONTO ASIGNADO (PESOS)": 331192, "LATITUD": 17.088163, "LONGITUD": -98.841755 }, "geometry": { "type": "Point", "coordinates": [ -98.841755, 17.088163 ] } },
{ "type": "Feature", "properties": { "NO": 1512, "ENTIDAD": "GUERRERO", "MUNICIPIO": "Tlacoapa", "PUEBLO INDIGENA O AFROMEXICANO": "ME’PHAA\n(TLAPANECO)", "LOCALIDAD": "PIEDRAESCALERA", "CLAVE LOC": 120630009, "TIPO DE ASENTAMIENTO": "COMUNIDAD INDIGENA", "NOMBRE": "PIEDRA ESCALERA", "MONTO ASIGNADO (PESOS)": 202727, "LATITUD": 17.303971, "LONGITUD": -98.755802 }, "geometry": { "type": "Point", "coordinates": [ -98.755802, 17.303971 ] } },
{ "type": "Feature", "properties": { "NO": 1513, "ENTIDAD": "GUERRERO", "MUNICIPIO": "Tlacoapa", "PUEBLO INDIGENA O AFROMEXICANO": "ME’PHAA\n(TLAPANECO)", "LOCALIDAD": "PLANDEGUADALUPE", "CLAVE LOC": 120630006, "TIPO DE ASENTAMIENTO": "COMUNIDAD INDIGENA", "NOMBRE": "PLAN DE GUADALUPE", "MONTO ASIGNADO (PESOS)": 329608, "LATITUD": 17.245413, "LONGITUD": -98.729536 }, "geometry": { "type": "Point", "coordinates": [ -98.729536, 17.245413 ] } },
{ "type": "Feature", "properties": { "NO": 1514, "ENTIDAD": "GUERRERO", "MUNICIPIO": "Tlacoapa", "PUEBLO INDIGENA O AFROMEXICANO": "ME’PHAA\n(TLAPANECO)", "LOCALIDAD": "PLANJACARANDA", "CLAVE LOC": 120630068, "TIPO DE ASENTAMIENTO": "COMUNIDAD INDIGENA", "NOMBRE": "PLAN JACARANDA", "MONTO ASIGNADO (PESOS)": 142427, "LATITUD": 17.216342, "LONGITUD": -98.812458 }, "geometry": { "type": "Point", "coordinates": [ -98.812458, 17.216342 ] } },
{ "type": "Feature", "properties": { "NO": 1515, "ENTIDAD": "GUERRERO", "MUNICIPIO": "Tlacoapa", "PUEBLO INDIGENA O AFROMEXICANO": "ME’PHAA\n(TLAPANECO)", "LOCALIDAD": "SABANA", "CLAVE LOC": 120630011, "TIPO DE ASENTAMIENTO": "COMUNIDAD INDIGENA", "NOMBRE": "SABANA", "MONTO ASIGNADO (PESOS)": 440158, "LATITUD": 17.32707, "LONGITUD": -98.722935 }, "geometry": { "type": "Point", "coordinates": [ -98.722935, 17.32707 ] } },
{ "type": "Feature", "properties": { "NO": 1516, "ENTIDAD": "GUERRERO", "MUNICIPIO": "Tlacoapa", "PUEBLO INDIGENA O AFROMEXICANO": "ME’PHAA\n(TLAPANECO)", "LOCALIDAD": "SABINODEGUADALUPE", "CLAVE LOC": 120630012, "TIPO DE ASENTAMIENTO": "COMUNIDAD INDIGENA", "NOMBRE": "SABINO DE GUADALUPE", "MONTO ASIGNADO (PESOS)": 207752, "LATITUD": 17.217646, "LONGITUD": -98.788828 }, "geometry": { "type": "Point", "coordinates": [ -98.788828, 17.217646 ] } },
{ "type": "Feature", "properties": { "NO": 1517, "ENTIDAD": "GUERRERO", "MUNICIPIO": "Tlacoapa", "PUEBLO INDIGENA O AFROMEXICANO": "ME’PHAA\n(TLAPANECO)", "LOCALIDAD": "SANJOSELAGUNA", "CLAVE LOC": 120630040, "TIPO DE ASENTAMIENTO": "COMUNIDAD INDIGENA", "NOMBRE": "SAN JOSÉ LAGUNA", "MONTO ASIGNADO (PESOS)": 196446, "LATITUD": 17.263826, "LONGITUD": -98.799774 }, "geometry": { "type": "Point", "coordinates": [ -98.799774, 17.263826 ] } },
{ "type": "Feature", "properties": { "NO": 1518, "ENTIDAD": "GUERRERO", "MUNICIPIO": "Tlacoapa", "PUEBLO INDIGENA O AFROMEXICANO": "ME’PHAA\n(TLAPANECO)", "LOCALIDAD": "SANMARCOS", "CLAVE LOC": 120630051, "TIPO DE ASENTAMIENTO": "COMUNIDAD INDIGENA", "NOMBRE": "SAN MARCOS", "MONTO ASIGNADO (PESOS)": 181371, "LATITUD": 17.275998, "LONGITUD": -98.710623 }, "geometry": { "type": "Point", "coordinates": [ -98.710623, 17.275998 ] } },
{ "type": "Feature", "properties": { "NO": 1519, "ENTIDAD": "GUERRERO", "MUNICIPIO": "Tlacoapa", "PUEBLO INDIGENA O AFROMEXICANO": "ME’PHAA\n(TLAPANECO)", "LOCALIDAD": "SANMIGUELBUENAVISTA", "CLAVE LOC": 120630036, "TIPO DE ASENTAMIENTO": "COMUNIDAD INDIGENA", "NOMBRE": "SAN MIGUEL BUENAVISTA", "MONTO ASIGNADO (PESOS)": 241671, "LATITUD": 17.297602, "LONGITUD": -98.726582 }, "geometry": { "type": "Point", "coordinates": [ -98.726582, 17.297602 ] } },
{ "type": "Feature", "properties": { "NO": 1520, "ENTIDAD": "GUERRERO", "MUNICIPIO": "Tlacoapa", "PUEBLO INDIGENA O AFROMEXICANO": "ME’PHAA\n(TLAPANECO)", "LOCALIDAD": "SANMIGUELTENAMAZAPA(SANMIGUELITO)", "CLAVE LOC": 120630034, "TIPO DE ASENTAMIENTO": "LOCALIDAD CON POBLACION\nINDIGENA", "NOMBRE": "SAN MIGUEL TENAMAZAPA (SAN MIGUELITO)", "MONTO ASIGNADO (PESOS)": 438902, "LATITUD": 17.200622, "LONGITUD": -98.805588 }, "geometry": { "type": "Point", "coordinates": [ -98.805588, 17.200622 ] } },
{ "type": "Feature", "properties": { "NO": 1521, "ENTIDAD": "GUERRERO", "MUNICIPIO": "Tlacoapa", "PUEBLO INDIGENA O AFROMEXICANO": "ME’PHAA\n(TLAPANECO)", "LOCALIDAD": "TECOLUTLA", "CLAVE LOC": 120630019, "TIPO DE ASENTAMIENTO": "COMUNIDAD INDIGENA", "NOMBRE": "TECOLUTLA", "MONTO ASIGNADO (PESOS)": 269308, "LATITUD": 17.315439, "LONGITUD": -98.736284 }, "geometry": { "type": "Point", "coordinates": [ -98.736284, 17.315439 ] } },
{ "type": "Feature", "properties": { "NO": 1522, "ENTIDAD": "GUERRERO", "MUNICIPIO": "Tlacoapa", "PUEBLO INDIGENA O AFROMEXICANO": "ME’PHAA\n(TLAPANECO)", "LOCALIDAD": "TENAMAZAPA", "CLAVE LOC": 120630013, "TIPO DE ASENTAMIENTO": "COMUNIDAD INDIGENA", "NOMBRE": "TENAMAZAPA", "MONTO ASIGNADO (PESOS)": 1271010, "LATITUD": 17.215732, "LONGITUD": -98.825881 }, "geometry": { "type": "Point", "coordinates": [ -98.825881, 17.215732 ] } },
{ "type": "Feature", "properties": { "NO": 1523, "ENTIDAD": "GUERRERO", "MUNICIPIO": "Tlacoapa", "PUEBLO INDIGENA O AFROMEXICANO": "ME’PHAA\n(TLAPANECO)", "LOCALIDAD": "TEPETATES", "CLAVE LOC": 120630028, "TIPO DE ASENTAMIENTO": "COMUNIDAD INDIGENA", "NOMBRE": "TEPETATES", "MONTO ASIGNADO (PESOS)": 207752, "LATITUD": 17.325814, "LONGITUD": -98.734934 }, "geometry": { "type": "Point", "coordinates": [ -98.734934, 17.325814 ] } },
{ "type": "Feature", "properties": { "NO": 1524, "ENTIDAD": "GUERRERO", "MUNICIPIO": "Tlacoapa", "PUEBLO INDIGENA O AFROMEXICANO": "ME’PHAA\n(TLAPANECO)", "LOCALIDAD": "TLACOAPA", "CLAVE LOC": 120630001, "TIPO DE ASENTAMIENTO": "COMUNIDAD INDIGENA", "NOMBRE": "TLACOAPA", "MONTO ASIGNADO (PESOS)": 475489, "LATITUD": 17.259948, "LONGITUD": -98.748211 }, "geometry": { "type": "Point", "coordinates": [ -98.748211, 17.259948 ] } },
{ "type": "Feature", "properties": { "NO": 1525, "ENTIDAD": "GUERRERO", "MUNICIPIO": "Tlacoapa", "PUEBLO INDIGENA O AFROMEXICANO": "ME’PHAA\n(TLAPANECO)", "LOCALIDAD": "TLACOTEPEC", "CLAVE LOC": 120630014, "TIPO DE ASENTAMIENTO": "COMUNIDAD INDIGENA", "NOMBRE": "TLACOTEPEC", "MONTO ASIGNADO (PESOS)": 651208, "LATITUD": 17.246961, "LONGITUD": -98.765371 }, "geometry": { "type": "Point", "coordinates": [ -98.765371, 17.246961 ] } },
{ "type": "Feature", "properties": { "NO": 1526, "ENTIDAD": "GUERRERO", "MUNICIPIO": "Tlacoapa", "PUEBLO INDIGENA O AFROMEXICANO": "ME’PHAA\n(TLAPANECO)", "LOCALIDAD": "TOTOMIXTLAHUACA", "CLAVE LOC": 120630015, "TIPO DE ASENTAMIENTO": "COMUNIDAD INDIGENA", "NOMBRE": "TOTOMIXTLAHUACA", "MONTO ASIGNADO (PESOS)": 1015880, "LATITUD": 17.157838, "LONGITUD": -98.802754 }, "geometry": { "type": "Point", "coordinates": [ -98.802754, 17.157838 ] } },
{ "type": "Feature", "properties": { "NO": 1527, "ENTIDAD": "GUERRERO", "MUNICIPIO": "Tlacoapa", "PUEBLO INDIGENA O AFROMEXICANO": "ME’PHAA\n(TLAPANECO)", "LOCALIDAD": "VISTAHERMOSA", "CLAVE LOC": 120630041, "TIPO DE ASENTAMIENTO": "COMUNIDAD INDIGENA", "NOMBRE": "VISTA HERMOSA", "MONTO ASIGNADO (PESOS)": 201471, "LATITUD": 17.216333, "LONGITUD": -98.816638 }, "geometry": { "type": "Point", "coordinates": [ -98.816638, 17.216333 ] } },
{ "type": "Feature", "properties": { "NO": 1528, "ENTIDAD": "GUERRERO", "MUNICIPIO": "Tlacoapa", "PUEBLO INDIGENA O AFROMEXICANO": "ME’PHAA\n(TLAPANECO)", "LOCALIDAD": "XOCHISTLAHUACA", "CLAVE LOC": 120630010, "TIPO DE ASENTAMIENTO": "COMUNIDAD INDIGENA", "NOMBRE": "XOCHISTLAHUACA", "MONTO ASIGNADO (PESOS)": 324583, "LATITUD": 17.13949, "LONGITUD": -98.848168 }, "geometry": { "type": "Point", "coordinates": [ -98.848168, 17.13949 ] } },
{ "type": "Feature", "properties": { "NO": 1529, "ENTIDAD": "GUERRERO", "MUNICIPIO": "Tlacoapa", "PUEBLO INDIGENA O AFROMEXICANO": "ME’PHAA\n(TLAPANECO)", "LOCALIDAD": "XOCOAPA", "CLAVE LOC": 120630016, "TIPO DE ASENTAMIENTO": "COMUNIDAD INDIGENA", "NOMBRE": "XOCOAPA", "MONTO ASIGNADO (PESOS)": 494177, "LATITUD": 17.216481, "LONGITUD": -98.776567 }, "geometry": { "type": "Point", "coordinates": [ -98.776567, 17.216481 ] } },
{ "type": "Feature", "properties": { "NO": 1530, "ENTIDAD": "GUERRERO", "MUNICIPIO": "Tlacoapa", "PUEBLO INDIGENA O AFROMEXICANO": "ME’PHAA\n(TLAPANECO)", "LOCALIDAD": "XONACATEPEC", "CLAVE LOC": 120630060, "TIPO DE ASENTAMIENTO": "COMUNIDAD INDIGENA", "NOMBRE": "XONACATEPEC", "MONTO ASIGNADO (PESOS)": 127352, "LATITUD": 17.260521, "LONGITUD": -98.795787 }, "geometry": { "type": "Point", "coordinates": [ -98.795787, 17.260521 ] } },
{ "type": "Feature", "properties": { "NO": 1531, "ENTIDAD": "GUERRERO", "MUNICIPIO": "Tlalixtaquilla de Maldonado", "PUEBLO INDIGENA O AFROMEXICANO": "ME’PHAA\n(TLAPANECO)", "LOCALIDAD": "CANNANCIUDADDELALUZ", "CLAVE LOC": 120650026, "TIPO DE ASENTAMIENTO": "COMUNIDAD INDIGENA", "NOMBRE": "CANNÁN CIUDAD DE LA LUZ", "MONTO ASIGNADO (PESOS)": 621058, "LATITUD": 17.611276, "LONGITUD": -98.480804 }, "geometry": { "type": "Point", "coordinates": [ -98.480804, 17.611276 ] } },
{ "type": "Feature", "properties": { "NO": 1532, "ENTIDAD": "GUERRERO", "MUNICIPIO": "Tlalixtaquilla de Maldonado", "PUEBLO INDIGENA O AFROMEXICANO": "MIXTECO", "LOCALIDAD": "LARIVERA", "CLAVE LOC": 120650007, "TIPO DE ASENTAMIENTO": "COMUNIDAD INDIGENA", "NOMBRE": "LA RIVERA", "MONTO ASIGNADO (PESOS)": 261672, "LATITUD": 17.578821, "LONGITUD": -98.401915 }, "geometry": { "type": "Point", "coordinates": [ -98.401915, 17.578821 ] } },
{ "type": "Feature", "properties": { "NO": 1533, "ENTIDAD": "GUERRERO", "MUNICIPIO": "Tlalixtaquilla de Maldonado", "PUEBLO INDIGENA O AFROMEXICANO": "ME’PHAA\n(TLAPANECO)", "LOCALIDAD": "MEXQUITITLAN", "CLAVE LOC": 120650005, "TIPO DE ASENTAMIENTO": "COMUNIDAD INDIGENA", "NOMBRE": "MEXQUITITLÁN", "MONTO ASIGNADO (PESOS)": 356251, "LATITUD": 17.577353, "LONGITUD": -98.458623 }, "geometry": { "type": "Point", "coordinates": [ -98.458623, 17.577353 ] } },
{ "type": "Feature", "properties": { "NO": 1534, "ENTIDAD": "GUERRERO", "MUNICIPIO": "Tlalixtaquilla de Maldonado", "PUEBLO INDIGENA O AFROMEXICANO": "MIXTECO", "LOCALIDAD": "SANTACRUZ", "CLAVE LOC": 120650008, "TIPO DE ASENTAMIENTO": "COMUNIDAD INDIGENA", "NOMBRE": "SANTA CRUZ", "MONTO ASIGNADO (PESOS)": 1729070, "LATITUD": 17.531377, "LONGITUD": -98.400649 }, "geometry": { "type": "Point", "coordinates": [ -98.400649, 17.531377 ] } },
{ "type": "Feature", "properties": { "NO": 1535, "ENTIDAD": "GUERRERO", "MUNICIPIO": "Tlapa de Comonfort", "PUEBLO INDIGENA O AFROMEXICANO": "NAHUA", "LOCALIDAD": "ACATENCO", "CLAVE LOC": 120660063, "TIPO DE ASENTAMIENTO": "COMUNIDAD INDIGENA", "NOMBRE": "ACATENCO", "MONTO ASIGNADO (PESOS)": 368552, "LATITUD": 17.634693, "LONGITUD": -98.630115 }, "geometry": { "type": "Point", "coordinates": [ -98.630115, 17.634693 ] } },
{ "type": "Feature", "properties": { "NO": 1536, "ENTIDAD": "GUERRERO", "MUNICIPIO": "Tlapa de Comonfort", "PUEBLO INDIGENA O AFROMEXICANO": "NAHUA", "LOCALIDAD": "AHUATEPECEJIDO", "CLAVE LOC": 120660036, "TIPO DE ASENTAMIENTO": "COMUNIDAD INDIGENA", "NOMBRE": "AHUATEPEC EJIDO", "MONTO ASIGNADO (PESOS)": 796812, "LATITUD": 17.544287, "LONGITUD": -98.598414 }, "geometry": { "type": "Point", "coordinates": [ -98.598414, 17.544287 ] } },
{ "type": "Feature", "properties": { "NO": 1537, "ENTIDAD": "GUERRERO", "MUNICIPIO": "Tlapa de Comonfort", "PUEBLO INDIGENA O AFROMEXICANO": "NAHUA", "LOCALIDAD": "AHUATEPECPUEBLO", "CLAVE LOC": 120660002, "TIPO DE ASENTAMIENTO": "COMUNIDAD INDIGENA", "NOMBRE": "AHUATEPEC PUEBLO", "MONTO ASIGNADO (PESOS)": 1098334, "LATITUD": 17.607737, "LONGITUD": -98.593686 }, "geometry": { "type": "Point", "coordinates": [ -98.593686, 17.607737 ] } },
{ "type": "Feature", "properties": { "NO": 1538, "ENTIDAD": "GUERRERO", "MUNICIPIO": "Tlapa de Comonfort", "PUEBLO INDIGENA O AFROMEXICANO": "MIXTECO", "LOCALIDAD": "ALPOYECANCINGO", "CLAVE LOC": 120660003, "TIPO DE ASENTAMIENTO": "COMUNIDAD INDIGENA", "NOMBRE": "ALPOYECANCINGO", "MONTO ASIGNADO (PESOS)": 411264, "LATITUD": 17.439858, "LONGITUD": -98.505856 }, "geometry": { "type": "Point", "coordinates": [ -98.505856, 17.439858 ] } },
{ "type": "Feature", "properties": { "NO": 1539, "ENTIDAD": "GUERRERO", "MUNICIPIO": "Tlapa de Comonfort", "PUEBLO INDIGENA O AFROMEXICANO": "MIXTECO", "LOCALIDAD": "AMATEAMARILLO", "CLAVE LOC": 120660033, "TIPO DE ASENTAMIENTO": "COMUNIDAD INDIGENA", "NOMBRE": "AMATE AMARILLO", "MONTO ASIGNADO (PESOS)": 269308, "LATITUD": 17.522904, "LONGITUD": -98.47452 }, "geometry": { "type": "Point", "coordinates": [ -98.47452, 17.522904 ] } },
{ "type": "Feature", "properties": { "NO": 1540, "ENTIDAD": "GUERRERO", "MUNICIPIO": "Tlapa de Comonfort", "PUEBLO INDIGENA O AFROMEXICANO": "NAHUA", "LOCALIDAD": "AQUILPA", "CLAVE LOC": 120660004, "TIPO DE ASENTAMIENTO": "COMUNIDAD INDIGENA", "NOMBRE": "AQUILPA", "MONTO ASIGNADO (PESOS)": 1305714, "LATITUD": 17.544207, "LONGITUD": -98.709171 }, "geometry": { "type": "Point", "coordinates": [ -98.709171, 17.544207 ] } },
{ "type": "Feature", "properties": { "NO": 1541, "ENTIDAD": "GUERRERO", "MUNICIPIO": "Tlapa de Comonfort", "PUEBLO INDIGENA O AFROMEXICANO": "MIXTECO", "LOCALIDAD": "ATLAMAJAC", "CLAVE LOC": 120660005, "TIPO DE ASENTAMIENTO": "COMUNIDAD INDIGENA", "NOMBRE": "ATLAMAJAC", "MONTO ASIGNADO (PESOS)": 1713502, "LATITUD": 17.555956, "LONGITUD": -98.54638 }, "geometry": { "type": "Point", "coordinates": [ -98.54638, 17.555956 ] } },
{ "type": "Feature", "properties": { "NO": 1542, "ENTIDAD": "GUERRERO", "MUNICIPIO": "Tlapa de Comonfort", "PUEBLO INDIGENA O AFROMEXICANO": "NAHUA", "LOCALIDAD": "ATLAMAJALCINGODELRIO", "CLAVE LOC": 120660006, "TIPO DE ASENTAMIENTO": "COMUNIDAD INDIGENA", "NOMBRE": "ATLAMAJALCINGO DEL RÍO", "MONTO ASIGNADO (PESOS)": 956061, "LATITUD": 17.527439, "LONGITUD": -98.656092 }, "geometry": { "type": "Point", "coordinates": [ -98.656092, 17.527439 ] } },
{ "type": "Feature", "properties": { "NO": 1543, "ENTIDAD": "GUERRERO", "MUNICIPIO": "Tlapa de Comonfort", "PUEBLO INDIGENA O AFROMEXICANO": "NAHUA", "LOCALIDAD": "AYOTZINAPA", "CLAVE LOC": 120660008, "TIPO DE ASENTAMIENTO": "COMUNIDAD INDIGENA", "NOMBRE": "AYOTZINAPA", "MONTO ASIGNADO (PESOS)": 1943574, "LATITUD": 17.557207, "LONGITUD": -98.762522 }, "geometry": { "type": "Point", "coordinates": [ -98.762522, 17.557207 ] } },
{ "type": "Feature", "properties": { "NO": 1544, "ENTIDAD": "GUERRERO", "MUNICIPIO": "Tlapa de Comonfort", "PUEBLO INDIGENA O AFROMEXICANO": "NAHUA", "LOCALIDAD": "BARRANCADELOTATE", "CLAVE LOC": 120660013, "TIPO DE ASENTAMIENTO": "COMUNIDAD INDIGENA", "NOMBRE": "BARRANCA DEL OTATE", "MONTO ASIGNADO (PESOS)": 290773, "LATITUD": 17.571393, "LONGITUD": -98.529139 }, "geometry": { "type": "Point", "coordinates": [ -98.529139, 17.571393 ] } },
{ "type": "Feature", "properties": { "NO": 1545, "ENTIDAD": "GUERRERO", "MUNICIPIO": "Tlapa de Comonfort", "PUEBLO INDIGENA O AFROMEXICANO": "NAHUA", "LOCALIDAD": "CHICAHUASTEPEC(PETATLAN)", "CLAVE LOC": 120660133, "TIPO DE ASENTAMIENTO": "LOCALIDAD CON POBLACION\nINDIGENA", "NOMBRE": "CHICAHUASTEPEC (PETATLÁN)", "MONTO ASIGNADO (PESOS)": 175089, "LATITUD": 17.584799, "LONGITUD": -98.724449 }, "geometry": { "type": "Point", "coordinates": [ -98.724449, 17.584799 ] } },
{ "type": "Feature", "properties": { "NO": 1546, "ENTIDAD": "GUERRERO", "MUNICIPIO": "Tlapa de Comonfort", "PUEBLO INDIGENA O AFROMEXICANO": "NAHUA", "LOCALIDAD": "CHIEPETEPEC", "CLAVE LOC": 120660010, "TIPO DE ASENTAMIENTO": "COMUNIDAD INDIGENA", "NOMBRE": "CHIEPETEPEC", "MONTO ASIGNADO (PESOS)": 84639, "LATITUD": 17.568704, "LONGITUD": -98.72539 }, "geometry": { "type": "Point", "coordinates": [ -98.72539, 17.568704 ] } },
{ "type": "Feature", "properties": { "NO": 1547, "ENTIDAD": "GUERRERO", "MUNICIPIO": "Tlapa de Comonfort", "PUEBLO INDIGENA O AFROMEXICANO": "NAHUA", "LOCALIDAD": "CHIEPETEPEC", "CLAVE LOC": 120660010, "TIPO DE ASENTAMIENTO": "COMUNIDAD INDIGENA", "NOMBRE": "CHIEPETEPEC", "MONTO ASIGNADO (PESOS)": 3188832, "LATITUD": 17.568704, "LONGITUD": -98.72539 }, "geometry": { "type": "Point", "coordinates": [ -98.72539, 17.568704 ] } },
{ "type": "Feature", "properties": { "NO": 1548, "ENTIDAD": "GUERRERO", "MUNICIPIO": "Tlapa de Comonfort", "PUEBLO INDIGENA O AFROMEXICANO": "NAHUA", "LOCALIDAD": "CHIEPETLAN(SANMIGUELCHIEPETLAN)", "CLAVE LOC": 120660011, "TIPO DE ASENTAMIENTO": "COMUNIDAD INDIGENA", "NOMBRE": "CHIEPETLÁN (SAN MIGUEL CHIEPETLÁN)", "MONTO ASIGNADO (PESOS)": 816213, "LATITUD": 17.655186, "LONGITUD": -98.643822 }, "geometry": { "type": "Point", "coordinates": [ -98.643822, 17.655186 ] } },
{ "type": "Feature", "properties": { "NO": 1549, "ENTIDAD": "GUERRERO", "MUNICIPIO": "Tlapa de Comonfort", "PUEBLO INDIGENA O AFROMEXICANO": "NAHUA", "LOCALIDAD": "COACHIMALCO", "CLAVE LOC": 120660009, "TIPO DE ASENTAMIENTO": "COMUNIDAD INDIGENA", "NOMBRE": "COACHIMALCO", "MONTO ASIGNADO (PESOS)": 1355964, "LATITUD": 17.625436, "LONGITUD": -98.681632 }, "geometry": { "type": "Point", "coordinates": [ -98.681632, 17.625436 ] } },
{ "type": "Feature", "properties": { "NO": 1550, "ENTIDAD": "GUERRERO", "MUNICIPIO": "Tlapa de Comonfort", "PUEBLO INDIGENA O AFROMEXICANO": "ME’PHAA\n(TLAPANECO)", "LOCALIDAD": "COLONIAMONTEDEOLIVO", "CLAVE LOC": 120660156, "TIPO DE ASENTAMIENTO": "LOCALIDAD CON POBLACION\nINDIGENA", "NOMBRE": "COLONIA MONTE DE OLIVO", "MONTO ASIGNADO (PESOS)": 154989, "LATITUD": 17.544835, "LONGITUD": -98.538477 }, "geometry": { "type": "Point", "coordinates": [ -98.538477, 17.544835 ] } },
{ "type": "Feature", "properties": { "NO": 1551, "ENTIDAD": "GUERRERO", "MUNICIPIO": "Tlapa de Comonfort", "PUEBLO INDIGENA O AFROMEXICANO": "ME’PHAA\n(TLAPANECO)", "LOCALIDAD": "ELNUEVOAMANECER", "CLAVE LOC": 120660163, "TIPO DE ASENTAMIENTO": "LOCALIDAD CON POBLACION\nINDIGENA", "NOMBRE": "EL NUEVO AMANECER", "MONTO ASIGNADO (PESOS)": 166296, "LATITUD": 17.349113, "LONGITUD": -98.514363 }, "geometry": { "type": "Point", "coordinates": [ -98.514363, 17.349113 ] } },
{ "type": "Feature", "properties": { "NO": 1552, "ENTIDAD": "GUERRERO", "MUNICIPIO": "Tlapa de Comonfort", "PUEBLO INDIGENA O AFROMEXICANO": "NAHUA", "LOCALIDAD": "LAPROVIDENCIA", "CLAVE LOC": 120660017, "TIPO DE ASENTAMIENTO": "LOCALIDAD CON POBLACION\nINDIGENA", "NOMBRE": "LA PROVIDENCIA", "MONTO ASIGNADO (PESOS)": 672323, "LATITUD": 17.546719, "LONGITUD": -98.601177 }, "geometry": { "type": "Point", "coordinates": [ -98.601177, 17.546719 ] } },
{ "type": "Feature", "properties": { "NO": 1553, "ENTIDAD": "GUERRERO", "MUNICIPIO": "Tlapa de Comonfort", "PUEBLO INDIGENA O AFROMEXICANO": "ME’PHAA\n(TLAPANECO)", "LOCALIDAD": "LASPILAS", "CLAVE LOC": 120660015, "TIPO DE ASENTAMIENTO": "LOCALIDAD CON POBLACION\nINDIGENA", "NOMBRE": "LAS PILAS", "MONTO ASIGNADO (PESOS)": 329608, "LATITUD": 17.373407, "LONGITUD": -98.502527 }, "geometry": { "type": "Point", "coordinates": [ -98.502527, 17.373407 ] } },
{ "type": "Feature", "properties": { "NO": 1554, "ENTIDAD": "GUERRERO", "MUNICIPIO": "Tlapa de Comonfort", "PUEBLO INDIGENA O AFROMEXICANO": "ME’PHAA\n(TLAPANECO)", "LOCALIDAD": "LINDAVISTA", "CLAVE LOC": 120660043, "TIPO DE ASENTAMIENTO": "COMUNIDAD INDIGENA", "NOMBRE": "LINDA VISTA", "MONTO ASIGNADO (PESOS)": 245439, "LATITUD": 17.387999, "LONGITUD": -98.523173 }, "geometry": { "type": "Point", "coordinates": [ -98.523173, 17.387999 ] } },
{ "type": "Feature", "properties": { "NO": 1555, "ENTIDAD": "GUERRERO", "MUNICIPIO": "Tlapa de Comonfort", "PUEBLO INDIGENA O AFROMEXICANO": "MIXTECO", "LOCALIDAD": "MEXCALA", "CLAVE LOC": 120660045, "TIPO DE ASENTAMIENTO": "COMUNIDAD INDIGENA", "NOMBRE": "MEXCALA", "MONTO ASIGNADO (PESOS)": 168710, "LATITUD": 17.536936, "LONGITUD": -98.538265 }, "geometry": { "type": "Point", "coordinates": [ -98.538265, 17.536936 ] } },
{ "type": "Feature", "properties": { "NO": 1556, "ENTIDAD": "GUERRERO", "MUNICIPIO": "Tlapa de Comonfort", "PUEBLO INDIGENA O AFROMEXICANO": "MIXTECO", "LOCALIDAD": "PLANDEZACATEPEC", "CLAVE LOC": 120660016, "TIPO DE ASENTAMIENTO": "COMUNIDAD INDIGENA", "NOMBRE": "PLAN DE ZACATEPEC", "MONTO ASIGNADO (PESOS)": 330864, "LATITUD": 17.373911, "LONGITUD": -98.484483 }, "geometry": { "type": "Point", "coordinates": [ -98.484483, 17.373911 ] } },
{ "type": "Feature", "properties": { "NO": 1557, "ENTIDAD": "GUERRERO", "MUNICIPIO": "Tlapa de Comonfort", "PUEBLO INDIGENA O AFROMEXICANO": "ME’PHAA\n(TLAPANECO)", "LOCALIDAD": "RIOAZUL", "CLAVE LOC": 120660166, "TIPO DE ASENTAMIENTO": "COMUNIDAD INDIGENA", "NOMBRE": "RÍO AZUL", "MONTO ASIGNADO (PESOS)": 142427, "LATITUD": 17.374184, "LONGITUD": -98.498085 }, "geometry": { "type": "Point", "coordinates": [ -98.498085, 17.374184 ] } },
{ "type": "Feature", "properties": { "NO": 1558, "ENTIDAD": "GUERRERO", "MUNICIPIO": "Tlapa de Comonfort", "PUEBLO INDIGENA O AFROMEXICANO": "ME’PHAA\n(TLAPANECO)", "LOCALIDAD": "SANMIGUELZAPOTITLAN", "CLAVE LOC": 120660018, "TIPO DE ASENTAMIENTO": "COMUNIDAD INDIGENA", "NOMBRE": "SAN MIGUEL ZAPOTITLÁN", "MONTO ASIGNADO (PESOS)": 266796, "LATITUD": 17.356061, "LONGITUD": -98.527029 }, "geometry": { "type": "Point", "coordinates": [ -98.527029, 17.356061 ] } },
{ "type": "Feature", "properties": { "NO": 1559, "ENTIDAD": "GUERRERO", "MUNICIPIO": "Tlapa de Comonfort", "PUEBLO INDIGENA O AFROMEXICANO": "ME’PHAA\n(TLAPANECO)", "LOCALIDAD": "SANPEDROACATLAN", "CLAVE LOC": 120660019, "TIPO DE ASENTAMIENTO": "LOCALIDAD CON POBLACION\nINDIGENA", "NOMBRE": "SAN PEDRO ACATLÁN", "MONTO ASIGNADO (PESOS)": 314533, "LATITUD": 17.389052, "LONGITUD": -98.5184 }, "geometry": { "type": "Point", "coordinates": [ -98.5184, 17.389052 ] } },
{ "type": "Feature", "properties": { "NO": 1560, "ENTIDAD": "GUERRERO", "MUNICIPIO": "Tlapa de Comonfort", "PUEBLO INDIGENA O AFROMEXICANO": "NAHUA", "LOCALIDAD": "SANPEDROPETLACALA", "CLAVE LOC": 120660014, "TIPO DE ASENTAMIENTO": "COMUNIDAD INDIGENA", "NOMBRE": "SAN PEDRO PETLACALA", "MONTO ASIGNADO (PESOS)": 775794, "LATITUD": 17.580302, "LONGITUD": -98.672472 }, "geometry": { "type": "Point", "coordinates": [ -98.672472, 17.580302 ] } },
{ "type": "Feature", "properties": { "NO": 1561, "ENTIDAD": "GUERRERO", "MUNICIPIO": "Tlapa de Comonfort", "PUEBLO INDIGENA O AFROMEXICANO": "NAHUA", "LOCALIDAD": "SANTACRUZTLALCHICHILCO", "CLAVE LOC": 120660071, "TIPO DE ASENTAMIENTO": "LOCALIDAD CON POBLACION\nINDIGENA", "NOMBRE": "SANTA CRUZ TLALCHICHILCO", "MONTO ASIGNADO (PESOS)": 358502, "LATITUD": 17.605836, "LONGITUD": -98.622285 }, "geometry": { "type": "Point", "coordinates": [ -98.622285, 17.605836 ] } },
{ "type": "Feature", "properties": { "NO": 1562, "ENTIDAD": "GUERRERO", "MUNICIPIO": "Tlapa de Comonfort", "PUEBLO INDIGENA O AFROMEXICANO": "ME’PHAA\n(TLAPANECO)", "LOCALIDAD": "SANTAMARIATONAYA", "CLAVE LOC": 120660026, "TIPO DE ASENTAMIENTO": "COMUNIDAD INDIGENA", "NOMBRE": "SANTA MARÍA TONAYA", "MONTO ASIGNADO (PESOS)": 679316, "LATITUD": 17.368756, "LONGITUD": -98.517215 }, "geometry": { "type": "Point", "coordinates": [ -98.517215, 17.368756 ] } },
{ "type": "Feature", "properties": { "NO": 1563, "ENTIDAD": "GUERRERO", "MUNICIPIO": "Tlapa de Comonfort", "PUEBLO INDIGENA O AFROMEXICANO": "NAHUA", "LOCALIDAD": "TEHUCHICOLOYA", "CLAVE LOC": 120660055, "TIPO DE ASENTAMIENTO": "LOCALIDAD CON POBLACION\nINDIGENA", "NOMBRE": "TEHUCHICOLOYA", "MONTO ASIGNADO (PESOS)": 294433, "LATITUD": 17.56148, "LONGITUD": -98.700655 }, "geometry": { "type": "Point", "coordinates": [ -98.700655, 17.56148 ] } },
{ "type": "Feature", "properties": { "NO": 1564, "ENTIDAD": "GUERRERO", "MUNICIPIO": "Tlapa de Comonfort", "PUEBLO INDIGENA O AFROMEXICANO": "NAHUA", "LOCALIDAD": "TENANGOTEPEXI", "CLAVE LOC": 120660021, "TIPO DE ASENTAMIENTO": "COMUNIDAD INDIGENA", "NOMBRE": "TENANGO TEPEXI", "MONTO ASIGNADO (PESOS)": 788139, "LATITUD": 17.60696, "LONGITUD": -98.635217 }, "geometry": { "type": "Point", "coordinates": [ -98.635217, 17.60696 ] } },
{ "type": "Feature", "properties": { "NO": 1565, "ENTIDAD": "GUERRERO", "MUNICIPIO": "Tlapa de Comonfort", "PUEBLO INDIGENA O AFROMEXICANO": "NAHUA", "LOCALIDAD": "TENEXTEYO", "CLAVE LOC": 120660057, "TIPO DE ASENTAMIENTO": "LOCALIDAD CON POBLACION\nINDIGENA", "NOMBRE": "TENEXTEYO", "MONTO ASIGNADO (PESOS)": 183883, "LATITUD": 17.608253, "LONGITUD": -98.718226 }, "geometry": { "type": "Point", "coordinates": [ -98.718226, 17.608253 ] } },
{ "type": "Feature", "properties": { "NO": 1566, "ENTIDAD": "GUERRERO", "MUNICIPIO": "Tlapa de Comonfort", "PUEBLO INDIGENA O AFROMEXICANO": "NAHUA", "LOCALIDAD": "TLACUILOYA", "CLAVE LOC": 120660022, "TIPO DE ASENTAMIENTO": "COMUNIDAD INDIGENA", "NOMBRE": "TLACUILOYA", "MONTO ASIGNADO (PESOS)": 721558, "LATITUD": 17.616358, "LONGITUD": -98.583914 }, "geometry": { "type": "Point", "coordinates": [ -98.583914, 17.616358 ] } },
{ "type": "Feature", "properties": { "NO": 1567, "ENTIDAD": "GUERRERO", "MUNICIPIO": "Tlapa de Comonfort", "PUEBLO INDIGENA O AFROMEXICANO": "NAHUA", "LOCALIDAD": "TLAQUILTZINAPA", "CLAVE LOC": 120660023, "TIPO DE ASENTAMIENTO": "COMUNIDAD INDIGENA", "NOMBRE": "TLAQUILTZINAPA", "MONTO ASIGNADO (PESOS)": 813788, "LATITUD": 17.540219, "LONGITUD": -98.622107 }, "geometry": { "type": "Point", "coordinates": [ -98.622107, 17.540219 ] } },
{ "type": "Feature", "properties": { "NO": 1568, "ENTIDAD": "GUERRERO", "MUNICIPIO": "Tlapa de Comonfort", "PUEBLO INDIGENA O AFROMEXICANO": "NAHUA", "LOCALIDAD": "TLAQUILZINGO", "CLAVE LOC": 120660024, "TIPO DE ASENTAMIENTO": "COMUNIDAD INDIGENA", "NOMBRE": "TLAQUILZINGO", "MONTO ASIGNADO (PESOS)": 1246670, "LATITUD": 17.506989, "LONGITUD": -98.627254 }, "geometry": { "type": "Point", "coordinates": [ -98.627254, 17.506989 ] } },
{ "type": "Feature", "properties": { "NO": 1569, "ENTIDAD": "GUERRERO", "MUNICIPIO": "Tlapa de Comonfort", "PUEBLO INDIGENA O AFROMEXICANO": "NAHUA", "LOCALIDAD": "TLATZALA", "CLAVE LOC": 120660025, "TIPO DE ASENTAMIENTO": "COMUNIDAD INDIGENA", "NOMBRE": "TLATZALA", "MONTO ASIGNADO (PESOS)": 987587, "LATITUD": 17.61515, "LONGITUD": -98.550033 }, "geometry": { "type": "Point", "coordinates": [ -98.550033, 17.61515 ] } },
{ "type": "Feature", "properties": { "NO": 1570, "ENTIDAD": "GUERRERO", "MUNICIPIO": "Tlapa de Comonfort", "PUEBLO INDIGENA O AFROMEXICANO": "NAHUA", "LOCALIDAD": "TORRENTLAN", "CLAVE LOC": 120660062, "TIPO DE ASENTAMIENTO": "LOCALIDAD CON POBLACION\nINDIGENA", "NOMBRE": "TORRENTLÁN", "MONTO ASIGNADO (PESOS)": 288152, "LATITUD": 17.580041, "LONGITUD": -98.625234 }, "geometry": { "type": "Point", "coordinates": [ -98.625234, 17.580041 ] } },
{ "type": "Feature", "properties": { "NO": 1571, "ENTIDAD": "GUERRERO", "MUNICIPIO": "Tlapa de Comonfort", "PUEBLO INDIGENA O AFROMEXICANO": "MIXTECO", "LOCALIDAD": "TOTOTEPEC(YOZONONI)", "CLAVE LOC": 120660028, "TIPO DE ASENTAMIENTO": "COMUNIDAD INDIGENA", "NOMBRE": "TOTOTEPEC (YOZONONI)", "MONTO ASIGNADO (PESOS)": 4137772, "LATITUD": 17.431542, "LONGITUD": -98.585811 }, "geometry": { "type": "Point", "coordinates": [ -98.585811, 17.431542 ] } },
{ "type": "Feature", "properties": { "NO": 1572, "ENTIDAD": "GUERRERO", "MUNICIPIO": "Tlapa de Comonfort", "PUEBLO INDIGENA O AFROMEXICANO": "NAHUA", "LOCALIDAD": "TRESCAMINOS", "CLAVE LOC": 120660059, "TIPO DE ASENTAMIENTO": "LOCALIDAD CON POBLACION\nINDIGENA", "NOMBRE": "TRES CAMINOS", "MONTO ASIGNADO (PESOS)": 720302, "LATITUD": 17.582125, "LONGITUD": -98.741079 }, "geometry": { "type": "Point", "coordinates": [ -98.741079, 17.582125 ] } },
{ "type": "Feature", "properties": { "NO": 1573, "ENTIDAD": "GUERRERO", "MUNICIPIO": "Tlapa de Comonfort", "PUEBLO INDIGENA O AFROMEXICANO": "NAHUA", "LOCALIDAD": "VILLADEGUADALUPE", "CLAVE LOC": 120660029, "TIPO DE ASENTAMIENTO": "LOCALIDAD CON POBLACION\nINDIGENA", "NOMBRE": "VILLA DE GUADALUPE", "MONTO ASIGNADO (PESOS)": 324583, "LATITUD": 17.494707, "LONGITUD": -98.634137 }, "geometry": { "type": "Point", "coordinates": [ -98.634137, 17.494707 ] } },
{ "type": "Feature", "properties": { "NO": 1574, "ENTIDAD": "GUERRERO", "MUNICIPIO": "Tlapa de Comonfort", "PUEBLO INDIGENA O AFROMEXICANO": "NAHUA", "LOCALIDAD": "XALATZALA", "CLAVE LOC": 120660030, "TIPO DE ASENTAMIENTO": "COMUNIDAD INDIGENA", "NOMBRE": "XALATZALA", "MONTO ASIGNADO (PESOS)": 3026776, "LATITUD": 17.473466, "LONGITUD": -98.573375 }, "geometry": { "type": "Point", "coordinates": [ -98.573375, 17.473466 ] } },
{ "type": "Feature", "properties": { "NO": 1575, "ENTIDAD": "GUERRERO", "MUNICIPIO": "Tlapa de Comonfort", "PUEBLO INDIGENA O AFROMEXICANO": "NAHUA", "LOCALIDAD": "XOCOTEPEC(SANMARCOSDELRANCHO)", "CLAVE LOC": 120660060, "TIPO DE ASENTAMIENTO": "LOCALIDAD CON POBLACION\nINDIGENA", "NOMBRE": "XOCOTEPEC (SAN MARCOS DEL RANCHO)", "MONTO ASIGNADO (PESOS)": 245439, "LATITUD": 17.590384, "LONGITUD": -98.706014 }, "geometry": { "type": "Point", "coordinates": [ -98.706014, 17.590384 ] } },
{ "type": "Feature", "properties": { "NO": 1576, "ENTIDAD": "GUERRERO", "MUNICIPIO": "Tlapa de Comonfort", "PUEBLO INDIGENA O AFROMEXICANO": "NAHUA", "LOCALIDAD": "ZACAPEXCO", "CLAVE LOC": 120660031, "TIPO DE ASENTAMIENTO": "LOCALIDAD CON POBLACION\nINDIGENA", "NOMBRE": "ZACAPEXCO", "MONTO ASIGNADO (PESOS)": 399958, "LATITUD": 17.593328, "LONGITUD": -98.637823 }, "geometry": { "type": "Point", "coordinates": [ -98.637823, 17.593328 ] } },
{ "type": "Feature", "properties": { "NO": 1577, "ENTIDAD": "GUERRERO", "MUNICIPIO": "Tlapa de Comonfort", "PUEBLO INDIGENA O AFROMEXICANO": "NAHUA", "LOCALIDAD": "ZACUALPAN", "CLAVE LOC": 120660032, "TIPO DE ASENTAMIENTO": "COMUNIDAD INDIGENA", "NOMBRE": "ZACUALPAN", "MONTO ASIGNADO (PESOS)": 1004214, "LATITUD": 17.673983, "LONGITUD": -98.604103 }, "geometry": { "type": "Point", "coordinates": [ -98.604103, 17.673983 ] } },
{ "type": "Feature", "properties": { "NO": 1578, "ENTIDAD": "GUERRERO", "MUNICIPIO": "Tlapa de Comonfort", "PUEBLO INDIGENA O AFROMEXICANO": "NAHUA", "LOCALIDAD": "ZITLALA", "CLAVE LOC": 120660085, "TIPO DE ASENTAMIENTO": "LOCALIDAD CON POBLACION\nINDIGENA", "NOMBRE": "ZITLALA", "MONTO ASIGNADO (PESOS)": 161434, "LATITUD": 17.559793, "LONGITUD": -98.664756 }, "geometry": { "type": "Point", "coordinates": [ -98.664756, 17.559793 ] } },
{ "type": "Feature", "properties": { "NO": 1579, "ENTIDAD": "GUERRERO", "MUNICIPIO": "Xalpatláhuac", "PUEBLO INDIGENA O AFROMEXICANO": "MIXTECO", "LOCALIDAD": "CAHUATACHE", "CLAVE LOC": 120690003, "TIPO DE ASENTAMIENTO": "COMUNIDAD INDIGENA", "NOMBRE": "CAHUATACHE", "MONTO ASIGNADO (PESOS)": 1746658, "LATITUD": 17.416913, "LONGITUD": -98.532659 }, "geometry": { "type": "Point", "coordinates": [ -98.532659, 17.416913 ] } },
{ "type": "Feature", "properties": { "NO": 1580, "ENTIDAD": "GUERRERO", "MUNICIPIO": "Xalpatláhuac", "PUEBLO INDIGENA O AFROMEXICANO": "MIXTECO", "LOCALIDAD": "CUBALIBRE", "CLAVE LOC": 120690004, "TIPO DE ASENTAMIENTO": "COMUNIDAD INDIGENA", "NOMBRE": "CUBA LIBRE", "MONTO ASIGNADO (PESOS)": 669090, "LATITUD": 17.480269, "LONGITUD": -98.497681 }, "geometry": { "type": "Point", "coordinates": [ -98.497681, 17.480269 ] } },
{ "type": "Feature", "properties": { "NO": 1581, "ENTIDAD": "GUERRERO", "MUNICIPIO": "Xalpatláhuac", "PUEBLO INDIGENA O AFROMEXICANO": "MIXTECO", "LOCALIDAD": "ELPLATANAR(SANTAMARIAGUADALUPEEL PLATANAR)", "CLAVE LOC": 120690007, "TIPO DE ASENTAMIENTO": "COMUNIDAD INDIGENA", "NOMBRE": "EL PLATANAR (SANTA MARÍA GUADALUPE EL PLATANAR)", "MONTO ASIGNADO (PESOS)": 785627, "LATITUD": 17.488097, "LONGITUD": -98.506058 }, "geometry": { "type": "Point", "coordinates": [ -98.506058, 17.488097 ] } },
{ "type": "Feature", "properties": { "NO": 1582, "ENTIDAD": "GUERRERO", "MUNICIPIO": "Xalpatláhuac", "PUEBLO INDIGENA O AFROMEXICANO": "MIXTECO", "LOCALIDAD": "IGUALITA", "CLAVE LOC": 120690005, "TIPO DE ASENTAMIENTO": "COMUNIDAD INDIGENA", "NOMBRE": "IGUALITA", "MONTO ASIGNADO (PESOS)": 845314, "LATITUD": 17.460459, "LONGITUD": -98.516523 }, "geometry": { "type": "Point", "coordinates": [ -98.516523, 17.460459 ] } },
{ "type": "Feature", "properties": { "NO": 1583, "ENTIDAD": "GUERRERO", "MUNICIPIO": "Xalpatláhuac", "PUEBLO INDIGENA O AFROMEXICANO": "MIXTECO", "LOCALIDAD": "LAVICTORIA(SANMARTINLAVICTORIA)", "CLAVE LOC": 120690013, "TIPO DE ASENTAMIENTO": "COMUNIDAD INDIGENA", "NOMBRE": "LA VICTORIA (SAN MARTÍN LA VICTORIA)", "MONTO ASIGNADO (PESOS)": 166296, "LATITUD": 17.378489, "LONGITUD": -98.551652 }, "geometry": { "type": "Point", "coordinates": [ -98.551652, 17.378489 ] } },
{ "type": "Feature", "properties": { "NO": 1584, "ENTIDAD": "GUERRERO", "MUNICIPIO": "Xalpatláhuac", "PUEBLO INDIGENA O AFROMEXICANO": "MIXTECO", "LOCALIDAD": "QUIAHUITLATZALA", "CLAVE LOC": 120690008, "TIPO DE ASENTAMIENTO": "COMUNIDAD INDIGENA", "NOMBRE": "QUIAHUITLATZALA", "MONTO ASIGNADO (PESOS)": 324583, "LATITUD": 17.343188, "LONGITUD": -98.604115 }, "geometry": { "type": "Point", "coordinates": [ -98.604115, 17.343188 ] } },
{ "type": "Feature", "properties": { "NO": 1585, "ENTIDAD": "GUERRERO", "MUNICIPIO": "Xalpatláhuac", "PUEBLO INDIGENA O AFROMEXICANO": "MIXTECO", "LOCALIDAD": "SANMARTINAMATITLAN(AMATITLAN)", "CLAVE LOC": 120690002, "TIPO DE ASENTAMIENTO": "LOCALIDAD CON POBLACION\nINDIGENA", "NOMBRE": "SAN MARTÍN AMATITLÁN (AMATITLÁN)", "MONTO ASIGNADO (PESOS)": 224083, "LATITUD": 17.36214, "LONGITUD": -98.536065 }, "geometry": { "type": "Point", "coordinates": [ -98.536065, 17.36214 ] } },
{ "type": "Feature", "properties": { "NO": 1586, "ENTIDAD": "GUERRERO", "MUNICIPIO": "Xalpatláhuac", "PUEBLO INDIGENA O AFROMEXICANO": "NAHUA", "LOCALIDAD": "SANNICOLASZOYATLAN(ZOYATLAN)", "CLAVE LOC": 120690009, "TIPO DE ASENTAMIENTO": "COMUNIDAD INDIGENA", "NOMBRE": "SAN NICOLÁS ZOYATLÁN (ZOYATLÁN)", "MONTO ASIGNADO (PESOS)": 1046927, "LATITUD": 17.462912, "LONGITUD": -98.640087 }, "geometry": { "type": "Point", "coordinates": [ -98.640087, 17.462912 ] } },
{ "type": "Feature", "properties": { "NO": 1587, "ENTIDAD": "GUERRERO", "MUNICIPIO": "Xalpatláhuac", "PUEBLO INDIGENA O AFROMEXICANO": "NAHUA", "LOCALIDAD": "TLACOTLA", "CLAVE LOC": 120690010, "TIPO DE ASENTAMIENTO": "COMUNIDAD INDIGENA", "NOMBRE": "TLACOTLA", "MONTO ASIGNADO (PESOS)": 417546, "LATITUD": 17.477152, "LONGITUD": -98.595152 }, "geometry": { "type": "Point", "coordinates": [ -98.595152, 17.477152 ] } },
{ "type": "Feature", "properties": { "NO": 1588, "ENTIDAD": "GUERRERO", "MUNICIPIO": "Xalpatláhuac", "PUEBLO INDIGENA O AFROMEXICANO": "MIXTECO", "LOCALIDAD": "TLAXCO", "CLAVE LOC": 120690011, "TIPO DE ASENTAMIENTO": "COMUNIDAD INDIGENA", "NOMBRE": "TLAXCO", "MONTO ASIGNADO (PESOS)": 714491, "LATITUD": 17.341646, "LONGITUD": -98.569971 }, "geometry": { "type": "Point", "coordinates": [ -98.569971, 17.341646 ] } },
{ "type": "Feature", "properties": { "NO": 1589, "ENTIDAD": "GUERRERO", "MUNICIPIO": "Xalpatláhuac", "PUEBLO INDIGENA O AFROMEXICANO": "NAHUA", "LOCALIDAD": "TLAYAHUALCO", "CLAVE LOC": 120690012, "TIPO DE ASENTAMIENTO": "COMUNIDAD INDIGENA", "NOMBRE": "TLAYAHUALCO", "MONTO ASIGNADO (PESOS)": 229337, "LATITUD": 17.481912, "LONGITUD": -98.528017 }, "geometry": { "type": "Point", "coordinates": [ -98.528017, 17.481912 ] } },
{ "type": "Feature", "properties": { "NO": 1590, "ENTIDAD": "GUERRERO", "MUNICIPIO": "Xalpatláhuac", "PUEBLO INDIGENA O AFROMEXICANO": "NAHUA", "LOCALIDAD": "XALPATLAHUAC", "CLAVE LOC": 120690001, "TIPO DE ASENTAMIENTO": "COMUNIDAD INDIGENA", "NOMBRE": "XALPATLÁHUAC", "MONTO ASIGNADO (PESOS)": 3862475, "LATITUD": 17.470875, "LONGITUD": -98.606449 }, "geometry": { "type": "Point", "coordinates": [ -98.606449, 17.470875 ] } },
{ "type": "Feature", "properties": { "NO": 1591, "ENTIDAD": "GUERRERO", "MUNICIPIO": "Xalpatláhuac", "PUEBLO INDIGENA O AFROMEXICANO": "MIXTECO", "LOCALIDAD": "XILOTEPEC(JILOTEPECCHIQUITO)", "CLAVE LOC": 120690006, "TIPO DE ASENTAMIENTO": "COMUNIDAD INDIGENA", "NOMBRE": "XILOTEPEC (JILOTEPEC CHIQUITO)", "MONTO ASIGNADO (PESOS)": 1010495, "LATITUD": 17.405429, "LONGITUD": -98.552624 }, "geometry": { "type": "Point", "coordinates": [ -98.552624, 17.405429 ] } },
{ "type": "Feature", "properties": { "NO": 1592, "ENTIDAD": "GUERRERO", "MUNICIPIO": "Xalpatláhuac", "PUEBLO INDIGENA O AFROMEXICANO": "MIXTECO", "LOCALIDAD": "YERBASANTA", "CLAVE LOC": 120690014, "TIPO DE ASENTAMIENTO": "COMUNIDAD INDIGENA", "NOMBRE": "YERBA SANTA", "MONTO ASIGNADO (PESOS)": 649952, "LATITUD": 17.478242, "LONGITUD": -98.478235 }, "geometry": { "type": "Point", "coordinates": [ -98.478235, 17.478242 ] } },
{ "type": "Feature", "properties": { "NO": 1593, "ENTIDAD": "GUERRERO", "MUNICIPIO": "Xalpatláhuac", "PUEBLO INDIGENA O AFROMEXICANO": "MIXTECO", "LOCALIDAD": "ZACATIPA", "CLAVE LOC": 120690015, "TIPO DE ASENTAMIENTO": "COMUNIDAD INDIGENA", "NOMBRE": "ZACATIPA", "MONTO ASIGNADO (PESOS)": 845927, "LATITUD": 17.467135, "LONGITUD": -98.592565 }, "geometry": { "type": "Point", "coordinates": [ -98.592565, 17.467135 ] } },
{ "type": "Feature", "properties": { "NO": 1594, "ENTIDAD": "GUERRERO", "MUNICIPIO": "Xochihuehuetlán", "PUEBLO INDIGENA O AFROMEXICANO": "NAHUA", "LOCALIDAD": "CACALUTLA", "CLAVE LOC": 120700002, "TIPO DE ASENTAMIENTO": "COMUNIDAD INDIGENA", "NOMBRE": "CACALUTLA", "MONTO ASIGNADO (PESOS)": 488015, "LATITUD": 17.939347, "LONGITUD": -98.456094 }, "geometry": { "type": "Point", "coordinates": [ -98.456094, 17.939347 ] } },
{ "type": "Feature", "properties": { "NO": 1595, "ENTIDAD": "GUERRERO", "MUNICIPIO": "Xochihuehuetlán", "PUEBLO INDIGENA O AFROMEXICANO": "NAHUA", "LOCALIDAD": "SANMIGUELCOMITLIPA", "CLAVE LOC": 120700003, "TIPO DE ASENTAMIENTO": "COMUNIDAD INDIGENA", "NOMBRE": "SAN MIGUEL COMITLIPA", "MONTO ASIGNADO (PESOS)": 842081, "LATITUD": 17.964469, "LONGITUD": -98.552042 }, "geometry": { "type": "Point", "coordinates": [ -98.552042, 17.964469 ] } },
{ "type": "Feature", "properties": { "NO": 1596, "ENTIDAD": "GUERRERO", "MUNICIPIO": "Xochihuehuetlán", "PUEBLO INDIGENA O AFROMEXICANO": "NAHUA", "LOCALIDAD": "XIHUITLIPA", "CLAVE LOC": 120700006, "TIPO DE ASENTAMIENTO": "COMUNIDAD INDIGENA", "NOMBRE": "XIHUITLIPA", "MONTO ASIGNADO (PESOS)": 475081, "LATITUD": 17.959338, "LONGITUD": -98.603537 }, "geometry": { "type": "Point", "coordinates": [ -98.603537, 17.959338 ] } },
{ "type": "Feature", "properties": { "NO": 1597, "ENTIDAD": "GUERRERO", "MUNICIPIO": "Xochihuehuetlán", "PUEBLO INDIGENA O AFROMEXICANO": "NAHUA", "LOCALIDAD": "ZOYATITLANAPA", "CLAVE LOC": 120700007, "TIPO DE ASENTAMIENTO": "COMUNIDAD INDIGENA", "NOMBRE": "ZOYATITLANAPA", "MONTO ASIGNADO (PESOS)": 232877, "LATITUD": 17.827917, "LONGITUD": -98.451008 }, "geometry": { "type": "Point", "coordinates": [ -98.451008, 17.827917 ] } },
{ "type": "Feature", "properties": { "NO": 1598, "ENTIDAD": "GUERRERO", "MUNICIPIO": "Xochistlahuaca", "PUEBLO INDIGENA O AFROMEXICANO": "AMUZGO", "LOCALIDAD": "ARROYOBLANQUILLO", "CLAVE LOC": 120710088, "TIPO DE ASENTAMIENTO": "COMUNIDAD INDIGENA", "NOMBRE": "ARROYO BLANQUILLO", "MONTO ASIGNADO (PESOS)": 308252, "LATITUD": 16.759483, "LONGITUD": -98.213667 }, "geometry": { "type": "Point", "coordinates": [ -98.213667, 16.759483 ] } },
{ "type": "Feature", "properties": { "NO": 1599, "ENTIDAD": "GUERRERO", "MUNICIPIO": "Xochistlahuaca", "PUEBLO INDIGENA O AFROMEXICANO": "MIXTECO", "LOCALIDAD": "ARROYOCOLADECUIJE", "CLAVE LOC": 120710040, "TIPO DE ASENTAMIENTO": "COMUNIDAD INDIGENA", "NOMBRE": "ARROYO COLA DE CUIJE", "MONTO ASIGNADO (PESOS)": 84639, "LATITUD": 16.929245, "LONGITUD": -98.152237 }, "geometry": { "type": "Point", "coordinates": [ -98.152237, 16.929245 ] } },
{ "type": "Feature", "properties": { "NO": 1600, "ENTIDAD": "GUERRERO", "MUNICIPIO": "Xochistlahuaca", "PUEBLO INDIGENA O AFROMEXICANO": "AMUZGO", "LOCALIDAD": "ARROYOGENTE", "CLAVE LOC": 120710091, "TIPO DE ASENTAMIENTO": "COMUNIDAD INDIGENA", "NOMBRE": "ARROYO GENTE", "MONTO ASIGNADO (PESOS)": 917533, "LATITUD": 16.729794, "LONGITUD": -98.197552 }, "geometry": { "type": "Point", "coordinates": [ -98.197552, 16.729794 ] } },
{ "type": "Feature", "properties": { "NO": 1601, "ENTIDAD": "GUERRERO", "MUNICIPIO": "Xochistlahuaca", "PUEBLO INDIGENA O AFROMEXICANO": "AMUZGO", "LOCALIDAD": "ARROYOGRANDE", "CLAVE LOC": 120710021, "TIPO DE ASENTAMIENTO": "COMUNIDAD INDIGENA", "NOMBRE": "ARROYO GRANDE", "MONTO ASIGNADO (PESOS)": 887383, "LATITUD": 16.795139, "LONGITUD": -98.152447 }, "geometry": { "type": "Point", "coordinates": [ -98.152447, 16.795139 ] } },
{ "type": "Feature", "properties": { "NO": 1602, "ENTIDAD": "GUERRERO", "MUNICIPIO": "Xochistlahuaca", "PUEBLO INDIGENA O AFROMEXICANO": "AMUZGO", "LOCALIDAD": "ARROYOGUACAMAYAII", "CLAVE LOC": 120710163, "TIPO DE ASENTAMIENTO": "COMUNIDAD INDIGENA", "NOMBRE": "ARROYO GUACAMAYA II", "MONTO ASIGNADO (PESOS)": 188908, "LATITUD": 16.811718, "LONGITUD": -98.200704 }, "geometry": { "type": "Point", "coordinates": [ -98.200704, 16.811718 ] } },
{ "type": "Feature", "properties": { "NO": 1603, "ENTIDAD": "GUERRERO", "MUNICIPIO": "Xochistlahuaca", "PUEBLO INDIGENA O AFROMEXICANO": "AMUZGO", "LOCALIDAD": "ARROYOGUACAMAYAUNO", "CLAVE LOC": 120710025, "TIPO DE ASENTAMIENTO": "COMUNIDAD INDIGENA", "NOMBRE": "ARROYO GUACAMAYA UNO", "MONTO ASIGNADO (PESOS)": 251721, "LATITUD": 16.817562, "LONGITUD": -98.221617 }, "geometry": { "type": "Point", "coordinates": [ -98.221617, 16.817562 ] } },
{ "type": "Feature", "properties": { "NO": 1604, "ENTIDAD": "GUERRERO", "MUNICIPIO": "Xochistlahuaca", "PUEBLO INDIGENA O AFROMEXICANO": "AMUZGO", "LOCALIDAD": "ARROYOGUSANOSUR", "CLAVE LOC": 120710043, "TIPO DE ASENTAMIENTO": "LOCALIDAD CON POBLACION\nINDIGENA", "NOMBRE": "ARROYO GUSANO SUR", "MONTO ASIGNADO (PESOS)": 187652, "LATITUD": 16.78135, "LONGITUD": -98.230312 }, "geometry": { "type": "Point", "coordinates": [ -98.230312, 16.78135 ] } },
{ "type": "Feature", "properties": { "NO": 1605, "ENTIDAD": "GUERRERO", "MUNICIPIO": "Xochistlahuaca", "PUEBLO INDIGENA O AFROMEXICANO": "AMUZGO", "LOCALIDAD": "ARROYOJICARO", "CLAVE LOC": 120710019, "TIPO DE ASENTAMIENTO": "COMUNIDAD INDIGENA", "NOMBRE": "ARROYO JÍCARO", "MONTO ASIGNADO (PESOS)": 190164, "LATITUD": 16.78266, "LONGITUD": -98.232318 }, "geometry": { "type": "Point", "coordinates": [ -98.232318, 16.78266 ] } },
{ "type": "Feature", "properties": { "NO": 1606, "ENTIDAD": "GUERRERO", "MUNICIPIO": "Xochistlahuaca", "PUEBLO INDIGENA O AFROMEXICANO": "AMUZGO", "LOCALIDAD": "ARROYOMONTAÑA", "CLAVE LOC": 120710023, "TIPO DE ASENTAMIENTO": "COMUNIDAD INDIGENA", "NOMBRE": "ARROYO MONTAÑA", "MONTO ASIGNADO (PESOS)": 369808, "LATITUD": 16.815986, "LONGITUD": -98.185272 }, "geometry": { "type": "Point", "coordinates": [ -98.185272, 16.815986 ] } },
{ "type": "Feature", "properties": { "NO": 1607, "ENTIDAD": "GUERRERO", "MUNICIPIO": "Xochistlahuaca", "PUEBLO INDIGENA O AFROMEXICANO": "AMUZGO", "LOCALIDAD": "ARROYOPAJARO", "CLAVE LOC": 120710024, "TIPO DE ASENTAMIENTO": "COMUNIDAD INDIGENA", "NOMBRE": "ARROYO PÁJARO", "MONTO ASIGNADO (PESOS)": 445183, "LATITUD": 16.819854, "LONGITUD": -98.203806 }, "geometry": { "type": "Point", "coordinates": [ -98.203806, 16.819854 ] } },
{ "type": "Feature", "properties": { "NO": 1608, "ENTIDAD": "GUERRERO", "MUNICIPIO": "Xochistlahuaca", "PUEBLO INDIGENA O AFROMEXICANO": "AMUZGO", "LOCALIDAD": "ARROYOSECO", "CLAVE LOC": 120710052, "TIPO DE ASENTAMIENTO": "COMUNIDAD INDIGENA", "NOMBRE": "ARROYO SECO", "MONTO ASIGNADO (PESOS)": 354733, "LATITUD": 16.766261, "LONGITUD": -98.175597 }, "geometry": { "type": "Point", "coordinates": [ -98.175597, 16.766261 ] } },
{ "type": "Feature", "properties": { "NO": 1609, "ENTIDAD": "GUERRERO", "MUNICIPIO": "Xochistlahuaca", "PUEBLO INDIGENA O AFROMEXICANO": "AMUZGO", "LOCALIDAD": "ARROYOTOTOLE", "CLAVE LOC": 120710113, "TIPO DE ASENTAMIENTO": "COMUNIDAD INDIGENA", "NOMBRE": "ARROYO TOTOLE", "MONTO ASIGNADO (PESOS)": 350964, "LATITUD": 16.763749, "LONGITUD": -98.17044 }, "geometry": { "type": "Point", "coordinates": [ -98.17044, 16.763749 ] } },
{ "type": "Feature", "properties": { "NO": 1610, "ENTIDAD": "GUERRERO", "MUNICIPIO": "Xochistlahuaca", "PUEBLO INDIGENA O AFROMEXICANO": "AMUZGO", "LOCALIDAD": "CABEZADEARROYOCABALLO(ARROYO CABALLO)", "CLAVE LOC": 120710107, "TIPO DE ASENTAMIENTO": "COMUNIDAD INDIGENA", "NOMBRE": "CABEZA DE ARROYO CABALLO (ARROYO CABALLO)", "MONTO ASIGNADO (PESOS)": 670052, "LATITUD": 16.783037, "LONGITUD": -98.220124 }, "geometry": { "type": "Point", "coordinates": [ -98.220124, 16.783037 ] } },
{ "type": "Feature", "properties": { "NO": 1611, "ENTIDAD": "GUERRERO", "MUNICIPIO": "Xochistlahuaca", "PUEBLO INDIGENA O AFROMEXICANO": "AMUZGO", "LOCALIDAD": "CABEZADEARROYOGRANIZO", "CLAVE LOC": 120710059, "TIPO DE ASENTAMIENTO": "COMUNIDAD INDIGENA", "NOMBRE": "CABEZA DE ARROYO GRANIZO", "MONTO ASIGNADO (PESOS)": 139914, "LATITUD": 16.7817, "LONGITUD": -98.192453 }, "geometry": { "type": "Point", "coordinates": [ -98.192453, 16.7817 ] } },
{ "type": "Feature", "properties": { "NO": 1612, "ENTIDAD": "GUERRERO", "MUNICIPIO": "Xochistlahuaca", "PUEBLO INDIGENA O AFROMEXICANO": "AMUZGO", "LOCALIDAD": "CABEZADEARROYONUEVO", "CLAVE LOC": 120710012, "TIPO DE ASENTAMIENTO": "COMUNIDAD INDIGENA", "NOMBRE": "CABEZA DE ARROYO NUEVO", "MONTO ASIGNADO (PESOS)": 475333, "LATITUD": 16.765756, "LONGITUD": -98.236854 }, "geometry": { "type": "Point", "coordinates": [ -98.236854, 16.765756 ] } },
{ "type": "Feature", "properties": { "NO": 1613, "ENTIDAD": "GUERRERO", "MUNICIPIO": "Xochistlahuaca", "PUEBLO INDIGENA O AFROMEXICANO": "AMUZGO", "LOCALIDAD": "CERROBRONCO", "CLAVE LOC": 120710003, "TIPO DE ASENTAMIENTO": "COMUNIDAD INDIGENA", "NOMBRE": "CERRO BRONCO", "MONTO ASIGNADO (PESOS)": 593421, "LATITUD": 16.850036, "LONGITUD": -98.107634 }, "geometry": { "type": "Point", "coordinates": [ -98.107634, 16.850036 ] } },
{ "type": "Feature", "properties": { "NO": 1614, "ENTIDAD": "GUERRERO", "MUNICIPIO": "Xochistlahuaca", "PUEBLO INDIGENA O AFROMEXICANO": "AMUZGO", "LOCALIDAD": "CERROCAJON", "CLAVE LOC": 120710096, "TIPO DE ASENTAMIENTO": "COMUNIDAD INDIGENA", "NOMBRE": "CERRO CAJÓN", "MONTO ASIGNADO (PESOS)": 315789, "LATITUD": 16.746646, "LONGITUD": -98.189311 }, "geometry": { "type": "Point", "coordinates": [ -98.189311, 16.746646 ] } },
{ "type": "Feature", "properties": { "NO": 1615, "ENTIDAD": "GUERRERO", "MUNICIPIO": "Xochistlahuaca", "PUEBLO INDIGENA O AFROMEXICANO": "AMUZGO", "LOCALIDAD": "CERROCENIZAS", "CLAVE LOC": 120710064, "TIPO DE ASENTAMIENTO": "LOCALIDAD CON POBLACION\nINDIGENA", "NOMBRE": "CERRO CENIZAS", "MONTO ASIGNADO (PESOS)": 186396, "LATITUD": 16.745809, "LONGITUD": -98.192461 }, "geometry": { "type": "Point", "coordinates": [ -98.192461, 16.745809 ] } },
{ "type": "Feature", "properties": { "NO": 1616, "ENTIDAD": "GUERRERO", "MUNICIPIO": "Xochistlahuaca", "PUEBLO INDIGENA O AFROMEXICANO": "AMUZGO", "LOCALIDAD": "CERRODEPIEDRAREGADA", "CLAVE LOC": 120710065, "TIPO DE ASENTAMIENTO": "COMUNIDAD INDIGENA", "NOMBRE": "CERRO DE PIEDRA REGADA", "MONTO ASIGNADO (PESOS)": 621058, "LATITUD": 16.769499, "LONGITUD": -98.181244 }, "geometry": { "type": "Point", "coordinates": [ -98.181244, 16.769499 ] } },
{ "type": "Feature", "properties": { "NO": 1617, "ENTIDAD": "GUERRERO", "MUNICIPIO": "Xochistlahuaca", "PUEBLO INDIGENA O AFROMEXICANO": "MIXTECO", "LOCALIDAD": "CERROVERDE", "CLAVE LOC": 120710004, "TIPO DE ASENTAMIENTO": "COMUNIDAD INDIGENA", "NOMBRE": "CERRO VERDE", "MONTO ASIGNADO (PESOS)": 158758, "LATITUD": 16.896699, "LONGITUD": -98.116618 }, "geometry": { "type": "Point", "coordinates": [ -98.116618, 16.896699 ] } },
{ "type": "Feature", "properties": { "NO": 1618, "ENTIDAD": "GUERRERO", "MUNICIPIO": "Xochistlahuaca", "PUEBLO INDIGENA O AFROMEXICANO": "AMUZGO", "LOCALIDAD": "COLONIACERRONANCHE", "CLAVE LOC": 120710126, "TIPO DE ASENTAMIENTO": "COMUNIDAD INDIGENA", "NOMBRE": "COLONIA CERRO NANCHE", "MONTO ASIGNADO (PESOS)": 313277, "LATITUD": 16.761562, "LONGITUD": -98.188193 }, "geometry": { "type": "Point", "coordinates": [ -98.188193, 16.761562 ] } },
{ "type": "Feature", "properties": { "NO": 1619, "ENTIDAD": "GUERRERO", "MUNICIPIO": "Xochistlahuaca", "PUEBLO INDIGENA O AFROMEXICANO": "AMUZGO", "LOCALIDAD": "COLONIAPIEDRADELSOL", "CLAVE LOC": 120710171, "TIPO DE ASENTAMIENTO": "LOCALIDAD CON POBLACION\nINDIGENA", "NOMBRE": "COLONIA PIEDRA DEL SOL", "MONTO ASIGNADO (PESOS)": 283127, "LATITUD": 16.762714, "LONGITUD": -98.231178 }, "geometry": { "type": "Point", "coordinates": [ -98.231178, 16.762714 ] } },
{ "type": "Feature", "properties": { "NO": 1620, "ENTIDAD": "GUERRERO", "MUNICIPIO": "Xochistlahuaca", "PUEBLO INDIGENA O AFROMEXICANO": "AMUZGO", "LOCALIDAD": "COLONIARENACIMIENTO", "CLAVE LOC": 120710129, "TIPO DE ASENTAMIENTO": "COMUNIDAD INDIGENA", "NOMBRE": "COLONIA RENACIMIENTO", "MONTO ASIGNADO (PESOS)": 1768014, "LATITUD": 16.76259, "LONGITUD": -98.181971 }, "geometry": { "type": "Point", "coordinates": [ -98.181971, 16.76259 ] } },
{ "type": "Feature", "properties": { "NO": 1621, "ENTIDAD": "GUERRERO", "MUNICIPIO": "Xochistlahuaca", "PUEBLO INDIGENA O AFROMEXICANO": "AMUZGO", "LOCALIDAD": "COLONIASANFRANCISCO", "CLAVE LOC": 120710130, "TIPO DE ASENTAMIENTO": "COMUNIDAD INDIGENA", "NOMBRE": "COLONIA SAN FRANCISCO", "MONTO ASIGNADO (PESOS)": 255489, "LATITUD": 16.772342, "LONGITUD": -98.229189 }, "geometry": { "type": "Point", "coordinates": [ -98.229189, 16.772342 ] } },
{ "type": "Feature", "properties": { "NO": 1622, "ENTIDAD": "GUERRERO", "MUNICIPIO": "Xochistlahuaca", "PUEBLO INDIGENA O AFROMEXICANO": "AMUZGO", "LOCALIDAD": "COLONIAZACATEPEC", "CLAVE LOC": 120710172, "TIPO DE ASENTAMIENTO": "LOCALIDAD CON POBLACION\nINDIGENA", "NOMBRE": "COLONIA ZACATEPEC", "MONTO ASIGNADO (PESOS)": 211521, "LATITUD": 16.761852, "LONGITUD": -98.240151 }, "geometry": { "type": "Point", "coordinates": [ -98.240151, 16.761852 ] } },
{ "type": "Feature", "properties": { "NO": 1623, "ENTIDAD": "GUERRERO", "MUNICIPIO": "Xochistlahuaca", "PUEBLO INDIGENA O AFROMEXICANO": "AMUZGO", "LOCALIDAD": "COZOYOAPAN", "CLAVE LOC": 120710005, "TIPO DE ASENTAMIENTO": "COMUNIDAD INDIGENA", "NOMBRE": "COZOYOAPÁN", "MONTO ASIGNADO (PESOS)": 2086160, "LATITUD": 16.788773, "LONGITUD": -98.242693 }, "geometry": { "type": "Point", "coordinates": [ -98.242693, 16.788773 ] } },
{ "type": "Feature", "properties": { "NO": 1624, "ENTIDAD": "GUERRERO", "MUNICIPIO": "Xochistlahuaca", "PUEBLO INDIGENA O AFROMEXICANO": "AMUZGO", "LOCALIDAD": "CRUCERODECAMINOS", "CLAVE LOC": 120710134, "TIPO DE ASENTAMIENTO": "COMUNIDAD INDIGENA", "NOMBRE": "CRUCERO DE CAMINOS", "MONTO ASIGNADO (PESOS)": 246696, "LATITUD": 16.790857, "LONGITUD": -98.218039 }, "geometry": { "type": "Point", "coordinates": [ -98.218039, 16.790857 ] } },
{ "type": "Feature", "properties": { "NO": 1625, "ENTIDAD": "GUERRERO", "MUNICIPIO": "Xochistlahuaca", "PUEBLO INDIGENA O AFROMEXICANO": "AMUZGO", "LOCALIDAD": "CRUZPODRIDA", "CLAVE LOC": 120710034, "TIPO DE ASENTAMIENTO": "COMUNIDAD INDIGENA", "NOMBRE": "CRUZ PODRIDA", "MONTO ASIGNADO (PESOS)": 271821, "LATITUD": 16.752037, "LONGITUD": -98.190957 }, "geometry": { "type": "Point", "coordinates": [ -98.190957, 16.752037 ] } },
{ "type": "Feature", "properties": { "NO": 1626, "ENTIDAD": "GUERRERO", "MUNICIPIO": "Xochistlahuaca", "PUEBLO INDIGENA O AFROMEXICANO": "AMUZGO", "LOCALIDAD": "CUMBREDESANJOSE", "CLAVE LOC": 120710110, "TIPO DE ASENTAMIENTO": "COMUNIDAD INDIGENA", "NOMBRE": "CUMBRE DE SAN JOSÉ", "MONTO ASIGNADO (PESOS)": 469052, "LATITUD": 16.796487, "LONGITUD": -98.194747 }, "geometry": { "type": "Point", "coordinates": [ -98.194747, 16.796487 ] } },
{ "type": "Feature", "properties": { "NO": 1627, "ENTIDAD": "GUERRERO", "MUNICIPIO": "Xochistlahuaca", "PUEBLO INDIGENA O AFROMEXICANO": "NAHUA", "LOCALIDAD": "ELCARMEN", "CLAVE LOC": 120710002, "TIPO DE ASENTAMIENTO": "COMUNIDAD INDIGENA", "NOMBRE": "EL CARMEN", "MONTO ASIGNADO (PESOS)": 1065999, "LATITUD": 16.950641, "LONGITUD": -98.237221 }, "geometry": { "type": "Point", "coordinates": [ -98.237221, 16.950641 ] } },
{ "type": "Feature", "properties": { "NO": 1628, "ENTIDAD": "GUERRERO", "MUNICIPIO": "Xochistlahuaca", "PUEBLO INDIGENA O AFROMEXICANO": "AMUZGO", "LOCALIDAD": "ELSANTIAGO", "CLAVE LOC": 120710014, "TIPO DE ASENTAMIENTO": "COMUNIDAD INDIGENA", "NOMBRE": "EL SANTIAGO", "MONTO ASIGNADO (PESOS)": 892408, "LATITUD": 16.760609, "LONGITUD": -98.205652 }, "geometry": { "type": "Point", "coordinates": [ -98.205652, 16.760609 ] } },
{ "type": "Feature", "properties": { "NO": 1629, "ENTIDAD": "GUERRERO", "MUNICIPIO": "Xochistlahuaca", "PUEBLO INDIGENA O AFROMEXICANO": "AMUZGO", "LOCALIDAD": "GUADALUPEVICTORIA", "CLAVE LOC": 120710006, "TIPO DE ASENTAMIENTO": "COMUNIDAD INDIGENA", "NOMBRE": "GUADALUPE VICTORIA", "MONTO ASIGNADO (PESOS)": 3196370, "LATITUD": 16.756661, "LONGITUD": -98.179705 }, "geometry": { "type": "Point", "coordinates": [ -98.179705, 16.756661 ] } },
{ "type": "Feature", "properties": { "NO": 1630, "ENTIDAD": "GUERRERO", "MUNICIPIO": "Xochistlahuaca", "PUEBLO INDIGENA O AFROMEXICANO": "AMUZGO", "LOCALIDAD": "JUANROCHAREYES", "CLAVE LOC": 120710135, "TIPO DE ASENTAMIENTO": "COMUNIDAD INDIGENA", "NOMBRE": "JUAN ROCHA REYES", "MONTO ASIGNADO (PESOS)": 241671, "LATITUD": 16.760183, "LONGITUD": -98.209757 }, "geometry": { "type": "Point", "coordinates": [ -98.209757, 16.760183 ] } },
{ "type": "Feature", "properties": { "NO": 1631, "ENTIDAD": "GUERRERO", "MUNICIPIO": "Xochistlahuaca", "PUEBLO INDIGENA O AFROMEXICANO": "AMUZGO", "LOCALIDAD": "JUNTADEARROYOBLANQUILLO(RANCHO LIBRADORAMOS)", "CLAVE LOC": 120710104, "TIPO DE ASENTAMIENTO": "COMUNIDAD INDIGENA", "NOMBRE": "JUNTA DE ARROYO BLANQUILLO (RANCHO LIBRADO RAMOS)", "MONTO ASIGNADO (PESOS)": 294433, "LATITUD": 16.762272, "LONGITUD": -98.21195 }, "geometry": { "type": "Point", "coordinates": [ -98.21195, 16.762272 ] } },
{ "type": "Feature", "properties": { "NO": 1632, "ENTIDAD": "GUERRERO", "MUNICIPIO": "Xochistlahuaca", "PUEBLO INDIGENA O AFROMEXICANO": "AMUZGO", "LOCALIDAD": "JUNTADEARROYOGRANDE", "CLAVE LOC": 120710022, "TIPO DE ASENTAMIENTO": "COMUNIDAD INDIGENA", "NOMBRE": "JUNTA DE ARROYO GRANDE", "MONTO ASIGNADO (PESOS)": 497946, "LATITUD": 16.809595, "LONGITUD": -98.140651 }, "geometry": { "type": "Point", "coordinates": [ -98.140651, 16.809595 ] } },
{ "type": "Feature", "properties": { "NO": 1633, "ENTIDAD": "GUERRERO", "MUNICIPIO": "Xochistlahuaca", "PUEBLO INDIGENA O AFROMEXICANO": "AMUZGO", "LOCALIDAD": "LACIENEGA", "CLAVE LOC": 120710020, "TIPO DE ASENTAMIENTO": "COMUNIDAD INDIGENA", "NOMBRE": "LA CIÉNEGA", "MONTO ASIGNADO (PESOS)": 403727, "LATITUD": 16.795809, "LONGITUD": -98.197885 }, "geometry": { "type": "Point", "coordinates": [ -98.197885, 16.795809 ] } },
{ "type": "Feature", "properties": { "NO": 1634, "ENTIDAD": "GUERRERO", "MUNICIPIO": "Xochistlahuaca", "PUEBLO INDIGENA O AFROMEXICANO": "MIXTECO", "LOCALIDAD": "LASOLEDAD", "CLAVE LOC": 120710009, "TIPO DE ASENTAMIENTO": "COMUNIDAD INDIGENA", "NOMBRE": "LA SOLEDAD", "MONTO ASIGNADO (PESOS)": 1490383, "LATITUD": 16.919999, "LONGITUD": -98.166944 }, "geometry": { "type": "Point", "coordinates": [ -98.166944, 16.919999 ] } },
{ "type": "Feature", "properties": { "NO": 1635, "ENTIDAD": "GUERRERO", "MUNICIPIO": "Xochistlahuaca", "PUEBLO INDIGENA O AFROMEXICANO": "AMUZGO", "LOCALIDAD": "LLANODELCARMEN", "CLAVE LOC": 120710070, "TIPO DE ASENTAMIENTO": "COMUNIDAD INDIGENA", "NOMBRE": "LLANO DEL CARMEN", "MONTO ASIGNADO (PESOS)": 705227, "LATITUD": 16.76574, "LONGITUD": -98.226306 }, "geometry": { "type": "Point", "coordinates": [ -98.226306, 16.76574 ] } },
{ "type": "Feature", "properties": { "NO": 1636, "ENTIDAD": "GUERRERO", "MUNICIPIO": "Xochistlahuaca", "PUEBLO INDIGENA O AFROMEXICANO": "AMUZGO", "LOCALIDAD": "LOMADEPIEDRAAZUL", "CLAVE LOC": 120710119, "TIPO DE ASENTAMIENTO": "COMUNIDAD INDIGENA", "NOMBRE": "LOMA DE PIEDRA AZUL", "MONTO ASIGNADO (PESOS)": 219058, "LATITUD": 16.761891, "LONGITUD": -98.16777 }, "geometry": { "type": "Point", "coordinates": [ -98.16777, 16.761891 ] } },
{ "type": "Feature", "properties": { "NO": 1637, "ENTIDAD": "GUERRERO", "MUNICIPIO": "Xochistlahuaca", "PUEBLO INDIGENA O AFROMEXICANO": "AMUZGO", "LOCALIDAD": "LOSLIROS", "CLAVE LOC": 120710016, "TIPO DE ASENTAMIENTO": "COMUNIDAD INDIGENA", "NOMBRE": "LOS LIROS", "MONTO ASIGNADO (PESOS)": 1392395, "LATITUD": 16.739195, "LONGITUD": -98.214889 }, "geometry": { "type": "Point", "coordinates": [ -98.214889, 16.739195 ] } },
{ "type": "Feature", "properties": { "NO": 1638, "ENTIDAD": "GUERRERO", "MUNICIPIO": "Xochistlahuaca", "PUEBLO INDIGENA O AFROMEXICANO": "AMUZGO", "LOCALIDAD": "LUISDONALDOCOLOSIOMURRIETA", "CLAVE LOC": 120710128, "TIPO DE ASENTAMIENTO": "COMUNIDAD INDIGENA", "NOMBRE": "LUIS DONALDO COLOSIO MURRIETA", "MONTO ASIGNADO (PESOS)": 588396, "LATITUD": 16.744966, "LONGITUD": -98.209462 }, "geometry": { "type": "Point", "coordinates": [ -98.209462, 16.744966 ] } },
{ "type": "Feature", "properties": { "NO": 1639, "ENTIDAD": "GUERRERO", "MUNICIPIO": "Xochistlahuaca", "PUEBLO INDIGENA O AFROMEXICANO": "AMUZGO", "LOCALIDAD": "MANANTIALMOJARRA", "CLAVE LOC": 120710117, "TIPO DE ASENTAMIENTO": "COMUNIDAD INDIGENA", "NOMBRE": "MANANTIAL MOJARRA", "MONTO ASIGNADO (PESOS)": 554477, "LATITUD": 16.772331, "LONGITUD": -98.220015 }, "geometry": { "type": "Point", "coordinates": [ -98.220015, 16.772331 ] } },
{ "type": "Feature", "properties": { "NO": 1640, "ENTIDAD": "GUERRERO", "MUNICIPIO": "Xochistlahuaca", "PUEBLO INDIGENA O AFROMEXICANO": "AMUZGO", "LOCALIDAD": "PAROTAQUEMADA", "CLAVE LOC": 120710120, "TIPO DE ASENTAMIENTO": "COMUNIDAD INDIGENA", "NOMBRE": "PAROTA QUEMADA", "MONTO ASIGNADO (PESOS)": 222827, "LATITUD": 16.777345, "LONGITUD": -98.227503 }, "geometry": { "type": "Point", "coordinates": [ -98.227503, 16.777345 ] } },
{ "type": "Feature", "properties": { "NO": 1641, "ENTIDAD": "GUERRERO", "MUNICIPIO": "Xochistlahuaca", "PUEBLO INDIGENA O AFROMEXICANO": "AMUZGO", "LOCALIDAD": "PIEDRADESEPULCRO(PIEDRASEPULTADA)", "CLAVE LOC": 120710079, "TIPO DE ASENTAMIENTO": "COMUNIDAD INDIGENA", "NOMBRE": "PIEDRA DE SEPULCRO (PIEDRA SEPULTADA)", "MONTO ASIGNADO (PESOS)": 170064, "LATITUD": 16.807884, "LONGITUD": -98.149765 }, "geometry": { "type": "Point", "coordinates": [ -98.149765, 16.807884 ] } },
{ "type": "Feature", "properties": { "NO": 1642, "ENTIDAD": "GUERRERO", "MUNICIPIO": "Xochistlahuaca", "PUEBLO INDIGENA O AFROMEXICANO": "AMUZGO", "LOCALIDAD": "PIEDRAPESADA", "CLAVE LOC": 120710098, "TIPO DE ASENTAMIENTO": "COMUNIDAD INDIGENA", "NOMBRE": "PIEDRA PESADA", "MONTO ASIGNADO (PESOS)": 239158, "LATITUD": 16.792149, "LONGITUD": -98.213775 }, "geometry": { "type": "Point", "coordinates": [ -98.213775, 16.792149 ] } },
{ "type": "Feature", "properties": { "NO": 1643, "ENTIDAD": "GUERRERO", "MUNICIPIO": "Xochistlahuaca", "PUEBLO INDIGENA O AFROMEXICANO": "AMUZGO", "LOCALIDAD": "PLANDEARROYOLIMON", "CLAVE LOC": 120710069, "TIPO DE ASENTAMIENTO": "COMUNIDAD INDIGENA", "NOMBRE": "PLAN DE ARROYO LIMÓN", "MONTO ASIGNADO (PESOS)": 471564, "LATITUD": 16.761017, "LONGITUD": -98.220165 }, "geometry": { "type": "Point", "coordinates": [ -98.220165, 16.761017 ] } },
{ "type": "Feature", "properties": { "NO": 1644, "ENTIDAD": "GUERRERO", "MUNICIPIO": "Xochistlahuaca", "PUEBLO INDIGENA O AFROMEXICANO": "NAHUA", "LOCALIDAD": "PLANDEGUADALUPE", "CLAVE LOC": 120710007, "TIPO DE ASENTAMIENTO": "COMUNIDAD INDIGENA", "NOMBRE": "PLAN DE GUADALUPE", "MONTO ASIGNADO (PESOS)": 319875, "LATITUD": 16.809966, "LONGITUD": -98.107934 }, "geometry": { "type": "Point", "coordinates": [ -98.107934, 16.809966 ] } },
{ "type": "Feature", "properties": { "NO": 1645, "ENTIDAD": "GUERRERO", "MUNICIPIO": "Xochistlahuaca", "PUEBLO INDIGENA O AFROMEXICANO": "AMUZGO", "LOCALIDAD": "PLANDELOSMUERTOS", "CLAVE LOC": 120710080, "TIPO DE ASENTAMIENTO": "COMUNIDAD INDIGENA", "NOMBRE": "PLAN DE LOS MUERTOS", "MONTO ASIGNADO (PESOS)": 884870, "LATITUD": 16.755574, "LONGITUD": -98.23526 }, "geometry": { "type": "Point", "coordinates": [ -98.23526, 16.755574 ] } },
{ "type": "Feature", "properties": { "NO": 1646, "ENTIDAD": "GUERRERO", "MUNICIPIO": "Xochistlahuaca", "PUEBLO INDIGENA O AFROMEXICANO": "AMUZGO", "LOCALIDAD": "PLANDEPIERNA", "CLAVE LOC": 120710015, "TIPO DE ASENTAMIENTO": "COMUNIDAD INDIGENA", "NOMBRE": "PLAN DE PIERNA", "MONTO ASIGNADO (PESOS)": 1358477, "LATITUD": 16.774468, "LONGITUD": -98.200813 }, "geometry": { "type": "Point", "coordinates": [ -98.200813, 16.774468 ] } },
{ "type": "Feature", "properties": { "NO": 1647, "ENTIDAD": "GUERRERO", "MUNICIPIO": "Xochistlahuaca", "PUEBLO INDIGENA O AFROMEXICANO": "AMUZGO", "LOCALIDAD": "PLANLAGARTO", "CLAVE LOC": 120710018, "TIPO DE ASENTAMIENTO": "LOCALIDAD CON POBLACION\nINDIGENA", "NOMBRE": "PLAN LAGARTO", "MONTO ASIGNADO (PESOS)": 647439, "LATITUD": 16.766971, "LONGITUD": -98.190954 }, "geometry": { "type": "Point", "coordinates": [ -98.190954, 16.766971 ] } },
{ "type": "Feature", "properties": { "NO": 1648, "ENTIDAD": "GUERRERO", "MUNICIPIO": "Xochistlahuaca", "PUEBLO INDIGENA O AFROMEXICANO": "AMUZGO", "LOCALIDAD": "PLANMAGUEYI", "CLAVE LOC": 120710131, "TIPO DE ASENTAMIENTO": "COMUNIDAD INDIGENA", "NOMBRE": "PLAN MAGUEY I", "MONTO ASIGNADO (PESOS)": 332121, "LATITUD": 16.776076, "LONGITUD": -98.244176 }, "geometry": { "type": "Point", "coordinates": [ -98.244176, 16.776076 ] } },
{ "type": "Feature", "properties": { "NO": 1649, "ENTIDAD": "GUERRERO", "MUNICIPIO": "Xochistlahuaca", "PUEBLO INDIGENA O AFROMEXICANO": "AMUZGO", "LOCALIDAD": "PLANMAGUEYII", "CLAVE LOC": 120710011, "TIPO DE ASENTAMIENTO": "COMUNIDAD INDIGENA", "NOMBRE": "PLAN MAGUEY II", "MONTO ASIGNADO (PESOS)": 526839, "LATITUD": 16.773901, "LONGITUD": -98.238144 }, "geometry": { "type": "Point", "coordinates": [ -98.238144, 16.773901 ] } },
{ "type": "Feature", "properties": { "NO": 1650, "ENTIDAD": "GUERRERO", "MUNICIPIO": "Xochistlahuaca", "PUEBLO INDIGENA O AFROMEXICANO": "AMUZGO", "LOCALIDAD": "RANCHOCORNELIOLOPEZ(ARROYO CHACALE)", "CLAVE LOC": 120710082, "TIPO DE ASENTAMIENTO": "LOCALIDAD CON POBLACION\nINDIGENA", "NOMBRE": "RANCHO CORNELIO LÓPEZ (ARROYO CHACALE)", "MONTO ASIGNADO (PESOS)": 183883, "LATITUD": 16.833511, "LONGITUD": -98.213769 }, "geometry": { "type": "Point", "coordinates": [ -98.213769, 16.833511 ] } },
{ "type": "Feature", "properties": { "NO": 1651, "ENTIDAD": "GUERRERO", "MUNICIPIO": "Xochistlahuaca", "PUEBLO INDIGENA O AFROMEXICANO": "AMUZGO", "LOCALIDAD": "RANCHODELCURAEJIDO", "CLAVE LOC": 120710026, "TIPO DE ASENTAMIENTO": "COMUNIDAD INDIGENA", "NOMBRE": "RANCHO DEL CURA EJIDO", "MONTO ASIGNADO (PESOS)": 310764, "LATITUD": 16.84848, "LONGITUD": -98.120958 }, "geometry": { "type": "Point", "coordinates": [ -98.120958, 16.84848 ] } },
{ "type": "Feature", "properties": { "NO": 1652, "ENTIDAD": "GUERRERO", "MUNICIPIO": "Xochistlahuaca", "PUEBLO INDIGENA O AFROMEXICANO": "AMUZGO", "LOCALIDAD": "RANCHODELCURATEJERIA", "CLAVE LOC": 120710010, "TIPO DE ASENTAMIENTO": "COMUNIDAD INDIGENA", "NOMBRE": "RANCHO DEL CURA TEJERÍA", "MONTO ASIGNADO (PESOS)": 951452, "LATITUD": 16.79207, "LONGITUD": -98.176341 }, "geometry": { "type": "Point", "coordinates": [ -98.176341, 16.79207 ] } },
{ "type": "Feature", "properties": { "NO": 1653, "ENTIDAD": "GUERRERO", "MUNICIPIO": "Xochistlahuaca", "PUEBLO INDIGENA O AFROMEXICANO": "MIXTECO", "LOCALIDAD": "SANMIGUELTEJALPAN", "CLAVE LOC": 120710008, "TIPO DE ASENTAMIENTO": "COMUNIDAD INDIGENA", "NOMBRE": "SAN MIGUEL TEJALPAN", "MONTO ASIGNADO (PESOS)": 575833, "LATITUD": 16.96671, "LONGITUD": -98.11828 }, "geometry": { "type": "Point", "coordinates": [ -98.11828, 16.96671 ] } },
{ "type": "Feature", "properties": { "NO": 1654, "ENTIDAD": "GUERRERO", "MUNICIPIO": "Xochistlahuaca", "PUEBLO INDIGENA O AFROMEXICANO": "AMUZGO", "LOCALIDAD": "TIERRACOLORADA", "CLAVE LOC": 120710102, "TIPO DE ASENTAMIENTO": "COMUNIDAD INDIGENA", "NOMBRE": "TIERRA COLORADA", "MONTO ASIGNADO (PESOS)": 263027, "LATITUD": 16.751507, "LONGITUD": -98.1602 }, "geometry": { "type": "Point", "coordinates": [ -98.1602, 16.751507 ] } },
{ "type": "Feature", "properties": { "NO": 1655, "ENTIDAD": "GUERRERO", "MUNICIPIO": "Xochistlahuaca", "PUEBLO INDIGENA O AFROMEXICANO": "AMUZGO", "LOCALIDAD": "XOCHISTLAHUACA", "CLAVE LOC": 120710001, "TIPO DE ASENTAMIENTO": "COMUNIDAD INDIGENA", "NOMBRE": "XOCHISTLAHUACA", "MONTO ASIGNADO (PESOS)": 4150800, "LATITUD": 16.792423, "LONGITUD": -98.242466 }, "geometry": { "type": "Point", "coordinates": [ -98.242466, 16.792423 ] } },
{ "type": "Feature", "properties": { "NO": 1656, "ENTIDAD": "GUERRERO", "MUNICIPIO": "Zapotitlán Tablas", "PUEBLO INDIGENA O AFROMEXICANO": "ME’PHAA\n(TLAPANECO)", "LOCALIDAD": "ACALMANIDELASTABLAS", "CLAVE LOC": 120720047, "TIPO DE ASENTAMIENTO": "LOCALIDAD CON POBLACION\nINDIGENA", "NOMBRE": "ACALMANI DE LAS TABLAS", "MONTO ASIGNADO (PESOS)": 134889, "LATITUD": 17.32698, "LONGITUD": -98.790514 }, "geometry": { "type": "Point", "coordinates": [ -98.790514, 17.32698 ] } },
{ "type": "Feature", "properties": { "NO": 1657, "ENTIDAD": "GUERRERO", "MUNICIPIO": "Zapotitlán Tablas", "PUEBLO INDIGENA O AFROMEXICANO": "ME’PHAA\n(TLAPANECO)", "LOCALIDAD": "AHUIXOTITLA", "CLAVE LOC": 120720003, "TIPO DE ASENTAMIENTO": "COMUNIDAD INDIGENA", "NOMBRE": "AHUIXOTITLA", "MONTO ASIGNADO (PESOS)": 1024314, "LATITUD": 17.393101, "LONGITUD": -98.801674 }, "geometry": { "type": "Point", "coordinates": [ -98.801674, 17.393101 ] } },
{ "type": "Feature", "properties": { "NO": 1658, "ENTIDAD": "GUERRERO", "MUNICIPIO": "Zapotitlán Tablas", "PUEBLO INDIGENA O AFROMEXICANO": "ME’PHAA\n(TLAPANECO)", "LOCALIDAD": "ALTEOPA", "CLAVE LOC": 120720045, "TIPO DE ASENTAMIENTO": "COMUNIDAD INDIGENA", "NOMBRE": "ALTEOPA", "MONTO ASIGNADO (PESOS)": 368552, "LATITUD": 17.41747, "LONGITUD": -98.773605 }, "geometry": { "type": "Point", "coordinates": [ -98.773605, 17.41747 ] } },
{ "type": "Feature", "properties": { "NO": 1659, "ENTIDAD": "GUERRERO", "MUNICIPIO": "Zapotitlán Tablas", "PUEBLO INDIGENA O AFROMEXICANO": "ME’PHAA\n(TLAPANECO)", "LOCALIDAD": "AYOTOXTLA", "CLAVE LOC": 120720005, "TIPO DE ASENTAMIENTO": "COMUNIDAD INDIGENA", "NOMBRE": "AYOTOXTLA", "MONTO ASIGNADO (PESOS)": 1229083, "LATITUD": 17.392645, "LONGITUD": -98.836031 }, "geometry": { "type": "Point", "coordinates": [ -98.836031, 17.392645 ] } },
{ "type": "Feature", "properties": { "NO": 1660, "ENTIDAD": "GUERRERO", "MUNICIPIO": "Zapotitlán Tablas", "PUEBLO INDIGENA O AFROMEXICANO": "ME’PHAA\n(TLAPANECO)", "LOCALIDAD": "BARRANCAMORA", "CLAVE LOC": 120720111, "TIPO DE ASENTAMIENTO": "COMUNIDAD INDIGENA", "NOMBRE": "BARRANCA MORA", "MONTO ASIGNADO (PESOS)": 122327, "LATITUD": 17.413129, "LONGITUD": -98.776012 }, "geometry": { "type": "Point", "coordinates": [ -98.776012, 17.413129 ] } },
{ "type": "Feature", "properties": { "NO": 1661, "ENTIDAD": "GUERRERO", "MUNICIPIO": "Zapotitlán Tablas", "PUEBLO INDIGENA O AFROMEXICANO": "ME’PHAA\n(TLAPANECO)", "LOCALIDAD": "BARRANCAXOCO", "CLAVE LOC": 120720053, "TIPO DE ASENTAMIENTO": "COMUNIDAD INDIGENA", "NOMBRE": "BARRANCA XOCO", "MONTO ASIGNADO (PESOS)": 446910, "LATITUD": 17.410991, "LONGITUD": -98.791877 }, "geometry": { "type": "Point", "coordinates": [ -98.791877, 17.410991 ] } },
{ "type": "Feature", "properties": { "NO": 1662, "ENTIDAD": "GUERRERO", "MUNICIPIO": "Zapotitlán Tablas", "PUEBLO INDIGENA O AFROMEXICANO": "ME’PHAA\n(TLAPANECO)", "LOCALIDAD": "BARRIONUEVO", "CLAVE LOC": 120720114, "TIPO DE ASENTAMIENTO": "COMUNIDAD INDIGENA", "NOMBRE": "BARRIO NUEVO", "MONTO ASIGNADO (PESOS)": 162527, "LATITUD": 17.394697, "LONGITUD": -98.816157 }, "geometry": { "type": "Point", "coordinates": [ -98.816157, 17.394697 ] } },
{ "type": "Feature", "properties": { "NO": 1663, "ENTIDAD": "GUERRERO", "MUNICIPIO": "Zapotitlán Tablas", "PUEBLO INDIGENA O AFROMEXICANO": "ME’PHAA\n(TLAPANECO)", "LOCALIDAD": "BUENAVISTA", "CLAVE LOC": 120720113, "TIPO DE ASENTAMIENTO": "LOCALIDAD CON POBLACION\nINDIGENA", "NOMBRE": "BUENA VISTA", "MONTO ASIGNADO (PESOS)": 207752, "LATITUD": 17.43211, "LONGITUD": -98.779933 }, "geometry": { "type": "Point", "coordinates": [ -98.779933, 17.43211 ] } },
{ "type": "Feature", "properties": { "NO": 1664, "ENTIDAD": "GUERRERO", "MUNICIPIO": "Zapotitlán Tablas", "PUEBLO INDIGENA O AFROMEXICANO": "ME’PHAA\n(TLAPANECO)", "LOCALIDAD": "CERROOCOTAL(ELOCOTAL)", "CLAVE LOC": 120720088, "TIPO DE ASENTAMIENTO": "LOCALIDAD CON POBLACION\nINDIGENA", "NOMBRE": "CERRO OCOTAL (EL OCOTAL)", "MONTO ASIGNADO (PESOS)": 229108, "LATITUD": 17.205776, "LONGITUD": -98.902546 }, "geometry": { "type": "Point", "coordinates": [ -98.902546, 17.205776 ] } },
{ "type": "Feature", "properties": { "NO": 1665, "ENTIDAD": "GUERRERO", "MUNICIPIO": "Zapotitlán Tablas", "PUEBLO INDIGENA O AFROMEXICANO": "ME’PHAA\n(TLAPANECO)", "LOCALIDAD": "CERROVERDE", "CLAVE LOC": 120720055, "TIPO DE ASENTAMIENTO": "COMUNIDAD INDIGENA", "NOMBRE": "CERRO VERDE", "MONTO ASIGNADO (PESOS)": 411264, "LATITUD": 17.347308, "LONGITUD": -98.815485 }, "geometry": { "type": "Point", "coordinates": [ -98.815485, 17.347308 ] } },
{ "type": "Feature", "properties": { "NO": 1666, "ENTIDAD": "GUERRERO", "MUNICIPIO": "Zapotitlán Tablas", "PUEBLO INDIGENA O AFROMEXICANO": "ME’PHAA\n(TLAPANECO)", "LOCALIDAD": "COLONIACUADRILLACAPULIN", "CLAVE LOC": 120720127, "TIPO DE ASENTAMIENTO": "COMUNIDAD INDIGENA", "NOMBRE": "COLONIA CUADRILLA CAPULÍN", "MONTO ASIGNADO (PESOS)": 183883, "LATITUD": 17.363069, "LONGITUD": -98.853022 }, "geometry": { "type": "Point", "coordinates": [ -98.853022, 17.363069 ] } },
{ "type": "Feature", "properties": { "NO": 1667, "ENTIDAD": "GUERRERO", "MUNICIPIO": "Zapotitlán Tablas", "PUEBLO INDIGENA O AFROMEXICANO": "ME’PHAA\n(TLAPANECO)", "LOCALIDAD": "COLONIALOSPINOS", "CLAVE LOC": 120720136, "TIPO DE ASENTAMIENTO": "LOCALIDAD CON POBLACION\nINDIGENA", "NOMBRE": "COLONIA LOS PINOS", "MONTO ASIGNADO (PESOS)": 156246, "LATITUD": 17.33445, "LONGITUD": -98.803285 }, "geometry": { "type": "Point", "coordinates": [ -98.803285, 17.33445 ] } },
{ "type": "Feature", "properties": { "NO": 1668, "ENTIDAD": "GUERRERO", "MUNICIPIO": "Zapotitlán Tablas", "PUEBLO INDIGENA O AFROMEXICANO": "ME’PHAA\n(TLAPANECO)", "LOCALIDAD": "COLONIARIOBALSAS", "CLAVE LOC": 120720118, "TIPO DE ASENTAMIENTO": "COMUNIDAD INDIGENA", "NOMBRE": "COLONIA RÍO BALSAS", "MONTO ASIGNADO (PESOS)": 100971, "LATITUD": 17.390956, "LONGITUD": -98.785018 }, "geometry": { "type": "Point", "coordinates": [ -98.785018, 17.390956 ] } },
{ "type": "Feature", "properties": { "NO": 1669, "ENTIDAD": "GUERRERO", "MUNICIPIO": "Zapotitlán Tablas", "PUEBLO INDIGENA O AFROMEXICANO": "ME’PHAA\n(TLAPANECO)", "LOCALIDAD": "COLONIASANANTONIO", "CLAVE LOC": 120720140, "TIPO DE ASENTAMIENTO": "LOCALIDAD CON POBLACION\nINDIGENA", "NOMBRE": "COLONIA SAN ANTONIO", "MONTO ASIGNADO (PESOS)": 247952, "LATITUD": 17.325256, "LONGITUD": -98.837012 }, "geometry": { "type": "Point", "coordinates": [ -98.837012, 17.325256 ] } },
{ "type": "Feature", "properties": { "NO": 1670, "ENTIDAD": "GUERRERO", "MUNICIPIO": "Zapotitlán Tablas", "PUEBLO INDIGENA O AFROMEXICANO": "ME’PHAA\n(TLAPANECO)", "LOCALIDAD": "CRUZPIEDRASALADA", "CLAVE LOC": 120720134, "TIPO DE ASENTAMIENTO": "COMUNIDAD INDIGENA", "NOMBRE": "CRUZ PIEDRA SALADA", "MONTO ASIGNADO (PESOS)": 148708, "LATITUD": 17.393221, "LONGITUD": -98.763361 }, "geometry": { "type": "Point", "coordinates": [ -98.763361, 17.393221 ] } },
{ "type": "Feature", "properties": { "NO": 1671, "ENTIDAD": "GUERRERO", "MUNICIPIO": "Zapotitlán Tablas", "PUEBLO INDIGENA O AFROMEXICANO": "ME’PHAA\n(TLAPANECO)", "LOCALIDAD": "ELFRESNO", "CLAVE LOC": 120720128, "TIPO DE ASENTAMIENTO": "COMUNIDAD INDIGENA", "NOMBRE": "EL FRESNO", "MONTO ASIGNADO (PESOS)": 280614, "LATITUD": 17.394252, "LONGITUD": -98.771974 }, "geometry": { "type": "Point", "coordinates": [ -98.771974, 17.394252 ] } },
{ "type": "Feature", "properties": { "NO": 1672, "ENTIDAD": "GUERRERO", "MUNICIPIO": "Zapotitlán Tablas", "PUEBLO INDIGENA O AFROMEXICANO": "ME’PHAA\n(TLAPANECO)", "LOCALIDAD": "ELRINCON", "CLAVE LOC": 120720121, "TIPO DE ASENTAMIENTO": "COMUNIDAD INDIGENA", "NOMBRE": "EL RINCÓN", "MONTO ASIGNADO (PESOS)": 168808, "LATITUD": 17.436999, "LONGITUD": -98.789993 }, "geometry": { "type": "Point", "coordinates": [ -98.789993, 17.436999 ] } },
{ "type": "Feature", "properties": { "NO": 1673, "ENTIDAD": "GUERRERO", "MUNICIPIO": "Zapotitlán Tablas", "PUEBLO INDIGENA O AFROMEXICANO": "ME’PHAA\n(TLAPANECO)", "LOCALIDAD": "ELSAUCE", "CLAVE LOC": 120720125, "TIPO DE ASENTAMIENTO": "LOCALIDAD CON POBLACION\nINDIGENA", "NOMBRE": "EL SAUCE", "MONTO ASIGNADO (PESOS)": 137402, "LATITUD": 17.423368, "LONGITUD": -98.752837 }, "geometry": { "type": "Point", "coordinates": [ -98.752837, 17.423368 ] } },
{ "type": "Feature", "properties": { "NO": 1674, "ENTIDAD": "GUERRERO", "MUNICIPIO": "Zapotitlán Tablas", "PUEBLO INDIGENA O AFROMEXICANO": "ME’PHAA\n(TLAPANECO)", "LOCALIDAD": "ELSOMBRERITO", "CLAVE LOC": 120720115, "TIPO DE ASENTAMIENTO": "COMUNIDAD INDIGENA", "NOMBRE": "EL SOMBRERITO", "MONTO ASIGNADO (PESOS)": 187652, "LATITUD": 17.4242, "LONGITUD": -98.74723 }, "geometry": { "type": "Point", "coordinates": [ -98.74723, 17.4242 ] } },
{ "type": "Feature", "properties": { "NO": 1675, "ENTIDAD": "GUERRERO", "MUNICIPIO": "Zapotitlán Tablas", "PUEBLO INDIGENA O AFROMEXICANO": "ME’PHAA\n(TLAPANECO)", "LOCALIDAD": "ESCALERILLALAGUNAS", "CLAVE LOC": 120720013, "TIPO DE ASENTAMIENTO": "COMUNIDAD INDIGENA", "NOMBRE": "ESCALERILLA LAGUNAS", "MONTO ASIGNADO (PESOS)": 955220, "LATITUD": 17.377906, "LONGITUD": -98.848252 }, "geometry": { "type": "Point", "coordinates": [ -98.848252, 17.377906 ] } },
{ "type": "Feature", "properties": { "NO": 1676, "ENTIDAD": "GUERRERO", "MUNICIPIO": "Zapotitlán Tablas", "PUEBLO INDIGENA O AFROMEXICANO": "ME’PHAA\n(TLAPANECO)", "LOCALIDAD": "HUIZTLATZALA", "CLAVE LOC": 120720015, "TIPO DE ASENTAMIENTO": "COMUNIDAD INDIGENA", "NOMBRE": "HUIZTLATZALA", "MONTO ASIGNADO (PESOS)": 612264, "LATITUD": 17.393369, "LONGITUD": -98.770158 }, "geometry": { "type": "Point", "coordinates": [ -98.770158, 17.393369 ] } },
{ "type": "Feature", "properties": { "NO": 1677, "ENTIDAD": "GUERRERO", "MUNICIPIO": "Zapotitlán Tablas", "PUEBLO INDIGENA O AFROMEXICANO": "ME’PHAA\n(TLAPANECO)", "LOCALIDAD": "IXTLAHUAZACA", "CLAVE LOC": 120720016, "TIPO DE ASENTAMIENTO": "COMUNIDAD INDIGENA", "NOMBRE": "IXTLAHUAZACA", "MONTO ASIGNADO (PESOS)": 404983, "LATITUD": 17.338903, "LONGITUD": -98.799853 }, "geometry": { "type": "Point", "coordinates": [ -98.799853, 17.338903 ] } },
{ "type": "Feature", "properties": { "NO": 1678, "ENTIDAD": "GUERRERO", "MUNICIPIO": "Zapotitlán Tablas", "PUEBLO INDIGENA O AFROMEXICANO": "ME’PHAA\n(TLAPANECO)", "LOCALIDAD": "LAGUNAMEMBRILLO", "CLAVE LOC": 120720060, "TIPO DE ASENTAMIENTO": "COMUNIDAD INDIGENA", "NOMBRE": "LAGUNA MEMBRILLO", "MONTO ASIGNADO (PESOS)": 440158, "LATITUD": 17.409199, "LONGITUD": -98.784036 }, "geometry": { "type": "Point", "coordinates": [ -98.784036, 17.409199 ] } },
{ "type": "Feature", "properties": { "NO": 1679, "ENTIDAD": "GUERRERO", "MUNICIPIO": "Zapotitlán Tablas", "PUEBLO INDIGENA O AFROMEXICANO": "ME’PHAA\n(TLAPANECO)", "LOCALIDAD": "LASMINAS", "CLAVE LOC": 120720080, "TIPO DE ASENTAMIENTO": "LOCALIDAD CON POBLACION\nINDIGENA", "NOMBRE": "LAS MINAS", "MONTO ASIGNADO (PESOS)": 163051, "LATITUD": 17.422334, "LONGITUD": -98.790696 }, "geometry": { "type": "Point", "coordinates": [ -98.790696, 17.422334 ] } },
{ "type": "Feature", "properties": { "NO": 1680, "ENTIDAD": "GUERRERO", "MUNICIPIO": "Zapotitlán Tablas", "PUEBLO INDIGENA O AFROMEXICANO": "ME’PHAA\n(TLAPANECO)", "LOCALIDAD": "LINDAVISTA", "CLAVE LOC": 120720123, "TIPO DE ASENTAMIENTO": "COMUNIDAD INDIGENA", "NOMBRE": "LINDA VISTA", "MONTO ASIGNADO (PESOS)": 353477, "LATITUD": 17.36875, "LONGITUD": -98.839706 }, "geometry": { "type": "Point", "coordinates": [ -98.839706, 17.36875 ] } },
{ "type": "Feature", "properties": { "NO": 1681, "ENTIDAD": "GUERRERO", "MUNICIPIO": "Zapotitlán Tablas", "PUEBLO INDIGENA O AFROMEXICANO": "ME’PHAA\n(TLAPANECO)", "LOCALIDAD": "LLANOPERICON", "CLAVE LOC": 120720064, "TIPO DE ASENTAMIENTO": "COMUNIDAD INDIGENA", "NOMBRE": "LLANO PERICÓN", "MONTO ASIGNADO (PESOS)": 258002, "LATITUD": 17.439402, "LONGITUD": -98.79265 }, "geometry": { "type": "Point", "coordinates": [ -98.79265, 17.439402 ] } },
{ "type": "Feature", "properties": { "NO": 1682, "ENTIDAD": "GUERRERO", "MUNICIPIO": "Zapotitlán Tablas", "PUEBLO INDIGENA O AFROMEXICANO": "ME’PHAA\n(TLAPANECO)", "LOCALIDAD": "NUEVOAMANECER", "CLAVE LOC": 120720124, "TIPO DE ASENTAMIENTO": "COMUNIDAD INDIGENA", "NOMBRE": "NUEVO AMANECER", "MONTO ASIGNADO (PESOS)": 139914, "LATITUD": 17.409256, "LONGITUD": -98.801645 }, "geometry": { "type": "Point", "coordinates": [ -98.801645, 17.409256 ] } },
{ "type": "Feature", "properties": { "NO": 1683, "ENTIDAD": "GUERRERO", "MUNICIPIO": "Zapotitlán Tablas", "PUEBLO INDIGENA O AFROMEXICANO": "ME’PHAA\n(TLAPANECO)", "LOCALIDAD": "PIEDRAANCHA", "CLAVE LOC": 120720068, "TIPO DE ASENTAMIENTO": "COMUNIDAD INDIGENA", "NOMBRE": "PIEDRA ANCHA", "MONTO ASIGNADO (PESOS)": 286896, "LATITUD": 17.418152, "LONGITUD": -98.792979 }, "geometry": { "type": "Point", "coordinates": [ -98.792979, 17.418152 ] } },
{ "type": "Feature", "properties": { "NO": 1684, "ENTIDAD": "GUERRERO", "MUNICIPIO": "Zapotitlán Tablas", "PUEBLO INDIGENA O AFROMEXICANO": "ME’PHAA\n(TLAPANECO)", "LOCALIDAD": "PIEDRAPINTA", "CLAVE LOC": 120720071, "TIPO DE ASENTAMIENTO": "COMUNIDAD INDIGENA", "NOMBRE": "PIEDRA PINTA", "MONTO ASIGNADO (PESOS)": 345939, "LATITUD": 17.398402, "LONGITUD": -98.810843 }, "geometry": { "type": "Point", "coordinates": [ -98.810843, 17.398402 ] } },
{ "type": "Feature", "properties": { "NO": 1685, "ENTIDAD": "GUERRERO", "MUNICIPIO": "Zapotitlán Tablas", "PUEBLO INDIGENA O AFROMEXICANO": "ME’PHAA\n(TLAPANECO)", "LOCALIDAD": "PLANDEGUADALUPE", "CLAVE LOC": 120720129, "TIPO DE ASENTAMIENTO": "COMUNIDAD INDIGENA", "NOMBRE": "PLAN DE GUADALUPE", "MONTO ASIGNADO (PESOS)": 230364, "LATITUD": 17.407547, "LONGITUD": -98.75332 }, "geometry": { "type": "Point", "coordinates": [ -98.75332, 17.407547 ] } },
{ "type": "Feature", "properties": { "NO": 1686, "ENTIDAD": "GUERRERO", "MUNICIPIO": "Zapotitlán Tablas", "PUEBLO INDIGENA O AFROMEXICANO": "ME’PHAA\n(TLAPANECO)", "LOCALIDAD": "PLANDEINGERTO", "CLAVE LOC": 120720122, "TIPO DE ASENTAMIENTO": "COMUNIDAD INDIGENA", "NOMBRE": "PLAN DE INGERTO", "MONTO ASIGNADO (PESOS)": 226596, "LATITUD": 17.400501, "LONGITUD": -98.784418 }, "geometry": { "type": "Point", "coordinates": [ -98.784418, 17.400501 ] } },
{ "type": "Feature", "properties": { "NO": 1687, "ENTIDAD": "GUERRERO", "MUNICIPIO": "Zapotitlán Tablas", "PUEBLO INDIGENA O AFROMEXICANO": "ME’PHAA\n(TLAPANECO)", "LOCALIDAD": "RIOSANMARCOS", "CLAVE LOC": 120720081, "TIPO DE ASENTAMIENTO": "COMUNIDAD INDIGENA", "NOMBRE": "RÍO SAN MARCOS", "MONTO ASIGNADO (PESOS)": 323327, "LATITUD": 17.403472, "LONGITUD": -98.753415 }, "geometry": { "type": "Point", "coordinates": [ -98.753415, 17.403472 ] } },
{ "type": "Feature", "properties": { "NO": 1688, "ENTIDAD": "GUERRERO", "MUNICIPIO": "Zapotitlán Tablas", "PUEBLO INDIGENA O AFROMEXICANO": "NAHUA", "LOCALIDAD": "SANAGUSTIN", "CLAVE LOC": 120720116, "TIPO DE ASENTAMIENTO": "COMUNIDAD INDIGENA", "NOMBRE": "SAN AGUSTÍN", "MONTO ASIGNADO (PESOS)": 209008, "LATITUD": 17.437023, "LONGITUD": -98.779158 }, "geometry": { "type": "Point", "coordinates": [ -98.779158, 17.437023 ] } },
{ "type": "Feature", "properties": { "NO": 1689, "ENTIDAD": "GUERRERO", "MUNICIPIO": "Zapotitlán Tablas", "PUEBLO INDIGENA O AFROMEXICANO": "ME’PHAA\n(TLAPANECO)", "LOCALIDAD": "SANJUAN", "CLAVE LOC": 120720130, "TIPO DE ASENTAMIENTO": "COMUNIDAD INDIGENA", "NOMBRE": "SAN JUAN", "MONTO ASIGNADO (PESOS)": 658746, "LATITUD": 17.37178, "LONGITUD": -98.839248 }, "geometry": { "type": "Point", "coordinates": [ -98.839248, 17.37178 ] } },
{ "type": "Feature", "properties": { "NO": 1690, "ENTIDAD": "GUERRERO", "MUNICIPIO": "Zapotitlán Tablas", "PUEBLO INDIGENA O AFROMEXICANO": "ME’PHAA\n(TLAPANECO)", "LOCALIDAD": "SANMARCOS", "CLAVE LOC": 120720126, "TIPO DE ASENTAMIENTO": "COMUNIDAD INDIGENA", "NOMBRE": "SAN MARCOS", "MONTO ASIGNADO (PESOS)": 271821, "LATITUD": 17.377309, "LONGITUD": -98.824938 }, "geometry": { "type": "Point", "coordinates": [ -98.824938, 17.377309 ] } },
{ "type": "Feature", "properties": { "NO": 1691, "ENTIDAD": "GUERRERO", "MUNICIPIO": "Zapotitlán Tablas", "PUEBLO INDIGENA O AFROMEXICANO": "NAHUA", "LOCALIDAD": "SANMIGUELCUIXAPACENTRO", "CLAVE LOC": 120720010, "TIPO DE ASENTAMIENTO": "COMUNIDAD INDIGENA", "NOMBRE": "SAN MIGUEL CUIXAPA CENTRO", "MONTO ASIGNADO (PESOS)": 334633, "LATITUD": 17.433168, "LONGITUD": -98.773088 }, "geometry": { "type": "Point", "coordinates": [ -98.773088, 17.433168 ] } },
{ "type": "Feature", "properties": { "NO": 1692, "ENTIDAD": "GUERRERO", "MUNICIPIO": "Zapotitlán Tablas", "PUEBLO INDIGENA O AFROMEXICANO": "NAHUA", "LOCALIDAD": "SANMIGUELCUIXAPANORTE", "CLAVE LOC": 120720106, "TIPO DE ASENTAMIENTO": "COMUNIDAD INDIGENA", "NOMBRE": "SAN MIGUEL CUIXAPA NORTE", "MONTO ASIGNADO (PESOS)": 482871, "LATITUD": 17.437365, "LONGITUD": -98.76939 }, "geometry": { "type": "Point", "coordinates": [ -98.76939, 17.437365 ] } },
{ "type": "Feature", "properties": { "NO": 1693, "ENTIDAD": "GUERRERO", "MUNICIPIO": "Zapotitlán Tablas", "PUEBLO INDIGENA O AFROMEXICANO": "NAHUA", "LOCALIDAD": "SANTACRUZ", "CLAVE LOC": 120720132, "TIPO DE ASENTAMIENTO": "COMUNIDAD INDIGENA", "NOMBRE": "SANTA CRUZ", "MONTO ASIGNADO (PESOS)": 174368, "LATITUD": 17.438533, "LONGITUD": -98.771474 }, "geometry": { "type": "Point", "coordinates": [ -98.771474, 17.438533 ] } },
{ "type": "Feature", "properties": { "NO": 1694, "ENTIDAD": "GUERRERO", "MUNICIPIO": "Zapotitlán Tablas", "PUEBLO INDIGENA O AFROMEXICANO": "ME’PHAA\n(TLAPANECO)", "LOCALIDAD": "SANTAROSADELIMA", "CLAVE LOC": 120720073, "TIPO DE ASENTAMIENTO": "COMUNIDAD INDIGENA", "NOMBRE": "SANTA ROSA DE LIMA", "MONTO ASIGNADO (PESOS)": 188908, "LATITUD": 17.40472, "LONGITUD": -98.807056 }, "geometry": { "type": "Point", "coordinates": [ -98.807056, 17.40472 ] } },
{ "type": "Feature", "properties": { "NO": 1695, "ENTIDAD": "GUERRERO", "MUNICIPIO": "Zapotitlán Tablas", "PUEBLO INDIGENA O AFROMEXICANO": "ME’PHAA\n(TLAPANECO)", "LOCALIDAD": "TAMALOYA", "CLAVE LOC": 120720021, "TIPO DE ASENTAMIENTO": "COMUNIDAD INDIGENA", "NOMBRE": "TAMALOYA", "MONTO ASIGNADO (PESOS)": 863514, "LATITUD": 17.38078, "LONGITUD": -98.824402 }, "geometry": { "type": "Point", "coordinates": [ -98.824402, 17.38078 ] } },
{ "type": "Feature", "properties": { "NO": 1696, "ENTIDAD": "GUERRERO", "MUNICIPIO": "Zapotitlán Tablas", "PUEBLO INDIGENA O AFROMEXICANO": "ME’PHAA\n(TLAPANECO)", "LOCALIDAD": "TECUALTEPEC", "CLAVE LOC": 120720117, "TIPO DE ASENTAMIENTO": "COMUNIDAD INDIGENA", "NOMBRE": "TECUALTEPEC", "MONTO ASIGNADO (PESOS)": 220314, "LATITUD": 17.401243, "LONGITUD": -98.803771 }, "geometry": { "type": "Point", "coordinates": [ -98.803771, 17.401243 ] } },
{ "type": "Feature", "properties": { "NO": 1697, "ENTIDAD": "GUERRERO", "MUNICIPIO": "Zapotitlán Tablas", "PUEBLO INDIGENA O AFROMEXICANO": "ME’PHAA\n(TLAPANECO)", "LOCALIDAD": "TIERRACOLORADA", "CLAVE LOC": 120720119, "TIPO DE ASENTAMIENTO": "COMUNIDAD INDIGENA", "NOMBRE": "TIERRA COLORADA", "MONTO ASIGNADO (PESOS)": 392421, "LATITUD": 17.392549, "LONGITUD": -98.764388 }, "geometry": { "type": "Point", "coordinates": [ -98.764388, 17.392549 ] } },
{ "type": "Feature", "properties": { "NO": 1698, "ENTIDAD": "GUERRERO", "MUNICIPIO": "Zapotitlán Tablas", "PUEBLO INDIGENA O AFROMEXICANO": "ME’PHAA\n(TLAPANECO)", "LOCALIDAD": "TOTOLAPA", "CLAVE LOC": 120720076, "TIPO DE ASENTAMIENTO": "COMUNIDAD INDIGENA", "NOMBRE": "TOTOLAPA", "MONTO ASIGNADO (PESOS)": 215289, "LATITUD": 17.431112, "LONGITUD": -98.76823 }, "geometry": { "type": "Point", "coordinates": [ -98.76823, 17.431112 ] } },
{ "type": "Feature", "properties": { "NO": 1699, "ENTIDAD": "GUERRERO", "MUNICIPIO": "Zapotitlán Tablas", "PUEBLO INDIGENA O AFROMEXICANO": "ME’PHAA\n(TLAPANECO)", "LOCALIDAD": "TRESLAGUNAS", "CLAVE LOC": 120720043, "TIPO DE ASENTAMIENTO": "COMUNIDAD INDIGENA", "NOMBRE": "TRES LAGUNAS", "MONTO ASIGNADO (PESOS)": 324583, "LATITUD": 17.421685, "LONGITUD": -98.752076 }, "geometry": { "type": "Point", "coordinates": [ -98.752076, 17.421685 ] } },
{ "type": "Feature", "properties": { "NO": 1700, "ENTIDAD": "GUERRERO", "MUNICIPIO": "Zapotitlán Tablas", "PUEBLO INDIGENA O AFROMEXICANO": "ME’PHAA\n(TLAPANECO)", "LOCALIDAD": "VILLADEGUADALUPE", "CLAVE LOC": 120720120, "TIPO DE ASENTAMIENTO": "COMUNIDAD INDIGENA", "NOMBRE": "VILLA DE GUADALUPE", "MONTO ASIGNADO (PESOS)": 948939, "LATITUD": 17.394808, "LONGITUD": -98.836824 }, "geometry": { "type": "Point", "coordinates": [ -98.836824, 17.394808 ] } },
{ "type": "Feature", "properties": { "NO": 1701, "ENTIDAD": "GUERRERO", "MUNICIPIO": "Zapotitlán Tablas", "PUEBLO INDIGENA O AFROMEXICANO": "ME’PHAA\n(TLAPANECO)", "LOCALIDAD": "VILLADEJUQUILA", "CLAVE LOC": 120720131, "TIPO DE ASENTAMIENTO": "COMUNIDAD INDIGENA", "NOMBRE": "VILLA DE JUQUILA", "MONTO ASIGNADO (PESOS)": 124839, "LATITUD": 17.437305, "LONGITUD": -98.780467 }, "geometry": { "type": "Point", "coordinates": [ -98.780467, 17.437305 ] } },
{ "type": "Feature", "properties": { "NO": 1702, "ENTIDAD": "GUERRERO", "MUNICIPIO": "Zapotitlán Tablas", "PUEBLO INDIGENA O AFROMEXICANO": "ME’PHAA\n(TLAPANECO)", "LOCALIDAD": "VISTAHERMOSA", "CLAVE LOC": 120720046, "TIPO DE ASENTAMIENTO": "LOCALIDAD CON POBLACION\nINDIGENA", "NOMBRE": "VISTA HERMOSA", "MONTO ASIGNADO (PESOS)": 163783, "LATITUD": 17.41937, "LONGITUD": -98.781244 }, "geometry": { "type": "Point", "coordinates": [ -98.781244, 17.41937 ] } },
{ "type": "Feature", "properties": { "NO": 1703, "ENTIDAD": "GUERRERO", "MUNICIPIO": "Zapotitlán Tablas", "PUEBLO INDIGENA O AFROMEXICANO": "ME’PHAA\n(TLAPANECO)", "LOCALIDAD": "XOCOAPANCINGO", "CLAVE LOC": 120720056, "TIPO DE ASENTAMIENTO": "COMUNIDAD INDIGENA", "NOMBRE": "XOCOAPANCINGO", "MONTO ASIGNADO (PESOS)": 300714, "LATITUD": 17.365391, "LONGITUD": -98.861879 }, "geometry": { "type": "Point", "coordinates": [ -98.861879, 17.365391 ] } },
{ "type": "Feature", "properties": { "NO": 1704, "ENTIDAD": "GUERRERO", "MUNICIPIO": "Zapotitlán Tablas", "PUEBLO INDIGENA O AFROMEXICANO": "ME’PHAA\n(TLAPANECO)", "LOCALIDAD": "ZAPOTITLANTABLAS", "CLAVE LOC": 120720001, "TIPO DE ASENTAMIENTO": "COMUNIDAD INDIGENA", "NOMBRE": "ZAPOTITLÁN TABLAS", "MONTO ASIGNADO (PESOS)": 1630240, "LATITUD": 17.422887, "LONGITUD": -98.781708 }, "geometry": { "type": "Point", "coordinates": [ -98.781708, 17.422887 ] } },
{ "type": "Feature", "properties": { "NO": 1705, "ENTIDAD": "GUERRERO", "MUNICIPIO": "Zapotitlán Tablas", "PUEBLO INDIGENA O AFROMEXICANO": "ME’PHAA\n(TLAPANECO)", "LOCALIDAD": "(SINNOMBRE)", "CLAVE LOC": 120720000, "TIPO DE ASENTAMIENTO": "COMUNIDAD INDIGENA", "NOMBRE": "CRUZCANDELARIA.", "MONTO ASIGNADO (PESOS)": 84639, "LATITUD": 17.420252, "LONGITUD": -98.781434 }, "geometry": { "type": "Point", "coordinates": [ -98.781434, 17.420252 ] } },
{ "type": "Feature", "properties": { "NO": 1706, "ENTIDAD": "GUERRERO", "MUNICIPIO": "Zitlala", "PUEBLO INDIGENA O AFROMEXICANO": "NAHUA", "LOCALIDAD": "AHUACUAHUTLA", "CLAVE LOC": 120740002, "TIPO DE ASENTAMIENTO": "COMUNIDAD INDIGENA", "NOMBRE": "AHUACUAHUTLA", "MONTO ASIGNADO (PESOS)": 141171, "LATITUD": 17.725877, "LONGITUD": -99.190304 }, "geometry": { "type": "Point", "coordinates": [ -99.190304, 17.725877 ] } },
{ "type": "Feature", "properties": { "NO": 1707, "ENTIDAD": "GUERRERO", "MUNICIPIO": "Zitlala", "PUEBLO INDIGENA O AFROMEXICANO": "NAHUA", "LOCALIDAD": "APANCINGO", "CLAVE LOC": 120740024, "TIPO DE ASENTAMIENTO": "COMUNIDAD INDIGENA", "NOMBRE": "APANCINGO", "MONTO ASIGNADO (PESOS)": 118591, "LATITUD": 17.771394, "LONGITUD": -99.129271 }, "geometry": { "type": "Point", "coordinates": [ -99.129271, 17.771394 ] } },
{ "type": "Feature", "properties": { "NO": 1708, "ENTIDAD": "GUERRERO", "MUNICIPIO": "Zitlala", "PUEBLO INDIGENA O AFROMEXICANO": "NAHUA", "LOCALIDAD": "AQUIXTLA", "CLAVE LOC": 120740003, "TIPO DE ASENTAMIENTO": "COMUNIDAD INDIGENA", "NOMBRE": "AQUIXTLA", "MONTO ASIGNADO (PESOS)": 144939, "LATITUD": 17.702491, "LONGITUD": -99.205366 }, "geometry": { "type": "Point", "coordinates": [ -99.205366, 17.702491 ] } },
{ "type": "Feature", "properties": { "NO": 1709, "ENTIDAD": "GUERRERO", "MUNICIPIO": "Zitlala", "PUEBLO INDIGENA O AFROMEXICANO": "NAHUA", "LOCALIDAD": "AYOTZINAPA", "CLAVE LOC": 120740004, "TIPO DE ASENTAMIENTO": "COMUNIDAD INDIGENA", "NOMBRE": "AYOTZINAPA", "MONTO ASIGNADO (PESOS)": 908739, "LATITUD": 17.716606, "LONGITUD": -99.238864 }, "geometry": { "type": "Point", "coordinates": [ -99.238864, 17.716606 ] } },
{ "type": "Feature", "properties": { "NO": 1710, "ENTIDAD": "GUERRERO", "MUNICIPIO": "Zitlala", "PUEBLO INDIGENA O AFROMEXICANO": "NAHUA", "LOCALIDAD": "AZOACAPA", "CLAVE LOC": 120740005, "TIPO DE ASENTAMIENTO": "COMUNIDAD INDIGENA", "NOMBRE": "AZOACAPA", "MONTO ASIGNADO (PESOS)": 465283, "LATITUD": 17.706169, "LONGITUD": -99.238523 }, "geometry": { "type": "Point", "coordinates": [ -99.238523, 17.706169 ] } },
{ "type": "Feature", "properties": { "NO": 1711, "ENTIDAD": "GUERRERO", "MUNICIPIO": "Zitlala", "PUEBLO INDIGENA O AFROMEXICANO": "NAHUA", "LOCALIDAD": "AZTILLERO", "CLAVE LOC": 120740036, "TIPO DE ASENTAMIENTO": "COMUNIDAD INDIGENA", "NOMBRE": "ASTILLERO", "MONTO ASIGNADO (PESOS)": 456489, "LATITUD": 17.747977, "LONGITUD": -99.246351 }, "geometry": { "type": "Point", "coordinates": [ -99.246351, 17.747977 ] } },
{ "type": "Feature", "properties": { "NO": 1712, "ENTIDAD": "GUERRERO", "MUNICIPIO": "Zitlala", "PUEBLO INDIGENA O AFROMEXICANO": "NAHUA", "LOCALIDAD": "COYOACAN", "CLAVE LOC": 120740045, "TIPO DE ASENTAMIENTO": "COMUNIDAD INDIGENA", "NOMBRE": "COYOACÁN", "MONTO ASIGNADO (PESOS)": 389908, "LATITUD": 17.702134, "LONGITUD": -99.226316 }, "geometry": { "type": "Point", "coordinates": [ -99.226316, 17.702134 ] } },
{ "type": "Feature", "properties": { "NO": 1713, "ENTIDAD": "GUERRERO", "MUNICIPIO": "Zitlala", "PUEBLO INDIGENA O AFROMEXICANO": "NAHUA", "LOCALIDAD": "CUAPEXCO", "CLAVE LOC": 120740007, "TIPO DE ASENTAMIENTO": "COMUNIDAD INDIGENA", "NOMBRE": "CUAPEXCO", "MONTO ASIGNADO (PESOS)": 416289, "LATITUD": 17.722042, "LONGITUD": -99.223682 }, "geometry": { "type": "Point", "coordinates": [ -99.223682, 17.722042 ] } },
{ "type": "Feature", "properties": { "NO": 1714, "ENTIDAD": "GUERRERO", "MUNICIPIO": "Zitlala", "PUEBLO INDIGENA O AFROMEXICANO": "NAHUA", "LOCALIDAD": "HUIXCOMULCO", "CLAVE LOC": 120740038, "TIPO DE ASENTAMIENTO": "COMUNIDAD INDIGENA", "NOMBRE": "HUISCOMULCO", "MONTO ASIGNADO (PESOS)": 770552, "LATITUD": 17.725982, "LONGITUD": -99.244787 }, "geometry": { "type": "Point", "coordinates": [ -99.244787, 17.725982 ] } },
{ "type": "Feature", "properties": { "NO": 1715, "ENTIDAD": "GUERRERO", "MUNICIPIO": "Zitlala", "PUEBLO INDIGENA O AFROMEXICANO": "NAHUA", "LOCALIDAD": "IXCATLA", "CLAVE LOC": 120740008, "TIPO DE ASENTAMIENTO": "COMUNIDAD INDIGENA", "NOMBRE": "IXCATLA", "MONTO ASIGNADO (PESOS)": 272989, "LATITUD": 17.741966, "LONGITUD": -99.122717 }, "geometry": { "type": "Point", "coordinates": [ -99.122717, 17.741966 ] } },
{ "type": "Feature", "properties": { "NO": 1716, "ENTIDAD": "GUERRERO", "MUNICIPIO": "Zitlala", "PUEBLO INDIGENA O AFROMEXICANO": "NAHUA", "LOCALIDAD": "LASTRANCAS", "CLAVE LOC": 120740019, "TIPO DE ASENTAMIENTO": "COMUNIDAD INDIGENA", "NOMBRE": "LAS TRANCAS", "MONTO ASIGNADO (PESOS)": 1016777, "LATITUD": 17.703522, "LONGITUD": -99.221514 }, "geometry": { "type": "Point", "coordinates": [ -99.221514, 17.703522 ] } },
{ "type": "Feature", "properties": { "NO": 1717, "ENTIDAD": "GUERRERO", "MUNICIPIO": "Zitlala", "PUEBLO INDIGENA O AFROMEXICANO": "NAHUA", "LOCALIDAD": "LLANOGRANDE", "CLAVE LOC": 120740029, "TIPO DE ASENTAMIENTO": "COMUNIDAD INDIGENA", "NOMBRE": "LLANO GRANDE", "MONTO ASIGNADO (PESOS)": 168808, "LATITUD": 17.6753, "LONGITUD": -99.257626 }, "geometry": { "type": "Point", "coordinates": [ -99.257626, 17.6753 ] } },
{ "type": "Feature", "properties": { "NO": 1718, "ENTIDAD": "GUERRERO", "MUNICIPIO": "Zitlala", "PUEBLO INDIGENA O AFROMEXICANO": "NAHUA", "LOCALIDAD": "MAZATEPEC", "CLAVE LOC": 120740023, "TIPO DE ASENTAMIENTO": "COMUNIDAD INDIGENA", "NOMBRE": "MAZATEPEC", "MONTO ASIGNADO (PESOS)": 751543, "LATITUD": 17.664557, "LONGITUD": -99.217444 }, "geometry": { "type": "Point", "coordinates": [ -99.217444, 17.664557 ] } },
{ "type": "Feature", "properties": { "NO": 1719, "ENTIDAD": "GUERRERO", "MUNICIPIO": "Zitlala", "PUEBLO INDIGENA O AFROMEXICANO": "NAHUA", "LOCALIDAD": "OCOTITLAN", "CLAVE LOC": 120740009, "TIPO DE ASENTAMIENTO": "COMUNIDAD INDIGENA", "NOMBRE": "OCOTITLÁN", "MONTO ASIGNADO (PESOS)": 392628, "LATITUD": 17.761073, "LONGITUD": -99.122471 }, "geometry": { "type": "Point", "coordinates": [ -99.122471, 17.761073 ] } },
{ "type": "Feature", "properties": { "NO": 1720, "ENTIDAD": "GUERRERO", "MUNICIPIO": "Zitlala", "PUEBLO INDIGENA O AFROMEXICANO": "NAHUA", "LOCALIDAD": "POCHAHUIZCO", "CLAVE LOC": 120740010, "TIPO DE ASENTAMIENTO": "COMUNIDAD INDIGENA", "NOMBRE": "POCHAHUIZCO", "MONTO ASIGNADO (PESOS)": 849695, "LATITUD": 17.66405, "LONGITUD": -99.223434 }, "geometry": { "type": "Point", "coordinates": [ -99.223434, 17.66405 ] } },
{ "type": "Feature", "properties": { "NO": 1721, "ENTIDAD": "GUERRERO", "MUNICIPIO": "Zitlala", "PUEBLO INDIGENA O AFROMEXICANO": "NAHUA", "LOCALIDAD": "QUETZALCOATLANDELASPALMAS", "CLAVE LOC": 120740011, "TIPO DE ASENTAMIENTO": "COMUNIDAD INDIGENA", "NOMBRE": "QUETZALCOATLÁN DE LAS PALMAS", "MONTO ASIGNADO (PESOS)": 186396, "LATITUD": 17.806111, "LONGITUD": -99.181388 }, "geometry": { "type": "Point", "coordinates": [ -99.181388, 17.806111 ] } },
{ "type": "Feature", "properties": { "NO": 1722, "ENTIDAD": "GUERRERO", "MUNICIPIO": "Zitlala", "PUEBLO INDIGENA O AFROMEXICANO": "NAHUA", "LOCALIDAD": "RANCHODELASLOMAS", "CLAVE LOC": 120740012, "TIPO DE ASENTAMIENTO": "COMUNIDAD INDIGENA", "NOMBRE": "RANCHO DE LAS LOMAS", "MONTO ASIGNADO (PESOS)": 1416264, "LATITUD": 17.73952, "LONGITUD": -99.24614 }, "geometry": { "type": "Point", "coordinates": [ -99.24614, 17.73952 ] } },
{ "type": "Feature", "properties": { "NO": 1723, "ENTIDAD": "GUERRERO", "MUNICIPIO": "Zitlala", "PUEBLO INDIGENA O AFROMEXICANO": "NAHUA", "LOCALIDAD": "RANCHOELPROGRESO", "CLAVE LOC": 120740046, "TIPO DE ASENTAMIENTO": "COMUNIDAD INDIGENA", "NOMBRE": "RANCHO EL PROGRESO", "MONTO ASIGNADO (PESOS)": 651208, "LATITUD": 17.746755, "LONGITUD": -99.240687 }, "geometry": { "type": "Point", "coordinates": [ -99.240687, 17.746755 ] } },
{ "type": "Feature", "properties": { "NO": 1724, "ENTIDAD": "GUERRERO", "MUNICIPIO": "Zitlala", "PUEBLO INDIGENA O AFROMEXICANO": "NAHUA", "LOCALIDAD": "SANMARCOSDELASROSAS", "CLAVE LOC": 120740013, "TIPO DE ASENTAMIENTO": "COMUNIDAD INDIGENA", "NOMBRE": "SAN MARCOS DE LAS ROSAS", "MONTO ASIGNADO (PESOS)": 599702, "LATITUD": 17.691743, "LONGITUD": -99.141854 }, "geometry": { "type": "Point", "coordinates": [ -99.141854, 17.691743 ] } },
{ "type": "Feature", "properties": { "NO": 1725, "ENTIDAD": "GUERRERO", "MUNICIPIO": "Zitlala", "PUEBLO INDIGENA O AFROMEXICANO": "NAHUA", "LOCALIDAD": "TETEYITIC(TETEHITIC)", "CLAVE LOC": 120740043, "TIPO DE ASENTAMIENTO": "COMUNIDAD INDIGENA", "NOMBRE": "TETEYITIC (TETEHITIC)", "MONTO ASIGNADO (PESOS)": 357246, "LATITUD": 17.688813, "LONGITUD": -99.177189 }, "geometry": { "type": "Point", "coordinates": [ -99.177189, 17.688813 ] } },
{ "type": "Feature", "properties": { "NO": 1726, "ENTIDAD": "GUERRERO", "MUNICIPIO": "Zitlala", "PUEBLO INDIGENA O AFROMEXICANO": "NAHUA", "LOCALIDAD": "TEYAPAN", "CLAVE LOC": 120740027, "TIPO DE ASENTAMIENTO": "COMUNIDAD INDIGENA", "NOMBRE": "COLONIA TEYAPAN", "MONTO ASIGNADO (PESOS)": 568296, "LATITUD": 17.677201, "LONGITUD": -99.181903 }, "geometry": { "type": "Point", "coordinates": [ -99.181903, 17.677201 ] } },
{ "type": "Feature", "properties": { "NO": 1727, "ENTIDAD": "GUERRERO", "MUNICIPIO": "Zitlala", "PUEBLO INDIGENA O AFROMEXICANO": "NAHUA", "LOCALIDAD": "TIZAYUCAN", "CLAVE LOC": 120740039, "TIPO DE ASENTAMIENTO": "COMUNIDAD INDIGENA", "NOMBRE": "TIZAYUCAN", "MONTO ASIGNADO (PESOS)": 146196, "LATITUD": 17.733533, "LONGITUD": -99.194708 }, "geometry": { "type": "Point", "coordinates": [ -99.194708, 17.733533 ] } },
{ "type": "Feature", "properties": { "NO": 1728, "ENTIDAD": "GUERRERO", "MUNICIPIO": "Zitlala", "PUEBLO INDIGENA O AFROMEXICANO": "NAHUA", "LOCALIDAD": "TLALTEMPANAPA", "CLAVE LOC": 120740015, "TIPO DE ASENTAMIENTO": "COMUNIDAD INDIGENA", "NOMBRE": "TLALTEMPANAPA", "MONTO ASIGNADO (PESOS)": 1088383, "LATITUD": 17.736154, "LONGITUD": -99.177458 }, "geometry": { "type": "Point", "coordinates": [ -99.177458, 17.736154 ] } },
{ "type": "Feature", "properties": { "NO": 1729, "ENTIDAD": "GUERRERO", "MUNICIPIO": "Zitlala", "PUEBLO INDIGENA O AFROMEXICANO": "NAHUA", "LOCALIDAD": "TLAPEHUALAPA", "CLAVE LOC": 120740014, "TIPO DE ASENTAMIENTO": "COMUNIDAD INDIGENA", "NOMBRE": "TLAPEHUALAPA", "MONTO ASIGNADO (PESOS)": 470308, "LATITUD": 17.804862, "LONGITUD": -99.210021 }, "geometry": { "type": "Point", "coordinates": [ -99.210021, 17.804862 ] } },
{ "type": "Feature", "properties": { "NO": 1730, "ENTIDAD": "GUERRERO", "MUNICIPIO": "Zitlala", "PUEBLO INDIGENA O AFROMEXICANO": "NAHUA", "LOCALIDAD": "TONALAPA", "CLAVE LOC": 120740016, "TIPO DE ASENTAMIENTO": "COMUNIDAD INDIGENA", "NOMBRE": "TONALAPA", "MONTO ASIGNADO (PESOS)": 349708, "LATITUD": 17.707305, "LONGITUD": -99.210643 }, "geometry": { "type": "Point", "coordinates": [ -99.210643, 17.707305 ] } },
{ "type": "Feature", "properties": { "NO": 1731, "ENTIDAD": "GUERRERO", "MUNICIPIO": "Zitlala", "PUEBLO INDIGENA O AFROMEXICANO": "NAHUA", "LOCALIDAD": "TOPILTEPEC", "CLAVE LOC": 120740017, "TIPO DE ASENTAMIENTO": "COMUNIDAD INDIGENA", "NOMBRE": "TOPILTEPEC", "MONTO ASIGNADO (PESOS)": 271133, "LATITUD": 17.654284, "LONGITUD": -99.221697 }, "geometry": { "type": "Point", "coordinates": [ -99.221697, 17.654284 ] } },
{ "type": "Feature", "properties": { "NO": 1732, "ENTIDAD": "GUERRERO", "MUNICIPIO": "Zitlala", "PUEBLO INDIGENA O AFROMEXICANO": "NAHUA", "LOCALIDAD": "VIRAMONTES", "CLAVE LOC": 120740020, "TIPO DE ASENTAMIENTO": "COMUNIDAD INDIGENA", "NOMBRE": "VIRAMONTES", "MONTO ASIGNADO (PESOS)": 420112, "LATITUD": 17.65929, "LONGITUD": -99.244849 }, "geometry": { "type": "Point", "coordinates": [ -99.244849, 17.65929 ] } },
{ "type": "Feature", "properties": { "NO": 1733, "ENTIDAD": "GUERRERO", "MUNICIPIO": "Zitlala", "PUEBLO INDIGENA O AFROMEXICANO": "NAHUA", "LOCALIDAD": "YETLANCINGO", "CLAVE LOC": 120740022, "TIPO DE ASENTAMIENTO": "COMUNIDAD INDIGENA", "NOMBRE": "YETLANCINGO", "MONTO ASIGNADO (PESOS)": 887383, "LATITUD": 17.719211, "LONGITUD": -99.115741 }, "geometry": { "type": "Point", "coordinates": [ -99.115741, 17.719211 ] } },
{ "type": "Feature", "properties": { "NO": 1734, "ENTIDAD": "GUERRERO", "MUNICIPIO": "Zitlala", "PUEBLO INDIGENA O AFROMEXICANO": "NAHUA", "LOCALIDAD": "ZITLALA", "CLAVE LOC": 120740001, "TIPO DE ASENTAMIENTO": "COMUNIDAD INDIGENA", "NOMBRE": "ZITLALA", "MONTO ASIGNADO (PESOS)": 4881498, "LATITUD": 17.69034, "LONGITUD": -99.185247 }, "geometry": { "type": "Point", "coordinates": [ -99.185247, 17.69034 ] } }
]
}
