{
"type": "FeatureCollection",
"name": "hidalgo_loc_monto",
"crs": { "type": "name", "properties": { "name": "urn:ogc:def:crs:OGC:1.3:CRS84" } },
"features": [
{ "type": "Feature", "properties": { "NO": 1, "ENTIDAD": "HIDALGO", "MUNICIPIO": "Acaxochitlán", "PUEBLO INDIGENA O AFROMEXICANO": "NAHUA", "LOCALIDAD": "APAPAXTLA EL CHICO", "CLAVE LOC": 130020070, "TIPO DE ASENTAMIENTO": "COMUNIDAD INDIGENA", "NOMBRE": "APAPAXTLA EL CHICO", "MONTO ASIGNADO (PESOS)": 236613, "LATITUD": 20.099264, "LONGITUD": -98.151676 }, "geometry": { "type": "Point", "coordinates": [ -98.151676, 20.099264 ] } },
{ "type": "Feature", "properties": { "NO": 2, "ENTIDAD": "HIDALGO", "MUNICIPIO": "Acaxochitlán", "PUEBLO INDIGENA O AFROMEXICANO": "NAHUA", "LOCALIDAD": "APAPAXTLA EL GRANDE (ALTAMIRA)", "CLAVE LOC": 130020002, "TIPO DE ASENTAMIENTO": "COMUNIDAD INDIGENA", "NOMBRE": "APAPAXTLA EL GRANDE (ALTAMIRA)", "MONTO ASIGNADO (PESOS)": 513075, "LATITUD": 20.106747, "LONGITUD": -98.149656 }, "geometry": { "type": "Point", "coordinates": [ -98.149656, 20.106747 ] } },
{ "type": "Feature", "properties": { "NO": 3, "ENTIDAD": "HIDALGO", "MUNICIPIO": "Acaxochitlán", "PUEBLO INDIGENA O AFROMEXICANO": "NAHUA", "LOCALIDAD": "ATEZCAPA", "CLAVE LOC": 130020047, "TIPO DE ASENTAMIENTO": "LOCALIDAD CON POBLACION INDIGENA", "NOMBRE": "ATEZCAPA", "MONTO ASIGNADO (PESOS)": 404983, "LATITUD": 20.193335, "LONGITUD": -98.190131 }, "geometry": { "type": "Point", "coordinates": [ -98.190131, 20.193335 ] } },
{ "type": "Feature", "properties": { "NO": 4, "ENTIDAD": "HIDALGO", "MUNICIPIO": "Acaxochitlán", "PUEBLO INDIGENA O AFROMEXICANO": "NAHUA", "LOCALIDAD": "BUENA VISTA", "CLAVE LOC": 130020030, "TIPO DE ASENTAMIENTO": "COMUNIDAD INDIGENA", "NOMBRE": "BUENA VISTA", "MONTO ASIGNADO (PESOS)": 330864, "LATITUD": 20.178168, "LONGITUD": -98.135129 }, "geometry": { "type": "Point", "coordinates": [ -98.135129, 20.178168 ] } },
{ "type": "Feature", "properties": { "NO": 5, "ENTIDAD": "HIDALGO", "MUNICIPIO": "Acaxochitlán", "PUEBLO INDIGENA O AFROMEXICANO": "NAHUA", "LOCALIDAD": "CANALES", "CLAVE LOC": 130020027, "TIPO DE ASENTAMIENTO": "COMUNIDAD INDIGENA", "NOMBRE": "CANALES", "MONTO ASIGNADO (PESOS)": 502327, "LATITUD": 20.205817, "LONGITUD": -98.267189 }, "geometry": { "type": "Point", "coordinates": [ -98.267189, 20.205817 ] } },
{ "type": "Feature", "properties": { "NO": 6, "ENTIDAD": "HIDALGO", "MUNICIPIO": "Acaxochitlán", "PUEBLO INDIGENA O AFROMEXICANO": "NAHUA", "LOCALIDAD": "CHIMALAPA", "CLAVE LOC": 130020028, "TIPO DE ASENTAMIENTO": "COMUNIDAD INDIGENA", "NOMBRE": "CHIMALAPA", "MONTO ASIGNADO (PESOS)": 2869745, "LATITUD": 20.188176, "LONGITUD": -98.159868 }, "geometry": { "type": "Point", "coordinates": [ -98.159868, 20.188176 ] } },
{ "type": "Feature", "properties": { "NO": 7, "ENTIDAD": "HIDALGO", "MUNICIPIO": "Acaxochitlán", "PUEBLO INDIGENA O AFROMEXICANO": "NAHUA", "LOCALIDAD": "COYAMETEPEC", "CLAVE LOC": 130020039, "TIPO DE ASENTAMIENTO": "COMUNIDAD INDIGENA", "NOMBRE": "COYAMETEPEC", "MONTO ASIGNADO (PESOS)": 1069539, "LATITUD": 20.115075, "LONGITUD": -98.196665 }, "geometry": { "type": "Point", "coordinates": [ -98.196665, 20.115075 ] } },
{ "type": "Feature", "properties": { "NO": 8, "ENTIDAD": "HIDALGO", "MUNICIPIO": "Acaxochitlán", "PUEBLO INDIGENA O AFROMEXICANO": "NAHUA", "LOCALIDAD": "CUAUNEPANTLA", "CLAVE LOC": 130020004, "TIPO DE ASENTAMIENTO": "COMUNIDAD INDIGENA", "NOMBRE": "CUAUNEPANTLA", "MONTO ASIGNADO (PESOS)": 840464, "LATITUD": 20.162871, "LONGITUD": -98.225872 }, "geometry": { "type": "Point", "coordinates": [ -98.225872, 20.162871 ] } },
{ "type": "Feature", "properties": { "NO": 9, "ENTIDAD": "HIDALGO", "MUNICIPIO": "Acaxochitlán", "PUEBLO INDIGENA O AFROMEXICANO": "NAHUA", "LOCALIDAD": "EJIDO DE TEPEPA (SANTA FÉLIX)", "CLAVE LOC": 130020049, "TIPO DE ASENTAMIENTO": "COMUNIDAD INDIGENA", "NOMBRE": "EJIDO DE TEPEPA (SANTA FÉLIX)", "MONTO ASIGNADO (PESOS)": 333377, "LATITUD": 20.109728, "LONGITUD": -98.142762 }, "geometry": { "type": "Point", "coordinates": [ -98.142762, 20.109728 ] } },
{ "type": "Feature", "properties": { "NO": 10, "ENTIDAD": "HIDALGO", "MUNICIPIO": "Acaxochitlán", "PUEBLO INDIGENA O AFROMEXICANO": "NAHUA", "LOCALIDAD": "EJIDO SANTA CATARINA", "CLAVE LOC": 130020042, "TIPO DE ASENTAMIENTO": "COMUNIDAD INDIGENA", "NOMBRE": "EJIDO SANTA CATARINA", "MONTO ASIGNADO (PESOS)": 159818, "LATITUD": 20.128169, "LONGITUD": -98.110882 }, "geometry": { "type": "Point", "coordinates": [ -98.110882, 20.128169 ] } },
{ "type": "Feature", "properties": { "NO": 11, "ENTIDAD": "HIDALGO", "MUNICIPIO": "Acaxochitlán", "PUEBLO INDIGENA O AFROMEXICANO": "NAHUA", "LOCALIDAD": "EJIDO TLATZINTLA", "CLAVE LOC": 130020020, "TIPO DE ASENTAMIENTO": "COMUNIDAD INDIGENA", "NOMBRE": "EJIDO TLATZINTLA", "MONTO ASIGNADO (PESOS)": 232571, "LATITUD": 20.146135, "LONGITUD": -98.12559 }, "geometry": { "type": "Point", "coordinates": [ -98.12559, 20.146135 ] } },
{ "type": "Feature", "properties": { "NO": 12, "ENTIDAD": "HIDALGO", "MUNICIPIO": "Acaxochitlán", "PUEBLO INDIGENA O AFROMEXICANO": "NAHUA", "LOCALIDAD": "EL CRUCERO", "CLAVE LOC": 130020059, "TIPO DE ASENTAMIENTO": "LOCALIDAD CON POBLACION INDIGENA", "NOMBRE": "EL CRUCERO", "MONTO ASIGNADO (PESOS)": 162527, "LATITUD": 20.191043, "LONGITUD": -98.211795 }, "geometry": { "type": "Point", "coordinates": [ -98.211795, 20.191043 ] } },
{ "type": "Feature", "properties": { "NO": 13, "ENTIDAD": "HIDALGO", "MUNICIPIO": "Acaxochitlán", "PUEBLO INDIGENA O AFROMEXICANO": "NAHUA", "LOCALIDAD": "EL TEJOCOTAL", "CLAVE LOC": 130020031, "TIPO DE ASENTAMIENTO": "COMUNIDAD INDIGENA", "NOMBRE": "EL TEJOCOTAL", "MONTO ASIGNADO (PESOS)": 739418, "LATITUD": 20.139793, "LONGITUD": -98.125987 }, "geometry": { "type": "Point", "coordinates": [ -98.125987, 20.139793 ] } },
{ "type": "Feature", "properties": { "NO": 14, "ENTIDAD": "HIDALGO", "MUNICIPIO": "Acaxochitlán", "PUEBLO INDIGENA O AFROMEXICANO": "NAHUA", "LOCALIDAD": "LA CUMBRE DE SANTA CATARINA", "CLAVE LOC": 130020065, "TIPO DE ASENTAMIENTO": "COMUNIDAD INDIGENA", "NOMBRE": "LA CUMBRE DE SANTA CATARINA", "MONTO ASIGNADO (PESOS)": 170064, "LATITUD": 20.240282, "LONGITUD": -98.192439 }, "geometry": { "type": "Point", "coordinates": [ -98.192439, 20.240282 ] } },
{ "type": "Feature", "properties": { "NO": 15, "ENTIDAD": "HIDALGO", "MUNICIPIO": "Acaxochitlán", "PUEBLO INDIGENA O AFROMEXICANO": "NAHUA", "LOCALIDAD": "LOS REYES", "CLAVE LOC": 130020007, "TIPO DE ASENTAMIENTO": "COMUNIDAD INDIGENA", "NOMBRE": "LOS REYES", "MONTO ASIGNADO (PESOS)": 3093387, "LATITUD": 20.155337, "LONGITUD": -98.164171 }, "geometry": { "type": "Point", "coordinates": [ -98.164171, 20.155337 ] } },
{ "type": "Feature", "properties": { "NO": 16, "ENTIDAD": "HIDALGO", "MUNICIPIO": "Acaxochitlán", "PUEBLO INDIGENA O AFROMEXICANO": "NAHUA", "LOCALIDAD": "MEZTOLOTLA", "CLAVE LOC": 130020067, "TIPO DE ASENTAMIENTO": "LOCALIDAD CON POBLACION INDIGENA", "NOMBRE": "MEZTOLOTLA", "MONTO ASIGNADO (PESOS)": 191421, "LATITUD": 20.190917, "LONGITUD": -98.198626 }, "geometry": { "type": "Point", "coordinates": [ -98.198626, 20.190917 ] } },
{ "type": "Feature", "properties": { "NO": 17, "ENTIDAD": "HIDALGO", "MUNICIPIO": "Acaxochitlán", "PUEBLO INDIGENA O AFROMEXICANO": "NAHUA", "LOCALIDAD": "MONTEMAR", "CLAVE LOC": 130020029, "TIPO DE ASENTAMIENTO": "COMUNIDAD INDIGENA", "NOMBRE": "MONTEMAR", "MONTO ASIGNADO (PESOS)": 350593, "LATITUD": 20.145276, "LONGITUD": -98.141239 }, "geometry": { "type": "Point", "coordinates": [ -98.141239, 20.145276 ] } },
{ "type": "Feature", "properties": { "NO": 18, "ENTIDAD": "HIDALGO", "MUNICIPIO": "Acaxochitlán", "PUEBLO INDIGENA O AFROMEXICANO": "NAHUA", "LOCALIDAD": "NUEVO SAN JUAN", "CLAVE LOC": 130020062, "TIPO DE ASENTAMIENTO": "COMUNIDAD INDIGENA", "NOMBRE": "NUEVO SAN JUAN", "MONTO ASIGNADO (PESOS)": 306996, "LATITUD": 20.167524, "LONGITUD": -98.161856 }, "geometry": { "type": "Point", "coordinates": [ -98.161856, 20.167524 ] } },
{ "type": "Feature", "properties": { "NO": 19, "ENTIDAD": "HIDALGO", "MUNICIPIO": "Acaxochitlán", "PUEBLO INDIGENA O AFROMEXICANO": "NAHUA", "LOCALIDAD": "PARADA 170", "CLAVE LOC": 130020051, "TIPO DE ASENTAMIENTO": "LOCALIDAD CON POBLACION INDIGENA", "NOMBRE": "PARADA 170", "MONTO ASIGNADO (PESOS)": 158758, "LATITUD": 20.140963, "LONGITUD": -98.172062 }, "geometry": { "type": "Point", "coordinates": [ -98.172062, 20.140963 ] } },
{ "type": "Feature", "properties": { "NO": 20, "ENTIDAD": "HIDALGO", "MUNICIPIO": "Acaxochitlán", "PUEBLO INDIGENA O AFROMEXICANO": "NAHUA", "LOCALIDAD": "PAREDONES HUITZILINGO", "CLAVE LOC": 130020056, "TIPO DE ASENTAMIENTO": "COMUNIDAD INDIGENA", "NOMBRE": "PAREDONES HUITZILINGO", "MONTO ASIGNADO (PESOS)": 84639, "LATITUD": 20.140675, "LONGITUD": -98.151379 }, "geometry": { "type": "Point", "coordinates": [ -98.151379, 20.140675 ] } },
{ "type": "Feature", "properties": { "NO": 21, "ENTIDAD": "HIDALGO", "MUNICIPIO": "Acaxochitlán", "PUEBLO INDIGENA O AFROMEXICANO": "NAHUA", "LOCALIDAD": "SAN FERNANDO", "CLAVE LOC": 130020041, "TIPO DE ASENTAMIENTO": "COMUNIDAD INDIGENA", "NOMBRE": "SAN FERNANDO", "MONTO ASIGNADO (PESOS)": 164668, "LATITUD": 20.13928, "LONGITUD": -98.108943 }, "geometry": { "type": "Point", "coordinates": [ -98.108943, 20.13928 ] } },
{ "type": "Feature", "properties": { "NO": 22, "ENTIDAD": "HIDALGO", "MUNICIPIO": "Acaxochitlán", "PUEBLO INDIGENA O AFROMEXICANO": "NAHUA", "LOCALIDAD": "SAN FRANCISCO ATOTONILCO", "CLAVE LOC": 130020008, "TIPO DE ASENTAMIENTO": "COMUNIDAD INDIGENA", "NOMBRE": "SAN FRANCISCO ATOTONILCO", "MONTO ASIGNADO (PESOS)": 2280564, "LATITUD": 20.19499, "LONGITUD": -98.151642 }, "geometry": { "type": "Point", "coordinates": [ -98.151642, 20.19499 ] } },
{ "type": "Feature", "properties": { "NO": 23, "ENTIDAD": "HIDALGO", "MUNICIPIO": "Acaxochitlán", "PUEBLO INDIGENA O AFROMEXICANO": "NAHUA", "LOCALIDAD": "SAN JUAN", "CLAVE LOC": 130020009, "TIPO DE ASENTAMIENTO": "COMUNIDAD INDIGENA", "NOMBRE": "SAN JUAN", "MONTO ASIGNADO (PESOS)": 353477, "LATITUD": 20.194062, "LONGITUD": -98.14028 }, "geometry": { "type": "Point", "coordinates": [ -98.14028, 20.194062 ] } },
{ "type": "Feature", "properties": { "NO": 24, "ENTIDAD": "HIDALGO", "MUNICIPIO": "Acaxochitlán", "PUEBLO INDIGENA O AFROMEXICANO": "NAHUA", "LOCALIDAD": "SAN MIGUEL DEL RESGATE", "CLAVE LOC": 130020011, "TIPO DE ASENTAMIENTO": "COMUNIDAD INDIGENA", "NOMBRE": "SAN MIGUEL DEL RESGATE", "MONTO ASIGNADO (PESOS)": 634330, "LATITUD": 20.228699, "LONGITUD": -98.175258 }, "geometry": { "type": "Point", "coordinates": [ -98.175258, 20.228699 ] } },
{ "type": "Feature", "properties": { "NO": 25, "ENTIDAD": "HIDALGO", "MUNICIPIO": "Acaxochitlán", "PUEBLO INDIGENA O AFROMEXICANO": "OTOMÍ", "LOCALIDAD": "SAN PEDRO TLACHICHILCO", "CLAVE LOC": 130020012, "TIPO DE ASENTAMIENTO": "COMUNIDAD INDIGENA", "NOMBRE": "SAN PEDRO TLACHICHILCO", "MONTO ASIGNADO (PESOS)": 1958438, "LATITUD": 20.160571, "LONGITUD": -98.263067 }, "geometry": { "type": "Point", "coordinates": [ -98.263067, 20.160571 ] } },
{ "type": "Feature", "properties": { "NO": 26, "ENTIDAD": "HIDALGO", "MUNICIPIO": "Acaxochitlán", "PUEBLO INDIGENA O AFROMEXICANO": "NAHUA", "LOCALIDAD": "SANTA ANA TZACUALA", "CLAVE LOC": 130020013, "TIPO DE ASENTAMIENTO": "COMUNIDAD INDIGENA", "NOMBRE": "SANTA ANA TZACUALA", "MONTO ASIGNADO (PESOS)": 5728654, "LATITUD": 20.196797, "LONGITUD": -98.203131 }, "geometry": { "type": "Point", "coordinates": [ -98.203131, 20.196797 ] } },
{ "type": "Feature", "properties": { "NO": 27, "ENTIDAD": "HIDALGO", "MUNICIPIO": "Acaxochitlán", "PUEBLO INDIGENA O AFROMEXICANO": "NAHUA", "LOCALIDAD": "SANTA CATARINA", "CLAVE LOC": 130020014, "TIPO DE ASENTAMIENTO": "COMUNIDAD INDIGENA", "NOMBRE": "SANTA CATARINA", "MONTO ASIGNADO (PESOS)": 703971, "LATITUD": 20.251905, "LONGITUD": -98.180223 }, "geometry": { "type": "Point", "coordinates": [ -98.180223, 20.251905 ] } },
{ "type": "Feature", "properties": { "NO": 28, "ENTIDAD": "HIDALGO", "MUNICIPIO": "Acaxochitlán", "PUEBLO INDIGENA O AFROMEXICANO": "NAHUA", "LOCALIDAD": "TEPEPA (SANTIAGO TEPEPA)", "CLAVE LOC": 130020016, "TIPO DE ASENTAMIENTO": "COMUNIDAD INDIGENA", "NOMBRE": "TEPEPA (SANTIAGO TEPEPA)", "MONTO ASIGNADO (PESOS)": 5024213, "LATITUD": 20.125797, "LONGITUD": -98.178748 }, "geometry": { "type": "Point", "coordinates": [ -98.178748, 20.125797 ] } },
{ "type": "Feature", "properties": { "NO": 29, "ENTIDAD": "HIDALGO", "MUNICIPIO": "Acaxochitlán", "PUEBLO INDIGENA O AFROMEXICANO": "NAHUA", "LOCALIDAD": "TLATZINTLA", "CLAVE LOC": 130020045, "TIPO DE ASENTAMIENTO": "COMUNIDAD INDIGENA", "NOMBRE": "TLATZINTLA", "MONTO ASIGNADO (PESOS)": 703041, "LATITUD": 20.157016, "LONGITUD": -98.194059 }, "geometry": { "type": "Point", "coordinates": [ -98.194059, 20.157016 ] } },
{ "type": "Feature", "properties": { "NO": 30, "ENTIDAD": "HIDALGO", "MUNICIPIO": "Acaxochitlán", "PUEBLO INDIGENA O AFROMEXICANO": "NAHUA", "LOCALIDAD": "TOXTLA", "CLAVE LOC": 130020024, "TIPO DE ASENTAMIENTO": "COMUNIDAD INDIGENA", "NOMBRE": "TOXTLA", "MONTO ASIGNADO (PESOS)": 264097, "LATITUD": 20.239062, "LONGITUD": -98.167932 }, "geometry": { "type": "Point", "coordinates": [ -98.167932, 20.239062 ] } },
{ "type": "Feature", "properties": { "NO": 31, "ENTIDAD": "HIDALGO", "MUNICIPIO": "Acaxochitlán", "PUEBLO INDIGENA O AFROMEXICANO": "NAHUA", "LOCALIDAD": "YEMILA", "CLAVE LOC": 130020025, "TIPO DE ASENTAMIENTO": "COMUNIDAD INDIGENA", "NOMBRE": "YEMILA", "MONTO ASIGNADO (PESOS)": 384544, "LATITUD": 20.17518, "LONGITUD": -98.22791 }, "geometry": { "type": "Point", "coordinates": [ -98.22791, 20.17518 ] } },
{ "type": "Feature", "properties": { "NO": 32, "ENTIDAD": "HIDALGO", "MUNICIPIO": "Acaxochitlán", "PUEBLO INDIGENA O AFROMEXICANO": "NAHUA", "LOCALIDAD": "ZACACUAUTLA", "CLAVE LOC": 130020026, "TIPO DE ASENTAMIENTO": "COMUNIDAD INDIGENA", "NOMBRE": "ZACACUAUTLA", "MONTO ASIGNADO (PESOS)": 1792722, "LATITUD": 20.215278, "LONGITUD": -98.22899 }, "geometry": { "type": "Point", "coordinates": [ -98.22899, 20.215278 ] } },
{ "type": "Feature", "properties": { "NO": 33, "ENTIDAD": "HIDALGO", "MUNICIPIO": "Acaxochitlán", "PUEBLO INDIGENA O AFROMEXICANO": "NAHUA", "LOCALIDAD": "ZOTICTLA", "CLAVE LOC": 130020032, "TIPO DE ASENTAMIENTO": "COMUNIDAD INDIGENA", "NOMBRE": "ZOTICTLA", "MONTO ASIGNADO (PESOS)": 460258, "LATITUD": 20.227138, "LONGITUD": -98.164162 }, "geometry": { "type": "Point", "coordinates": [ -98.164162, 20.227138 ] } },
{ "type": "Feature", "properties": { "NO": 34, "ENTIDAD": "HIDALGO", "MUNICIPIO": "Actopan", "PUEBLO INDIGENA O AFROMEXICANO": "OTOMÍ", "LOCALIDAD": "BENITO JUÁREZ", "CLAVE LOC": 130030002, "TIPO DE ASENTAMIENTO": "COMUNIDAD INDIGENA", "NOMBRE": "BENITO JUÁREZ", "MONTO ASIGNADO (PESOS)": 128608, "LATITUD": 20.362729, "LONGITUD": -98.831694 }, "geometry": { "type": "Point", "coordinates": [ -98.831694, 20.362729 ] } },
{ "type": "Feature", "properties": { "NO": 35, "ENTIDAD": "HIDALGO", "MUNICIPIO": "Actopan", "PUEBLO INDIGENA O AFROMEXICANO": "OTOMÍ", "LOCALIDAD": "CAÑADA CHICA ANTIGUA", "CLAVE LOC": 130030007, "TIPO DE ASENTAMIENTO": "COMUNIDAD INDIGENA", "NOMBRE": "CAÑADA CHICA ANTIGUA", "MONTO ASIGNADO (PESOS)": 822680, "LATITUD": 20.305112, "LONGITUD": -98.950566 }, "geometry": { "type": "Point", "coordinates": [ -98.950566, 20.305112 ] } },
{ "type": "Feature", "properties": { "NO": 36, "ENTIDAD": "HIDALGO", "MUNICIPIO": "Actopan", "PUEBLO INDIGENA O AFROMEXICANO": "OTOMÍ", "LOCALIDAD": "EL BOXTHA", "CLAVE LOC": 130030005, "TIPO DE ASENTAMIENTO": "COMUNIDAD INDIGENA", "NOMBRE": "EL BOXTHA", "MONTO ASIGNADO (PESOS)": 350593, "LATITUD": 20.260432, "LONGITUD": -98.974303 }, "geometry": { "type": "Point", "coordinates": [ -98.974303, 20.260432 ] } },
{ "type": "Feature", "properties": { "NO": 37, "ENTIDAD": "HIDALGO", "MUNICIPIO": "Actopan", "PUEBLO INDIGENA O AFROMEXICANO": "OTOMÍ", "LOCALIDAD": "EL SENTHÉ", "CLAVE LOC": 130030035, "TIPO DE ASENTAMIENTO": "COMUNIDAD INDIGENA", "NOMBRE": "EL SENTHÉ", "MONTO ASIGNADO (PESOS)": 166296, "LATITUD": 20.426931, "LONGITUD": -98.899417 }, "geometry": { "type": "Point", "coordinates": [ -98.899417, 20.426931 ] } },
{ "type": "Feature", "properties": { "NO": 38, "ENTIDAD": "HIDALGO", "MUNICIPIO": "Actopan", "PUEBLO INDIGENA O AFROMEXICANO": "OTOMÍ", "LOCALIDAD": "PLOMOSAS", "CLAVE LOC": 130030021, "TIPO DE ASENTAMIENTO": "COMUNIDAD INDIGENA", "NOMBRE": "PLOMOSAS", "MONTO ASIGNADO (PESOS)": 296946, "LATITUD": 20.337053, "LONGITUD": -98.861652 }, "geometry": { "type": "Point", "coordinates": [ -98.861652, 20.337053 ] } },
{ "type": "Feature", "properties": { "NO": 39, "ENTIDAD": "HIDALGO", "MUNICIPIO": "Actopan", "PUEBLO INDIGENA O AFROMEXICANO": "OTOMÍ", "LOCALIDAD": "SAN ANDRÉS TIANGUISTENGO", "CLAVE LOC": 130030023, "TIPO DE ASENTAMIENTO": "COMUNIDAD INDIGENA", "NOMBRE": "SAN ANDRÉS TIANGUISTENGO", "MONTO ASIGNADO (PESOS)": 620588, "LATITUD": 20.269166, "LONGITUD": -98.849444 }, "geometry": { "type": "Point", "coordinates": [ -98.849444, 20.269166 ] } },
{ "type": "Feature", "properties": { "NO": 40, "ENTIDAD": "HIDALGO", "MUNICIPIO": "Actopan", "PUEBLO INDIGENA O AFROMEXICANO": "OTOMÍ", "LOCALIDAD": "XIDEJE", "CLAVE LOC": 130030026, "TIPO DE ASENTAMIENTO": "COMUNIDAD INDIGENA", "NOMBRE": "XIDEJE", "MONTO ASIGNADO (PESOS)": 332000, "LATITUD": 20.329754, "LONGITUD": -98.92314 }, "geometry": { "type": "Point", "coordinates": [ -98.92314, 20.329754 ] } },
{ "type": "Feature", "properties": { "NO": 41, "ENTIDAD": "HIDALGO", "MUNICIPIO": "Alfajayucan", "PUEBLO INDIGENA O AFROMEXICANO": "OTOMÍ", "LOCALIDAD": "BAXTHE", "CLAVE LOC": 130060003, "TIPO DE ASENTAMIENTO": "COMUNIDAD INDIGENA", "NOMBRE": "BAXTHE", "MONTO ASIGNADO (PESOS)": 285115, "LATITUD": 20.378598, "LONGITUD": -99.414856 }, "geometry": { "type": "Point", "coordinates": [ -99.414856, 20.378598 ] } },
{ "type": "Feature", "properties": { "NO": 42, "ENTIDAD": "HIDALGO", "MUNICIPIO": "Alfajayucan", "PUEBLO INDIGENA O AFROMEXICANO": "OTOMÍ", "LOCALIDAD": "BOXTHÓ", "CLAVE LOC": 130060004, "TIPO DE ASENTAMIENTO": "COMUNIDAD INDIGENA", "NOMBRE": "BOXTHÓ", "MONTO ASIGNADO (PESOS)": 561577, "LATITUD": 20.393446, "LONGITUD": -99.368354 }, "geometry": { "type": "Point", "coordinates": [ -99.368354, 20.393446 ] } },
{ "type": "Feature", "properties": { "NO": 43, "ENTIDAD": "HIDALGO", "MUNICIPIO": "Alfajayucan", "PUEBLO INDIGENA O AFROMEXICANO": "OTOMÍ", "LOCALIDAD": "CEBOLLETAS", "CLAVE LOC": 130060006, "TIPO DE ASENTAMIENTO": "COMUNIDAD INDIGENA", "NOMBRE": "CEBOLLETAS", "MONTO ASIGNADO (PESOS)": 310983, "LATITUD": 20.391348, "LONGITUD": -99.311512 }, "geometry": { "type": "Point", "coordinates": [ -99.311512, 20.391348 ] } },
{ "type": "Feature", "properties": { "NO": 44, "ENTIDAD": "HIDALGO", "MUNICIPIO": "Alfajayucan", "PUEBLO INDIGENA O AFROMEXICANO": "OTOMÍ", "LOCALIDAD": "CERRO AZUL", "CLAVE LOC": 130060007, "TIPO DE ASENTAMIENTO": "COMUNIDAD INDIGENA", "NOMBRE": "CERRO AZUL", "MONTO ASIGNADO (PESOS)": 361101, "LATITUD": 20.338036, "LONGITUD": -99.309943 }, "geometry": { "type": "Point", "coordinates": [ -99.309943, 20.338036 ] } },
{ "type": "Feature", "properties": { "NO": 45, "ENTIDAD": "HIDALGO", "MUNICIPIO": "Alfajayucan", "PUEBLO INDIGENA O AFROMEXICANO": "OTOMÍ", "LOCALIDAD": "CUARTA MANZANA LA LOMA DOTZIHAI", "CLAVE LOC": 130060051, "TIPO DE ASENTAMIENTO": "COMUNIDAD INDIGENA", "NOMBRE": "CUARTA MANZANA LA LOMA DOTZIHAI", "MONTO ASIGNADO (PESOS)": 304516, "LATITUD": 20.423015, "LONGITUD": -99.349684 }, "geometry": { "type": "Point", "coordinates": [ -99.349684, 20.423015 ] } },
{ "type": "Feature", "properties": { "NO": 46, "ENTIDAD": "HIDALGO", "MUNICIPIO": "Alfajayucan", "PUEBLO INDIGENA O AFROMEXICANO": "OTOMÍ", "LOCALIDAD": "DECA", "CLAVE LOC": 130060009, "TIPO DE ASENTAMIENTO": "COMUNIDAD INDIGENA", "NOMBRE": "DECA", "MONTO ASIGNADO (PESOS)": 459722, "LATITUD": 20.460411, "LONGITUD": -99.408665 }, "geometry": { "type": "Point", "coordinates": [ -99.408665, 20.460411 ] } },
{ "type": "Feature", "properties": { "NO": 47, "ENTIDAD": "HIDALGO", "MUNICIPIO": "Alfajayucan", "PUEBLO INDIGENA O AFROMEXICANO": "OTOMÍ", "LOCALIDAD": "EL DOYDHE", "CLAVE LOC": 130060054, "TIPO DE ASENTAMIENTO": "COMUNIDAD INDIGENA", "NOMBRE": "EL DOYDHE", "MONTO ASIGNADO (PESOS)": 230954, "LATITUD": 20.406033, "LONGITUD": -99.337923 }, "geometry": { "type": "Point", "coordinates": [ -99.337923, 20.406033 ] } },
{ "type": "Feature", "properties": { "NO": 48, "ENTIDAD": "HIDALGO", "MUNICIPIO": "Alfajayucan", "PUEBLO INDIGENA O AFROMEXICANO": "OTOMÍ", "LOCALIDAD": "EL ESPÍRITU", "CLAVE LOC": 130060012, "TIPO DE ASENTAMIENTO": "COMUNIDAD INDIGENA", "NOMBRE": "EL ESPÍRITU", "MONTO ASIGNADO (PESOS)": 564002, "LATITUD": 20.427552, "LONGITUD": -99.361134 }, "geometry": { "type": "Point", "coordinates": [ -99.361134, 20.427552 ] } },
{ "type": "Feature", "properties": { "NO": 49, "ENTIDAD": "HIDALGO", "MUNICIPIO": "Alfajayucan", "PUEBLO INDIGENA O AFROMEXICANO": "OTOMÍ", "LOCALIDAD": "EL PEÑÓN", "CLAVE LOC": 130060069, "TIPO DE ASENTAMIENTO": "COMUNIDAD INDIGENA", "NOMBRE": "EL PEÑÓN", "MONTO ASIGNADO (PESOS)": 253588, "LATITUD": 20.357174, "LONGITUD": -99.365325 }, "geometry": { "type": "Point", "coordinates": [ -99.365325, 20.357174 ] } },
{ "type": "Feature", "properties": { "NO": 50, "ENTIDAD": "HIDALGO", "MUNICIPIO": "Alfajayucan", "PUEBLO INDIGENA O AFROMEXICANO": "OTOMÍ", "LOCALIDAD": "EL ZAPOTE (FONTEZUELAS)", "CLAVE LOC": 130060043, "TIPO DE ASENTAMIENTO": "COMUNIDAD INDIGENA", "NOMBRE": "EL ZAPOTE (FONTEZUELAS)", "MONTO ASIGNADO (PESOS)": 161434, "LATITUD": 20.348088, "LONGITUD": -99.397986 }, "geometry": { "type": "Point", "coordinates": [ -99.397986, 20.348088 ] } },
{ "type": "Feature", "properties": { "NO": 51, "ENTIDAD": "HIDALGO", "MUNICIPIO": "Alfajayucan", "PUEBLO INDIGENA O AFROMEXICANO": "OTOMÍ", "LOCALIDAD": "LA CAÑADA", "CLAVE LOC": 130060025, "TIPO DE ASENTAMIENTO": "COMUNIDAD INDIGENA", "NOMBRE": "LA CAÑADA", "MONTO ASIGNADO (PESOS)": 144459, "LATITUD": 20.370084, "LONGITUD": -99.321376 }, "geometry": { "type": "Point", "coordinates": [ -99.321376, 20.370084 ] } },
{ "type": "Feature", "properties": { "NO": 52, "ENTIDAD": "HIDALGO", "MUNICIPIO": "Alfajayucan", "PUEBLO INDIGENA O AFROMEXICANO": "OTOMÍ", "LOCALIDAD": "LA CRUZ", "CLAVE LOC": 130060008, "TIPO DE ASENTAMIENTO": "COMUNIDAD INDIGENA", "NOMBRE": "LA CRUZ", "MONTO ASIGNADO (PESOS)": 144459, "LATITUD": 20.387642, "LONGITUD": -99.400441 }, "geometry": { "type": "Point", "coordinates": [ -99.400441, 20.387642 ] } },
{ "type": "Feature", "properties": { "NO": 53, "ENTIDAD": "HIDALGO", "MUNICIPIO": "Alfajayucan", "PUEBLO INDIGENA O AFROMEXICANO": "OTOMÍ", "LOCALIDAD": "LA HUAPILLA", "CLAVE LOC": 130060014, "TIPO DE ASENTAMIENTO": "COMUNIDAD INDIGENA", "NOMBRE": "LA HUAPILLA", "MONTO ASIGNADO (PESOS)": 597145, "LATITUD": 20.422401, "LONGITUD": -99.372542 }, "geometry": { "type": "Point", "coordinates": [ -99.372542, 20.422401 ] } },
{ "type": "Feature", "properties": { "NO": 54, "ENTIDAD": "HIDALGO", "MUNICIPIO": "Alfajayucan", "PUEBLO INDIGENA O AFROMEXICANO": "OTOMÍ", "LOCALIDAD": "LA NOPALERA", "CLAVE LOC": 130060068, "TIPO DE ASENTAMIENTO": "COMUNIDAD INDIGENA", "NOMBRE": "LA NOPALERA", "MONTO ASIGNADO (PESOS)": 414454, "LATITUD": 20.449411, "LONGITUD": -99.338689 }, "geometry": { "type": "Point", "coordinates": [ -99.338689, 20.449411 ] } },
{ "type": "Feature", "properties": { "NO": 55, "ENTIDAD": "HIDALGO", "MUNICIPIO": "Alfajayucan", "PUEBLO INDIGENA O AFROMEXICANO": "OTOMÍ", "LOCALIDAD": "LA PIEDAD", "CLAVE LOC": 130060024, "TIPO DE ASENTAMIENTO": "COMUNIDAD INDIGENA", "NOMBRE": "LA PIEDAD", "MONTO ASIGNADO (PESOS)": 206703, "LATITUD": 20.355581, "LONGITUD": -99.345016 }, "geometry": { "type": "Point", "coordinates": [ -99.345016, 20.355581 ] } },
{ "type": "Feature", "properties": { "NO": 56, "ENTIDAD": "HIDALGO", "MUNICIPIO": "Alfajayucan", "PUEBLO INDIGENA O AFROMEXICANO": "OTOMÍ", "LOCALIDAD": "LA SALITRERA", "CLAVE LOC": 130060027, "TIPO DE ASENTAMIENTO": "COMUNIDAD INDIGENA", "NOMBRE": "LA SALITRERA", "MONTO ASIGNADO (PESOS)": 367296, "LATITUD": 20.338978, "LONGITUD": -99.443888 }, "geometry": { "type": "Point", "coordinates": [ -99.443888, 20.338978 ] } },
{ "type": "Feature", "properties": { "NO": 57, "ENTIDAD": "HIDALGO", "MUNICIPIO": "Alfajayucan", "PUEBLO INDIGENA O AFROMEXICANO": "OTOMÍ", "LOCALIDAD": "LA VEGA", "CLAVE LOC": 130060037, "TIPO DE ASENTAMIENTO": "COMUNIDAD INDIGENA", "NOMBRE": "LA VEGA", "MONTO ASIGNADO (PESOS)": 596337, "LATITUD": 20.486252, "LONGITUD": -99.332587 }, "geometry": { "type": "Point", "coordinates": [ -99.332587, 20.486252 ] } },
{ "type": "Feature", "properties": { "NO": 58, "ENTIDAD": "HIDALGO", "MUNICIPIO": "Alfajayucan", "PUEBLO INDIGENA O AFROMEXICANO": "OTOMÍ", "LOCALIDAD": "LAS FUENTES", "CLAVE LOC": 130060079, "TIPO DE ASENTAMIENTO": "COMUNIDAD INDIGENA", "NOMBRE": "LAS FUENTES", "MONTO ASIGNADO (PESOS)": 310174, "LATITUD": 20.407228, "LONGITUD": -99.361339 }, "geometry": { "type": "Point", "coordinates": [ -99.361339, 20.407228 ] } },
{ "type": "Feature", "properties": { "NO": 59, "ENTIDAD": "HIDALGO", "MUNICIPIO": "Alfajayucan", "PUEBLO INDIGENA O AFROMEXICANO": "OTOMÍ", "LOCALIDAD": "LOS ÁNGELES", "CLAVE LOC": 130060073, "TIPO DE ASENTAMIENTO": "COMUNIDAD INDIGENA", "NOMBRE": "LOS ÁNGELES", "MONTO ASIGNADO (PESOS)": 316641, "LATITUD": 20.467324, "LONGITUD": -99.456209 }, "geometry": { "type": "Point", "coordinates": [ -99.456209, 20.467324 ] } },
{ "type": "Feature", "properties": { "NO": 60, "ENTIDAD": "HIDALGO", "MUNICIPIO": "Alfajayucan", "PUEBLO INDIGENA O AFROMEXICANO": "OTOMÍ", "LOCALIDAD": "MADHO CERRO PRIETO", "CLAVE LOC": 130060016, "TIPO DE ASENTAMIENTO": "COMUNIDAD INDIGENA", "NOMBRE": "MADHO CERRO PRIETO", "MONTO ASIGNADO (PESOS)": 99190, "LATITUD": 20.501283, "LONGITUD": -99.395009 }, "geometry": { "type": "Point", "coordinates": [ -99.395009, 20.501283 ] } },
{ "type": "Feature", "properties": { "NO": 61, "ENTIDAD": "HIDALGO", "MUNICIPIO": "Alfajayucan", "PUEBLO INDIGENA O AFROMEXICANO": "OTOMÍ", "LOCALIDAD": "MADHO CORRALES", "CLAVE LOC": 130060017, "TIPO DE ASENTAMIENTO": "COMUNIDAD INDIGENA", "NOMBRE": "MADHO CORRALES", "MONTO ASIGNADO (PESOS)": 183260, "LATITUD": 20.501094, "LONGITUD": -99.379461 }, "geometry": { "type": "Point", "coordinates": [ -99.379461, 20.501094 ] } },
{ "type": "Feature", "properties": { "NO": 62, "ENTIDAD": "HIDALGO", "MUNICIPIO": "Alfajayucan", "PUEBLO INDIGENA O AFROMEXICANO": "OTOMÍ", "LOCALIDAD": "MADHO SAN PABLO", "CLAVE LOC": 130060018, "TIPO DE ASENTAMIENTO": "COMUNIDAD INDIGENA", "NOMBRE": "MADHO SAN PABLO", "MONTO ASIGNADO (PESOS)": 151734, "LATITUD": 20.477446, "LONGITUD": -99.411247 }, "geometry": { "type": "Point", "coordinates": [ -99.411247, 20.477446 ] } },
{ "type": "Feature", "properties": { "NO": 63, "ENTIDAD": "HIDALGO", "MUNICIPIO": "Alfajayucan", "PUEBLO INDIGENA O AFROMEXICANO": "OTOMÍ", "LOCALIDAD": "MILPA GRANDE", "CLAVE LOC": 130060020, "TIPO DE ASENTAMIENTO": "COMUNIDAD INDIGENA", "NOMBRE": "MILPA GRANDE", "MONTO ASIGNADO (PESOS)": 139608, "LATITUD": 20.459595, "LONGITUD": -99.429172 }, "geometry": { "type": "Point", "coordinates": [ -99.429172, 20.459595 ] } },
{ "type": "Feature", "properties": { "NO": 64, "ENTIDAD": "HIDALGO", "MUNICIPIO": "Alfajayucan", "PUEBLO INDIGENA O AFROMEXICANO": "OTOMÍ", "LOCALIDAD": "NAXTHÉY", "CLAVE LOC": 130060021, "TIPO DE ASENTAMIENTO": "COMUNIDAD INDIGENA", "NOMBRE": "NAXTHÉY", "MONTO ASIGNADO (PESOS)": 330383, "LATITUD": 20.439801, "LONGITUD": -99.325915 }, "geometry": { "type": "Point", "coordinates": [ -99.325915, 20.439801 ] } },
{ "type": "Feature", "properties": { "NO": 65, "ENTIDAD": "HIDALGO", "MUNICIPIO": "Alfajayucan", "PUEBLO INDIGENA O AFROMEXICANO": "OTOMÍ", "LOCALIDAD": "NEXNI", "CLAVE LOC": 130060022, "TIPO DE ASENTAMIENTO": "COMUNIDAD INDIGENA", "NOMBRE": "NEXNI", "MONTO ASIGNADO (PESOS)": 140417, "LATITUD": 20.493419, "LONGITUD": -99.43921 }, "geometry": { "type": "Point", "coordinates": [ -99.43921, 20.493419 ] } },
{ "type": "Feature", "properties": { "NO": 66, "ENTIDAD": "HIDALGO", "MUNICIPIO": "Alfajayucan", "PUEBLO INDIGENA O AFROMEXICANO": "OTOMÍ", "LOCALIDAD": "PRIMERA MANZANA DOZDHA", "CLAVE LOC": 130060058, "TIPO DE ASENTAMIENTO": "COMUNIDAD INDIGENA", "NOMBRE": "PRIMERA MANZANA DOZDHA", "MONTO ASIGNADO (PESOS)": 424963, "LATITUD": 20.415284, "LONGITUD": -99.337589 }, "geometry": { "type": "Point", "coordinates": [ -99.337589, 20.415284 ] } },
{ "type": "Feature", "properties": { "NO": 67, "ENTIDAD": "HIDALGO", "MUNICIPIO": "Alfajayucan", "PUEBLO INDIGENA O AFROMEXICANO": "OTOMÍ", "LOCALIDAD": "PUEBLO NUEVO", "CLAVE LOC": 130060070, "TIPO DE ASENTAMIENTO": "COMUNIDAD INDIGENA", "NOMBRE": "PUEBLO NUEVO", "MONTO ASIGNADO (PESOS)": 235804, "LATITUD": 20.384771, "LONGITUD": -99.350573 }, "geometry": { "type": "Point", "coordinates": [ -99.350573, 20.384771 ] } },
{ "type": "Feature", "properties": { "NO": 68, "ENTIDAD": "HIDALGO", "MUNICIPIO": "Alfajayucan", "PUEBLO INDIGENA O AFROMEXICANO": "OTOMÍ", "LOCALIDAD": "SAN AGUSTÍN TLALIXTICAPA", "CLAVE LOC": 130060028, "TIPO DE ASENTAMIENTO": "COMUNIDAD INDIGENA", "NOMBRE": "SAN AGUSTÍN TLALIXTICAPA", "MONTO ASIGNADO (PESOS)": 348976, "LATITUD": 20.394854, "LONGITUD": -99.330641 }, "geometry": { "type": "Point", "coordinates": [ -99.330641, 20.394854 ] } },
{ "type": "Feature", "properties": { "NO": 69, "ENTIDAD": "HIDALGO", "MUNICIPIO": "Alfajayucan", "PUEBLO INDIGENA O AFROMEXICANO": "OTOMÍ", "LOCALIDAD": "SAN ANTONIO CORRALES", "CLAVE LOC": 130060029, "TIPO DE ASENTAMIENTO": "COMUNIDAD INDIGENA", "NOMBRE": "SAN ANTONIO CORRALES", "MONTO ASIGNADO (PESOS)": 563194, "LATITUD": 20.415303, "LONGITUD": -99.363928 }, "geometry": { "type": "Point", "coordinates": [ -99.363928, 20.415303 ] } },
{ "type": "Feature", "properties": { "NO": 70, "ENTIDAD": "HIDALGO", "MUNICIPIO": "Alfajayucan", "PUEBLO INDIGENA O AFROMEXICANO": "OTOMÍ", "LOCALIDAD": "SAN ANTONIO TEZOQUIPAN", "CLAVE LOC": 130060030, "TIPO DE ASENTAMIENTO": "COMUNIDAD INDIGENA", "NOMBRE": "SAN ANTONIO TEZOQUIPAN", "MONTO ASIGNADO (PESOS)": 406370, "LATITUD": 20.473884, "LONGITUD": -99.469239 }, "geometry": { "type": "Point", "coordinates": [ -99.469239, 20.473884 ] } },
{ "type": "Feature", "properties": { "NO": 71, "ENTIDAD": "HIDALGO", "MUNICIPIO": "Alfajayucan", "PUEBLO INDIGENA O AFROMEXICANO": "OTOMÍ", "LOCALIDAD": "SAN FRANCISCO SACACHICHILCO", "CLAVE LOC": 130060031, "TIPO DE ASENTAMIENTO": "COMUNIDAD INDIGENA", "NOMBRE": "SAN FRANCISCO SACACHICHILCO", "MONTO ASIGNADO (PESOS)": 732143, "LATITUD": 20.476813, "LONGITUD": -99.390236 }, "geometry": { "type": "Point", "coordinates": [ -99.390236, 20.476813 ] } },
{ "type": "Feature", "properties": { "NO": 72, "ENTIDAD": "HIDALGO", "MUNICIPIO": "Alfajayucan", "PUEBLO INDIGENA O AFROMEXICANO": "OTOMÍ", "LOCALIDAD": "SAN LUCAS", "CLAVE LOC": 130060032, "TIPO DE ASENTAMIENTO": "COMUNIDAD INDIGENA", "NOMBRE": "SAN LUCAS", "MONTO ASIGNADO (PESOS)": 263289, "LATITUD": 20.469244, "LONGITUD": -99.436574 }, "geometry": { "type": "Point", "coordinates": [ -99.436574, 20.469244 ] } },
{ "type": "Feature", "properties": { "NO": 73, "ENTIDAD": "HIDALGO", "MUNICIPIO": "Alfajayucan", "PUEBLO INDIGENA O AFROMEXICANO": "OTOMÍ", "LOCALIDAD": "SAN PABLO OXTOTIPAN", "CLAVE LOC": 130060033, "TIPO DE ASENTAMIENTO": "COMUNIDAD INDIGENA", "NOMBRE": "SAN PABLO OXTOTIPAN", "MONTO ASIGNADO (PESOS)": 631905, "LATITUD": 20.340081, "LONGITUD": -99.377288 }, "geometry": { "type": "Point", "coordinates": [ -99.377288, 20.340081 ] } },
{ "type": "Feature", "properties": { "NO": 74, "ENTIDAD": "HIDALGO", "MUNICIPIO": "Alfajayucan", "PUEBLO INDIGENA O AFROMEXICANO": "OTOMÍ", "LOCALIDAD": "SAN PEDRO LA PAZ", "CLAVE LOC": 130060034, "TIPO DE ASENTAMIENTO": "COMUNIDAD INDIGENA", "NOMBRE": "SAN PEDRO LA PAZ", "MONTO ASIGNADO (PESOS)": 195386, "LATITUD": 20.328623, "LONGITUD": -99.432463 }, "geometry": { "type": "Point", "coordinates": [ -99.432463, 20.328623 ] } },
{ "type": "Feature", "properties": { "NO": 75, "ENTIDAD": "HIDALGO", "MUNICIPIO": "Alfajayucan", "PUEBLO INDIGENA O AFROMEXICANO": "OTOMÍ", "LOCALIDAD": "SANTA MARÍA LA PALMA", "CLAVE LOC": 130060035, "TIPO DE ASENTAMIENTO": "COMUNIDAD INDIGENA", "NOMBRE": "SANTA MARÍA LA PALMA", "MONTO ASIGNADO (PESOS)": 336850, "LATITUD": 20.369549, "LONGITUD": -99.38692 }, "geometry": { "type": "Point", "coordinates": [ -99.38692, 20.369549 ] } },
{ "type": "Feature", "properties": { "NO": 76, "ENTIDAD": "HIDALGO", "MUNICIPIO": "Alfajayucan", "PUEBLO INDIGENA O AFROMEXICANO": "OTOMÍ", "LOCALIDAD": "SANTA MARÍA XIGUI", "CLAVE LOC": 130060039, "TIPO DE ASENTAMIENTO": "COMUNIDAD INDIGENA", "NOMBRE": "SANTA MARÍA XIGUI", "MONTO ASIGNADO (PESOS)": 985970, "LATITUD": 20.461243, "LONGITUD": -99.344461 }, "geometry": { "type": "Point", "coordinates": [ -99.344461, 20.461243 ] } },
{ "type": "Feature", "properties": { "NO": 77, "ENTIDAD": "HIDALGO", "MUNICIPIO": "Alfajayucan", "PUEBLO INDIGENA O AFROMEXICANO": "OTOMÍ", "LOCALIDAD": "SEGUNDA MANZANA ZUNDHÓ", "CLAVE LOC": 130060063, "TIPO DE ASENTAMIENTO": "COMUNIDAD INDIGENA", "NOMBRE": "SEGUNDA MANZANA ZUNDHÓ", "MONTO ASIGNADO (PESOS)": 430621, "LATITUD": 20.397814, "LONGITUD": -99.342799 }, "geometry": { "type": "Point", "coordinates": [ -99.342799, 20.397814 ] } },
{ "type": "Feature", "properties": { "NO": 78, "ENTIDAD": "HIDALGO", "MUNICIPIO": "Alfajayucan", "PUEBLO INDIGENA O AFROMEXICANO": "OTOMÍ", "LOCALIDAD": "TAXHIÉ", "CLAVE LOC": 130060036, "TIPO DE ASENTAMIENTO": "COMUNIDAD INDIGENA", "NOMBRE": "TAXHIÉ", "MONTO ASIGNADO (PESOS)": 445980, "LATITUD": 20.430525, "LONGITUD": -99.321749 }, "geometry": { "type": "Point", "coordinates": [ -99.321749, 20.430525 ] } },
{ "type": "Feature", "properties": { "NO": 79, "ENTIDAD": "HIDALGO", "MUNICIPIO": "Alfajayucan", "PUEBLO INDIGENA O AFROMEXICANO": "OTOMÍ", "LOCALIDAD": "TERCERA MANZANA", "CLAVE LOC": 130060064, "TIPO DE ASENTAMIENTO": "COMUNIDAD INDIGENA", "NOMBRE": "TERCERA MANZANA", "MONTO ASIGNADO (PESOS)": 125866, "LATITUD": 20.396154, "LONGITUD": -99.354644 }, "geometry": { "type": "Point", "coordinates": [ -99.354644, 20.396154 ] } },
{ "type": "Feature", "properties": { "NO": 80, "ENTIDAD": "HIDALGO", "MUNICIPIO": "Alfajayucan", "PUEBLO INDIGENA O AFROMEXICANO": "OTOMÍ", "LOCALIDAD": "XAMAGÉ", "CLAVE LOC": 130060038, "TIPO DE ASENTAMIENTO": "COMUNIDAD INDIGENA", "NOMBRE": "XAMAGÉ", "MONTO ASIGNADO (PESOS)": 782261, "LATITUD": 20.388037, "LONGITUD": -99.343608 }, "geometry": { "type": "Point", "coordinates": [ -99.343608, 20.388037 ] } },
{ "type": "Feature", "properties": { "NO": 81, "ENTIDAD": "HIDALGO", "MUNICIPIO": "Alfajayucan", "PUEBLO INDIGENA O AFROMEXICANO": "OTOMÍ", "LOCALIDAD": "XOTHÉ", "CLAVE LOC": 130060040, "TIPO DE ASENTAMIENTO": "COMUNIDAD INDIGENA", "NOMBRE": "XOTHÉ", "MONTO ASIGNADO (PESOS)": 196194, "LATITUD": 20.351139, "LONGITUD": -99.430078 }, "geometry": { "type": "Point", "coordinates": [ -99.430078, 20.351139 ] } },
{ "type": "Feature", "properties": { "NO": 82, "ENTIDAD": "HIDALGO", "MUNICIPIO": "Alfajayucan", "PUEBLO INDIGENA O AFROMEXICANO": "OTOMÍ", "LOCALIDAD": "YONTHE CHICO", "CLAVE LOC": 130060041, "TIPO DE ASENTAMIENTO": "COMUNIDAD INDIGENA", "NOMBRE": "YONTHE CHICO", "MONTO ASIGNADO (PESOS)": 745885, "LATITUD": 20.408063, "LONGITUD": -99.328137 }, "geometry": { "type": "Point", "coordinates": [ -99.328137, 20.408063 ] } },
{ "type": "Feature", "properties": { "NO": 83, "ENTIDAD": "HIDALGO", "MUNICIPIO": "Alfajayucan", "PUEBLO INDIGENA O AFROMEXICANO": "OTOMÍ", "LOCALIDAD": "YONTHE GRANDE", "CLAVE LOC": 130060042, "TIPO DE ASENTAMIENTO": "COMUNIDAD INDIGENA", "NOMBRE": "YONTHE GRANDE", "MONTO ASIGNADO (PESOS)": 340892, "LATITUD": 20.473752, "LONGITUD": -99.366134 }, "geometry": { "type": "Point", "coordinates": [ -99.366134, 20.473752 ] } },
{ "type": "Feature", "properties": { "NO": 84, "ENTIDAD": "HIDALGO", "MUNICIPIO": "Alfajayucan", "PUEBLO INDIGENA O AFROMEXICANO": "OTOMÍ", "LOCALIDAD": "ZOZEA", "CLAVE LOC": 130060044, "TIPO DE ASENTAMIENTO": "COMUNIDAD INDIGENA", "NOMBRE": "ZOZEA", "MONTO ASIGNADO (PESOS)": 1203421, "LATITUD": 20.434531, "LONGITUD": -99.35715 }, "geometry": { "type": "Point", "coordinates": [ -99.35715, 20.434531 ] } },
{ "type": "Feature", "properties": { "NO": 85, "ENTIDAD": "HIDALGO", "MUNICIPIO": "Atlapexco", "PUEBLO INDIGENA O AFROMEXICANO": "NAHUA", "LOCALIDAD": "ACHIQUIHUIXTLA", "CLAVE LOC": 130110002, "TIPO DE ASENTAMIENTO": "COMUNIDAD INDIGENA", "NOMBRE": "ACHIQUIHUIXTLA", "MONTO ASIGNADO (PESOS)": 811363, "LATITUD": 20.982276, "LONGITUD": -98.366393 }, "geometry": { "type": "Point", "coordinates": [ -98.366393, 20.982276 ] } },
{ "type": "Feature", "properties": { "NO": 86, "ENTIDAD": "HIDALGO", "MUNICIPIO": "Atlapexco", "PUEBLO INDIGENA O AFROMEXICANO": "NAHUA", "LOCALIDAD": "ATENCUAPA", "CLAVE LOC": 130110003, "TIPO DE ASENTAMIENTO": "COMUNIDAD INDIGENA", "NOMBRE": "ATENCUAPA", "MONTO ASIGNADO (PESOS)": 369993, "LATITUD": 21.041865, "LONGITUD": -98.39551 }, "geometry": { "type": "Point", "coordinates": [ -98.39551, 21.041865 ] } },
{ "type": "Feature", "properties": { "NO": 87, "ENTIDAD": "HIDALGO", "MUNICIPIO": "Atlapexco", "PUEBLO INDIGENA O AFROMEXICANO": "NAHUA", "LOCALIDAD": "ATLAJCO", "CLAVE LOC": 130110004, "TIPO DE ASENTAMIENTO": "COMUNIDAD INDIGENA", "NOMBRE": "ATLAJCO", "MONTO ASIGNADO (PESOS)": 300474, "LATITUD": 20.988981, "LONGITUD": -98.391982 }, "geometry": { "type": "Point", "coordinates": [ -98.391982, 20.988981 ] } },
{ "type": "Feature", "properties": { "NO": 88, "ENTIDAD": "HIDALGO", "MUNICIPIO": "Atlapexco", "PUEBLO INDIGENA O AFROMEXICANO": "NAHUA", "LOCALIDAD": "ATLALTIPA HUITZOTLACO", "CLAVE LOC": 130110006, "TIPO DE ASENTAMIENTO": "COMUNIDAD INDIGENA", "NOMBRE": "ATLALTIPA HUITZOTLACO", "MONTO ASIGNADO (PESOS)": 394245, "LATITUD": 21.038619, "LONGITUD": -98.371853 }, "geometry": { "type": "Point", "coordinates": [ -98.371853, 21.038619 ] } },
{ "type": "Feature", "properties": { "NO": 89, "ENTIDAD": "HIDALGO", "MUNICIPIO": "Atlapexco", "PUEBLO INDIGENA O AFROMEXICANO": "NAHUA", "LOCALIDAD": "ATLALTIPA MIRADOR", "CLAVE LOC": 130110005, "TIPO DE ASENTAMIENTO": "COMUNIDAD INDIGENA", "NOMBRE": "ATLALTIPA MIRADOR", "MONTO ASIGNADO (PESOS)": 482357, "LATITUD": 21.043571, "LONGITUD": -98.401308 }, "geometry": { "type": "Point", "coordinates": [ -98.401308, 21.043571 ] } },
{ "type": "Feature", "properties": { "NO": 90, "ENTIDAD": "HIDALGO", "MUNICIPIO": "Atlapexco", "PUEBLO INDIGENA O AFROMEXICANO": "NAHUA", "LOCALIDAD": "ATLALTIPA TECOLOTITLA", "CLAVE LOC": 130110007, "TIPO DE ASENTAMIENTO": "COMUNIDAD INDIGENA", "NOMBRE": "ATLALTIPA TECOLOTITLA", "MONTO ASIGNADO (PESOS)": 518733, "LATITUD": 21.00066, "LONGITUD": -98.369063 }, "geometry": { "type": "Point", "coordinates": [ -98.369063, 21.00066 ] } },
{ "type": "Feature", "properties": { "NO": 91, "ENTIDAD": "HIDALGO", "MUNICIPIO": "Atlapexco", "PUEBLO INDIGENA O AFROMEXICANO": "NAHUA", "LOCALIDAD": "ATOTOMOC", "CLAVE LOC": 130110008, "TIPO DE ASENTAMIENTO": "COMUNIDAD INDIGENA", "NOMBRE": "ATOTOMOC", "MONTO ASIGNADO (PESOS)": 681215, "LATITUD": 21.023944, "LONGITUD": -98.409098 }, "geometry": { "type": "Point", "coordinates": [ -98.409098, 21.023944 ] } },
{ "type": "Feature", "properties": { "NO": 92, "ENTIDAD": "HIDALGO", "MUNICIPIO": "Atlapexco", "PUEBLO INDIGENA O AFROMEXICANO": "NAHUA", "LOCALIDAD": "COCHISCUATITLA", "CLAVE LOC": 130110009, "TIPO DE ASENTAMIENTO": "COMUNIDAD INDIGENA", "NOMBRE": "COCHISCUATITLA", "MONTO ASIGNADO (PESOS)": 513883, "LATITUD": 20.994868, "LONGITUD": -98.394768 }, "geometry": { "type": "Point", "coordinates": [ -98.394768, 20.994868 ] } },
{ "type": "Feature", "properties": { "NO": 93, "ENTIDAD": "HIDALGO", "MUNICIPIO": "Atlapexco", "PUEBLO INDIGENA O AFROMEXICANO": "NAHUA", "LOCALIDAD": "COCHOTLA", "CLAVE LOC": 130110010, "TIPO DE ASENTAMIENTO": "COMUNIDAD INDIGENA", "NOMBRE": "COCHOTLA", "MONTO ASIGNADO (PESOS)": 1224439, "LATITUD": 21.00801, "LONGITUD": -98.421739 }, "geometry": { "type": "Point", "coordinates": [ -98.421739, 21.00801 ] } },
{ "type": "Feature", "properties": { "NO": 94, "ENTIDAD": "HIDALGO", "MUNICIPIO": "Atlapexco", "PUEBLO INDIGENA O AFROMEXICANO": "NAHUA", "LOCALIDAD": "COYOLAPA", "CLAVE LOC": 130110011, "TIPO DE ASENTAMIENTO": "COMUNIDAD INDIGENA", "NOMBRE": "COYOLAPA", "MONTO ASIGNADO (PESOS)": 354634, "LATITUD": 21.043929, "LONGITUD": -98.348209 }, "geometry": { "type": "Point", "coordinates": [ -98.348209, 21.043929 ] } },
{ "type": "Feature", "properties": { "NO": 95, "ENTIDAD": "HIDALGO", "MUNICIPIO": "Atlapexco", "PUEBLO INDIGENA O AFROMEXICANO": "NAHUA", "LOCALIDAD": "EL MIRADOR", "CLAVE LOC": 130110020, "TIPO DE ASENTAMIENTO": "COMUNIDAD INDIGENA", "NOMBRE": "EL MIRADOR", "MONTO ASIGNADO (PESOS)": 272181, "LATITUD": 21.038787, "LONGITUD": -98.401585 }, "geometry": { "type": "Point", "coordinates": [ -98.401585, 21.038787 ] } },
{ "type": "Feature", "properties": { "NO": 96, "ENTIDAD": "HIDALGO", "MUNICIPIO": "Atlapexco", "PUEBLO INDIGENA O AFROMEXICANO": "NAHUA", "LOCALIDAD": "GENERAL EMILIANO ZAPATA", "CLAVE LOC": 130110051, "TIPO DE ASENTAMIENTO": "COMUNIDAD INDIGENA", "NOMBRE": "GENERAL EMILIANO ZAPATA", "MONTO ASIGNADO (PESOS)": 115357, "LATITUD": 21.086381, "LONGITUD": -98.328723 }, "geometry": { "type": "Point", "coordinates": [ -98.328723, 21.086381 ] } },
{ "type": "Feature", "properties": { "NO": 97, "ENTIDAD": "HIDALGO", "MUNICIPIO": "Atlapexco", "PUEBLO INDIGENA O AFROMEXICANO": "NAHUA", "LOCALIDAD": "ITZÓCAL", "CLAVE LOC": 130110019, "TIPO DE ASENTAMIENTO": "COMUNIDAD INDIGENA", "NOMBRE": "ITZÓCAL", "MONTO ASIGNADO (PESOS)": 984354, "LATITUD": 21.014982, "LONGITUD": -98.394451 }, "geometry": { "type": "Point", "coordinates": [ -98.394451, 21.014982 ] } },
{ "type": "Feature", "properties": { "NO": 98, "ENTIDAD": "HIDALGO", "MUNICIPIO": "Atlapexco", "PUEBLO INDIGENA O AFROMEXICANO": "NAHUA", "LOCALIDAD": "IXTACUATITLA", "CLAVE LOC": 130110017, "TIPO DE ASENTAMIENTO": "COMUNIDAD INDIGENA", "NOMBRE": "IXTACUATITLA", "MONTO ASIGNADO (PESOS)": 280614, "LATITUD": 21.02617, "LONGITUD": -98.422245 }, "geometry": { "type": "Point", "coordinates": [ -98.422245, 21.02617 ] } },
{ "type": "Feature", "properties": { "NO": 99, "ENTIDAD": "HIDALGO", "MUNICIPIO": "Atlapexco", "PUEBLO INDIGENA O AFROMEXICANO": "NAHUA", "LOCALIDAD": "IXTACUAYO", "CLAVE LOC": 130110018, "TIPO DE ASENTAMIENTO": "COMUNIDAD INDIGENA", "NOMBRE": "IXTACUAYO", "MONTO ASIGNADO (PESOS)": 218020, "LATITUD": 21.05981, "LONGITUD": -98.390238 }, "geometry": { "type": "Point", "coordinates": [ -98.390238, 21.05981 ] } },
{ "type": "Feature", "properties": { "NO": 100, "ENTIDAD": "HIDALGO", "MUNICIPIO": "Atlapexco", "PUEBLO INDIGENA O AFROMEXICANO": "NAHUA", "LOCALIDAD": "LEY AGRARIA 6 DE ENERO", "CLAVE LOC": 130110062, "TIPO DE ASENTAMIENTO": "COMUNIDAD INDIGENA", "NOMBRE": "LEY AGRARIA 6 DE ENERO", "MONTO ASIGNADO (PESOS)": 179219, "LATITUD": 21.007933, "LONGITUD": -98.334602 }, "geometry": { "type": "Point", "coordinates": [ -98.334602, 21.007933 ] } },
{ "type": "Feature", "properties": { "NO": 101, "ENTIDAD": "HIDALGO", "MUNICIPIO": "Atlapexco", "PUEBLO INDIGENA O AFROMEXICANO": "NAHUA", "LOCALIDAD": "LOS NARANJOS", "CLAVE LOC": 130110030, "TIPO DE ASENTAMIENTO": "COMUNIDAD INDIGENA", "NOMBRE": "LOS NARANJOS", "MONTO ASIGNADO (PESOS)": 170326, "LATITUD": 21.080549, "LONGITUD": -98.327277 }, "geometry": { "type": "Point", "coordinates": [ -98.327277, 21.080549 ] } },
{ "type": "Feature", "properties": { "NO": 102, "ENTIDAD": "HIDALGO", "MUNICIPIO": "Atlapexco", "PUEBLO INDIGENA O AFROMEXICANO": "NAHUA", "LOCALIDAD": "OXPANTLA", "CLAVE LOC": 130110021, "TIPO DE ASENTAMIENTO": "COMUNIDAD INDIGENA", "NOMBRE": "OXPANTLA", "MONTO ASIGNADO (PESOS)": 216403, "LATITUD": 21.031742, "LONGITUD": -98.404059 }, "geometry": { "type": "Point", "coordinates": [ -98.404059, 21.031742 ] } },
{ "type": "Feature", "properties": { "NO": 103, "ENTIDAD": "HIDALGO", "MUNICIPIO": "Atlapexco", "PUEBLO INDIGENA O AFROMEXICANO": "NAHUA", "LOCALIDAD": "PAHACTLA", "CLAVE LOC": 130110022, "TIPO DE ASENTAMIENTO": "COMUNIDAD INDIGENA", "NOMBRE": "PAHACTLA", "MONTO ASIGNADO (PESOS)": 1303659, "LATITUD": 20.975314, "LONGITUD": -98.358198 }, "geometry": { "type": "Point", "coordinates": [ -98.358198, 20.975314 ] } },
{ "type": "Feature", "properties": { "NO": 104, "ENTIDAD": "HIDALGO", "MUNICIPIO": "Atlapexco", "PUEBLO INDIGENA O AFROMEXICANO": "NAHUA", "LOCALIDAD": "PALO GORDO", "CLAVE LOC": 130110023, "TIPO DE ASENTAMIENTO": "COMUNIDAD INDIGENA", "NOMBRE": "PALO GORDO", "MONTO ASIGNADO (PESOS)": 294815, "LATITUD": 21.045538, "LONGITUD": -98.372614 }, "geometry": { "type": "Point", "coordinates": [ -98.372614, 21.045538 ] } },
{ "type": "Feature", "properties": { "NO": 105, "ENTIDAD": "HIDALGO", "MUNICIPIO": "Atlapexco", "PUEBLO INDIGENA O AFROMEXICANO": "NAHUA", "LOCALIDAD": "PLAN HUASTECA", "CLAVE LOC": 130110038, "TIPO DE ASENTAMIENTO": "COMUNIDAD INDIGENA", "NOMBRE": "PLAN HUASTECA", "MONTO ASIGNADO (PESOS)": 352221, "LATITUD": 21.042627, "LONGITUD": -98.369257 }, "geometry": { "type": "Point", "coordinates": [ -98.369257, 21.042627 ] } },
{ "type": "Feature", "properties": { "NO": 106, "ENTIDAD": "HIDALGO", "MUNICIPIO": "Atlapexco", "PUEBLO INDIGENA O AFROMEXICANO": "NAHUA", "LOCALIDAD": "POCHOÍCA", "CLAVE LOC": 130110025, "TIPO DE ASENTAMIENTO": "COMUNIDAD INDIGENA", "NOMBRE": "POCHOÍCA", "MONTO ASIGNADO (PESOS)": 127483, "LATITUD": 21.034935, "LONGITUD": -98.371566 }, "geometry": { "type": "Point", "coordinates": [ -98.371566, 21.034935 ] } },
{ "type": "Feature", "properties": { "NO": 107, "ENTIDAD": "HIDALGO", "MUNICIPIO": "Atlapexco", "PUEBLO INDIGENA O AFROMEXICANO": "NAHUA", "LOCALIDAD": "POXTLA ATLAJCO", "CLAVE LOC": 130110057, "TIPO DE ASENTAMIENTO": "COMUNIDAD INDIGENA", "NOMBRE": "POXTLA ATLAJCO", "MONTO ASIGNADO (PESOS)": 159009, "LATITUD": 21.011655, "LONGITUD": -98.431454 }, "geometry": { "type": "Point", "coordinates": [ -98.431454, 21.011655 ] } },
{ "type": "Feature", "properties": { "NO": 108, "ENTIDAD": "HIDALGO", "MUNICIPIO": "Atlapexco", "PUEBLO INDIGENA O AFROMEXICANO": "NAHUA", "LOCALIDAD": "SAN ISIDRO", "CLAVE LOC": 130110029, "TIPO DE ASENTAMIENTO": "COMUNIDAD INDIGENA", "NOMBRE": "SAN ISIDRO", "MONTO ASIGNADO (PESOS)": 500141, "LATITUD": 21.018682, "LONGITUD": -98.431987 }, "geometry": { "type": "Point", "coordinates": [ -98.431987, 21.018682 ] } },
{ "type": "Feature", "properties": { "NO": 109, "ENTIDAD": "HIDALGO", "MUNICIPIO": "Atlapexco", "PUEBLO INDIGENA O AFROMEXICANO": "NAHUA", "LOCALIDAD": "SANTO TOMÁS", "CLAVE LOC": 130110031, "TIPO DE ASENTAMIENTO": "COMUNIDAD INDIGENA", "NOMBRE": "SANTO TOMÁS", "MONTO ASIGNADO (PESOS)": 734568, "LATITUD": 20.981563, "LONGITUD": -98.358976 }, "geometry": { "type": "Point", "coordinates": [ -98.358976, 20.981563 ] } },
{ "type": "Feature", "properties": { "NO": 110, "ENTIDAD": "HIDALGO", "MUNICIPIO": "Atlapexco", "PUEBLO INDIGENA O AFROMEXICANO": "NAHUA", "LOCALIDAD": "TECACAHUACO", "CLAVE LOC": 130110032, "TIPO DE ASENTAMIENTO": "COMUNIDAD INDIGENA", "NOMBRE": "TECACAHUACO", "MONTO ASIGNADO (PESOS)": 1100759, "LATITUD": 20.941486, "LONGITUD": -98.339092 }, "geometry": { "type": "Point", "coordinates": [ -98.339092, 20.941486 ] } },
{ "type": "Feature", "properties": { "NO": 111, "ENTIDAD": "HIDALGO", "MUNICIPIO": "Atlapexco", "PUEBLO INDIGENA O AFROMEXICANO": "NAHUA", "LOCALIDAD": "TECOLOTITLA", "CLAVE LOC": 130110033, "TIPO DE ASENTAMIENTO": "COMUNIDAD INDIGENA", "NOMBRE": "TECOLOTITLA", "MONTO ASIGNADO (PESOS)": 1102136, "LATITUD": 21.006308, "LONGITUD": -98.362381 }, "geometry": { "type": "Point", "coordinates": [ -98.362381, 21.006308 ] } },
{ "type": "Feature", "properties": { "NO": 112, "ENTIDAD": "HIDALGO", "MUNICIPIO": "Atlapexco", "PUEBLO INDIGENA O AFROMEXICANO": "NAHUA", "LOCALIDAD": "TENEXCO I", "CLAVE LOC": 130110035, "TIPO DE ASENTAMIENTO": "COMUNIDAD INDIGENA", "NOMBRE": "TENEXCO I", "MONTO ASIGNADO (PESOS)": 560768, "LATITUD": 21.065015, "LONGITUD": -98.347985 }, "geometry": { "type": "Point", "coordinates": [ -98.347985, 21.065015 ] } },
{ "type": "Feature", "properties": { "NO": 113, "ENTIDAD": "HIDALGO", "MUNICIPIO": "Atlapexco", "PUEBLO INDIGENA O AFROMEXICANO": "NAHUA", "LOCALIDAD": "TENEXCO II", "CLAVE LOC": 130110036, "TIPO DE ASENTAMIENTO": "COMUNIDAD INDIGENA", "NOMBRE": "TENEXCO II", "MONTO ASIGNADO (PESOS)": 518733, "LATITUD": 21.065401, "LONGITUD": -98.350938 }, "geometry": { "type": "Point", "coordinates": [ -98.350938, 21.065401 ] } },
{ "type": "Feature", "properties": { "NO": 114, "ENTIDAD": "HIDALGO", "MUNICIPIO": "Atlapexco", "PUEBLO INDIGENA O AFROMEXICANO": "NAHUA", "LOCALIDAD": "TIERRA PLAYA", "CLAVE LOC": 130110040, "TIPO DE ASENTAMIENTO": "COMUNIDAD INDIGENA", "NOMBRE": "TIERRA PLAYA", "MONTO ASIGNADO (PESOS)": 268947, "LATITUD": 21.008584, "LONGITUD": -98.366564 }, "geometry": { "type": "Point", "coordinates": [ -98.366564, 21.008584 ] } },
{ "type": "Feature", "properties": { "NO": 115, "ENTIDAD": "HIDALGO", "MUNICIPIO": "Atlapexco", "PUEBLO INDIGENA O AFROMEXICANO": "NAHUA", "LOCALIDAD": "TLACHAPA", "CLAVE LOC": 130110037, "TIPO DE ASENTAMIENTO": "COMUNIDAD INDIGENA", "NOMBRE": "TLACHAPA", "MONTO ASIGNADO (PESOS)": 394245, "LATITUD": 20.991887, "LONGITUD": -98.381403 }, "geometry": { "type": "Point", "coordinates": [ -98.381403, 20.991887 ] } },
{ "type": "Feature", "properties": { "NO": 116, "ENTIDAD": "HIDALGO", "MUNICIPIO": "Atlapexco", "PUEBLO INDIGENA O AFROMEXICANO": "NAHUA", "LOCALIDAD": "XANCALTITLA", "CLAVE LOC": 130110039, "TIPO DE ASENTAMIENTO": "COMUNIDAD INDIGENA", "NOMBRE": "XANCALTITLA", "MONTO ASIGNADO (PESOS)": 263289, "LATITUD": 20.978152, "LONGITUD": -98.361958 }, "geometry": { "type": "Point", "coordinates": [ -98.361958, 20.978152 ] } },
{ "type": "Feature", "properties": { "NO": 117, "ENTIDAD": "HIDALGO", "MUNICIPIO": "Atotonilco el Grande", "PUEBLO INDIGENA O AFROMEXICANO": "OTOMÍ", "LOCALIDAD": "SANCTÓRUM", "CLAVE LOC": 130120023, "TIPO DE ASENTAMIENTO": "COMUNIDAD INDIGENA", "NOMBRE": "SANCTÓRUM", "MONTO ASIGNADO (PESOS)": 234996, "LATITUD": 20.299214, "LONGITUD": -98.776213 }, "geometry": { "type": "Point", "coordinates": [ -98.776213, 20.299214 ] } },
{ "type": "Feature", "properties": { "NO": 118, "ENTIDAD": "HIDALGO", "MUNICIPIO": "Calnali", "PUEBLO INDIGENA O AFROMEXICANO": "NAHUA", "LOCALIDAD": "AHUACATLÁN", "CLAVE LOC": 130140003, "TIPO DE ASENTAMIENTO": "COMUNIDAD INDIGENA", "NOMBRE": "AHUACATLÁN", "MONTO ASIGNADO (PESOS)": 748310, "LATITUD": 20.889984, "LONGITUD": -98.645277 }, "geometry": { "type": "Point", "coordinates": [ -98.645277, 20.889984 ] } },
{ "type": "Feature", "properties": { "NO": 119, "ENTIDAD": "HIDALGO", "MUNICIPIO": "Calnali", "PUEBLO INDIGENA O AFROMEXICANO": "NAHUA", "LOCALIDAD": "AHUAMOLOS", "CLAVE LOC": 130140055, "TIPO DE ASENTAMIENTO": "COMUNIDAD INDIGENA", "NOMBRE": "AHUAMOLOS", "MONTO ASIGNADO (PESOS)": 129100, "LATITUD": 20.889232, "LONGITUD": -98.526294 }, "geometry": { "type": "Point", "coordinates": [ -98.526294, 20.889232 ] } },
{ "type": "Feature", "properties": { "NO": 120, "ENTIDAD": "HIDALGO", "MUNICIPIO": "Calnali", "PUEBLO INDIGENA O AFROMEXICANO": "NAHUA", "LOCALIDAD": "ATEMPA", "CLAVE LOC": 130140004, "TIPO DE ASENTAMIENTO": "COMUNIDAD INDIGENA", "NOMBRE": "ATEMPA", "MONTO ASIGNADO (PESOS)": 538943, "LATITUD": 20.883471, "LONGITUD": -98.489782 }, "geometry": { "type": "Point", "coordinates": [ -98.489782, 20.883471 ] } },
{ "type": "Feature", "properties": { "NO": 121, "ENTIDAD": "HIDALGO", "MUNICIPIO": "Calnali", "PUEBLO INDIGENA O AFROMEXICANO": "NAHUA", "LOCALIDAD": "CAMOTLA", "CLAVE LOC": 130140005, "TIPO DE ASENTAMIENTO": "COMUNIDAD INDIGENA", "NOMBRE": "CAMOTLA", "MONTO ASIGNADO (PESOS)": 218020, "LATITUD": 20.897087, "LONGITUD": -98.52227 }, "geometry": { "type": "Point", "coordinates": [ -98.52227, 20.897087 ] } },
{ "type": "Feature", "properties": { "NO": 122, "ENTIDAD": "HIDALGO", "MUNICIPIO": "Calnali", "PUEBLO INDIGENA O AFROMEXICANO": "NAHUA", "LOCALIDAD": "CHIATIPÁN", "CLAVE LOC": 130140008, "TIPO DE ASENTAMIENTO": "COMUNIDAD INDIGENA", "NOMBRE": "CHIATIPÁN", "MONTO ASIGNADO (PESOS)": 155776, "LATITUD": 20.870009, "LONGITUD": -98.444817 }, "geometry": { "type": "Point", "coordinates": [ -98.444817, 20.870009 ] } },
{ "type": "Feature", "properties": { "NO": 123, "ENTIDAD": "HIDALGO", "MUNICIPIO": "Calnali", "PUEBLO INDIGENA O AFROMEXICANO": "NAHUA", "LOCALIDAD": "COAMITLA", "CLAVE LOC": 130140006, "TIPO DE ASENTAMIENTO": "COMUNIDAD INDIGENA", "NOMBRE": "COAMITLA", "MONTO ASIGNADO (PESOS)": 605229, "LATITUD": 20.900328, "LONGITUD": -98.499361 }, "geometry": { "type": "Point", "coordinates": [ -98.499361, 20.900328 ] } },
{ "type": "Feature", "properties": { "NO": 124, "ENTIDAD": "HIDALGO", "MUNICIPIO": "Calnali", "PUEBLO INDIGENA O AFROMEXICANO": "NAHUA", "LOCALIDAD": "COYULA", "CLAVE LOC": 130140007, "TIPO DE ASENTAMIENTO": "COMUNIDAD INDIGENA", "NOMBRE": "COYULA", "MONTO ASIGNADO (PESOS)": 694149, "LATITUD": 20.92616, "LONGITUD": -98.482195 }, "geometry": { "type": "Point", "coordinates": [ -98.482195, 20.92616 ] } },
{ "type": "Feature", "properties": { "NO": 125, "ENTIDAD": "HIDALGO", "MUNICIPIO": "Calnali", "PUEBLO INDIGENA O AFROMEXICANO": "NAHUA", "LOCALIDAD": "EL PLAN", "CLAVE LOC": 130140117, "TIPO DE ASENTAMIENTO": "COMUNIDAD INDIGENA", "NOMBRE": "EL PLAN", "MONTO ASIGNADO (PESOS)": 171943, "LATITUD": 20.896146, "LONGITUD": -98.512017 }, "geometry": { "type": "Point", "coordinates": [ -98.512017, 20.896146 ] } },
{ "type": "Feature", "properties": { "NO": 126, "ENTIDAD": "HIDALGO", "MUNICIPIO": "Calnali", "PUEBLO INDIGENA O AFROMEXICANO": "NAHUA", "LOCALIDAD": "LA CIÉNEGA", "CLAVE LOC": 130140058, "TIPO DE ASENTAMIENTO": "COMUNIDAD INDIGENA", "NOMBRE": "LA CIÉNEGA", "MONTO ASIGNADO (PESOS)": 112277, "LATITUD": 20.901896, "LONGITUD": -98.60546 }, "geometry": { "type": "Point", "coordinates": [ -98.60546, 20.901896 ] } },
{ "type": "Feature", "properties": { "NO": 127, "ENTIDAD": "HIDALGO", "MUNICIPIO": "Calnali", "PUEBLO INDIGENA O AFROMEXICANO": "NAHUA", "LOCALIDAD": "PALZOQUITEMPA", "CLAVE LOC": 130140098, "TIPO DE ASENTAMIENTO": "COMUNIDAD INDIGENA", "NOMBRE": "PALZOQUITEMPA", "MONTO ASIGNADO (PESOS)": 198619, "LATITUD": 20.926671, "LONGITUD": -98.553726 }, "geometry": { "type": "Point", "coordinates": [ -98.553726, 20.926671 ] } },
{ "type": "Feature", "properties": { "NO": 128, "ENTIDAD": "HIDALGO", "MUNICIPIO": "Calnali", "PUEBLO INDIGENA O AFROMEXICANO": "NAHUA", "LOCALIDAD": "PAPATLATLA", "CLAVE LOC": 130140010, "TIPO DE ASENTAMIENTO": "COMUNIDAD INDIGENA", "NOMBRE": "PAPATLATLA", "MONTO ASIGNADO (PESOS)": 2048975, "LATITUD": 20.90138, "LONGITUD": -98.451668 }, "geometry": { "type": "Point", "coordinates": [ -98.451668, 20.90138 ] } },
{ "type": "Feature", "properties": { "NO": 129, "ENTIDAD": "HIDALGO", "MUNICIPIO": "Calnali", "PUEBLO INDIGENA O AFROMEXICANO": "NAHUA", "LOCALIDAD": "PEZMATLÁN", "CLAVE LOC": 130140011, "TIPO DE ASENTAMIENTO": "COMUNIDAD INDIGENA", "NOMBRE": "PEZMATLÁN", "MONTO ASIGNADO (PESOS)": 384544, "LATITUD": 20.894711, "LONGITUD": -98.542418 }, "geometry": { "type": "Point", "coordinates": [ -98.542418, 20.894711 ] } },
{ "type": "Feature", "properties": { "NO": 130, "ENTIDAD": "HIDALGO", "MUNICIPIO": "Calnali", "PUEBLO INDIGENA O AFROMEXICANO": "NAHUA", "LOCALIDAD": "PIEDRAS BLANCAS", "CLAVE LOC": 130140027, "TIPO DE ASENTAMIENTO": "COMUNIDAD INDIGENA", "NOMBRE": "PIEDRAS BLANCAS", "MONTO ASIGNADO (PESOS)": 105657, "LATITUD": 20.906858, "LONGITUD": -98.575699 }, "geometry": { "type": "Point", "coordinates": [ -98.575699, 20.906858 ] } },
{ "type": "Feature", "properties": { "NO": 131, "ENTIDAD": "HIDALGO", "MUNICIPIO": "Calnali", "PUEBLO INDIGENA O AFROMEXICANO": "NAHUA", "LOCALIDAD": "RANCHO NUEVO", "CLAVE LOC": 130140013, "TIPO DE ASENTAMIENTO": "COMUNIDAD INDIGENA", "NOMBRE": "RANCHO NUEVO", "MONTO ASIGNADO (PESOS)": 433046, "LATITUD": 20.921573, "LONGITUD": -98.506445 }, "geometry": { "type": "Point", "coordinates": [ -98.506445, 20.921573 ] } },
{ "type": "Feature", "properties": { "NO": 132, "ENTIDAD": "HIDALGO", "MUNICIPIO": "Calnali", "PUEBLO INDIGENA O AFROMEXICANO": "NAHUA", "LOCALIDAD": "SAN ANDRÉS (SAN ANDRÉS CHICHAYOTLA)", "CLAVE LOC": 130140009, "TIPO DE ASENTAMIENTO": "COMUNIDAD INDIGENA", "NOMBRE": "SAN ANDRÉS (SAN ANDRÉS CHICHAYOTLA)", "MONTO ASIGNADO (PESOS)": 1527099, "LATITUD": 20.926546, "LONGITUD": -98.563036 }, "geometry": { "type": "Point", "coordinates": [ -98.563036, 20.926546 ] } },
{ "type": "Feature", "properties": { "NO": 133, "ENTIDAD": "HIDALGO", "MUNICIPIO": "Calnali", "PUEBLO INDIGENA O AFROMEXICANO": "NAHUA", "LOCALIDAD": "SAN ISIDRO", "CLAVE LOC": 130140109, "TIPO DE ASENTAMIENTO": "COMUNIDAD INDIGENA", "NOMBRE": "SAN ISIDRO", "MONTO ASIGNADO (PESOS)": 177602, "LATITUD": 20.901492, "LONGITUD": -98.585169 }, "geometry": { "type": "Point", "coordinates": [ -98.585169, 20.901492 ] } },
{ "type": "Feature", "properties": { "NO": 134, "ENTIDAD": "HIDALGO", "MUNICIPIO": "Calnali", "PUEBLO INDIGENA O AFROMEXICANO": "NAHUA", "LOCALIDAD": "SANTA LUCÍA (MESA DE SANTA LUCÍA)", "CLAVE LOC": 130140014, "TIPO DE ASENTAMIENTO": "COMUNIDAD INDIGENA", "NOMBRE": "SANTA LUCÍA (MESA DE SANTA LUCÍA)", "MONTO ASIGNADO (PESOS)": 450830, "LATITUD": 20.935415, "LONGITUD": -98.435834 }, "geometry": { "type": "Point", "coordinates": [ -98.435834, 20.935415 ] } },
{ "type": "Feature", "properties": { "NO": 135, "ENTIDAD": "HIDALGO", "MUNICIPIO": "Calnali", "PUEBLO INDIGENA O AFROMEXICANO": "NAHUA", "LOCALIDAD": "TECHICHICO", "CLAVE LOC": 130140017, "TIPO DE ASENTAMIENTO": "COMUNIDAD INDIGENA", "NOMBRE": "TECHICHICO", "MONTO ASIGNADO (PESOS)": 302091, "LATITUD": 20.897612, "LONGITUD": -98.514754 }, "geometry": { "type": "Point", "coordinates": [ -98.514754, 20.897612 ] } },
{ "type": "Feature", "properties": { "NO": 136, "ENTIDAD": "HIDALGO", "MUNICIPIO": "Calnali", "PUEBLO INDIGENA O AFROMEXICANO": "NAHUA", "LOCALIDAD": "TECPACO", "CLAVE LOC": 130140015, "TIPO DE ASENTAMIENTO": "COMUNIDAD INDIGENA", "NOMBRE": "TECPACO", "MONTO ASIGNADO (PESOS)": 562385, "LATITUD": 20.930575, "LONGITUD": -98.591574 }, "geometry": { "type": "Point", "coordinates": [ -98.591574, 20.930575 ] } },
{ "type": "Feature", "properties": { "NO": 137, "ENTIDAD": "HIDALGO", "MUNICIPIO": "Calnali", "PUEBLO INDIGENA O AFROMEXICANO": "NAHUA", "LOCALIDAD": "TECUEYACA", "CLAVE LOC": 130140016, "TIPO DE ASENTAMIENTO": "COMUNIDAD INDIGENA", "NOMBRE": "TECUEYACA", "MONTO ASIGNADO (PESOS)": 476589, "LATITUD": 20.926579, "LONGITUD": -98.613308 }, "geometry": { "type": "Point", "coordinates": [ -98.613308, 20.926579 ] } },
{ "type": "Feature", "properties": { "NO": 138, "ENTIDAD": "HIDALGO", "MUNICIPIO": "Calnali", "PUEBLO INDIGENA O AFROMEXICANO": "NAHUA", "LOCALIDAD": "TLATEXCO", "CLAVE LOC": 130140084, "TIPO DE ASENTAMIENTO": "COMUNIDAD INDIGENA", "NOMBRE": "TLATEXCO", "MONTO ASIGNADO (PESOS)": 171943, "LATITUD": 20.928102, "LONGITUD": -98.511609 }, "geometry": { "type": "Point", "coordinates": [ -98.511609, 20.928102 ] } },
{ "type": "Feature", "properties": { "NO": 139, "ENTIDAD": "HIDALGO", "MUNICIPIO": "Calnali", "PUEBLO INDIGENA O AFROMEXICANO": "NAHUA", "LOCALIDAD": "TOCHINTLÁN", "CLAVE LOC": 130140018, "TIPO DE ASENTAMIENTO": "COMUNIDAD INDIGENA", "NOMBRE": "TOCHINTLÁN", "MONTO ASIGNADO (PESOS)": 267331, "LATITUD": 20.927559, "LONGITUD": -98.520614 }, "geometry": { "type": "Point", "coordinates": [ -98.520614, 20.927559 ] } },
{ "type": "Feature", "properties": { "NO": 140, "ENTIDAD": "HIDALGO", "MUNICIPIO": "Calnali", "PUEBLO INDIGENA O AFROMEXICANO": "NAHUA", "LOCALIDAD": "TOSTLAMANTLA", "CLAVE LOC": 130140019, "TIPO DE ASENTAMIENTO": "COMUNIDAD INDIGENA", "NOMBRE": "TOSTLAMANTLA", "MONTO ASIGNADO (PESOS)": 245505, "LATITUD": 20.917804, "LONGITUD": -98.624165 }, "geometry": { "type": "Point", "coordinates": [ -98.624165, 20.917804 ] } },
{ "type": "Feature", "properties": { "NO": 141, "ENTIDAD": "HIDALGO", "MUNICIPIO": "Calnali", "PUEBLO INDIGENA O AFROMEXICANO": "NAHUA", "LOCALIDAD": "TULA", "CLAVE LOC": 130140020, "TIPO DE ASENTAMIENTO": "COMUNIDAD INDIGENA", "NOMBRE": "TULA", "MONTO ASIGNADO (PESOS)": 357060, "LATITUD": 20.876935, "LONGITUD": -98.540968 }, "geometry": { "type": "Point", "coordinates": [ -98.540968, 20.876935 ] } },
{ "type": "Feature", "properties": { "NO": 142, "ENTIDAD": "HIDALGO", "MUNICIPIO": "Cardonal", "PUEBLO INDIGENA O AFROMEXICANO": "OTOMÍ", "LOCALIDAD": "AGUACATLÁN", "CLAVE LOC": 130150002, "TIPO DE ASENTAMIENTO": "COMUNIDAD INDIGENA", "NOMBRE": "AGUACATLÁN", "MONTO ASIGNADO (PESOS)": 148501, "LATITUD": 20.745212, "LONGITUD": -99.021087 }, "geometry": { "type": "Point", "coordinates": [ -99.021087, 20.745212 ] } },
{ "type": "Feature", "properties": { "NO": 143, "ENTIDAD": "HIDALGO", "MUNICIPIO": "Cardonal", "PUEBLO INDIGENA O AFROMEXICANO": "OTOMÍ", "LOCALIDAD": "BARRIO DE TIXQUI", "CLAVE LOC": 130150030, "TIPO DE ASENTAMIENTO": "COMUNIDAD INDIGENA", "NOMBRE": "BARRIO DE TIXQUI", "MONTO ASIGNADO (PESOS)": 192152, "LATITUD": 20.700665, "LONGITUD": -99.123326 }, "geometry": { "type": "Point", "coordinates": [ -99.123326, 20.700665 ] } },
{ "type": "Feature", "properties": { "NO": 144, "ENTIDAD": "HIDALGO", "MUNICIPIO": "Cardonal", "PUEBLO INDIGENA O AFROMEXICANO": "OTOMÍ", "LOCALIDAD": "CARDONAL", "CLAVE LOC": 130150001, "TIPO DE ASENTAMIENTO": "COMUNIDAD INDIGENA", "NOMBRE": "CARDONAL", "MONTO ASIGNADO (PESOS)": 694958, "LATITUD": 20.613389, "LONGITUD": -99.117068 }, "geometry": { "type": "Point", "coordinates": [ -99.117068, 20.613389 ] } },
{ "type": "Feature", "properties": { "NO": 145, "ENTIDAD": "HIDALGO", "MUNICIPIO": "Cardonal", "PUEBLO INDIGENA O AFROMEXICANO": "OTOMÍ", "LOCALIDAD": "CARDONALITO", "CLAVE LOC": 130150041, "TIPO DE ASENTAMIENTO": "COMUNIDAD INDIGENA", "NOMBRE": "CARDONALITO", "MONTO ASIGNADO (PESOS)": 157393, "LATITUD": 20.645818, "LONGITUD": -99.122721 }, "geometry": { "type": "Point", "coordinates": [ -99.122721, 20.645818 ] } },
{ "type": "Feature", "properties": { "NO": 146, "ENTIDAD": "HIDALGO", "MUNICIPIO": "Cardonal", "PUEBLO INDIGENA O AFROMEXICANO": "OTOMÍ", "LOCALIDAD": "CERRITOS", "CLAVE LOC": 130150008, "TIPO DE ASENTAMIENTO": "COMUNIDAD INDIGENA", "NOMBRE": "CERRITOS", "MONTO ASIGNADO (PESOS)": 265714, "LATITUD": 20.644682, "LONGITUD": -99.143739 }, "geometry": { "type": "Point", "coordinates": [ -99.143739, 20.644682 ] } },
{ "type": "Feature", "properties": { "NO": 147, "ENTIDAD": "HIDALGO", "MUNICIPIO": "Cardonal", "PUEBLO INDIGENA O AFROMEXICANO": "OTOMÍ", "LOCALIDAD": "CERRO BLANCO (EL FRAILE)", "CLAVE LOC": 130150087, "TIPO DE ASENTAMIENTO": "LOCALIDAD CON POBLACION INDIGENA", "NOMBRE": "CERRO BLANCO (EL FRAILE)", "MONTO ASIGNADO (PESOS)": 382119, "LATITUD": 20.597655, "LONGITUD": -99.065016 }, "geometry": { "type": "Point", "coordinates": [ -99.065016, 20.597655 ] } },
{ "type": "Feature", "properties": { "NO": 148, "ENTIDAD": "HIDALGO", "MUNICIPIO": "Cardonal", "PUEBLO INDIGENA O AFROMEXICANO": "OTOMÍ", "LOCALIDAD": "CERRO COLORADO", "CLAVE LOC": 130150009, "TIPO DE ASENTAMIENTO": "COMUNIDAD INDIGENA", "NOMBRE": "CERRO COLORADO", "MONTO ASIGNADO (PESOS)": 433855, "LATITUD": 20.607721, "LONGITUD": -99.134852 }, "geometry": { "type": "Point", "coordinates": [ -99.134852, 20.607721 ] } },
{ "type": "Feature", "properties": { "NO": 149, "ENTIDAD": "HIDALGO", "MUNICIPIO": "Cardonal", "PUEBLO INDIGENA O AFROMEXICANO": "OTOMÍ", "LOCALIDAD": "CIENEGUILLA", "CLAVE LOC": 130150010, "TIPO DE ASENTAMIENTO": "COMUNIDAD INDIGENA", "NOMBRE": "CIENEGUILLA", "MONTO ASIGNADO (PESOS)": 386161, "LATITUD": 20.715658, "LONGITUD": -99.034406 }, "geometry": { "type": "Point", "coordinates": [ -99.034406, 20.715658 ] } },
{ "type": "Feature", "properties": { "NO": 150, "ENTIDAD": "HIDALGO", "MUNICIPIO": "Cardonal", "PUEBLO INDIGENA O AFROMEXICANO": "OTOMÍ", "LOCALIDAD": "CIENEGUILLITA", "CLAVE LOC": 130150046, "TIPO DE ASENTAMIENTO": "COMUNIDAD INDIGENA", "NOMBRE": "CIENEGUILLITA", "MONTO ASIGNADO (PESOS)": 171135, "LATITUD": 20.733447, "LONGITUD": -99.070216 }, "geometry": { "type": "Point", "coordinates": [ -99.070216, 20.733447 ] } },
{ "type": "Feature", "properties": { "NO": 151, "ENTIDAD": "HIDALGO", "MUNICIPIO": "Cardonal", "PUEBLO INDIGENA O AFROMEXICANO": "OTOMÍ", "LOCALIDAD": "CUESTA BLANCA", "CLAVE LOC": 130150064, "TIPO DE ASENTAMIENTO": "COMUNIDAD INDIGENA", "NOMBRE": "CUESTA BLANCA", "MONTO ASIGNADO (PESOS)": 302899, "LATITUD": 20.645119, "LONGITUD": -99.075187 }, "geometry": { "type": "Point", "coordinates": [ -99.075187, 20.645119 ] } },
{ "type": "Feature", "properties": { "NO": 152, "ENTIDAD": "HIDALGO", "MUNICIPIO": "Cardonal", "PUEBLO INDIGENA O AFROMEXICANO": "OTOMÍ", "LOCALIDAD": "DURANGO DABOXTHA", "CLAVE LOC": 130150035, "TIPO DE ASENTAMIENTO": "COMUNIDAD INDIGENA", "NOMBRE": "DURANGO DABOXTHA", "MONTO ASIGNADO (PESOS)": 598762, "LATITUD": 20.544809, "LONGITUD": -99.06885 }, "geometry": { "type": "Point", "coordinates": [ -99.06885, 20.544809 ] } },
{ "type": "Feature", "properties": { "NO": 153, "ENTIDAD": "HIDALGO", "MUNICIPIO": "Cardonal", "PUEBLO INDIGENA O AFROMEXICANO": "OTOMÍ", "LOCALIDAD": "EL ARENALITO (EL ARROYO)", "CLAVE LOC": 130150003, "TIPO DE ASENTAMIENTO": "COMUNIDAD INDIGENA", "NOMBRE": "EL ARENALITO (EL ARROYO)", "MONTO ASIGNADO (PESOS)": 135567, "LATITUD": 20.656119, "LONGITUD": -99.05275 }, "geometry": { "type": "Point", "coordinates": [ -99.05275, 20.656119 ] } },
{ "type": "Feature", "properties": { "NO": 154, "ENTIDAD": "HIDALGO", "MUNICIPIO": "Cardonal", "PUEBLO INDIGENA O AFROMEXICANO": "OTOMÍ", "LOCALIDAD": "EL BINGÚ", "CLAVE LOC": 130150004, "TIPO DE ASENTAMIENTO": "COMUNIDAD INDIGENA", "NOMBRE": "EL BINGÚ", "MONTO ASIGNADO (PESOS)": 945552, "LATITUD": 20.593042, "LONGITUD": -99.142417 }, "geometry": { "type": "Point", "coordinates": [ -99.142417, 20.593042 ] } },
{ "type": "Feature", "properties": { "NO": 155, "ENTIDAD": "HIDALGO", "MUNICIPIO": "Cardonal", "PUEBLO INDIGENA O AFROMEXICANO": "OTOMÍ", "LOCALIDAD": "EL BONDHO", "CLAVE LOC": 130150060, "TIPO DE ASENTAMIENTO": "COMUNIDAD INDIGENA", "NOMBRE": "EL BONDHO", "MONTO ASIGNADO (PESOS)": 381311, "LATITUD": 20.629481, "LONGITUD": -99.096613 }, "geometry": { "type": "Point", "coordinates": [ -99.096613, 20.629481 ] } },
{ "type": "Feature", "properties": { "NO": 156, "ENTIDAD": "HIDALGO", "MUNICIPIO": "Cardonal", "PUEBLO INDIGENA O AFROMEXICANO": "OTOMÍ", "LOCALIDAD": "EL BOTHO", "CLAVE LOC": 130150005, "TIPO DE ASENTAMIENTO": "COMUNIDAD INDIGENA", "NOMBRE": "EL BOTHO", "MONTO ASIGNADO (PESOS)": 322300, "LATITUD": 20.561273, "LONGITUD": -99.131044 }, "geometry": { "type": "Point", "coordinates": [ -99.131044, 20.561273 ] } },
{ "type": "Feature", "properties": { "NO": 157, "ENTIDAD": "HIDALGO", "MUNICIPIO": "Cardonal", "PUEBLO INDIGENA O AFROMEXICANO": "OTOMÍ", "LOCALIDAD": "EL BOXO", "CLAVE LOC": 130150006, "TIPO DE ASENTAMIENTO": "COMUNIDAD INDIGENA", "NOMBRE": "EL BOXO", "MONTO ASIGNADO (PESOS)": 305324, "LATITUD": 20.673664, "LONGITUD": -99.143749 }, "geometry": { "type": "Point", "coordinates": [ -99.143749, 20.673664 ] } },
{ "type": "Feature", "properties": { "NO": 158, "ENTIDAD": "HIDALGO", "MUNICIPIO": "Cardonal", "PUEBLO INDIGENA O AFROMEXICANO": "OTOMÍ", "LOCALIDAD": "EL BUENA", "CLAVE LOC": 130150007, "TIPO DE ASENTAMIENTO": "COMUNIDAD INDIGENA", "NOMBRE": "EL BUENA", "MONTO ASIGNADO (PESOS)": 714358, "LATITUD": 20.634766, "LONGITUD": -99.144171 }, "geometry": { "type": "Point", "coordinates": [ -99.144171, 20.634766 ] } },
{ "type": "Feature", "properties": { "NO": 159, "ENTIDAD": "HIDALGO", "MUNICIPIO": "Cardonal", "PUEBLO INDIGENA O AFROMEXICANO": "OTOMÍ", "LOCALIDAD": "EL CUBO", "CLAVE LOC": 130150011, "TIPO DE ASENTAMIENTO": "COMUNIDAD INDIGENA", "NOMBRE": "EL CUBO", "MONTO ASIGNADO (PESOS)": 135567, "LATITUD": 20.617911, "LONGITUD": -99.044977 }, "geometry": { "type": "Point", "coordinates": [ -99.044977, 20.617911 ] } },
{ "type": "Feature", "properties": { "NO": 160, "ENTIDAD": "HIDALGO", "MUNICIPIO": "Cardonal", "PUEBLO INDIGENA O AFROMEXICANO": "OTOMÍ", "LOCALIDAD": "EL DECA", "CLAVE LOC": 130150012, "TIPO DE ASENTAMIENTO": "COMUNIDAD INDIGENA", "NOMBRE": "EL DECA", "MONTO ASIGNADO (PESOS)": 948785, "LATITUD": 20.614198, "LONGITUD": -99.141168 }, "geometry": { "type": "Point", "coordinates": [ -99.141168, 20.614198 ] } },
{ "type": "Feature", "properties": { "NO": 161, "ENTIDAD": "HIDALGO", "MUNICIPIO": "Cardonal", "PUEBLO INDIGENA O AFROMEXICANO": "OTOMÍ", "LOCALIDAD": "EL GUMBO", "CLAVE LOC": 130150057, "TIPO DE ASENTAMIENTO": "LOCALIDAD CON POBLACION INDIGENA", "NOMBRE": "EL GUMBO", "MONTO ASIGNADO (PESOS)": 164668, "LATITUD": 20.514308, "LONGITUD": -99.030391 }, "geometry": { "type": "Point", "coordinates": [ -99.030391, 20.514308 ] } },
{ "type": "Feature", "properties": { "NO": 162, "ENTIDAD": "HIDALGO", "MUNICIPIO": "Cardonal", "PUEBLO INDIGENA O AFROMEXICANO": "OTOMÍ", "LOCALIDAD": "EL MOLINO", "CLAVE LOC": 130150033, "TIPO DE ASENTAMIENTO": "COMUNIDAD INDIGENA", "NOMBRE": "EL MOLINO", "MONTO ASIGNADO (PESOS)": 180835, "LATITUD": 20.613866, "LONGITUD": -99.090847 }, "geometry": { "type": "Point", "coordinates": [ -99.090847, 20.613866 ] } },
{ "type": "Feature", "properties": { "NO": 163, "ENTIDAD": "HIDALGO", "MUNICIPIO": "Cardonal", "PUEBLO INDIGENA O AFROMEXICANO": "OTOMÍ", "LOCALIDAD": "EL POTRERO", "CLAVE LOC": 130150018, "TIPO DE ASENTAMIENTO": "COMUNIDAD INDIGENA", "NOMBRE": "EL POTRERO", "MONTO ASIGNADO (PESOS)": 294007, "LATITUD": 20.732571, "LONGITUD": -99.110321 }, "geometry": { "type": "Point", "coordinates": [ -99.110321, 20.732571 ] } },
{ "type": "Feature", "properties": { "NO": 164, "ENTIDAD": "HIDALGO", "MUNICIPIO": "Cardonal", "PUEBLO INDIGENA O AFROMEXICANO": "OTOMÍ", "LOCALIDAD": "EL SAUZ (JUXMAYE)", "CLAVE LOC": 130150028, "TIPO DE ASENTAMIENTO": "COMUNIDAD INDIGENA", "NOMBRE": "EL SAUZ (JUXMAYE)", "MONTO ASIGNADO (PESOS)": 492865, "LATITUD": 20.587051, "LONGITUD": -99.084454 }, "geometry": { "type": "Point", "coordinates": [ -99.084454, 20.587051 ] } },
{ "type": "Feature", "properties": { "NO": 165, "ENTIDAD": "HIDALGO", "MUNICIPIO": "Cardonal", "PUEBLO INDIGENA O AFROMEXICANO": "OTOMÍ", "LOCALIDAD": "EL TEDRA", "CLAVE LOC": 130150029, "TIPO DE ASENTAMIENTO": "COMUNIDAD INDIGENA", "NOMBRE": "EL TEDRA", "MONTO ASIGNADO (PESOS)": 105657, "LATITUD": 20.717013, "LONGITUD": -99.079469 }, "geometry": { "type": "Point", "coordinates": [ -99.079469, 20.717013 ] } },
{ "type": "Feature", "properties": { "NO": 166, "ENTIDAD": "HIDALGO", "MUNICIPIO": "Cardonal", "PUEBLO INDIGENA O AFROMEXICANO": "OTOMÍ", "LOCALIDAD": "EL TIXQUI AGUA FRÍA", "CLAVE LOC": 130150078, "TIPO DE ASENTAMIENTO": "COMUNIDAD INDIGENA", "NOMBRE": "EL TIXQUI AGUA FRÍA", "MONTO ASIGNADO (PESOS)": 213170, "LATITUD": 20.710107, "LONGITUD": -99.110549 }, "geometry": { "type": "Point", "coordinates": [ -99.110549, 20.710107 ] } },
{ "type": "Feature", "properties": { "NO": 167, "ENTIDAD": "HIDALGO", "MUNICIPIO": "Cardonal", "PUEBLO INDIGENA O AFROMEXICANO": "OTOMÍ", "LOCALIDAD": "EL VITHE", "CLAVE LOC": 130150031, "TIPO DE ASENTAMIENTO": "COMUNIDAD INDIGENA", "NOMBRE": "EL VITHE", "MONTO ASIGNADO (PESOS)": 365143, "LATITUD": 20.627109, "LONGITUD": -99.12122 }, "geometry": { "type": "Point", "coordinates": [ -99.12122, 20.627109 ] } },
{ "type": "Feature", "properties": { "NO": 168, "ENTIDAD": "HIDALGO", "MUNICIPIO": "Cardonal", "PUEBLO INDIGENA O AFROMEXICANO": "OTOMÍ", "LOCALIDAD": "JONACAPA", "CLAVE LOC": 130150014, "TIPO DE ASENTAMIENTO": "COMUNIDAD INDIGENA", "NOMBRE": "JONACAPA", "MONTO ASIGNADO (PESOS)": 154159, "LATITUD": 20.767152, "LONGITUD": -99.033358 }, "geometry": { "type": "Point", "coordinates": [ -99.033358, 20.767152 ] } },
{ "type": "Feature", "properties": { "NO": 169, "ENTIDAD": "HIDALGO", "MUNICIPIO": "Cardonal", "PUEBLO INDIGENA O AFROMEXICANO": "OTOMÍ", "LOCALIDAD": "LA FLORIDA", "CLAVE LOC": 130150013, "TIPO DE ASENTAMIENTO": "COMUNIDAD INDIGENA", "NOMBRE": "LA FLORIDA", "MONTO ASIGNADO (PESOS)": 183260, "LATITUD": 20.513337, "LONGITUD": -98.999833 }, "geometry": { "type": "Point", "coordinates": [ -98.999833, 20.513337 ] } },
{ "type": "Feature", "properties": { "NO": 170, "ENTIDAD": "HIDALGO", "MUNICIPIO": "Cardonal", "PUEBLO INDIGENA O AFROMEXICANO": "OTOMÍ", "LOCALIDAD": "LA MESA", "CLAVE LOC": 130150015, "TIPO DE ASENTAMIENTO": "COMUNIDAD INDIGENA", "NOMBRE": "LA MESA", "MONTO ASIGNADO (PESOS)": 254397, "LATITUD": 20.660078, "LONGITUD": -99.030597 }, "geometry": { "type": "Point", "coordinates": [ -99.030597, 20.660078 ] } },
{ "type": "Feature", "properties": { "NO": 171, "ENTIDAD": "HIDALGO", "MUNICIPIO": "Cardonal", "PUEBLO INDIGENA O AFROMEXICANO": "OTOMÍ", "LOCALIDAD": "LA PARADA", "CLAVE LOC": 130150095, "TIPO DE ASENTAMIENTO": "LOCALIDAD CON POBLACION INDIGENA", "NOMBRE": "LA PARADA", "MONTO ASIGNADO (PESOS)": 137183, "LATITUD": 20.534352, "LONGITUD": -99.014066 }, "geometry": { "type": "Point", "coordinates": [ -99.014066, 20.534352 ] } },
{ "type": "Feature", "properties": { "NO": 172, "ENTIDAD": "HIDALGO", "MUNICIPIO": "Cardonal", "PUEBLO INDIGENA O AFROMEXICANO": "OTOMÍ", "LOCALIDAD": "LA ROSA", "CLAVE LOC": 130150045, "TIPO DE ASENTAMIENTO": "LOCALIDAD CON POBLACION INDIGENA", "NOMBRE": "LA ROSA", "MONTO ASIGNADO (PESOS)": 206703, "LATITUD": 20.713468, "LONGITUD": -99.123947 }, "geometry": { "type": "Point", "coordinates": [ -99.123947, 20.713468 ] } },
{ "type": "Feature", "properties": { "NO": 173, "ENTIDAD": "HIDALGO", "MUNICIPIO": "Cardonal", "PUEBLO INDIGENA O AFROMEXICANO": "OTOMÍ", "LOCALIDAD": "LA UNIÓN", "CLAVE LOC": 130150079, "TIPO DE ASENTAMIENTO": "COMUNIDAD INDIGENA", "NOMBRE": "LA UNIÓN", "MONTO ASIGNADO (PESOS)": 146884, "LATITUD": 20.732198, "LONGITUD": -99.102453 }, "geometry": { "type": "Point", "coordinates": [ -99.102453, 20.732198 ] } },
{ "type": "Feature", "properties": { "NO": 174, "ENTIDAD": "HIDALGO", "MUNICIPIO": "Cardonal", "PUEBLO INDIGENA O AFROMEXICANO": "OTOMÍ", "LOCALIDAD": "LA VEGA", "CLAVE LOC": 130150038, "TIPO DE ASENTAMIENTO": "COMUNIDAD INDIGENA", "NOMBRE": "LA VEGA", "MONTO ASIGNADO (PESOS)": 521967, "LATITUD": 20.594065, "LONGITUD": -99.127024 }, "geometry": { "type": "Point", "coordinates": [ -99.127024, 20.594065 ] } },
{ "type": "Feature", "properties": { "NO": 175, "ENTIDAD": "HIDALGO", "MUNICIPIO": "Cardonal", "PUEBLO INDIGENA O AFROMEXICANO": "OTOMÍ", "LOCALIDAD": "LOS FRESNOS", "CLAVE LOC": 130150070, "TIPO DE ASENTAMIENTO": "COMUNIDAD INDIGENA", "NOMBRE": "LOS FRESNOS", "MONTO ASIGNADO (PESOS)": 172752, "LATITUD": 20.721666, "LONGITUD": -99.058333 }, "geometry": { "type": "Point", "coordinates": [ -99.058333, 20.721666 ] } },
{ "type": "Feature", "properties": { "NO": 176, "ENTIDAD": "HIDALGO", "MUNICIPIO": "Cardonal", "PUEBLO INDIGENA O AFROMEXICANO": "OTOMÍ", "LOCALIDAD": "LOS LIRIOS", "CLAVE LOC": 130150090, "TIPO DE ASENTAMIENTO": "COMUNIDAD INDIGENA", "NOMBRE": "LOS LIRIOS", "MONTO ASIGNADO (PESOS)": 138658, "LATITUD": 20.731692, "LONGITUD": -99.083889 }, "geometry": { "type": "Point", "coordinates": [ -99.083889, 20.731692 ] } },
{ "type": "Feature", "properties": { "NO": 177, "ENTIDAD": "HIDALGO", "MUNICIPIO": "Cardonal", "PUEBLO INDIGENA O AFROMEXICANO": "OTOMÍ", "LOCALIDAD": "LOS REYES", "CLAVE LOC": 130150068, "TIPO DE ASENTAMIENTO": "COMUNIDAD INDIGENA", "NOMBRE": "LOS REYES", "MONTO ASIGNADO (PESOS)": 358676, "LATITUD": 20.552096, "LONGITUD": -99.125869 }, "geometry": { "type": "Point", "coordinates": [ -99.125869, 20.552096 ] } },
{ "type": "Feature", "properties": { "NO": 178, "ENTIDAD": "HIDALGO", "MUNICIPIO": "Cardonal", "PUEBLO INDIGENA O AFROMEXICANO": "OTOMÍ", "LOCALIDAD": "LOS VARGAS", "CLAVE LOC": 130150104, "TIPO DE ASENTAMIENTO": "LOCALIDAD CON POBLACION INDIGENA", "NOMBRE": "LOS VARGAS", "MONTO ASIGNADO (PESOS)": 169518, "LATITUD": 20.502281, "LONGITUD": -98.988521 }, "geometry": { "type": "Point", "coordinates": [ -98.988521, 20.502281 ] } },
{ "type": "Feature", "properties": { "NO": 179, "ENTIDAD": "HIDALGO", "MUNICIPIO": "Cardonal", "PUEBLO INDIGENA O AFROMEXICANO": "OTOMÍ", "LOCALIDAD": "LUIS DONALDO COLOSIO", "CLAVE LOC": 130150116, "TIPO DE ASENTAMIENTO": "COMUNIDAD INDIGENA", "NOMBRE": "LUIS DONALDO COLOSIO", "MONTO ASIGNADO (PESOS)": 116974, "LATITUD": 20.648217, "LONGITUD": -99.139032 }, "geometry": { "type": "Point", "coordinates": [ -99.139032, 20.648217 ] } },
{ "type": "Feature", "properties": { "NO": 180, "ENTIDAD": "HIDALGO", "MUNICIPIO": "Cardonal", "PUEBLO INDIGENA O AFROMEXICANO": "OTOMÍ", "LOCALIDAD": "MANZANA DEL CUBO", "CLAVE LOC": 130150092, "TIPO DE ASENTAMIENTO": "LOCALIDAD CON POBLACION INDIGENA", "NOMBRE": "MANZANA DEL CUBO", "MONTO ASIGNADO (PESOS)": 205086, "LATITUD": 20.618976, "LONGITUD": -99.07631 }, "geometry": { "type": "Point", "coordinates": [ -99.07631, 20.618976 ] } },
{ "type": "Feature", "properties": { "NO": 181, "ENTIDAD": "HIDALGO", "MUNICIPIO": "Cardonal", "PUEBLO INDIGENA O AFROMEXICANO": "OTOMÍ", "LOCALIDAD": "MANZANA DEL PIÑÓN", "CLAVE LOC": 130150093, "TIPO DE ASENTAMIENTO": "LOCALIDAD CON POBLACION INDIGENA", "NOMBRE": "MANZANA DEL PIÑÓN", "MONTO ASIGNADO (PESOS)": 188919, "LATITUD": 20.646091, "LONGITUD": -99.087651 }, "geometry": { "type": "Point", "coordinates": [ -99.087651, 20.646091 ] } },
{ "type": "Feature", "properties": { "NO": 182, "ENTIDAD": "HIDALGO", "MUNICIPIO": "Cardonal", "PUEBLO INDIGENA O AFROMEXICANO": "OTOMÍ", "LOCALIDAD": "MOXTHE", "CLAVE LOC": 130150016, "TIPO DE ASENTAMIENTO": "COMUNIDAD INDIGENA", "NOMBRE": "MOXTHE", "MONTO ASIGNADO (PESOS)": 153351, "LATITUD": 20.697645, "LONGITUD": -99.034569 }, "geometry": { "type": "Point", "coordinates": [ -99.034569, 20.697645 ] } },
{ "type": "Feature", "properties": { "NO": 183, "ENTIDAD": "HIDALGO", "MUNICIPIO": "Cardonal", "PUEBLO INDIGENA O AFROMEXICANO": "OTOMÍ", "LOCALIDAD": "NOGAL", "CLAVE LOC": 130150074, "TIPO DE ASENTAMIENTO": "COMUNIDAD INDIGENA", "NOMBRE": "NOGAL", "MONTO ASIGNADO (PESOS)": 156584, "LATITUD": 20.681742, "LONGITUD": -99.119525 }, "geometry": { "type": "Point", "coordinates": [ -99.119525, 20.681742 ] } },
{ "type": "Feature", "properties": { "NO": 184, "ENTIDAD": "HIDALGO", "MUNICIPIO": "Cardonal", "PUEBLO INDIGENA O AFROMEXICANO": "OTOMÍ", "LOCALIDAD": "PALACIOS", "CLAVE LOC": 130150115, "TIPO DE ASENTAMIENTO": "COMUNIDAD INDIGENA", "NOMBRE": "PALACIOS", "MONTO ASIGNADO (PESOS)": 190536, "LATITUD": 20.651649, "LONGITUD": -99.168002 }, "geometry": { "type": "Point", "coordinates": [ -99.168002, 20.651649 ] } },
{ "type": "Feature", "properties": { "NO": 185, "ENTIDAD": "HIDALGO", "MUNICIPIO": "Cardonal", "PUEBLO INDIGENA O AFROMEXICANO": "OTOMÍ", "LOCALIDAD": "PIEDRA CHICA", "CLAVE LOC": 130150017, "TIPO DE ASENTAMIENTO": "COMUNIDAD INDIGENA", "NOMBRE": "PIEDRA CHICA", "MONTO ASIGNADO (PESOS)": 243888, "LATITUD": 20.645354, "LONGITUD": -99.132232 }, "geometry": { "type": "Point", "coordinates": [ -99.132232, 20.645354 ] } },
{ "type": "Feature", "properties": { "NO": 186, "ENTIDAD": "HIDALGO", "MUNICIPIO": "Cardonal", "PUEBLO INDIGENA O AFROMEXICANO": "OTOMÍ", "LOCALIDAD": "PILAS YONTHÉ", "CLAVE LOC": 130150032, "TIPO DE ASENTAMIENTO": "COMUNIDAD INDIGENA", "NOMBRE": "PILAS YONTHÉ", "MONTO ASIGNADO (PESOS)": 154967, "LATITUD": 20.675849, "LONGITUD": -99.131899 }, "geometry": { "type": "Point", "coordinates": [ -99.131899, 20.675849 ] } },
{ "type": "Feature", "properties": { "NO": 187, "ENTIDAD": "HIDALGO", "MUNICIPIO": "Cardonal", "PUEBLO INDIGENA O AFROMEXICANO": "OTOMÍ", "LOCALIDAD": "PINALITO", "CLAVE LOC": 130150061, "TIPO DE ASENTAMIENTO": "COMUNIDAD INDIGENA", "NOMBRE": "PINALITO", "MONTO ASIGNADO (PESOS)": 196194, "LATITUD": 20.65586, "LONGITUD": -99.095444 }, "geometry": { "type": "Point", "coordinates": [ -99.095444, 20.65586 ] } },
{ "type": "Feature", "properties": { "NO": 188, "ENTIDAD": "HIDALGO", "MUNICIPIO": "Cardonal", "PUEBLO INDIGENA O AFROMEXICANO": "OTOMÍ", "LOCALIDAD": "POZUELOS", "CLAVE LOC": 130150019, "TIPO DE ASENTAMIENTO": "COMUNIDAD INDIGENA", "NOMBRE": "POZUELOS", "MONTO ASIGNADO (PESOS)": 993246, "LATITUD": 20.493072, "LONGITUD": -99.05954 }, "geometry": { "type": "Point", "coordinates": [ -99.05954, 20.493072 ] } },
{ "type": "Feature", "properties": { "NO": 189, "ENTIDAD": "HIDALGO", "MUNICIPIO": "Cardonal", "PUEBLO INDIGENA O AFROMEXICANO": "OTOMÍ", "LOCALIDAD": "SAN ANDRÉS DABOXTHA", "CLAVE LOC": 130150020, "TIPO DE ASENTAMIENTO": "COMUNIDAD INDIGENA", "NOMBRE": "SAN ANDRÉS DABOXTHA", "MONTO ASIGNADO (PESOS)": 938277, "LATITUD": 20.524035, "LONGITUD": -99.065659 }, "geometry": { "type": "Point", "coordinates": [ -99.065659, 20.524035 ] } },
{ "type": "Feature", "properties": { "NO": 190, "ENTIDAD": "HIDALGO", "MUNICIPIO": "Cardonal", "PUEBLO INDIGENA O AFROMEXICANO": "OTOMÍ", "LOCALIDAD": "SAN ANTONIO SABANILLAS", "CLAVE LOC": 130150021, "TIPO DE ASENTAMIENTO": "COMUNIDAD INDIGENA", "NOMBRE": "SAN ANTONIO SABANILLAS", "MONTO ASIGNADO (PESOS)": 514691, "LATITUD": 20.578821, "LONGITUD": -99.134425 }, "geometry": { "type": "Point", "coordinates": [ -99.134425, 20.578821 ] } },
{ "type": "Feature", "properties": { "NO": 191, "ENTIDAD": "HIDALGO", "MUNICIPIO": "Cardonal", "PUEBLO INDIGENA O AFROMEXICANO": "OTOMÍ", "LOCALIDAD": "SAN CLEMENTE", "CLAVE LOC": 130150022, "TIPO DE ASENTAMIENTO": "COMUNIDAD INDIGENA", "NOMBRE": "SAN CLEMENTE", "MONTO ASIGNADO (PESOS)": 301282, "LATITUD": 20.660554, "LONGITUD": -99.172642 }, "geometry": { "type": "Point", "coordinates": [ -99.172642, 20.660554 ] } },
{ "type": "Feature", "properties": { "NO": 192, "ENTIDAD": "HIDALGO", "MUNICIPIO": "Cardonal", "PUEBLO INDIGENA O AFROMEXICANO": "OTOMÍ", "LOCALIDAD": "SAN CRISTÓBAL", "CLAVE LOC": 130150023, "TIPO DE ASENTAMIENTO": "COMUNIDAD INDIGENA", "NOMBRE": "SAN CRISTÓBAL", "MONTO ASIGNADO (PESOS)": 386969, "LATITUD": 20.597886, "LONGITUD": -98.999744 }, "geometry": { "type": "Point", "coordinates": [ -98.999744, 20.597886 ] } },
{ "type": "Feature", "properties": { "NO": 193, "ENTIDAD": "HIDALGO", "MUNICIPIO": "Cardonal", "PUEBLO INDIGENA O AFROMEXICANO": "OTOMÍ", "LOCALIDAD": "SAN MIGUEL JIGUI", "CLAVE LOC": 130150025, "TIPO DE ASENTAMIENTO": "COMUNIDAD INDIGENA", "NOMBRE": "SAN MIGUEL JIGUI", "MONTO ASIGNADO (PESOS)": 471040, "LATITUD": 20.635501, "LONGITUD": -99.157312 }, "geometry": { "type": "Point", "coordinates": [ -99.157312, 20.635501 ] } },
{ "type": "Feature", "properties": { "NO": 194, "ENTIDAD": "HIDALGO", "MUNICIPIO": "Cardonal", "PUEBLO INDIGENA O AFROMEXICANO": "OTOMÍ", "LOCALIDAD": "SAN MIGUEL TLAZINTLA", "CLAVE LOC": 130150024, "TIPO DE ASENTAMIENTO": "COMUNIDAD INDIGENA", "NOMBRE": "SAN MIGUEL TLAZINTLA", "MONTO ASIGNADO (PESOS)": 304516, "LATITUD": 20.633718, "LONGITUD": -99.083363 }, "geometry": { "type": "Point", "coordinates": [ -99.083363, 20.633718 ] } },
{ "type": "Feature", "properties": { "NO": 195, "ENTIDAD": "HIDALGO", "MUNICIPIO": "Cardonal", "PUEBLO INDIGENA O AFROMEXICANO": "OTOMÍ", "LOCALIDAD": "SANTA TERESA DABOXTHA", "CLAVE LOC": 130150026, "TIPO DE ASENTAMIENTO": "COMUNIDAD INDIGENA", "NOMBRE": "SANTA TERESA DABOXTHA", "MONTO ASIGNADO (PESOS)": 542176, "LATITUD": 20.560372, "LONGITUD": -99.06902 }, "geometry": { "type": "Point", "coordinates": [ -99.06902, 20.560372 ] } },
{ "type": "Feature", "properties": { "NO": 196, "ENTIDAD": "HIDALGO", "MUNICIPIO": "Cardonal", "PUEBLO INDIGENA O AFROMEXICANO": "OTOMÍ", "LOCALIDAD": "SANTUARIO (SANTUARIO MAPETHÉ)", "CLAVE LOC": 130150027, "TIPO DE ASENTAMIENTO": "COMUNIDAD INDIGENA", "NOMBRE": "SANTUARIO (SANTUARIO MAPETHÉ)", "MONTO ASIGNADO (PESOS)": 766902, "LATITUD": 20.662453, "LONGITUD": -99.136744 }, "geometry": { "type": "Point", "coordinates": [ -99.136744, 20.662453 ] } },
{ "type": "Feature", "properties": { "NO": 197, "ENTIDAD": "HIDALGO", "MUNICIPIO": "Cardonal", "PUEBLO INDIGENA O AFROMEXICANO": "OTOMÍ", "LOCALIDAD": "TEPOZÁN", "CLAVE LOC": 130150077, "TIPO DE ASENTAMIENTO": "COMUNIDAD INDIGENA", "NOMBRE": "TEPOZÁN", "MONTO ASIGNADO (PESOS)": 137183, "LATITUD": 20.711964, "LONGITUD": -99.055116 }, "geometry": { "type": "Point", "coordinates": [ -99.055116, 20.711964 ] } },
{ "type": "Feature", "properties": { "NO": 198, "ENTIDAD": "HIDALGO", "MUNICIPIO": "Chapulhuacán", "PUEBLO INDIGENA O AFROMEXICANO": "NAHUA", "LOCALIDAD": "AHUAYO", "CLAVE LOC": 130180122, "TIPO DE ASENTAMIENTO": "COMUNIDAD INDIGENA", "NOMBRE": "AHUAYO", "MONTO ASIGNADO (PESOS)": 373577, "LATITUD": 21.172339, "LONGITUD": -98.856228 }, "geometry": { "type": "Point", "coordinates": [ -98.856228, 21.172339 ] } },
{ "type": "Feature", "properties": { "NO": 199, "ENTIDAD": "HIDALGO", "MUNICIPIO": "Chapulhuacán", "PUEBLO INDIGENA O AFROMEXICANO": "NAHUA", "LOCALIDAD": "AMIXCO", "CLAVE LOC": 130180002, "TIPO DE ASENTAMIENTO": "COMUNIDAD INDIGENA", "NOMBRE": "AMIXCO", "MONTO ASIGNADO (PESOS)": 112932, "LATITUD": 21.127892, "LONGITUD": -98.880906 }, "geometry": { "type": "Point", "coordinates": [ -98.880906, 21.127892 ] } },
{ "type": "Feature", "properties": { "NO": 200, "ENTIDAD": "HIDALGO", "MUNICIPIO": "Chapulhuacán", "PUEBLO INDIGENA O AFROMEXICANO": "NAHUA", "LOCALIDAD": "ARROYO BLANCO", "CLAVE LOC": 130180004, "TIPO DE ASENTAMIENTO": "COMUNIDAD INDIGENA", "NOMBRE": "ARROYO BLANCO", "MONTO ASIGNADO (PESOS)": 323108, "LATITUD": 21.164876, "LONGITUD": -98.996722 }, "geometry": { "type": "Point", "coordinates": [ -98.996722, 21.164876 ] } },
{ "type": "Feature", "properties": { "NO": 201, "ENTIDAD": "HIDALGO", "MUNICIPIO": "Chapulhuacán", "PUEBLO INDIGENA O AFROMEXICANO": "NAHUA", "LOCALIDAD": "BARRIO ARRIBA OJO DE AGUA", "CLAVE LOC": 130180106, "TIPO DE ASENTAMIENTO": "COMUNIDAD INDIGENA", "NOMBRE": "BARRIO ARRIBA OJO DE AGUA", "MONTO ASIGNADO (PESOS)": 226912, "LATITUD": 21.108611, "LONGITUD": -98.98605 }, "geometry": { "type": "Point", "coordinates": [ -98.98605, 21.108611 ] } },
{ "type": "Feature", "properties": { "NO": 202, "ENTIDAD": "HIDALGO", "MUNICIPIO": "Chapulhuacán", "PUEBLO INDIGENA O AFROMEXICANO": "NAHUA", "LOCALIDAD": "CAHUAZAS (HACIENDA DE CAHUAZAS)", "CLAVE LOC": 130180008, "TIPO DE ASENTAMIENTO": "COMUNIDAD INDIGENA", "NOMBRE": "CAHUAZAS (HACIENDA DE CAHUAZAS)", "MONTO ASIGNADO (PESOS)": 725676, "LATITUD": 21.138914, "LONGITUD": -98.850831 }, "geometry": { "type": "Point", "coordinates": [ -98.850831, 21.138914 ] } },
{ "type": "Feature", "properties": { "NO": 203, "ENTIDAD": "HIDALGO", "MUNICIPIO": "Chapulhuacán", "PUEBLO INDIGENA O AFROMEXICANO": "NAHUA", "LOCALIDAD": "CARRIZAL DE TENANGO", "CLAVE LOC": 130180012, "TIPO DE ASENTAMIENTO": "COMUNIDAD INDIGENA", "NOMBRE": "CARRIZAL DE TENANGO", "MONTO ASIGNADO (PESOS)": 177602, "LATITUD": 21.164127, "LONGITUD": -98.863134 }, "geometry": { "type": "Point", "coordinates": [ -98.863134, 21.164127 ] } },
{ "type": "Feature", "properties": { "NO": 204, "ENTIDAD": "HIDALGO", "MUNICIPIO": "Chapulhuacán", "PUEBLO INDIGENA O AFROMEXICANO": "NAHUA", "LOCALIDAD": "CARRIZAL DEL SÓTANO", "CLAVE LOC": 130180011, "TIPO DE ASENTAMIENTO": "COMUNIDAD INDIGENA", "NOMBRE": "CARRIZAL DEL SÓTANO", "MONTO ASIGNADO (PESOS)": 198619, "LATITUD": 21.189552, "LONGITUD": -98.901131 }, "geometry": { "type": "Point", "coordinates": [ -98.901131, 21.189552 ] } },
{ "type": "Feature", "properties": { "NO": 205, "ENTIDAD": "HIDALGO", "MUNICIPIO": "Chapulhuacán", "PUEBLO INDIGENA O AFROMEXICANO": "NAHUA", "LOCALIDAD": "CHAPULHUACÁN", "CLAVE LOC": 130180001, "TIPO DE ASENTAMIENTO": "COMUNIDAD INDIGENA", "NOMBRE": "CHAPULHUACÁN", "MONTO ASIGNADO (PESOS)": 690437, "LATITUD": 21.159418, "LONGITUD": -98.904588 }, "geometry": { "type": "Point", "coordinates": [ -98.904588, 21.159418 ] } },
{ "type": "Feature", "properties": { "NO": 206, "ENTIDAD": "HIDALGO", "MUNICIPIO": "Chapulhuacán", "PUEBLO INDIGENA O AFROMEXICANO": "NAHUA", "LOCALIDAD": "EL ÁLAMO", "CLAVE LOC": 130180070, "TIPO DE ASENTAMIENTO": "COMUNIDAD INDIGENA", "NOMBRE": "EL ÁLAMO", "MONTO ASIGNADO (PESOS)": 143650, "LATITUD": 21.142513, "LONGITUD": -98.888096 }, "geometry": { "type": "Point", "coordinates": [ -98.888096, 21.142513 ] } },
{ "type": "Feature", "properties": { "NO": 207, "ENTIDAD": "HIDALGO", "MUNICIPIO": "Chapulhuacán", "PUEBLO INDIGENA O AFROMEXICANO": "NAHUA", "LOCALIDAD": "EL BANCO", "CLAVE LOC": 130180005, "TIPO DE ASENTAMIENTO": "COMUNIDAD INDIGENA", "NOMBRE": "EL BANCO", "MONTO ASIGNADO (PESOS)": 302091, "LATITUD": 21.15992, "LONGITUD": -98.939954 }, "geometry": { "type": "Point", "coordinates": [ -98.939954, 21.15992 ] } },
{ "type": "Feature", "properties": { "NO": 208, "ENTIDAD": "HIDALGO", "MUNICIPIO": "Chapulhuacán", "PUEBLO INDIGENA O AFROMEXICANO": "NAHUA", "LOCALIDAD": "EL BARRIO (BARRIO DEL CARMEN)", "CLAVE LOC": 130180006, "TIPO DE ASENTAMIENTO": "COMUNIDAD INDIGENA", "NOMBRE": "EL BARRIO (BARRIO DEL CARMEN)", "MONTO ASIGNADO (PESOS)": 488824, "LATITUD": 21.160061, "LONGITUD": -98.934624 }, "geometry": { "type": "Point", "coordinates": [ -98.934624, 21.160061 ] } },
{ "type": "Feature", "properties": { "NO": 209, "ENTIDAD": "HIDALGO", "MUNICIPIO": "Chapulhuacán", "PUEBLO INDIGENA O AFROMEXICANO": "NAHUA", "LOCALIDAD": "EL CAPULÍN", "CLAVE LOC": 130180010, "TIPO DE ASENTAMIENTO": "COMUNIDAD INDIGENA", "NOMBRE": "EL CAPULÍN", "MONTO ASIGNADO (PESOS)": 279456, "LATITUD": 21.17023, "LONGITUD": -98.970015 }, "geometry": { "type": "Point", "coordinates": [ -98.970015, 21.17023 ] } },
{ "type": "Feature", "properties": { "NO": 210, "ENTIDAD": "HIDALGO", "MUNICIPIO": "Chapulhuacán", "PUEBLO INDIGENA O AFROMEXICANO": "NAHUA", "LOCALIDAD": "EL HUALUL", "CLAVE LOC": 130180076, "TIPO DE ASENTAMIENTO": "COMUNIDAD INDIGENA", "NOMBRE": "EL HUALUL", "MONTO ASIGNADO (PESOS)": 154989, "LATITUD": 21.101764, "LONGITUD": -99.021327 }, "geometry": { "type": "Point", "coordinates": [ -99.021327, 21.101764 ] } },
{ "type": "Feature", "properties": { "NO": 211, "ENTIDAD": "HIDALGO", "MUNICIPIO": "Chapulhuacán", "PUEBLO INDIGENA O AFROMEXICANO": "NAHUA", "LOCALIDAD": "EL LIMONCITO", "CLAVE LOC": 130180109, "TIPO DE ASENTAMIENTO": "COMUNIDAD INDIGENA", "NOMBRE": "EL LIMONCITO", "MONTO ASIGNADO (PESOS)": 153351, "LATITUD": 21.140131, "LONGITUD": -98.891456 }, "geometry": { "type": "Point", "coordinates": [ -98.891456, 21.140131 ] } },
{ "type": "Feature", "properties": { "NO": 212, "ENTIDAD": "HIDALGO", "MUNICIPIO": "Chapulhuacán", "PUEBLO INDIGENA O AFROMEXICANO": "NAHUA", "LOCALIDAD": "EL PESCADO", "CLAVE LOC": 130180028, "TIPO DE ASENTAMIENTO": "COMUNIDAD INDIGENA", "NOMBRE": "EL PESCADO", "MONTO ASIGNADO (PESOS)": 169518, "LATITUD": 21.129316, "LONGITUD": -98.888926 }, "geometry": { "type": "Point", "coordinates": [ -98.888926, 21.129316 ] } },
{ "type": "Feature", "properties": { "NO": 213, "ENTIDAD": "HIDALGO", "MUNICIPIO": "Chapulhuacán", "PUEBLO INDIGENA O AFROMEXICANO": "NAHUA", "LOCALIDAD": "EL SABINO", "CLAVE LOC": 130180033, "TIPO DE ASENTAMIENTO": "COMUNIDAD INDIGENA", "NOMBRE": "EL SABINO", "MONTO ASIGNADO (PESOS)": 129908, "LATITUD": 21.163203, "LONGITUD": -98.884692 }, "geometry": { "type": "Point", "coordinates": [ -98.884692, 21.163203 ] } },
{ "type": "Feature", "properties": { "NO": 214, "ENTIDAD": "HIDALGO", "MUNICIPIO": "Chapulhuacán", "PUEBLO INDIGENA O AFROMEXICANO": "NAHUA", "LOCALIDAD": "EL SÓTANO", "CLAVE LOC": 130180042, "TIPO DE ASENTAMIENTO": "COMUNIDAD INDIGENA", "NOMBRE": "EL SÓTANO", "MONTO ASIGNADO (PESOS)": 314216, "LATITUD": 21.18981, "LONGITUD": -98.894026 }, "geometry": { "type": "Point", "coordinates": [ -98.894026, 21.18981 ] } },
{ "type": "Feature", "properties": { "NO": 215, "ENTIDAD": "HIDALGO", "MUNICIPIO": "Chapulhuacán", "PUEBLO INDIGENA O AFROMEXICANO": "NAHUA", "LOCALIDAD": "EL ZACATAL", "CLAVE LOC": 130180047, "TIPO DE ASENTAMIENTO": "COMUNIDAD INDIGENA", "NOMBRE": "EL ZACATAL", "MONTO ASIGNADO (PESOS)": 350353, "LATITUD": 21.197747, "LONGITUD": -98.925592 }, "geometry": { "type": "Point", "coordinates": [ -98.925592, 21.197747 ] } },
{ "type": "Feature", "properties": { "NO": 216, "ENTIDAD": "HIDALGO", "MUNICIPIO": "Chapulhuacán", "PUEBLO INDIGENA O AFROMEXICANO": "NAHUA", "LOCALIDAD": "ESCUAYO", "CLAVE LOC": 130180108, "TIPO DE ASENTAMIENTO": "LOCALIDAD CON POBLACION INDIGENA", "NOMBRE": "ESCUAYO", "MONTO ASIGNADO (PESOS)": 128291, "LATITUD": 21.168735, "LONGITUD": -98.854833 }, "geometry": { "type": "Point", "coordinates": [ -98.854833, 21.168735 ] } },
{ "type": "Feature", "properties": { "NO": 217, "ENTIDAD": "HIDALGO", "MUNICIPIO": "Chapulhuacán", "PUEBLO INDIGENA O AFROMEXICANO": "NAHUA", "LOCALIDAD": "IGLESIA VIEJA (IGLESIA NUEVA)", "CLAVE LOC": 130180018, "TIPO DE ASENTAMIENTO": "COMUNIDAD INDIGENA", "NOMBRE": "IGLESIA VIEJA (IGLESIA NUEVA)", "MONTO ASIGNADO (PESOS)": 703041, "LATITUD": 21.10713, "LONGITUD": -98.968272 }, "geometry": { "type": "Point", "coordinates": [ -98.968272, 21.10713 ] } },
{ "type": "Feature", "properties": { "NO": 218, "ENTIDAD": "HIDALGO", "MUNICIPIO": "Chapulhuacán", "PUEBLO INDIGENA O AFROMEXICANO": "NAHUA", "LOCALIDAD": "LA CEIBA", "CLAVE LOC": 130180049, "TIPO DE ASENTAMIENTO": "COMUNIDAD INDIGENA", "NOMBRE": "LA CEIBA", "MONTO ASIGNADO (PESOS)": 171135, "LATITUD": 21.181967, "LONGITUD": -98.94125 }, "geometry": { "type": "Point", "coordinates": [ -98.94125, 21.181967 ] } },
{ "type": "Feature", "properties": { "NO": 219, "ENTIDAD": "HIDALGO", "MUNICIPIO": "Chapulhuacán", "PUEBLO INDIGENA O AFROMEXICANO": "NAHUA", "LOCALIDAD": "LA ESCONDIDA", "CLAVE LOC": 130180061, "TIPO DE ASENTAMIENTO": "COMUNIDAD INDIGENA", "NOMBRE": "LA ESCONDIDA", "MONTO ASIGNADO (PESOS)": 284306, "LATITUD": 21.124913, "LONGITUD": -98.909548 }, "geometry": { "type": "Point", "coordinates": [ -98.909548, 21.124913 ] } },
{ "type": "Feature", "properties": { "NO": 220, "ENTIDAD": "HIDALGO", "MUNICIPIO": "Chapulhuacán", "PUEBLO INDIGENA O AFROMEXICANO": "NAHUA", "LOCALIDAD": "LA ESTANCIA", "CLAVE LOC": 130180058, "TIPO DE ASENTAMIENTO": "COMUNIDAD INDIGENA", "NOMBRE": "LA ESTANCIA", "MONTO ASIGNADO (PESOS)": 215595, "LATITUD": 21.178945, "LONGITUD": -98.992848 }, "geometry": { "type": "Point", "coordinates": [ -98.992848, 21.178945 ] } },
{ "type": "Feature", "properties": { "NO": 221, "ENTIDAD": "HIDALGO", "MUNICIPIO": "Chapulhuacán", "PUEBLO INDIGENA O AFROMEXICANO": "NAHUA", "LOCALIDAD": "LA GOLONDRINA", "CLAVE LOC": 130180096, "TIPO DE ASENTAMIENTO": "COMUNIDAD INDIGENA", "NOMBRE": "LA GOLONDRINA", "MONTO ASIGNADO (PESOS)": 113533, "LATITUD": 21.14903, "LONGITUD": -98.886152 }, "geometry": { "type": "Point", "coordinates": [ -98.886152, 21.14903 ] } },
{ "type": "Feature", "properties": { "NO": 222, "ENTIDAD": "HIDALGO", "MUNICIPIO": "Chapulhuacán", "PUEBLO INDIGENA O AFROMEXICANO": "NAHUA", "LOCALIDAD": "LA GUAYABA", "CLAVE LOC": 130180015, "TIPO DE ASENTAMIENTO": "COMUNIDAD INDIGENA", "NOMBRE": "LA GUAYABA", "MONTO ASIGNADO (PESOS)": 87064, "LATITUD": 21.152024, "LONGITUD": -98.915099 }, "geometry": { "type": "Point", "coordinates": [ -98.915099, 21.152024 ] } },
{ "type": "Feature", "properties": { "NO": 223, "ENTIDAD": "HIDALGO", "MUNICIPIO": "Chapulhuacán", "PUEBLO INDIGENA O AFROMEXICANO": "NAHUA", "LOCALIDAD": "LA HONDURA", "CLAVE LOC": 130180016, "TIPO DE ASENTAMIENTO": "COMUNIDAD INDIGENA", "NOMBRE": "LA HONDURA", "MONTO ASIGNADO (PESOS)": 210745, "LATITUD": 21.174375, "LONGITUD": -98.942427 }, "geometry": { "type": "Point", "coordinates": [ -98.942427, 21.174375 ] } },
{ "type": "Feature", "properties": { "NO": 224, "ENTIDAD": "HIDALGO", "MUNICIPIO": "Chapulhuacán", "PUEBLO INDIGENA O AFROMEXICANO": "NAHUA", "LOCALIDAD": "LA LOMA", "CLAVE LOC": 130180079, "TIPO DE ASENTAMIENTO": "COMUNIDAD INDIGENA", "NOMBRE": "LA LOMA", "MONTO ASIGNADO (PESOS)": 563194, "LATITUD": 21.181894, "LONGITUD": -98.921533 }, "geometry": { "type": "Point", "coordinates": [ -98.921533, 21.181894 ] } },
{ "type": "Feature", "properties": { "NO": 225, "ENTIDAD": "HIDALGO", "MUNICIPIO": "Chapulhuacán", "PUEBLO INDIGENA O AFROMEXICANO": "NAHUA", "LOCALIDAD": "LA LOMITA", "CLAVE LOC": 130180081, "TIPO DE ASENTAMIENTO": "COMUNIDAD INDIGENA", "NOMBRE": "LA LOMITA", "MONTO ASIGNADO (PESOS)": 123441, "LATITUD": 21.204229, "LONGITUD": -98.910196 }, "geometry": { "type": "Point", "coordinates": [ -98.910196, 21.204229 ] } },
{ "type": "Feature", "properties": { "NO": 226, "ENTIDAD": "HIDALGO", "MUNICIPIO": "Chapulhuacán", "PUEBLO INDIGENA O AFROMEXICANO": "NAHUA", "LOCALIDAD": "LA MESA", "CLAVE LOC": 130180065, "TIPO DE ASENTAMIENTO": "COMUNIDAD INDIGENA", "NOMBRE": "LA MESA", "MONTO ASIGNADO (PESOS)": 378886, "LATITUD": 21.135901, "LONGITUD": -98.895294 }, "geometry": { "type": "Point", "coordinates": [ -98.895294, 21.135901 ] } },
{ "type": "Feature", "properties": { "NO": 227, "ENTIDAD": "HIDALGO", "MUNICIPIO": "Chapulhuacán", "PUEBLO INDIGENA O AFROMEXICANO": "NAHUA", "LOCALIDAD": "LA PIEDRA", "CLAVE LOC": 130180029, "TIPO DE ASENTAMIENTO": "COMUNIDAD INDIGENA", "NOMBRE": "LA PIEDRA", "MONTO ASIGNADO (PESOS)": 294007, "LATITUD": 21.168115, "LONGITUD": -98.952442 }, "geometry": { "type": "Point", "coordinates": [ -98.952442, 21.168115 ] } },
{ "type": "Feature", "properties": { "NO": 228, "ENTIDAD": "HIDALGO", "MUNICIPIO": "Chapulhuacán", "PUEBLO INDIGENA O AFROMEXICANO": "NAHUA", "LOCALIDAD": "LA REFORMA DE PALO SEMITA", "CLAVE LOC": 130180100, "TIPO DE ASENTAMIENTO": "COMUNIDAD INDIGENA", "NOMBRE": "LA REFORMA DE PALO SEMITA", "MONTO ASIGNADO (PESOS)": 385352, "LATITUD": 21.112729, "LONGITUD": -99.002651 }, "geometry": { "type": "Point", "coordinates": [ -99.002651, 21.112729 ] } },
{ "type": "Feature", "properties": { "NO": 229, "ENTIDAD": "HIDALGO", "MUNICIPIO": "Chapulhuacán", "PUEBLO INDIGENA O AFROMEXICANO": "NAHUA", "LOCALIDAD": "LA SIERRITA", "CLAVE LOC": 130180038, "TIPO DE ASENTAMIENTO": "COMUNIDAD INDIGENA", "NOMBRE": "LA SIERRITA", "MONTO ASIGNADO (PESOS)": 84639, "LATITUD": 21.129415, "LONGITUD": -99.015669 }, "geometry": { "type": "Point", "coordinates": [ -99.015669, 21.129415 ] } },
{ "type": "Feature", "properties": { "NO": 230, "ENTIDAD": "HIDALGO", "MUNICIPIO": "Chapulhuacán", "PUEBLO INDIGENA O AFROMEXICANO": "NAHUA", "LOCALIDAD": "LAS ANTENAS", "CLAVE LOC": 130180130, "TIPO DE ASENTAMIENTO": "COMUNIDAD INDIGENA", "NOMBRE": "LAS ANTENAS", "MONTO ASIGNADO (PESOS)": 91915, "LATITUD": 21.168361, "LONGITUD": -98.892568 }, "geometry": { "type": "Point", "coordinates": [ -98.892568, 21.168361 ] } },
{ "type": "Feature", "properties": { "NO": 231, "ENTIDAD": "HIDALGO", "MUNICIPIO": "Chapulhuacán", "PUEBLO INDIGENA O AFROMEXICANO": "NAHUA", "LOCALIDAD": "LAS CAMPANAS", "CLAVE LOC": 130180071, "TIPO DE ASENTAMIENTO": "COMUNIDAD INDIGENA", "NOMBRE": "LAS CAMPANAS", "MONTO ASIGNADO (PESOS)": 136146, "LATITUD": 21.120207, "LONGITUD": -98.884497 }, "geometry": { "type": "Point", "coordinates": [ -98.884497, 21.120207 ] } },
{ "type": "Feature", "properties": { "NO": 232, "ENTIDAD": "HIDALGO", "MUNICIPIO": "Chapulhuacán", "PUEBLO INDIGENA O AFROMEXICANO": "NAHUA", "LOCALIDAD": "LAS CIRUELAS", "CLAVE LOC": 130180013, "TIPO DE ASENTAMIENTO": "COMUNIDAD INDIGENA", "NOMBRE": "LAS CIRUELAS", "MONTO ASIGNADO (PESOS)": 170326, "LATITUD": 21.1378, "LONGITUD": -98.878471 }, "geometry": { "type": "Point", "coordinates": [ -98.878471, 21.1378 ] } },
{ "type": "Feature", "properties": { "NO": 233, "ENTIDAD": "HIDALGO", "MUNICIPIO": "Chapulhuacán", "PUEBLO INDIGENA O AFROMEXICANO": "NAHUA", "LOCALIDAD": "LAS MINAS", "CLAVE LOC": 130180111, "TIPO DE ASENTAMIENTO": "COMUNIDAD INDIGENA", "NOMBRE": "LAS MINAS", "MONTO ASIGNADO (PESOS)": 315024, "LATITUD": 21.173465, "LONGITUD": -98.847815 }, "geometry": { "type": "Point", "coordinates": [ -98.847815, 21.173465 ] } },
{ "type": "Feature", "properties": { "NO": 234, "ENTIDAD": "HIDALGO", "MUNICIPIO": "Chapulhuacán", "PUEBLO INDIGENA O AFROMEXICANO": "NAHUA", "LOCALIDAD": "MIAHUATLA", "CLAVE LOC": 130180020, "TIPO DE ASENTAMIENTO": "COMUNIDAD INDIGENA", "NOMBRE": "MIAHUATLA", "MONTO ASIGNADO (PESOS)": 281881, "LATITUD": 21.13514, "LONGITUD": -98.903256 }, "geometry": { "type": "Point", "coordinates": [ -98.903256, 21.13514 ] } },
{ "type": "Feature", "properties": { "NO": 235, "ENTIDAD": "HIDALGO", "MUNICIPIO": "Chapulhuacán", "PUEBLO INDIGENA O AFROMEXICANO": "NAHUA", "LOCALIDAD": "NEBLINAS", "CLAVE LOC": 130180021, "TIPO DE ASENTAMIENTO": "COMUNIDAD INDIGENA", "NOMBRE": "NEBLINAS", "MONTO ASIGNADO (PESOS)": 600379, "LATITUD": 21.116176, "LONGITUD": -98.924004 }, "geometry": { "type": "Point", "coordinates": [ -98.924004, 21.116176 ] } },
{ "type": "Feature", "properties": { "NO": 236, "ENTIDAD": "HIDALGO", "MUNICIPIO": "Chapulhuacán", "PUEBLO INDIGENA O AFROMEXICANO": "NAHUA", "LOCALIDAD": "NUEVO COYOLAR", "CLAVE LOC": 130180113, "TIPO DE ASENTAMIENTO": "COMUNIDAD INDIGENA", "NOMBRE": "NUEVO COYOLAR", "MONTO ASIGNADO (PESOS)": 108082, "LATITUD": 21.139888, "LONGITUD": -98.88794 }, "geometry": { "type": "Point", "coordinates": [ -98.88794, 21.139888 ] } },
{ "type": "Feature", "properties": { "NO": 237, "ENTIDAD": "HIDALGO", "MUNICIPIO": "Chapulhuacán", "PUEBLO INDIGENA O AFROMEXICANO": "NAHUA", "LOCALIDAD": "OJO DE AGUA", "CLAVE LOC": 130180023, "TIPO DE ASENTAMIENTO": "COMUNIDAD INDIGENA", "NOMBRE": "OJO DE AGUA", "MONTO ASIGNADO (PESOS)": 251972, "LATITUD": 21.106976, "LONGITUD": -98.979072 }, "geometry": { "type": "Point", "coordinates": [ -98.979072, 21.106976 ] } },
{ "type": "Feature", "properties": { "NO": 238, "ENTIDAD": "HIDALGO", "MUNICIPIO": "Chapulhuacán", "PUEBLO INDIGENA O AFROMEXICANO": "NAHUA", "LOCALIDAD": "PALO SEMITA", "CLAVE LOC": 130180025, "TIPO DE ASENTAMIENTO": "COMUNIDAD INDIGENA", "NOMBRE": "PALO SEMITA", "MONTO ASIGNADO (PESOS)": 483165, "LATITUD": 21.104709, "LONGITUD": -99.001892 }, "geometry": { "type": "Point", "coordinates": [ -99.001892, 21.104709 ] } },
{ "type": "Feature", "properties": { "NO": 239, "ENTIDAD": "HIDALGO", "MUNICIPIO": "Chapulhuacán", "PUEBLO INDIGENA O AFROMEXICANO": "NAHUA", "LOCALIDAD": "PALO VERDE", "CLAVE LOC": 130180026, "TIPO DE ASENTAMIENTO": "COMUNIDAD INDIGENA", "NOMBRE": "PALO VERDE", "MONTO ASIGNADO (PESOS)": 344934, "LATITUD": 21.082394, "LONGITUD": -98.948217 }, "geometry": { "type": "Point", "coordinates": [ -98.948217, 21.082394 ] } },
{ "type": "Feature", "properties": { "NO": 240, "ENTIDAD": "HIDALGO", "MUNICIPIO": "Chapulhuacán", "PUEBLO INDIGENA O AFROMEXICANO": "NAHUA", "LOCALIDAD": "PALOMAS", "CLAVE LOC": 130180024, "TIPO DE ASENTAMIENTO": "COMUNIDAD INDIGENA", "NOMBRE": "PALOMAS", "MONTO ASIGNADO (PESOS)": 410412, "LATITUD": 21.073649, "LONGITUD": -99.027466 }, "geometry": { "type": "Point", "coordinates": [ -99.027466, 21.073649 ] } },
{ "type": "Feature", "properties": { "NO": 241, "ENTIDAD": "HIDALGO", "MUNICIPIO": "Chapulhuacán", "PUEBLO INDIGENA O AFROMEXICANO": "NAHUA", "LOCALIDAD": "PARED GRUESA (NUEVO PARED GRUESA)", "CLAVE LOC": 130180121, "TIPO DE ASENTAMIENTO": "COMUNIDAD INDIGENA", "NOMBRE": "PARED GRUESA (NUEVO PARED GRUESA)", "MONTO ASIGNADO (PESOS)": 215595, "LATITUD": 21.13405, "LONGITUD": -98.983909 }, "geometry": { "type": "Point", "coordinates": [ -98.983909, 21.13405 ] } },
{ "type": "Feature", "properties": { "NO": 242, "ENTIDAD": "HIDALGO", "MUNICIPIO": "Chapulhuacán", "PUEBLO INDIGENA O AFROMEXICANO": "NAHUA", "LOCALIDAD": "PLAN DE GUADALUPE", "CLAVE LOC": 130180030, "TIPO DE ASENTAMIENTO": "COMUNIDAD INDIGENA", "NOMBRE": "PLAN DE GUADALUPE", "MONTO ASIGNADO (PESOS)": 310174, "LATITUD": 21.172361, "LONGITUD": -98.931551 }, "geometry": { "type": "Point", "coordinates": [ -98.931551, 21.172361 ] } },
{ "type": "Feature", "properties": { "NO": 243, "ENTIDAD": "HIDALGO", "MUNICIPIO": "Chapulhuacán", "PUEBLO INDIGENA O AFROMEXICANO": "NAHUA", "LOCALIDAD": "PUERTO DEL AMOLAR", "CLAVE LOC": 130180086, "TIPO DE ASENTAMIENTO": "COMUNIDAD INDIGENA", "NOMBRE": "PUERTO DEL AMOLAR", "MONTO ASIGNADO (PESOS)": 110507, "LATITUD": 21.112734, "LONGITUD": -98.878653 }, "geometry": { "type": "Point", "coordinates": [ -98.878653, 21.112734 ] } },
{ "type": "Feature", "properties": { "NO": 244, "ENTIDAD": "HIDALGO", "MUNICIPIO": "Chapulhuacán", "PUEBLO INDIGENA O AFROMEXICANO": "NAHUA", "LOCALIDAD": "PUERTO DEL CABALLO", "CLAVE LOC": 130180087, "TIPO DE ASENTAMIENTO": "COMUNIDAD INDIGENA", "NOMBRE": "PUERTO DEL CABALLO", "MONTO ASIGNADO (PESOS)": 102424, "LATITUD": 21.172202, "LONGITUD": -98.922933 }, "geometry": { "type": "Point", "coordinates": [ -98.922933, 21.172202 ] } },
{ "type": "Feature", "properties": { "NO": 245, "ENTIDAD": "HIDALGO", "MUNICIPIO": "Chapulhuacán", "PUEBLO INDIGENA O AFROMEXICANO": "NAHUA", "LOCALIDAD": "PUERTO OBSCURO", "CLAVE LOC": 130180031, "TIPO DE ASENTAMIENTO": "COMUNIDAD INDIGENA", "NOMBRE": "PUERTO OBSCURO", "MONTO ASIGNADO (PESOS)": 500949, "LATITUD": 21.149651, "LONGITUD": -98.954846 }, "geometry": { "type": "Point", "coordinates": [ -98.954846, 21.149651 ] } },
{ "type": "Feature", "properties": { "NO": 246, "ENTIDAD": "HIDALGO", "MUNICIPIO": "Chapulhuacán", "PUEBLO INDIGENA O AFROMEXICANO": "NAHUA", "LOCALIDAD": "RANCHO NUEVO (PUERTO DEL GALLO)", "CLAVE LOC": 130180099, "TIPO DE ASENTAMIENTO": "COMUNIDAD INDIGENA", "NOMBRE": "RANCHO NUEVO (PUERTO DEL GALLO)", "MONTO ASIGNADO (PESOS)": 120208, "LATITUD": 21.157053, "LONGITUD": -99.023585 }, "geometry": { "type": "Point", "coordinates": [ -99.023585, 21.157053 ] } },
{ "type": "Feature", "properties": { "NO": 247, "ENTIDAD": "HIDALGO", "MUNICIPIO": "Chapulhuacán", "PUEBLO INDIGENA O AFROMEXICANO": "NAHUA", "LOCALIDAD": "RANCHO NUEVO (PUERTO DEL GALLO)", "CLAVE LOC": 130180099, "TIPO DE ASENTAMIENTO": "COMUNIDAD INDIGENA", "NOMBRE": "RANCHO NUEVO (PUERTO DEL GALLO)", "MONTO ASIGNADO (PESOS)": 126096, "LATITUD": 21.157053, "LONGITUD": -99.023585 }, "geometry": { "type": "Point", "coordinates": [ -99.023585, 21.157053 ] } },
{ "type": "Feature", "properties": { "NO": 248, "ENTIDAD": "HIDALGO", "MUNICIPIO": "Chapulhuacán", "PUEBLO INDIGENA O AFROMEXICANO": "NAHUA", "LOCALIDAD": "SAN RAFAEL", "CLAVE LOC": 130180034, "TIPO DE ASENTAMIENTO": "COMUNIDAD INDIGENA", "NOMBRE": "SAN RAFAEL", "MONTO ASIGNADO (PESOS)": 735376, "LATITUD": 21.116226, "LONGITUD": -98.937607 }, "geometry": { "type": "Point", "coordinates": [ -98.937607, 21.116226 ] } },
{ "type": "Feature", "properties": { "NO": 249, "ENTIDAD": "HIDALGO", "MUNICIPIO": "Chapulhuacán", "PUEBLO INDIGENA O AFROMEXICANO": "NAHUA", "LOCALIDAD": "SANTA ANA DE ALLENDE", "CLAVE LOC": 130180035, "TIPO DE ASENTAMIENTO": "COMUNIDAD INDIGENA", "NOMBRE": "SANTA ANA DE ALLENDE", "MONTO ASIGNADO (PESOS)": 1507368, "LATITUD": 21.12659, "LONGITUD": -98.985648 }, "geometry": { "type": "Point", "coordinates": [ -98.985648, 21.12659 ] } },
{ "type": "Feature", "properties": { "NO": 250, "ENTIDAD": "HIDALGO", "MUNICIPIO": "Chapulhuacán", "PUEBLO INDIGENA O AFROMEXICANO": "NAHUA", "LOCALIDAD": "SANTA MARÍA DE ÁLAMOS", "CLAVE LOC": 130180036, "TIPO DE ASENTAMIENTO": "COMUNIDAD INDIGENA", "NOMBRE": "SANTA MARÍA DE ÁLAMOS", "MONTO ASIGNADO (PESOS)": 507416, "LATITUD": 21.136896, "LONGITUD": -98.971157 }, "geometry": { "type": "Point", "coordinates": [ -98.971157, 21.136896 ] } },
{ "type": "Feature", "properties": { "NO": 251, "ENTIDAD": "HIDALGO", "MUNICIPIO": "Chapulhuacán", "PUEBLO INDIGENA O AFROMEXICANO": "NAHUA", "LOCALIDAD": "SAUCILLO (SAUCILLO AGUA NUEVA)", "CLAVE LOC": 130180037, "TIPO DE ASENTAMIENTO": "COMUNIDAD INDIGENA", "NOMBRE": "SAUCILLO (SAUCILLO AGUA NUEVA)", "MONTO ASIGNADO (PESOS)": 334425, "LATITUD": 21.085372, "LONGITUD": -98.991147 }, "geometry": { "type": "Point", "coordinates": [ -98.991147, 21.085372 ] } },
{ "type": "Feature", "properties": { "NO": 252, "ENTIDAD": "HIDALGO", "MUNICIPIO": "Chapulhuacán", "PUEBLO INDIGENA O AFROMEXICANO": "NAHUA", "LOCALIDAD": "SOLEDAD DEL COYOL", "CLAVE LOC": 130180040, "TIPO DE ASENTAMIENTO": "COMUNIDAD INDIGENA", "NOMBRE": "SOLEDAD DEL COYOL", "MONTO ASIGNADO (PESOS)": 448405, "LATITUD": 21.073678, "LONGITUD": -98.954796 }, "geometry": { "type": "Point", "coordinates": [ -98.954796, 21.073678 ] } },
{ "type": "Feature", "properties": { "NO": 253, "ENTIDAD": "HIDALGO", "MUNICIPIO": "Chapulhuacán", "PUEBLO INDIGENA O AFROMEXICANO": "NAHUA", "LOCALIDAD": "TENANGO", "CLAVE LOC": 130180043, "TIPO DE ASENTAMIENTO": "COMUNIDAD INDIGENA", "NOMBRE": "TENANGO", "MONTO ASIGNADO (PESOS)": 476698, "LATITUD": 21.163976, "LONGITUD": -98.872136 }, "geometry": { "type": "Point", "coordinates": [ -98.872136, 21.163976 ] } },
{ "type": "Feature", "properties": { "NO": 254, "ENTIDAD": "HIDALGO", "MUNICIPIO": "Chapulhuacán", "PUEBLO INDIGENA O AFROMEXICANO": "NAHUA", "LOCALIDAD": "TETLALPAN", "CLAVE LOC": 130180044, "TIPO DE ASENTAMIENTO": "COMUNIDAD INDIGENA", "NOMBRE": "TETLALPAN", "MONTO ASIGNADO (PESOS)": 478315, "LATITUD": 21.180712, "LONGITUD": -98.857267 }, "geometry": { "type": "Point", "coordinates": [ -98.857267, 21.180712 ] } },
{ "type": "Feature", "properties": { "NO": 255, "ENTIDAD": "HIDALGO", "MUNICIPIO": "Chapulhuacán", "PUEBLO INDIGENA O AFROMEXICANO": "NAHUA", "LOCALIDAD": "TOCAPA", "CLAVE LOC": 130180045, "TIPO DE ASENTAMIENTO": "LOCALIDAD CON POBLACION INDIGENA", "NOMBRE": "TOCAPA", "MONTO ASIGNADO (PESOS)": 213978, "LATITUD": 21.177845, "LONGITUD": -98.872003 }, "geometry": { "type": "Point", "coordinates": [ -98.872003, 21.177845 ] } },
{ "type": "Feature", "properties": { "NO": 256, "ENTIDAD": "HIDALGO", "MUNICIPIO": "Chapulhuacán", "PUEBLO INDIGENA O AFROMEXICANO": "NAHUA", "LOCALIDAD": "ZACATE GRANDE", "CLAVE LOC": 130180048, "TIPO DE ASENTAMIENTO": "COMUNIDAD INDIGENA", "NOMBRE": "ZACATE GRANDE", "MONTO ASIGNADO (PESOS)": 535709, "LATITUD": 21.115776, "LONGITUD": -99.003128 }, "geometry": { "type": "Point", "coordinates": [ -99.003128, 21.115776 ] } },
{ "type": "Feature", "properties": { "NO": 257, "ENTIDAD": "HIDALGO", "MUNICIPIO": "Chilcuautla", "PUEBLO INDIGENA O AFROMEXICANO": "OTOMÍ", "LOCALIDAD": "BENITO JUÁREZ (LA RINCONADA) [COLONIA]", "CLAVE LOC": 130190032, "TIPO DE ASENTAMIENTO": "COMUNIDAD INDIGENA", "NOMBRE": "BENITO JUÁREZ (LA RINCONADA) [COLONIA]", "MONTO ASIGNADO (PESOS)": 499332, "LATITUD": 20.362934, "LONGITUD": -99.183747 }, "geometry": { "type": "Point", "coordinates": [ -99.183747, 20.362934 ] } },
{ "type": "Feature", "properties": { "NO": 258, "ENTIDAD": "HIDALGO", "MUNICIPIO": "Chilcuautla", "PUEBLO INDIGENA O AFROMEXICANO": "OTOMÍ", "LOCALIDAD": "BOXAXNI", "CLAVE LOC": 130190003, "TIPO DE ASENTAMIENTO": "COMUNIDAD INDIGENA", "NOMBRE": "BOXAXNI", "MONTO ASIGNADO (PESOS)": 231621, "LATITUD": 20.400517, "LONGITUD": -99.265809 }, "geometry": { "type": "Point", "coordinates": [ -99.265809, 20.400517 ] } },
{ "type": "Feature", "properties": { "NO": 259, "ENTIDAD": "HIDALGO", "MUNICIPIO": "Chilcuautla", "PUEBLO INDIGENA O AFROMEXICANO": "OTOMÍ", "LOCALIDAD": "CERRO DEL CORAZÓN (EL MUÍ)", "CLAVE LOC": 130190020, "TIPO DE ASENTAMIENTO": "COMUNIDAD INDIGENA", "NOMBRE": "CERRO DEL CORAZÓN (EL MUÍ)", "MONTO ASIGNADO (PESOS)": 173560, "LATITUD": 20.398309, "LONGITUD": -99.279639 }, "geometry": { "type": "Point", "coordinates": [ -99.279639, 20.398309 ] } },
{ "type": "Feature", "properties": { "NO": 260, "ENTIDAD": "HIDALGO", "MUNICIPIO": "Chilcuautla", "PUEBLO INDIGENA O AFROMEXICANO": "OTOMÍ", "LOCALIDAD": "EL BETHÍ", "CLAVE LOC": 130190002, "TIPO DE ASENTAMIENTO": "COMUNIDAD INDIGENA", "NOMBRE": "EL BETHÍ", "MONTO ASIGNADO (PESOS)": 801662, "LATITUD": 20.394824, "LONGITUD": -99.224168 }, "geometry": { "type": "Point", "coordinates": [ -99.224168, 20.394824 ] } },
{ "type": "Feature", "properties": { "NO": 261, "ENTIDAD": "HIDALGO", "MUNICIPIO": "Chilcuautla", "PUEBLO INDIGENA O AFROMEXICANO": "OTOMÍ", "LOCALIDAD": "EL CERRITO", "CLAVE LOC": 130190023, "TIPO DE ASENTAMIENTO": "COMUNIDAD INDIGENA", "NOMBRE": "EL CERRITO", "MONTO ASIGNADO (PESOS)": 199428, "LATITUD": 20.319993, "LONGITUD": -99.231308 }, "geometry": { "type": "Point", "coordinates": [ -99.231308, 20.319993 ] } },
{ "type": "Feature", "properties": { "NO": 262, "ENTIDAD": "HIDALGO", "MUNICIPIO": "Chilcuautla", "PUEBLO INDIGENA O AFROMEXICANO": "OTOMÍ", "LOCALIDAD": "EL DADHÓ", "CLAVE LOC": 130190004, "TIPO DE ASENTAMIENTO": "COMUNIDAD INDIGENA", "NOMBRE": "EL DADHÓ", "MONTO ASIGNADO (PESOS)": 589870, "LATITUD": 20.407802, "LONGITUD": -99.235891 }, "geometry": { "type": "Point", "coordinates": [ -99.235891, 20.407802 ] } },
{ "type": "Feature", "properties": { "NO": 263, "ENTIDAD": "HIDALGO", "MUNICIPIO": "Chilcuautla", "PUEBLO INDIGENA O AFROMEXICANO": "OTOMÍ", "LOCALIDAD": "EL DECA", "CLAVE LOC": 130190005, "TIPO DE ASENTAMIENTO": "COMUNIDAD INDIGENA", "NOMBRE": "EL DECA", "MONTO ASIGNADO (PESOS)": 302899, "LATITUD": 20.351924, "LONGITUD": -99.252123 }, "geometry": { "type": "Point", "coordinates": [ -99.252123, 20.351924 ] } },
{ "type": "Feature", "properties": { "NO": 264, "ENTIDAD": "HIDALGO", "MUNICIPIO": "Chilcuautla", "PUEBLO INDIGENA O AFROMEXICANO": "OTOMÍ", "LOCALIDAD": "EL DONTZHÍ (COLONIA ÁLAMOS)", "CLAVE LOC": 130190006, "TIPO DE ASENTAMIENTO": "COMUNIDAD INDIGENA", "NOMBRE": "EL DONTZHÍ (COLONIA ÁLAMOS)", "MONTO ASIGNADO (PESOS)": 575319, "LATITUD": 20.337097, "LONGITUD": -99.237816 }, "geometry": { "type": "Point", "coordinates": [ -99.237816, 20.337097 ] } },
{ "type": "Feature", "properties": { "NO": 265, "ENTIDAD": "HIDALGO", "MUNICIPIO": "Chilcuautla", "PUEBLO INDIGENA O AFROMEXICANO": "OTOMÍ", "LOCALIDAD": "EL MEJAY", "CLAVE LOC": 130190010, "TIPO DE ASENTAMIENTO": "COMUNIDAD INDIGENA", "NOMBRE": "EL MEJAY", "MONTO ASIGNADO (PESOS)": 762861, "LATITUD": 20.385939, "LONGITUD": -99.181763 }, "geometry": { "type": "Point", "coordinates": [ -99.181763, 20.385939 ] } },
{ "type": "Feature", "properties": { "NO": 266, "ENTIDAD": "HIDALGO", "MUNICIPIO": "Chilcuautla", "PUEBLO INDIGENA O AFROMEXICANO": "OTOMÍ", "LOCALIDAD": "EL TANDHE", "CLAVE LOC": 130190012, "TIPO DE ASENTAMIENTO": "COMUNIDAD INDIGENA", "NOMBRE": "EL TANDHE", "MONTO ASIGNADO (PESOS)": 374844, "LATITUD": 20.314096, "LONGITUD": -99.231848 }, "geometry": { "type": "Point", "coordinates": [ -99.231848, 20.314096 ] } },
{ "type": "Feature", "properties": { "NO": 267, "ENTIDAD": "HIDALGO", "MUNICIPIO": "Chilcuautla", "PUEBLO INDIGENA O AFROMEXICANO": "OTOMÍ", "LOCALIDAD": "EL XOTHÍ", "CLAVE LOC": 130190016, "TIPO DE ASENTAMIENTO": "COMUNIDAD INDIGENA", "NOMBRE": "EL XOTHÍ", "MONTO ASIGNADO (PESOS)": 770136, "LATITUD": 20.404203, "LONGITUD": -99.174387 }, "geometry": { "type": "Point", "coordinates": [ -99.174387, 20.404203 ] } },
{ "type": "Feature", "properties": { "NO": 268, "ENTIDAD": "HIDALGO", "MUNICIPIO": "Chilcuautla", "PUEBLO INDIGENA O AFROMEXICANO": "OTOMÍ", "LOCALIDAD": "HUITEXCALCO [COLONIA]", "CLAVE LOC": 130190033, "TIPO DE ASENTAMIENTO": "COMUNIDAD INDIGENA", "NOMBRE": "HUITEXCALCO [COLONIA]", "MONTO ASIGNADO (PESOS)": 895433, "LATITUD": 20.265233, "LONGITUD": -99.281337 }, "geometry": { "type": "Point", "coordinates": [ -99.281337, 20.265233 ] } },
{ "type": "Feature", "properties": { "NO": 269, "ENTIDAD": "HIDALGO", "MUNICIPIO": "Chilcuautla", "PUEBLO INDIGENA O AFROMEXICANO": "OTOMÍ", "LOCALIDAD": "HUITEXCALCO DE MORELOS", "CLAVE LOC": 130190008, "TIPO DE ASENTAMIENTO": "COMUNIDAD INDIGENA", "NOMBRE": "HUITEXCALCO DE MORELOS", "MONTO ASIGNADO (PESOS)": 688491, "LATITUD": 20.27568, "LONGITUD": -99.274418 }, "geometry": { "type": "Point", "coordinates": [ -99.274418, 20.27568 ] } },
{ "type": "Feature", "properties": { "NO": 270, "ENTIDAD": "HIDALGO", "MUNICIPIO": "Chilcuautla", "PUEBLO INDIGENA O AFROMEXICANO": "OTOMÍ", "LOCALIDAD": "LA ESTANCIA", "CLAVE LOC": 130190007, "TIPO DE ASENTAMIENTO": "COMUNIDAD INDIGENA", "NOMBRE": "LA ESTANCIA", "MONTO ASIGNADO (PESOS)": 1388538, "LATITUD": 20.389236, "LONGITUD": -99.203648 }, "geometry": { "type": "Point", "coordinates": [ -99.203648, 20.389236 ] } },
{ "type": "Feature", "properties": { "NO": 271, "ENTIDAD": "HIDALGO", "MUNICIPIO": "Chilcuautla", "PUEBLO INDIGENA O AFROMEXICANO": "OTOMÍ", "LOCALIDAD": "LA LOMA", "CLAVE LOC": 130190022, "TIPO DE ASENTAMIENTO": "COMUNIDAD INDIGENA", "NOMBRE": "LA LOMA", "MONTO ASIGNADO (PESOS)": 181644, "LATITUD": 20.405005, "LONGITUD": -99.254579 }, "geometry": { "type": "Point", "coordinates": [ -99.254579, 20.405005 ] } },
{ "type": "Feature", "properties": { "NO": 272, "ENTIDAD": "HIDALGO", "MUNICIPIO": "Chilcuautla", "PUEBLO INDIGENA O AFROMEXICANO": "OTOMÍ", "LOCALIDAD": "LLANO PRIMERO", "CLAVE LOC": 130190009, "TIPO DE ASENTAMIENTO": "COMUNIDAD INDIGENA", "NOMBRE": "LLANO PRIMERO", "MONTO ASIGNADO (PESOS)": 491249, "LATITUD": 20.370271, "LONGITUD": -99.238366 }, "geometry": { "type": "Point", "coordinates": [ -99.238366, 20.370271 ] } },
{ "type": "Feature", "properties": { "NO": 273, "ENTIDAD": "HIDALGO", "MUNICIPIO": "Chilcuautla", "PUEBLO INDIGENA O AFROMEXICANO": "OTOMÍ", "LOCALIDAD": "SANTA ANA BATHA", "CLAVE LOC": 130190011, "TIPO DE ASENTAMIENTO": "COMUNIDAD INDIGENA", "NOMBRE": "SANTA ANA BATHA", "MONTO ASIGNADO (PESOS)": 1589822, "LATITUD": 20.377612, "LONGITUD": -99.190835 }, "geometry": { "type": "Point", "coordinates": [ -99.190835, 20.377612 ] } },
{ "type": "Feature", "properties": { "NO": 274, "ENTIDAD": "HIDALGO", "MUNICIPIO": "Chilcuautla", "PUEBLO INDIGENA O AFROMEXICANO": "OTOMÍ", "LOCALIDAD": "TEXCATEPEC", "CLAVE LOC": 130190013, "TIPO DE ASENTAMIENTO": "COMUNIDAD INDIGENA", "NOMBRE": "TEXCATEPEC", "MONTO ASIGNADO (PESOS)": 1567187, "LATITUD": 20.272272, "LONGITUD": -99.251766 }, "geometry": { "type": "Point", "coordinates": [ -99.251766, 20.272272 ] } },
{ "type": "Feature", "properties": { "NO": 275, "ENTIDAD": "HIDALGO", "MUNICIPIO": "Chilcuautla", "PUEBLO INDIGENA O AFROMEXICANO": "OTOMÍ", "LOCALIDAD": "TLACOTLAPILCO", "CLAVE LOC": 130190014, "TIPO DE ASENTAMIENTO": "COMUNIDAD INDIGENA", "NOMBRE": "TLACOTLAPILCO", "MONTO ASIGNADO (PESOS)": 739418, "LATITUD": 20.37706, "LONGITUD": -99.220256 }, "geometry": { "type": "Point", "coordinates": [ -99.220256, 20.37706 ] } },
{ "type": "Feature", "properties": { "NO": 276, "ENTIDAD": "HIDALGO", "MUNICIPIO": "Chilcuautla", "PUEBLO INDIGENA O AFROMEXICANO": "OTOMÍ", "LOCALIDAD": "TUNITITLÁN", "CLAVE LOC": 130190015, "TIPO DE ASENTAMIENTO": "COMUNIDAD INDIGENA", "NOMBRE": "TUNITITLÁN", "MONTO ASIGNADO (PESOS)": 398286, "LATITUD": 20.251402, "LONGITUD": -99.246215 }, "geometry": { "type": "Point", "coordinates": [ -99.246215, 20.251402 ] } },
{ "type": "Feature", "properties": { "NO": 277, "ENTIDAD": "HIDALGO", "MUNICIPIO": "Chilcuautla", "PUEBLO INDIGENA O AFROMEXICANO": "OTOMÍ", "LOCALIDAD": "ZACUALOYA", "CLAVE LOC": 130190017, "TIPO DE ASENTAMIENTO": "COMUNIDAD INDIGENA", "NOMBRE": "ZACUALOYA", "MONTO ASIGNADO (PESOS)": 371610, "LATITUD": 20.358014, "LONGITUD": -99.232916 }, "geometry": { "type": "Point", "coordinates": [ -99.232916, 20.358014 ] } },
{ "type": "Feature", "properties": { "NO": 278, "ENTIDAD": "HIDALGO", "MUNICIPIO": "Francisco I. Madero", "PUEBLO INDIGENA O AFROMEXICANO": "OTOMÍ", "LOCALIDAD": "DENGANTZHA", "CLAVE LOC": 130230005, "TIPO DE ASENTAMIENTO": "COMUNIDAD INDIGENA", "NOMBRE": "DENGANTZHA", "MONTO ASIGNADO (PESOS)": 1767663, "LATITUD": 20.270967, "LONGITUD": -99.122628 }, "geometry": { "type": "Point", "coordinates": [ -99.122628, 20.270967 ] } },
{ "type": "Feature", "properties": { "NO": 279, "ENTIDAD": "HIDALGO", "MUNICIPIO": "Huautla", "PUEBLO INDIGENA O AFROMEXICANO": "NAHUA", "LOCALIDAD": "14 DE MAYO", "CLAVE LOC": 130250055, "TIPO DE ASENTAMIENTO": "COMUNIDAD INDIGENA", "NOMBRE": "14 DE MAYO", "MONTO ASIGNADO (PESOS)": 146884, "LATITUD": 21.07719, "LONGITUD": -98.159252 }, "geometry": { "type": "Point", "coordinates": [ -98.159252, 21.07719 ] } },
{ "type": "Feature", "properties": { "NO": 280, "ENTIDAD": "HIDALGO", "MUNICIPIO": "Huautla", "PUEBLO INDIGENA O AFROMEXICANO": "NAHUA", "LOCALIDAD": "ACATEPEC", "CLAVE LOC": 130250002, "TIPO DE ASENTAMIENTO": "COMUNIDAD INDIGENA", "NOMBRE": "ACATEPEC", "MONTO ASIGNADO (PESOS)": 1438877, "LATITUD": 20.953434, "LONGITUD": -98.274073 }, "geometry": { "type": "Point", "coordinates": [ -98.274073, 20.953434 ] } },
{ "type": "Feature", "properties": { "NO": 281, "ENTIDAD": "HIDALGO", "MUNICIPIO": "Huautla", "PUEBLO INDIGENA O AFROMEXICANO": "NAHUA", "LOCALIDAD": "AHUATITLA", "CLAVE LOC": 130250004, "TIPO DE ASENTAMIENTO": "COMUNIDAD INDIGENA", "NOMBRE": "AHUATITLA", "MONTO ASIGNADO (PESOS)": 705227, "LATITUD": 20.963583, "LONGITUD": -98.220372 }, "geometry": { "type": "Point", "coordinates": [ -98.220372, 20.963583 ] } },
{ "type": "Feature", "properties": { "NO": 282, "ENTIDAD": "HIDALGO", "MUNICIPIO": "Huautla", "PUEBLO INDIGENA O AFROMEXICANO": "NAHUA", "LOCALIDAD": "AHUEHUETL", "CLAVE LOC": 130250005, "TIPO DE ASENTAMIENTO": "COMUNIDAD INDIGENA", "NOMBRE": "AHUEHUETL", "MONTO ASIGNADO (PESOS)": 508224, "LATITUD": 21.048051, "LONGITUD": -98.284766 }, "geometry": { "type": "Point", "coordinates": [ -98.284766, 21.048051 ] } },
{ "type": "Feature", "properties": { "NO": 283, "ENTIDAD": "HIDALGO", "MUNICIPIO": "Huautla", "PUEBLO INDIGENA O AFROMEXICANO": "NAHUA", "LOCALIDAD": "AQUETZPALCO", "CLAVE LOC": 130250006, "TIPO DE ASENTAMIENTO": "COMUNIDAD INDIGENA", "NOMBRE": "AQUETZPALCO", "MONTO ASIGNADO (PESOS)": 365952, "LATITUD": 21.042901, "LONGITUD": -98.201196 }, "geometry": { "type": "Point", "coordinates": [ -98.201196, 21.042901 ] } },
{ "type": "Feature", "properties": { "NO": 284, "ENTIDAD": "HIDALGO", "MUNICIPIO": "Huautla", "PUEBLO INDIGENA O AFROMEXICANO": "NAHUA", "LOCALIDAD": "AXTITLA", "CLAVE LOC": 130250058, "TIPO DE ASENTAMIENTO": "COMUNIDAD INDIGENA", "NOMBRE": "AXTITLA", "MONTO ASIGNADO (PESOS)": 149309, "LATITUD": 20.960421, "LONGITUD": -98.232645 }, "geometry": { "type": "Point", "coordinates": [ -98.232645, 20.960421 ] } },
{ "type": "Feature", "properties": { "NO": 285, "ENTIDAD": "HIDALGO", "MUNICIPIO": "Huautla", "PUEBLO INDIGENA O AFROMEXICANO": "NAHUA", "LOCALIDAD": "BANDERAS", "CLAVE LOC": 130250007, "TIPO DE ASENTAMIENTO": "COMUNIDAD INDIGENA", "NOMBRE": "BANDERAS", "MONTO ASIGNADO (PESOS)": 285923, "LATITUD": 21.013743, "LONGITUD": -98.229188 }, "geometry": { "type": "Point", "coordinates": [ -98.229188, 21.013743 ] } },
{ "type": "Feature", "properties": { "NO": 286, "ENTIDAD": "HIDALGO", "MUNICIPIO": "Huautla", "PUEBLO INDIGENA O AFROMEXICANO": "NAHUA", "LOCALIDAD": "CHALACUACO", "CLAVE LOC": 130250017, "TIPO DE ASENTAMIENTO": "COMUNIDAD INDIGENA", "NOMBRE": "CHALACUACO", "MONTO ASIGNADO (PESOS)": 141225, "LATITUD": 20.97783, "LONGITUD": -98.21592 }, "geometry": { "type": "Point", "coordinates": [ -98.21592, 20.97783 ] } },
{ "type": "Feature", "properties": { "NO": 287, "ENTIDAD": "HIDALGO", "MUNICIPIO": "Huautla", "PUEBLO INDIGENA O AFROMEXICANO": "NAHUA", "LOCALIDAD": "CHALINGO", "CLAVE LOC": 130250018, "TIPO DE ASENTAMIENTO": "COMUNIDAD INDIGENA", "NOMBRE": "CHALINGO", "MONTO ASIGNADO (PESOS)": 516308, "LATITUD": 21.099839, "LONGITUD": -98.220512 }, "geometry": { "type": "Point", "coordinates": [ -98.220512, 21.099839 ] } },
{ "type": "Feature", "properties": { "NO": 288, "ENTIDAD": "HIDALGO", "MUNICIPIO": "Huautla", "PUEBLO INDIGENA O AFROMEXICANO": "NAHUA", "LOCALIDAD": "CHIATITLA", "CLAVE LOC": 130250019, "TIPO DE ASENTAMIENTO": "COMUNIDAD INDIGENA", "NOMBRE": "CHIATITLA", "MONTO ASIGNADO (PESOS)": 211521, "LATITUD": 21.091111, "LONGITUD": -98.257778 }, "geometry": { "type": "Point", "coordinates": [ -98.257778, 21.091111 ] } },
{ "type": "Feature", "properties": { "NO": 289, "ENTIDAD": "HIDALGO", "MUNICIPIO": "Huautla", "PUEBLO INDIGENA O AFROMEXICANO": "NAHUA", "LOCALIDAD": "CHILITECO", "CLAVE LOC": 130250020, "TIPO DE ASENTAMIENTO": "COMUNIDAD INDIGENA", "NOMBRE": "CHILITECO", "MONTO ASIGNADO (PESOS)": 302091, "LATITUD": 21.062823, "LONGITUD": -98.216227 }, "geometry": { "type": "Point", "coordinates": [ -98.216227, 21.062823 ] } },
{ "type": "Feature", "properties": { "NO": 290, "ENTIDAD": "HIDALGO", "MUNICIPIO": "Huautla", "PUEBLO INDIGENA O AFROMEXICANO": "NAHUA", "LOCALIDAD": "CHIPILA", "CLAVE LOC": 130250021, "TIPO DE ASENTAMIENTO": "COMUNIDAD INDIGENA", "NOMBRE": "CHIPILA", "MONTO ASIGNADO (PESOS)": 323916, "LATITUD": 20.991574, "LONGITUD": -98.259497 }, "geometry": { "type": "Point", "coordinates": [ -98.259497, 20.991574 ] } },
{ "type": "Feature", "properties": { "NO": 291, "ENTIDAD": "HIDALGO", "MUNICIPIO": "Huautla", "PUEBLO INDIGENA O AFROMEXICANO": "NAHUA", "LOCALIDAD": "COAMITLA", "CLAVE LOC": 130250010, "TIPO DE ASENTAMIENTO": "COMUNIDAD INDIGENA", "NOMBRE": "COAMITLA", "MONTO ASIGNADO (PESOS)": 225296, "LATITUD": 21.062929, "LONGITUD": -98.260894 }, "geometry": { "type": "Point", "coordinates": [ -98.260894, 21.062929 ] } },
{ "type": "Feature", "properties": { "NO": 292, "ENTIDAD": "HIDALGO", "MUNICIPIO": "Huautla", "PUEBLO INDIGENA O AFROMEXICANO": "NAHUA", "LOCALIDAD": "COAPANTLA", "CLAVE LOC": 130250011, "TIPO DE ASENTAMIENTO": "COMUNIDAD INDIGENA", "NOMBRE": "COAPANTLA", "MONTO ASIGNADO (PESOS)": 313408, "LATITUD": 20.974351, "LONGITUD": -98.240227 }, "geometry": { "type": "Point", "coordinates": [ -98.240227, 20.974351 ] } },
{ "type": "Feature", "properties": { "NO": 293, "ENTIDAD": "HIDALGO", "MUNICIPIO": "Huautla", "PUEBLO INDIGENA O AFROMEXICANO": "NAHUA", "LOCALIDAD": "COATEMPA", "CLAVE LOC": 130250015, "TIPO DE ASENTAMIENTO": "COMUNIDAD INDIGENA", "NOMBRE": "COATEMPA", "MONTO ASIGNADO (PESOS)": 171943, "LATITUD": 21.092995, "LONGITUD": -98.21269 }, "geometry": { "type": "Point", "coordinates": [ -98.21269, 21.092995 ] } },
{ "type": "Feature", "properties": { "NO": 294, "ENTIDAD": "HIDALGO", "MUNICIPIO": "Huautla", "PUEBLO INDIGENA O AFROMEXICANO": "NAHUA", "LOCALIDAD": "COATENÁHUATL", "CLAVE LOC": 130250016, "TIPO DE ASENTAMIENTO": "COMUNIDAD INDIGENA", "NOMBRE": "COATENÁHUATL", "MONTO ASIGNADO (PESOS)": 375652, "LATITUD": 21.063388, "LONGITUD": -98.285982 }, "geometry": { "type": "Point", "coordinates": [ -98.285982, 21.063388 ] } },
{ "type": "Feature", "properties": { "NO": 295, "ENTIDAD": "HIDALGO", "MUNICIPIO": "Huautla", "PUEBLO INDIGENA O AFROMEXICANO": "NAHUA", "LOCALIDAD": "COATZACOATL", "CLAVE LOC": 130250012, "TIPO DE ASENTAMIENTO": "COMUNIDAD INDIGENA", "NOMBRE": "COATZACOATL", "MONTO ASIGNADO (PESOS)": 315833, "LATITUD": 21.065165, "LONGITUD": -98.277709 }, "geometry": { "type": "Point", "coordinates": [ -98.277709, 21.065165 ] } },
{ "type": "Feature", "properties": { "NO": 296, "ENTIDAD": "HIDALGO", "MUNICIPIO": "Huautla", "PUEBLO INDIGENA O AFROMEXICANO": "NAHUA", "LOCALIDAD": "COATZONCO", "CLAVE LOC": 130250013, "TIPO DE ASENTAMIENTO": "COMUNIDAD INDIGENA", "NOMBRE": "COATZONCO", "MONTO ASIGNADO (PESOS)": 470231, "LATITUD": 20.988889, "LONGITUD": -98.301667 }, "geometry": { "type": "Point", "coordinates": [ -98.301667, 20.988889 ] } },
{ "type": "Feature", "properties": { "NO": 297, "ENTIDAD": "HIDALGO", "MUNICIPIO": "Huautla", "PUEBLO INDIGENA O AFROMEXICANO": "NAHUA", "LOCALIDAD": "EL AGUACATE", "CLAVE LOC": 130250003, "TIPO DE ASENTAMIENTO": "COMUNIDAD INDIGENA", "NOMBRE": "EL AGUACATE", "MONTO ASIGNADO (PESOS)": 332809, "LATITUD": 21.049427, "LONGITUD": -98.232046 }, "geometry": { "type": "Point", "coordinates": [ -98.232046, 21.049427 ] } },
{ "type": "Feature", "properties": { "NO": 298, "ENTIDAD": "HIDALGO", "MUNICIPIO": "Huautla", "PUEBLO INDIGENA O AFROMEXICANO": "NAHUA", "LOCALIDAD": "EL BARBECHO", "CLAVE LOC": 130250008, "TIPO DE ASENTAMIENTO": "COMUNIDAD INDIGENA", "NOMBRE": "EL BARBECHO", "MONTO ASIGNADO (PESOS)": 418496, "LATITUD": 21.028816, "LONGITUD": -98.306335 }, "geometry": { "type": "Point", "coordinates": [ -98.306335, 21.028816 ] } },
{ "type": "Feature", "properties": { "NO": 299, "ENTIDAD": "HIDALGO", "MUNICIPIO": "Huautla", "PUEBLO INDIGENA O AFROMEXICANO": "NAHUA", "LOCALIDAD": "EL COJOLITE", "CLAVE LOC": 130250014, "TIPO DE ASENTAMIENTO": "COMUNIDAD INDIGENA", "NOMBRE": "EL COJOLITE", "MONTO ASIGNADO (PESOS)": 286732, "LATITUD": 21.002322, "LONGITUD": -98.282285 }, "geometry": { "type": "Point", "coordinates": [ -98.282285, 21.002322 ] } },
{ "type": "Feature", "properties": { "NO": 300, "ENTIDAD": "HIDALGO", "MUNICIPIO": "Huautla", "PUEBLO INDIGENA O AFROMEXICANO": "NAHUA", "LOCALIDAD": "EL IXTLE", "CLAVE LOC": 130250026, "TIPO DE ASENTAMIENTO": "COMUNIDAD INDIGENA", "NOMBRE": "EL IXTLE", "MONTO ASIGNADO (PESOS)": 416879, "LATITUD": 21.045828, "LONGITUD": -98.160295 }, "geometry": { "type": "Point", "coordinates": [ -98.160295, 21.045828 ] } },
{ "type": "Feature", "properties": { "NO": 301, "ENTIDAD": "HIDALGO", "MUNICIPIO": "Huautla", "PUEBLO INDIGENA O AFROMEXICANO": "NAHUA", "LOCALIDAD": "EL LINDERO", "CLAVE LOC": 130250027, "TIPO DE ASENTAMIENTO": "COMUNIDAD INDIGENA", "NOMBRE": "EL LINDERO", "MONTO ASIGNADO (PESOS)": 402471, "LATITUD": 21.084674, "LONGITUD": -98.178823 }, "geometry": { "type": "Point", "coordinates": [ -98.178823, 21.084674 ] } },
{ "type": "Feature", "properties": { "NO": 302, "ENTIDAD": "HIDALGO", "MUNICIPIO": "Huautla", "PUEBLO INDIGENA O AFROMEXICANO": "NAHUA", "LOCALIDAD": "EL PAJONAL", "CLAVE LOC": 130250031, "TIPO DE ASENTAMIENTO": "COMUNIDAD INDIGENA", "NOMBRE": "EL PAJONAL", "MONTO ASIGNADO (PESOS)": 140417, "LATITUD": 21.0677, "LONGITUD": -98.174822 }, "geometry": { "type": "Point", "coordinates": [ -98.174822, 21.0677 ] } },
{ "type": "Feature", "properties": { "NO": 303, "ENTIDAD": "HIDALGO", "MUNICIPIO": "Huautla", "PUEBLO INDIGENA O AFROMEXICANO": "NAHUA", "LOCALIDAD": "EL PROGRESO", "CLAVE LOC": 130250061, "TIPO DE ASENTAMIENTO": "COMUNIDAD INDIGENA", "NOMBRE": "EL PROGRESO", "MONTO ASIGNADO (PESOS)": 111316, "LATITUD": 21.049527, "LONGITUD": -98.250357 }, "geometry": { "type": "Point", "coordinates": [ -98.250357, 21.049527 ] } },
{ "type": "Feature", "properties": { "NO": 304, "ENTIDAD": "HIDALGO", "MUNICIPIO": "Huautla", "PUEBLO INDIGENA O AFROMEXICANO": "NAHUA", "LOCALIDAD": "FRACCIONAMIENTO NÚÑEZ SOTO", "CLAVE LOC": 130250078, "TIPO DE ASENTAMIENTO": "COMUNIDAD INDIGENA", "NOMBRE": "FRACCIONAMIENTO NÚÑEZ SOTO", "MONTO ASIGNADO (PESOS)": 197003, "LATITUD": 21.053212, "LONGITUD": -98.290408 }, "geometry": { "type": "Point", "coordinates": [ -98.290408, 21.053212 ] } },
{ "type": "Feature", "properties": { "NO": 305, "ENTIDAD": "HIDALGO", "MUNICIPIO": "Huautla", "PUEBLO INDIGENA O AFROMEXICANO": "NAHUA", "LOCALIDAD": "HERNÁNDEZTLA", "CLAVE LOC": 130250022, "TIPO DE ASENTAMIENTO": "COMUNIDAD INDIGENA", "NOMBRE": "HERNÁNDEZTLA", "MONTO ASIGNADO (PESOS)": 272989, "LATITUD": 21.012669, "LONGITUD": -98.304456 }, "geometry": { "type": "Point", "coordinates": [ -98.304456, 21.012669 ] } },
{ "type": "Feature", "properties": { "NO": 306, "ENTIDAD": "HIDALGO", "MUNICIPIO": "Huautla", "PUEBLO INDIGENA O AFROMEXICANO": "NAHUA", "LOCALIDAD": "HUAUTLA", "CLAVE LOC": 130250001, "TIPO DE ASENTAMIENTO": "COMUNIDAD INDIGENA", "NOMBRE": "HUAUTLA", "MONTO ASIGNADO (PESOS)": 187652, "LATITUD": 21.031386, "LONGITUD": -98.286821 }, "geometry": { "type": "Point", "coordinates": [ -98.286821, 21.031386 ] } },
{ "type": "Feature", "properties": { "NO": 307, "ENTIDAD": "HIDALGO", "MUNICIPIO": "Huautla", "PUEBLO INDIGENA O AFROMEXICANO": "NAHUA", "LOCALIDAD": "HUAZALINGUILLO", "CLAVE LOC": 130250036, "TIPO DE ASENTAMIENTO": "COMUNIDAD INDIGENA", "NOMBRE": "HUAZALINGUILLO", "MONTO ASIGNADO (PESOS)": 491249, "LATITUD": 20.990341, "LONGITUD": -98.247336 }, "geometry": { "type": "Point", "coordinates": [ -98.247336, 20.990341 ] } },
{ "type": "Feature", "properties": { "NO": 308, "ENTIDAD": "HIDALGO", "MUNICIPIO": "Huautla", "PUEBLO INDIGENA O AFROMEXICANO": "NAHUA", "LOCALIDAD": "HUEMACO", "CLAVE LOC": 130250023, "TIPO DE ASENTAMIENTO": "COMUNIDAD INDIGENA", "NOMBRE": "HUEMACO", "MONTO ASIGNADO (PESOS)": 407496, "LATITUD": 20.963056, "LONGITUD": -98.269166 }, "geometry": { "type": "Point", "coordinates": [ -98.269166, 20.963056 ] } },
{ "type": "Feature", "properties": { "NO": 309, "ENTIDAD": "HIDALGO", "MUNICIPIO": "Huautla", "PUEBLO INDIGENA O AFROMEXICANO": "NAHUA", "LOCALIDAD": "HUITZOTLACO", "CLAVE LOC": 130250024, "TIPO DE ASENTAMIENTO": "COMUNIDAD INDIGENA", "NOMBRE": "HUITZOTLACO", "MONTO ASIGNADO (PESOS)": 201471, "LATITUD": 20.992996, "LONGITUD": -98.215402 }, "geometry": { "type": "Point", "coordinates": [ -98.215402, 20.992996 ] } },
{ "type": "Feature", "properties": { "NO": 310, "ENTIDAD": "HIDALGO", "MUNICIPIO": "Huautla", "PUEBLO INDIGENA O AFROMEXICANO": "NAHUA", "LOCALIDAD": "IXTLAHUAC", "CLAVE LOC": 130250025, "TIPO DE ASENTAMIENTO": "COMUNIDAD INDIGENA", "NOMBRE": "IXTLAHUAC", "MONTO ASIGNADO (PESOS)": 289965, "LATITUD": 21.035986, "LONGITUD": -98.314701 }, "geometry": { "type": "Point", "coordinates": [ -98.314701, 21.035986 ] } },
{ "type": "Feature", "properties": { "NO": 311, "ENTIDAD": "HIDALGO", "MUNICIPIO": "Huautla", "PUEBLO INDIGENA O AFROMEXICANO": "NAHUA", "LOCALIDAD": "LA LOMA", "CLAVE LOC": 130250069, "TIPO DE ASENTAMIENTO": "COMUNIDAD INDIGENA", "NOMBRE": "LA LOMA", "MONTO ASIGNADO (PESOS)": 181371, "LATITUD": 21.003113, "LONGITUD": -98.220304 }, "geometry": { "type": "Point", "coordinates": [ -98.220304, 21.003113 ] } },
{ "type": "Feature", "properties": { "NO": 312, "ENTIDAD": "HIDALGO", "MUNICIPIO": "Huautla", "PUEBLO INDIGENA O AFROMEXICANO": "NAHUA", "LOCALIDAD": "LA MESA", "CLAVE LOC": 130250028, "TIPO DE ASENTAMIENTO": "COMUNIDAD INDIGENA", "NOMBRE": "LA MESA", "MONTO ASIGNADO (PESOS)": 330383, "LATITUD": 21.018653, "LONGITUD": -98.193904 }, "geometry": { "type": "Point", "coordinates": [ -98.193904, 21.018653 ] } },
{ "type": "Feature", "properties": { "NO": 313, "ENTIDAD": "HIDALGO", "MUNICIPIO": "Huautla", "PUEBLO INDIGENA O AFROMEXICANO": "NAHUA", "LOCALIDAD": "LA PUERTA", "CLAVE LOC": 130250060, "TIPO DE ASENTAMIENTO": "COMUNIDAD INDIGENA", "NOMBRE": "LA PUERTA", "MONTO ASIGNADO (PESOS)": 269756, "LATITUD": 21.050596, "LONGITUD": -98.273397 }, "geometry": { "type": "Point", "coordinates": [ -98.273397, 21.050596 ] } },
{ "type": "Feature", "properties": { "NO": 314, "ENTIDAD": "HIDALGO", "MUNICIPIO": "Huautla", "PUEBLO INDIGENA O AFROMEXICANO": "NAHUA", "LOCALIDAD": "LAS PILAS", "CLAVE LOC": 130250033, "TIPO DE ASENTAMIENTO": "COMUNIDAD INDIGENA", "NOMBRE": "LAS PILAS", "MONTO ASIGNADO (PESOS)": 236613, "LATITUD": 21.009344, "LONGITUD": -98.299905 }, "geometry": { "type": "Point", "coordinates": [ -98.299905, 21.009344 ] } },
{ "type": "Feature", "properties": { "NO": 315, "ENTIDAD": "HIDALGO", "MUNICIPIO": "Huautla", "PUEBLO INDIGENA O AFROMEXICANO": "NAHUA", "LOCALIDAD": "LOS CEREZOS", "CLAVE LOC": 130250009, "TIPO DE ASENTAMIENTO": "COMUNIDAD INDIGENA", "NOMBRE": "LOS CEREZOS", "MONTO ASIGNADO (PESOS)": 359485, "LATITUD": 21.027222, "LONGITUD": -98.246111 }, "geometry": { "type": "Point", "coordinates": [ -98.246111, 21.027222 ] } },
{ "type": "Feature", "properties": { "NO": 316, "ENTIDAD": "HIDALGO", "MUNICIPIO": "Huautla", "PUEBLO INDIGENA O AFROMEXICANO": "NAHUA", "LOCALIDAD": "LOS PUENTES", "CLAVE LOC": 130250035, "TIPO DE ASENTAMIENTO": "COMUNIDAD INDIGENA", "NOMBRE": "LOS PUENTES", "MONTO ASIGNADO (PESOS)": 394245, "LATITUD": 21.040062, "LONGITUD": -98.311805 }, "geometry": { "type": "Point", "coordinates": [ -98.311805, 21.040062 ] } },
{ "type": "Feature", "properties": { "NO": 317, "ENTIDAD": "HIDALGO", "MUNICIPIO": "Huautla", "PUEBLO INDIGENA O AFROMEXICANO": "NAHUA", "LOCALIDAD": "METLATEPEC", "CLAVE LOC": 130250029, "TIPO DE ASENTAMIENTO": "COMUNIDAD INDIGENA", "NOMBRE": "METLATEPEC", "MONTO ASIGNADO (PESOS)": 460258, "LATITUD": 21.120274, "LONGITUD": -98.240284 }, "geometry": { "type": "Point", "coordinates": [ -98.240284, 21.120274 ] } },
{ "type": "Feature", "properties": { "NO": 318, "ENTIDAD": "HIDALGO", "MUNICIPIO": "Huautla", "PUEBLO INDIGENA O AFROMEXICANO": "NAHUA", "LOCALIDAD": "MILKAUAL", "CLAVE LOC": 130250079, "TIPO DE ASENTAMIENTO": "COMUNIDAD INDIGENA", "NOMBRE": "MILKAUAL", "MONTO ASIGNADO (PESOS)": 226912, "LATITUD": 21.038542, "LONGITUD": -98.306788 }, "geometry": { "type": "Point", "coordinates": [ -98.306788, 21.038542 ] } },
{ "type": "Feature", "properties": { "NO": 319, "ENTIDAD": "HIDALGO", "MUNICIPIO": "Huautla", "PUEBLO INDIGENA O AFROMEXICANO": "NAHUA", "LOCALIDAD": "PAHUATITLA", "CLAVE LOC": 130250030, "TIPO DE ASENTAMIENTO": "COMUNIDAD INDIGENA", "NOMBRE": "PAHUATITLA", "MONTO ASIGNADO (PESOS)": 330383, "LATITUD": 21.063611, "LONGITUD": -98.270555 }, "geometry": { "type": "Point", "coordinates": [ -98.270555, 21.063611 ] } },
{ "type": "Feature", "properties": { "NO": 320, "ENTIDAD": "HIDALGO", "MUNICIPIO": "Huautla", "PUEBLO INDIGENA O AFROMEXICANO": "NAHUA", "LOCALIDAD": "PEPEYOCA DE CABRERA", "CLAVE LOC": 130250032, "TIPO DE ASENTAMIENTO": "COMUNIDAD INDIGENA", "NOMBRE": "PEPEYOCA DE CABRERA", "MONTO ASIGNADO (PESOS)": 197811, "LATITUD": 20.977777, "LONGITUD": -98.222777 }, "geometry": { "type": "Point", "coordinates": [ -98.222777, 20.977777 ] } },
{ "type": "Feature", "properties": { "NO": 321, "ENTIDAD": "HIDALGO", "MUNICIPIO": "Huautla", "PUEBLO INDIGENA O AFROMEXICANO": "NAHUA", "LOCALIDAD": "PILTEPECO", "CLAVE LOC": 130250034, "TIPO DE ASENTAMIENTO": "COMUNIDAD INDIGENA", "NOMBRE": "PILTEPECO", "MONTO ASIGNADO (PESOS)": 258439, "LATITUD": 20.954278, "LONGITUD": -98.248741 }, "geometry": { "type": "Point", "coordinates": [ -98.248741, 20.954278 ] } },
{ "type": "Feature", "properties": { "NO": 322, "ENTIDAD": "HIDALGO", "MUNICIPIO": "Huautla", "PUEBLO INDIGENA O AFROMEXICANO": "NAHUA", "LOCALIDAD": "SANTO DOMINGO", "CLAVE LOC": 130250037, "TIPO DE ASENTAMIENTO": "COMUNIDAD INDIGENA", "NOMBRE": "SANTO DOMINGO", "MONTO ASIGNADO (PESOS)": 389908, "LATITUD": 21.093319, "LONGITUD": -98.244104 }, "geometry": { "type": "Point", "coordinates": [ -98.244104, 21.093319 ] } },
{ "type": "Feature", "properties": { "NO": 323, "ENTIDAD": "HIDALGO", "MUNICIPIO": "Huautla", "PUEBLO INDIGENA O AFROMEXICANO": "NAHUA", "LOCALIDAD": "TAMOYÓN I", "CLAVE LOC": 130250038, "TIPO DE ASENTAMIENTO": "COMUNIDAD INDIGENA", "NOMBRE": "TAMOYÓN I", "MONTO ASIGNADO (PESOS)": 816213, "LATITUD": 21.023029, "LONGITUD": -98.247134 }, "geometry": { "type": "Point", "coordinates": [ -98.247134, 21.023029 ] } },
{ "type": "Feature", "properties": { "NO": 324, "ENTIDAD": "HIDALGO", "MUNICIPIO": "Huautla", "PUEBLO INDIGENA O AFROMEXICANO": "NAHUA", "LOCALIDAD": "TAMOYÓN II", "CLAVE LOC": 130250039, "TIPO DE ASENTAMIENTO": "COMUNIDAD INDIGENA", "NOMBRE": "TAMOYÓN II", "MONTO ASIGNADO (PESOS)": 271821, "LATITUD": 21.017024, "LONGITUD": -98.212816 }, "geometry": { "type": "Point", "coordinates": [ -98.212816, 21.017024 ] } },
{ "type": "Feature", "properties": { "NO": 325, "ENTIDAD": "HIDALGO", "MUNICIPIO": "Huautla", "PUEBLO INDIGENA O AFROMEXICANO": "NAHUA", "LOCALIDAD": "TECOLUCO CALPAN", "CLAVE LOC": 130250040, "TIPO DE ASENTAMIENTO": "COMUNIDAD INDIGENA", "NOMBRE": "TECOLUCO CALPAN", "MONTO ASIGNADO (PESOS)": 177602, "LATITUD": 21.130833, "LONGITUD": -98.251944 }, "geometry": { "type": "Point", "coordinates": [ -98.251944, 21.130833 ] } },
{ "type": "Feature", "properties": { "NO": 326, "ENTIDAD": "HIDALGO", "MUNICIPIO": "Huautla", "PUEBLO INDIGENA O AFROMEXICANO": "NAHUA", "LOCALIDAD": "TEPECO", "CLAVE LOC": 130250042, "TIPO DE ASENTAMIENTO": "COMUNIDAD INDIGENA", "NOMBRE": "TEPECO", "MONTO ASIGNADO (PESOS)": 349784, "LATITUD": 21.06265, "LONGITUD": -98.186411 }, "geometry": { "type": "Point", "coordinates": [ -98.186411, 21.06265 ] } },
{ "type": "Feature", "properties": { "NO": 327, "ENTIDAD": "HIDALGO", "MUNICIPIO": "Huautla", "PUEBLO INDIGENA O AFROMEXICANO": "NAHUA", "LOCALIDAD": "TEPETZINTLA", "CLAVE LOC": 130250043, "TIPO DE ASENTAMIENTO": "COMUNIDAD INDIGENA", "NOMBRE": "TEPETZINTLA", "MONTO ASIGNADO (PESOS)": 197003, "LATITUD": 21.07577, "LONGITUD": -98.178974 }, "geometry": { "type": "Point", "coordinates": [ -98.178974, 21.07577 ] } },
{ "type": "Feature", "properties": { "NO": 328, "ENTIDAD": "HIDALGO", "MUNICIPIO": "Huautla", "PUEBLO INDIGENA O AFROMEXICANO": "NAHUA", "LOCALIDAD": "TEPEXQUIMITL", "CLAVE LOC": 130250044, "TIPO DE ASENTAMIENTO": "COMUNIDAD INDIGENA", "NOMBRE": "TEPEXQUIMITL", "MONTO ASIGNADO (PESOS)": 275589, "LATITUD": 21.069049, "LONGITUD": -98.271513 }, "geometry": { "type": "Point", "coordinates": [ -98.271513, 21.069049 ] } },
{ "type": "Feature", "properties": { "NO": 329, "ENTIDAD": "HIDALGO", "MUNICIPIO": "Huautla", "PUEBLO INDIGENA O AFROMEXICANO": "NAHUA", "LOCALIDAD": "TERRERO", "CLAVE LOC": 130250059, "TIPO DE ASENTAMIENTO": "COMUNIDAD INDIGENA", "NOMBRE": "TERRERO", "MONTO ASIGNADO (PESOS)": 256014, "LATITUD": 21.026906, "LONGITUD": -98.223663 }, "geometry": { "type": "Point", "coordinates": [ -98.223663, 21.026906 ] } },
{ "type": "Feature", "properties": { "NO": 330, "ENTIDAD": "HIDALGO", "MUNICIPIO": "Huautla", "PUEBLO INDIGENA O AFROMEXICANO": "NAHUA", "LOCALIDAD": "TLACUAPAN", "CLAVE LOC": 130250046, "TIPO DE ASENTAMIENTO": "COMUNIDAD INDIGENA", "NOMBRE": "TLACUAPAN", "MONTO ASIGNADO (PESOS)": 489632, "LATITUD": 21.040394, "LONGITUD": -98.306417 }, "geometry": { "type": "Point", "coordinates": [ -98.306417, 21.040394 ] } },
{ "type": "Feature", "properties": { "NO": 331, "ENTIDAD": "HIDALGO", "MUNICIPIO": "Huautla", "PUEBLO INDIGENA O AFROMEXICANO": "NAHUA", "LOCALIDAD": "TLALPANE", "CLAVE LOC": 130250067, "TIPO DE ASENTAMIENTO": "COMUNIDAD INDIGENA", "NOMBRE": "TLALPANE", "MONTO ASIGNADO (PESOS)": 178410, "LATITUD": 20.994191, "LONGITUD": -98.304068 }, "geometry": { "type": "Point", "coordinates": [ -98.304068, 20.994191 ] } },
{ "type": "Feature", "properties": { "NO": 332, "ENTIDAD": "HIDALGO", "MUNICIPIO": "Huautla", "PUEBLO INDIGENA O AFROMEXICANO": "NAHUA", "LOCALIDAD": "TOHUACO AMATZINTLA (TOHUACO III)", "CLAVE LOC": 130250047, "TIPO DE ASENTAMIENTO": "COMUNIDAD INDIGENA", "NOMBRE": "TOHUACO AMATZINTLA (TOHUACO III)", "MONTO ASIGNADO (PESOS)": 230954, "LATITUD": 21.113549, "LONGITUD": -98.261817 }, "geometry": { "type": "Point", "coordinates": [ -98.261817, 21.113549 ] } },
{ "type": "Feature", "properties": { "NO": 333, "ENTIDAD": "HIDALGO", "MUNICIPIO": "Huautla", "PUEBLO INDIGENA O AFROMEXICANO": "NAHUA", "LOCALIDAD": "TOHUACO I", "CLAVE LOC": 130250048, "TIPO DE ASENTAMIENTO": "COMUNIDAD INDIGENA", "NOMBRE": "TOHUACO I", "MONTO ASIGNADO (PESOS)": 309508, "LATITUD": 21.093055, "LONGITUD": -98.262778 }, "geometry": { "type": "Point", "coordinates": [ -98.262778, 21.093055 ] } },
{ "type": "Feature", "properties": { "NO": 334, "ENTIDAD": "HIDALGO", "MUNICIPIO": "Huautla", "PUEBLO INDIGENA O AFROMEXICANO": "NAHUA", "LOCALIDAD": "TOHUACO II", "CLAVE LOC": 130250049, "TIPO DE ASENTAMIENTO": "COMUNIDAD INDIGENA", "NOMBRE": "TOHUACO II", "MONTO ASIGNADO (PESOS)": 275589, "LATITUD": 21.101111, "LONGITUD": -98.263889 }, "geometry": { "type": "Point", "coordinates": [ -98.263889, 21.101111 ] } },
{ "type": "Feature", "properties": { "NO": 335, "ENTIDAD": "HIDALGO", "MUNICIPIO": "Huautla", "PUEBLO INDIGENA O AFROMEXICANO": "NAHUA", "LOCALIDAD": "TZACUALA", "CLAVE LOC": 130250050, "TIPO DE ASENTAMIENTO": "COMUNIDAD INDIGENA", "NOMBRE": "TZACUALA", "MONTO ASIGNADO (PESOS)": 752964, "LATITUD": 21.106439, "LONGITUD": -98.227493 }, "geometry": { "type": "Point", "coordinates": [ -98.227493, 21.106439 ] } },
{ "type": "Feature", "properties": { "NO": 336, "ENTIDAD": "HIDALGO", "MUNICIPIO": "Huautla", "PUEBLO INDIGENA O AFROMEXICANO": "NAHUA", "LOCALIDAD": "TZOCOHUIJAPA", "CLAVE LOC": 130250051, "TIPO DE ASENTAMIENTO": "COMUNIDAD INDIGENA", "NOMBRE": "TZOCOHUIJAPA", "MONTO ASIGNADO (PESOS)": 108890, "LATITUD": 21.003174, "LONGITUD": -98.21547 }, "geometry": { "type": "Point", "coordinates": [ -98.21547, 21.003174 ] } },
{ "type": "Feature", "properties": { "NO": 337, "ENTIDAD": "HIDALGO", "MUNICIPIO": "Huautla", "PUEBLO INDIGENA O AFROMEXICANO": "NAHUA", "LOCALIDAD": "VICENTE GUERRERO", "CLAVE LOC": 130250064, "TIPO DE ASENTAMIENTO": "COMUNIDAD INDIGENA", "NOMBRE": "VICENTE GUERRERO", "MONTO ASIGNADO (PESOS)": 470308, "LATITUD": 21.061229, "LONGITUD": -98.289452 }, "geometry": { "type": "Point", "coordinates": [ -98.289452, 21.061229 ] } },
{ "type": "Feature", "properties": { "NO": 338, "ENTIDAD": "HIDALGO", "MUNICIPIO": "Huautla", "PUEBLO INDIGENA O AFROMEXICANO": "NAHUA", "LOCALIDAD": "VINASCO", "CLAVE LOC": 130250052, "TIPO DE ASENTAMIENTO": "COMUNIDAD INDIGENA", "NOMBRE": "VINASCO", "MONTO ASIGNADO (PESOS)": 193769, "LATITUD": 21.054484, "LONGITUD": -98.241614 }, "geometry": { "type": "Point", "coordinates": [ -98.241614, 21.054484 ] } },
{ "type": "Feature", "properties": { "NO": 339, "ENTIDAD": "HIDALGO", "MUNICIPIO": "Huautla", "PUEBLO INDIGENA O AFROMEXICANO": "NAHUA", "LOCALIDAD": "XÓCHITL", "CLAVE LOC": 130250053, "TIPO DE ASENTAMIENTO": "COMUNIDAD INDIGENA", "NOMBRE": "XÓCHITL", "MONTO ASIGNADO (PESOS)": 249547, "LATITUD": 21.067377, "LONGITUD": -98.254698 }, "geometry": { "type": "Point", "coordinates": [ -98.254698, 21.067377 ] } },
{ "type": "Feature", "properties": { "NO": 340, "ENTIDAD": "HIDALGO", "MUNICIPIO": "Huautla", "PUEBLO INDIGENA O AFROMEXICANO": "NAHUA", "LOCALIDAD": "ZACATIPA", "CLAVE LOC": 130250054, "TIPO DE ASENTAMIENTO": "COMUNIDAD INDIGENA", "NOMBRE": "ZACATIPA", "MONTO ASIGNADO (PESOS)": 558246, "LATITUD": 20.951116, "LONGITUD": -98.256648 }, "geometry": { "type": "Point", "coordinates": [ -98.256648, 20.951116 ] } },
{ "type": "Feature", "properties": { "NO": 341, "ENTIDAD": "HIDALGO", "MUNICIPIO": "Huazalingo", "PUEBLO INDIGENA O AFROMEXICANO": "NAHUA", "LOCALIDAD": "AHUATITLA", "CLAVE LOC": 130260049, "TIPO DE ASENTAMIENTO": "COMUNIDAD INDIGENA", "NOMBRE": "AHUATITLA", "MONTO ASIGNADO (PESOS)": 299665, "LATITUD": 21.038483, "LONGITUD": -98.505262 }, "geometry": { "type": "Point", "coordinates": [ -98.505262, 21.038483 ] } },
{ "type": "Feature", "properties": { "NO": 342, "ENTIDAD": "HIDALGO", "MUNICIPIO": "Huazalingo", "PUEBLO INDIGENA O AFROMEXICANO": "NAHUA", "LOCALIDAD": "ÁMAXAC", "CLAVE LOC": 130260003, "TIPO DE ASENTAMIENTO": "COMUNIDAD INDIGENA", "NOMBRE": "ÁMAXAC", "MONTO ASIGNADO (PESOS)": 225296, "LATITUD": 21.041907, "LONGITUD": -98.441964 }, "geometry": { "type": "Point", "coordinates": [ -98.441964, 21.041907 ] } },
{ "type": "Feature", "properties": { "NO": 343, "ENTIDAD": "HIDALGO", "MUNICIPIO": "Huazalingo", "PUEBLO INDIGENA O AFROMEXICANO": "NAHUA", "LOCALIDAD": "CHIATIPÁN", "CLAVE LOC": 130260013, "TIPO DE ASENTAMIENTO": "COMUNIDAD INDIGENA", "NOMBRE": "CHIATIPÁN", "MONTO ASIGNADO (PESOS)": 1512218, "LATITUD": 21.021864, "LONGITUD": -98.526516 }, "geometry": { "type": "Point", "coordinates": [ -98.526516, 21.021864 ] } },
{ "type": "Feature", "properties": { "NO": 344, "ENTIDAD": "HIDALGO", "MUNICIPIO": "Huazalingo", "PUEBLO INDIGENA O AFROMEXICANO": "NAHUA", "LOCALIDAD": "COAXOCOTITLA", "CLAVE LOC": 130260011, "TIPO DE ASENTAMIENTO": "COMUNIDAD INDIGENA", "NOMBRE": "COAXOCOTITLA", "MONTO ASIGNADO (PESOS)": 99190, "LATITUD": 20.969029, "LONGITUD": -98.503719 }, "geometry": { "type": "Point", "coordinates": [ -98.503719, 20.969029 ] } },
{ "type": "Feature", "properties": { "NO": 345, "ENTIDAD": "HIDALGO", "MUNICIPIO": "Huazalingo", "PUEBLO INDIGENA O AFROMEXICANO": "NAHUA", "LOCALIDAD": "COMALA", "CLAVE LOC": 130260009, "TIPO DE ASENTAMIENTO": "COMUNIDAD INDIGENA", "NOMBRE": "COMALA", "MONTO ASIGNADO (PESOS)": 192961, "LATITUD": 21.023685, "LONGITUD": -98.497438 }, "geometry": { "type": "Point", "coordinates": [ -98.497438, 21.023685 ] } },
{ "type": "Feature", "properties": { "NO": 346, "ENTIDAD": "HIDALGO", "MUNICIPIO": "Huazalingo", "PUEBLO INDIGENA O AFROMEXICANO": "NAHUA", "LOCALIDAD": "CONGRESO", "CLAVE LOC": 130260050, "TIPO DE ASENTAMIENTO": "COMUNIDAD INDIGENA", "NOMBRE": "CONGRESO", "MONTO ASIGNADO (PESOS)": 278648, "LATITUD": 21.031693, "LONGITUD": -98.500114 }, "geometry": { "type": "Point", "coordinates": [ -98.500114, 21.031693 ] } },
{ "type": "Feature", "properties": { "NO": 347, "ENTIDAD": "HIDALGO", "MUNICIPIO": "Huazalingo", "PUEBLO INDIGENA O AFROMEXICANO": "NAHUA", "LOCALIDAD": "COPALTITLA", "CLAVE LOC": 130260010, "TIPO DE ASENTAMIENTO": "COMUNIDAD INDIGENA", "NOMBRE": "COPALTITLA", "MONTO ASIGNADO (PESOS)": 592164, "LATITUD": 21.017094, "LONGITUD": -98.453788 }, "geometry": { "type": "Point", "coordinates": [ -98.453788, 21.017094 ] } },
{ "type": "Feature", "properties": { "NO": 348, "ENTIDAD": "HIDALGO", "MUNICIPIO": "Huazalingo", "PUEBLO INDIGENA O AFROMEXICANO": "NAHUA", "LOCALIDAD": "CUAMONTAX", "CLAVE LOC": 130260007, "TIPO DE ASENTAMIENTO": "COMUNIDAD INDIGENA", "NOMBRE": "CUAMONTAX", "MONTO ASIGNADO (PESOS)": 677743, "LATITUD": 21.024952, "LONGITUD": -98.429331 }, "geometry": { "type": "Point", "coordinates": [ -98.429331, 21.024952 ] } },
{ "type": "Feature", "properties": { "NO": 349, "ENTIDAD": "HIDALGO", "MUNICIPIO": "Huazalingo", "PUEBLO INDIGENA O AFROMEXICANO": "NAHUA", "LOCALIDAD": "HUILOTITLA I", "CLAVE LOC": 130260014, "TIPO DE ASENTAMIENTO": "COMUNIDAD INDIGENA", "NOMBRE": "HUILOTITLA I", "MONTO ASIGNADO (PESOS)": 177602, "LATITUD": 21.05094, "LONGITUD": -98.49216 }, "geometry": { "type": "Point", "coordinates": [ -98.49216, 21.05094 ] } },
{ "type": "Feature", "properties": { "NO": 350, "ENTIDAD": "HIDALGO", "MUNICIPIO": "Huazalingo", "PUEBLO INDIGENA O AFROMEXICANO": "NAHUA", "LOCALIDAD": "HUILOTITLA II", "CLAVE LOC": 130260056, "TIPO DE ASENTAMIENTO": "COMUNIDAD INDIGENA", "NOMBRE": "HUILOTITLA II", "MONTO ASIGNADO (PESOS)": 207511, "LATITUD": 21.055768, "LONGITUD": -98.498256 }, "geometry": { "type": "Point", "coordinates": [ -98.498256, 21.055768 ] } },
{ "type": "Feature", "properties": { "NO": 351, "ENTIDAD": "HIDALGO", "MUNICIPIO": "Huazalingo", "PUEBLO INDIGENA O AFROMEXICANO": "NAHUA", "LOCALIDAD": "IXTLAHUAC", "CLAVE LOC": 130260016, "TIPO DE ASENTAMIENTO": "COMUNIDAD INDIGENA", "NOMBRE": "IXTLAHUAC", "MONTO ASIGNADO (PESOS)": 366760, "LATITUD": 20.958284, "LONGITUD": -98.492143 }, "geometry": { "type": "Point", "coordinates": [ -98.492143, 20.958284 ] } },
{ "type": "Feature", "properties": { "NO": 352, "ENTIDAD": "HIDALGO", "MUNICIPIO": "Huazalingo", "PUEBLO INDIGENA O AFROMEXICANO": "NAHUA", "LOCALIDAD": "LA CEIBA", "CLAVE LOC": 130260041, "TIPO DE ASENTAMIENTO": "COMUNIDAD INDIGENA", "NOMBRE": "LA CEIBA", "MONTO ASIGNADO (PESOS)": 265714, "LATITUD": 21.044929, "LONGITUD": -98.42542 }, "geometry": { "type": "Point", "coordinates": [ -98.42542, 21.044929 ] } },
{ "type": "Feature", "properties": { "NO": 353, "ENTIDAD": "HIDALGO", "MUNICIPIO": "Huazalingo", "PUEBLO INDIGENA O AFROMEXICANO": "NAHUA", "LOCALIDAD": "MAZAHAPA", "CLAVE LOC": 130260017, "TIPO DE ASENTAMIENTO": "COMUNIDAD INDIGENA", "NOMBRE": "MAZAHAPA", "MONTO ASIGNADO (PESOS)": 243888, "LATITUD": 20.990375, "LONGITUD": -98.499054 }, "geometry": { "type": "Point", "coordinates": [ -98.499054, 20.990375 ] } },
{ "type": "Feature", "properties": { "NO": 354, "ENTIDAD": "HIDALGO", "MUNICIPIO": "Huazalingo", "PUEBLO INDIGENA O AFROMEXICANO": "NAHUA", "LOCALIDAD": "NUEVO HIDALGO", "CLAVE LOC": 130260052, "TIPO DE ASENTAMIENTO": "COMUNIDAD INDIGENA", "NOMBRE": "NUEVO HIDALGO", "MONTO ASIGNADO (PESOS)": 158201, "LATITUD": 20.943661, "LONGITUD": -98.517921 }, "geometry": { "type": "Point", "coordinates": [ -98.517921, 20.943661 ] } },
{ "type": "Feature", "properties": { "NO": 355, "ENTIDAD": "HIDALGO", "MUNICIPIO": "Huazalingo", "PUEBLO INDIGENA O AFROMEXICANO": "NAHUA", "LOCALIDAD": "OTECOCH", "CLAVE LOC": 130260018, "TIPO DE ASENTAMIENTO": "COMUNIDAD INDIGENA", "NOMBRE": "OTECOCH", "MONTO ASIGNADO (PESOS)": 222062, "LATITUD": 21.015265, "LONGITUD": -98.462249 }, "geometry": { "type": "Point", "coordinates": [ -98.462249, 21.015265 ] } },
{ "type": "Feature", "properties": { "NO": 356, "ENTIDAD": "HIDALGO", "MUNICIPIO": "Huazalingo", "PUEBLO INDIGENA O AFROMEXICANO": "NAHUA", "LOCALIDAD": "PILCHIATIPA", "CLAVE LOC": 130260021, "TIPO DE ASENTAMIENTO": "COMUNIDAD INDIGENA", "NOMBRE": "PILCHIATIPA", "MONTO ASIGNADO (PESOS)": 691724, "LATITUD": 21.033847, "LONGITUD": -98.469035 }, "geometry": { "type": "Point", "coordinates": [ -98.469035, 21.033847 ] } },
{ "type": "Feature", "properties": { "NO": 357, "ENTIDAD": "HIDALGO", "MUNICIPIO": "Huazalingo", "PUEBLO INDIGENA O AFROMEXICANO": "NAHUA", "LOCALIDAD": "SAN FRANCISCO", "CLAVE LOC": 130260023, "TIPO DE ASENTAMIENTO": "COMUNIDAD INDIGENA", "NOMBRE": "SAN FRANCISCO", "MONTO ASIGNADO (PESOS)": 1652874, "LATITUD": 21.019254, "LONGITUD": -98.486231 }, "geometry": { "type": "Point", "coordinates": [ -98.486231, 21.019254 ] } },
{ "type": "Feature", "properties": { "NO": 358, "ENTIDAD": "HIDALGO", "MUNICIPIO": "Huazalingo", "PUEBLO INDIGENA O AFROMEXICANO": "NAHUA", "LOCALIDAD": "SAN JUAN", "CLAVE LOC": 130260024, "TIPO DE ASENTAMIENTO": "COMUNIDAD INDIGENA", "NOMBRE": "SAN JUAN", "MONTO ASIGNADO (PESOS)": 462956, "LATITUD": 20.989493, "LONGITUD": -98.504406 }, "geometry": { "type": "Point", "coordinates": [ -98.504406, 20.989493 ] } },
{ "type": "Feature", "properties": { "NO": 359, "ENTIDAD": "HIDALGO", "MUNICIPIO": "Huazalingo", "PUEBLO INDIGENA O AFROMEXICANO": "NAHUA", "LOCALIDAD": "SAN PEDRO", "CLAVE LOC": 130260025, "TIPO DE ASENTAMIENTO": "COMUNIDAD INDIGENA", "NOMBRE": "SAN PEDRO", "MONTO ASIGNADO (PESOS)": 733759, "LATITUD": 20.952226, "LONGITUD": -98.525442 }, "geometry": { "type": "Point", "coordinates": [ -98.525442, 20.952226 ] } },
{ "type": "Feature", "properties": { "NO": 360, "ENTIDAD": "HIDALGO", "MUNICIPIO": "Huazalingo", "PUEBLO INDIGENA O AFROMEXICANO": "NAHUA", "LOCALIDAD": "SANTA MARÍA", "CLAVE LOC": 130260026, "TIPO DE ASENTAMIENTO": "COMUNIDAD INDIGENA", "NOMBRE": "SANTA MARÍA", "MONTO ASIGNADO (PESOS)": 370802, "LATITUD": 20.998277, "LONGITUD": -98.46867 }, "geometry": { "type": "Point", "coordinates": [ -98.46867, 20.998277 ] } },
{ "type": "Feature", "properties": { "NO": 361, "ENTIDAD": "HIDALGO", "MUNICIPIO": "Huazalingo", "PUEBLO INDIGENA O AFROMEXICANO": "NAHUA", "LOCALIDAD": "SANTO TOMÁS (CUAXAHUAL)", "CLAVE LOC": 130260027, "TIPO DE ASENTAMIENTO": "COMUNIDAD INDIGENA", "NOMBRE": "SANTO TOMÁS (CUAXAHUAL)", "MONTO ASIGNADO (PESOS)": 1268027, "LATITUD": 20.986782, "LONGITUD": -98.452708 }, "geometry": { "type": "Point", "coordinates": [ -98.452708, 20.986782 ] } },
{ "type": "Feature", "properties": { "NO": 362, "ENTIDAD": "HIDALGO", "MUNICIPIO": "Huazalingo", "PUEBLO INDIGENA O AFROMEXICANO": "NAHUA", "LOCALIDAD": "SANTO TOMÁS (CUAXAHUAL)", "CLAVE LOC": 130260027, "TIPO DE ASENTAMIENTO": "LOCALIDAD CON POBLACION INDIGENA", "NOMBRE": "SANTO TOMÁS (CUAXAHUAL)", "MONTO ASIGNADO (PESOS)": 846123, "LATITUD": 20.986782, "LONGITUD": -98.452708 }, "geometry": { "type": "Point", "coordinates": [ -98.452708, 20.986782 ] } },
{ "type": "Feature", "properties": { "NO": 363, "ENTIDAD": "HIDALGO", "MUNICIPIO": "Huazalingo", "PUEBLO INDIGENA O AFROMEXICANO": "NAHUA", "LOCALIDAD": "TEPEMAXAC", "CLAVE LOC": 130260033, "TIPO DE ASENTAMIENTO": "COMUNIDAD INDIGENA", "NOMBRE": "TEPEMAXAC", "MONTO ASIGNADO (PESOS)": 260864, "LATITUD": 21.030346, "LONGITUD": -98.491642 }, "geometry": { "type": "Point", "coordinates": [ -98.491642, 21.030346 ] } },
{ "type": "Feature", "properties": { "NO": 364, "ENTIDAD": "HIDALGO", "MUNICIPIO": "Huazalingo", "PUEBLO INDIGENA O AFROMEXICANO": "NAHUA", "LOCALIDAD": "TETLICUIL", "CLAVE LOC": 130260036, "TIPO DE ASENTAMIENTO": "COMUNIDAD INDIGENA", "NOMBRE": "TETLICUIL", "MONTO ASIGNADO (PESOS)": 184877, "LATITUD": 20.973491, "LONGITUD": -98.498954 }, "geometry": { "type": "Point", "coordinates": [ -98.498954, 20.973491 ] } },
{ "type": "Feature", "properties": { "NO": 365, "ENTIDAD": "HIDALGO", "MUNICIPIO": "Huazalingo", "PUEBLO INDIGENA O AFROMEXICANO": "NAHUA", "LOCALIDAD": "TLAMAMALA", "CLAVE LOC": 130260039, "TIPO DE ASENTAMIENTO": "COMUNIDAD INDIGENA", "NOMBRE": "TLAMAMALA", "MONTO ASIGNADO (PESOS)": 668281, "LATITUD": 20.969574, "LONGITUD": -98.541567 }, "geometry": { "type": "Point", "coordinates": [ -98.541567, 20.969574 ] } },
{ "type": "Feature", "properties": { "NO": 366, "ENTIDAD": "HIDALGO", "MUNICIPIO": "Huazalingo", "PUEBLO INDIGENA O AFROMEXICANO": "NAHUA", "LOCALIDAD": "TLATZONCO", "CLAVE LOC": 130260040, "TIPO DE ASENTAMIENTO": "COMUNIDAD INDIGENA", "NOMBRE": "TLATZONCO", "MONTO ASIGNADO (PESOS)": 350593, "LATITUD": 20.964793, "LONGITUD": -98.470997 }, "geometry": { "type": "Point", "coordinates": [ -98.470997, 20.964793 ] } },
{ "type": "Feature", "properties": { "NO": 367, "ENTIDAD": "HIDALGO", "MUNICIPIO": "Huazalingo", "PUEBLO INDIGENA O AFROMEXICANO": "NAHUA", "LOCALIDAD": "TZAPOTITLA", "CLAVE LOC": 130260043, "TIPO DE ASENTAMIENTO": "COMUNIDAD INDIGENA", "NOMBRE": "TZAPOTITLA", "MONTO ASIGNADO (PESOS)": 282690, "LATITUD": 20.979452, "LONGITUD": -98.481719 }, "geometry": { "type": "Point", "coordinates": [ -98.481719, 20.979452 ] } },
{ "type": "Feature", "properties": { "NO": 368, "ENTIDAD": "HIDALGO", "MUNICIPIO": "Huazalingo", "PUEBLO INDIGENA O AFROMEXICANO": "NAHUA", "LOCALIDAD": "ZOQUICUALOYA", "CLAVE LOC": 130260046, "TIPO DE ASENTAMIENTO": "COMUNIDAD INDIGENA", "NOMBRE": "ZOQUICUALOYA", "MONTO ASIGNADO (PESOS)": 181644, "LATITUD": 20.991882, "LONGITUD": -98.466663 }, "geometry": { "type": "Point", "coordinates": [ -98.466663, 20.991882 ] } },
{ "type": "Feature", "properties": { "NO": 369, "ENTIDAD": "HIDALGO", "MUNICIPIO": "Huehuetla", "PUEBLO INDIGENA O AFROMEXICANO": "OTOMÍ", "LOCALIDAD": "ACUAUTLA", "CLAVE LOC": 130270002, "TIPO DE ASENTAMIENTO": "COMUNIDAD INDIGENA", "NOMBRE": "ACUAUTLA", "MONTO ASIGNADO (PESOS)": 746683, "LATITUD": 20.489909, "LONGITUD": -98.033536 }, "geometry": { "type": "Point", "coordinates": [ -98.033536, 20.489909 ] } },
{ "type": "Feature", "properties": { "NO": 370, "ENTIDAD": "HIDALGO", "MUNICIPIO": "Huehuetla", "PUEBLO INDIGENA O AFROMEXICANO": "TEPEHUA", "LOCALIDAD": "BARRIO AZTLÁN", "CLAVE LOC": 130270005, "TIPO DE ASENTAMIENTO": "COMUNIDAD INDIGENA", "NOMBRE": "BARRIO AZTLÁN", "MONTO ASIGNADO (PESOS)": 990821, "LATITUD": 20.465901, "LONGITUD": -98.085768 }, "geometry": { "type": "Point", "coordinates": [ -98.085768, 20.465901 ] } },
{ "type": "Feature", "properties": { "NO": 371, "ENTIDAD": "HIDALGO", "MUNICIPIO": "Huehuetla", "PUEBLO INDIGENA O AFROMEXICANO": "OTOMÍ", "LOCALIDAD": "CANTARRANAS", "CLAVE LOC": 130270090, "TIPO DE ASENTAMIENTO": "COMUNIDAD INDIGENA", "NOMBRE": "CANTARRANAS", "MONTO ASIGNADO (PESOS)": 393436, "LATITUD": 20.439954, "LONGITUD": -98.072507 }, "geometry": { "type": "Point", "coordinates": [ -98.072507, 20.439954 ] } },
{ "type": "Feature", "properties": { "NO": 372, "ENTIDAD": "HIDALGO", "MUNICIPIO": "Huehuetla", "PUEBLO INDIGENA O AFROMEXICANO": "OTOMÍ", "LOCALIDAD": "CERRO DE CHAPINGO", "CLAVE LOC": 130270102, "TIPO DE ASENTAMIENTO": "COMUNIDAD INDIGENA", "NOMBRE": "CERRO DE CHAPINGO", "MONTO ASIGNADO (PESOS)": 170326, "LATITUD": 20.438251, "LONGITUD": -98.102531 }, "geometry": { "type": "Point", "coordinates": [ -98.102531, 20.438251 ] } },
{ "type": "Feature", "properties": { "NO": 373, "ENTIDAD": "HIDALGO", "MUNICIPIO": "Huehuetla", "PUEBLO INDIGENA O AFROMEXICANO": "OTOMÍ", "LOCALIDAD": "CERRO DEL TOMATE", "CLAVE LOC": 130270010, "TIPO DE ASENTAMIENTO": "COMUNIDAD INDIGENA", "NOMBRE": "CERRO DEL TOMATE", "MONTO ASIGNADO (PESOS)": 202727, "LATITUD": 20.457054, "LONGITUD": -98.109474 }, "geometry": { "type": "Point", "coordinates": [ -98.109474, 20.457054 ] } },
{ "type": "Feature", "properties": { "NO": 374, "ENTIDAD": "HIDALGO", "MUNICIPIO": "Huehuetla", "PUEBLO INDIGENA O AFROMEXICANO": "OTOMÍ", "LOCALIDAD": "CHAPINGO", "CLAVE LOC": 130270011, "TIPO DE ASENTAMIENTO": "COMUNIDAD INDIGENA", "NOMBRE": "CHAPINGO", "MONTO ASIGNADO (PESOS)": 245505, "LATITUD": 20.439484, "LONGITUD": -98.094627 }, "geometry": { "type": "Point", "coordinates": [ -98.094627, 20.439484 ] } },
{ "type": "Feature", "properties": { "NO": 375, "ENTIDAD": "HIDALGO", "MUNICIPIO": "Huehuetla", "PUEBLO INDIGENA O AFROMEXICANO": "OTOMÍ", "LOCALIDAD": "CHICONTLA", "CLAVE LOC": 130270055, "TIPO DE ASENTAMIENTO": "COMUNIDAD INDIGENA", "NOMBRE": "CHICONTLA", "MONTO ASIGNADO (PESOS)": 95946, "LATITUD": 20.434609, "LONGITUD": -98.121478 }, "geometry": { "type": "Point", "coordinates": [ -98.121478, 20.434609 ] } },
{ "type": "Feature", "properties": { "NO": 376, "ENTIDAD": "HIDALGO", "MUNICIPIO": "Huehuetla", "PUEBLO INDIGENA O AFROMEXICANO": "OTOMÍ", "LOCALIDAD": "DOS CAMINOS", "CLAVE LOC": 130270079, "TIPO DE ASENTAMIENTO": "COMUNIDAD INDIGENA", "NOMBRE": "DOS CAMINOS", "MONTO ASIGNADO (PESOS)": 314216, "LATITUD": 20.425024, "LONGITUD": -98.081686 }, "geometry": { "type": "Point", "coordinates": [ -98.081686, 20.425024 ] } },
{ "type": "Feature", "properties": { "NO": 377, "ENTIDAD": "HIDALGO", "MUNICIPIO": "Huehuetla", "PUEBLO INDIGENA O AFROMEXICANO": "OTOMÍ", "LOCALIDAD": "EL BORBOLLÓN", "CLAVE LOC": 130270007, "TIPO DE ASENTAMIENTO": "COMUNIDAD INDIGENA", "NOMBRE": "EL BORBOLLÓN", "MONTO ASIGNADO (PESOS)": 210264, "LATITUD": 20.582182, "LONGITUD": -98.092282 }, "geometry": { "type": "Point", "coordinates": [ -98.092282, 20.582182 ] } },
{ "type": "Feature", "properties": { "NO": 378, "ENTIDAD": "HIDALGO", "MUNICIPIO": "Huehuetla", "PUEBLO INDIGENA O AFROMEXICANO": "OTOMÍ", "LOCALIDAD": "EL CAJÓN", "CLAVE LOC": 130270073, "TIPO DE ASENTAMIENTO": "COMUNIDAD INDIGENA", "NOMBRE": "EL CAJÓN", "MONTO ASIGNADO (PESOS)": 121071, "LATITUD": 20.631176, "LONGITUD": -98.060221 }, "geometry": { "type": "Point", "coordinates": [ -98.060221, 20.631176 ] } },
{ "type": "Feature", "properties": { "NO": 379, "ENTIDAD": "HIDALGO", "MUNICIPIO": "Huehuetla", "PUEBLO INDIGENA O AFROMEXICANO": "OTOMÍ", "LOCALIDAD": "EL CHAMIZAL", "CLAVE LOC": 130270091, "TIPO DE ASENTAMIENTO": "COMUNIDAD INDIGENA", "NOMBRE": "EL CHAMIZAL", "MONTO ASIGNADO (PESOS)": 185139, "LATITUD": 20.484157, "LONGITUD": -98.077475 }, "geometry": { "type": "Point", "coordinates": [ -98.077475, 20.484157 ] } },
{ "type": "Feature", "properties": { "NO": 380, "ENTIDAD": "HIDALGO", "MUNICIPIO": "Huehuetla", "PUEBLO INDIGENA O AFROMEXICANO": "OTOMÍ", "LOCALIDAD": "EL CHOTE", "CLAVE LOC": 130270013, "TIPO DE ASENTAMIENTO": "COMUNIDAD INDIGENA", "NOMBRE": "EL CHOTE", "MONTO ASIGNADO (PESOS)": 259729, "LATITUD": 20.615861, "LONGITUD": -98.047818 }, "geometry": { "type": "Point", "coordinates": [ -98.047818, 20.615861 ] } },
{ "type": "Feature", "properties": { "NO": 381, "ENTIDAD": "HIDALGO", "MUNICIPIO": "Huehuetla", "PUEBLO INDIGENA O AFROMEXICANO": "OTOMÍ", "LOCALIDAD": "EL DAMBÓ", "CLAVE LOC": 130270089, "TIPO DE ASENTAMIENTO": "COMUNIDAD INDIGENA", "NOMBRE": "EL DAMBÓ", "MONTO ASIGNADO (PESOS)": 105657, "LATITUD": 20.406543, "LONGITUD": -98.089501 }, "geometry": { "type": "Point", "coordinates": [ -98.089501, 20.406543 ] } },
{ "type": "Feature", "properties": { "NO": 382, "ENTIDAD": "HIDALGO", "MUNICIPIO": "Huehuetla", "PUEBLO INDIGENA O AFROMEXICANO": "OTOMÍ", "LOCALIDAD": "EL DENXE", "CLAVE LOC": 130270093, "TIPO DE ASENTAMIENTO": "LOCALIDAD CON POBLACION INDIGENA", "NOMBRE": "EL DENXE", "MONTO ASIGNADO (PESOS)": 152477, "LATITUD": 20.537693, "LONGITUD": -98.053881 }, "geometry": { "type": "Point", "coordinates": [ -98.053881, 20.537693 ] } },
{ "type": "Feature", "properties": { "NO": 383, "ENTIDAD": "HIDALGO", "MUNICIPIO": "Huehuetla", "PUEBLO INDIGENA O AFROMEXICANO": "OTOMÍ", "LOCALIDAD": "EL DEXTHO", "CLAVE LOC": 130270052, "TIPO DE ASENTAMIENTO": "COMUNIDAD INDIGENA", "NOMBRE": "EL DEXTHO", "MONTO ASIGNADO (PESOS)": 315004, "LATITUD": 20.540542, "LONGITUD": -98.043276 }, "geometry": { "type": "Point", "coordinates": [ -98.043276, 20.540542 ] } },
{ "type": "Feature", "properties": { "NO": 384, "ENTIDAD": "HIDALGO", "MUNICIPIO": "Huehuetla", "PUEBLO INDIGENA O AFROMEXICANO": "OTOMÍ", "LOCALIDAD": "EL ENCINAL", "CLAVE LOC": 130270014, "TIPO DE ASENTAMIENTO": "COMUNIDAD INDIGENA", "NOMBRE": "EL ENCINAL", "MONTO ASIGNADO (PESOS)": 193933, "LATITUD": 20.586339, "LONGITUD": -98.048968 }, "geometry": { "type": "Point", "coordinates": [ -98.048968, 20.586339 ] } },
{ "type": "Feature", "properties": { "NO": 385, "ENTIDAD": "HIDALGO", "MUNICIPIO": "Huehuetla", "PUEBLO INDIGENA O AFROMEXICANO": "OTOMÍ", "LOCALIDAD": "EL OCOTAL", "CLAVE LOC": 130270025, "TIPO DE ASENTAMIENTO": "COMUNIDAD INDIGENA", "NOMBRE": "EL OCOTAL", "MONTO ASIGNADO (PESOS)": 716784, "LATITUD": 20.398315, "LONGITUD": -98.09399 }, "geometry": { "type": "Point", "coordinates": [ -98.09399, 20.398315 ] } },
{ "type": "Feature", "properties": { "NO": 386, "ENTIDAD": "HIDALGO", "MUNICIPIO": "Huehuetla", "PUEBLO INDIGENA O AFROMEXICANO": "OTOMÍ", "LOCALIDAD": "EL PADHÍ", "CLAVE LOC": 130270026, "TIPO DE ASENTAMIENTO": "COMUNIDAD INDIGENA", "NOMBRE": "EL PADHÍ", "MONTO ASIGNADO (PESOS)": 264906, "LATITUD": 20.404081, "LONGITUD": -98.131394 }, "geometry": { "type": "Point", "coordinates": [ -98.131394, 20.404081 ] } },
{ "type": "Feature", "properties": { "NO": 387, "ENTIDAD": "HIDALGO", "MUNICIPIO": "Huehuetla", "PUEBLO INDIGENA O AFROMEXICANO": "OTOMÍ", "LOCALIDAD": "EL PARAÍSO", "CLAVE LOC": 130270028, "TIPO DE ASENTAMIENTO": "COMUNIDAD INDIGENA", "NOMBRE": "EL PARAÍSO", "MONTO ASIGNADO (PESOS)": 305324, "LATITUD": 20.433527, "LONGITUD": -98.080212 }, "geometry": { "type": "Point", "coordinates": [ -98.080212, 20.433527 ] } },
{ "type": "Feature", "properties": { "NO": 388, "ENTIDAD": "HIDALGO", "MUNICIPIO": "Huehuetla", "PUEBLO INDIGENA O AFROMEXICANO": "TEPEHUA", "LOCALIDAD": "EL PLAN DEL RECREO", "CLAVE LOC": 130270030, "TIPO DE ASENTAMIENTO": "COMUNIDAD INDIGENA", "NOMBRE": "EL PLAN DEL RECREO", "MONTO ASIGNADO (PESOS)": 185685, "LATITUD": 20.458707, "LONGITUD": -98.080488 }, "geometry": { "type": "Point", "coordinates": [ -98.080488, 20.458707 ] } },
{ "type": "Feature", "properties": { "NO": 389, "ENTIDAD": "HIDALGO", "MUNICIPIO": "Huehuetla", "PUEBLO INDIGENA O AFROMEXICANO": "OTOMÍ", "LOCALIDAD": "EL TEMPESQUITE", "CLAVE LOC": 130270044, "TIPO DE ASENTAMIENTO": "COMUNIDAD INDIGENA", "NOMBRE": "EL TEMPESQUITE", "MONTO ASIGNADO (PESOS)": 232877, "LATITUD": 20.603935, "LONGITUD": -98.045729 }, "geometry": { "type": "Point", "coordinates": [ -98.045729, 20.603935 ] } },
{ "type": "Feature", "properties": { "NO": 390, "ENTIDAD": "HIDALGO", "MUNICIPIO": "Huehuetla", "PUEBLO INDIGENA O AFROMEXICANO": "OTOMÍ", "LOCALIDAD": "EL XOÑE", "CLAVE LOC": 130270048, "TIPO DE ASENTAMIENTO": "COMUNIDAD INDIGENA", "NOMBRE": "EL XOÑE", "MONTO ASIGNADO (PESOS)": 386610, "LATITUD": 20.617349, "LONGITUD": -98.040668 }, "geometry": { "type": "Point", "coordinates": [ -98.040668, 20.617349 ] } },
{ "type": "Feature", "properties": { "NO": 391, "ENTIDAD": "HIDALGO", "MUNICIPIO": "Huehuetla", "PUEBLO INDIGENA O AFROMEXICANO": "OTOMÍ", "LOCALIDAD": "HACIENDA EL POTRERO", "CLAVE LOC": 130270086, "TIPO DE ASENTAMIENTO": "COMUNIDAD INDIGENA", "NOMBRE": "HACIENDA EL POTRERO", "MONTO ASIGNADO (PESOS)": 111316, "LATITUD": 20.64204, "LONGITUD": -98.079735 }, "geometry": { "type": "Point", "coordinates": [ -98.079735, 20.64204 ] } },
{ "type": "Feature", "properties": { "NO": 392, "ENTIDAD": "HIDALGO", "MUNICIPIO": "Huehuetla", "PUEBLO INDIGENA O AFROMEXICANO": "OTOMÍ", "LOCALIDAD": "HERMANOS GALEANA", "CLAVE LOC": 130270018, "TIPO DE ASENTAMIENTO": "COMUNIDAD INDIGENA", "NOMBRE": "HERMANOS GALEANA", "MONTO ASIGNADO (PESOS)": 197702, "LATITUD": 20.471876, "LONGITUD": -98.097 }, "geometry": { "type": "Point", "coordinates": [ -98.097, 20.471876 ] } },
{ "type": "Feature", "properties": { "NO": 393, "ENTIDAD": "HIDALGO", "MUNICIPIO": "Huehuetla", "PUEBLO INDIGENA O AFROMEXICANO": "OTOMÍ", "LOCALIDAD": "JUNTAS CHICAS", "CLAVE LOC": 130270020, "TIPO DE ASENTAMIENTO": "COMUNIDAD INDIGENA", "NOMBRE": "JUNTAS CHICAS", "MONTO ASIGNADO (PESOS)": 991652, "LATITUD": 20.574282, "LONGITUD": -98.030924 }, "geometry": { "type": "Point", "coordinates": [ -98.030924, 20.574282 ] } },
{ "type": "Feature", "properties": { "NO": 394, "ENTIDAD": "HIDALGO", "MUNICIPIO": "Huehuetla", "PUEBLO INDIGENA O AFROMEXICANO": "OTOMÍ", "LOCALIDAD": "LA CRUZ", "CLAVE LOC": 130270077, "TIPO DE ASENTAMIENTO": "LOCALIDAD CON POBLACION INDIGENA", "NOMBRE": "LA CRUZ", "MONTO ASIGNADO (PESOS)": 256822, "LATITUD": 20.411021, "LONGITUD": -98.144248 }, "geometry": { "type": "Point", "coordinates": [ -98.144248, 20.411021 ] } },
{ "type": "Feature", "properties": { "NO": 395, "ENTIDAD": "HIDALGO", "MUNICIPIO": "Huehuetla", "PUEBLO INDIGENA O AFROMEXICANO": "OTOMÍ", "LOCALIDAD": "LA ESPERANZA NÚMERO 1", "CLAVE LOC": 130270015, "TIPO DE ASENTAMIENTO": "COMUNIDAD INDIGENA", "NOMBRE": "LA ESPERANZA NÚMERO 1", "MONTO ASIGNADO (PESOS)": 415033, "LATITUD": 20.489473, "LONGITUD": -98.057643 }, "geometry": { "type": "Point", "coordinates": [ -98.057643, 20.489473 ] } },
{ "type": "Feature", "properties": { "NO": 396, "ENTIDAD": "HIDALGO", "MUNICIPIO": "Huehuetla", "PUEBLO INDIGENA O AFROMEXICANO": "OTOMÍ", "LOCALIDAD": "LA ESPERANZA NÚMERO DOS", "CLAVE LOC": 130270016, "TIPO DE ASENTAMIENTO": "COMUNIDAD INDIGENA", "NOMBRE": "LA ESPERANZA NÚMERO DOS", "MONTO ASIGNADO (PESOS)": 129908, "LATITUD": 20.62445, "LONGITUD": -98.081004 }, "geometry": { "type": "Point", "coordinates": [ -98.081004, 20.62445 ] } },
{ "type": "Feature", "properties": { "NO": 397, "ENTIDAD": "HIDALGO", "MUNICIPIO": "Huehuetla", "PUEBLO INDIGENA O AFROMEXICANO": "OTOMÍ", "LOCALIDAD": "LA JOYA", "CLAVE LOC": 130270054, "TIPO DE ASENTAMIENTO": "COMUNIDAD INDIGENA", "NOMBRE": "LA JOYA", "MONTO ASIGNADO (PESOS)": 163783, "LATITUD": 20.618503, "LONGITUD": -98.091747 }, "geometry": { "type": "Point", "coordinates": [ -98.091747, 20.618503 ] } },
{ "type": "Feature", "properties": { "NO": 398, "ENTIDAD": "HIDALGO", "MUNICIPIO": "Huehuetla", "PUEBLO INDIGENA O AFROMEXICANO": "OTOMÍ", "LOCALIDAD": "LA PIMIENTA", "CLAVE LOC": 130270029, "TIPO DE ASENTAMIENTO": "COMUNIDAD INDIGENA", "NOMBRE": "LA PIMIENTA", "MONTO ASIGNADO (PESOS)": 226596, "LATITUD": 20.599564, "LONGITUD": -98.033111 }, "geometry": { "type": "Point", "coordinates": [ -98.033111, 20.599564 ] } },
{ "type": "Feature", "properties": { "NO": 399, "ENTIDAD": "HIDALGO", "MUNICIPIO": "Huehuetla", "PUEBLO INDIGENA O AFROMEXICANO": "OTOMÍ", "LOCALIDAD": "LA PIÑA", "CLAVE LOC": 130270053, "TIPO DE ASENTAMIENTO": "COMUNIDAD INDIGENA", "NOMBRE": "LA PIÑA", "MONTO ASIGNADO (PESOS)": 153733, "LATITUD": 20.560839, "LONGITUD": -98.034449 }, "geometry": { "type": "Point", "coordinates": [ -98.034449, 20.560839 ] } },
{ "type": "Feature", "properties": { "NO": 400, "ENTIDAD": "HIDALGO", "MUNICIPIO": "Huehuetla", "PUEBLO INDIGENA O AFROMEXICANO": "OTOMÍ", "LOCALIDAD": "LA TORTUGA", "CLAVE LOC": 130270049, "TIPO DE ASENTAMIENTO": "COMUNIDAD INDIGENA", "NOMBRE": "LA TORTUGA", "MONTO ASIGNADO (PESOS)": 298673, "LATITUD": 20.55931, "LONGITUD": -98.026245 }, "geometry": { "type": "Point", "coordinates": [ -98.026245, 20.55931 ] } },
{ "type": "Feature", "properties": { "NO": 401, "ENTIDAD": "HIDALGO", "MUNICIPIO": "Huehuetla", "PUEBLO INDIGENA O AFROMEXICANO": "OTOMÍ", "LOCALIDAD": "LAS AULAS", "CLAVE LOC": 130270121, "TIPO DE ASENTAMIENTO": "COMUNIDAD INDIGENA", "NOMBRE": "LAS AULAS", "MONTO ASIGNADO (PESOS)": 206703, "LATITUD": 20.440065, "LONGITUD": -98.075139 }, "geometry": { "type": "Point", "coordinates": [ -98.075139, 20.440065 ] } },
{ "type": "Feature", "properties": { "NO": 402, "ENTIDAD": "HIDALGO", "MUNICIPIO": "Huehuetla", "PUEBLO INDIGENA O AFROMEXICANO": "TEPEHUA", "LOCALIDAD": "LINDA VISTA I (MIRASOL)", "CLAVE LOC": 130270059, "TIPO DE ASENTAMIENTO": "COMUNIDAD INDIGENA", "NOMBRE": "LINDA VISTA I (MIRASOL)", "MONTO ASIGNADO (PESOS)": 500949, "LATITUD": 20.461586, "LONGITUD": -98.068685 }, "geometry": { "type": "Point", "coordinates": [ -98.068685, 20.461586 ] } },
{ "type": "Feature", "properties": { "NO": 403, "ENTIDAD": "HIDALGO", "MUNICIPIO": "Huehuetla", "PUEBLO INDIGENA O AFROMEXICANO": "OTOMÍ", "LOCALIDAD": "LINDA VISTA II", "CLAVE LOC": 130270112, "TIPO DE ASENTAMIENTO": "COMUNIDAD INDIGENA", "NOMBRE": "LINDA VISTA II", "MONTO ASIGNADO (PESOS)": 191344, "LATITUD": 20.394599, "LONGITUD": -98.089361 }, "geometry": { "type": "Point", "coordinates": [ -98.089361, 20.394599 ] } },
{ "type": "Feature", "properties": { "NO": 404, "ENTIDAD": "HIDALGO", "MUNICIPIO": "Huehuetla", "PUEBLO INDIGENA O AFROMEXICANO": "OTOMÍ", "LOCALIDAD": "LOMA DE BUENAVISTA", "CLAVE LOC": 130270022, "TIPO DE ASENTAMIENTO": "COMUNIDAD INDIGENA", "NOMBRE": "LOMA DE BUENAVISTA", "MONTO ASIGNADO (PESOS)": 232877, "LATITUD": 20.490763, "LONGITUD": -98.085449 }, "geometry": { "type": "Point", "coordinates": [ -98.085449, 20.490763 ] } },
{ "type": "Feature", "properties": { "NO": 405, "ENTIDAD": "HIDALGO", "MUNICIPIO": "Huehuetla", "PUEBLO INDIGENA O AFROMEXICANO": "OTOMÍ", "LOCALIDAD": "LOS NARANJOS", "CLAVE LOC": 130270123, "TIPO DE ASENTAMIENTO": "COMUNIDAD INDIGENA", "NOMBRE": "LOS NARANJOS", "MONTO ASIGNADO (PESOS)": 169518, "LATITUD": 20.490125, "LONGITUD": -98.049858 }, "geometry": { "type": "Point", "coordinates": [ -98.049858, 20.490125 ] } },
{ "type": "Feature", "properties": { "NO": 406, "ENTIDAD": "HIDALGO", "MUNICIPIO": "Huehuetla", "PUEBLO INDIGENA O AFROMEXICANO": "OTOMÍ", "LOCALIDAD": "LOS PLANES", "CLAVE LOC": 130270069, "TIPO DE ASENTAMIENTO": "COMUNIDAD INDIGENA", "NOMBRE": "LOS PLANES", "MONTO ASIGNADO (PESOS)": 332809, "LATITUD": 20.416757, "LONGITUD": -98.122492 }, "geometry": { "type": "Point", "coordinates": [ -98.122492, 20.416757 ] } },
{ "type": "Feature", "properties": { "NO": 407, "ENTIDAD": "HIDALGO", "MUNICIPIO": "Huehuetla", "PUEBLO INDIGENA O AFROMEXICANO": "OTOMÍ", "LOCALIDAD": "PALO VERDE", "CLAVE LOC": 130270051, "TIPO DE ASENTAMIENTO": "COMUNIDAD INDIGENA", "NOMBRE": "PALO VERDE", "MONTO ASIGNADO (PESOS)": 480829, "LATITUD": 20.549658, "LONGITUD": -98.02785 }, "geometry": { "type": "Point", "coordinates": [ -98.02785, 20.549658 ] } },
{ "type": "Feature", "properties": { "NO": 408, "ENTIDAD": "HIDALGO", "MUNICIPIO": "Huehuetla", "PUEBLO INDIGENA O AFROMEXICANO": "OTOMÍ", "LOCALIDAD": "POZA GRANDE", "CLAVE LOC": 130270031, "TIPO DE ASENTAMIENTO": "COMUNIDAD INDIGENA", "NOMBRE": "POZA GRANDE", "MONTO ASIGNADO (PESOS)": 242927, "LATITUD": 20.631276, "LONGITUD": -98.041877 }, "geometry": { "type": "Point", "coordinates": [ -98.041877, 20.631276 ] } },
{ "type": "Feature", "properties": { "NO": 409, "ENTIDAD": "HIDALGO", "MUNICIPIO": "Huehuetla", "PUEBLO INDIGENA O AFROMEXICANO": "OTOMÍ", "LOCALIDAD": "RÍO BELTRÁN", "CLAVE LOC": 130270050, "TIPO DE ASENTAMIENTO": "COMUNIDAD INDIGENA", "NOMBRE": "RÍO BELTRÁN", "MONTO ASIGNADO (PESOS)": 420058, "LATITUD": 20.572359, "LONGITUD": -98.054575 }, "geometry": { "type": "Point", "coordinates": [ -98.054575, 20.572359 ] } },
{ "type": "Feature", "properties": { "NO": 410, "ENTIDAD": "HIDALGO", "MUNICIPIO": "Huehuetla", "PUEBLO INDIGENA O AFROMEXICANO": "OTOMÍ", "LOCALIDAD": "RÍO BLANCO", "CLAVE LOC": 130270032, "TIPO DE ASENTAMIENTO": "COMUNIDAD INDIGENA", "NOMBRE": "RÍO BLANCO", "MONTO ASIGNADO (PESOS)": 263289, "LATITUD": 20.411374, "LONGITUD": -98.083997 }, "geometry": { "type": "Point", "coordinates": [ -98.083997, 20.411374 ] } },
{ "type": "Feature", "properties": { "NO": 411, "ENTIDAD": "HIDALGO", "MUNICIPIO": "Huehuetla", "PUEBLO INDIGENA O AFROMEXICANO": "OTOMÍ", "LOCALIDAD": "SAN AMBROSIO", "CLAVE LOC": 130270033, "TIPO DE ASENTAMIENTO": "COMUNIDAD INDIGENA", "NOMBRE": "SAN AMBROSIO", "MONTO ASIGNADO (PESOS)": 1173808, "LATITUD": 20.527674, "LONGITUD": -98.021301 }, "geometry": { "type": "Point", "coordinates": [ -98.021301, 20.527674 ] } },
{ "type": "Feature", "properties": { "NO": 412, "ENTIDAD": "HIDALGO", "MUNICIPIO": "Huehuetla", "PUEBLO INDIGENA O AFROMEXICANO": "OTOMÍ", "LOCALIDAD": "SAN ANTONIO EL GRANDE", "CLAVE LOC": 130270034, "TIPO DE ASENTAMIENTO": "COMUNIDAD INDIGENA", "NOMBRE": "SAN ANTONIO EL GRANDE", "MONTO ASIGNADO (PESOS)": 1788680, "LATITUD": 20.456838, "LONGITUD": -98.034879 }, "geometry": { "type": "Point", "coordinates": [ -98.034879, 20.456838 ] } },
{ "type": "Feature", "properties": { "NO": 413, "ENTIDAD": "HIDALGO", "MUNICIPIO": "Huehuetla", "PUEBLO INDIGENA O AFROMEXICANO": "OTOMÍ", "LOCALIDAD": "SAN CLEMENTE", "CLAVE LOC": 130270035, "TIPO DE ASENTAMIENTO": "COMUNIDAD INDIGENA", "NOMBRE": "SAN CLEMENTE", "MONTO ASIGNADO (PESOS)": 1038943, "LATITUD": 20.40487, "LONGITUD": -98.146609 }, "geometry": { "type": "Point", "coordinates": [ -98.146609, 20.40487 ] } },
{ "type": "Feature", "properties": { "NO": 414, "ENTIDAD": "HIDALGO", "MUNICIPIO": "Huehuetla", "PUEBLO INDIGENA O AFROMEXICANO": "OTOMÍ", "LOCALIDAD": "SAN ESTEBAN", "CLAVE LOC": 130270036, "TIPO DE ASENTAMIENTO": "COMUNIDAD INDIGENA", "NOMBRE": "SAN ESTEBAN", "MONTO ASIGNADO (PESOS)": 2151170, "LATITUD": 20.544394, "LONGITUD": -98.060144 }, "geometry": { "type": "Point", "coordinates": [ -98.060144, 20.544394 ] } },
{ "type": "Feature", "properties": { "NO": 415, "ENTIDAD": "HIDALGO", "MUNICIPIO": "Huehuetla", "PUEBLO INDIGENA O AFROMEXICANO": "OTOMÍ", "LOCALIDAD": "SAN GREGORIO", "CLAVE LOC": 130270037, "TIPO DE ASENTAMIENTO": "COMUNIDAD INDIGENA", "NOMBRE": "SAN GREGORIO", "MONTO ASIGNADO (PESOS)": 1585858, "LATITUD": 20.498707, "LONGITUD": -98.018769 }, "geometry": { "type": "Point", "coordinates": [ -98.018769, 20.498707 ] } },
{ "type": "Feature", "properties": { "NO": 416, "ENTIDAD": "HIDALGO", "MUNICIPIO": "Huehuetla", "PUEBLO INDIGENA O AFROMEXICANO": "OTOMÍ", "LOCALIDAD": "SAN GUILLERMO", "CLAVE LOC": 130270038, "TIPO DE ASENTAMIENTO": "COMUNIDAD INDIGENA", "NOMBRE": "SAN GUILLERMO", "MONTO ASIGNADO (PESOS)": 326342, "LATITUD": 20.444078, "LONGITUD": -98.074443 }, "geometry": { "type": "Point", "coordinates": [ -98.074443, 20.444078 ] } },
{ "type": "Feature", "properties": { "NO": 417, "ENTIDAD": "HIDALGO", "MUNICIPIO": "Huehuetla", "PUEBLO INDIGENA O AFROMEXICANO": "OTOMÍ", "LOCALIDAD": "SAN LORENZO ACHIOTEPEC", "CLAVE LOC": 130270003, "TIPO DE ASENTAMIENTO": "COMUNIDAD INDIGENA", "NOMBRE": "SAN LORENZO ACHIOTEPEC", "MONTO ASIGNADO (PESOS)": 1427340, "LATITUD": 20.597368, "LONGITUD": -98.068797 }, "geometry": { "type": "Point", "coordinates": [ -98.068797, 20.597368 ] } },
{ "type": "Feature", "properties": { "NO": 418, "ENTIDAD": "HIDALGO", "MUNICIPIO": "Huehuetla", "PUEBLO INDIGENA O AFROMEXICANO": "OTOMÍ", "LOCALIDAD": "SANTA INÉS", "CLAVE LOC": 130270040, "TIPO DE ASENTAMIENTO": "COMUNIDAD INDIGENA", "NOMBRE": "SANTA INÉS", "MONTO ASIGNADO (PESOS)": 523584, "LATITUD": 20.45585, "LONGITUD": -98.089087 }, "geometry": { "type": "Point", "coordinates": [ -98.089087, 20.45585 ] } },
{ "type": "Feature", "properties": { "NO": 419, "ENTIDAD": "HIDALGO", "MUNICIPIO": "Huehuetla", "PUEBLO INDIGENA O AFROMEXICANO": "OTOMÍ", "LOCALIDAD": "SANTA ÚRSULA", "CLAVE LOC": 130270041, "TIPO DE ASENTAMIENTO": "COMUNIDAD INDIGENA", "NOMBRE": "SANTA ÚRSULA", "MONTO ASIGNADO (PESOS)": 1242223, "LATITUD": 20.420136, "LONGITUD": -98.10455 }, "geometry": { "type": "Point", "coordinates": [ -98.10455, 20.420136 ] } },
{ "type": "Feature", "properties": { "NO": 420, "ENTIDAD": "HIDALGO", "MUNICIPIO": "Huehuetla", "PUEBLO INDIGENA O AFROMEXICANO": "OTOMÍ", "LOCALIDAD": "TIERRA AMARILLA", "CLAVE LOC": 130270099, "TIPO DE ASENTAMIENTO": "COMUNIDAD INDIGENA", "NOMBRE": "TIERRA AMARILLA", "MONTO ASIGNADO (PESOS)": 123583, "LATITUD": 20.565269, "LONGITUD": -98.022306 }, "geometry": { "type": "Point", "coordinates": [ -98.022306, 20.565269 ] } },
{ "type": "Feature", "properties": { "NO": 421, "ENTIDAD": "HIDALGO", "MUNICIPIO": "Huehuetla", "PUEBLO INDIGENA O AFROMEXICANO": "OTOMÍ", "LOCALIDAD": "VISTA HERMOSA", "CLAVE LOC": 130270047, "TIPO DE ASENTAMIENTO": "COMUNIDAD INDIGENA", "NOMBRE": "VISTA HERMOSA", "MONTO ASIGNADO (PESOS)": 182452, "LATITUD": 20.515462, "LONGITUD": -98.044658 }, "geometry": { "type": "Point", "coordinates": [ -98.044658, 20.515462 ] } },
{ "type": "Feature", "properties": { "NO": 422, "ENTIDAD": "HIDALGO", "MUNICIPIO": "Huejutla de Reyes", "PUEBLO INDIGENA O AFROMEXICANO": "NAHUA", "LOCALIDAD": "ACAYAHUAL", "CLAVE LOC": 130280108, "TIPO DE ASENTAMIENTO": "COMUNIDAD INDIGENA", "NOMBRE": "ACAYAHUAL", "MONTO ASIGNADO (PESOS)": 274606, "LATITUD": 21.060863, "LONGITUD": -98.533632 }, "geometry": { "type": "Point", "coordinates": [ -98.533632, 21.060863 ] } },
{ "type": "Feature", "properties": { "NO": 423, "ENTIDAD": "HIDALGO", "MUNICIPIO": "Huejutla de Reyes", "PUEBLO INDIGENA O AFROMEXICANO": "NAHUA", "LOCALIDAD": "ACHICHÍPIL", "CLAVE LOC": 130280114, "TIPO DE ASENTAMIENTO": "COMUNIDAD INDIGENA", "NOMBRE": "ACHICHÍPIL", "MONTO ASIGNADO (PESOS)": 243080, "LATITUD": 21.210323, "LONGITUD": -98.507281 }, "geometry": { "type": "Point", "coordinates": [ -98.507281, 21.210323 ] } },
{ "type": "Feature", "properties": { "NO": 424, "ENTIDAD": "HIDALGO", "MUNICIPIO": "Huejutla de Reyes", "PUEBLO INDIGENA O AFROMEXICANO": "NAHUA", "LOCALIDAD": "ACOYOTIPA", "CLAVE LOC": 130280006, "TIPO DE ASENTAMIENTO": "COMUNIDAD INDIGENA", "NOMBRE": "ACOYOTIPA", "MONTO ASIGNADO (PESOS)": 190536, "LATITUD": 21.066749, "LONGITUD": -98.545865 }, "geometry": { "type": "Point", "coordinates": [ -98.545865, 21.066749 ] } },
{ "type": "Feature", "properties": { "NO": 425, "ENTIDAD": "HIDALGO", "MUNICIPIO": "Huejutla de Reyes", "PUEBLO INDIGENA O AFROMEXICANO": "NAHUA", "LOCALIDAD": "ACOYOTIPAN", "CLAVE LOC": 130280246, "TIPO DE ASENTAMIENTO": "LOCALIDAD CON POBLACION INDIGENA", "NOMBRE": "ACOYOTIPAN", "MONTO ASIGNADO (PESOS)": 130716, "LATITUD": 21.113594, "LONGITUD": -98.507416 }, "geometry": { "type": "Point", "coordinates": [ -98.507416, 21.113594 ] } },
{ "type": "Feature", "properties": { "NO": 426, "ENTIDAD": "HIDALGO", "MUNICIPIO": "Huejutla de Reyes", "PUEBLO INDIGENA O AFROMEXICANO": "NAHUA", "LOCALIDAD": "ACUAPA", "CLAVE LOC": 130280112, "TIPO DE ASENTAMIENTO": "COMUNIDAD INDIGENA", "NOMBRE": "ACUAPA", "MONTO ASIGNADO (PESOS)": 1806958, "LATITUD": 21.121093, "LONGITUD": -98.486708 }, "geometry": { "type": "Point", "coordinates": [ -98.486708, 21.121093 ] } },
{ "type": "Feature", "properties": { "NO": 427, "ENTIDAD": "HIDALGO", "MUNICIPIO": "Huejutla de Reyes", "PUEBLO INDIGENA O AFROMEXICANO": "NAHUA", "LOCALIDAD": "ACUATEMPA", "CLAVE LOC": 130280007, "TIPO DE ASENTAMIENTO": "COMUNIDAD INDIGENA", "NOMBRE": "ACUATEMPA", "MONTO ASIGNADO (PESOS)": 865523, "LATITUD": 21.070837, "LONGITUD": -98.470801 }, "geometry": { "type": "Point", "coordinates": [ -98.470801, 21.070837 ] } },
{ "type": "Feature", "properties": { "NO": 428, "ENTIDAD": "HIDALGO", "MUNICIPIO": "Huejutla de Reyes", "PUEBLO INDIGENA O AFROMEXICANO": "NAHUA", "LOCALIDAD": "ACUITATIPA", "CLAVE LOC": 130280113, "TIPO DE ASENTAMIENTO": "LOCALIDAD CON POBLACION INDIGENA", "NOMBRE": "ACUITATIPA", "MONTO ASIGNADO (PESOS)": 130716, "LATITUD": 21.172513, "LONGITUD": -98.519269 }, "geometry": { "type": "Point", "coordinates": [ -98.519269, 21.172513 ] } },
{ "type": "Feature", "properties": { "NO": 429, "ENTIDAD": "HIDALGO", "MUNICIPIO": "Huejutla de Reyes", "PUEBLO INDIGENA O AFROMEXICANO": "NAHUA", "LOCALIDAD": "AGUACATITLA", "CLAVE LOC": 130280008, "TIPO DE ASENTAMIENTO": "COMUNIDAD INDIGENA", "NOMBRE": "AGUACATITLA", "MONTO ASIGNADO (PESOS)": 596337, "LATITUD": 21.113171, "LONGITUD": -98.448353 }, "geometry": { "type": "Point", "coordinates": [ -98.448353, 21.113171 ] } },
{ "type": "Feature", "properties": { "NO": 430, "ENTIDAD": "HIDALGO", "MUNICIPIO": "Huejutla de Reyes", "PUEBLO INDIGENA O AFROMEXICANO": "NAHUA", "LOCALIDAD": "AGUACATITLA IXCATLÁN", "CLAVE LOC": 130280175, "TIPO DE ASENTAMIENTO": "COMUNIDAD INDIGENA", "NOMBRE": "AGUACATITLA IXCATLÁN", "MONTO ASIGNADO (PESOS)": 267331, "LATITUD": 21.077442, "LONGITUD": -98.541034 }, "geometry": { "type": "Point", "coordinates": [ -98.541034, 21.077442 ] } },
{ "type": "Feature", "properties": { "NO": 431, "ENTIDAD": "HIDALGO", "MUNICIPIO": "Huejutla de Reyes", "PUEBLO INDIGENA O AFROMEXICANO": "NAHUA", "LOCALIDAD": "AHUACAHÍXPA IXCATLÁN", "CLAVE LOC": 130280144, "TIPO DE ASENTAMIENTO": "COMUNIDAD INDIGENA", "NOMBRE": "AHUACAHÍXPA IXCATLÁN", "MONTO ASIGNADO (PESOS)": 158201, "LATITUD": 21.078333, "LONGITUD": -98.535277 }, "geometry": { "type": "Point", "coordinates": [ -98.535277, 21.078333 ] } },
{ "type": "Feature", "properties": { "NO": 432, "ENTIDAD": "HIDALGO", "MUNICIPIO": "Huejutla de Reyes", "PUEBLO INDIGENA O AFROMEXICANO": "NAHUA", "LOCALIDAD": "AHUATEMPA", "CLAVE LOC": 130280009, "TIPO DE ASENTAMIENTO": "COMUNIDAD INDIGENA", "NOMBRE": "AHUATEMPA", "MONTO ASIGNADO (PESOS)": 872799, "LATITUD": 21.099196, "LONGITUD": -98.383149 }, "geometry": { "type": "Point", "coordinates": [ -98.383149, 21.099196 ] } },
{ "type": "Feature", "properties": { "NO": 433, "ENTIDAD": "HIDALGO", "MUNICIPIO": "Huejutla de Reyes", "PUEBLO INDIGENA O AFROMEXICANO": "NAHUA", "LOCALIDAD": "AHUATITLA I", "CLAVE LOC": 130280149, "TIPO DE ASENTAMIENTO": "COMUNIDAD INDIGENA", "NOMBRE": "AHUATITLA I", "MONTO ASIGNADO (PESOS)": 222870, "LATITUD": 21.095564, "LONGITUD": -98.525482 }, "geometry": { "type": "Point", "coordinates": [ -98.525482, 21.095564 ] } },
{ "type": "Feature", "properties": { "NO": 434, "ENTIDAD": "HIDALGO", "MUNICIPIO": "Huejutla de Reyes", "PUEBLO INDIGENA O AFROMEXICANO": "NAHUA", "LOCALIDAD": "AHUATITLA II", "CLAVE LOC": 130280275, "TIPO DE ASENTAMIENTO": "COMUNIDAD INDIGENA", "NOMBRE": "AHUATITLA II", "MONTO ASIGNADO (PESOS)": 111316, "LATITUD": 21.093962, "LONGITUD": -98.52783 }, "geometry": { "type": "Point", "coordinates": [ -98.52783, 21.093962 ] } },
{ "type": "Feature", "properties": { "NO": 435, "ENTIDAD": "HIDALGO", "MUNICIPIO": "Huejutla de Reyes", "PUEBLO INDIGENA O AFROMEXICANO": "NAHUA", "LOCALIDAD": "AHUATZINTLA", "CLAVE LOC": 130280213, "TIPO DE ASENTAMIENTO": "COMUNIDAD INDIGENA", "NOMBRE": "AHUATZINTLA", "MONTO ASIGNADO (PESOS)": 143650, "LATITUD": 21.075825, "LONGITUD": -98.52127 }, "geometry": { "type": "Point", "coordinates": [ -98.52127, 21.075825 ] } },
{ "type": "Feature", "properties": { "NO": 436, "ENTIDAD": "HIDALGO", "MUNICIPIO": "Huejutla de Reyes", "PUEBLO INDIGENA O AFROMEXICANO": "NAHUA", "LOCALIDAD": "AHUEHUETITLA [FRACCIONAMIENTO]", "CLAVE LOC": 130280253, "TIPO DE ASENTAMIENTO": "COMUNIDAD INDIGENA", "NOMBRE": "AHUEHUETITLA [FRACCIONAMIENTO]", "MONTO ASIGNADO (PESOS)": 208320, "LATITUD": 21.065551, "LONGITUD": -98.533494 }, "geometry": { "type": "Point", "coordinates": [ -98.533494, 21.065551 ] } },
{ "type": "Feature", "properties": { "NO": 437, "ENTIDAD": "HIDALGO", "MUNICIPIO": "Huejutla de Reyes", "PUEBLO INDIGENA O AFROMEXICANO": "NAHUA", "LOCALIDAD": "AMAXAC", "CLAVE LOC": 130280010, "TIPO DE ASENTAMIENTO": "COMUNIDAD INDIGENA", "NOMBRE": "AMAXAC", "MONTO ASIGNADO (PESOS)": 566427, "LATITUD": 21.215628, "LONGITUD": -98.477827 }, "geometry": { "type": "Point", "coordinates": [ -98.477827, 21.215628 ] } },
{ "type": "Feature", "properties": { "NO": 438, "ENTIDAD": "HIDALGO", "MUNICIPIO": "Huejutla de Reyes", "PUEBLO INDIGENA O AFROMEXICANO": "NAHUA", "LOCALIDAD": "AMOYAHUAL", "CLAVE LOC": 130280155, "TIPO DE ASENTAMIENTO": "COMUNIDAD INDIGENA", "NOMBRE": "AMOYAHUAL", "MONTO ASIGNADO (PESOS)": 127483, "LATITUD": 21.090506, "LONGITUD": -98.530177 }, "geometry": { "type": "Point", "coordinates": [ -98.530177, 21.090506 ] } },
{ "type": "Feature", "properties": { "NO": 439, "ENTIDAD": "HIDALGO", "MUNICIPIO": "Huejutla de Reyes", "PUEBLO INDIGENA O AFROMEXICANO": "NAHUA", "LOCALIDAD": "AMPLIACIÓN BUENA VISTA", "CLAVE LOC": 130280269, "TIPO DE ASENTAMIENTO": "COMUNIDAD INDIGENA", "NOMBRE": "AMPLIACIÓN BUENA VISTA", "MONTO ASIGNADO (PESOS)": 380502, "LATITUD": 21.101051, "LONGITUD": -98.488315 }, "geometry": { "type": "Point", "coordinates": [ -98.488315, 21.101051 ] } },
{ "type": "Feature", "properties": { "NO": 440, "ENTIDAD": "HIDALGO", "MUNICIPIO": "Huejutla de Reyes", "PUEBLO INDIGENA O AFROMEXICANO": "NAHUA", "LOCALIDAD": "APETLACO AGUACATITLA", "CLAVE LOC": 130280011, "TIPO DE ASENTAMIENTO": "COMUNIDAD INDIGENA", "NOMBRE": "APETLACO AGUACATITLA", "MONTO ASIGNADO (PESOS)": 313408, "LATITUD": 21.11044, "LONGITUD": -98.461769 }, "geometry": { "type": "Point", "coordinates": [ -98.461769, 21.11044 ] } },
{ "type": "Feature", "properties": { "NO": 441, "ENTIDAD": "HIDALGO", "MUNICIPIO": "Huejutla de Reyes", "PUEBLO INDIGENA O AFROMEXICANO": "NAHUA", "LOCALIDAD": "APETLACO HUEROTA", "CLAVE LOC": 130280259, "TIPO DE ASENTAMIENTO": "COMUNIDAD INDIGENA", "NOMBRE": "APETLACO HUEROTA", "MONTO ASIGNADO (PESOS)": 144459, "LATITUD": 21.10989, "LONGITUD": -98.463171 }, "geometry": { "type": "Point", "coordinates": [ -98.463171, 21.10989 ] } },
{ "type": "Feature", "properties": { "NO": 442, "ENTIDAD": "HIDALGO", "MUNICIPIO": "Huejutla de Reyes", "PUEBLO INDIGENA O AFROMEXICANO": "NAHUA", "LOCALIDAD": "AQUIXCUATITLA I", "CLAVE LOC": 130280013, "TIPO DE ASENTAMIENTO": "COMUNIDAD INDIGENA", "NOMBRE": "AQUIXCUATITLA I", "MONTO ASIGNADO (PESOS)": 383736, "LATITUD": 21.108233, "LONGITUD": -98.471706 }, "geometry": { "type": "Point", "coordinates": [ -98.471706, 21.108233 ] } },
{ "type": "Feature", "properties": { "NO": 443, "ENTIDAD": "HIDALGO", "MUNICIPIO": "Huejutla de Reyes", "PUEBLO INDIGENA O AFROMEXICANO": "NAHUA", "LOCALIDAD": "AQUIXCUATITLA II", "CLAVE LOC": 130280268, "TIPO DE ASENTAMIENTO": "COMUNIDAD INDIGENA", "NOMBRE": "AQUIXCUATITLA II", "MONTO ASIGNADO (PESOS)": 278648, "LATITUD": 21.108083, "LONGITUD": -98.472976 }, "geometry": { "type": "Point", "coordinates": [ -98.472976, 21.108083 ] } },
{ "type": "Feature", "properties": { "NO": 444, "ENTIDAD": "HIDALGO", "MUNICIPIO": "Huejutla de Reyes", "PUEBLO INDIGENA O AFROMEXICANO": "NAHUA", "LOCALIDAD": "ATALCO", "CLAVE LOC": 130280002, "TIPO DE ASENTAMIENTO": "COMUNIDAD INDIGENA", "NOMBRE": "ATALCO", "MONTO ASIGNADO (PESOS)": 422537, "LATITUD": 21.090758, "LONGITUD": -98.442652 }, "geometry": { "type": "Point", "coordinates": [ -98.442652, 21.090758 ] } },
{ "type": "Feature", "properties": { "NO": 445, "ENTIDAD": "HIDALGO", "MUNICIPIO": "Huejutla de Reyes", "PUEBLO INDIGENA O AFROMEXICANO": "NAHUA", "LOCALIDAD": "ATAPPA", "CLAVE LOC": 130280152, "TIPO DE ASENTAMIENTO": "COMUNIDAD INDIGENA", "NOMBRE": "ATAPPA", "MONTO ASIGNADO (PESOS)": 329575, "LATITUD": 21.071233, "LONGITUD": -98.512964 }, "geometry": { "type": "Point", "coordinates": [ -98.512964, 21.071233 ] } },
{ "type": "Feature", "properties": { "NO": 446, "ENTIDAD": "HIDALGO", "MUNICIPIO": "Huejutla de Reyes", "PUEBLO INDIGENA O AFROMEXICANO": "NAHUA", "LOCALIDAD": "ATEIXCO", "CLAVE LOC": 130280014, "TIPO DE ASENTAMIENTO": "COMUNIDAD INDIGENA", "NOMBRE": "ATEIXCO", "MONTO ASIGNADO (PESOS)": 365952, "LATITUD": 21.163733, "LONGITUD": -98.485186 }, "geometry": { "type": "Point", "coordinates": [ -98.485186, 21.163733 ] } },
{ "type": "Feature", "properties": { "NO": 447, "ENTIDAD": "HIDALGO", "MUNICIPIO": "Huejutla de Reyes", "PUEBLO INDIGENA O AFROMEXICANO": "NAHUA", "LOCALIDAD": "ATEXALTIPA", "CLAVE LOC": 130280176, "TIPO DE ASENTAMIENTO": "COMUNIDAD INDIGENA", "NOMBRE": "ATEXALTIPA", "MONTO ASIGNADO (PESOS)": 171943, "LATITUD": 21.093043, "LONGITUD": -98.508583 }, "geometry": { "type": "Point", "coordinates": [ -98.508583, 21.093043 ] } },
{ "type": "Feature", "properties": { "NO": 448, "ENTIDAD": "HIDALGO", "MUNICIPIO": "Huejutla de Reyes", "PUEBLO INDIGENA O AFROMEXICANO": "NAHUA", "LOCALIDAD": "AXCACO", "CLAVE LOC": 130280015, "TIPO DE ASENTAMIENTO": "COMUNIDAD INDIGENA", "NOMBRE": "AXCACO", "MONTO ASIGNADO (PESOS)": 825105, "LATITUD": 21.07017, "LONGITUD": -98.540691 }, "geometry": { "type": "Point", "coordinates": [ -98.540691, 21.07017 ] } },
{ "type": "Feature", "properties": { "NO": 449, "ENTIDAD": "HIDALGO", "MUNICIPIO": "Huejutla de Reyes", "PUEBLO INDIGENA O AFROMEXICANO": "NAHUA", "LOCALIDAD": "AXIHUIYO", "CLAVE LOC": 130280016, "TIPO DE ASENTAMIENTO": "COMUNIDAD INDIGENA", "NOMBRE": "AXIHUIYO", "MONTO ASIGNADO (PESOS)": 248738, "LATITUD": 21.183229, "LONGITUD": -98.510598 }, "geometry": { "type": "Point", "coordinates": [ -98.510598, 21.183229 ] } },
{ "type": "Feature", "properties": { "NO": 450, "ENTIDAD": "HIDALGO", "MUNICIPIO": "Huejutla de Reyes", "PUEBLO INDIGENA O AFROMEXICANO": "NAHUA", "LOCALIDAD": "BUENA VISTA", "CLAVE LOC": 130280076, "TIPO DE ASENTAMIENTO": "COMUNIDAD INDIGENA", "NOMBRE": "BUENA VISTA", "MONTO ASIGNADO (PESOS)": 461514, "LATITUD": 21.102931, "LONGITUD": -98.480769 }, "geometry": { "type": "Point", "coordinates": [ -98.480769, 21.102931 ] } },
{ "type": "Feature", "properties": { "NO": 451, "ENTIDAD": "HIDALGO", "MUNICIPIO": "Huejutla de Reyes", "PUEBLO INDIGENA O AFROMEXICANO": "NAHUA", "LOCALIDAD": "CACATECO", "CLAVE LOC": 130280017, "TIPO DE ASENTAMIENTO": "COMUNIDAD INDIGENA", "NOMBRE": "CACATECO", "MONTO ASIGNADO (PESOS)": 477506, "LATITUD": 21.131641, "LONGITUD": -98.325341 }, "geometry": { "type": "Point", "coordinates": [ -98.325341, 21.131641 ] } },
{ "type": "Feature", "properties": { "NO": 452, "ENTIDAD": "HIDALGO", "MUNICIPIO": "Huejutla de Reyes", "PUEBLO INDIGENA O AFROMEXICANO": "NAHUA", "LOCALIDAD": "CACATETITLA", "CLAVE LOC": 130280153, "TIPO DE ASENTAMIENTO": "LOCALIDAD CON POBLACION INDIGENA", "NOMBRE": "CACATETITLA", "MONTO ASIGNADO (PESOS)": 158201, "LATITUD": 21.088055, "LONGITUD": -98.529722 }, "geometry": { "type": "Point", "coordinates": [ -98.529722, 21.088055 ] } },
{ "type": "Feature", "properties": { "NO": 453, "ENTIDAD": "HIDALGO", "MUNICIPIO": "Huejutla de Reyes", "PUEBLO INDIGENA O AFROMEXICANO": "NAHUA", "LOCALIDAD": "CALMECATE", "CLAVE LOC": 130280018, "TIPO DE ASENTAMIENTO": "COMUNIDAD INDIGENA", "NOMBRE": "CALMECATE", "MONTO ASIGNADO (PESOS)": 535709, "LATITUD": 21.160712, "LONGITUD": -98.340073 }, "geometry": { "type": "Point", "coordinates": [ -98.340073, 21.160712 ] } },
{ "type": "Feature", "properties": { "NO": 454, "ENTIDAD": "HIDALGO", "MUNICIPIO": "Huejutla de Reyes", "PUEBLO INDIGENA O AFROMEXICANO": "NAHUA", "LOCALIDAD": "CANDELACTA", "CLAVE LOC": 130280020, "TIPO DE ASENTAMIENTO": "COMUNIDAD INDIGENA", "NOMBRE": "CANDELACTA", "MONTO ASIGNADO (PESOS)": 258002, "LATITUD": 21.241687, "LONGITUD": -98.488403 }, "geometry": { "type": "Point", "coordinates": [ -98.488403, 21.241687 ] } },
{ "type": "Feature", "properties": { "NO": 455, "ENTIDAD": "HIDALGO", "MUNICIPIO": "Huejutla de Reyes", "PUEBLO INDIGENA O AFROMEXICANO": "NAHUA", "LOCALIDAD": "CANDELARIA", "CLAVE LOC": 130280021, "TIPO DE ASENTAMIENTO": "COMUNIDAD INDIGENA", "NOMBRE": "CANDELARIA", "MONTO ASIGNADO (PESOS)": 908367, "LATITUD": 21.08498, "LONGITUD": -98.404924 }, "geometry": { "type": "Point", "coordinates": [ -98.404924, 21.08498 ] } },
{ "type": "Feature", "properties": { "NO": 456, "ENTIDAD": "HIDALGO", "MUNICIPIO": "Huejutla de Reyes", "PUEBLO INDIGENA O AFROMEXICANO": "NAHUA", "LOCALIDAD": "CAPÁNE", "CLAVE LOC": 130280232, "TIPO DE ASENTAMIENTO": "LOCALIDAD CON POBLACION INDIGENA", "NOMBRE": "CAPÁNE", "MONTO ASIGNADO (PESOS)": 166296, "LATITUD": 21.213366, "LONGITUD": -98.482399 }, "geometry": { "type": "Point", "coordinates": [ -98.482399, 21.213366 ] } },
{ "type": "Feature", "properties": { "NO": 457, "ENTIDAD": "HIDALGO", "MUNICIPIO": "Huejutla de Reyes", "PUEBLO INDIGENA O AFROMEXICANO": "NAHUA", "LOCALIDAD": "CECECÁMEL", "CLAVE LOC": 130280218, "TIPO DE ASENTAMIENTO": "COMUNIDAD INDIGENA", "NOMBRE": "CECECÁMEL", "MONTO ASIGNADO (PESOS)": 133142, "LATITUD": 21.087389, "LONGITUD": -98.503912 }, "geometry": { "type": "Point", "coordinates": [ -98.503912, 21.087389 ] } },
{ "type": "Feature", "properties": { "NO": 458, "ENTIDAD": "HIDALGO", "MUNICIPIO": "Huejutla de Reyes", "PUEBLO INDIGENA O AFROMEXICANO": "NAHUA", "LOCALIDAD": "CECECAPA", "CLAVE LOC": 130280022, "TIPO DE ASENTAMIENTO": "COMUNIDAD INDIGENA", "NOMBRE": "CECECAPA", "MONTO ASIGNADO (PESOS)": 384544, "LATITUD": 21.176395, "LONGITUD": -98.490653 }, "geometry": { "type": "Point", "coordinates": [ -98.490653, 21.176395 ] } },
{ "type": "Feature", "properties": { "NO": 459, "ENTIDAD": "HIDALGO", "MUNICIPIO": "Huejutla de Reyes", "PUEBLO INDIGENA O AFROMEXICANO": "NAHUA", "LOCALIDAD": "CHACHAIXPA", "CLAVE LOC": 130280173, "TIPO DE ASENTAMIENTO": "COMUNIDAD INDIGENA", "NOMBRE": "CHACHAIXPA", "MONTO ASIGNADO (PESOS)": 172577, "LATITUD": 21.195789, "LONGITUD": -98.473871 }, "geometry": { "type": "Point", "coordinates": [ -98.473871, 21.195789 ] } },
{ "type": "Feature", "properties": { "NO": 460, "ENTIDAD": "HIDALGO", "MUNICIPIO": "Huejutla de Reyes", "PUEBLO INDIGENA O AFROMEXICANO": "NAHUA", "LOCALIDAD": "CHALAHUITZINTLA", "CLAVE LOC": 130280040, "TIPO DE ASENTAMIENTO": "COMUNIDAD INDIGENA", "NOMBRE": "CHALAHUITZINTLA", "MONTO ASIGNADO (PESOS)": 258439, "LATITUD": 21.109289, "LONGITUD": -98.535167 }, "geometry": { "type": "Point", "coordinates": [ -98.535167, 21.109289 ] } },
{ "type": "Feature", "properties": { "NO": 461, "ENTIDAD": "HIDALGO", "MUNICIPIO": "Huejutla de Reyes", "PUEBLO INDIGENA O AFROMEXICANO": "NAHUA", "LOCALIDAD": "CHALAHUIYAPA", "CLAVE LOC": 130280041, "TIPO DE ASENTAMIENTO": "COMUNIDAD INDIGENA", "NOMBRE": "CHALAHUIYAPA", "MONTO ASIGNADO (PESOS)": 1238990, "LATITUD": 21.150295, "LONGITUD": -98.364666 }, "geometry": { "type": "Point", "coordinates": [ -98.364666, 21.150295 ] } },
{ "type": "Feature", "properties": { "NO": 462, "ENTIDAD": "HIDALGO", "MUNICIPIO": "Huejutla de Reyes", "PUEBLO INDIGENA O AFROMEXICANO": "NAHUA", "LOCALIDAD": "CHARCO AZUL", "CLAVE LOC": 130280220, "TIPO DE ASENTAMIENTO": "COMUNIDAD INDIGENA", "NOMBRE": "CHARCO AZUL", "MONTO ASIGNADO (PESOS)": 239038, "LATITUD": 21.154404, "LONGITUD": -98.381399 }, "geometry": { "type": "Point", "coordinates": [ -98.381399, 21.154404 ] } },
{ "type": "Feature", "properties": { "NO": 463, "ENTIDAD": "HIDALGO", "MUNICIPIO": "Huejutla de Reyes", "PUEBLO INDIGENA O AFROMEXICANO": "NAHUA", "LOCALIDAD": "CHINTANTA", "CLAVE LOC": 130280267, "TIPO DE ASENTAMIENTO": "LOCALIDAD CON POBLACION INDIGENA", "NOMBRE": "CHINTANTA", "MONTO ASIGNADO (PESOS)": 164668, "LATITUD": 21.111134, "LONGITUD": -98.515764 }, "geometry": { "type": "Point", "coordinates": [ -98.515764, 21.111134 ] } },
{ "type": "Feature", "properties": { "NO": 464, "ENTIDAD": "HIDALGO", "MUNICIPIO": "Huejutla de Reyes", "PUEBLO INDIGENA O AFROMEXICANO": "NAHUA", "LOCALIDAD": "CHIQUEMECATITLA", "CLAVE LOC": 130280044, "TIPO DE ASENTAMIENTO": "COMUNIDAD INDIGENA", "NOMBRE": "CHIQUEMECATITLA", "MONTO ASIGNADO (PESOS)": 434663, "LATITUD": 21.111629, "LONGITUD": -98.399973 }, "geometry": { "type": "Point", "coordinates": [ -98.399973, 21.111629 ] } },
{ "type": "Feature", "properties": { "NO": 465, "ENTIDAD": "HIDALGO", "MUNICIPIO": "Huejutla de Reyes", "PUEBLO INDIGENA O AFROMEXICANO": "NAHUA", "LOCALIDAD": "CHOMAQUICO", "CLAVE LOC": 130280193, "TIPO DE ASENTAMIENTO": "COMUNIDAD INDIGENA", "NOMBRE": "CHOMAQUICO", "MONTO ASIGNADO (PESOS)": 261771, "LATITUD": 21.067114, "LONGITUD": -98.482546 }, "geometry": { "type": "Point", "coordinates": [ -98.482546, 21.067114 ] } },
{ "type": "Feature", "properties": { "NO": 466, "ENTIDAD": "HIDALGO", "MUNICIPIO": "Huejutla de Reyes", "PUEBLO INDIGENA O AFROMEXICANO": "NAHUA", "LOCALIDAD": "COACUILCO", "CLAVE LOC": 130280023, "TIPO DE ASENTAMIENTO": "COMUNIDAD INDIGENA", "NOMBRE": "COACUILCO", "MONTO ASIGNADO (PESOS)": 110507, "LATITUD": 21.103501, "LONGITUD": -98.586056 }, "geometry": { "type": "Point", "coordinates": [ -98.586056, 21.103501 ] } },
{ "type": "Feature", "properties": { "NO": 467, "ENTIDAD": "HIDALGO", "MUNICIPIO": "Huejutla de Reyes", "PUEBLO INDIGENA O AFROMEXICANO": "NAHUA", "LOCALIDAD": "COAMILA", "CLAVE LOC": 130280024, "TIPO DE ASENTAMIENTO": "COMUNIDAD INDIGENA", "NOMBRE": "COAMILA", "MONTO ASIGNADO (PESOS)": 850952, "LATITUD": 21.10944, "LONGITUD": -98.497717 }, "geometry": { "type": "Point", "coordinates": [ -98.497717, 21.10944 ] } },
{ "type": "Feature", "properties": { "NO": 468, "ENTIDAD": "HIDALGO", "MUNICIPIO": "Huejutla de Reyes", "PUEBLO INDIGENA O AFROMEXICANO": "NAHUA", "LOCALIDAD": "COAXOCOTITLA", "CLAVE LOC": 130280037, "TIPO DE ASENTAMIENTO": "COMUNIDAD INDIGENA", "NOMBRE": "COAXOCOTITLA", "MONTO ASIGNADO (PESOS)": 790914, "LATITUD": 21.117167, "LONGITUD": -98.516486 }, "geometry": { "type": "Point", "coordinates": [ -98.516486, 21.117167 ] } },
{ "type": "Feature", "properties": { "NO": 469, "ENTIDAD": "HIDALGO", "MUNICIPIO": "Huejutla de Reyes", "PUEBLO INDIGENA O AFROMEXICANO": "NAHUA", "LOCALIDAD": "COCHISCUATITLA ANEXO IXCATLÁN", "CLAVE LOC": 130280215, "TIPO DE ASENTAMIENTO": "COMUNIDAD INDIGENA", "NOMBRE": "COCHISCUATITLA ANEXO IXCATLÁN", "MONTO ASIGNADO (PESOS)": 183883, "LATITUD": 21.101109, "LONGITUD": -98.507633 }, "geometry": { "type": "Point", "coordinates": [ -98.507633, 21.101109 ] } },
{ "type": "Feature", "properties": { "NO": 470, "ENTIDAD": "HIDALGO", "MUNICIPIO": "Huejutla de Reyes", "PUEBLO INDIGENA O AFROMEXICANO": "NAHUA", "LOCALIDAD": "COCHISCUATITLA LAS CHACAS", "CLAVE LOC": 130280028, "TIPO DE ASENTAMIENTO": "COMUNIDAD INDIGENA", "NOMBRE": "COCHISCUATITLA LAS CHACAS", "MONTO ASIGNADO (PESOS)": 392628, "LATITUD": 21.205751, "LONGITUD": -98.55078 }, "geometry": { "type": "Point", "coordinates": [ -98.55078, 21.205751 ] } },
{ "type": "Feature", "properties": { "NO": 471, "ENTIDAD": "HIDALGO", "MUNICIPIO": "Huejutla de Reyes", "PUEBLO INDIGENA O AFROMEXICANO": "NAHUA", "LOCALIDAD": "COCO CHICO", "CLAVE LOC": 130280026, "TIPO DE ASENTAMIENTO": "COMUNIDAD INDIGENA", "NOMBRE": "COCO CHICO", "MONTO ASIGNADO (PESOS)": 498524, "LATITUD": 21.159705, "LONGITUD": -98.418959 }, "geometry": { "type": "Point", "coordinates": [ -98.418959, 21.159705 ] } },
{ "type": "Feature", "properties": { "NO": 472, "ENTIDAD": "HIDALGO", "MUNICIPIO": "Huejutla de Reyes", "PUEBLO INDIGENA O AFROMEXICANO": "NAHUA", "LOCALIDAD": "CONGRESO PERMANENTE AGRARIO", "CLAVE LOC": 130280111, "TIPO DE ASENTAMIENTO": "COMUNIDAD INDIGENA", "NOMBRE": "CONGRESO PERMANENTE AGRARIO", "MONTO ASIGNADO (PESOS)": 529242, "LATITUD": 21.134794, "LONGITUD": -98.29915 }, "geometry": { "type": "Point", "coordinates": [ -98.29915, 21.134794 ] } },
{ "type": "Feature", "properties": { "NO": 473, "ENTIDAD": "HIDALGO", "MUNICIPIO": "Huejutla de Reyes", "PUEBLO INDIGENA O AFROMEXICANO": "NAHUA", "LOCALIDAD": "CONTÉPEC", "CLAVE LOC": 130280030, "TIPO DE ASENTAMIENTO": "COMUNIDAD INDIGENA", "NOMBRE": "CONTÉPEC", "MONTO ASIGNADO (PESOS)": 606037, "LATITUD": 21.133544, "LONGITUD": -98.492689 }, "geometry": { "type": "Point", "coordinates": [ -98.492689, 21.133544 ] } },
{ "type": "Feature", "properties": { "NO": 474, "ENTIDAD": "HIDALGO", "MUNICIPIO": "Huejutla de Reyes", "PUEBLO INDIGENA O AFROMEXICANO": "NAHUA", "LOCALIDAD": "COXHUACO I", "CLAVE LOC": 130280194, "TIPO DE ASENTAMIENTO": "COMUNIDAD INDIGENA", "NOMBRE": "COXHUACO I", "MONTO ASIGNADO (PESOS)": 304483, "LATITUD": 21.088158, "LONGITUD": -98.45283 }, "geometry": { "type": "Point", "coordinates": [ -98.45283, 21.088158 ] } },
{ "type": "Feature", "properties": { "NO": 475, "ENTIDAD": "HIDALGO", "MUNICIPIO": "Huejutla de Reyes", "PUEBLO INDIGENA O AFROMEXICANO": "NAHUA", "LOCALIDAD": "COXHUACO II", "CLAVE LOC": 130280032, "TIPO DE ASENTAMIENTO": "COMUNIDAD INDIGENA", "NOMBRE": "COXHUACO II", "MONTO ASIGNADO (PESOS)": 441130, "LATITUD": 21.088053, "LONGITUD": -98.451153 }, "geometry": { "type": "Point", "coordinates": [ -98.451153, 21.088053 ] } },
{ "type": "Feature", "properties": { "NO": 476, "ENTIDAD": "HIDALGO", "MUNICIPIO": "Huejutla de Reyes", "PUEBLO INDIGENA O AFROMEXICANO": "NAHUA", "LOCALIDAD": "COYOLTITLA", "CLAVE LOC": 130280142, "TIPO DE ASENTAMIENTO": "COMUNIDAD INDIGENA", "NOMBRE": "COYOLTITLA", "MONTO ASIGNADO (PESOS)": 185685, "LATITUD": 21.073182, "LONGITUD": -98.501404 }, "geometry": { "type": "Point", "coordinates": [ -98.501404, 21.073182 ] } },
{ "type": "Feature", "properties": { "NO": 477, "ENTIDAD": "HIDALGO", "MUNICIPIO": "Huejutla de Reyes", "PUEBLO INDIGENA O AFROMEXICANO": "NAHUA", "LOCALIDAD": "COYOLTZINTLA", "CLAVE LOC": 130280180, "TIPO DE ASENTAMIENTO": "COMUNIDAD INDIGENA", "NOMBRE": "COYOLTZINTLA", "MONTO ASIGNADO (PESOS)": 305324, "LATITUD": 21.086163, "LONGITUD": -98.488603 }, "geometry": { "type": "Point", "coordinates": [ -98.488603, 21.086163 ] } },
{ "type": "Feature", "properties": { "NO": 478, "ENTIDAD": "HIDALGO", "MUNICIPIO": "Huejutla de Reyes", "PUEBLO INDIGENA O AFROMEXICANO": "NAHUA", "LOCALIDAD": "COYOTEPEC", "CLAVE LOC": 130280156, "TIPO DE ASENTAMIENTO": "COMUNIDAD INDIGENA", "NOMBRE": "COYOTEPEC", "MONTO ASIGNADO (PESOS)": 211521, "LATITUD": 21.082095, "LONGITUD": -98.508397 }, "geometry": { "type": "Point", "coordinates": [ -98.508397, 21.082095 ] } },
{ "type": "Feature", "properties": { "NO": 479, "ENTIDAD": "HIDALGO", "MUNICIPIO": "Huejutla de Reyes", "PUEBLO INDIGENA O AFROMEXICANO": "NAHUA", "LOCALIDAD": "COYUCO NUEVO", "CLAVE LOC": 130280033, "TIPO DE ASENTAMIENTO": "COMUNIDAD INDIGENA", "NOMBRE": "COYUCO NUEVO", "MONTO ASIGNADO (PESOS)": 177602, "LATITUD": 21.137174, "LONGITUD": -98.307164 }, "geometry": { "type": "Point", "coordinates": [ -98.307164, 21.137174 ] } },
{ "type": "Feature", "properties": { "NO": 480, "ENTIDAD": "HIDALGO", "MUNICIPIO": "Huejutla de Reyes", "PUEBLO INDIGENA O AFROMEXICANO": "NAHUA", "LOCALIDAD": "CRUZTITLA", "CLAVE LOC": 130280035, "TIPO DE ASENTAMIENTO": "COMUNIDAD INDIGENA", "NOMBRE": "CRUZTITLA", "MONTO ASIGNADO (PESOS)": 510650, "LATITUD": 21.242041, "LONGITUD": -98.51579 }, "geometry": { "type": "Point", "coordinates": [ -98.51579, 21.242041 ] } },
{ "type": "Feature", "properties": { "NO": 481, "ENTIDAD": "HIDALGO", "MUNICIPIO": "Huejutla de Reyes", "PUEBLO INDIGENA O AFROMEXICANO": "NAHUA", "LOCALIDAD": "CUACHIQUIAPA", "CLAVE LOC": 130280127, "TIPO DE ASENTAMIENTO": "COMUNIDAD INDIGENA", "NOMBRE": "CUACHIQUIAPA", "MONTO ASIGNADO (PESOS)": 205895, "LATITUD": 21.099899, "LONGITUD": -98.581023 }, "geometry": { "type": "Point", "coordinates": [ -98.581023, 21.099899 ] } },
{ "type": "Feature", "properties": { "NO": 482, "ENTIDAD": "HIDALGO", "MUNICIPIO": "Huejutla de Reyes", "PUEBLO INDIGENA O AFROMEXICANO": "NAHUA", "LOCALIDAD": "CUAPAXTITLA", "CLAVE LOC": 130280025, "TIPO DE ASENTAMIENTO": "COMUNIDAD INDIGENA", "NOMBRE": "CUAPAXTITLA", "MONTO ASIGNADO (PESOS)": 874415, "LATITUD": 21.132639, "LONGITUD": -98.551697 }, "geometry": { "type": "Point", "coordinates": [ -98.551697, 21.132639 ] } },
{ "type": "Feature", "properties": { "NO": 483, "ENTIDAD": "HIDALGO", "MUNICIPIO": "Huejutla de Reyes", "PUEBLO INDIGENA O AFROMEXICANO": "NAHUA", "LOCALIDAD": "CUATECÓMETL", "CLAVE LOC": 130280036, "TIPO DE ASENTAMIENTO": "COMUNIDAD INDIGENA", "NOMBRE": "CUATECÓMETL", "MONTO ASIGNADO (PESOS)": 437896, "LATITUD": 21.194245, "LONGITUD": -98.492776 }, "geometry": { "type": "Point", "coordinates": [ -98.492776, 21.194245 ] } },
{ "type": "Feature", "properties": { "NO": 484, "ENTIDAD": "HIDALGO", "MUNICIPIO": "Huejutla de Reyes", "PUEBLO INDIGENA O AFROMEXICANO": "NAHUA", "LOCALIDAD": "ECUATITLA", "CLAVE LOC": 130280046, "TIPO DE ASENTAMIENTO": "COMUNIDAD INDIGENA", "NOMBRE": "ECUATITLA", "MONTO ASIGNADO (PESOS)": 257630, "LATITUD": 21.045334, "LONGITUD": -98.418634 }, "geometry": { "type": "Point", "coordinates": [ -98.418634, 21.045334 ] } },
{ "type": "Feature", "properties": { "NO": 485, "ENTIDAD": "HIDALGO", "MUNICIPIO": "Huejutla de Reyes", "PUEBLO INDIGENA O AFROMEXICANO": "NAHUA", "LOCALIDAD": "EL CHOTE", "CLAVE LOC": 130280045, "TIPO DE ASENTAMIENTO": "COMUNIDAD INDIGENA", "NOMBRE": "EL CHOTE", "MONTO ASIGNADO (PESOS)": 470231, "LATITUD": 21.095978, "LONGITUD": -98.373364 }, "geometry": { "type": "Point", "coordinates": [ -98.373364, 21.095978 ] } },
{ "type": "Feature", "properties": { "NO": 486, "ENTIDAD": "HIDALGO", "MUNICIPIO": "Huejutla de Reyes", "PUEBLO INDIGENA O AFROMEXICANO": "NAHUA", "LOCALIDAD": "EL LINDERO", "CLAVE LOC": 130280277, "TIPO DE ASENTAMIENTO": "COMUNIDAD INDIGENA", "NOMBRE": "EL LINDERO", "MONTO ASIGNADO (PESOS)": 84639, "LATITUD": 21.109711, "LONGITUD": -98.46743 }, "geometry": { "type": "Point", "coordinates": [ -98.46743, 21.109711 ] } },
{ "type": "Feature", "properties": { "NO": 487, "ENTIDAD": "HIDALGO", "MUNICIPIO": "Huejutla de Reyes", "PUEBLO INDIGENA O AFROMEXICANO": "NAHUA", "LOCALIDAD": "EL OJITE", "CLAVE LOC": 130280225, "TIPO DE ASENTAMIENTO": "COMUNIDAD INDIGENA", "NOMBRE": "EL OJITE", "MONTO ASIGNADO (PESOS)": 241463, "LATITUD": 21.112264, "LONGITUD": -98.440692 }, "geometry": { "type": "Point", "coordinates": [ -98.440692, 21.112264 ] } },
{ "type": "Feature", "properties": { "NO": 488, "ENTIDAD": "HIDALGO", "MUNICIPIO": "Huejutla de Reyes", "PUEBLO INDIGENA O AFROMEXICANO": "NAHUA", "LOCALIDAD": "EL PEMUCHE", "CLAVE LOC": 130280073, "TIPO DE ASENTAMIENTO": "COMUNIDAD INDIGENA", "NOMBRE": "EL PEMUCHE", "MONTO ASIGNADO (PESOS)": 232571, "LATITUD": 21.2204, "LONGITUD": -98.513387 }, "geometry": { "type": "Point", "coordinates": [ -98.513387, 21.2204 ] } },
{ "type": "Feature", "properties": { "NO": 489, "ENTIDAD": "HIDALGO", "MUNICIPIO": "Huejutla de Reyes", "PUEBLO INDIGENA O AFROMEXICANO": "NAHUA", "LOCALIDAD": "EL XÚCHITL", "CLAVE LOC": 130280121, "TIPO DE ASENTAMIENTO": "COMUNIDAD INDIGENA", "NOMBRE": "EL XÚCHITL", "MONTO ASIGNADO (PESOS)": 276223, "LATITUD": 21.102443, "LONGITUD": -98.392627 }, "geometry": { "type": "Point", "coordinates": [ -98.392627, 21.102443 ] } },
{ "type": "Feature", "properties": { "NO": 490, "ENTIDAD": "HIDALGO", "MUNICIPIO": "Huejutla de Reyes", "PUEBLO INDIGENA O AFROMEXICANO": "NAHUA", "LOCALIDAD": "ESCUATITLA", "CLAVE LOC": 130280207, "TIPO DE ASENTAMIENTO": "COMUNIDAD INDIGENA", "NOMBRE": "ESCUATITLA", "MONTO ASIGNADO (PESOS)": 148501, "LATITUD": 21.105531, "LONGITUD": -98.51392 }, "geometry": { "type": "Point", "coordinates": [ -98.51392, 21.105531 ] } },
{ "type": "Feature", "properties": { "NO": 491, "ENTIDAD": "HIDALGO", "MUNICIPIO": "Huejutla de Reyes", "PUEBLO INDIGENA O AFROMEXICANO": "NAHUA", "LOCALIDAD": "HUACAXTITLA", "CLAVE LOC": 130280184, "TIPO DE ASENTAMIENTO": "COMUNIDAD INDIGENA", "NOMBRE": "HUACAXTITLA", "MONTO ASIGNADO (PESOS)": 298049, "LATITUD": 21.069854, "LONGITUD": -98.526859 }, "geometry": { "type": "Point", "coordinates": [ -98.526859, 21.069854 ] } },
{ "type": "Feature", "properties": { "NO": 492, "ENTIDAD": "HIDALGO", "MUNICIPIO": "Huejutla de Reyes", "PUEBLO INDIGENA O AFROMEXICANO": "NAHUA", "LOCALIDAD": "HUEHUETLA", "CLAVE LOC": 130280051, "TIPO DE ASENTAMIENTO": "COMUNIDAD INDIGENA", "NOMBRE": "HUEHUETLA", "MONTO ASIGNADO (PESOS)": 664000, "LATITUD": 21.074023, "LONGITUD": -98.505663 }, "geometry": { "type": "Point", "coordinates": [ -98.505663, 21.074023 ] } },
{ "type": "Feature", "properties": { "NO": 493, "ENTIDAD": "HIDALGO", "MUNICIPIO": "Huejutla de Reyes", "PUEBLO INDIGENA O AFROMEXICANO": "NAHUA", "LOCALIDAD": "HUEJUTLA DE REYES", "CLAVE LOC": 130280001, "TIPO DE ASENTAMIENTO": "COMUNIDAD INDIGENA", "NOMBRE": "HUEJUTLA DE REYES", "MONTO ASIGNADO (PESOS)": 519542, "LATITUD": 21.139212, "LONGITUD": -98.420594 }, "geometry": { "type": "Point", "coordinates": [ -98.420594, 21.139212 ] } },
{ "type": "Feature", "properties": { "NO": 494, "ENTIDAD": "HIDALGO", "MUNICIPIO": "Huejutla de Reyes", "PUEBLO INDIGENA O AFROMEXICANO": "NAHUA", "LOCALIDAD": "HUEYNALI", "CLAVE LOC": 130280255, "TIPO DE ASENTAMIENTO": "COMUNIDAD INDIGENA", "NOMBRE": "HUEYNALI", "MONTO ASIGNADO (PESOS)": 472656, "LATITUD": 21.146907, "LONGITUD": -98.455537 }, "geometry": { "type": "Point", "coordinates": [ -98.455537, 21.146907 ] } },
{ "type": "Feature", "properties": { "NO": 495, "ENTIDAD": "HIDALGO", "MUNICIPIO": "Huejutla de Reyes", "PUEBLO INDIGENA O AFROMEXICANO": "NAHUA", "LOCALIDAD": "HUITZACHÁHUATL", "CLAVE LOC": 130280052, "TIPO DE ASENTAMIENTO": "COMUNIDAD INDIGENA", "NOMBRE": "HUITZACHÁHUATL", "MONTO ASIGNADO (PESOS)": 682024, "LATITUD": 21.117536, "LONGITUD": -98.349779 }, "geometry": { "type": "Point", "coordinates": [ -98.349779, 21.117536 ] } },
{ "type": "Feature", "properties": { "NO": 496, "ENTIDAD": "HIDALGO", "MUNICIPIO": "Huejutla de Reyes", "PUEBLO INDIGENA O AFROMEXICANO": "NAHUA", "LOCALIDAD": "HUITZQUILITITLA", "CLAVE LOC": 130280053, "TIPO DE ASENTAMIENTO": "COMUNIDAD INDIGENA", "NOMBRE": "HUITZQUILITITLA", "MONTO ASIGNADO (PESOS)": 396670, "LATITUD": 21.114235, "LONGITUD": -98.454293 }, "geometry": { "type": "Point", "coordinates": [ -98.454293, 21.114235 ] } },
{ "type": "Feature", "properties": { "NO": 497, "ENTIDAD": "HIDALGO", "MUNICIPIO": "Huejutla de Reyes", "PUEBLO INDIGENA O AFROMEXICANO": "NAHUA", "LOCALIDAD": "HUMOTITLA CANDELARIA", "CLAVE LOC": 130280054, "TIPO DE ASENTAMIENTO": "COMUNIDAD INDIGENA", "NOMBRE": "HUMOTITLA CANDELARIA", "MONTO ASIGNADO (PESOS)": 728909, "LATITUD": 21.074845, "LONGITUD": -98.39725 }, "geometry": { "type": "Point", "coordinates": [ -98.39725, 21.074845 ] } },
{ "type": "Feature", "properties": { "NO": 498, "ENTIDAD": "HIDALGO", "MUNICIPIO": "Huejutla de Reyes", "PUEBLO INDIGENA O AFROMEXICANO": "NAHUA", "LOCALIDAD": "HUMOTITLA COYUCO", "CLAVE LOC": 130280055, "TIPO DE ASENTAMIENTO": "COMUNIDAD INDIGENA", "NOMBRE": "HUMOTITLA COYUCO", "MONTO ASIGNADO (PESOS)": 227721, "LATITUD": 21.155713, "LONGITUD": -98.314843 }, "geometry": { "type": "Point", "coordinates": [ -98.314843, 21.155713 ] } },
{ "type": "Feature", "properties": { "NO": 499, "ENTIDAD": "HIDALGO", "MUNICIPIO": "Huejutla de Reyes", "PUEBLO INDIGENA O AFROMEXICANO": "NAHUA", "LOCALIDAD": "ILAMACTLA", "CLAVE LOC": 130280196, "TIPO DE ASENTAMIENTO": "COMUNIDAD INDIGENA", "NOMBRE": "ILAMACTLA", "MONTO ASIGNADO (PESOS)": 155776, "LATITUD": 21.058886, "LONGITUD": -98.516315 }, "geometry": { "type": "Point", "coordinates": [ -98.516315, 21.058886 ] } },
{ "type": "Feature", "properties": { "NO": 500, "ENTIDAD": "HIDALGO", "MUNICIPIO": "Huejutla de Reyes", "PUEBLO INDIGENA O AFROMEXICANO": "NAHUA", "LOCALIDAD": "IXCATÉPEC", "CLAVE LOC": 130280056, "TIPO DE ASENTAMIENTO": "COMUNIDAD INDIGENA", "NOMBRE": "IXCATÉPEC", "MONTO ASIGNADO (PESOS)": 494482, "LATITUD": 21.100596, "LONGITUD": -98.517912 }, "geometry": { "type": "Point", "coordinates": [ -98.517912, 21.100596 ] } },
{ "type": "Feature", "properties": { "NO": 501, "ENTIDAD": "HIDALGO", "MUNICIPIO": "Huejutla de Reyes", "PUEBLO INDIGENA O AFROMEXICANO": "NAHUA", "LOCALIDAD": "IXCATLÁN", "CLAVE LOC": 130280057, "TIPO DE ASENTAMIENTO": "COMUNIDAD INDIGENA", "NOMBRE": "IXCATLÁN", "MONTO ASIGNADO (PESOS)": 1594672, "LATITUD": 21.081626, "LONGITUD": -98.533457 }, "geometry": { "type": "Point", "coordinates": [ -98.533457, 21.081626 ] } },
{ "type": "Feature", "properties": { "NO": 502, "ENTIDAD": "HIDALGO", "MUNICIPIO": "Huejutla de Reyes", "PUEBLO INDIGENA O AFROMEXICANO": "NAHUA", "LOCALIDAD": "IXCUICUILA", "CLAVE LOC": 130280119, "TIPO DE ASENTAMIENTO": "COMUNIDAD INDIGENA", "NOMBRE": "IXCUICUILA", "MONTO ASIGNADO (PESOS)": 281073, "LATITUD": 21.077912, "LONGITUD": -98.494334 }, "geometry": { "type": "Point", "coordinates": [ -98.494334, 21.077912 ] } },
{ "type": "Feature", "properties": { "NO": 503, "ENTIDAD": "HIDALGO", "MUNICIPIO": "Huejutla de Reyes", "PUEBLO INDIGENA O AFROMEXICANO": "NAHUA", "LOCALIDAD": "IXTLAHUAC", "CLAVE LOC": 130280058, "TIPO DE ASENTAMIENTO": "COMUNIDAD INDIGENA", "NOMBRE": "IXTLAHUAC", "MONTO ASIGNADO (PESOS)": 349784, "LATITUD": 21.096256, "LONGITUD": -98.494019 }, "geometry": { "type": "Point", "coordinates": [ -98.494019, 21.096256 ] } },
{ "type": "Feature", "properties": { "NO": 504, "ENTIDAD": "HIDALGO", "MUNICIPIO": "Huejutla de Reyes", "PUEBLO INDIGENA O AFROMEXICANO": "NAHUA", "LOCALIDAD": "LA CORRALA", "CLAVE LOC": 130280031, "TIPO DE ASENTAMIENTO": "COMUNIDAD INDIGENA", "NOMBRE": "LA CORRALA", "MONTO ASIGNADO (PESOS)": 522775, "LATITUD": 21.17181, "LONGITUD": -98.506003 }, "geometry": { "type": "Point", "coordinates": [ -98.506003, 21.17181 ] } },
{ "type": "Feature", "properties": { "NO": 505, "ENTIDAD": "HIDALGO", "MUNICIPIO": "Huejutla de Reyes", "PUEBLO INDIGENA O AFROMEXICANO": "NAHUA", "LOCALIDAD": "LA CRUZ DE ZOCUITECO", "CLAVE LOC": 130280034, "TIPO DE ASENTAMIENTO": "COMUNIDAD INDIGENA", "NOMBRE": "LA CRUZ DE ZOCUITECO", "MONTO ASIGNADO (PESOS)": 327958, "LATITUD": 21.102065, "LONGITUD": -98.431568 }, "geometry": { "type": "Point", "coordinates": [ -98.431568, 21.102065 ] } },
{ "type": "Feature", "properties": { "NO": 506, "ENTIDAD": "HIDALGO", "MUNICIPIO": "Huejutla de Reyes", "PUEBLO INDIGENA O AFROMEXICANO": "NAHUA", "LOCALIDAD": "LA CURVA TLALTZINTLA", "CLAVE LOC": 130280191, "TIPO DE ASENTAMIENTO": "COMUNIDAD INDIGENA", "NOMBRE": "LA CURVA TLALTZINTLA", "MONTO ASIGNADO (PESOS)": 452447, "LATITUD": 21.129204, "LONGITUD": -98.452767 }, "geometry": { "type": "Point", "coordinates": [ -98.452767, 21.129204 ] } },
{ "type": "Feature", "properties": { "NO": 507, "ENTIDAD": "HIDALGO", "MUNICIPIO": "Huejutla de Reyes", "PUEBLO INDIGENA O AFROMEXICANO": "NAHUA", "LOCALIDAD": "LA MESA DE LIMANTITLA", "CLAVE LOC": 130280063, "TIPO DE ASENTAMIENTO": "COMUNIDAD INDIGENA", "NOMBRE": "LA MESA DE LIMANTITLA", "MONTO ASIGNADO (PESOS)": 564002, "LATITUD": 21.074804, "LONGITUD": -98.421092 }, "geometry": { "type": "Point", "coordinates": [ -98.421092, 21.074804 ] } },
{ "type": "Feature", "properties": { "NO": 508, "ENTIDAD": "HIDALGO", "MUNICIPIO": "Huejutla de Reyes", "PUEBLO INDIGENA O AFROMEXICANO": "NAHUA", "LOCALIDAD": "LA PASTORA", "CLAVE LOC": 130280145, "TIPO DE ASENTAMIENTO": "COMUNIDAD INDIGENA", "NOMBRE": "LA PASTORA", "MONTO ASIGNADO (PESOS)": 386969, "LATITUD": 21.069211, "LONGITUD": -98.527768 }, "geometry": { "type": "Point", "coordinates": [ -98.527768, 21.069211 ] } },
{ "type": "Feature", "properties": { "NO": 509, "ENTIDAD": "HIDALGO", "MUNICIPIO": "Huejutla de Reyes", "PUEBLO INDIGENA O AFROMEXICANO": "NAHUA", "LOCALIDAD": "LA PEÑA CRUZTITLA", "CLAVE LOC": 130280205, "TIPO DE ASENTAMIENTO": "COMUNIDAD INDIGENA", "NOMBRE": "LA PEÑA CRUZTITLA", "MONTO ASIGNADO (PESOS)": 234188, "LATITUD": 21.241658, "LONGITUD": -98.520664 }, "geometry": { "type": "Point", "coordinates": [ -98.520664, 21.241658 ] } },
{ "type": "Feature", "properties": { "NO": 510, "ENTIDAD": "HIDALGO", "MUNICIPIO": "Huejutla de Reyes", "PUEBLO INDIGENA O AFROMEXICANO": "NAHUA", "LOCALIDAD": "LAS CHACAS", "CLAVE LOC": 130280123, "TIPO DE ASENTAMIENTO": "COMUNIDAD INDIGENA", "NOMBRE": "LAS CHACAS", "MONTO ASIGNADO (PESOS)": 578553, "LATITUD": 21.211208, "LONGITUD": -98.524194 }, "geometry": { "type": "Point", "coordinates": [ -98.524194, 21.211208 ] } },
{ "type": "Feature", "properties": { "NO": 511, "ENTIDAD": "HIDALGO", "MUNICIPIO": "Huejutla de Reyes", "PUEBLO INDIGENA O AFROMEXICANO": "NAHUA", "LOCALIDAD": "LAS NUECES", "CLAVE LOC": 130280185, "TIPO DE ASENTAMIENTO": "COMUNIDAD INDIGENA", "NOMBRE": "LAS NUECES", "MONTO ASIGNADO (PESOS)": 180114, "LATITUD": 21.082714, "LONGITUD": -98.515706 }, "geometry": { "type": "Point", "coordinates": [ -98.515706, 21.082714 ] } },
{ "type": "Feature", "properties": { "NO": 512, "ENTIDAD": "HIDALGO", "MUNICIPIO": "Huejutla de Reyes", "PUEBLO INDIGENA O AFROMEXICANO": "NAHUA", "LOCALIDAD": "LEMONTITLA", "CLAVE LOC": 130280059, "TIPO DE ASENTAMIENTO": "COMUNIDAD INDIGENA", "NOMBRE": "LEMONTITLA", "MONTO ASIGNADO (PESOS)": 265714, "LATITUD": 21.17204, "LONGITUD": -98.487383 }, "geometry": { "type": "Point", "coordinates": [ -98.487383, 21.17204 ] } },
{ "type": "Feature", "properties": { "NO": 513, "ENTIDAD": "HIDALGO", "MUNICIPIO": "Huejutla de Reyes", "PUEBLO INDIGENA O AFROMEXICANO": "NAHUA", "LOCALIDAD": "LOS FRAILES", "CLAVE LOC": 130280257, "TIPO DE ASENTAMIENTO": "LOCALIDAD CON POBLACION INDIGENA", "NOMBRE": "LOS FRAILES", "MONTO ASIGNADO (PESOS)": 162243, "LATITUD": 21.13013, "LONGITUD": -98.422732 }, "geometry": { "type": "Point", "coordinates": [ -98.422732, 21.13013 ] } },
{ "type": "Feature", "properties": { "NO": 514, "ENTIDAD": "HIDALGO", "MUNICIPIO": "Huejutla de Reyes", "PUEBLO INDIGENA O AFROMEXICANO": "NAHUA", "LOCALIDAD": "LOS OTATES", "CLAVE LOC": 130280064, "TIPO DE ASENTAMIENTO": "COMUNIDAD INDIGENA", "NOMBRE": "LOS OTATES", "MONTO ASIGNADO (PESOS)": 829147, "LATITUD": 21.151611, "LONGITUD": -98.345773 }, "geometry": { "type": "Point", "coordinates": [ -98.345773, 21.151611 ] } },
{ "type": "Feature", "properties": { "NO": 515, "ENTIDAD": "HIDALGO", "MUNICIPIO": "Huejutla de Reyes", "PUEBLO INDIGENA O AFROMEXICANO": "NAHUA", "LOCALIDAD": "LOS PARAJES", "CLAVE LOC": 130280072, "TIPO DE ASENTAMIENTO": "COMUNIDAD INDIGENA", "NOMBRE": "LOS PARAJES", "MONTO ASIGNADO (PESOS)": 418496, "LATITUD": 21.175892, "LONGITUD": -98.294805 }, "geometry": { "type": "Point", "coordinates": [ -98.294805, 21.175892 ] } },
{ "type": "Feature", "properties": { "NO": 516, "ENTIDAD": "HIDALGO", "MUNICIPIO": "Huejutla de Reyes", "PUEBLO INDIGENA O AFROMEXICANO": "NAHUA", "LOCALIDAD": "LOS PARAJES BENITO JUÁREZ", "CLAVE LOC": 130280118, "TIPO DE ASENTAMIENTO": "COMUNIDAD INDIGENA", "NOMBRE": "LOS PARAJES BENITO JUÁREZ", "MONTO ASIGNADO (PESOS)": 324725, "LATITUD": 21.176953, "LONGITUD": -98.440699 }, "geometry": { "type": "Point", "coordinates": [ -98.440699, 21.176953 ] } },
{ "type": "Feature", "properties": { "NO": 517, "ENTIDAD": "HIDALGO", "MUNICIPIO": "Huejutla de Reyes", "PUEBLO INDIGENA O AFROMEXICANO": "NAHUA", "LOCALIDAD": "MACHETLA", "CLAVE LOC": 130280062, "TIPO DE ASENTAMIENTO": "COMUNIDAD INDIGENA", "NOMBRE": "MACHETLA", "MONTO ASIGNADO (PESOS)": 891391, "LATITUD": 21.060405, "LONGITUD": -98.493549 }, "geometry": { "type": "Point", "coordinates": [ -98.493549, 21.060405 ] } },
{ "type": "Feature", "properties": { "NO": 518, "ENTIDAD": "HIDALGO", "MUNICIPIO": "Huejutla de Reyes", "PUEBLO INDIGENA O AFROMEXICANO": "NAHUA", "LOCALIDAD": "MACHETLA II", "CLAVE LOC": 130280224, "TIPO DE ASENTAMIENTO": "COMUNIDAD INDIGENA", "NOMBRE": "MACHETLA II", "MONTO ASIGNADO (PESOS)": 279456, "LATITUD": 21.069652, "LONGITUD": -98.491469 }, "geometry": { "type": "Point", "coordinates": [ -98.491469, 21.069652 ] } },
{ "type": "Feature", "properties": { "NO": 519, "ENTIDAD": "HIDALGO", "MUNICIPIO": "Huejutla de Reyes", "PUEBLO INDIGENA O AFROMEXICANO": "NAHUA", "LOCALIDAD": "MACUXTEPETLA", "CLAVE LOC": 130280061, "TIPO DE ASENTAMIENTO": "COMUNIDAD INDIGENA", "NOMBRE": "MACUXTEPETLA", "MONTO ASIGNADO (PESOS)": 1250068, "LATITUD": 21.122727, "LONGITUD": -98.479934 }, "geometry": { "type": "Point", "coordinates": [ -98.479934, 21.122727 ] } },
{ "type": "Feature", "properties": { "NO": 520, "ENTIDAD": "HIDALGO", "MUNICIPIO": "Huejutla de Reyes", "PUEBLO INDIGENA O AFROMEXICANO": "NAHUA", "LOCALIDAD": "NEPALAPA", "CLAVE LOC": 130280148, "TIPO DE ASENTAMIENTO": "COMUNIDAD INDIGENA", "NOMBRE": "NEPALAPA", "MONTO ASIGNADO (PESOS)": 155776, "LATITUD": 21.088628, "LONGITUD": -98.520783 }, "geometry": { "type": "Point", "coordinates": [ -98.520783, 21.088628 ] } },
{ "type": "Feature", "properties": { "NO": 521, "ENTIDAD": "HIDALGO", "MUNICIPIO": "Huejutla de Reyes", "PUEBLO INDIGENA O AFROMEXICANO": "NAHUA", "LOCALIDAD": "NIÑOS HÉROES", "CLAVE LOC": 130280260, "TIPO DE ASENTAMIENTO": "LOCALIDAD CON POBLACION INDIGENA", "NOMBRE": "NIÑOS HÉROES", "MONTO ASIGNADO (PESOS)": 186494, "LATITUD": 21.135991, "LONGITUD": -98.390106 }, "geometry": { "type": "Point", "coordinates": [ -98.390106, 21.135991 ] } },
{ "type": "Feature", "properties": { "NO": 522, "ENTIDAD": "HIDALGO", "MUNICIPIO": "Huejutla de Reyes", "PUEBLO INDIGENA O AFROMEXICANO": "NAHUA", "LOCALIDAD": "OCTATITLA", "CLAVE LOC": 130280150, "TIPO DE ASENTAMIENTO": "COMUNIDAD INDIGENA", "NOMBRE": "OCTATITLA", "MONTO ASIGNADO (PESOS)": 132333, "LATITUD": 21.080569, "LONGITUD": -98.522863 }, "geometry": { "type": "Point", "coordinates": [ -98.522863, 21.080569 ] } },
{ "type": "Feature", "properties": { "NO": 523, "ENTIDAD": "HIDALGO", "MUNICIPIO": "Huejutla de Reyes", "PUEBLO INDIGENA O AFROMEXICANO": "NAHUA", "LOCALIDAD": "OJTLAMEKAYO", "CLAVE LOC": 130280238, "TIPO DE ASENTAMIENTO": "COMUNIDAD INDIGENA", "NOMBRE": "OJTLAMEKAYO", "MONTO ASIGNADO (PESOS)": 340914, "LATITUD": 21.108503, "LONGITUD": -98.495863 }, "geometry": { "type": "Point", "coordinates": [ -98.495863, 21.108503 ] } },
{ "type": "Feature", "properties": { "NO": 524, "ENTIDAD": "HIDALGO", "MUNICIPIO": "Huejutla de Reyes", "PUEBLO INDIGENA O AFROMEXICANO": "NAHUA", "LOCALIDAD": "OXALE", "CLAVE LOC": 130280065, "TIPO DE ASENTAMIENTO": "COMUNIDAD INDIGENA", "NOMBRE": "OXALE", "MONTO ASIGNADO (PESOS)": 204278, "LATITUD": 21.092469, "LONGITUD": -98.31663 }, "geometry": { "type": "Point", "coordinates": [ -98.31663, 21.092469 ] } },
{ "type": "Feature", "properties": { "NO": 525, "ENTIDAD": "HIDALGO", "MUNICIPIO": "Huejutla de Reyes", "PUEBLO INDIGENA O AFROMEXICANO": "NAHUA", "LOCALIDAD": "OXTOMAL I", "CLAVE LOC": 130280066, "TIPO DE ASENTAMIENTO": "COMUNIDAD INDIGENA", "NOMBRE": "OXTOMAL I", "MONTO ASIGNADO (PESOS)": 2925380, "LATITUD": 21.126428, "LONGITUD": -98.460086 }, "geometry": { "type": "Point", "coordinates": [ -98.460086, 21.126428 ] } },
{ "type": "Feature", "properties": { "NO": 526, "ENTIDAD": "HIDALGO", "MUNICIPIO": "Huejutla de Reyes", "PUEBLO INDIGENA O AFROMEXICANO": "NAHUA", "LOCALIDAD": "OZULUAMA", "CLAVE LOC": 130280067, "TIPO DE ASENTAMIENTO": "COMUNIDAD INDIGENA", "NOMBRE": "OZULUAMA", "MONTO ASIGNADO (PESOS)": 504183, "LATITUD": 21.120505, "LONGITUD": -98.354253 }, "geometry": { "type": "Point", "coordinates": [ -98.354253, 21.120505 ] } },
{ "type": "Feature", "properties": { "NO": 527, "ENTIDAD": "HIDALGO", "MUNICIPIO": "Huejutla de Reyes", "PUEBLO INDIGENA O AFROMEXICANO": "NAHUA", "LOCALIDAD": "PAHUATLÁN", "CLAVE LOC": 130280069, "TIPO DE ASENTAMIENTO": "COMUNIDAD INDIGENA", "NOMBRE": "PAHUATLÁN", "MONTO ASIGNADO (PESOS)": 1900235, "LATITUD": 21.06861, "LONGITUD": -98.474999 }, "geometry": { "type": "Point", "coordinates": [ -98.474999, 21.06861 ] } },
{ "type": "Feature", "properties": { "NO": 528, "ENTIDAD": "HIDALGO", "MUNICIPIO": "Huejutla de Reyes", "PUEBLO INDIGENA O AFROMEXICANO": "NAHUA", "LOCALIDAD": "PAHUATZINTLA", "CLAVE LOC": 130280157, "TIPO DE ASENTAMIENTO": "COMUNIDAD INDIGENA", "NOMBRE": "PAHUATZINTLA", "MONTO ASIGNADO (PESOS)": 279358, "LATITUD": 21.094417, "LONGITUD": -98.513329 }, "geometry": { "type": "Point", "coordinates": [ -98.513329, 21.094417 ] } },
{ "type": "Feature", "properties": { "NO": 529, "ENTIDAD": "HIDALGO", "MUNICIPIO": "Huejutla de Reyes", "PUEBLO INDIGENA O AFROMEXICANO": "NAHUA", "LOCALIDAD": "PALZOQUIAPA", "CLAVE LOC": 130280210, "TIPO DE ASENTAMIENTO": "COMUNIDAD INDIGENA", "NOMBRE": "PALZOQUIAPA", "MONTO ASIGNADO (PESOS)": 448405, "LATITUD": 21.12736, "LONGITUD": -98.45537 }, "geometry": { "type": "Point", "coordinates": [ -98.45537, 21.12736 ] } },
{ "type": "Feature", "properties": { "NO": 530, "ENTIDAD": "HIDALGO", "MUNICIPIO": "Huejutla de Reyes", "PUEBLO INDIGENA O AFROMEXICANO": "NAHUA", "LOCALIDAD": "PALZOQUICO", "CLAVE LOC": 130280070, "TIPO DE ASENTAMIENTO": "COMUNIDAD INDIGENA", "NOMBRE": "PALZOQUICO", "MONTO ASIGNADO (PESOS)": 275414, "LATITUD": 21.194669, "LONGITUD": -98.502349 }, "geometry": { "type": "Point", "coordinates": [ -98.502349, 21.194669 ] } },
{ "type": "Feature", "properties": { "NO": 531, "ENTIDAD": "HIDALGO", "MUNICIPIO": "Huejutla de Reyes", "PUEBLO INDIGENA O AFROMEXICANO": "NAHUA", "LOCALIDAD": "PANACAXTLÁN", "CLAVE LOC": 130280071, "TIPO DE ASENTAMIENTO": "COMUNIDAD INDIGENA", "NOMBRE": "PANACAXTLÁN", "MONTO ASIGNADO (PESOS)": 785495, "LATITUD": 21.149329, "LONGITUD": -98.455299 }, "geometry": { "type": "Point", "coordinates": [ -98.455299, 21.149329 ] } },
{ "type": "Feature", "properties": { "NO": 532, "ENTIDAD": "HIDALGO", "MUNICIPIO": "Huejutla de Reyes", "PUEBLO INDIGENA O AFROMEXICANO": "NAHUA", "LOCALIDAD": "PARQUE DE POBLAMIENTO SOLIDARIDAD", "CLAVE LOC": 130280228, "TIPO DE ASENTAMIENTO": "COMUNIDAD INDIGENA", "NOMBRE": "PARQUE DE POBLAMIENTO SOLIDARIDAD", "MONTO ASIGNADO (PESOS)": 2036849, "LATITUD": 21.151409, "LONGITUD": -98.384266 }, "geometry": { "type": "Point", "coordinates": [ -98.384266, 21.151409 ] } },
{ "type": "Feature", "properties": { "NO": 533, "ENTIDAD": "HIDALGO", "MUNICIPIO": "Huejutla de Reyes", "PUEBLO INDIGENA O AFROMEXICANO": "NAHUA", "LOCALIDAD": "PITZONTZINTLA", "CLAVE LOC": 130280128, "TIPO DE ASENTAMIENTO": "COMUNIDAD INDIGENA", "NOMBRE": "PITZONTZINTLA", "MONTO ASIGNADO (PESOS)": 235804, "LATITUD": 21.116324, "LONGITUD": -98.573723 }, "geometry": { "type": "Point", "coordinates": [ -98.573723, 21.116324 ] } },
{ "type": "Feature", "properties": { "NO": 534, "ENTIDAD": "HIDALGO", "MUNICIPIO": "Huejutla de Reyes", "PUEBLO INDIGENA O AFROMEXICANO": "NAHUA", "LOCALIDAD": "POCHOTITLA", "CLAVE LOC": 130280197, "TIPO DE ASENTAMIENTO": "COMUNIDAD INDIGENA", "NOMBRE": "POCHOTITLA", "MONTO ASIGNADO (PESOS)": 460531, "LATITUD": 21.117362, "LONGITUD": -98.519616 }, "geometry": { "type": "Point", "coordinates": [ -98.519616, 21.117362 ] } },
{ "type": "Feature", "properties": { "NO": 535, "ENTIDAD": "HIDALGO", "MUNICIPIO": "Huejutla de Reyes", "PUEBLO INDIGENA O AFROMEXICANO": "NAHUA", "LOCALIDAD": "POXTLA IXCATLÁN", "CLAVE LOC": 130280186, "TIPO DE ASENTAMIENTO": "COMUNIDAD INDIGENA", "NOMBRE": "POXTLA IXCATLÁN", "MONTO ASIGNADO (PESOS)": 432238, "LATITUD": 21.08827, "LONGITUD": -98.480333 }, "geometry": { "type": "Point", "coordinates": [ -98.480333, 21.08827 ] } },
{ "type": "Feature", "properties": { "NO": 536, "ENTIDAD": "HIDALGO", "MUNICIPIO": "Huejutla de Reyes", "PUEBLO INDIGENA O AFROMEXICANO": "NAHUA", "LOCALIDAD": "RANCHO NUEVO AHUATZINTLA", "CLAVE LOC": 130280272, "TIPO DE ASENTAMIENTO": "COMUNIDAD INDIGENA", "NOMBRE": "RANCHO NUEVO AHUATZINTLA", "MONTO ASIGNADO (PESOS)": 111316, "LATITUD": 21.07708, "LONGITUD": -98.521347 }, "geometry": { "type": "Point", "coordinates": [ -98.521347, 21.07708 ] } },
{ "type": "Feature", "properties": { "NO": 537, "ENTIDAD": "HIDALGO", "MUNICIPIO": "Huejutla de Reyes", "PUEBLO INDIGENA O AFROMEXICANO": "NAHUA", "LOCALIDAD": "RANCHO NUEVO IXCATLÁN", "CLAVE LOC": 130280209, "TIPO DE ASENTAMIENTO": "COMUNIDAD INDIGENA", "NOMBRE": "RANCHO NUEVO IXCATLÁN", "MONTO ASIGNADO (PESOS)": 164668, "LATITUD": 21.057497, "LONGITUD": -98.497097 }, "geometry": { "type": "Point", "coordinates": [ -98.497097, 21.057497 ] } },
{ "type": "Feature", "properties": { "NO": 538, "ENTIDAD": "HIDALGO", "MUNICIPIO": "Huejutla de Reyes", "PUEBLO INDIGENA O AFROMEXICANO": "NAHUA", "LOCALIDAD": "RANCHO NUEVO MACUXTEPETLA", "CLAVE LOC": 130280212, "TIPO DE ASENTAMIENTO": "COMUNIDAD INDIGENA", "NOMBRE": "RANCHO NUEVO MACUXTEPETLA", "MONTO ASIGNADO (PESOS)": 240414, "LATITUD": 21.112463, "LONGITUD": -98.499002 }, "geometry": { "type": "Point", "coordinates": [ -98.499002, 21.112463 ] } },
{ "type": "Feature", "properties": { "NO": 539, "ENTIDAD": "HIDALGO", "MUNICIPIO": "Huejutla de Reyes", "PUEBLO INDIGENA O AFROMEXICANO": "NAHUA", "LOCALIDAD": "RANCHO VIEJO", "CLAVE LOC": 130280078, "TIPO DE ASENTAMIENTO": "COMUNIDAD INDIGENA", "NOMBRE": "RANCHO VIEJO", "MONTO ASIGNADO (PESOS)": 707892, "LATITUD": 21.16241, "LONGITUD": -98.318072 }, "geometry": { "type": "Point", "coordinates": [ -98.318072, 21.16241 ] } },
{ "type": "Feature", "properties": { "NO": 540, "ENTIDAD": "HIDALGO", "MUNICIPIO": "Huejutla de Reyes", "PUEBLO INDIGENA O AFROMEXICANO": "NAHUA", "LOCALIDAD": "RENACIMIENTO TLALPANI", "CLAVE LOC": 130280266, "TIPO DE ASENTAMIENTO": "COMUNIDAD INDIGENA", "NOMBRE": "RENACIMIENTO TLALPANI", "MONTO ASIGNADO (PESOS)": 285923, "LATITUD": 21.121939, "LONGITUD": -98.479989 }, "geometry": { "type": "Point", "coordinates": [ -98.479989, 21.121939 ] } },
{ "type": "Feature", "properties": { "NO": 541, "ENTIDAD": "HIDALGO", "MUNICIPIO": "Huejutla de Reyes", "PUEBLO INDIGENA O AFROMEXICANO": "NAHUA", "LOCALIDAD": "SAN ANTONIO", "CLAVE LOC": 130280079, "TIPO DE ASENTAMIENTO": "COMUNIDAD INDIGENA", "NOMBRE": "SAN ANTONIO", "MONTO ASIGNADO (PESOS)": 300474, "LATITUD": 21.135987, "LONGITUD": -98.34702 }, "geometry": { "type": "Point", "coordinates": [ -98.34702, 21.135987 ] } },
{ "type": "Feature", "properties": { "NO": 542, "ENTIDAD": "HIDALGO", "MUNICIPIO": "Huejutla de Reyes", "PUEBLO INDIGENA O AFROMEXICANO": "NAHUA", "LOCALIDAD": "SAN JOSÉ", "CLAVE LOC": 130280250, "TIPO DE ASENTAMIENTO": "COMUNIDAD INDIGENA", "NOMBRE": "SAN JOSÉ", "MONTO ASIGNADO (PESOS)": 274333, "LATITUD": 21.101647, "LONGITUD": -98.495896 }, "geometry": { "type": "Point", "coordinates": [ -98.495896, 21.101647 ] } },
{ "type": "Feature", "properties": { "NO": 543, "ENTIDAD": "HIDALGO", "MUNICIPIO": "Huejutla de Reyes", "PUEBLO INDIGENA O AFROMEXICANO": "NAHUA", "LOCALIDAD": "SANTA ANA", "CLAVE LOC": 130280239, "TIPO DE ASENTAMIENTO": "COMUNIDAD INDIGENA", "NOMBRE": "SANTA ANA", "MONTO ASIGNADO (PESOS)": 137183, "LATITUD": 21.111965, "LONGITUD": -98.429782 }, "geometry": { "type": "Point", "coordinates": [ -98.429782, 21.111965 ] } },
{ "type": "Feature", "properties": { "NO": 544, "ENTIDAD": "HIDALGO", "MUNICIPIO": "Huejutla de Reyes", "PUEBLO INDIGENA O AFROMEXICANO": "NAHUA", "LOCALIDAD": "SANTA CATARINA", "CLAVE LOC": 130280080, "TIPO DE ASENTAMIENTO": "COMUNIDAD INDIGENA", "NOMBRE": "SANTA CATARINA", "MONTO ASIGNADO (PESOS)": 1076508, "LATITUD": 21.099179, "LONGITUD": -98.381399 }, "geometry": { "type": "Point", "coordinates": [ -98.381399, 21.099179 ] } },
{ "type": "Feature", "properties": { "NO": 545, "ENTIDAD": "HIDALGO", "MUNICIPIO": "Huejutla de Reyes", "PUEBLO INDIGENA O AFROMEXICANO": "NAHUA", "LOCALIDAD": "SANTA CRUZ", "CLAVE LOC": 130280081, "TIPO DE ASENTAMIENTO": "COMUNIDAD INDIGENA", "NOMBRE": "SANTA CRUZ", "MONTO ASIGNADO (PESOS)": 1356203, "LATITUD": 21.197505, "LONGITUD": -98.494074 }, "geometry": { "type": "Point", "coordinates": [ -98.494074, 21.197505 ] } },
{ "type": "Feature", "properties": { "NO": 546, "ENTIDAD": "HIDALGO", "MUNICIPIO": "Huejutla de Reyes", "PUEBLO INDIGENA O AFROMEXICANO": "NAHUA", "LOCALIDAD": "SANTA CRUZ COYUCO", "CLAVE LOC": 130280082, "TIPO DE ASENTAMIENTO": "COMUNIDAD INDIGENA", "NOMBRE": "SANTA CRUZ COYUCO", "MONTO ASIGNADO (PESOS)": 150926, "LATITUD": 21.151274, "LONGITUD": -98.315863 }, "geometry": { "type": "Point", "coordinates": [ -98.315863, 21.151274 ] } },
{ "type": "Feature", "properties": { "NO": 547, "ENTIDAD": "HIDALGO", "MUNICIPIO": "Huejutla de Reyes", "PUEBLO INDIGENA O AFROMEXICANO": "NAHUA", "LOCALIDAD": "SANTA MARÍA", "CLAVE LOC": 130280129, "TIPO DE ASENTAMIENTO": "COMUNIDAD INDIGENA", "NOMBRE": "SANTA MARÍA", "MONTO ASIGNADO (PESOS)": 268052, "LATITUD": 21.107038, "LONGITUD": -98.530759 }, "geometry": { "type": "Point", "coordinates": [ -98.530759, 21.107038 ] } },
{ "type": "Feature", "properties": { "NO": 548, "ENTIDAD": "HIDALGO", "MUNICIPIO": "Huejutla de Reyes", "PUEBLO INDIGENA O AFROMEXICANO": "NAHUA", "LOCALIDAD": "SANTA MARTHA", "CLAVE LOC": 130280188, "TIPO DE ASENTAMIENTO": "COMUNIDAD INDIGENA", "NOMBRE": "SANTA MARTHA", "MONTO ASIGNADO (PESOS)": 177602, "LATITUD": 21.062579, "LONGITUD": -98.518279 }, "geometry": { "type": "Point", "coordinates": [ -98.518279, 21.062579 ] } },
{ "type": "Feature", "properties": { "NO": 549, "ENTIDAD": "HIDALGO", "MUNICIPIO": "Huejutla de Reyes", "PUEBLO INDIGENA O AFROMEXICANO": "NAHUA", "LOCALIDAD": "SITLÁN", "CLAVE LOC": 130280083, "TIPO DE ASENTAMIENTO": "COMUNIDAD INDIGENA", "NOMBRE": "SITLÁN", "MONTO ASIGNADO (PESOS)": 489632, "LATITUD": 21.164319, "LONGITUD": -98.482242 }, "geometry": { "type": "Point", "coordinates": [ -98.482242, 21.164319 ] } },
{ "type": "Feature", "properties": { "NO": 550, "ENTIDAD": "HIDALGO", "MUNICIPIO": "Huejutla de Reyes", "PUEBLO INDIGENA O AFROMEXICANO": "NAHUA", "LOCALIDAD": "TACHIQUILZINTLA", "CLAVE LOC": 130280151, "TIPO DE ASENTAMIENTO": "COMUNIDAD INDIGENA", "NOMBRE": "TACHIQUILZINTLA", "MONTO ASIGNADO (PESOS)": 122633, "LATITUD": 21.111519, "LONGITUD": -98.508831 }, "geometry": { "type": "Point", "coordinates": [ -98.508831, 21.111519 ] } },
{ "type": "Feature", "properties": { "NO": 551, "ENTIDAD": "HIDALGO", "MUNICIPIO": "Huejutla de Reyes", "PUEBLO INDIGENA O AFROMEXICANO": "NAHUA", "LOCALIDAD": "TACUATITLA", "CLAVE LOC": 130280084, "TIPO DE ASENTAMIENTO": "COMUNIDAD INDIGENA", "NOMBRE": "TACUATITLA", "MONTO ASIGNADO (PESOS)": 471564, "LATITUD": 21.104479, "LONGITUD": -98.499506 }, "geometry": { "type": "Point", "coordinates": [ -98.499506, 21.104479 ] } },
{ "type": "Feature", "properties": { "NO": 552, "ENTIDAD": "HIDALGO", "MUNICIPIO": "Huejutla de Reyes", "PUEBLO INDIGENA O AFROMEXICANO": "NAHUA", "LOCALIDAD": "TALNEPANTIPA", "CLAVE LOC": 130280229, "TIPO DE ASENTAMIENTO": "COMUNIDAD INDIGENA", "NOMBRE": "TALNEPANTIPA", "MONTO ASIGNADO (PESOS)": 197811, "LATITUD": 21.104572, "LONGITUD": -98.476364 }, "geometry": { "type": "Point", "coordinates": [ -98.476364, 21.104572 ] } },
{ "type": "Feature", "properties": { "NO": 553, "ENTIDAD": "HIDALGO", "MUNICIPIO": "Huejutla de Reyes", "PUEBLO INDIGENA O AFROMEXICANO": "NAHUA", "LOCALIDAD": "TAMALCUATITLA", "CLAVE LOC": 130280086, "TIPO DE ASENTAMIENTO": "COMUNIDAD INDIGENA", "NOMBRE": "TAMALCUATITLA", "MONTO ASIGNADO (PESOS)": 500458, "LATITUD": 21.103822, "LONGITUD": -98.528283 }, "geometry": { "type": "Point", "coordinates": [ -98.528283, 21.103822 ] } },
{ "type": "Feature", "properties": { "NO": 554, "ENTIDAD": "HIDALGO", "MUNICIPIO": "Huejutla de Reyes", "PUEBLO INDIGENA O AFROMEXICANO": "NAHUA", "LOCALIDAD": "TAMAYA AHUEHUETITLA", "CLAVE LOC": 130280254, "TIPO DE ASENTAMIENTO": "COMUNIDAD INDIGENA", "NOMBRE": "TAMAYA AHUEHUETITLA", "MONTO ASIGNADO (PESOS)": 150926, "LATITUD": 21.070812, "LONGITUD": -98.537021 }, "geometry": { "type": "Point", "coordinates": [ -98.537021, 21.070812 ] } },
{ "type": "Feature", "properties": { "NO": 555, "ENTIDAD": "HIDALGO", "MUNICIPIO": "Huejutla de Reyes", "PUEBLO INDIGENA O AFROMEXICANO": "NAHUA", "LOCALIDAD": "TANCHA", "CLAVE LOC": 130280130, "TIPO DE ASENTAMIENTO": "COMUNIDAD INDIGENA", "NOMBRE": "TANCHA", "MONTO ASIGNADO (PESOS)": 249547, "LATITUD": 21.122279, "LONGITUD": -98.579671 }, "geometry": { "type": "Point", "coordinates": [ -98.579671, 21.122279 ] } },
{ "type": "Feature", "properties": { "NO": 556, "ENTIDAD": "HIDALGO", "MUNICIPIO": "Huejutla de Reyes", "PUEBLO INDIGENA O AFROMEXICANO": "NAHUA", "LOCALIDAD": "TEACAL", "CLAVE LOC": 130280087, "TIPO DE ASENTAMIENTO": "COMUNIDAD INDIGENA", "NOMBRE": "TEACAL", "MONTO ASIGNADO (PESOS)": 1468566, "LATITUD": 21.159636, "LONGITUD": -98.446707 }, "geometry": { "type": "Point", "coordinates": [ -98.446707, 21.159636 ] } },
{ "type": "Feature", "properties": { "NO": 557, "ENTIDAD": "HIDALGO", "MUNICIPIO": "Huejutla de Reyes", "PUEBLO INDIGENA O AFROMEXICANO": "NAHUA", "LOCALIDAD": "TEHUETLÁN", "CLAVE LOC": 130280088, "TIPO DE ASENTAMIENTO": "COMUNIDAD INDIGENA", "NOMBRE": "TEHUETLÁN", "MONTO ASIGNADO (PESOS)": 243080, "LATITUD": 21.053276, "LONGITUD": -98.507796 }, "geometry": { "type": "Point", "coordinates": [ -98.507796, 21.053276 ] } },
{ "type": "Feature", "properties": { "NO": 558, "ENTIDAD": "HIDALGO", "MUNICIPIO": "Huejutla de Reyes", "PUEBLO INDIGENA O AFROMEXICANO": "NAHUA", "LOCALIDAD": "TEHUETLÁN", "CLAVE LOC": 130280088, "TIPO DE ASENTAMIENTO": "COMUNIDAD INDIGENA", "NOMBRE": "TEHUETLÁN", "MONTO ASIGNADO (PESOS)": 374035, "LATITUD": 21.053276, "LONGITUD": -98.507796 }, "geometry": { "type": "Point", "coordinates": [ -98.507796, 21.053276 ] } },
{ "type": "Feature", "properties": { "NO": 559, "ENTIDAD": "HIDALGO", "MUNICIPIO": "Huejutla de Reyes", "PUEBLO INDIGENA O AFROMEXICANO": "NAHUA", "LOCALIDAD": "TEHUETLANITO", "CLAVE LOC": 130280230, "TIPO DE ASENTAMIENTO": "LOCALIDAD CON POBLACION INDIGENA", "NOMBRE": "TEHUETLANITO", "MONTO ASIGNADO (PESOS)": 129100, "LATITUD": 21.104722, "LONGITUD": -98.576388 }, "geometry": { "type": "Point", "coordinates": [ -98.576388, 21.104722 ] } },
{ "type": "Feature", "properties": { "NO": 560, "ENTIDAD": "HIDALGO", "MUNICIPIO": "Huejutla de Reyes", "PUEBLO INDIGENA O AFROMEXICANO": "NAHUA", "LOCALIDAD": "TEMAXCALTITLA", "CLAVE LOC": 130280089, "TIPO DE ASENTAMIENTO": "COMUNIDAD INDIGENA", "NOMBRE": "TEMAXCALTITLA", "MONTO ASIGNADO (PESOS)": 230954, "LATITUD": 21.111411, "LONGITUD": -98.514251 }, "geometry": { "type": "Point", "coordinates": [ -98.514251, 21.111411 ] } },
{ "type": "Feature", "properties": { "NO": 561, "ENTIDAD": "HIDALGO", "MUNICIPIO": "Huejutla de Reyes", "PUEBLO INDIGENA O AFROMEXICANO": "NAHUA", "LOCALIDAD": "TEPEHICA", "CLAVE LOC": 130280131, "TIPO DE ASENTAMIENTO": "COMUNIDAD INDIGENA", "NOMBRE": "TEPEHICA", "MONTO ASIGNADO (PESOS)": 318258, "LATITUD": 21.101793, "LONGITUD": -98.540628 }, "geometry": { "type": "Point", "coordinates": [ -98.540628, 21.101793 ] } },
{ "type": "Feature", "properties": { "NO": 562, "ENTIDAD": "HIDALGO", "MUNICIPIO": "Huejutla de Reyes", "PUEBLO INDIGENA O AFROMEXICANO": "NAHUA", "LOCALIDAD": "TEPEIXPA", "CLAVE LOC": 130280270, "TIPO DE ASENTAMIENTO": "COMUNIDAD INDIGENA", "NOMBRE": "TEPEIXPA", "MONTO ASIGNADO (PESOS)": 311791, "LATITUD": 21.104041, "LONGITUD": -98.529418 }, "geometry": { "type": "Point", "coordinates": [ -98.529418, 21.104041 ] } },
{ "type": "Feature", "properties": { "NO": 563, "ENTIDAD": "HIDALGO", "MUNICIPIO": "Huejutla de Reyes", "PUEBLO INDIGENA O AFROMEXICANO": "NAHUA", "LOCALIDAD": "TEPEMALINTLA", "CLAVE LOC": 130280091, "TIPO DE ASENTAMIENTO": "COMUNIDAD INDIGENA", "NOMBRE": "TEPEMALINTLA", "MONTO ASIGNADO (PESOS)": 214787, "LATITUD": 21.121483, "LONGITUD": -98.518549 }, "geometry": { "type": "Point", "coordinates": [ -98.518549, 21.121483 ] } },
{ "type": "Feature", "properties": { "NO": 564, "ENTIDAD": "HIDALGO", "MUNICIPIO": "Huejutla de Reyes", "PUEBLO INDIGENA O AFROMEXICANO": "NAHUA", "LOCALIDAD": "TEPEMAXAC", "CLAVE LOC": 130280092, "TIPO DE ASENTAMIENTO": "COMUNIDAD INDIGENA", "NOMBRE": "TEPEMAXAC", "MONTO ASIGNADO (PESOS)": 374035, "LATITUD": 21.074832, "LONGITUD": -98.54573 }, "geometry": { "type": "Point", "coordinates": [ -98.54573, 21.074832 ] } },
{ "type": "Feature", "properties": { "NO": 565, "ENTIDAD": "HIDALGO", "MUNICIPIO": "Huejutla de Reyes", "PUEBLO INDIGENA O AFROMEXICANO": "NAHUA", "LOCALIDAD": "TEPEOLOL", "CLAVE LOC": 130280137, "TIPO DE ASENTAMIENTO": "COMUNIDAD INDIGENA", "NOMBRE": "TEPEOLOL", "MONTO ASIGNADO (PESOS)": 504183, "LATITUD": 21.085207, "LONGITUD": -98.457856 }, "geometry": { "type": "Point", "coordinates": [ -98.457856, 21.085207 ] } },
{ "type": "Feature", "properties": { "NO": 566, "ENTIDAD": "HIDALGO", "MUNICIPIO": "Huejutla de Reyes", "PUEBLO INDIGENA O AFROMEXICANO": "NAHUA", "LOCALIDAD": "TEPETATE", "CLAVE LOC": 130280189, "TIPO DE ASENTAMIENTO": "COMUNIDAD INDIGENA", "NOMBRE": "TEPETATE", "MONTO ASIGNADO (PESOS)": 310983, "LATITUD": 21.143051, "LONGITUD": -98.345785 }, "geometry": { "type": "Point", "coordinates": [ -98.345785, 21.143051 ] } },
{ "type": "Feature", "properties": { "NO": 567, "ENTIDAD": "HIDALGO", "MUNICIPIO": "Huejutla de Reyes", "PUEBLO INDIGENA O AFROMEXICANO": "NAHUA", "LOCALIDAD": "TEPEXITITLA", "CLAVE LOC": 130280093, "TIPO DE ASENTAMIENTO": "COMUNIDAD INDIGENA", "NOMBRE": "TEPEXITITLA", "MONTO ASIGNADO (PESOS)": 1057107, "LATITUD": 21.13246, "LONGITUD": -98.448314 }, "geometry": { "type": "Point", "coordinates": [ -98.448314, 21.13246 ] } },
{ "type": "Feature", "properties": { "NO": 568, "ENTIDAD": "HIDALGO", "MUNICIPIO": "Huejutla de Reyes", "PUEBLO INDIGENA O AFROMEXICANO": "NAHUA", "LOCALIDAD": "TEPEYACAPA", "CLAVE LOC": 130280132, "TIPO DE ASENTAMIENTO": "COMUNIDAD INDIGENA", "NOMBRE": "TEPEYACAPA", "MONTO ASIGNADO (PESOS)": 242271, "LATITUD": 21.05667, "LONGITUD": -98.526283 }, "geometry": { "type": "Point", "coordinates": [ -98.526283, 21.05667 ] } },
{ "type": "Feature", "properties": { "NO": 569, "ENTIDAD": "HIDALGO", "MUNICIPIO": "Huejutla de Reyes", "PUEBLO INDIGENA O AFROMEXICANO": "NAHUA", "LOCALIDAD": "TERRERO", "CLAVE LOC": 130280096, "TIPO DE ASENTAMIENTO": "COMUNIDAD INDIGENA", "NOMBRE": "TERRERO", "MONTO ASIGNADO (PESOS)": 509252, "LATITUD": 21.100901, "LONGITUD": -98.465229 }, "geometry": { "type": "Point", "coordinates": [ -98.465229, 21.100901 ] } },
{ "type": "Feature", "properties": { "NO": 570, "ENTIDAD": "HIDALGO", "MUNICIPIO": "Huejutla de Reyes", "PUEBLO INDIGENA O AFROMEXICANO": "NAHUA", "LOCALIDAD": "TERRERO ABAJO", "CLAVE LOC": 130280256, "TIPO DE ASENTAMIENTO": "COMUNIDAD INDIGENA", "NOMBRE": "TERRERO ABAJO", "MONTO ASIGNADO (PESOS)": 344683, "LATITUD": 21.102377, "LONGITUD": -98.463776 }, "geometry": { "type": "Point", "coordinates": [ -98.463776, 21.102377 ] } },
{ "type": "Feature", "properties": { "NO": 571, "ENTIDAD": "HIDALGO", "MUNICIPIO": "Huejutla de Reyes", "PUEBLO INDIGENA O AFROMEXICANO": "NAHUA", "LOCALIDAD": "TETZACUAL", "CLAVE LOC": 130280098, "TIPO DE ASENTAMIENTO": "COMUNIDAD INDIGENA", "NOMBRE": "TETZACUAL", "MONTO ASIGNADO (PESOS)": 347359, "LATITUD": 21.086181, "LONGITUD": -98.497957 }, "geometry": { "type": "Point", "coordinates": [ -98.497957, 21.086181 ] } },
{ "type": "Feature", "properties": { "NO": 572, "ENTIDAD": "HIDALGO", "MUNICIPIO": "Huejutla de Reyes", "PUEBLO INDIGENA O AFROMEXICANO": "NAHUA", "LOCALIDAD": "TETZAHAPA I", "CLAVE LOC": 130280200, "TIPO DE ASENTAMIENTO": "COMUNIDAD INDIGENA", "NOMBRE": "TETZAHAPA I", "MONTO ASIGNADO (PESOS)": 125866, "LATITUD": 21.111443, "LONGITUD": -98.522017 }, "geometry": { "type": "Point", "coordinates": [ -98.522017, 21.111443 ] } },
{ "type": "Feature", "properties": { "NO": 573, "ENTIDAD": "HIDALGO", "MUNICIPIO": "Huejutla de Reyes", "PUEBLO INDIGENA O AFROMEXICANO": "NAHUA", "LOCALIDAD": "TETZAHAPA II", "CLAVE LOC": 130280276, "TIPO DE ASENTAMIENTO": "COMUNIDAD INDIGENA", "NOMBRE": "TETZAHAPA II", "MONTO ASIGNADO (PESOS)": 137183, "LATITUD": 21.110099, "LONGITUD": -98.521231 }, "geometry": { "type": "Point", "coordinates": [ -98.521231, 21.110099 ] } },
{ "type": "Feature", "properties": { "NO": 574, "ENTIDAD": "HIDALGO", "MUNICIPIO": "Huejutla de Reyes", "PUEBLO INDIGENA O AFROMEXICANO": "NAHUA", "LOCALIDAD": "TEZÓHUAL", "CLAVE LOC": 130280116, "TIPO DE ASENTAMIENTO": "COMUNIDAD INDIGENA", "NOMBRE": "TEZÓHUAL", "MONTO ASIGNADO (PESOS)": 254397, "LATITUD": 21.128623, "LONGITUD": -98.497761 }, "geometry": { "type": "Point", "coordinates": [ -98.497761, 21.128623 ] } },
{ "type": "Feature", "properties": { "NO": 575, "ENTIDAD": "HIDALGO", "MUNICIPIO": "Huejutla de Reyes", "PUEBLO INDIGENA O AFROMEXICANO": "NAHUA", "LOCALIDAD": "TILCALCO", "CLAVE LOC": 130280231, "TIPO DE ASENTAMIENTO": "COMUNIDAD INDIGENA", "NOMBRE": "TILCALCO", "MONTO ASIGNADO (PESOS)": 153733, "LATITUD": 21.075914, "LONGITUD": -98.509441 }, "geometry": { "type": "Point", "coordinates": [ -98.509441, 21.075914 ] } },
{ "type": "Feature", "properties": { "NO": 576, "ENTIDAD": "HIDALGO", "MUNICIPIO": "Huejutla de Reyes", "PUEBLO INDIGENA O AFROMEXICANO": "NAHUA", "LOCALIDAD": "TIOCUATITLA", "CLAVE LOC": 130280090, "TIPO DE ASENTAMIENTO": "COMUNIDAD INDIGENA", "NOMBRE": "TIOCUATITLA", "MONTO ASIGNADO (PESOS)": 208320, "LATITUD": 21.103091, "LONGITUD": -98.507248 }, "geometry": { "type": "Point", "coordinates": [ -98.507248, 21.103091 ] } },
{ "type": "Feature", "properties": { "NO": 577, "ENTIDAD": "HIDALGO", "MUNICIPIO": "Huejutla de Reyes", "PUEBLO INDIGENA O AFROMEXICANO": "NAHUA", "LOCALIDAD": "TLALNEPANCO", "CLAVE LOC": 130280099, "TIPO DE ASENTAMIENTO": "COMUNIDAD INDIGENA", "NOMBRE": "TLALNEPANCO", "MONTO ASIGNADO (PESOS)": 509841, "LATITUD": 21.054269, "LONGITUD": -98.527801 }, "geometry": { "type": "Point", "coordinates": [ -98.527801, 21.054269 ] } },
{ "type": "Feature", "properties": { "NO": 578, "ENTIDAD": "HIDALGO", "MUNICIPIO": "Huejutla de Reyes", "PUEBLO INDIGENA O AFROMEXICANO": "NAHUA", "LOCALIDAD": "TLALTZINTLA", "CLAVE LOC": 130280085, "TIPO DE ASENTAMIENTO": "COMUNIDAD INDIGENA", "NOMBRE": "TLALTZINTLA", "MONTO ASIGNADO (PESOS)": 582594, "LATITUD": 21.097362, "LONGITUD": -98.499934 }, "geometry": { "type": "Point", "coordinates": [ -98.499934, 21.097362 ] } },
{ "type": "Feature", "properties": { "NO": 579, "ENTIDAD": "HIDALGO", "MUNICIPIO": "Huejutla de Reyes", "PUEBLO INDIGENA O AFROMEXICANO": "NAHUA", "LOCALIDAD": "TLAMAYA TEPEHICA", "CLAVE LOC": 130280251, "TIPO DE ASENTAMIENTO": "COMUNIDAD INDIGENA", "NOMBRE": "TLAMAYA TEPEHICA", "MONTO ASIGNADO (PESOS)": 226104, "LATITUD": 21.102323, "LONGITUD": -98.538551 }, "geometry": { "type": "Point", "coordinates": [ -98.538551, 21.102323 ] } },
{ "type": "Feature", "properties": { "NO": 580, "ENTIDAD": "HIDALGO", "MUNICIPIO": "Huejutla de Reyes", "PUEBLO INDIGENA O AFROMEXICANO": "NAHUA", "LOCALIDAD": "TULAXTITLA", "CLAVE LOC": 130280258, "TIPO DE ASENTAMIENTO": "COMUNIDAD INDIGENA", "NOMBRE": "TULAXTITLA", "MONTO ASIGNADO (PESOS)": 323108, "LATITUD": 21.073871, "LONGITUD": -98.545388 }, "geometry": { "type": "Point", "coordinates": [ -98.545388, 21.073871 ] } },
{ "type": "Feature", "properties": { "NO": 581, "ENTIDAD": "HIDALGO", "MUNICIPIO": "Huejutla de Reyes", "PUEBLO INDIGENA O AFROMEXICANO": "NAHUA", "LOCALIDAD": "XILIPATITLA", "CLAVE LOC": 130280101, "TIPO DE ASENTAMIENTO": "LOCALIDAD CON POBLACION INDIGENA", "NOMBRE": "XILIPATITLA", "MONTO ASIGNADO (PESOS)": 169518, "LATITUD": 21.113663, "LONGITUD": -98.512705 }, "geometry": { "type": "Point", "coordinates": [ -98.512705, 21.113663 ] } },
{ "type": "Feature", "properties": { "NO": 582, "ENTIDAD": "HIDALGO", "MUNICIPIO": "Huejutla de Reyes", "PUEBLO INDIGENA O AFROMEXICANO": "NAHUA", "LOCALIDAD": "XILOCO", "CLAVE LOC": 130280135, "TIPO DE ASENTAMIENTO": "COMUNIDAD INDIGENA", "NOMBRE": "XILOCO", "MONTO ASIGNADO (PESOS)": 379858, "LATITUD": 21.120039, "LONGITUD": -98.474904 }, "geometry": { "type": "Point", "coordinates": [ -98.474904, 21.120039 ] } },
{ "type": "Feature", "properties": { "NO": 583, "ENTIDAD": "HIDALGO", "MUNICIPIO": "Huejutla de Reyes", "PUEBLO INDIGENA O AFROMEXICANO": "NAHUA", "LOCALIDAD": "XIONAXTLA", "CLAVE LOC": 130280102, "TIPO DE ASENTAMIENTO": "COMUNIDAD INDIGENA", "NOMBRE": "XIONAXTLA", "MONTO ASIGNADO (PESOS)": 225296, "LATITUD": 21.097232, "LONGITUD": -98.297915 }, "geometry": { "type": "Point", "coordinates": [ -98.297915, 21.097232 ] } },
{ "type": "Feature", "properties": { "NO": 584, "ENTIDAD": "HIDALGO", "MUNICIPIO": "Huejutla de Reyes", "PUEBLO INDIGENA O AFROMEXICANO": "NAHUA", "LOCALIDAD": "XIQUILA", "CLAVE LOC": 130280103, "TIPO DE ASENTAMIENTO": "COMUNIDAD INDIGENA", "NOMBRE": "XIQUILA", "MONTO ASIGNADO (PESOS)": 1742603, "LATITUD": 21.077322, "LONGITUD": -98.443956 }, "geometry": { "type": "Point", "coordinates": [ -98.443956, 21.077322 ] } },
{ "type": "Feature", "properties": { "NO": 585, "ENTIDAD": "HIDALGO", "MUNICIPIO": "Huejutla de Reyes", "PUEBLO INDIGENA O AFROMEXICANO": "NAHUA", "LOCALIDAD": "XOCHIATIPA", "CLAVE LOC": 130280241, "TIPO DE ASENTAMIENTO": "COMUNIDAD INDIGENA", "NOMBRE": "XOCHIATIPA", "MONTO ASIGNADO (PESOS)": 178410, "LATITUD": 21.09167, "LONGITUD": -98.526499 }, "geometry": { "type": "Point", "coordinates": [ -98.526499, 21.09167 ] } },
{ "type": "Feature", "properties": { "NO": 586, "ENTIDAD": "HIDALGO", "MUNICIPIO": "Huejutla de Reyes", "PUEBLO INDIGENA O AFROMEXICANO": "NAHUA", "LOCALIDAD": "XOCHITITLA", "CLAVE LOC": 130280201, "TIPO DE ASENTAMIENTO": "COMUNIDAD INDIGENA", "NOMBRE": "XOCHITITLA", "MONTO ASIGNADO (PESOS)": 272989, "LATITUD": 21.061386, "LONGITUD": -98.529844 }, "geometry": { "type": "Point", "coordinates": [ -98.529844, 21.061386 ] } },
{ "type": "Feature", "properties": { "NO": 587, "ENTIDAD": "HIDALGO", "MUNICIPIO": "Huejutla de Reyes", "PUEBLO INDIGENA O AFROMEXICANO": "NAHUA", "LOCALIDAD": "XOCHITZINTLA", "CLAVE LOC": 130280106, "TIPO DE ASENTAMIENTO": "COMUNIDAD INDIGENA", "NOMBRE": "XOCHITZINTLA", "MONTO ASIGNADO (PESOS)": 175177, "LATITUD": 21.220956, "LONGITUD": -98.543234 }, "geometry": { "type": "Point", "coordinates": [ -98.543234, 21.220956 ] } },
{ "type": "Feature", "properties": { "NO": 588, "ENTIDAD": "HIDALGO", "MUNICIPIO": "Huejutla de Reyes", "PUEBLO INDIGENA O AFROMEXICANO": "NAHUA", "LOCALIDAD": "XOLOXTLA", "CLAVE LOC": 130280202, "TIPO DE ASENTAMIENTO": "COMUNIDAD INDIGENA", "NOMBRE": "XOLOXTLA", "MONTO ASIGNADO (PESOS)": 156584, "LATITUD": 21.075814, "LONGITUD": -98.488672 }, "geometry": { "type": "Point", "coordinates": [ -98.488672, 21.075814 ] } },
{ "type": "Feature", "properties": { "NO": 589, "ENTIDAD": "HIDALGO", "MUNICIPIO": "Huejutla de Reyes", "PUEBLO INDIGENA O AFROMEXICANO": "NAHUA", "LOCALIDAD": "ZACAPETLAYO", "CLAVE LOC": 130280133, "TIPO DE ASENTAMIENTO": "COMUNIDAD INDIGENA", "NOMBRE": "ZACAPETLAYO", "MONTO ASIGNADO (PESOS)": 386969, "LATITUD": 21.127264, "LONGITUD": -98.552844 }, "geometry": { "type": "Point", "coordinates": [ -98.552844, 21.127264 ] } },
{ "type": "Feature", "properties": { "NO": 590, "ENTIDAD": "HIDALGO", "MUNICIPIO": "Huejutla de Reyes", "PUEBLO INDIGENA O AFROMEXICANO": "NAHUA", "LOCALIDAD": "ZACAYAHUAL", "CLAVE LOC": 130280203, "TIPO DE ASENTAMIENTO": "COMUNIDAD INDIGENA", "NOMBRE": "ZACAYAHUAL", "MONTO ASIGNADO (PESOS)": 349784, "LATITUD": 21.13943, "LONGITUD": -98.556079 }, "geometry": { "type": "Point", "coordinates": [ -98.556079, 21.13943 ] } },
{ "type": "Feature", "properties": { "NO": 591, "ENTIDAD": "HIDALGO", "MUNICIPIO": "Huejutla de Reyes", "PUEBLO INDIGENA O AFROMEXICANO": "NAHUA", "LOCALIDAD": "ZAPOTITLA", "CLAVE LOC": 130280134, "TIPO DE ASENTAMIENTO": "COMUNIDAD INDIGENA", "NOMBRE": "ZAPOTITLA", "MONTO ASIGNADO (PESOS)": 553493, "LATITUD": 21.131357, "LONGITUD": -98.445504 }, "geometry": { "type": "Point", "coordinates": [ -98.445504, 21.131357 ] } },
{ "type": "Feature", "properties": { "NO": 592, "ENTIDAD": "HIDALGO", "MUNICIPIO": "Huejutla de Reyes", "PUEBLO INDIGENA O AFROMEXICANO": "NAHUA", "LOCALIDAD": "ZAPOTITLA ANEXO IXCATLÁN", "CLAVE LOC": 130280204, "TIPO DE ASENTAMIENTO": "COMUNIDAD INDIGENA", "NOMBRE": "ZAPOTITLA ANEXO IXCATLÁN", "MONTO ASIGNADO (PESOS)": 171135, "LATITUD": 21.113433, "LONGITUD": -98.51964 }, "geometry": { "type": "Point", "coordinates": [ -98.51964, 21.113433 ] } },
{ "type": "Feature", "properties": { "NO": 593, "ENTIDAD": "HIDALGO", "MUNICIPIO": "Huejutla de Reyes", "PUEBLO INDIGENA O AFROMEXICANO": "NAHUA", "LOCALIDAD": "ZOCUITECO BENITO JUÁREZ", "CLAVE LOC": 130280192, "TIPO DE ASENTAMIENTO": "COMUNIDAD INDIGENA", "NOMBRE": "ZOCUITECO BENITO JUÁREZ", "MONTO ASIGNADO (PESOS)": 404753, "LATITUD": 21.117965, "LONGITUD": -98.426748 }, "geometry": { "type": "Point", "coordinates": [ -98.426748, 21.117965 ] } },
{ "type": "Feature", "properties": { "NO": 594, "ENTIDAD": "HIDALGO", "MUNICIPIO": "Huejutla de Reyes", "PUEBLO INDIGENA O AFROMEXICANO": "NAHUA", "LOCALIDAD": "ZOHUALA", "CLAVE LOC": 130280110, "TIPO DE ASENTAMIENTO": "COMUNIDAD INDIGENA", "NOMBRE": "ZOHUALA", "MONTO ASIGNADO (PESOS)": 392628, "LATITUD": 21.231727, "LONGITUD": -98.485161 }, "geometry": { "type": "Point", "coordinates": [ -98.485161, 21.231727 ] } },
{ "type": "Feature", "properties": { "NO": 595, "ENTIDAD": "HIDALGO", "MUNICIPIO": "Huichapan", "PUEBLO INDIGENA O AFROMEXICANO": "OTOMÍ", "LOCALIDAD": "BONDOJITO", "CLAVE LOC": 130290004, "TIPO DE ASENTAMIENTO": "COMUNIDAD INDIGENA", "NOMBRE": "BONDOJITO", "MONTO ASIGNADO (PESOS)": 1593055, "LATITUD": 20.44472, "LONGITUD": -99.696937 }, "geometry": { "type": "Point", "coordinates": [ -99.696937, 20.44472 ] } },
{ "type": "Feature", "properties": { "NO": 596, "ENTIDAD": "HIDALGO", "MUNICIPIO": "Huichapan", "PUEBLO INDIGENA O AFROMEXICANO": "OTOMÍ", "LOCALIDAD": "DANDHÓ", "CLAVE LOC": 130290010, "TIPO DE ASENTAMIENTO": "COMUNIDAD INDIGENA", "NOMBRE": "DANDHÓ", "MONTO ASIGNADO (PESOS)": 838039, "LATITUD": 20.430538, "LONGITUD": -99.717957 }, "geometry": { "type": "Point", "coordinates": [ -99.717957, 20.430538 ] } },
{ "type": "Feature", "properties": { "NO": 597, "ENTIDAD": "HIDALGO", "MUNICIPIO": "Huichapan", "PUEBLO INDIGENA O AFROMEXICANO": "OTOMÍ", "LOCALIDAD": "EL APARTADERO", "CLAVE LOC": 130290002, "TIPO DE ASENTAMIENTO": "COMUNIDAD INDIGENA", "NOMBRE": "EL APARTADERO", "MONTO ASIGNADO (PESOS)": 505799, "LATITUD": 20.501277, "LONGITUD": -99.556585 }, "geometry": { "type": "Point", "coordinates": [ -99.556585, 20.501277 ] } },
{ "type": "Feature", "properties": { "NO": 598, "ENTIDAD": "HIDALGO", "MUNICIPIO": "Huichapan", "PUEBLO INDIGENA O AFROMEXICANO": "OTOMÍ", "LOCALIDAD": "EL SAUCILLO", "CLAVE LOC": 130290025, "TIPO DE ASENTAMIENTO": "COMUNIDAD INDIGENA", "NOMBRE": "EL SAUCILLO", "MONTO ASIGNADO (PESOS)": 589870, "LATITUD": 20.317399, "LONGITUD": -99.707735 }, "geometry": { "type": "Point", "coordinates": [ -99.707735, 20.317399 ] } },
{ "type": "Feature", "properties": { "NO": 599, "ENTIDAD": "HIDALGO", "MUNICIPIO": "Huichapan", "PUEBLO INDIGENA O AFROMEXICANO": "OTOMÍ", "LOCALIDAD": "EL TENDIDO", "CLAVE LOC": 130290028, "TIPO DE ASENTAMIENTO": "COMUNIDAD INDIGENA", "NOMBRE": "EL TENDIDO", "MONTO ASIGNADO (PESOS)": 217212, "LATITUD": 20.485646, "LONGITUD": -99.580746 }, "geometry": { "type": "Point", "coordinates": [ -99.580746, 20.485646 ] } },
{ "type": "Feature", "properties": { "NO": 600, "ENTIDAD": "HIDALGO", "MUNICIPIO": "Huichapan", "PUEBLO INDIGENA O AFROMEXICANO": "OTOMÍ", "LOCALIDAD": "JONACAPA", "CLAVE LOC": 130290015, "TIPO DE ASENTAMIENTO": "COMUNIDAD INDIGENA", "NOMBRE": "JONACAPA", "MONTO ASIGNADO (PESOS)": 1023964, "LATITUD": 20.439819, "LONGITUD": -99.532985 }, "geometry": { "type": "Point", "coordinates": [ -99.532985, 20.439819 ] } },
{ "type": "Feature", "properties": { "NO": 601, "ENTIDAD": "HIDALGO", "MUNICIPIO": "Huichapan", "PUEBLO INDIGENA O AFROMEXICANO": "OTOMÍ", "LOCALIDAD": "LA SABINITA", "CLAVE LOC": 130290022, "TIPO DE ASENTAMIENTO": "COMUNIDAD INDIGENA", "NOMBRE": "LA SABINITA", "MONTO ASIGNADO (PESOS)": 2024724, "LATITUD": 20.362466, "LONGITUD": -99.634254 }, "geometry": { "type": "Point", "coordinates": [ -99.634254, 20.362466 ] } },
{ "type": "Feature", "properties": { "NO": 602, "ENTIDAD": "HIDALGO", "MUNICIPIO": "Huichapan", "PUEBLO INDIGENA O AFROMEXICANO": "OTOMÍ", "LOCALIDAD": "MAMITHÍ", "CLAVE LOC": 130290017, "TIPO DE ASENTAMIENTO": "COMUNIDAD INDIGENA", "NOMBRE": "MAMITHÍ", "MONTO ASIGNADO (PESOS)": 1875984, "LATITUD": 20.411243, "LONGITUD": -99.662669 }, "geometry": { "type": "Point", "coordinates": [ -99.662669, 20.411243 ] } },
{ "type": "Feature", "properties": { "NO": 603, "ENTIDAD": "HIDALGO", "MUNICIPIO": "Huichapan", "PUEBLO INDIGENA O AFROMEXICANO": "OTOMÍ", "LOCALIDAD": "MANEY", "CLAVE LOC": 130290018, "TIPO DE ASENTAMIENTO": "COMUNIDAD INDIGENA", "NOMBRE": "MANEY", "MONTO ASIGNADO (PESOS)": 939085, "LATITUD": 20.393589, "LONGITUD": -99.687683 }, "geometry": { "type": "Point", "coordinates": [ -99.687683, 20.393589 ] } },
{ "type": "Feature", "properties": { "NO": 604, "ENTIDAD": "HIDALGO", "MUNICIPIO": "Huichapan", "PUEBLO INDIGENA O AFROMEXICANO": "OTOMÍ", "LOCALIDAD": "SAN JOSÉ ATLÁN", "CLAVE LOC": 130290024, "TIPO DE ASENTAMIENTO": "COMUNIDAD INDIGENA", "NOMBRE": "SAN JOSÉ ATLÁN", "MONTO ASIGNADO (PESOS)": 168710, "LATITUD": 20.337657, "LONGITUD": -99.670042 }, "geometry": { "type": "Point", "coordinates": [ -99.670042, 20.337657 ] } },
{ "type": "Feature", "properties": { "NO": 605, "ENTIDAD": "HIDALGO", "MUNICIPIO": "Huichapan", "PUEBLO INDIGENA O AFROMEXICANO": "OTOMÍ", "LOCALIDAD": "TLAXCALILLA", "CLAVE LOC": 130290029, "TIPO DE ASENTAMIENTO": "COMUNIDAD INDIGENA", "NOMBRE": "TLAXCALILLA", "MONTO ASIGNADO (PESOS)": 95148, "LATITUD": 20.383117, "LONGITUD": -99.811324 }, "geometry": { "type": "Point", "coordinates": [ -99.811324, 20.383117 ] } },
{ "type": "Feature", "properties": { "NO": 606, "ENTIDAD": "HIDALGO", "MUNICIPIO": "Huichapan", "PUEBLO INDIGENA O AFROMEXICANO": "OTOMÍ", "LOCALIDAD": "XAJAY", "CLAVE LOC": 130290031, "TIPO DE ASENTAMIENTO": "COMUNIDAD INDIGENA", "NOMBRE": "XAJAY", "MONTO ASIGNADO (PESOS)": 334425, "LATITUD": 20.386887, "LONGITUD": -99.834734 }, "geometry": { "type": "Point", "coordinates": [ -99.834734, 20.386887 ] } },
{ "type": "Feature", "properties": { "NO": 607, "ENTIDAD": "HIDALGO", "MUNICIPIO": "Huichapan", "PUEBLO INDIGENA O AFROMEXICANO": "OTOMÍ", "LOCALIDAD": "ZOTHÉ", "CLAVE LOC": 130290035, "TIPO DE ASENTAMIENTO": "COMUNIDAD INDIGENA", "NOMBRE": "ZOTHÉ", "MONTO ASIGNADO (PESOS)": 1408747, "LATITUD": 20.367753, "LONGITUD": -99.716676 }, "geometry": { "type": "Point", "coordinates": [ -99.716676, 20.367753 ] } },
{ "type": "Feature", "properties": { "NO": 608, "ENTIDAD": "HIDALGO", "MUNICIPIO": "Ixmiquilpan", "PUEBLO INDIGENA O AFROMEXICANO": "OTOMÍ", "LOCALIDAD": "AGUA FLORIDA", "CLAVE LOC": 130300049, "TIPO DE ASENTAMIENTO": "COMUNIDAD INDIGENA", "NOMBRE": "AGUA FLORIDA", "MONTO ASIGNADO (PESOS)": 208320, "LATITUD": 20.678302, "LONGITUD": -99.200535 }, "geometry": { "type": "Point", "coordinates": [ -99.200535, 20.678302 ] } },
{ "type": "Feature", "properties": { "NO": 609, "ENTIDAD": "HIDALGO", "MUNICIPIO": "Ixmiquilpan", "PUEBLO INDIGENA O AFROMEXICANO": "OTOMÍ", "LOCALIDAD": "ÁLAMO", "CLAVE LOC": 130300126, "TIPO DE ASENTAMIENTO": "COMUNIDAD INDIGENA", "NOMBRE": "ÁLAMO", "MONTO ASIGNADO (PESOS)": 118591, "LATITUD": 20.664174, "LONGITUD": -99.266599 }, "geometry": { "type": "Point", "coordinates": [ -99.266599, 20.664174 ] } },
{ "type": "Feature", "properties": { "NO": 610, "ENTIDAD": "HIDALGO", "MUNICIPIO": "Ixmiquilpan", "PUEBLO INDIGENA O AFROMEXICANO": "OTOMÍ", "LOCALIDAD": "ARENALITO", "CLAVE LOC": 130300003, "TIPO DE ASENTAMIENTO": "COMUNIDAD INDIGENA", "NOMBRE": "ARENALITO", "MONTO ASIGNADO (PESOS)": 739418, "LATITUD": 20.505665, "LONGITUD": -99.178123 }, "geometry": { "type": "Point", "coordinates": [ -99.178123, 20.505665 ] } },
{ "type": "Feature", "properties": { "NO": 611, "ENTIDAD": "HIDALGO", "MUNICIPIO": "Ixmiquilpan", "PUEBLO INDIGENA O AFROMEXICANO": "OTOMÍ", "LOCALIDAD": "BANGANDHÓ", "CLAVE LOC": 130300004, "TIPO DE ASENTAMIENTO": "COMUNIDAD INDIGENA", "NOMBRE": "BANGANDHÓ", "MONTO ASIGNADO (PESOS)": 808129, "LATITUD": 20.483677, "LONGITUD": -99.149006 }, "geometry": { "type": "Point", "coordinates": [ -99.149006, 20.483677 ] } },
{ "type": "Feature", "properties": { "NO": 612, "ENTIDAD": "HIDALGO", "MUNICIPIO": "Ixmiquilpan", "PUEBLO INDIGENA O AFROMEXICANO": "OTOMÍ", "LOCALIDAD": "BOTENGUEDHO", "CLAVE LOC": 130300099, "TIPO DE ASENTAMIENTO": "COMUNIDAD INDIGENA", "NOMBRE": "BOTENGUEDHO", "MONTO ASIGNADO (PESOS)": 771753, "LATITUD": 20.482095, "LONGITUD": -99.195382 }, "geometry": { "type": "Point", "coordinates": [ -99.195382, 20.482095 ] } },
{ "type": "Feature", "properties": { "NO": 613, "ENTIDAD": "HIDALGO", "MUNICIPIO": "Ixmiquilpan", "PUEBLO INDIGENA O AFROMEXICANO": "OTOMÍ", "LOCALIDAD": "BOXHUADA", "CLAVE LOC": 130300006, "TIPO DE ASENTAMIENTO": "COMUNIDAD INDIGENA", "NOMBRE": "BOXHUADA", "MONTO ASIGNADO (PESOS)": 299665, "LATITUD": 20.609778, "LONGITUD": -99.219561 }, "geometry": { "type": "Point", "coordinates": [ -99.219561, 20.609778 ] } },
{ "type": "Feature", "properties": { "NO": 614, "ENTIDAD": "HIDALGO", "MUNICIPIO": "Ixmiquilpan", "PUEBLO INDIGENA O AFROMEXICANO": "OTOMÍ", "LOCALIDAD": "CANTAMAYE", "CLAVE LOC": 130300007, "TIPO DE ASENTAMIENTO": "COMUNIDAD INDIGENA", "NOMBRE": "CANTAMAYE", "MONTO ASIGNADO (PESOS)": 121071, "LATITUD": 20.607599, "LONGITUD": -99.252868 }, "geometry": { "type": "Point", "coordinates": [ -99.252868, 20.607599 ] } },
{ "type": "Feature", "properties": { "NO": 615, "ENTIDAD": "HIDALGO", "MUNICIPIO": "Ixmiquilpan", "PUEBLO INDIGENA O AFROMEXICANO": "OTOMÍ", "LOCALIDAD": "CANTINELA", "CLAVE LOC": 130300067, "TIPO DE ASENTAMIENTO": "COMUNIDAD INDIGENA", "NOMBRE": "CANTINELA", "MONTO ASIGNADO (PESOS)": 1322252, "LATITUD": 20.455637, "LONGITUD": -99.212111 }, "geometry": { "type": "Point", "coordinates": [ -99.212111, 20.455637 ] } },
{ "type": "Feature", "properties": { "NO": 616, "ENTIDAD": "HIDALGO", "MUNICIPIO": "Ixmiquilpan", "PUEBLO INDIGENA O AFROMEXICANO": "OTOMÍ", "LOCALIDAD": "CAÑADA CHICA", "CLAVE LOC": 130300050, "TIPO DE ASENTAMIENTO": "COMUNIDAD INDIGENA", "NOMBRE": "CAÑADA CHICA", "MONTO ASIGNADO (PESOS)": 738610, "LATITUD": 20.413604, "LONGITUD": -99.156744 }, "geometry": { "type": "Point", "coordinates": [ -99.156744, 20.413604 ] } },
{ "type": "Feature", "properties": { "NO": 617, "ENTIDAD": "HIDALGO", "MUNICIPIO": "Ixmiquilpan", "PUEBLO INDIGENA O AFROMEXICANO": "OTOMÍ", "LOCALIDAD": "CAPULA", "CLAVE LOC": 130300008, "TIPO DE ASENTAMIENTO": "COMUNIDAD INDIGENA", "NOMBRE": "CAPULA", "MONTO ASIGNADO (PESOS)": 559152, "LATITUD": 20.508065, "LONGITUD": -99.137852 }, "geometry": { "type": "Point", "coordinates": [ -99.137852, 20.508065 ] } },
{ "type": "Feature", "properties": { "NO": 618, "ENTIDAD": "HIDALGO", "MUNICIPIO": "Ixmiquilpan", "PUEBLO INDIGENA O AFROMEXICANO": "OTOMÍ", "LOCALIDAD": "CERRITO CAPULA", "CLAVE LOC": 130300145, "TIPO DE ASENTAMIENTO": "COMUNIDAD INDIGENA", "NOMBRE": "CERRITO CAPULA", "MONTO ASIGNADO (PESOS)": 234188, "LATITUD": 20.519853, "LONGITUD": -99.113658 }, "geometry": { "type": "Point", "coordinates": [ -99.113658, 20.519853 ] } },
{ "type": "Feature", "properties": { "NO": 619, "ENTIDAD": "HIDALGO", "MUNICIPIO": "Ixmiquilpan", "PUEBLO INDIGENA O AFROMEXICANO": "OTOMÍ", "LOCALIDAD": "CERRITOS", "CLAVE LOC": 130300009, "TIPO DE ASENTAMIENTO": "COMUNIDAD INDIGENA", "NOMBRE": "CERRITOS", "MONTO ASIGNADO (PESOS)": 848548, "LATITUD": 20.535271, "LONGITUD": -99.183547 }, "geometry": { "type": "Point", "coordinates": [ -99.183547, 20.535271 ] } },
{ "type": "Feature", "properties": { "NO": 620, "ENTIDAD": "HIDALGO", "MUNICIPIO": "Ixmiquilpan", "PUEBLO INDIGENA O AFROMEXICANO": "OTOMÍ", "LOCALIDAD": "CERRO BLANCO", "CLAVE LOC": 130300010, "TIPO DE ASENTAMIENTO": "COMUNIDAD INDIGENA", "NOMBRE": "CERRO BLANCO", "MONTO ASIGNADO (PESOS)": 192152, "LATITUD": 20.597496, "LONGITUD": -99.161097 }, "geometry": { "type": "Point", "coordinates": [ -99.161097, 20.597496 ] } },
{ "type": "Feature", "properties": { "NO": 621, "ENTIDAD": "HIDALGO", "MUNICIPIO": "Ixmiquilpan", "PUEBLO INDIGENA O AFROMEXICANO": "OTOMÍ", "LOCALIDAD": "CHALMITA", "CLAVE LOC": 130300051, "TIPO DE ASENTAMIENTO": "COMUNIDAD INDIGENA", "NOMBRE": "CHALMITA", "MONTO ASIGNADO (PESOS)": 251163, "LATITUD": 20.610636, "LONGITUD": -99.164124 }, "geometry": { "type": "Point", "coordinates": [ -99.164124, 20.610636 ] } },
{ "type": "Feature", "properties": { "NO": 622, "ENTIDAD": "HIDALGO", "MUNICIPIO": "Ixmiquilpan", "PUEBLO INDIGENA O AFROMEXICANO": "OTOMÍ", "LOCALIDAD": "COLONIA DEL VALLE REMEDIOS", "CLAVE LOC": 130300146, "TIPO DE ASENTAMIENTO": "COMUNIDAD INDIGENA", "NOMBRE": "COLONIA DEL VALLE REMEDIOS", "MONTO ASIGNADO (PESOS)": 255205, "LATITUD": 20.511985, "LONGITUD": -99.191943 }, "geometry": { "type": "Point", "coordinates": [ -99.191943, 20.511985 ] } },
{ "type": "Feature", "properties": { "NO": 623, "ENTIDAD": "HIDALGO", "MUNICIPIO": "Ixmiquilpan", "PUEBLO INDIGENA O AFROMEXICANO": "OTOMÍ", "LOCALIDAD": "COLONIA INDEPENDENCIA", "CLAVE LOC": 130300143, "TIPO DE ASENTAMIENTO": "COMUNIDAD INDIGENA", "NOMBRE": "COLONIA INDEPENDENCIA", "MONTO ASIGNADO (PESOS)": 234996, "LATITUD": 20.393189, "LONGITUD": -99.090838 }, "geometry": { "type": "Point", "coordinates": [ -99.090838, 20.393189 ] } },
{ "type": "Feature", "properties": { "NO": 624, "ENTIDAD": "HIDALGO", "MUNICIPIO": "Ixmiquilpan", "PUEBLO INDIGENA O AFROMEXICANO": "OTOMÍ", "LOCALIDAD": "CUESTA COLORADA", "CLAVE LOC": 130300011, "TIPO DE ASENTAMIENTO": "COMUNIDAD INDIGENA", "NOMBRE": "CUESTA COLORADA", "MONTO ASIGNADO (PESOS)": 467806, "LATITUD": 20.697976, "LONGITUD": -99.192404 }, "geometry": { "type": "Point", "coordinates": [ -99.192404, 20.697976 ] } },
{ "type": "Feature", "properties": { "NO": 625, "ENTIDAD": "HIDALGO", "MUNICIPIO": "Ixmiquilpan", "PUEBLO INDIGENA O AFROMEXICANO": "OTOMÍ", "LOCALIDAD": "DIOS PADRE", "CLAVE LOC": 130300016, "TIPO DE ASENTAMIENTO": "COMUNIDAD INDIGENA", "NOMBRE": "DIOS PADRE", "MONTO ASIGNADO (PESOS)": 1960863, "LATITUD": 20.463965, "LONGITUD": -99.197297 }, "geometry": { "type": "Point", "coordinates": [ -99.197297, 20.463965 ] } },
{ "type": "Feature", "properties": { "NO": 626, "ENTIDAD": "HIDALGO", "MUNICIPIO": "Ixmiquilpan", "PUEBLO INDIGENA O AFROMEXICANO": "OTOMÍ", "LOCALIDAD": "EJIDO JAGÜEY DE VÁZQUEZ CAPULA", "CLAVE LOC": 130300150, "TIPO DE ASENTAMIENTO": "COMUNIDAD INDIGENA", "NOMBRE": "EJIDO JAGÜEY DE VÁZQUEZ CAPULA", "MONTO ASIGNADO (PESOS)": 243888, "LATITUD": 20.523946, "LONGITUD": -99.153858 }, "geometry": { "type": "Point", "coordinates": [ -99.153858, 20.523946 ] } },
{ "type": "Feature", "properties": { "NO": 627, "ENTIDAD": "HIDALGO", "MUNICIPIO": "Ixmiquilpan", "PUEBLO INDIGENA O AFROMEXICANO": "OTOMÍ", "LOCALIDAD": "EL ALBERTO", "CLAVE LOC": 130300002, "TIPO DE ASENTAMIENTO": "COMUNIDAD INDIGENA", "NOMBRE": "EL ALBERTO", "MONTO ASIGNADO (PESOS)": 704658, "LATITUD": 20.41589, "LONGITUD": -99.22727 }, "geometry": { "type": "Point", "coordinates": [ -99.22727, 20.41589 ] } },
{ "type": "Feature", "properties": { "NO": 628, "ENTIDAD": "HIDALGO", "MUNICIPIO": "Ixmiquilpan", "PUEBLO INDIGENA O AFROMEXICANO": "OTOMÍ", "LOCALIDAD": "EL BANXU", "CLAVE LOC": 130300005, "TIPO DE ASENTAMIENTO": "COMUNIDAD INDIGENA", "NOMBRE": "EL BANXU", "MONTO ASIGNADO (PESOS)": 318258, "LATITUD": 20.674271, "LONGITUD": -99.232589 }, "geometry": { "type": "Point", "coordinates": [ -99.232589, 20.674271 ] } },
{ "type": "Feature", "properties": { "NO": 629, "ENTIDAD": "HIDALGO", "MUNICIPIO": "Ixmiquilpan", "PUEBLO INDIGENA O AFROMEXICANO": "OTOMÍ", "LOCALIDAD": "EL BARRIDO", "CLAVE LOC": 130300066, "TIPO DE ASENTAMIENTO": "COMUNIDAD INDIGENA", "NOMBRE": "EL BARRIDO", "MONTO ASIGNADO (PESOS)": 1267283, "LATITUD": 20.450628, "LONGITUD": -99.190986 }, "geometry": { "type": "Point", "coordinates": [ -99.190986, 20.450628 ] } },
{ "type": "Feature", "properties": { "NO": 630, "ENTIDAD": "HIDALGO", "MUNICIPIO": "Ixmiquilpan", "PUEBLO INDIGENA O AFROMEXICANO": "OTOMÍ", "LOCALIDAD": "EL BOJAY", "CLAVE LOC": 130300127, "TIPO DE ASENTAMIENTO": "COMUNIDAD INDIGENA", "NOMBRE": "EL BOJAY", "MONTO ASIGNADO (PESOS)": 151221, "LATITUD": 20.576072, "LONGITUD": -99.270848 }, "geometry": { "type": "Point", "coordinates": [ -99.270848, 20.576072 ] } },
{ "type": "Feature", "properties": { "NO": 631, "ENTIDAD": "HIDALGO", "MUNICIPIO": "Ixmiquilpan", "PUEBLO INDIGENA O AFROMEXICANO": "OTOMÍ", "LOCALIDAD": "EL BOTHO (EL BOTHO EL ESPÍRITU)", "CLAVE LOC": 130300124, "TIPO DE ASENTAMIENTO": "COMUNIDAD INDIGENA", "NOMBRE": "EL BOTHO (EL BOTHO EL ESPÍRITU)", "MONTO ASIGNADO (PESOS)": 144459, "LATITUD": 20.635467, "LONGITUD": -99.162837 }, "geometry": { "type": "Point", "coordinates": [ -99.162837, 20.635467 ] } },
{ "type": "Feature", "properties": { "NO": 632, "ENTIDAD": "HIDALGO", "MUNICIPIO": "Ixmiquilpan", "PUEBLO INDIGENA O AFROMEXICANO": "OTOMÍ", "LOCALIDAD": "EL BOYE", "CLAVE LOC": 130300110, "TIPO DE ASENTAMIENTO": "COMUNIDAD INDIGENA", "NOMBRE": "EL BOYE", "MONTO ASIGNADO (PESOS)": 251972, "LATITUD": 20.615137, "LONGITUD": -99.193589 }, "geometry": { "type": "Point", "coordinates": [ -99.193589, 20.615137 ] } },
{ "type": "Feature", "properties": { "NO": 633, "ENTIDAD": "HIDALGO", "MUNICIPIO": "Ixmiquilpan", "PUEBLO INDIGENA O AFROMEXICANO": "OTOMÍ", "LOCALIDAD": "EL CARRIZAL", "CLAVE LOC": 130300134, "TIPO DE ASENTAMIENTO": "COMUNIDAD INDIGENA", "NOMBRE": "EL CARRIZAL", "MONTO ASIGNADO (PESOS)": 1029622, "LATITUD": 20.499117, "LONGITUD": -99.204606 }, "geometry": { "type": "Point", "coordinates": [ -99.204606, 20.499117 ] } },
{ "type": "Feature", "properties": { "NO": 634, "ENTIDAD": "HIDALGO", "MUNICIPIO": "Ixmiquilpan", "PUEBLO INDIGENA O AFROMEXICANO": "OTOMÍ", "LOCALIDAD": "EL DECA", "CLAVE LOC": 130300075, "TIPO DE ASENTAMIENTO": "COMUNIDAD INDIGENA", "NOMBRE": "EL DECA", "MONTO ASIGNADO (PESOS)": 579361, "LATITUD": 20.477911, "LONGITUD": -99.279276 }, "geometry": { "type": "Point", "coordinates": [ -99.279276, 20.477911 ] } },
{ "type": "Feature", "properties": { "NO": 635, "ENTIDAD": "HIDALGO", "MUNICIPIO": "Ixmiquilpan", "PUEBLO INDIGENA O AFROMEXICANO": "OTOMÍ", "LOCALIDAD": "EL DEFAY", "CLAVE LOC": 130300012, "TIPO DE ASENTAMIENTO": "COMUNIDAD INDIGENA", "NOMBRE": "EL DEFAY", "MONTO ASIGNADO (PESOS)": 466189, "LATITUD": 20.642861, "LONGITUD": -99.190441 }, "geometry": { "type": "Point", "coordinates": [ -99.190441, 20.642861 ] } },
{ "type": "Feature", "properties": { "NO": 636, "ENTIDAD": "HIDALGO", "MUNICIPIO": "Ixmiquilpan", "PUEBLO INDIGENA O AFROMEXICANO": "OTOMÍ", "LOCALIDAD": "EL DEXTHI ALBERTO", "CLAVE LOC": 130300013, "TIPO DE ASENTAMIENTO": "COMUNIDAD INDIGENA", "NOMBRE": "EL DEXTHI ALBERTO", "MONTO ASIGNADO (PESOS)": 198619, "LATITUD": 20.417084, "LONGITUD": -99.262025 }, "geometry": { "type": "Point", "coordinates": [ -99.262025, 20.417084 ] } },
{ "type": "Feature", "properties": { "NO": 637, "ENTIDAD": "HIDALGO", "MUNICIPIO": "Ixmiquilpan", "PUEBLO INDIGENA O AFROMEXICANO": "OTOMÍ", "LOCALIDAD": "EL DEXTHI SAN JUANICO", "CLAVE LOC": 130300014, "TIPO DE ASENTAMIENTO": "COMUNIDAD INDIGENA", "NOMBRE": "EL DEXTHI SAN JUANICO", "MONTO ASIGNADO (PESOS)": 521967, "LATITUD": 20.568897, "LONGITUD": -99.235584 }, "geometry": { "type": "Point", "coordinates": [ -99.235584, 20.568897 ] } },
{ "type": "Feature", "properties": { "NO": 638, "ENTIDAD": "HIDALGO", "MUNICIPIO": "Ixmiquilpan", "PUEBLO INDIGENA O AFROMEXICANO": "OTOMÍ", "LOCALIDAD": "EL DEXTHO", "CLAVE LOC": 130300015, "TIPO DE ASENTAMIENTO": "COMUNIDAD INDIGENA", "NOMBRE": "EL DEXTHO", "MONTO ASIGNADO (PESOS)": 601187, "LATITUD": 20.500466, "LONGITUD": -99.275368 }, "geometry": { "type": "Point", "coordinates": [ -99.275368, 20.500466 ] } },
{ "type": "Feature", "properties": { "NO": 639, "ENTIDAD": "HIDALGO", "MUNICIPIO": "Ixmiquilpan", "PUEBLO INDIGENA O AFROMEXICANO": "OTOMÍ", "LOCALIDAD": "EL DEZHA", "CLAVE LOC": 130300052, "TIPO DE ASENTAMIENTO": "COMUNIDAD INDIGENA", "NOMBRE": "EL DEZHA", "MONTO ASIGNADO (PESOS)": 137992, "LATITUD": 20.686321, "LONGITUD": -99.179574 }, "geometry": { "type": "Point", "coordinates": [ -99.179574, 20.686321 ] } },
{ "type": "Feature", "properties": { "NO": 640, "ENTIDAD": "HIDALGO", "MUNICIPIO": "Ixmiquilpan", "PUEBLO INDIGENA O AFROMEXICANO": "OTOMÍ", "LOCALIDAD": "EL DURAZNO", "CLAVE LOC": 130300053, "TIPO DE ASENTAMIENTO": "COMUNIDAD INDIGENA", "NOMBRE": "EL DURAZNO", "MONTO ASIGNADO (PESOS)": 803279, "LATITUD": 20.529768, "LONGITUD": -99.219033 }, "geometry": { "type": "Point", "coordinates": [ -99.219033, 20.529768 ] } },
{ "type": "Feature", "properties": { "NO": 641, "ENTIDAD": "HIDALGO", "MUNICIPIO": "Ixmiquilpan", "PUEBLO INDIGENA O AFROMEXICANO": "OTOMÍ", "LOCALIDAD": "EL ESPINO", "CLAVE LOC": 130300017, "TIPO DE ASENTAMIENTO": "COMUNIDAD INDIGENA", "NOMBRE": "EL ESPINO", "MONTO ASIGNADO (PESOS)": 576127, "LATITUD": 20.553956, "LONGITUD": -99.179629 }, "geometry": { "type": "Point", "coordinates": [ -99.179629, 20.553956 ] } },
{ "type": "Feature", "properties": { "NO": 642, "ENTIDAD": "HIDALGO", "MUNICIPIO": "Ixmiquilpan", "PUEBLO INDIGENA O AFROMEXICANO": "OTOMÍ", "LOCALIDAD": "EL ESPÍRITU", "CLAVE LOC": 130300018, "TIPO DE ASENTAMIENTO": "COMUNIDAD INDIGENA", "NOMBRE": "EL ESPÍRITU", "MONTO ASIGNADO (PESOS)": 685257, "LATITUD": 20.585099, "LONGITUD": -99.167626 }, "geometry": { "type": "Point", "coordinates": [ -99.167626, 20.585099 ] } },
{ "type": "Feature", "properties": { "NO": 643, "ENTIDAD": "HIDALGO", "MUNICIPIO": "Ixmiquilpan", "PUEBLO INDIGENA O AFROMEXICANO": "OTOMÍ", "LOCALIDAD": "EL HUACRI", "CLAVE LOC": 130300024, "TIPO DE ASENTAMIENTO": "COMUNIDAD INDIGENA", "NOMBRE": "EL HUACRI", "MONTO ASIGNADO (PESOS)": 233379, "LATITUD": 20.655056, "LONGITUD": -99.272843 }, "geometry": { "type": "Point", "coordinates": [ -99.272843, 20.655056 ] } },
{ "type": "Feature", "properties": { "NO": 644, "ENTIDAD": "HIDALGO", "MUNICIPIO": "Ixmiquilpan", "PUEBLO INDIGENA O AFROMEXICANO": "OTOMÍ", "LOCALIDAD": "EL MANANTIAL", "CLAVE LOC": 130300056, "TIPO DE ASENTAMIENTO": "COMUNIDAD INDIGENA", "NOMBRE": "EL MANANTIAL", "MONTO ASIGNADO (PESOS)": 216403, "LATITUD": 20.663518, "LONGITUD": -99.198512 }, "geometry": { "type": "Point", "coordinates": [ -99.198512, 20.663518 ] } },
{ "type": "Feature", "properties": { "NO": 645, "ENTIDAD": "HIDALGO", "MUNICIPIO": "Ixmiquilpan", "PUEBLO INDIGENA O AFROMEXICANO": "OTOMÍ", "LOCALIDAD": "EL MANDHO", "CLAVE LOC": 130300029, "TIPO DE ASENTAMIENTO": "COMUNIDAD INDIGENA", "NOMBRE": "EL MANDHO", "MONTO ASIGNADO (PESOS)": 959294, "LATITUD": 20.501594, "LONGITUD": -99.235316 }, "geometry": { "type": "Point", "coordinates": [ -99.235316, 20.501594 ] } },
{ "type": "Feature", "properties": { "NO": 646, "ENTIDAD": "HIDALGO", "MUNICIPIO": "Ixmiquilpan", "PUEBLO INDIGENA O AFROMEXICANO": "OTOMÍ", "LOCALIDAD": "EL MEJE", "CLAVE LOC": 130300057, "TIPO DE ASENTAMIENTO": "COMUNIDAD INDIGENA", "NOMBRE": "EL MEJE", "MONTO ASIGNADO (PESOS)": 192152, "LATITUD": 20.642144, "LONGITUD": -99.231356 }, "geometry": { "type": "Point", "coordinates": [ -99.231356, 20.642144 ] } },
{ "type": "Feature", "properties": { "NO": 647, "ENTIDAD": "HIDALGO", "MUNICIPIO": "Ixmiquilpan", "PUEBLO INDIGENA O AFROMEXICANO": "OTOMÍ", "LOCALIDAD": "EL MIRADOR CAPULA", "CLAVE LOC": 130300125, "TIPO DE ASENTAMIENTO": "COMUNIDAD INDIGENA", "NOMBRE": "EL MIRADOR CAPULA", "MONTO ASIGNADO (PESOS)": 580169, "LATITUD": 20.499853, "LONGITUD": -99.16072 }, "geometry": { "type": "Point", "coordinates": [ -99.16072, 20.499853 ] } },
{ "type": "Feature", "properties": { "NO": 648, "ENTIDAD": "HIDALGO", "MUNICIPIO": "Ixmiquilpan", "PUEBLO INDIGENA O AFROMEXICANO": "OTOMÍ", "LOCALIDAD": "EL NANDHO", "CLAVE LOC": 130300116, "TIPO DE ASENTAMIENTO": "COMUNIDAD INDIGENA", "NOMBRE": "EL NANDHO", "MONTO ASIGNADO (PESOS)": 181644, "LATITUD": 20.624696, "LONGITUD": -99.213643 }, "geometry": { "type": "Point", "coordinates": [ -99.213643, 20.624696 ] } },
{ "type": "Feature", "properties": { "NO": 649, "ENTIDAD": "HIDALGO", "MUNICIPIO": "Ixmiquilpan", "PUEBLO INDIGENA O AFROMEXICANO": "OTOMÍ", "LOCALIDAD": "EL NITH", "CLAVE LOC": 130300032, "TIPO DE ASENTAMIENTO": "COMUNIDAD INDIGENA", "NOMBRE": "EL NITH", "MONTO ASIGNADO (PESOS)": 1509793, "LATITUD": 20.489089, "LONGITUD": -99.194067 }, "geometry": { "type": "Point", "coordinates": [ -99.194067, 20.489089 ] } },
{ "type": "Feature", "properties": { "NO": 650, "ENTIDAD": "HIDALGO", "MUNICIPIO": "Ixmiquilpan", "PUEBLO INDIGENA O AFROMEXICANO": "OTOMÍ", "LOCALIDAD": "EL NOGAL", "CLAVE LOC": 130300117, "TIPO DE ASENTAMIENTO": "COMUNIDAD INDIGENA", "NOMBRE": "EL NOGAL", "MONTO ASIGNADO (PESOS)": 205086, "LATITUD": 20.66425, "LONGITUD": -99.17924 }, "geometry": { "type": "Point", "coordinates": [ -99.17924, 20.66425 ] } },
{ "type": "Feature", "properties": { "NO": 651, "ENTIDAD": "HIDALGO", "MUNICIPIO": "Ixmiquilpan", "PUEBLO INDIGENA O AFROMEXICANO": "OTOMÍ", "LOCALIDAD": "EL OLIVO", "CLAVE LOC": 130300033, "TIPO DE ASENTAMIENTO": "COMUNIDAD INDIGENA", "NOMBRE": "EL OLIVO", "MONTO ASIGNADO (PESOS)": 395861, "LATITUD": 20.608461, "LONGITUD": -99.180464 }, "geometry": { "type": "Point", "coordinates": [ -99.180464, 20.608461 ] } },
{ "type": "Feature", "properties": { "NO": 652, "ENTIDAD": "HIDALGO", "MUNICIPIO": "Ixmiquilpan", "PUEBLO INDIGENA O AFROMEXICANO": "OTOMÍ", "LOCALIDAD": "PUERTO DEXTHI", "CLAVE LOC": 130300039, "TIPO DE ASENTAMIENTO": "COMUNIDAD INDIGENA", "NOMBRE": "PUERTO DEXTHI", "MONTO ASIGNADO (PESOS)": 496907, "LATITUD": 20.560038, "LONGITUD": -99.258971 }, "geometry": { "type": "Point", "coordinates": [ -99.258971, 20.560038 ] } },
{ "type": "Feature", "properties": { "NO": 653, "ENTIDAD": "HIDALGO", "MUNICIPIO": "Ixmiquilpan", "PUEBLO INDIGENA O AFROMEXICANO": "OTOMÍ", "LOCALIDAD": "EL ROSARIO CAPULA", "CLAVE LOC": 130300139, "TIPO DE ASENTAMIENTO": "COMUNIDAD INDIGENA", "NOMBRE": "EL ROSARIO CAPULA", "MONTO ASIGNADO (PESOS)": 234133, "LATITUD": 20.537579, "LONGITUD": -99.137727 }, "geometry": { "type": "Point", "coordinates": [ -99.137727, 20.537579 ] } },
{ "type": "Feature", "properties": { "NO": 654, "ENTIDAD": "HIDALGO", "MUNICIPIO": "Ixmiquilpan", "PUEBLO INDIGENA O AFROMEXICANO": "OTOMÍ", "LOCALIDAD": "EL TABLÓN", "CLAVE LOC": 130300046, "TIPO DE ASENTAMIENTO": "COMUNIDAD INDIGENA", "NOMBRE": "EL TABLÓN", "MONTO ASIGNADO (PESOS)": 666665, "LATITUD": 20.418911, "LONGITUD": -99.188582 }, "geometry": { "type": "Point", "coordinates": [ -99.188582, 20.418911 ] } },
{ "type": "Feature", "properties": { "NO": 655, "ENTIDAD": "HIDALGO", "MUNICIPIO": "Ixmiquilpan", "PUEBLO INDIGENA O AFROMEXICANO": "OTOMÍ", "LOCALIDAD": "EL TEPHÉ", "CLAVE LOC": 130300048, "TIPO DE ASENTAMIENTO": "COMUNIDAD INDIGENA", "NOMBRE": "EL TEPHÉ", "MONTO ASIGNADO (PESOS)": 2069992, "LATITUD": 20.444805, "LONGITUD": -99.170963 }, "geometry": { "type": "Point", "coordinates": [ -99.170963, 20.444805 ] } },
{ "type": "Feature", "properties": { "NO": 656, "ENTIDAD": "HIDALGO", "MUNICIPIO": "Ixmiquilpan", "PUEBLO INDIGENA O AFROMEXICANO": "OTOMÍ", "LOCALIDAD": "USTHEJE", "CLAVE LOC": 130300064, "TIPO DE ASENTAMIENTO": "COMUNIDAD INDIGENA", "NOMBRE": "USTHEJE", "MONTO ASIGNADO (PESOS)": 235389, "LATITUD": 20.593657, "LONGITUD": -99.262044 }, "geometry": { "type": "Point", "coordinates": [ -99.262044, 20.593657 ] } },
{ "type": "Feature", "properties": { "NO": 657, "ENTIDAD": "HIDALGO", "MUNICIPIO": "Ixmiquilpan", "PUEBLO INDIGENA O AFROMEXICANO": "OTOMÍ", "LOCALIDAD": "EL VALANTE", "CLAVE LOC": 130300121, "TIPO DE ASENTAMIENTO": "COMUNIDAD INDIGENA", "NOMBRE": "EL VALANTE", "MONTO ASIGNADO (PESOS)": 474273, "LATITUD": 20.466631, "LONGITUD": -99.188162 }, "geometry": { "type": "Point", "coordinates": [ -99.188162, 20.466631 ] } },
{ "type": "Feature", "properties": { "NO": 658, "ENTIDAD": "HIDALGO", "MUNICIPIO": "Ixmiquilpan", "PUEBLO INDIGENA O AFROMEXICANO": "OTOMÍ", "LOCALIDAD": "EX-HACIENDA DE OCOTZA", "CLAVE LOC": 130300096, "TIPO DE ASENTAMIENTO": "COMUNIDAD INDIGENA", "NOMBRE": "EX-HACIENDA DE OCOTZA", "MONTO ASIGNADO (PESOS)": 553493, "LATITUD": 20.424239, "LONGITUD": -99.095979 }, "geometry": { "type": "Point", "coordinates": [ -99.095979, 20.424239 ] } },
{ "type": "Feature", "properties": { "NO": 659, "ENTIDAD": "HIDALGO", "MUNICIPIO": "Ixmiquilpan", "PUEBLO INDIGENA O AFROMEXICANO": "OTOMÍ", "LOCALIDAD": "EX-HACIENDA DEBODHE", "CLAVE LOC": 130300100, "TIPO DE ASENTAMIENTO": "COMUNIDAD INDIGENA", "NOMBRE": "EX-HACIENDA DEBODHE", "MONTO ASIGNADO (PESOS)": 412029, "LATITUD": 20.528309, "LONGITUD": -99.124652 }, "geometry": { "type": "Point", "coordinates": [ -99.124652, 20.528309 ] } },
{ "type": "Feature", "properties": { "NO": 660, "ENTIDAD": "HIDALGO", "MUNICIPIO": "Ixmiquilpan", "PUEBLO INDIGENA O AFROMEXICANO": "OTOMÍ", "LOCALIDAD": "FELIPE ÁNGELES JULIÁN VILLAGRÁN", "CLAVE LOC": 130300152, "TIPO DE ASENTAMIENTO": "COMUNIDAD INDIGENA", "NOMBRE": "FELIPE ÁNGELES JULIÁN VILLAGRÁN", "MONTO ASIGNADO (PESOS)": 343317, "LATITUD": 20.390731, "LONGITUD": -99.111562 }, "geometry": { "type": "Point", "coordinates": [ -99.111562, 20.390731 ] } },
{ "type": "Feature", "properties": { "NO": 661, "ENTIDAD": "HIDALGO", "MUNICIPIO": "Ixmiquilpan", "PUEBLO INDIGENA O AFROMEXICANO": "OTOMÍ", "LOCALIDAD": "GENERAL FELIPE ÁNGELES [COLONIA]", "CLAVE LOC": 130300097, "TIPO DE ASENTAMIENTO": "COMUNIDAD INDIGENA", "NOMBRE": "GENERAL FELIPE ÁNGELES [COLONIA]", "MONTO ASIGNADO (PESOS)": 1067616, "LATITUD": 20.497919, "LONGITUD": -99.194807 }, "geometry": { "type": "Point", "coordinates": [ -99.194807, 20.497919 ] } },
{ "type": "Feature", "properties": { "NO": 662, "ENTIDAD": "HIDALGO", "MUNICIPIO": "Ixmiquilpan", "PUEBLO INDIGENA O AFROMEXICANO": "OTOMÍ", "LOCALIDAD": "GRANADITAS", "CLAVE LOC": 130300021, "TIPO DE ASENTAMIENTO": "COMUNIDAD INDIGENA", "NOMBRE": "GRANADITAS", "MONTO ASIGNADO (PESOS)": 304516, "LATITUD": 20.559191, "LONGITUD": -99.207955 }, "geometry": { "type": "Point", "coordinates": [ -99.207955, 20.559191 ] } },
{ "type": "Feature", "properties": { "NO": 663, "ENTIDAD": "HIDALGO", "MUNICIPIO": "Ixmiquilpan", "PUEBLO INDIGENA O AFROMEXICANO": "OTOMÍ", "LOCALIDAD": "GUNDHO", "CLAVE LOC": 130300022, "TIPO DE ASENTAMIENTO": "COMUNIDAD INDIGENA", "NOMBRE": "GUNDHO", "MONTO ASIGNADO (PESOS)": 193769, "LATITUD": 20.688966, "LONGITUD": -99.19487 }, "geometry": { "type": "Point", "coordinates": [ -99.19487, 20.688966 ] } },
{ "type": "Feature", "properties": { "NO": 664, "ENTIDAD": "HIDALGO", "MUNICIPIO": "Ixmiquilpan", "PUEBLO INDIGENA O AFROMEXICANO": "OTOMÍ", "LOCALIDAD": "HUACRI DE LA PAZ", "CLAVE LOC": 130300131, "TIPO DE ASENTAMIENTO": "COMUNIDAD INDIGENA", "NOMBRE": "HUACRI DE LA PAZ", "MONTO ASIGNADO (PESOS)": 141225, "LATITUD": 20.680939, "LONGITUD": -99.195545 }, "geometry": { "type": "Point", "coordinates": [ -99.195545, 20.680939 ] } },
{ "type": "Feature", "properties": { "NO": 665, "ENTIDAD": "HIDALGO", "MUNICIPIO": "Ixmiquilpan", "PUEBLO INDIGENA O AFROMEXICANO": "OTOMÍ", "LOCALIDAD": "IGNACIO LÓPEZ RAYÓN", "CLAVE LOC": 130300025, "TIPO DE ASENTAMIENTO": "COMUNIDAD INDIGENA", "NOMBRE": "IGNACIO LÓPEZ RAYÓN", "MONTO ASIGNADO (PESOS)": 421729, "LATITUD": 20.485461, "LONGITUD": -99.269842 }, "geometry": { "type": "Point", "coordinates": [ -99.269842, 20.485461 ] } },
{ "type": "Feature", "properties": { "NO": 666, "ENTIDAD": "HIDALGO", "MUNICIPIO": "Ixmiquilpan", "PUEBLO INDIGENA O AFROMEXICANO": "OTOMÍ", "LOCALIDAD": "IXMIQUILPAN", "CLAVE LOC": 130300001, "TIPO DE ASENTAMIENTO": "COMUNIDAD INDIGENA", "NOMBRE": "IXMIQUILPAN", "MONTO ASIGNADO (PESOS)": 9486774, "LATITUD": 20.484867, "LONGITUD": -99.218773 }, "geometry": { "type": "Point", "coordinates": [ -99.218773, 20.484867 ] } },
{ "type": "Feature", "properties": { "NO": 667, "ENTIDAD": "HIDALGO", "MUNICIPIO": "Ixmiquilpan", "PUEBLO INDIGENA O AFROMEXICANO": "OTOMÍ", "LOCALIDAD": "JAHUEY CAPULA", "CLAVE LOC": 130300055, "TIPO DE ASENTAMIENTO": "COMUNIDAD INDIGENA", "NOMBRE": "JAHUEY CAPULA", "MONTO ASIGNADO (PESOS)": 618163, "LATITUD": 20.498937, "LONGITUD": -99.147742 }, "geometry": { "type": "Point", "coordinates": [ -99.147742, 20.498937 ] } },
{ "type": "Feature", "properties": { "NO": 668, "ENTIDAD": "HIDALGO", "MUNICIPIO": "Ixmiquilpan", "PUEBLO INDIGENA O AFROMEXICANO": "OTOMÍ", "LOCALIDAD": "JULIÁN VILLAGRÁN", "CLAVE LOC": 130300026, "TIPO DE ASENTAMIENTO": "COMUNIDAD INDIGENA", "NOMBRE": "JULIÁN VILLAGRÁN", "MONTO ASIGNADO (PESOS)": 973845, "LATITUD": 20.396912, "LONGITUD": -99.101739 }, "geometry": { "type": "Point", "coordinates": [ -99.101739, 20.396912 ] } },
{ "type": "Feature", "properties": { "NO": 669, "ENTIDAD": "HIDALGO", "MUNICIPIO": "Ixmiquilpan", "PUEBLO INDIGENA O AFROMEXICANO": "OTOMÍ", "LOCALIDAD": "LA ESTACIÓN", "CLAVE LOC": 130300019, "TIPO DE ASENTAMIENTO": "COMUNIDAD INDIGENA", "NOMBRE": "LA ESTACIÓN", "MONTO ASIGNADO (PESOS)": 684449, "LATITUD": 20.494821, "LONGITUD": -99.167853 }, "geometry": { "type": "Point", "coordinates": [ -99.167853, 20.494821 ] } },
{ "type": "Feature", "properties": { "NO": 670, "ENTIDAD": "HIDALGO", "MUNICIPIO": "Ixmiquilpan", "PUEBLO INDIGENA O AFROMEXICANO": "OTOMÍ", "LOCALIDAD": "LA HEREDAD", "CLAVE LOC": 130300023, "TIPO DE ASENTAMIENTO": "COMUNIDAD INDIGENA", "NOMBRE": "LA HEREDAD", "MONTO ASIGNADO (PESOS)": 806512, "LATITUD": 20.51366, "LONGITUD": -99.231438 }, "geometry": { "type": "Point", "coordinates": [ -99.231438, 20.51366 ] } },
{ "type": "Feature", "properties": { "NO": 671, "ENTIDAD": "HIDALGO", "MUNICIPIO": "Ixmiquilpan", "PUEBLO INDIGENA O AFROMEXICANO": "OTOMÍ", "LOCALIDAD": "LA HUERTA CAPULA", "CLAVE LOC": 130300113, "TIPO DE ASENTAMIENTO": "COMUNIDAD INDIGENA", "NOMBRE": "LA HUERTA CAPULA", "MONTO ASIGNADO (PESOS)": 441938, "LATITUD": 20.498157, "LONGITUD": -99.117919 }, "geometry": { "type": "Point", "coordinates": [ -99.117919, 20.498157 ] } },
{ "type": "Feature", "properties": { "NO": 672, "ENTIDAD": "HIDALGO", "MUNICIPIO": "Ixmiquilpan", "PUEBLO INDIGENA O AFROMEXICANO": "OTOMÍ", "LOCALIDAD": "LA JOYA [COLONIA]", "CLAVE LOC": 130300153, "TIPO DE ASENTAMIENTO": "COMUNIDAD INDIGENA", "NOMBRE": "LA JOYA [COLONIA]", "MONTO ASIGNADO (PESOS)": 306132, "LATITUD": 20.492447, "LONGITUD": -99.182719 }, "geometry": { "type": "Point", "coordinates": [ -99.182719, 20.492447 ] } },
{ "type": "Feature", "properties": { "NO": 673, "ENTIDAD": "HIDALGO", "MUNICIPIO": "Ixmiquilpan", "PUEBLO INDIGENA O AFROMEXICANO": "OTOMÍ", "LOCALIDAD": "LA LAGUNITA", "CLAVE LOC": 130300027, "TIPO DE ASENTAMIENTO": "COMUNIDAD INDIGENA", "NOMBRE": "LA LAGUNITA", "MONTO ASIGNADO (PESOS)": 496907, "LATITUD": 20.665339, "LONGITUD": -99.240183 }, "geometry": { "type": "Point", "coordinates": [ -99.240183, 20.665339 ] } },
{ "type": "Feature", "properties": { "NO": 674, "ENTIDAD": "HIDALGO", "MUNICIPIO": "Ixmiquilpan", "PUEBLO INDIGENA O AFROMEXICANO": "OTOMÍ", "LOCALIDAD": "LA LOMA", "CLAVE LOC": 130300114, "TIPO DE ASENTAMIENTO": "LOCALIDAD CON POBLACION INDIGENA", "NOMBRE": "LA LOMA", "MONTO ASIGNADO (PESOS)": 150926, "LATITUD": 20.500798, "LONGITUD": -99.133305 }, "geometry": { "type": "Point", "coordinates": [ -99.133305, 20.500798 ] } },
{ "type": "Feature", "properties": { "NO": 675, "ENTIDAD": "HIDALGO", "MUNICIPIO": "Ixmiquilpan", "PUEBLO INDIGENA O AFROMEXICANO": "OTOMÍ", "LOCALIDAD": "LA LOMA DE LA CRUZ", "CLAVE LOC": 130300069, "TIPO DE ASENTAMIENTO": "COMUNIDAD INDIGENA", "NOMBRE": "LA LOMA DE LA CRUZ", "MONTO ASIGNADO (PESOS)": 496099, "LATITUD": 20.481356, "LONGITUD": -99.178895 }, "geometry": { "type": "Point", "coordinates": [ -99.178895, 20.481356 ] } },
{ "type": "Feature", "properties": { "NO": 676, "ENTIDAD": "HIDALGO", "MUNICIPIO": "Ixmiquilpan", "PUEBLO INDIGENA O AFROMEXICANO": "OTOMÍ", "LOCALIDAD": "LA LOMA JULIÁN VILLAGRÁN", "CLAVE LOC": 130300103, "TIPO DE ASENTAMIENTO": "COMUNIDAD INDIGENA", "NOMBRE": "LA LOMA JULIÁN VILLAGRÁN", "MONTO ASIGNADO (PESOS)": 1238181, "LATITUD": 20.408368, "LONGITUD": -99.103832 }, "geometry": { "type": "Point", "coordinates": [ -99.103832, 20.408368 ] } },
{ "type": "Feature", "properties": { "NO": 677, "ENTIDAD": "HIDALGO", "MUNICIPIO": "Ixmiquilpan", "PUEBLO INDIGENA O AFROMEXICANO": "OTOMÍ", "LOCALIDAD": "LA LOMA LÓPEZ RAYÓN", "CLAVE LOC": 130300104, "TIPO DE ASENTAMIENTO": "COMUNIDAD INDIGENA", "NOMBRE": "LA LOMA LÓPEZ RAYÓN", "MONTO ASIGNADO (PESOS)": 414454, "LATITUD": 20.494391, "LONGITUD": -99.25651 }, "geometry": { "type": "Point", "coordinates": [ -99.25651, 20.494391 ] } },
{ "type": "Feature", "properties": { "NO": 678, "ENTIDAD": "HIDALGO", "MUNICIPIO": "Ixmiquilpan", "PUEBLO INDIGENA O AFROMEXICANO": "OTOMÍ", "LOCALIDAD": "LA LOMA PUEBLO NUEVO", "CLAVE LOC": 130300102, "TIPO DE ASENTAMIENTO": "COMUNIDAD INDIGENA", "NOMBRE": "LA LOMA PUEBLO NUEVO", "MONTO ASIGNADO (PESOS)": 407987, "LATITUD": 20.467622, "LONGITUD": -99.155301 }, "geometry": { "type": "Point", "coordinates": [ -99.155301, 20.467622 ] } },
{ "type": "Feature", "properties": { "NO": 679, "ENTIDAD": "HIDALGO", "MUNICIPIO": "Ixmiquilpan", "PUEBLO INDIGENA O AFROMEXICANO": "OTOMÍ", "LOCALIDAD": "LA MESA LÓPEZ RAYÓN", "CLAVE LOC": 130300148, "TIPO DE ASENTAMIENTO": "COMUNIDAD INDIGENA", "NOMBRE": "LA MESA LÓPEZ RAYÓN", "MONTO ASIGNADO (PESOS)": 160626, "LATITUD": 20.48747, "LONGITUD": -99.259215 }, "geometry": { "type": "Point", "coordinates": [ -99.259215, 20.48747 ] } },
{ "type": "Feature", "properties": { "NO": 680, "ENTIDAD": "HIDALGO", "MUNICIPIO": "Ixmiquilpan", "PUEBLO INDIGENA O AFROMEXICANO": "OTOMÍ", "LOCALIDAD": "LA PALMA", "CLAVE LOC": 130300061, "TIPO DE ASENTAMIENTO": "COMUNIDAD INDIGENA", "NOMBRE": "LA PALMA", "MONTO ASIGNADO (PESOS)": 327958, "LATITUD": 20.559546, "LONGITUD": -99.230134 }, "geometry": { "type": "Point", "coordinates": [ -99.230134, 20.559546 ] } },
{ "type": "Feature", "properties": { "NO": 681, "ENTIDAD": "HIDALGO", "MUNICIPIO": "Ixmiquilpan", "PUEBLO INDIGENA O AFROMEXICANO": "OTOMÍ", "LOCALIDAD": "LA PALMA", "CLAVE LOC": 130300107, "TIPO DE ASENTAMIENTO": "COMUNIDAD INDIGENA", "NOMBRE": "LA PALMA", "MONTO ASIGNADO (PESOS)": 152542, "LATITUD": 20.641207, "LONGITUD": -99.254189 }, "geometry": { "type": "Point", "coordinates": [ -99.254189, 20.641207 ] } },
{ "type": "Feature", "properties": { "NO": 682, "ENTIDAD": "HIDALGO", "MUNICIPIO": "Ixmiquilpan", "PUEBLO INDIGENA O AFROMEXICANO": "OTOMÍ", "LOCALIDAD": "LA PECHUGA", "CLAVE LOC": 130300036, "TIPO DE ASENTAMIENTO": "COMUNIDAD INDIGENA", "NOMBRE": "LA PECHUGA", "MONTO ASIGNADO (PESOS)": 264906, "LATITUD": 20.687693, "LONGITUD": -99.250747 }, "geometry": { "type": "Point", "coordinates": [ -99.250747, 20.687693 ] } },
{ "type": "Feature", "properties": { "NO": 683, "ENTIDAD": "HIDALGO", "MUNICIPIO": "Ixmiquilpan", "PUEBLO INDIGENA O AFROMEXICANO": "OTOMÍ", "LOCALIDAD": "LA PRESA", "CLAVE LOC": 130300120, "TIPO DE ASENTAMIENTO": "LOCALIDAD CON POBLACION INDIGENA", "NOMBRE": "LA PRESA", "MONTO ASIGNADO (PESOS)": 161434, "LATITUD": 20.511923, "LONGITUD": -99.140486 }, "geometry": { "type": "Point", "coordinates": [ -99.140486, 20.511923 ] } },
{ "type": "Feature", "properties": { "NO": 684, "ENTIDAD": "HIDALGO", "MUNICIPIO": "Ixmiquilpan", "PUEBLO INDIGENA O AFROMEXICANO": "OTOMÍ", "LOCALIDAD": "LAS EMES", "CLAVE LOC": 130300111, "TIPO DE ASENTAMIENTO": "COMUNIDAD INDIGENA", "NOMBRE": "LAS EMES", "MONTO ASIGNADO (PESOS)": 108082, "LATITUD": 20.635973, "LONGITUD": -99.224359 }, "geometry": { "type": "Point", "coordinates": [ -99.224359, 20.635973 ] } },
{ "type": "Feature", "properties": { "NO": 685, "ENTIDAD": "HIDALGO", "MUNICIPIO": "Ixmiquilpan", "PUEBLO INDIGENA O AFROMEXICANO": "OTOMÍ", "LOCALIDAD": "LÁZARO CÁRDENAS (EL INTERNADO) [COLONIA]", "CLAVE LOC": 130300101, "TIPO DE ASENTAMIENTO": "COMUNIDAD INDIGENA", "NOMBRE": "LÁZARO CÁRDENAS (EL INTERNADO) [COLONIA]", "MONTO ASIGNADO (PESOS)": 542984, "LATITUD": 20.532706, "LONGITUD": -99.214083 }, "geometry": { "type": "Point", "coordinates": [ -99.214083, 20.532706 ] } },
{ "type": "Feature", "properties": { "NO": 686, "ENTIDAD": "HIDALGO", "MUNICIPIO": "Ixmiquilpan", "PUEBLO INDIGENA O AFROMEXICANO": "OTOMÍ", "LOCALIDAD": "LOMA DE SAN PEDRO DE REMEDIOS (LA LOMA)", "CLAVE LOC": 130300136, "TIPO DE ASENTAMIENTO": "COMUNIDAD INDIGENA", "NOMBRE": "LOMA DE SAN PEDRO DE REMEDIOS (LA LOMA)", "MONTO ASIGNADO (PESOS)": 219637, "LATITUD": 20.515834, "LONGITUD": -99.203546 }, "geometry": { "type": "Point", "coordinates": [ -99.203546, 20.515834 ] } },
{ "type": "Feature", "properties": { "NO": 687, "ENTIDAD": "HIDALGO", "MUNICIPIO": "Ixmiquilpan", "PUEBLO INDIGENA O AFROMEXICANO": "OTOMÍ", "LOCALIDAD": "LÓPEZ FLORES", "CLAVE LOC": 130300105, "TIPO DE ASENTAMIENTO": "COMUNIDAD INDIGENA", "NOMBRE": "LÓPEZ FLORES", "MONTO ASIGNADO (PESOS)": 219637, "LATITUD": 20.544607, "LONGITUD": -99.149405 }, "geometry": { "type": "Point", "coordinates": [ -99.149405, 20.544607 ] } },
{ "type": "Feature", "properties": { "NO": 688, "ENTIDAD": "HIDALGO", "MUNICIPIO": "Ixmiquilpan", "PUEBLO INDIGENA O AFROMEXICANO": "OTOMÍ", "LOCALIDAD": "BARRIO LOS MARTÍNEZ", "CLAVE LOC": 130300147, "TIPO DE ASENTAMIENTO": "COMUNIDAD INDIGENA", "NOMBRE": "BARRIO LOS MARTÍNEZ", "MONTO ASIGNADO (PESOS)": 131525, "LATITUD": 20.546401, "LONGITUD": -99.225202 }, "geometry": { "type": "Point", "coordinates": [ -99.225202, 20.546401 ] } },
{ "type": "Feature", "properties": { "NO": 689, "ENTIDAD": "HIDALGO", "MUNICIPIO": "Ixmiquilpan", "PUEBLO INDIGENA O AFROMEXICANO": "OTOMÍ", "LOCALIDAD": "LOS PINOS", "CLAVE LOC": 130300119, "TIPO DE ASENTAMIENTO": "COMUNIDAD INDIGENA", "NOMBRE": "LOS PINOS", "MONTO ASIGNADO (PESOS)": 311791, "LATITUD": 20.523537, "LONGITUD": -99.190024 }, "geometry": { "type": "Point", "coordinates": [ -99.190024, 20.523537 ] } },
{ "type": "Feature", "properties": { "NO": 690, "ENTIDAD": "HIDALGO", "MUNICIPIO": "Ixmiquilpan", "PUEBLO INDIGENA O AFROMEXICANO": "OTOMÍ", "LOCALIDAD": "LOS REMEDIOS", "CLAVE LOC": 130300041, "TIPO DE ASENTAMIENTO": "COMUNIDAD INDIGENA", "NOMBRE": "LOS REMEDIOS", "MONTO ASIGNADO (PESOS)": 729717, "LATITUD": 20.539587, "LONGITUD": -99.20406 }, "geometry": { "type": "Point", "coordinates": [ -99.20406, 20.539587 ] } },
{ "type": "Feature", "properties": { "NO": 691, "ENTIDAD": "HIDALGO", "MUNICIPIO": "Ixmiquilpan", "PUEBLO INDIGENA O AFROMEXICANO": "OTOMÍ", "LOCALIDAD": "MAGUEY BLANCO", "CLAVE LOC": 130300028, "TIPO DE ASENTAMIENTO": "COMUNIDAD INDIGENA", "NOMBRE": "MAGUEY BLANCO", "MONTO ASIGNADO (PESOS)": 1955204, "LATITUD": 20.420172, "LONGITUD": -99.166403 }, "geometry": { "type": "Point", "coordinates": [ -99.166403, 20.420172 ] } },
{ "type": "Feature", "properties": { "NO": 692, "ENTIDAD": "HIDALGO", "MUNICIPIO": "Ixmiquilpan", "PUEBLO INDIGENA O AFROMEXICANO": "OTOMÍ", "LOCALIDAD": "NAXTHÉY", "CLAVE LOC": 130300058, "TIPO DE ASENTAMIENTO": "COMUNIDAD INDIGENA", "NOMBRE": "NAXTHÉY", "MONTO ASIGNADO (PESOS)": 163051, "LATITUD": 20.604158, "LONGITUD": -99.237659 }, "geometry": { "type": "Point", "coordinates": [ -99.237659, 20.604158 ] } },
{ "type": "Feature", "properties": { "NO": 693, "ENTIDAD": "HIDALGO", "MUNICIPIO": "Ixmiquilpan", "PUEBLO INDIGENA O AFROMEXICANO": "OTOMÍ", "LOCALIDAD": "NEQUETEJE", "CLAVE LOC": 130300031, "TIPO DE ASENTAMIENTO": "COMUNIDAD INDIGENA", "NOMBRE": "NEQUETEJE", "MONTO ASIGNADO (PESOS)": 540559, "LATITUD": 20.557012, "LONGITUD": -99.162501 }, "geometry": { "type": "Point", "coordinates": [ -99.162501, 20.557012 ] } },
{ "type": "Feature", "properties": { "NO": 694, "ENTIDAD": "HIDALGO", "MUNICIPIO": "Ixmiquilpan", "PUEBLO INDIGENA O AFROMEXICANO": "OTOMÍ", "LOCALIDAD": "OJUELOS", "CLAVE LOC": 130300059, "TIPO DE ASENTAMIENTO": "LOCALIDAD CON POBLACION INDIGENA", "NOMBRE": "OJUELOS", "MONTO ASIGNADO (PESOS)": 106465, "LATITUD": 20.689994, "LONGITUD": -99.269116 }, "geometry": { "type": "Point", "coordinates": [ -99.269116, 20.689994 ] } },
{ "type": "Feature", "properties": { "NO": 695, "ENTIDAD": "HIDALGO", "MUNICIPIO": "Ixmiquilpan", "PUEBLO INDIGENA O AFROMEXICANO": "OTOMÍ", "LOCALIDAD": "ORIZABITA", "CLAVE LOC": 130300034, "TIPO DE ASENTAMIENTO": "COMUNIDAD INDIGENA", "NOMBRE": "ORIZABITA", "MONTO ASIGNADO (PESOS)": 1078933, "LATITUD": 20.583114, "LONGITUD": -99.208769 }, "geometry": { "type": "Point", "coordinates": [ -99.208769, 20.583114 ] } },
{ "type": "Feature", "properties": { "NO": 696, "ENTIDAD": "HIDALGO", "MUNICIPIO": "Ixmiquilpan", "PUEBLO INDIGENA O AFROMEXICANO": "OTOMÍ", "LOCALIDAD": "PANALES", "CLAVE LOC": 130300035, "TIPO DE ASENTAMIENTO": "COMUNIDAD INDIGENA", "NOMBRE": "PANALES", "MONTO ASIGNADO (PESOS)": 2111219, "LATITUD": 20.468992, "LONGITUD": -99.267705 }, "geometry": { "type": "Point", "coordinates": [ -99.267705, 20.468992 ] } },
{ "type": "Feature", "properties": { "NO": 697, "ENTIDAD": "HIDALGO", "MUNICIPIO": "Ixmiquilpan", "PUEBLO INDIGENA O AFROMEXICANO": "OTOMÍ", "LOCALIDAD": "POZO EL MIRADOR", "CLAVE LOC": 130300123, "TIPO DE ASENTAMIENTO": "COMUNIDAD INDIGENA", "NOMBRE": "POZO EL MIRADOR", "MONTO ASIGNADO (PESOS)": 302091, "LATITUD": 20.535164, "LONGITUD": -99.191715 }, "geometry": { "type": "Point", "coordinates": [ -99.191715, 20.535164 ] } },
{ "type": "Feature", "properties": { "NO": 698, "ENTIDAD": "HIDALGO", "MUNICIPIO": "Ixmiquilpan", "PUEBLO INDIGENA O AFROMEXICANO": "OTOMÍ", "LOCALIDAD": "PUEBLO NUEVO", "CLAVE LOC": 130300038, "TIPO DE ASENTAMIENTO": "COMUNIDAD INDIGENA", "NOMBRE": "PUEBLO NUEVO", "MONTO ASIGNADO (PESOS)": 1345694, "LATITUD": 20.458667, "LONGITUD": -99.160073 }, "geometry": { "type": "Point", "coordinates": [ -99.160073, 20.458667 ] } },
{ "type": "Feature", "properties": { "NO": 699, "ENTIDAD": "HIDALGO", "MUNICIPIO": "Ixmiquilpan", "PUEBLO INDIGENA O AFROMEXICANO": "OTOMÍ", "LOCALIDAD": "PUERTO BANGANDHÓ", "CLAVE LOC": 130300144, "TIPO DE ASENTAMIENTO": "COMUNIDAD INDIGENA", "NOMBRE": "PUERTO BANGANDHÓ", "MONTO ASIGNADO (PESOS)": 500949, "LATITUD": 20.470154, "LONGITUD": -99.137924 }, "geometry": { "type": "Point", "coordinates": [ -99.137924, 20.470154 ] } },
{ "type": "Feature", "properties": { "NO": 700, "ENTIDAD": "HIDALGO", "MUNICIPIO": "Ixmiquilpan", "PUEBLO INDIGENA O AFROMEXICANO": "OTOMÍ", "LOCALIDAD": "QUIXPEDHE", "CLAVE LOC": 130300063, "TIPO DE ASENTAMIENTO": "COMUNIDAD INDIGENA", "NOMBRE": "QUIXPEDHE", "MONTO ASIGNADO (PESOS)": 382119, "LATITUD": 20.565438, "LONGITUD": -99.151215 }, "geometry": { "type": "Point", "coordinates": [ -99.151215, 20.565438 ] } },
{ "type": "Feature", "properties": { "NO": 701, "ENTIDAD": "HIDALGO", "MUNICIPIO": "Ixmiquilpan", "PUEBLO INDIGENA O AFROMEXICANO": "OTOMÍ", "LOCALIDAD": "SAMAYOA [COLONIA]", "CLAVE LOC": 130300065, "TIPO DE ASENTAMIENTO": "COMUNIDAD INDIGENA", "NOMBRE": "SAMAYOA [COLONIA]", "MONTO ASIGNADO (PESOS)": 149309, "LATITUD": 20.52746, "LONGITUD": -99.209821 }, "geometry": { "type": "Point", "coordinates": [ -99.209821, 20.52746 ] } },
{ "type": "Feature", "properties": { "NO": 702, "ENTIDAD": "HIDALGO", "MUNICIPIO": "Ixmiquilpan", "PUEBLO INDIGENA O AFROMEXICANO": "OTOMÍ", "LOCALIDAD": "SAN ANDRÉS ORIZABITA", "CLAVE LOC": 130300042, "TIPO DE ASENTAMIENTO": "COMUNIDAD INDIGENA", "NOMBRE": "SAN ANDRÉS ORIZABITA", "MONTO ASIGNADO (PESOS)": 555110, "LATITUD": 20.576326, "LONGITUD": -99.183312 }, "geometry": { "type": "Point", "coordinates": [ -99.183312, 20.576326 ] } },
{ "type": "Feature", "properties": { "NO": 703, "ENTIDAD": "HIDALGO", "MUNICIPIO": "Ixmiquilpan", "PUEBLO INDIGENA O AFROMEXICANO": "OTOMÍ", "LOCALIDAD": "SAN JUANICO", "CLAVE LOC": 130300043, "TIPO DE ASENTAMIENTO": "COMUNIDAD INDIGENA", "NOMBRE": "SAN JUANICO", "MONTO ASIGNADO (PESOS)": 767711, "LATITUD": 20.534966, "LONGITUD": -99.24288 }, "geometry": { "type": "Point", "coordinates": [ -99.24288, 20.534966 ] } },
{ "type": "Feature", "properties": { "NO": 704, "ENTIDAD": "HIDALGO", "MUNICIPIO": "Ixmiquilpan", "PUEBLO INDIGENA O AFROMEXICANO": "OTOMÍ", "LOCALIDAD": "SAN PEDRO CAPULA", "CLAVE LOC": 130300062, "TIPO DE ASENTAMIENTO": "COMUNIDAD INDIGENA", "NOMBRE": "SAN PEDRO CAPULA", "MONTO ASIGNADO (PESOS)": 526009, "LATITUD": 20.513106, "LONGITUD": -99.156243 }, "geometry": { "type": "Point", "coordinates": [ -99.156243, 20.513106 ] } },
{ "type": "Feature", "properties": { "NO": 705, "ENTIDAD": "HIDALGO", "MUNICIPIO": "Ixmiquilpan", "PUEBLO INDIGENA O AFROMEXICANO": "OTOMÍ", "LOCALIDAD": "SANTA ANA (BARRIO DE PROGRESO)", "CLAVE LOC": 130300137, "TIPO DE ASENTAMIENTO": "COMUNIDAD INDIGENA", "NOMBRE": "SANTA ANA (BARRIO DE PROGRESO)", "MONTO ASIGNADO (PESOS)": 187302, "LATITUD": 20.488118, "LONGITUD": -99.237435 }, "geometry": { "type": "Point", "coordinates": [ -99.237435, 20.488118 ] } },
{ "type": "Feature", "properties": { "NO": 706, "ENTIDAD": "HIDALGO", "MUNICIPIO": "Ixmiquilpan", "PUEBLO INDIGENA O AFROMEXICANO": "OTOMÍ", "LOCALIDAD": "TAXADHO", "CLAVE LOC": 130300047, "TIPO DE ASENTAMIENTO": "COMUNIDAD INDIGENA", "NOMBRE": "TAXADHO", "MONTO ASIGNADO (PESOS)": 1409555, "LATITUD": 20.433936, "LONGITUD": -99.149519 }, "geometry": { "type": "Point", "coordinates": [ -99.149519, 20.433936 ] } },
{ "type": "Feature", "properties": { "NO": 707, "ENTIDAD": "HIDALGO", "MUNICIPIO": "Ixmiquilpan", "PUEBLO INDIGENA O AFROMEXICANO": "OTOMÍ", "LOCALIDAD": "TAXTHÓ", "CLAVE LOC": 130300108, "TIPO DE ASENTAMIENTO": "COMUNIDAD INDIGENA", "NOMBRE": "TAXTHÓ", "MONTO ASIGNADO (PESOS)": 254397, "LATITUD": 20.617063, "LONGITUD": -99.205181 }, "geometry": { "type": "Point", "coordinates": [ -99.205181, 20.617063 ] } },
{ "type": "Feature", "properties": { "NO": 708, "ENTIDAD": "HIDALGO", "MUNICIPIO": "Ixmiquilpan", "PUEBLO INDIGENA O AFROMEXICANO": "OTOMÍ", "LOCALIDAD": "VÁZQUEZ", "CLAVE LOC": 130300122, "TIPO DE ASENTAMIENTO": "COMUNIDAD INDIGENA", "NOMBRE": "VÁZQUEZ", "MONTO ASIGNADO (PESOS)": 369993, "LATITUD": 20.534072, "LONGITUD": -99.168416 }, "geometry": { "type": "Point", "coordinates": [ -99.168416, 20.534072 ] } },
{ "type": "Feature", "properties": { "NO": 709, "ENTIDAD": "HIDALGO", "MUNICIPIO": "Ixmiquilpan", "PUEBLO INDIGENA O AFROMEXICANO": "OTOMÍ", "LOCALIDAD": "VILLA DE LA PAZ", "CLAVE LOC": 130300132, "TIPO DE ASENTAMIENTO": "COMUNIDAD INDIGENA", "NOMBRE": "VILLA DE LA PAZ", "MONTO ASIGNADO (PESOS)": 380502, "LATITUD": 20.592259, "LONGITUD": -99.202846 }, "geometry": { "type": "Point", "coordinates": [ -99.202846, 20.592259 ] } },
{ "type": "Feature", "properties": { "NO": 710, "ENTIDAD": "HIDALGO", "MUNICIPIO": "Ixmiquilpan", "PUEBLO INDIGENA O AFROMEXICANO": "OTOMÍ", "LOCALIDAD": "XAXNY", "CLAVE LOC": 130300109, "TIPO DE ASENTAMIENTO": "LOCALIDAD CON POBLACION INDIGENA", "NOMBRE": "XAXNY", "MONTO ASIGNADO (PESOS)": 103232, "LATITUD": 20.612376, "LONGITUD": -99.237467 }, "geometry": { "type": "Point", "coordinates": [ -99.237467, 20.612376 ] } },
{ "type": "Feature", "properties": { "NO": 711, "ENTIDAD": "HIDALGO", "MUNICIPIO": "Jaltocán", "PUEBLO INDIGENA O AFROMEXICANO": "NAHUA", "LOCALIDAD": "AGUACATITLA", "CLAVE LOC": 130320037, "TIPO DE ASENTAMIENTO": "COMUNIDAD INDIGENA", "NOMBRE": "AGUACATITLA", "MONTO ASIGNADO (PESOS)": 181371, "LATITUD": 21.13794, "LONGITUD": -98.531517 }, "geometry": { "type": "Point", "coordinates": [ -98.531517, 21.13794 ] } },
{ "type": "Feature", "properties": { "NO": 712, "ENTIDAD": "HIDALGO", "MUNICIPIO": "Jaltocán", "PUEBLO INDIGENA O AFROMEXICANO": "NAHUA", "LOCALIDAD": "AHUAYO", "CLAVE LOC": 130320014, "TIPO DE ASENTAMIENTO": "COMUNIDAD INDIGENA", "NOMBRE": "AHUAYO", "MONTO ASIGNADO (PESOS)": 179219, "LATITUD": 21.17582, "LONGITUD": -98.533083 }, "geometry": { "type": "Point", "coordinates": [ -98.533083, 21.17582 ] } },
{ "type": "Feature", "properties": { "NO": 713, "ENTIDAD": "HIDALGO", "MUNICIPIO": "Jaltocán", "PUEBLO INDIGENA O AFROMEXICANO": "NAHUA", "LOCALIDAD": "AMÁXAC I", "CLAVE LOC": 130320002, "TIPO DE ASENTAMIENTO": "COMUNIDAD INDIGENA", "NOMBRE": "AMÁXAC I", "MONTO ASIGNADO (PESOS)": 422571, "LATITUD": 21.136194, "LONGITUD": -98.506615 }, "geometry": { "type": "Point", "coordinates": [ -98.506615, 21.136194 ] } },
{ "type": "Feature", "properties": { "NO": 714, "ENTIDAD": "HIDALGO", "MUNICIPIO": "Jaltocán", "PUEBLO INDIGENA O AFROMEXICANO": "NAHUA", "LOCALIDAD": "AMÁXAC II", "CLAVE LOC": 130320020, "TIPO DE ASENTAMIENTO": "COMUNIDAD INDIGENA", "NOMBRE": "AMÁXAC II", "MONTO ASIGNADO (PESOS)": 217212, "LATITUD": 21.134474, "LONGITUD": -98.50755 }, "geometry": { "type": "Point", "coordinates": [ -98.50755, 21.134474 ] } },
{ "type": "Feature", "properties": { "NO": 715, "ENTIDAD": "HIDALGO", "MUNICIPIO": "Jaltocán", "PUEBLO INDIGENA O AFROMEXICANO": "NAHUA", "LOCALIDAD": "ANACLETO RAMOS", "CLAVE LOC": 130320025, "TIPO DE ASENTAMIENTO": "COMUNIDAD INDIGENA", "NOMBRE": "ANACLETO RAMOS", "MONTO ASIGNADO (PESOS)": 186494, "LATITUD": 21.172362, "LONGITUD": -98.522304 }, "geometry": { "type": "Point", "coordinates": [ -98.522304, 21.172362 ] } },
{ "type": "Feature", "properties": { "NO": 716, "ENTIDAD": "HIDALGO", "MUNICIPIO": "Jaltocán", "PUEBLO INDIGENA O AFROMEXICANO": "NAHUA", "LOCALIDAD": "CHICONCOAC", "CLAVE LOC": 130320023, "TIPO DE ASENTAMIENTO": "COMUNIDAD INDIGENA", "NOMBRE": "CHICONCOAC", "MONTO ASIGNADO (PESOS)": 162243, "LATITUD": 21.139522, "LONGITUD": -98.530397 }, "geometry": { "type": "Point", "coordinates": [ -98.530397, 21.139522 ] } },
{ "type": "Feature", "properties": { "NO": 717, "ENTIDAD": "HIDALGO", "MUNICIPIO": "Jaltocán", "PUEBLO INDIGENA O AFROMEXICANO": "NAHUA", "LOCALIDAD": "CUATECOMACO", "CLAVE LOC": 130320004, "TIPO DE ASENTAMIENTO": "COMUNIDAD INDIGENA", "NOMBRE": "CUATECOMACO", "MONTO ASIGNADO (PESOS)": 366760, "LATITUD": 21.160074, "LONGITUD": -98.541912 }, "geometry": { "type": "Point", "coordinates": [ -98.541912, 21.160074 ] } },
{ "type": "Feature", "properties": { "NO": 718, "ENTIDAD": "HIDALGO", "MUNICIPIO": "Jaltocán", "PUEBLO INDIGENA O AFROMEXICANO": "NAHUA", "LOCALIDAD": "CUATZATZAS", "CLAVE LOC": 130320028, "TIPO DE ASENTAMIENTO": "COMUNIDAD INDIGENA", "NOMBRE": "CUATZATZAS", "MONTO ASIGNADO (PESOS)": 233379, "LATITUD": 21.17096, "LONGITUD": -98.545514 }, "geometry": { "type": "Point", "coordinates": [ -98.545514, 21.17096 ] } },
{ "type": "Feature", "properties": { "NO": 719, "ENTIDAD": "HIDALGO", "MUNICIPIO": "Jaltocán", "PUEBLO INDIGENA O AFROMEXICANO": "NAHUA", "LOCALIDAD": "EL CHOTE", "CLAVE LOC": 130320005, "TIPO DE ASENTAMIENTO": "COMUNIDAD INDIGENA", "NOMBRE": "EL CHOTE", "MONTO ASIGNADO (PESOS)": 468614, "LATITUD": 21.153691, "LONGITUD": -98.508057 }, "geometry": { "type": "Point", "coordinates": [ -98.508057, 21.153691 ] } },
{ "type": "Feature", "properties": { "NO": 720, "ENTIDAD": "HIDALGO", "MUNICIPIO": "Jaltocán", "PUEBLO INDIGENA O AFROMEXICANO": "NAHUA", "LOCALIDAD": "HUICHAPA", "CLAVE LOC": 130320006, "TIPO DE ASENTAMIENTO": "COMUNIDAD INDIGENA", "NOMBRE": "HUICHAPA", "MONTO ASIGNADO (PESOS)": 216403, "LATITUD": 21.159344, "LONGITUD": -98.511657 }, "geometry": { "type": "Point", "coordinates": [ -98.511657, 21.159344 ] } },
{ "type": "Feature", "properties": { "NO": 721, "ENTIDAD": "HIDALGO", "MUNICIPIO": "Jaltocán", "PUEBLO INDIGENA O AFROMEXICANO": "NAHUA", "LOCALIDAD": "LA CAPILLA", "CLAVE LOC": 130320003, "TIPO DE ASENTAMIENTO": "COMUNIDAD INDIGENA", "NOMBRE": "LA CAPILLA", "MONTO ASIGNADO (PESOS)": 605229, "LATITUD": 21.152207, "LONGITUD": -98.52485 }, "geometry": { "type": "Point", "coordinates": [ -98.52485, 21.152207 ] } },
{ "type": "Feature", "properties": { "NO": 722, "ENTIDAD": "HIDALGO", "MUNICIPIO": "Jaltocán", "PUEBLO INDIGENA O AFROMEXICANO": "NAHUA", "LOCALIDAD": "LA ILUSIÓN", "CLAVE LOC": 130320016, "TIPO DE ASENTAMIENTO": "COMUNIDAD INDIGENA", "NOMBRE": "LA ILUSIÓN", "MONTO ASIGNADO (PESOS)": 239846, "LATITUD": 21.188333, "LONGITUD": -98.519999 }, "geometry": { "type": "Point", "coordinates": [ -98.519999, 21.188333 ] } },
{ "type": "Feature", "properties": { "NO": 723, "ENTIDAD": "HIDALGO", "MUNICIPIO": "Jaltocán", "PUEBLO INDIGENA O AFROMEXICANO": "NAHUA", "LOCALIDAD": "MATACHILILLO", "CLAVE LOC": 130320008, "TIPO DE ASENTAMIENTO": "COMUNIDAD INDIGENA", "NOMBRE": "MATACHILILLO", "MONTO ASIGNADO (PESOS)": 289965, "LATITUD": 21.156521, "LONGITUD": -98.505059 }, "geometry": { "type": "Point", "coordinates": [ -98.505059, 21.156521 ] } },
{ "type": "Feature", "properties": { "NO": 724, "ENTIDAD": "HIDALGO", "MUNICIPIO": "Jaltocán", "PUEBLO INDIGENA O AFROMEXICANO": "NAHUA", "LOCALIDAD": "OCTATITLA", "CLAVE LOC": 130320009, "TIPO DE ASENTAMIENTO": "COMUNIDAD INDIGENA", "NOMBRE": "OCTATITLA", "MONTO ASIGNADO (PESOS)": 276223, "LATITUD": 21.169063, "LONGITUD": -98.523299 }, "geometry": { "type": "Point", "coordinates": [ -98.523299, 21.169063 ] } },
{ "type": "Feature", "properties": { "NO": 725, "ENTIDAD": "HIDALGO", "MUNICIPIO": "Jaltocán", "PUEBLO INDIGENA O AFROMEXICANO": "NAHUA", "LOCALIDAD": "PETACOTITA", "CLAVE LOC": 130320010, "TIPO DE ASENTAMIENTO": "COMUNIDAD INDIGENA", "NOMBRE": "PETACOTITA", "MONTO ASIGNADO (PESOS)": 136146, "LATITUD": 21.135298, "LONGITUD": -98.513547 }, "geometry": { "type": "Point", "coordinates": [ -98.513547, 21.135298 ] } },
{ "type": "Feature", "properties": { "NO": 726, "ENTIDAD": "HIDALGO", "MUNICIPIO": "Jaltocán", "PUEBLO INDIGENA O AFROMEXICANO": "NAHUA", "LOCALIDAD": "POTRERO ZACTIPÁN", "CLAVE LOC": 130320024, "TIPO DE ASENTAMIENTO": "COMUNIDAD INDIGENA", "NOMBRE": "POTRERO ZACTIPÁN", "MONTO ASIGNADO (PESOS)": 168710, "LATITUD": 21.171746, "LONGITUD": -98.522865 }, "geometry": { "type": "Point", "coordinates": [ -98.522865, 21.171746 ] } },
{ "type": "Feature", "properties": { "NO": 727, "ENTIDAD": "HIDALGO", "MUNICIPIO": "Jaltocán", "PUEBLO INDIGENA O AFROMEXICANO": "NAHUA", "LOCALIDAD": "REVOLUCIÓN MEXICANA", "CLAVE LOC": 130320026, "TIPO DE ASENTAMIENTO": "COMUNIDAD INDIGENA", "NOMBRE": "REVOLUCIÓN MEXICANA", "MONTO ASIGNADO (PESOS)": 247121, "LATITUD": 21.146051, "LONGITUD": -98.522194 }, "geometry": { "type": "Point", "coordinates": [ -98.522194, 21.146051 ] } },
{ "type": "Feature", "properties": { "NO": 728, "ENTIDAD": "HIDALGO", "MUNICIPIO": "Jaltocán", "PUEBLO INDIGENA O AFROMEXICANO": "NAHUA", "LOCALIDAD": "TEPEXICUICUIL", "CLAVE LOC": 130320021, "TIPO DE ASENTAMIENTO": "LOCALIDAD CON POBLACION INDIGENA", "NOMBRE": "TEPEXICUICUIL", "MONTO ASIGNADO (PESOS)": 231621, "LATITUD": 21.132992, "LONGITUD": -98.508744 }, "geometry": { "type": "Point", "coordinates": [ -98.508744, 21.132992 ] } },
{ "type": "Feature", "properties": { "NO": 729, "ENTIDAD": "HIDALGO", "MUNICIPIO": "Jaltocán", "PUEBLO INDIGENA O AFROMEXICANO": "NAHUA", "LOCALIDAD": "TZINANCATITLA", "CLAVE LOC": 130320029, "TIPO DE ASENTAMIENTO": "COMUNIDAD INDIGENA", "NOMBRE": "TZINANCATITLA", "MONTO ASIGNADO (PESOS)": 264097, "LATITUD": 21.17477, "LONGITUD": -98.542581 }, "geometry": { "type": "Point", "coordinates": [ -98.542581, 21.17477 ] } },
{ "type": "Feature", "properties": { "NO": 730, "ENTIDAD": "HIDALGO", "MUNICIPIO": "Jaltocán", "PUEBLO INDIGENA O AFROMEXICANO": "NAHUA", "LOCALIDAD": "VINAZCO", "CLAVE LOC": 130320013, "TIPO DE ASENTAMIENTO": "COMUNIDAD INDIGENA", "NOMBRE": "VINAZCO", "MONTO ASIGNADO (PESOS)": 276223, "LATITUD": 21.157881, "LONGITUD": -98.522151 }, "geometry": { "type": "Point", "coordinates": [ -98.522151, 21.157881 ] } },
{ "type": "Feature", "properties": { "NO": 731, "ENTIDAD": "HIDALGO", "MUNICIPIO": "Lolotla", "PUEBLO INDIGENA O AFROMEXICANO": "NAHUA", "LOCALIDAD": "CAPULTITLÁN", "CLAVE LOC": 130340007, "TIPO DE ASENTAMIENTO": "COMUNIDAD INDIGENA", "NOMBRE": "CAPULTITLÁN", "MONTO ASIGNADO (PESOS)": 104849, "LATITUD": 20.893389, "LONGITUD": -98.675574 }, "geometry": { "type": "Point", "coordinates": [ -98.675574, 20.893389 ] } },
{ "type": "Feature", "properties": { "NO": 732, "ENTIDAD": "HIDALGO", "MUNICIPIO": "Lolotla", "PUEBLO INDIGENA O AFROMEXICANO": "NAHUA", "LOCALIDAD": "CHALMA", "CLAVE LOC": 130340013, "TIPO DE ASENTAMIENTO": "COMUNIDAD INDIGENA", "NOMBRE": "CHALMA", "MONTO ASIGNADO (PESOS)": 489632, "LATITUD": 20.875884, "LONGITUD": -98.691966 }, "geometry": { "type": "Point", "coordinates": [ -98.691966, 20.875884 ] } },
{ "type": "Feature", "properties": { "NO": 733, "ENTIDAD": "HIDALGO", "MUNICIPIO": "Lolotla", "PUEBLO INDIGENA O AFROMEXICANO": "NAHUA", "LOCALIDAD": "CHANTASCO", "CLAVE LOC": 130340014, "TIPO DE ASENTAMIENTO": "COMUNIDAD INDIGENA", "NOMBRE": "CHANTASCO", "MONTO ASIGNADO (PESOS)": 602804, "LATITUD": 21.169317, "LONGITUD": -98.749726 }, "geometry": { "type": "Point", "coordinates": [ -98.749726, 21.169317 ] } },
{ "type": "Feature", "properties": { "NO": 734, "ENTIDAD": "HIDALGO", "MUNICIPIO": "Lolotla", "PUEBLO INDIGENA O AFROMEXICANO": "NAHUA", "LOCALIDAD": "CHICONCOAC", "CLAVE LOC": 130340015, "TIPO DE ASENTAMIENTO": "COMUNIDAD INDIGENA", "NOMBRE": "CHICONCOAC", "MONTO ASIGNADO (PESOS)": 501758, "LATITUD": 20.981436, "LONGITUD": -98.736582 }, "geometry": { "type": "Point", "coordinates": [ -98.736582, 20.981436 ] } },
{ "type": "Feature", "properties": { "NO": 735, "ENTIDAD": "HIDALGO", "MUNICIPIO": "Lolotla", "PUEBLO INDIGENA O AFROMEXICANO": "NAHUA", "LOCALIDAD": "CHIQUITLA", "CLAVE LOC": 130340016, "TIPO DE ASENTAMIENTO": "COMUNIDAD INDIGENA", "NOMBRE": "CHIQUITLA", "MONTO ASIGNADO (PESOS)": 295624, "LATITUD": 20.901279, "LONGITUD": -98.648193 }, "geometry": { "type": "Point", "coordinates": [ -98.648193, 20.901279 ] } },
{ "type": "Feature", "properties": { "NO": 736, "ENTIDAD": "HIDALGO", "MUNICIPIO": "Lolotla", "PUEBLO INDIGENA O AFROMEXICANO": "NAHUA", "LOCALIDAD": "COMONTLA", "CLAVE LOC": 130340008, "TIPO DE ASENTAMIENTO": "COMUNIDAD INDIGENA", "NOMBRE": "COMONTLA", "MONTO ASIGNADO (PESOS)": 182452, "LATITUD": 21.048658, "LONGITUD": -98.739162 }, "geometry": { "type": "Point", "coordinates": [ -98.739162, 21.048658 ] } },
{ "type": "Feature", "properties": { "NO": 737, "ENTIDAD": "HIDALGO", "MUNICIPIO": "Lolotla", "PUEBLO INDIGENA O AFROMEXICANO": "NAHUA", "LOCALIDAD": "CONTEPEC", "CLAVE LOC": 130340009, "TIPO DE ASENTAMIENTO": "COMUNIDAD INDIGENA", "NOMBRE": "CONTEPEC", "MONTO ASIGNADO (PESOS)": 207511, "LATITUD": 20.877692, "LONGITUD": -98.682474 }, "geometry": { "type": "Point", "coordinates": [ -98.682474, 20.877692 ] } },
{ "type": "Feature", "properties": { "NO": 738, "ENTIDAD": "HIDALGO", "MUNICIPIO": "Lolotla", "PUEBLO INDIGENA O AFROMEXICANO": "NAHUA", "LOCALIDAD": "CUATITLANAPA", "CLAVE LOC": 130340012, "TIPO DE ASENTAMIENTO": "COMUNIDAD INDIGENA", "NOMBRE": "CUATITLANAPA", "MONTO ASIGNADO (PESOS)": 168710, "LATITUD": 21.085666, "LONGITUD": -98.745687 }, "geometry": { "type": "Point", "coordinates": [ -98.745687, 21.085666 ] } },
{ "type": "Feature", "properties": { "NO": 739, "ENTIDAD": "HIDALGO", "MUNICIPIO": "Lolotla", "PUEBLO INDIGENA O AFROMEXICANO": "NAHUA", "LOCALIDAD": "EL BARCO", "CLAVE LOC": 130340006, "TIPO DE ASENTAMIENTO": "COMUNIDAD INDIGENA", "NOMBRE": "EL BARCO", "MONTO ASIGNADO (PESOS)": 341701, "LATITUD": 21.177694, "LONGITUD": -98.721683 }, "geometry": { "type": "Point", "coordinates": [ -98.721683, 21.177694 ] } },
{ "type": "Feature", "properties": { "NO": 740, "ENTIDAD": "HIDALGO", "MUNICIPIO": "Lolotla", "PUEBLO INDIGENA O AFROMEXICANO": "NAHUA", "LOCALIDAD": "HUITZNOPALA", "CLAVE LOC": 130340018, "TIPO DE ASENTAMIENTO": "COMUNIDAD INDIGENA", "NOMBRE": "HUITZNOPALA", "MONTO ASIGNADO (PESOS)": 251972, "LATITUD": 20.923088, "LONGITUD": -98.752181 }, "geometry": { "type": "Point", "coordinates": [ -98.752181, 20.923088 ] } },
{ "type": "Feature", "properties": { "NO": 741, "ENTIDAD": "HIDALGO", "MUNICIPIO": "Lolotla", "PUEBLO INDIGENA O AFROMEXICANO": "NAHUA", "LOCALIDAD": "IXTACUATLA", "CLAVE LOC": 130340019, "TIPO DE ASENTAMIENTO": "COMUNIDAD INDIGENA", "NOMBRE": "IXTACUATLA", "MONTO ASIGNADO (PESOS)": 272181, "LATITUD": 21.039314, "LONGITUD": -98.754939 }, "geometry": { "type": "Point", "coordinates": [ -98.754939, 21.039314 ] } },
{ "type": "Feature", "properties": { "NO": 742, "ENTIDAD": "HIDALGO", "MUNICIPIO": "Lolotla", "PUEBLO INDIGENA O AFROMEXICANO": "NAHUA", "LOCALIDAD": "IXTLAHUACO", "CLAVE LOC": 130340020, "TIPO DE ASENTAMIENTO": "COMUNIDAD INDIGENA", "NOMBRE": "IXTLAHUACO", "MONTO ASIGNADO (PESOS)": 1125010, "LATITUD": 20.883631, "LONGITUD": -98.703353 }, "geometry": { "type": "Point", "coordinates": [ -98.703353, 20.883631 ] } },
{ "type": "Feature", "properties": { "NO": 743, "ENTIDAD": "HIDALGO", "MUNICIPIO": "Lolotla", "PUEBLO INDIGENA O AFROMEXICANO": "NAHUA", "LOCALIDAD": "LA FLORIDA", "CLAVE LOC": 130340017, "TIPO DE ASENTAMIENTO": "COMUNIDAD INDIGENA", "NOMBRE": "LA FLORIDA", "MONTO ASIGNADO (PESOS)": 161434, "LATITUD": 21.119101, "LONGITUD": -98.74092 }, "geometry": { "type": "Point", "coordinates": [ -98.74092, 21.119101 ] } },
{ "type": "Feature", "properties": { "NO": 744, "ENTIDAD": "HIDALGO", "MUNICIPIO": "Lolotla", "PUEBLO INDIGENA O AFROMEXICANO": "NAHUA", "LOCALIDAD": "LA PIMIENTA", "CLAVE LOC": 130340024, "TIPO DE ASENTAMIENTO": "COMUNIDAD INDIGENA", "NOMBRE": "LA PIMIENTA", "MONTO ASIGNADO (PESOS)": 107274, "LATITUD": 21.108789, "LONGITUD": -98.735135 }, "geometry": { "type": "Point", "coordinates": [ -98.735135, 21.108789 ] } },
{ "type": "Feature", "properties": { "NO": 745, "ENTIDAD": "HIDALGO", "MUNICIPIO": "Lolotla", "PUEBLO INDIGENA O AFROMEXICANO": "NAHUA", "LOCALIDAD": "LA UNIÓN", "CLAVE LOC": 130340035, "TIPO DE ASENTAMIENTO": "COMUNIDAD INDIGENA", "NOMBRE": "LA UNIÓN", "MONTO ASIGNADO (PESOS)": 146075, "LATITUD": 21.104431, "LONGITUD": -98.752109 }, "geometry": { "type": "Point", "coordinates": [ -98.752109, 21.104431 ] } },
{ "type": "Feature", "properties": { "NO": 746, "ENTIDAD": "HIDALGO", "MUNICIPIO": "Lolotla", "PUEBLO INDIGENA O AFROMEXICANO": "NAHUA", "LOCALIDAD": "MAZAHUACÁN", "CLAVE LOC": 130340021, "TIPO DE ASENTAMIENTO": "COMUNIDAD INDIGENA", "NOMBRE": "MAZAHUACÁN", "MONTO ASIGNADO (PESOS)": 181644, "LATITUD": 20.903751, "LONGITUD": -98.681802 }, "geometry": { "type": "Point", "coordinates": [ -98.681802, 20.903751 ] } },
{ "type": "Feature", "properties": { "NO": 747, "ENTIDAD": "HIDALGO", "MUNICIPIO": "Lolotla", "PUEBLO INDIGENA O AFROMEXICANO": "NAHUA", "LOCALIDAD": "QUIMIXTLA", "CLAVE LOC": 130340025, "TIPO DE ASENTAMIENTO": "COMUNIDAD INDIGENA", "NOMBRE": "QUIMIXTLA", "MONTO ASIGNADO (PESOS)": 118591, "LATITUD": 21.095881, "LONGITUD": -98.735048 }, "geometry": { "type": "Point", "coordinates": [ -98.735048, 21.095881 ] } },
{ "type": "Feature", "properties": { "NO": 748, "ENTIDAD": "HIDALGO", "MUNICIPIO": "Lolotla", "PUEBLO INDIGENA O AFROMEXICANO": "NAHUA", "LOCALIDAD": "SANTIAGO", "CLAVE LOC": 130340026, "TIPO DE ASENTAMIENTO": "COMUNIDAD INDIGENA", "NOMBRE": "SANTIAGO", "MONTO ASIGNADO (PESOS)": 185685, "LATITUD": 20.841289, "LONGITUD": -98.728821 }, "geometry": { "type": "Point", "coordinates": [ -98.728821, 20.841289 ] } },
{ "type": "Feature", "properties": { "NO": 749, "ENTIDAD": "HIDALGO", "MUNICIPIO": "Lolotla", "PUEBLO INDIGENA O AFROMEXICANO": "NAHUA", "LOCALIDAD": "TENTLA (CERRO BLANCO)", "CLAVE LOC": 130340027, "TIPO DE ASENTAMIENTO": "COMUNIDAD INDIGENA", "NOMBRE": "TENTLA (CERRO BLANCO)", "MONTO ASIGNADO (PESOS)": 294815, "LATITUD": 21.154179, "LONGITUD": -98.735918 }, "geometry": { "type": "Point", "coordinates": [ -98.735918, 21.154179 ] } },
{ "type": "Feature", "properties": { "NO": 750, "ENTIDAD": "HIDALGO", "MUNICIPIO": "Lolotla", "PUEBLO INDIGENA O AFROMEXICANO": "NAHUA", "LOCALIDAD": "TLACOZINTLA", "CLAVE LOC": 130340030, "TIPO DE ASENTAMIENTO": "COMUNIDAD INDIGENA", "NOMBRE": "TLACOZINTLA", "MONTO ASIGNADO (PESOS)": 126675, "LATITUD": 20.868247, "LONGITUD": -98.708468 }, "geometry": { "type": "Point", "coordinates": [ -98.708468, 20.868247 ] } },
{ "type": "Feature", "properties": { "NO": 751, "ENTIDAD": "HIDALGO", "MUNICIPIO": "Lolotla", "PUEBLO INDIGENA O AFROMEXICANO": "NAHUA", "LOCALIDAD": "TLALTEPINGO", "CLAVE LOC": 130340031, "TIPO DE ASENTAMIENTO": "COMUNIDAD INDIGENA", "NOMBRE": "TLALTEPINGO", "MONTO ASIGNADO (PESOS)": 374844, "LATITUD": 20.935282, "LONGITUD": -98.731368 }, "geometry": { "type": "Point", "coordinates": [ -98.731368, 20.935282 ] } },
{ "type": "Feature", "properties": { "NO": 752, "ENTIDAD": "HIDALGO", "MUNICIPIO": "Lolotla", "PUEBLO INDIGENA O AFROMEXICANO": "NAHUA", "LOCALIDAD": "TOLAGO", "CLAVE LOC": 130340065, "TIPO DE ASENTAMIENTO": "COMUNIDAD INDIGENA", "NOMBRE": "TOLAGO", "MONTO ASIGNADO (PESOS)": 824297, "LATITUD": 20.979375, "LONGITUD": -98.729701 }, "geometry": { "type": "Point", "coordinates": [ -98.729701, 20.979375 ] } },
{ "type": "Feature", "properties": { "NO": 753, "ENTIDAD": "HIDALGO", "MUNICIPIO": "Lolotla", "PUEBLO INDIGENA O AFROMEXICANO": "NAHUA", "LOCALIDAD": "XALCUATLA", "CLAVE LOC": 130340032, "TIPO DE ASENTAMIENTO": "COMUNIDAD INDIGENA", "NOMBRE": "XALCUATLA", "MONTO ASIGNADO (PESOS)": 731334, "LATITUD": 21.184231, "LONGITUD": -98.763956 }, "geometry": { "type": "Point", "coordinates": [ -98.763956, 21.184231 ] } },
{ "type": "Feature", "properties": { "NO": 754, "ENTIDAD": "HIDALGO", "MUNICIPIO": "Lolotla", "PUEBLO INDIGENA O AFROMEXICANO": "NAHUA", "LOCALIDAD": "XUCHIPANTLA", "CLAVE LOC": 130340033, "TIPO DE ASENTAMIENTO": "COMUNIDAD INDIGENA", "NOMBRE": "XUCHIPANTLA", "MONTO ASIGNADO (PESOS)": 275414, "LATITUD": 21.184964, "LONGITUD": -98.720441 }, "geometry": { "type": "Point", "coordinates": [ -98.720441, 21.184964 ] } },
{ "type": "Feature", "properties": { "NO": 755, "ENTIDAD": "HIDALGO", "MUNICIPIO": "Lolotla", "PUEBLO INDIGENA O AFROMEXICANO": "NAHUA", "LOCALIDAD": "XUCHITLÁN", "CLAVE LOC": 130340034, "TIPO DE ASENTAMIENTO": "COMUNIDAD INDIGENA", "NOMBRE": "XUCHITLÁN", "MONTO ASIGNADO (PESOS)": 759627, "LATITUD": 21.064019, "LONGITUD": -98.744302 }, "geometry": { "type": "Point", "coordinates": [ -98.744302, 21.064019 ] } },
{ "type": "Feature", "properties": { "NO": 756, "ENTIDAD": "HIDALGO", "MUNICIPIO": "Metztitlán", "PUEBLO INDIGENA O AFROMEXICANO": "OTOMÍ", "LOCALIDAD": "AGUA HEDEONDA", "CLAVE LOC": 130370062, "TIPO DE ASENTAMIENTO": "COMUNIDAD INDIGENA", "NOMBRE": "AGUA HEDEONDA", "MONTO ASIGNADO (PESOS)": 374844, "LATITUD": 20.516135, "LONGITUD": -98.918686 }, "geometry": { "type": "Point", "coordinates": [ -98.918686, 20.516135 ] } },
{ "type": "Feature", "properties": { "NO": 757, "ENTIDAD": "HIDALGO", "MUNICIPIO": "Metztitlán", "PUEBLO INDIGENA O AFROMEXICANO": "OTOMÍ", "LOCALIDAD": "EL ESCOBAL", "CLAVE LOC": 130370065, "TIPO DE ASENTAMIENTO": "COMUNIDAD INDIGENA", "NOMBRE": "EL ESCOBAL", "MONTO ASIGNADO (PESOS)": 111316, "LATITUD": 20.543707, "LONGITUD": -98.89717 }, "geometry": { "type": "Point", "coordinates": [ -98.89717, 20.543707 ] } },
{ "type": "Feature", "properties": { "NO": 758, "ENTIDAD": "HIDALGO", "MUNICIPIO": "Metztitlán", "PUEBLO INDIGENA O AFROMEXICANO": "OTOMÍ", "LOCALIDAD": "EL MAMTHA", "CLAVE LOC": 130370067, "TIPO DE ASENTAMIENTO": "COMUNIDAD INDIGENA", "NOMBRE": "EL MAMTHA", "MONTO ASIGNADO (PESOS)": 132333, "LATITUD": 20.509867, "LONGITUD": -98.938734 }, "geometry": { "type": "Point", "coordinates": [ -98.938734, 20.509867 ] } },
{ "type": "Feature", "properties": { "NO": 759, "ENTIDAD": "HIDALGO", "MUNICIPIO": "Metztitlán", "PUEBLO INDIGENA O AFROMEXICANO": "OTOMÍ", "LOCALIDAD": "EL MEJE", "CLAVE LOC": 130370068, "TIPO DE ASENTAMIENTO": "LOCALIDAD CON POBLACION INDIGENA", "NOMBRE": "EL MEJE", "MONTO ASIGNADO (PESOS)": 93531, "LATITUD": 20.559763, "LONGITUD": -98.931684 }, "geometry": { "type": "Point", "coordinates": [ -98.931684, 20.559763 ] } },
{ "type": "Feature", "properties": { "NO": 760, "ENTIDAD": "HIDALGO", "MUNICIPIO": "Metztitlán", "PUEBLO INDIGENA O AFROMEXICANO": "OTOMÍ", "LOCALIDAD": "EL PALMAR", "CLAVE LOC": 130370030, "TIPO DE ASENTAMIENTO": "LOCALIDAD CON POBLACION INDIGENA", "NOMBRE": "EL PALMAR", "MONTO ASIGNADO (PESOS)": 492921, "LATITUD": 20.515524, "LONGITUD": -98.799723 }, "geometry": { "type": "Point", "coordinates": [ -98.799723, 20.515524 ] } },
{ "type": "Feature", "properties": { "NO": 761, "ENTIDAD": "HIDALGO", "MUNICIPIO": "Metztitlán", "PUEBLO INDIGENA O AFROMEXICANO": "OTOMÍ", "LOCALIDAD": "FONTEZUELAS", "CLAVE LOC": 130370015, "TIPO DE ASENTAMIENTO": "COMUNIDAD INDIGENA", "NOMBRE": "FONTEZUELAS", "MONTO ASIGNADO (PESOS)": 951210, "LATITUD": 20.489156, "LONGITUD": -98.873661 }, "geometry": { "type": "Point", "coordinates": [ -98.873661, 20.489156 ] } },
{ "type": "Feature", "properties": { "NO": 762, "ENTIDAD": "HIDALGO", "MUNICIPIO": "Metztitlán", "PUEBLO INDIGENA O AFROMEXICANO": "OTOMÍ", "LOCALIDAD": "HUISTÍCOLA", "CLAVE LOC": 130370018, "TIPO DE ASENTAMIENTO": "COMUNIDAD INDIGENA", "NOMBRE": "HUISTÍCOLA", "MONTO ASIGNADO (PESOS)": 159818, "LATITUD": 20.538554, "LONGITUD": -98.861908 }, "geometry": { "type": "Point", "coordinates": [ -98.861908, 20.538554 ] } },
{ "type": "Feature", "properties": { "NO": 763, "ENTIDAD": "HIDALGO", "MUNICIPIO": "Metztitlán", "PUEBLO INDIGENA O AFROMEXICANO": "OTOMÍ", "LOCALIDAD": "LA CUMBRE JAGÜEY SECO (JAGÜEY SECO)", "CLAVE LOC": 130370021, "TIPO DE ASENTAMIENTO": "COMUNIDAD INDIGENA", "NOMBRE": "LA CUMBRE JAGÜEY SECO (JAGÜEY SECO)", "MONTO ASIGNADO (PESOS)": 230364, "LATITUD": 20.439231, "LONGITUD": -98.889179 }, "geometry": { "type": "Point", "coordinates": [ -98.889179, 20.439231 ] } },
{ "type": "Feature", "properties": { "NO": 764, "ENTIDAD": "HIDALGO", "MUNICIPIO": "Metztitlán", "PUEBLO INDIGENA O AFROMEXICANO": "OTOMÍ", "LOCALIDAD": "MILPA GRANDE", "CLAVE LOC": 130370028, "TIPO DE ASENTAMIENTO": "COMUNIDAD INDIGENA", "NOMBRE": "MILPA GRANDE", "MONTO ASIGNADO (PESOS)": 111021, "LATITUD": 20.573859, "LONGITUD": -98.9177 }, "geometry": { "type": "Point", "coordinates": [ -98.9177, 20.573859 ] } },
{ "type": "Feature", "properties": { "NO": 765, "ENTIDAD": "HIDALGO", "MUNICIPIO": "Metztitlán", "PUEBLO INDIGENA O AFROMEXICANO": "OTOMÍ", "LOCALIDAD": "PONTADHÓ", "CLAVE LOC": 130370033, "TIPO DE ASENTAMIENTO": "COMUNIDAD INDIGENA", "NOMBRE": "PONTADHÓ", "MONTO ASIGNADO (PESOS)": 285115, "LATITUD": 20.491866, "LONGITUD": -98.903684 }, "geometry": { "type": "Point", "coordinates": [ -98.903684, 20.491866 ] } },
{ "type": "Feature", "properties": { "NO": 766, "ENTIDAD": "HIDALGO", "MUNICIPIO": "Metztitlán", "PUEBLO INDIGENA O AFROMEXICANO": "OTOMÍ", "LOCALIDAD": "SAN JUAN TLATEPEXI", "CLAVE LOC": 130370040, "TIPO DE ASENTAMIENTO": "COMUNIDAD INDIGENA", "NOMBRE": "SAN JUAN TLATEPEXI", "MONTO ASIGNADO (PESOS)": 119399, "LATITUD": 20.567703, "LONGITUD": -98.898107 }, "geometry": { "type": "Point", "coordinates": [ -98.898107, 20.567703 ] } },
{ "type": "Feature", "properties": { "NO": 767, "ENTIDAD": "HIDALGO", "MUNICIPIO": "Metztitlán", "PUEBLO INDIGENA O AFROMEXICANO": "OTOMÍ", "LOCALIDAD": "SAN PABLO TETLAPAYAC", "CLAVE LOC": 130370041, "TIPO DE ASENTAMIENTO": "COMUNIDAD INDIGENA", "NOMBRE": "SAN PABLO TETLAPAYAC", "MONTO ASIGNADO (PESOS)": 129100, "LATITUD": 20.640135, "LONGITUD": -98.921147 }, "geometry": { "type": "Point", "coordinates": [ -98.921147, 20.640135 ] } },
{ "type": "Feature", "properties": { "NO": 768, "ENTIDAD": "HIDALGO", "MUNICIPIO": "Metztitlán", "PUEBLO INDIGENA O AFROMEXICANO": "OTOMÍ", "LOCALIDAD": "SAN PEDRO AYOTOXTLA", "CLAVE LOC": 130370042, "TIPO DE ASENTAMIENTO": "LOCALIDAD CON POBLACION INDIGENA", "NOMBRE": "SAN PEDRO AYOTOXTLA", "MONTO ASIGNADO (PESOS)": 116974, "LATITUD": 20.603333, "LONGITUD": -98.905556 }, "geometry": { "type": "Point", "coordinates": [ -98.905556, 20.603333 ] } },
{ "type": "Feature", "properties": { "NO": 769, "ENTIDAD": "HIDALGO", "MUNICIPIO": "Metztitlán", "PUEBLO INDIGENA O AFROMEXICANO": "OTOMÍ", "LOCALIDAD": "TABLÓN CHICO", "CLAVE LOC": 130370074, "TIPO DE ASENTAMIENTO": "LOCALIDAD CON POBLACION INDIGENA", "NOMBRE": "TABLÓN CHICO", "MONTO ASIGNADO (PESOS)": 227852, "LATITUD": 20.422048, "LONGITUD": -98.848511 }, "geometry": { "type": "Point", "coordinates": [ -98.848511, 20.422048 ] } },
{ "type": "Feature", "properties": { "NO": 770, "ENTIDAD": "HIDALGO", "MUNICIPIO": "Metztitlán", "PUEBLO INDIGENA O AFROMEXICANO": "OTOMÍ", "LOCALIDAD": "TLAMAYA", "CLAVE LOC": 130370052, "TIPO DE ASENTAMIENTO": "LOCALIDAD CON POBLACION INDIGENA", "NOMBRE": "TLAMAYA", "MONTO ASIGNADO (PESOS)": 217802, "LATITUD": 20.505958, "LONGITUD": -98.841317 }, "geometry": { "type": "Point", "coordinates": [ -98.841317, 20.505958 ] } },
{ "type": "Feature", "properties": { "NO": 771, "ENTIDAD": "HIDALGO", "MUNICIPIO": "Metztitlán", "PUEBLO INDIGENA O AFROMEXICANO": "OTOMÍ", "LOCALIDAD": "YERBABUENA", "CLAVE LOC": 130370104, "TIPO DE ASENTAMIENTO": "LOCALIDAD CON POBLACION INDIGENA", "NOMBRE": "YERBABUENA", "MONTO ASIGNADO (PESOS)": 148708, "LATITUD": 20.554254, "LONGITUD": -98.949618 }, "geometry": { "type": "Point", "coordinates": [ -98.949618, 20.554254 ] } },
{ "type": "Feature", "properties": { "NO": 772, "ENTIDAD": "HIDALGO", "MUNICIPIO": "Mixquiahuala de Juárez", "PUEBLO INDIGENA O AFROMEXICANO": "OTOMÍ", "LOCALIDAD": "HACIENDA VIEJA", "CLAVE LOC": 130410025, "TIPO DE ASENTAMIENTO": "COMUNIDAD INDIGENA", "NOMBRE": "HACIENDA VIEJA", "MONTO ASIGNADO (PESOS)": 285923, "LATITUD": 20.307942, "LONGITUD": -99.135757 }, "geometry": { "type": "Point", "coordinates": [ -99.135757, 20.307942 ] } },
{ "type": "Feature", "properties": { "NO": 773, "ENTIDAD": "HIDALGO", "MUNICIPIO": "Mixquiahuala de Juárez", "PUEBLO INDIGENA O AFROMEXICANO": "OTOMÍ", "LOCALIDAD": "JAGÜEY BLANCO", "CLAVE LOC": 130410006, "TIPO DE ASENTAMIENTO": "COMUNIDAD INDIGENA", "NOMBRE": "JAGÜEY BLANCO", "MONTO ASIGNADO (PESOS)": 1289108, "LATITUD": 20.276922, "LONGITUD": -99.151659 }, "geometry": { "type": "Point", "coordinates": [ -99.151659, 20.276922 ] } },
{ "type": "Feature", "properties": { "NO": 774, "ENTIDAD": "HIDALGO", "MUNICIPIO": "Molango de Escamilla", "PUEBLO INDIGENA O AFROMEXICANO": "NAHUA", "LOCALIDAD": "CUXHUACAN", "CLAVE LOC": 130420007, "TIPO DE ASENTAMIENTO": "COMUNIDAD INDIGENA", "NOMBRE": "CUXHUACAN", "MONTO ASIGNADO (PESOS)": 494482, "LATITUD": 20.972039, "LONGITUD": -98.81853 }, "geometry": { "type": "Point", "coordinates": [ -98.81853, 20.972039 ] } },
{ "type": "Feature", "properties": { "NO": 775, "ENTIDAD": "HIDALGO", "MUNICIPIO": "Nicolás Flores", "PUEBLO INDIGENA O AFROMEXICANO": "OTOMÍ", "LOCALIDAD": "AGUA LIMPIA", "CLAVE LOC": 130430003, "TIPO DE ASENTAMIENTO": "COMUNIDAD INDIGENA", "NOMBRE": "AGUA LIMPIA", "MONTO ASIGNADO (PESOS)": 289965, "LATITUD": 20.791587, "LONGITUD": -99.128059 }, "geometry": { "type": "Point", "coordinates": [ -99.128059, 20.791587 ] } },
{ "type": "Feature", "properties": { "NO": 776, "ENTIDAD": "HIDALGO", "MUNICIPIO": "Nicolás Flores", "PUEBLO INDIGENA O AFROMEXICANO": "OTOMÍ", "LOCALIDAD": "BARRIO DEL TEDRA", "CLAVE LOC": 130430051, "TIPO DE ASENTAMIENTO": "COMUNIDAD INDIGENA", "NOMBRE": "BARRIO DEL TEDRA", "MONTO ASIGNADO (PESOS)": 112277, "LATITUD": 20.786317, "LONGITUD": -99.156109 }, "geometry": { "type": "Point", "coordinates": [ -99.156109, 20.786317 ] } },
{ "type": "Feature", "properties": { "NO": 777, "ENTIDAD": "HIDALGO", "MUNICIPIO": "Nicolás Flores", "PUEBLO INDIGENA O AFROMEXICANO": "OTOMÍ", "LOCALIDAD": "BOCUA", "CLAVE LOC": 130430004, "TIPO DE ASENTAMIENTO": "COMUNIDAD INDIGENA", "NOMBRE": "BOCUA", "MONTO ASIGNADO (PESOS)": 468614, "LATITUD": 20.722924, "LONGITUD": -99.165393 }, "geometry": { "type": "Point", "coordinates": [ -99.165393, 20.722924 ] } },
{ "type": "Feature", "properties": { "NO": 778, "ENTIDAD": "HIDALGO", "MUNICIPIO": "Nicolás Flores", "PUEBLO INDIGENA O AFROMEXICANO": "OTOMÍ", "LOCALIDAD": "CASTADHO", "CLAVE LOC": 130430040, "TIPO DE ASENTAMIENTO": "COMUNIDAD INDIGENA", "NOMBRE": "CASTADHO", "MONTO ASIGNADO (PESOS)": 243888, "LATITUD": 20.795865, "LONGITUD": -99.176276 }, "geometry": { "type": "Point", "coordinates": [ -99.176276, 20.795865 ] } },
{ "type": "Feature", "properties": { "NO": 779, "ENTIDAD": "HIDALGO", "MUNICIPIO": "Nicolás Flores", "PUEBLO INDIGENA O AFROMEXICANO": "OTOMÍ", "LOCALIDAD": "CERRO DE LA CRUZ", "CLAVE LOC": 130430006, "TIPO DE ASENTAMIENTO": "COMUNIDAD INDIGENA", "NOMBRE": "CERRO DE LA CRUZ", "MONTO ASIGNADO (PESOS)": 147692, "LATITUD": 20.760554, "LONGITUD": -99.170325 }, "geometry": { "type": "Point", "coordinates": [ -99.170325, 20.760554 ] } },
{ "type": "Feature", "properties": { "NO": 780, "ENTIDAD": "HIDALGO", "MUNICIPIO": "Nicolás Flores", "PUEBLO INDIGENA O AFROMEXICANO": "OTOMÍ", "LOCALIDAD": "CERRO PRIETO", "CLAVE LOC": 130430031, "TIPO DE ASENTAMIENTO": "COMUNIDAD INDIGENA", "NOMBRE": "CERRO PRIETO", "MONTO ASIGNADO (PESOS)": 234996, "LATITUD": 20.794354, "LONGITUD": -99.20598 }, "geometry": { "type": "Point", "coordinates": [ -99.20598, 20.794354 ] } },
{ "type": "Feature", "properties": { "NO": 781, "ENTIDAD": "HIDALGO", "MUNICIPIO": "Nicolás Flores", "PUEBLO INDIGENA O AFROMEXICANO": "OTOMÍ", "LOCALIDAD": "CRUZ DE PIEDRA", "CLAVE LOC": 130430008, "TIPO DE ASENTAMIENTO": "COMUNIDAD INDIGENA", "NOMBRE": "CRUZ DE PIEDRA", "MONTO ASIGNADO (PESOS)": 160626, "LATITUD": 20.777131, "LONGITUD": -99.144939 }, "geometry": { "type": "Point", "coordinates": [ -99.144939, 20.777131 ] } },
{ "type": "Feature", "properties": { "NO": 782, "ENTIDAD": "HIDALGO", "MUNICIPIO": "Nicolás Flores", "PUEBLO INDIGENA O AFROMEXICANO": "OTOMÍ", "LOCALIDAD": "EL AGUACATE", "CLAVE LOC": 130430002, "TIPO DE ASENTAMIENTO": "COMUNIDAD INDIGENA", "NOMBRE": "EL AGUACATE", "MONTO ASIGNADO (PESOS)": 165476, "LATITUD": 20.852916, "LONGITUD": -99.151209 }, "geometry": { "type": "Point", "coordinates": [ -99.151209, 20.852916 ] } },
{ "type": "Feature", "properties": { "NO": 783, "ENTIDAD": "HIDALGO", "MUNICIPIO": "Nicolás Flores", "PUEBLO INDIGENA O AFROMEXICANO": "OTOMÍ", "LOCALIDAD": "EL COBRE", "CLAVE LOC": 130430007, "TIPO DE ASENTAMIENTO": "COMUNIDAD INDIGENA", "NOMBRE": "EL COBRE", "MONTO ASIGNADO (PESOS)": 213170, "LATITUD": 20.884056, "LONGITUD": -99.176405 }, "geometry": { "type": "Point", "coordinates": [ -99.176405, 20.884056 ] } },
{ "type": "Feature", "properties": { "NO": 784, "ENTIDAD": "HIDALGO", "MUNICIPIO": "Nicolás Flores", "PUEBLO INDIGENA O AFROMEXICANO": "OTOMÍ", "LOCALIDAD": "EL DOTHU", "CLAVE LOC": 130430009, "TIPO DE ASENTAMIENTO": "COMUNIDAD INDIGENA", "NOMBRE": "EL DOTHU", "MONTO ASIGNADO (PESOS)": 280265, "LATITUD": 20.736314, "LONGITUD": -99.152889 }, "geometry": { "type": "Point", "coordinates": [ -99.152889, 20.736314 ] } },
{ "type": "Feature", "properties": { "NO": 785, "ENTIDAD": "HIDALGO", "MUNICIPIO": "Nicolás Flores", "PUEBLO INDIGENA O AFROMEXICANO": "OTOMÍ", "LOCALIDAD": "IGLESIA VIEJA", "CLAVE LOC": 130430010, "TIPO DE ASENTAMIENTO": "COMUNIDAD INDIGENA", "NOMBRE": "IGLESIA VIEJA", "MONTO ASIGNADO (PESOS)": 260864, "LATITUD": 20.722631, "LONGITUD": -99.14171 }, "geometry": { "type": "Point", "coordinates": [ -99.14171, 20.722631 ] } },
{ "type": "Feature", "properties": { "NO": 786, "ENTIDAD": "HIDALGO", "MUNICIPIO": "Nicolás Flores", "PUEBLO INDIGENA O AFROMEXICANO": "OTOMÍ", "LOCALIDAD": "ITATLAXCO", "CLAVE LOC": 130430011, "TIPO DE ASENTAMIENTO": "COMUNIDAD INDIGENA", "NOMBRE": "ITATLAXCO", "MONTO ASIGNADO (PESOS)": 181644, "LATITUD": 20.820578, "LONGITUD": -99.130166 }, "geometry": { "type": "Point", "coordinates": [ -99.130166, 20.820578 ] } },
{ "type": "Feature", "properties": { "NO": 787, "ENTIDAD": "HIDALGO", "MUNICIPIO": "Nicolás Flores", "PUEBLO INDIGENA O AFROMEXICANO": "OTOMÍ", "LOCALIDAD": "JAGÜEY", "CLAVE LOC": 130430029, "TIPO DE ASENTAMIENTO": "COMUNIDAD INDIGENA", "NOMBRE": "JAGÜEY", "MONTO ASIGNADO (PESOS)": 195386, "LATITUD": 20.798861, "LONGITUD": -99.22832 }, "geometry": { "type": "Point", "coordinates": [ -99.22832, 20.798861 ] } },
{ "type": "Feature", "properties": { "NO": 788, "ENTIDAD": "HIDALGO", "MUNICIPIO": "Nicolás Flores", "PUEBLO INDIGENA O AFROMEXICANO": "OTOMÍ", "LOCALIDAD": "LA BONANZA", "CLAVE LOC": 130430005, "TIPO DE ASENTAMIENTO": "COMUNIDAD INDIGENA", "NOMBRE": "LA BONANZA", "MONTO ASIGNADO (PESOS)": 111316, "LATITUD": 20.715733, "LONGITUD": -99.245744 }, "geometry": { "type": "Point", "coordinates": [ -99.245744, 20.715733 ] } },
{ "type": "Feature", "properties": { "NO": 789, "ENTIDAD": "HIDALGO", "MUNICIPIO": "Nicolás Flores", "PUEBLO INDIGENA O AFROMEXICANO": "OTOMÍ", "LOCALIDAD": "LA CIÉNEGA", "CLAVE LOC": 130430030, "TIPO DE ASENTAMIENTO": "COMUNIDAD INDIGENA", "NOMBRE": "LA CIÉNEGA", "MONTO ASIGNADO (PESOS)": 289965, "LATITUD": 20.799976, "LONGITUD": -99.129228 }, "geometry": { "type": "Point", "coordinates": [ -99.129228, 20.799976 ] } },
{ "type": "Feature", "properties": { "NO": 790, "ENTIDAD": "HIDALGO", "MUNICIPIO": "Nicolás Flores", "PUEBLO INDIGENA O AFROMEXICANO": "OTOMÍ", "LOCALIDAD": "LA LAGUNA", "CLAVE LOC": 130430013, "TIPO DE ASENTAMIENTO": "COMUNIDAD INDIGENA", "NOMBRE": "LA LAGUNA", "MONTO ASIGNADO (PESOS)": 221254, "LATITUD": 20.798131, "LONGITUD": -99.176056 }, "geometry": { "type": "Point", "coordinates": [ -99.176056, 20.798131 ] } },
{ "type": "Feature", "properties": { "NO": 791, "ENTIDAD": "HIDALGO", "MUNICIPIO": "Nicolás Flores", "PUEBLO INDIGENA O AFROMEXICANO": "OTOMÍ", "LOCALIDAD": "LA UNIÓN", "CLAVE LOC": 130430024, "TIPO DE ASENTAMIENTO": "COMUNIDAD INDIGENA", "NOMBRE": "LA UNIÓN", "MONTO ASIGNADO (PESOS)": 126675, "LATITUD": 20.735351, "LONGITUD": -99.237448 }, "geometry": { "type": "Point", "coordinates": [ -99.237448, 20.735351 ] } },
{ "type": "Feature", "properties": { "NO": 792, "ENTIDAD": "HIDALGO", "MUNICIPIO": "Nicolás Flores", "PUEBLO INDIGENA O AFROMEXICANO": "OTOMÍ", "LOCALIDAD": "LAS MILPAS", "CLAVE LOC": 130430014, "TIPO DE ASENTAMIENTO": "COMUNIDAD INDIGENA", "NOMBRE": "LAS MILPAS", "MONTO ASIGNADO (PESOS)": 144459, "LATITUD": 20.845146, "LONGITUD": -99.203573 }, "geometry": { "type": "Point", "coordinates": [ -99.203573, 20.845146 ] } },
{ "type": "Feature", "properties": { "NO": 793, "ENTIDAD": "HIDALGO", "MUNICIPIO": "Nicolás Flores", "PUEBLO INDIGENA O AFROMEXICANO": "OTOMÍ", "LOCALIDAD": "LAS PILAS", "CLAVE LOC": 130430016, "TIPO DE ASENTAMIENTO": "COMUNIDAD INDIGENA", "NOMBRE": "LAS PILAS", "MONTO ASIGNADO (PESOS)": 172752, "LATITUD": 20.830324, "LONGITUD": -99.170672 }, "geometry": { "type": "Point", "coordinates": [ -99.170672, 20.830324 ] } },
{ "type": "Feature", "properties": { "NO": 794, "ENTIDAD": "HIDALGO", "MUNICIPIO": "Nicolás Flores", "PUEBLO INDIGENA O AFROMEXICANO": "OTOMÍ", "LOCALIDAD": "NICOLÁS FLORES", "CLAVE LOC": 130430001, "TIPO DE ASENTAMIENTO": "COMUNIDAD INDIGENA", "NOMBRE": "NICOLÁS FLORES", "MONTO ASIGNADO (PESOS)": 411220, "LATITUD": 20.767777, "LONGITUD": -99.150556 }, "geometry": { "type": "Point", "coordinates": [ -99.150556, 20.767777 ] } },
{ "type": "Feature", "properties": { "NO": 795, "ENTIDAD": "HIDALGO", "MUNICIPIO": "Nicolás Flores", "PUEBLO INDIGENA O AFROMEXICANO": "OTOMÍ", "LOCALIDAD": "PAJIADHI", "CLAVE LOC": 130430033, "TIPO DE ASENTAMIENTO": "COMUNIDAD INDIGENA", "NOMBRE": "PAJIADHI", "MONTO ASIGNADO (PESOS)": 162243, "LATITUD": 20.792879, "LONGITUD": -99.16781 }, "geometry": { "type": "Point", "coordinates": [ -99.16781, 20.792879 ] } },
{ "type": "Feature", "properties": { "NO": 796, "ENTIDAD": "HIDALGO", "MUNICIPIO": "Nicolás Flores", "PUEBLO INDIGENA O AFROMEXICANO": "OTOMÍ", "LOCALIDAD": "PIJAY", "CLAVE LOC": 130430015, "TIPO DE ASENTAMIENTO": "COMUNIDAD INDIGENA", "NOMBRE": "PIJAY", "MONTO ASIGNADO (PESOS)": 164668, "LATITUD": 20.775301, "LONGITUD": -99.182607 }, "geometry": { "type": "Point", "coordinates": [ -99.182607, 20.775301 ] } },
{ "type": "Feature", "properties": { "NO": 797, "ENTIDAD": "HIDALGO", "MUNICIPIO": "Nicolás Flores", "PUEBLO INDIGENA O AFROMEXICANO": "OTOMÍ", "LOCALIDAD": "PUERTO DE PIEDRA", "CLAVE LOC": 130430018, "TIPO DE ASENTAMIENTO": "COMUNIDAD INDIGENA", "NOMBRE": "PUERTO DE PIEDRA", "MONTO ASIGNADO (PESOS)": 306996, "LATITUD": 20.821255, "LONGITUD": -99.199974 }, "geometry": { "type": "Point", "coordinates": [ -99.199974, 20.821255 ] } },
{ "type": "Feature", "properties": { "NO": 798, "ENTIDAD": "HIDALGO", "MUNICIPIO": "Nicolás Flores", "PUEBLO INDIGENA O AFROMEXICANO": "OTOMÍ", "LOCALIDAD": "SANTA CRUZ", "CLAVE LOC": 130430019, "TIPO DE ASENTAMIENTO": "COMUNIDAD INDIGENA", "NOMBRE": "SANTA CRUZ", "MONTO ASIGNADO (PESOS)": 386161, "LATITUD": 20.757038, "LONGITUD": -99.15051 }, "geometry": { "type": "Point", "coordinates": [ -99.15051, 20.757038 ] } },
{ "type": "Feature", "properties": { "NO": 799, "ENTIDAD": "HIDALGO", "MUNICIPIO": "Nicolás Flores", "PUEBLO INDIGENA O AFROMEXICANO": "OTOMÍ", "LOCALIDAD": "SANTO DOMINGO", "CLAVE LOC": 130430020, "TIPO DE ASENTAMIENTO": "COMUNIDAD INDIGENA", "NOMBRE": "SANTO DOMINGO", "MONTO ASIGNADO (PESOS)": 142842, "LATITUD": 20.823749, "LONGITUD": -99.110587 }, "geometry": { "type": "Point", "coordinates": [ -99.110587, 20.823749 ] } },
{ "type": "Feature", "properties": { "NO": 800, "ENTIDAD": "HIDALGO", "MUNICIPIO": "Nicolás Flores", "PUEBLO INDIGENA O AFROMEXICANO": "OTOMÍ", "LOCALIDAD": "SEGUNDO PILAS", "CLAVE LOC": 130430017, "TIPO DE ASENTAMIENTO": "COMUNIDAD INDIGENA", "NOMBRE": "SEGUNDO PILAS", "MONTO ASIGNADO (PESOS)": 121824, "LATITUD": 20.816798, "LONGITUD": -99.176702 }, "geometry": { "type": "Point", "coordinates": [ -99.176702, 20.816798 ] } },
{ "type": "Feature", "properties": { "NO": 801, "ENTIDAD": "HIDALGO", "MUNICIPIO": "Nicolás Flores", "PUEBLO INDIGENA O AFROMEXICANO": "OTOMÍ", "LOCALIDAD": "SEGUNDO SANTA CRUZ", "CLAVE LOC": 130430034, "TIPO DE ASENTAMIENTO": "COMUNIDAD INDIGENA", "NOMBRE": "SEGUNDO SANTA CRUZ", "MONTO ASIGNADO (PESOS)": 142034, "LATITUD": 20.748582, "LONGITUD": -99.137559 }, "geometry": { "type": "Point", "coordinates": [ -99.137559, 20.748582 ] } },
{ "type": "Feature", "properties": { "NO": 802, "ENTIDAD": "HIDALGO", "MUNICIPIO": "Nicolás Flores", "PUEBLO INDIGENA O AFROMEXICANO": "OTOMÍ", "LOCALIDAD": "TAXHAY", "CLAVE LOC": 130430021, "TIPO DE ASENTAMIENTO": "COMUNIDAD INDIGENA", "NOMBRE": "TAXHAY", "MONTO ASIGNADO (PESOS)": 234188, "LATITUD": 20.75204, "LONGITUD": -99.213976 }, "geometry": { "type": "Point", "coordinates": [ -99.213976, 20.75204 ] } },
{ "type": "Feature", "properties": { "NO": 803, "ENTIDAD": "HIDALGO", "MUNICIPIO": "Nicolás Flores", "PUEBLO INDIGENA O AFROMEXICANO": "OTOMÍ", "LOCALIDAD": "TEXCADHO", "CLAVE LOC": 130430022, "TIPO DE ASENTAMIENTO": "COMUNIDAD INDIGENA", "NOMBRE": "TEXCADHO", "MONTO ASIGNADO (PESOS)": 340892, "LATITUD": 20.725126, "LONGITUD": -99.185602 }, "geometry": { "type": "Point", "coordinates": [ -99.185602, 20.725126 ] } },
{ "type": "Feature", "properties": { "NO": 804, "ENTIDAD": "HIDALGO", "MUNICIPIO": "Nicolás Flores", "PUEBLO INDIGENA O AFROMEXICANO": "OTOMÍ", "LOCALIDAD": "VILLA HERMOSA", "CLAVE LOC": 130430025, "TIPO DE ASENTAMIENTO": "COMUNIDAD INDIGENA", "NOMBRE": "VILLA HERMOSA", "MONTO ASIGNADO (PESOS)": 310174, "LATITUD": 20.73087, "LONGITUD": -99.134502 }, "geometry": { "type": "Point", "coordinates": [ -99.134502, 20.73087 ] } },
{ "type": "Feature", "properties": { "NO": 805, "ENTIDAD": "HIDALGO", "MUNICIPIO": "Nicolás Flores", "PUEBLO INDIGENA O AFROMEXICANO": "OTOMÍ", "LOCALIDAD": "VILLA JUÁREZ", "CLAVE LOC": 130430026, "TIPO DE ASENTAMIENTO": "COMUNIDAD INDIGENA", "NOMBRE": "VILLA JUÁREZ", "MONTO ASIGNADO (PESOS)": 174368, "LATITUD": 20.860039, "LONGITUD": -99.19501 }, "geometry": { "type": "Point", "coordinates": [ -99.19501, 20.860039 ] } },
{ "type": "Feature", "properties": { "NO": 806, "ENTIDAD": "HIDALGO", "MUNICIPIO": "Nicolás Flores", "PUEBLO INDIGENA O AFROMEXICANO": "OTOMÍ", "LOCALIDAD": "YUDHO", "CLAVE LOC": 130430027, "TIPO DE ASENTAMIENTO": "COMUNIDAD INDIGENA", "NOMBRE": "YUDHO", "MONTO ASIGNADO (PESOS)": 268947, "LATITUD": 20.77088, "LONGITUD": -99.145397 }, "geometry": { "type": "Point", "coordinates": [ -99.145397, 20.77088 ] } },
{ "type": "Feature", "properties": { "NO": 807, "ENTIDAD": "HIDALGO", "MUNICIPIO": "Nicolás Flores", "PUEBLO INDIGENA O AFROMEXICANO": "OTOMÍ", "LOCALIDAD": "ZOYATAL", "CLAVE LOC": 130430028, "TIPO DE ASENTAMIENTO": "COMUNIDAD INDIGENA", "NOMBRE": "ZOYATAL", "MONTO ASIGNADO (PESOS)": 247121, "LATITUD": 20.839401, "LONGITUD": -99.166336 }, "geometry": { "type": "Point", "coordinates": [ -99.166336, 20.839401 ] } },
{ "type": "Feature", "properties": { "NO": 808, "ENTIDAD": "HIDALGO", "MUNICIPIO": "Pacula", "PUEBLO INDIGENA O AFROMEXICANO": "OTOMÍ", "LOCALIDAD": "SAN FRANCISCO", "CLAVE LOC": 130470020, "TIPO DE ASENTAMIENTO": "COMUNIDAD INDIGENA", "NOMBRE": "SAN FRANCISCO", "MONTO ASIGNADO (PESOS)": 252780, "LATITUD": 20.97836, "LONGITUD": -99.358216 }, "geometry": { "type": "Point", "coordinates": [ -99.358216, 20.97836 ] } },
{ "type": "Feature", "properties": { "NO": 809, "ENTIDAD": "HIDALGO", "MUNICIPIO": "Pacula", "PUEBLO INDIGENA O AFROMEXICANO": "OTOMÍ", "LOCALIDAD": "SANTA MARÍA MIRAFLORES", "CLAVE LOC": 130470021, "TIPO DE ASENTAMIENTO": "COMUNIDAD INDIGENA", "NOMBRE": "SANTA MARÍA MIRAFLORES", "MONTO ASIGNADO (PESOS)": 215595, "LATITUD": 20.915387, "LONGITUD": -99.333036 }, "geometry": { "type": "Point", "coordinates": [ -99.333036, 20.915387 ] } },
{ "type": "Feature", "properties": { "NO": 810, "ENTIDAD": "HIDALGO", "MUNICIPIO": "Pisaflores", "PUEBLO INDIGENA O AFROMEXICANO": "NAHUA", "LOCALIDAD": "CERRO DE GUADALUPE", "CLAVE LOC": 130490011, "TIPO DE ASENTAMIENTO": "COMUNIDAD INDIGENA", "NOMBRE": "CERRO DE GUADALUPE", "MONTO ASIGNADO (PESOS)": 204278, "LATITUD": 21.213808, "LONGITUD": -98.939377 }, "geometry": { "type": "Point", "coordinates": [ -98.939377, 21.213808 ] } },
{ "type": "Feature", "properties": { "NO": 811, "ENTIDAD": "HIDALGO", "MUNICIPIO": "Pisaflores", "PUEBLO INDIGENA O AFROMEXICANO": "NAHUA", "LOCALIDAD": "CHALAHUITE", "CLAVE LOC": 130490016, "TIPO DE ASENTAMIENTO": "COMUNIDAD INDIGENA", "NOMBRE": "CHALAHUITE", "MONTO ASIGNADO (PESOS)": 892200, "LATITUD": 21.2403, "LONGITUD": -98.943793 }, "geometry": { "type": "Point", "coordinates": [ -98.943793, 21.2403 ] } },
{ "type": "Feature", "properties": { "NO": 812, "ENTIDAD": "HIDALGO", "MUNICIPIO": "Pisaflores", "PUEBLO INDIGENA O AFROMEXICANO": "NAHUA", "LOCALIDAD": "EL CHILILITE", "CLAVE LOC": 130490046, "TIPO DE ASENTAMIENTO": "COMUNIDAD INDIGENA", "NOMBRE": "EL CHILILITE", "MONTO ASIGNADO (PESOS)": 112277, "LATITUD": 21.204081, "LONGITUD": -98.930714 }, "geometry": { "type": "Point", "coordinates": [ -98.930714, 21.204081 ] } },
{ "type": "Feature", "properties": { "NO": 813, "ENTIDAD": "HIDALGO", "MUNICIPIO": "Pisaflores", "PUEBLO INDIGENA O AFROMEXICANO": "NAHUA", "LOCALIDAD": "EL CHINILLAL", "CLAVE LOC": 130490087, "TIPO DE ASENTAMIENTO": "COMUNIDAD INDIGENA", "NOMBRE": "EL CHINILLAL", "MONTO ASIGNADO (PESOS)": 171135, "LATITUD": 21.228398, "LONGITUD": -98.952884 }, "geometry": { "type": "Point", "coordinates": [ -98.952884, 21.228398 ] } },
{ "type": "Feature", "properties": { "NO": 814, "ENTIDAD": "HIDALGO", "MUNICIPIO": "Pisaflores", "PUEBLO INDIGENA O AFROMEXICANO": "NAHUA", "LOCALIDAD": "EL COYOL", "CLAVE LOC": 130490014, "TIPO DE ASENTAMIENTO": "COMUNIDAD INDIGENA", "NOMBRE": "EL COYOL", "MONTO ASIGNADO (PESOS)": 217212, "LATITUD": 21.208327, "LONGITUD": -98.985355 }, "geometry": { "type": "Point", "coordinates": [ -98.985355, 21.208327 ] } },
{ "type": "Feature", "properties": { "NO": 815, "ENTIDAD": "HIDALGO", "MUNICIPIO": "Pisaflores", "PUEBLO INDIGENA O AFROMEXICANO": "NAHUA", "LOCALIDAD": "GARGANTILLA", "CLAVE LOC": 130490023, "TIPO DE ASENTAMIENTO": "COMUNIDAD INDIGENA", "NOMBRE": "GARGANTILLA", "MONTO ASIGNADO (PESOS)": 711933, "LATITUD": 21.265268, "LONGITUD": -98.958087 }, "geometry": { "type": "Point", "coordinates": [ -98.958087, 21.265268 ] } },
{ "type": "Feature", "properties": { "NO": 816, "ENTIDAD": "HIDALGO", "MUNICIPIO": "Pisaflores", "PUEBLO INDIGENA O AFROMEXICANO": "NAHUA", "LOCALIDAD": "LA AMECA", "CLAVE LOC": 130490004, "TIPO DE ASENTAMIENTO": "COMUNIDAD INDIGENA", "NOMBRE": "LA AMECA", "MONTO ASIGNADO (PESOS)": 913217, "LATITUD": 21.247283, "LONGITUD": -98.930075 }, "geometry": { "type": "Point", "coordinates": [ -98.930075, 21.247283 ] } },
{ "type": "Feature", "properties": { "NO": 817, "ENTIDAD": "HIDALGO", "MUNICIPIO": "Pisaflores", "PUEBLO INDIGENA O AFROMEXICANO": "NAHUA", "LOCALIDAD": "LA CRUCITA", "CLAVE LOC": 130490015, "TIPO DE ASENTAMIENTO": "COMUNIDAD INDIGENA", "NOMBRE": "LA CRUCITA", "MONTO ASIGNADO (PESOS)": 318258, "LATITUD": 21.232979, "LONGITUD": -98.94826 }, "geometry": { "type": "Point", "coordinates": [ -98.94826, 21.232979 ] } },
{ "type": "Feature", "properties": { "NO": 818, "ENTIDAD": "HIDALGO", "MUNICIPIO": "Pisaflores", "PUEBLO INDIGENA O AFROMEXICANO": "NAHUA", "LOCALIDAD": "TRIPUENTE", "CLAVE LOC": 130490042, "TIPO DE ASENTAMIENTO": "COMUNIDAD INDIGENA", "NOMBRE": "TRIPUENTE", "MONTO ASIGNADO (PESOS)": 348976, "LATITUD": 21.250148, "LONGITUD": -98.954041 }, "geometry": { "type": "Point", "coordinates": [ -98.954041, 21.250148 ] } },
{ "type": "Feature", "properties": { "NO": 819, "ENTIDAD": "HIDALGO", "MUNICIPIO": "Progreso de Obregón", "PUEBLO INDIGENA O AFROMEXICANO": "OTOMÍ", "LOCALIDAD": "EL JARDÍN [COLONIA]", "CLAVE LOC": 130500010, "TIPO DE ASENTAMIENTO": "COMUNIDAD INDIGENA", "NOMBRE": "EL JARDÍN [COLONIA]", "MONTO ASIGNADO (PESOS)": 269756, "LATITUD": 20.353235, "LONGITUD": -99.211309 }, "geometry": { "type": "Point", "coordinates": [ -99.211309, 20.353235 ] } },
{ "type": "Feature", "properties": { "NO": 820, "ENTIDAD": "HIDALGO", "MUNICIPIO": "Progreso de Obregón", "PUEBLO INDIGENA O AFROMEXICANO": "OTOMÍ", "LOCALIDAD": "EL MORENO", "CLAVE LOC": 130500012, "TIPO DE ASENTAMIENTO": "COMUNIDAD INDIGENA", "NOMBRE": "EL MORENO", "MONTO ASIGNADO (PESOS)": 1103184, "LATITUD": 20.301583, "LONGITUD": -99.173441 }, "geometry": { "type": "Point", "coordinates": [ -99.173441, 20.301583 ] } },
{ "type": "Feature", "properties": { "NO": 821, "ENTIDAD": "HIDALGO", "MUNICIPIO": "Progreso de Obregón", "PUEBLO INDIGENA O AFROMEXICANO": "OTOMÍ", "LOCALIDAD": "LA RANCHERÍA", "CLAVE LOC": 130500015, "TIPO DE ASENTAMIENTO": "COMUNIDAD INDIGENA", "NOMBRE": "LA RANCHERÍA", "MONTO ASIGNADO (PESOS)": 513883, "LATITUD": 20.29026, "LONGITUD": -99.188595 }, "geometry": { "type": "Point", "coordinates": [ -99.188595, 20.29026 ] } },
{ "type": "Feature", "properties": { "NO": 822, "ENTIDAD": "HIDALGO", "MUNICIPIO": "Progreso de Obregón", "PUEBLO INDIGENA O AFROMEXICANO": "OTOMÍ", "LOCALIDAD": "XOCHITLÁN", "CLAVE LOC": 130500003, "TIPO DE ASENTAMIENTO": "COMUNIDAD INDIGENA", "NOMBRE": "XOCHITLÁN", "MONTO ASIGNADO (PESOS)": 201044, "LATITUD": 20.296033, "LONGITUD": -99.187678 }, "geometry": { "type": "Point", "coordinates": [ -99.187678, 20.296033 ] } },
{ "type": "Feature", "properties": { "NO": 823, "ENTIDAD": "HIDALGO", "MUNICIPIO": "San Bartolo Tutotepec", "PUEBLO INDIGENA O AFROMEXICANO": "OTOMÍ", "LOCALIDAD": "AGUA ESCONDIDA", "CLAVE LOC": 130530003, "TIPO DE ASENTAMIENTO": "COMUNIDAD INDIGENA", "NOMBRE": "AGUA ESCONDIDA", "MONTO ASIGNADO (PESOS)": 123583, "LATITUD": 20.467048, "LONGITUD": -98.235366 }, "geometry": { "type": "Point", "coordinates": [ -98.235366, 20.467048 ] } },
{ "type": "Feature", "properties": { "NO": 824, "ENTIDAD": "HIDALGO", "MUNICIPIO": "San Bartolo Tutotepec", "PUEBLO INDIGENA O AFROMEXICANO": "OTOMÍ", "LOCALIDAD": "AGUA GRANDE", "CLAVE LOC": 130530004, "TIPO DE ASENTAMIENTO": "COMUNIDAD INDIGENA", "NOMBRE": "AGUA GRANDE", "MONTO ASIGNADO (PESOS)": 191421, "LATITUD": 20.492338, "LONGITUD": -98.148647 }, "geometry": { "type": "Point", "coordinates": [ -98.148647, 20.492338 ] } },
{ "type": "Feature", "properties": { "NO": 825, "ENTIDAD": "HIDALGO", "MUNICIPIO": "San Bartolo Tutotepec", "PUEBLO INDIGENA O AFROMEXICANO": "OTOMÍ", "LOCALIDAD": "AGUA HEDIONDA", "CLAVE LOC": 130530005, "TIPO DE ASENTAMIENTO": "COMUNIDAD INDIGENA", "NOMBRE": "AGUA HEDIONDA", "MONTO ASIGNADO (PESOS)": 161271, "LATITUD": 20.510523, "LONGITUD": -98.161842 }, "geometry": { "type": "Point", "coordinates": [ -98.161842, 20.510523 ] } },
{ "type": "Feature", "properties": { "NO": 826, "ENTIDAD": "HIDALGO", "MUNICIPIO": "San Bartolo Tutotepec", "PUEBLO INDIGENA O AFROMEXICANO": "OTOMÍ", "LOCALIDAD": "BARRIO DE LAS MARAVILLAS", "CLAVE LOC": 130530172, "TIPO DE ASENTAMIENTO": "COMUNIDAD INDIGENA", "NOMBRE": "BARRIO DE LAS MARAVILLAS", "MONTO ASIGNADO (PESOS)": 141171, "LATITUD": 20.517924, "LONGITUD": -98.081748 }, "geometry": { "type": "Point", "coordinates": [ -98.081748, 20.517924 ] } },
{ "type": "Feature", "properties": { "NO": 827, "ENTIDAD": "HIDALGO", "MUNICIPIO": "San Bartolo Tutotepec", "PUEBLO INDIGENA O AFROMEXICANO": "OTOMÍ", "LOCALIDAD": "BARRIO DEL CANJOY", "CLAVE LOC": 130530167, "TIPO DE ASENTAMIENTO": "COMUNIDAD INDIGENA", "NOMBRE": "BARRIO DEL CANJOY", "MONTO ASIGNADO (PESOS)": 91915, "LATITUD": 20.498333, "LONGITUD": -98.070833 }, "geometry": { "type": "Point", "coordinates": [ -98.070833, 20.498333 ] } },
{ "type": "Feature", "properties": { "NO": 828, "ENTIDAD": "HIDALGO", "MUNICIPIO": "San Bartolo Tutotepec", "PUEBLO INDIGENA O AFROMEXICANO": "OTOMÍ", "LOCALIDAD": "BUENA VISTA", "CLAVE LOC": 130530008, "TIPO DE ASENTAMIENTO": "COMUNIDAD INDIGENA", "NOMBRE": "BUENA VISTA", "MONTO ASIGNADO (PESOS)": 306941, "LATITUD": 20.387455, "LONGITUD": -98.216003 }, "geometry": { "type": "Point", "coordinates": [ -98.216003, 20.387455 ] } },
{ "type": "Feature", "properties": { "NO": 829, "ENTIDAD": "HIDALGO", "MUNICIPIO": "San Bartolo Tutotepec", "PUEBLO INDIGENA O AFROMEXICANO": "OTOMÍ", "LOCALIDAD": "CALINTLA", "CLAVE LOC": 130530009, "TIPO DE ASENTAMIENTO": "COMUNIDAD INDIGENA", "NOMBRE": "CALINTLA", "MONTO ASIGNADO (PESOS)": 386969, "LATITUD": 20.386311, "LONGITUD": -98.208162 }, "geometry": { "type": "Point", "coordinates": [ -98.208162, 20.386311 ] } },
{ "type": "Feature", "properties": { "NO": 830, "ENTIDAD": "HIDALGO", "MUNICIPIO": "San Bartolo Tutotepec", "PUEBLO INDIGENA O AFROMEXICANO": "OTOMÍ", "LOCALIDAD": "CERRO DE BUENA VISTA", "CLAVE LOC": 130530014, "TIPO DE ASENTAMIENTO": "COMUNIDAD INDIGENA", "NOMBRE": "CERRO DE BUENA VISTA", "MONTO ASIGNADO (PESOS)": 163783, "LATITUD": 20.487531, "LONGITUD": -98.123615 }, "geometry": { "type": "Point", "coordinates": [ -98.123615, 20.487531 ] } },
{ "type": "Feature", "properties": { "NO": 831, "ENTIDAD": "HIDALGO", "MUNICIPIO": "San Bartolo Tutotepec", "PUEBLO INDIGENA O AFROMEXICANO": "OTOMÍ", "LOCALIDAD": "CERRO MACHO", "CLAVE LOC": 130530015, "TIPO DE ASENTAMIENTO": "COMUNIDAD INDIGENA", "NOMBRE": "CERRO MACHO", "MONTO ASIGNADO (PESOS)": 288152, "LATITUD": 20.379742, "LONGITUD": -98.267477 }, "geometry": { "type": "Point", "coordinates": [ -98.267477, 20.379742 ] } },
{ "type": "Feature", "properties": { "NO": 832, "ENTIDAD": "HIDALGO", "MUNICIPIO": "San Bartolo Tutotepec", "PUEBLO INDIGENA O AFROMEXICANO": "OTOMÍ", "LOCALIDAD": "CERRO NEGRO", "CLAVE LOC": 130530128, "TIPO DE ASENTAMIENTO": "COMUNIDAD INDIGENA", "NOMBRE": "CERRO NEGRO", "MONTO ASIGNADO (PESOS)": 295689, "LATITUD": 20.42645, "LONGITUD": -98.18347 }, "geometry": { "type": "Point", "coordinates": [ -98.18347, 20.42645 ] } },
{ "type": "Feature", "properties": { "NO": 833, "ENTIDAD": "HIDALGO", "MUNICIPIO": "San Bartolo Tutotepec", "PUEBLO INDIGENA O AFROMEXICANO": "OTOMÍ", "LOCALIDAD": "CERRO VERDE", "CLAVE LOC": 130530017, "TIPO DE ASENTAMIENTO": "COMUNIDAD INDIGENA", "NOMBRE": "CERRO VERDE", "MONTO ASIGNADO (PESOS)": 318302, "LATITUD": 20.469871, "LONGITUD": -98.171754 }, "geometry": { "type": "Point", "coordinates": [ -98.171754, 20.469871 ] } },
{ "type": "Feature", "properties": { "NO": 834, "ENTIDAD": "HIDALGO", "MUNICIPIO": "San Bartolo Tutotepec", "PUEBLO INDIGENA O AFROMEXICANO": "OTOMÍ", "LOCALIDAD": "CHICAMOLE", "CLAVE LOC": 130530023, "TIPO DE ASENTAMIENTO": "COMUNIDAD INDIGENA", "NOMBRE": "CHICAMOLE", "MONTO ASIGNADO (PESOS)": 247952, "LATITUD": 20.43228, "LONGITUD": -98.230481 }, "geometry": { "type": "Point", "coordinates": [ -98.230481, 20.43228 ] } },
{ "type": "Feature", "properties": { "NO": 835, "ENTIDAD": "HIDALGO", "MUNICIPIO": "San Bartolo Tutotepec", "PUEBLO INDIGENA O AFROMEXICANO": "OTOMÍ", "LOCALIDAD": "COLONIA INDUSTRIAL", "CLAVE LOC": 130530126, "TIPO DE ASENTAMIENTO": "COMUNIDAD INDIGENA", "NOMBRE": "COLONIA INDUSTRIAL", "MONTO ASIGNADO (PESOS)": 721634, "LATITUD": 20.405139, "LONGITUD": -98.195357 }, "geometry": { "type": "Point", "coordinates": [ -98.195357, 20.405139 ] } },
{ "type": "Feature", "properties": { "NO": 836, "ENTIDAD": "HIDALGO", "MUNICIPIO": "San Bartolo Tutotepec", "PUEBLO INDIGENA O AFROMEXICANO": "OTOMÍ", "LOCALIDAD": "DIEZ CERROS", "CLAVE LOC": 130530130, "TIPO DE ASENTAMIENTO": "COMUNIDAD INDIGENA", "NOMBRE": "DIEZ CERROS", "MONTO ASIGNADO (PESOS)": 151734, "LATITUD": 20.422105, "LONGITUD": -98.165549 }, "geometry": { "type": "Point", "coordinates": [ -98.165549, 20.422105 ] } },
{ "type": "Feature", "properties": { "NO": 837, "ENTIDAD": "HIDALGO", "MUNICIPIO": "San Bartolo Tutotepec", "PUEBLO INDIGENA O AFROMEXICANO": "OTOMÍ", "LOCALIDAD": "EL BANCO", "CLAVE LOC": 130530007, "TIPO DE ASENTAMIENTO": "COMUNIDAD INDIGENA", "NOMBRE": "EL BANCO", "MONTO ASIGNADO (PESOS)": 252191, "LATITUD": 20.37792, "LONGITUD": -98.300064 }, "geometry": { "type": "Point", "coordinates": [ -98.300064, 20.37792 ] } },
{ "type": "Feature", "properties": { "NO": 838, "ENTIDAD": "HIDALGO", "MUNICIPIO": "San Bartolo Tutotepec", "PUEBLO INDIGENA O AFROMEXICANO": "OTOMÍ", "LOCALIDAD": "EL CANDEJE", "CLAVE LOC": 130530011, "TIPO DE ASENTAMIENTO": "COMUNIDAD INDIGENA", "NOMBRE": "EL CANDEJE", "MONTO ASIGNADO (PESOS)": 162527, "LATITUD": 20.40818, "LONGITUD": -98.192399 }, "geometry": { "type": "Point", "coordinates": [ -98.192399, 20.40818 ] } },
{ "type": "Feature", "properties": { "NO": 839, "ENTIDAD": "HIDALGO", "MUNICIPIO": "San Bartolo Tutotepec", "PUEBLO INDIGENA O AFROMEXICANO": "OTOMÍ", "LOCALIDAD": "EL CANJOY", "CLAVE LOC": 130530012, "TIPO DE ASENTAMIENTO": "COMUNIDAD INDIGENA", "NOMBRE": "EL CANJOY", "MONTO ASIGNADO (PESOS)": 484127, "LATITUD": 20.504014, "LONGITUD": -98.068299 }, "geometry": { "type": "Point", "coordinates": [ -98.068299, 20.504014 ] } },
{ "type": "Feature", "properties": { "NO": 840, "ENTIDAD": "HIDALGO", "MUNICIPIO": "San Bartolo Tutotepec", "PUEBLO INDIGENA O AFROMEXICANO": "OTOMÍ", "LOCALIDAD": "EL COPAL", "CLAVE LOC": 130530018, "TIPO DE ASENTAMIENTO": "COMUNIDAD INDIGENA", "NOMBRE": "EL COPAL", "MONTO ASIGNADO (PESOS)": 406239, "LATITUD": 20.471388, "LONGITUD": -98.194444 }, "geometry": { "type": "Point", "coordinates": [ -98.194444, 20.471388 ] } },
{ "type": "Feature", "properties": { "NO": 841, "ENTIDAD": "HIDALGO", "MUNICIPIO": "San Bartolo Tutotepec", "PUEBLO INDIGENA O AFROMEXICANO": "OTOMÍ", "LOCALIDAD": "EL DENXE", "CLAVE LOC": 130530129, "TIPO DE ASENTAMIENTO": "COMUNIDAD INDIGENA", "NOMBRE": "EL DENXE", "MONTO ASIGNADO (PESOS)": 256746, "LATITUD": 20.443915, "LONGITUD": -98.163666 }, "geometry": { "type": "Point", "coordinates": [ -98.163666, 20.443915 ] } },
{ "type": "Feature", "properties": { "NO": 842, "ENTIDAD": "HIDALGO", "MUNICIPIO": "San Bartolo Tutotepec", "PUEBLO INDIGENA O AFROMEXICANO": "OTOMÍ", "LOCALIDAD": "EL DÓNIMO", "CLAVE LOC": 130530024, "TIPO DE ASENTAMIENTO": "COMUNIDAD INDIGENA", "NOMBRE": "EL DÓNIMO", "MONTO ASIGNADO (PESOS)": 150117, "LATITUD": 20.396881, "LONGITUD": -98.228288 }, "geometry": { "type": "Point", "coordinates": [ -98.228288, 20.396881 ] } },
{ "type": "Feature", "properties": { "NO": 843, "ENTIDAD": "HIDALGO", "MUNICIPIO": "San Bartolo Tutotepec", "PUEBLO INDIGENA O AFROMEXICANO": "OTOMÍ", "LOCALIDAD": "EL ENCINAL", "CLAVE LOC": 130530025, "TIPO DE ASENTAMIENTO": "COMUNIDAD INDIGENA", "NOMBRE": "EL ENCINAL", "MONTO ASIGNADO (PESOS)": 162527, "LATITUD": 20.422543, "LONGITUD": -98.224155 }, "geometry": { "type": "Point", "coordinates": [ -98.224155, 20.422543 ] } },
{ "type": "Feature", "properties": { "NO": 844, "ENTIDAD": "HIDALGO", "MUNICIPIO": "San Bartolo Tutotepec", "PUEBLO INDIGENA O AFROMEXICANO": "OTOMÍ", "LOCALIDAD": "EL FRESNO", "CLAVE LOC": 130530095, "TIPO DE ASENTAMIENTO": "COMUNIDAD INDIGENA", "NOMBRE": "EL FRESNO", "MONTO ASIGNADO (PESOS)": 177602, "LATITUD": 20.435476, "LONGITUD": -98.184722 }, "geometry": { "type": "Point", "coordinates": [ -98.184722, 20.435476 ] } },
{ "type": "Feature", "properties": { "NO": 845, "ENTIDAD": "HIDALGO", "MUNICIPIO": "San Bartolo Tutotepec", "PUEBLO INDIGENA O AFROMEXICANO": "OTOMÍ", "LOCALIDAD": "EL HONGO", "CLAVE LOC": 130530026, "TIPO DE ASENTAMIENTO": "COMUNIDAD INDIGENA", "NOMBRE": "EL HONGO", "MONTO ASIGNADO (PESOS)": 127352, "LATITUD": 20.43216, "LONGITUD": -98.244792 }, "geometry": { "type": "Point", "coordinates": [ -98.244792, 20.43216 ] } },
{ "type": "Feature", "properties": { "NO": 846, "ENTIDAD": "HIDALGO", "MUNICIPIO": "San Bartolo Tutotepec", "PUEBLO INDIGENA O AFROMEXICANO": "OTOMÍ", "LOCALIDAD": "EL JICOTE", "CLAVE LOC": 130530029, "TIPO DE ASENTAMIENTO": "COMUNIDAD INDIGENA", "NOMBRE": "EL JICOTE", "MONTO ASIGNADO (PESOS)": 148501, "LATITUD": 20.456936, "LONGITUD": -98.134982 }, "geometry": { "type": "Point", "coordinates": [ -98.134982, 20.456936 ] } },
{ "type": "Feature", "properties": { "NO": 847, "ENTIDAD": "HIDALGO", "MUNICIPIO": "San Bartolo Tutotepec", "PUEBLO INDIGENA O AFROMEXICANO": "OTOMÍ", "LOCALIDAD": "EL JOVIÓN", "CLAVE LOC": 130530030, "TIPO DE ASENTAMIENTO": "COMUNIDAD INDIGENA", "NOMBRE": "EL JOVIÓN", "MONTO ASIGNADO (PESOS)": 209008, "LATITUD": 20.446764, "LONGITUD": -98.242125 }, "geometry": { "type": "Point", "coordinates": [ -98.242125, 20.446764 ] } },
{ "type": "Feature", "properties": { "NO": 848, "ENTIDAD": "HIDALGO", "MUNICIPIO": "San Bartolo Tutotepec", "PUEBLO INDIGENA O AFROMEXICANO": "OTOMÍ", "LOCALIDAD": "EL LINDERO CHICO", "CLAVE LOC": 130530133, "TIPO DE ASENTAMIENTO": "COMUNIDAD INDIGENA", "NOMBRE": "EL LINDERO CHICO", "MONTO ASIGNADO (PESOS)": 124249, "LATITUD": 20.418254, "LONGITUD": -98.213582 }, "geometry": { "type": "Point", "coordinates": [ -98.213582, 20.418254 ] } },
{ "type": "Feature", "properties": { "NO": 849, "ENTIDAD": "HIDALGO", "MUNICIPIO": "San Bartolo Tutotepec", "PUEBLO INDIGENA O AFROMEXICANO": "OTOMÍ", "LOCALIDAD": "EL MAHUAQUITE", "CLAVE LOC": 130530036, "TIPO DE ASENTAMIENTO": "COMUNIDAD INDIGENA", "NOMBRE": "EL MAHUAQUITE", "MONTO ASIGNADO (PESOS)": 165039, "LATITUD": 20.44666, "LONGITUD": -98.292296 }, "geometry": { "type": "Point", "coordinates": [ -98.292296, 20.44666 ] } },
{ "type": "Feature", "properties": { "NO": 850, "ENTIDAD": "HIDALGO", "MUNICIPIO": "San Bartolo Tutotepec", "PUEBLO INDIGENA O AFROMEXICANO": "OTOMÍ", "LOCALIDAD": "EL MAVODO", "CLAVE LOC": 130530037, "TIPO DE ASENTAMIENTO": "COMUNIDAD INDIGENA", "NOMBRE": "EL MAVODO", "MONTO ASIGNADO (PESOS)": 382927, "LATITUD": 20.417987, "LONGITUD": -98.198902 }, "geometry": { "type": "Point", "coordinates": [ -98.198902, 20.417987 ] } },
{ "type": "Feature", "properties": { "NO": 851, "ENTIDAD": "HIDALGO", "MUNICIPIO": "San Bartolo Tutotepec", "PUEBLO INDIGENA O AFROMEXICANO": "OTOMÍ", "LOCALIDAD": "EL MUNDHÓ", "CLAVE LOC": 130530043, "TIPO DE ASENTAMIENTO": "COMUNIDAD INDIGENA", "NOMBRE": "EL MUNDHÓ", "MONTO ASIGNADO (PESOS)": 193933, "LATITUD": 20.386529, "LONGITUD": -98.24609 }, "geometry": { "type": "Point", "coordinates": [ -98.24609, 20.386529 ] } },
{ "type": "Feature", "properties": { "NO": 852, "ENTIDAD": "HIDALGO", "MUNICIPIO": "San Bartolo Tutotepec", "PUEBLO INDIGENA O AFROMEXICANO": "OTOMÍ", "LOCALIDAD": "EL NANDHO", "CLAVE LOC": 130530136, "TIPO DE ASENTAMIENTO": "COMUNIDAD INDIGENA", "NOMBRE": "EL NANDHO", "MONTO ASIGNADO (PESOS)": 261771, "LATITUD": 20.391175, "LONGITUD": -98.237927 }, "geometry": { "type": "Point", "coordinates": [ -98.237927, 20.391175 ] } },
{ "type": "Feature", "properties": { "NO": 853, "ENTIDAD": "HIDALGO", "MUNICIPIO": "San Bartolo Tutotepec", "PUEBLO INDIGENA O AFROMEXICANO": "OTOMÍ", "LOCALIDAD": "EL NANJO", "CLAVE LOC": 130530046, "TIPO DE ASENTAMIENTO": "COMUNIDAD INDIGENA", "NOMBRE": "EL NANJO", "MONTO ASIGNADO (PESOS)": 131525, "LATITUD": 20.52351, "LONGITUD": -98.078664 }, "geometry": { "type": "Point", "coordinates": [ -98.078664, 20.52351 ] } },
{ "type": "Feature", "properties": { "NO": 854, "ENTIDAD": "HIDALGO", "MUNICIPIO": "San Bartolo Tutotepec", "PUEBLO INDIGENA O AFROMEXICANO": "OTOMÍ", "LOCALIDAD": "EL NENJO", "CLAVE LOC": 130530049, "TIPO DE ASENTAMIENTO": "COMUNIDAD INDIGENA", "NOMBRE": "EL NENJO", "MONTO ASIGNADO (PESOS)": 242927, "LATITUD": 20.508956, "LONGITUD": -98.223067 }, "geometry": { "type": "Point", "coordinates": [ -98.223067, 20.508956 ] } },
{ "type": "Feature", "properties": { "NO": 855, "ENTIDAD": "HIDALGO", "MUNICIPIO": "San Bartolo Tutotepec", "PUEBLO INDIGENA O AFROMEXICANO": "OTOMÍ", "LOCALIDAD": "EL PARAÍSO DE TIERRA FUERTE", "CLAVE LOC": 130530053, "TIPO DE ASENTAMIENTO": "COMUNIDAD INDIGENA", "NOMBRE": "EL PARAÍSO DE TIERRA FUERTE", "MONTO ASIGNADO (PESOS)": 121016, "LATITUD": 20.442499, "LONGITUD": -98.130354 }, "geometry": { "type": "Point", "coordinates": [ -98.130354, 20.442499 ] } },
{ "type": "Feature", "properties": { "NO": 856, "ENTIDAD": "HIDALGO", "MUNICIPIO": "San Bartolo Tutotepec", "PUEBLO INDIGENA O AFROMEXICANO": "OTOMÍ", "LOCALIDAD": "EL PEDREGAL", "CLAVE LOC": 130530054, "TIPO DE ASENTAMIENTO": "COMUNIDAD INDIGENA", "NOMBRE": "EL PEDREGAL", "MONTO ASIGNADO (PESOS)": 278102, "LATITUD": 20.423831, "LONGITUD": -98.193253 }, "geometry": { "type": "Point", "coordinates": [ -98.193253, 20.423831 ] } },
{ "type": "Feature", "properties": { "NO": 857, "ENTIDAD": "HIDALGO", "MUNICIPIO": "San Bartolo Tutotepec", "PUEBLO INDIGENA O AFROMEXICANO": "OTOMÍ", "LOCALIDAD": "EL PIÑAL", "CLAVE LOC": 130530147, "TIPO DE ASENTAMIENTO": "COMUNIDAD INDIGENA", "NOMBRE": "EL PIÑAL", "MONTO ASIGNADO (PESOS)": 190164, "LATITUD": 20.522305, "LONGITUD": -98.179687 }, "geometry": { "type": "Point", "coordinates": [ -98.179687, 20.522305 ] } },
{ "type": "Feature", "properties": { "NO": 858, "ENTIDAD": "HIDALGO", "MUNICIPIO": "San Bartolo Tutotepec", "PUEBLO INDIGENA O AFROMEXICANO": "OTOMÍ", "LOCALIDAD": "EL POPOTILLO GRANDE", "CLAVE LOC": 130530061, "TIPO DE ASENTAMIENTO": "COMUNIDAD INDIGENA", "NOMBRE": "EL POPOTILLO GRANDE", "MONTO ASIGNADO (PESOS)": 167552, "LATITUD": 20.45774, "LONGITUD": -98.187179 }, "geometry": { "type": "Point", "coordinates": [ -98.187179, 20.45774 ] } },
{ "type": "Feature", "properties": { "NO": 859, "ENTIDAD": "HIDALGO", "MUNICIPIO": "San Bartolo Tutotepec", "PUEBLO INDIGENA O AFROMEXICANO": "OTOMÍ", "LOCALIDAD": "EL PROGRESO", "CLAVE LOC": 130530063, "TIPO DE ASENTAMIENTO": "COMUNIDAD INDIGENA", "NOMBRE": "EL PROGRESO", "MONTO ASIGNADO (PESOS)": 152477, "LATITUD": 20.395821, "LONGITUD": -98.255674 }, "geometry": { "type": "Point", "coordinates": [ -98.255674, 20.395821 ] } },
{ "type": "Feature", "properties": { "NO": 860, "ENTIDAD": "HIDALGO", "MUNICIPIO": "San Bartolo Tutotepec", "PUEBLO INDIGENA O AFROMEXICANO": "OTOMÍ", "LOCALIDAD": "EL SEIS", "CLAVE LOC": 130530112, "TIPO DE ASENTAMIENTO": "COMUNIDAD INDIGENA", "NOMBRE": "EL SEIS", "MONTO ASIGNADO (PESOS)": 160014, "LATITUD": 20.457601, "LONGITUD": -98.219992 }, "geometry": { "type": "Point", "coordinates": [ -98.219992, 20.457601 ] } },
{ "type": "Feature", "properties": { "NO": 861, "ENTIDAD": "HIDALGO", "MUNICIPIO": "San Bartolo Tutotepec", "PUEBLO INDIGENA O AFROMEXICANO": "OTOMÍ", "LOCALIDAD": "EL VEINTE", "CLAVE LOC": 130530085, "TIPO DE ASENTAMIENTO": "COMUNIDAD INDIGENA", "NOMBRE": "EL VEINTE", "MONTO ASIGNADO (PESOS)": 562485, "LATITUD": 20.507957, "LONGITUD": -98.149947 }, "geometry": { "type": "Point", "coordinates": [ -98.149947, 20.507957 ] } },
{ "type": "Feature", "properties": { "NO": 862, "ENTIDAD": "HIDALGO", "MUNICIPIO": "San Bartolo Tutotepec", "PUEBLO INDIGENA O AFROMEXICANO": "OTOMÍ", "LOCALIDAD": "EL XÚCHITL", "CLAVE LOC": 130530111, "TIPO DE ASENTAMIENTO": "COMUNIDAD INDIGENA", "NOMBRE": "EL XÚCHITL", "MONTO ASIGNADO (PESOS)": 225339, "LATITUD": 20.519622, "LONGITUD": -98.21013 }, "geometry": { "type": "Point", "coordinates": [ -98.21013, 20.519622 ] } },
{ "type": "Feature", "properties": { "NO": 863, "ENTIDAD": "HIDALGO", "MUNICIPIO": "San Bartolo Tutotepec", "PUEBLO INDIGENA O AFROMEXICANO": "OTOMÍ", "LOCALIDAD": "EL ZENTHE", "CLAVE LOC": 130530092, "TIPO DE ASENTAMIENTO": "COMUNIDAD INDIGENA", "NOMBRE": "EL ZENTHE", "MONTO ASIGNADO (PESOS)": 159818, "LATITUD": 20.521048, "LONGITUD": -98.167503 }, "geometry": { "type": "Point", "coordinates": [ -98.167503, 20.521048 ] } },
{ "type": "Feature", "properties": { "NO": 864, "ENTIDAD": "HIDALGO", "MUNICIPIO": "San Bartolo Tutotepec", "PUEBLO INDIGENA O AFROMEXICANO": "OTOMÍ", "LOCALIDAD": "HUASQUILLA", "CLAVE LOC": 130530028, "TIPO DE ASENTAMIENTO": "COMUNIDAD INDIGENA", "NOMBRE": "HUASQUILLA", "MONTO ASIGNADO (PESOS)": 245439, "LATITUD": 20.446227, "LONGITUD": -98.22256 }, "geometry": { "type": "Point", "coordinates": [ -98.22256, 20.446227 ] } },
{ "type": "Feature", "properties": { "NO": 865, "ENTIDAD": "HIDALGO", "MUNICIPIO": "San Bartolo Tutotepec", "PUEBLO INDIGENA O AFROMEXICANO": "OTOMÍ", "LOCALIDAD": "JUNTAS DEL RÍO", "CLAVE LOC": 130530066, "TIPO DE ASENTAMIENTO": "COMUNIDAD INDIGENA", "NOMBRE": "JUNTAS DEL RÍO", "MONTO ASIGNADO (PESOS)": 148708, "LATITUD": 20.430912, "LONGITUD": -98.315229 }, "geometry": { "type": "Point", "coordinates": [ -98.315229, 20.430912 ] } },
{ "type": "Feature", "properties": { "NO": 866, "ENTIDAD": "HIDALGO", "MUNICIPIO": "San Bartolo Tutotepec", "PUEBLO INDIGENA O AFROMEXICANO": "OTOMÍ", "LOCALIDAD": "LA CAMPANA", "CLAVE LOC": 130530010, "TIPO DE ASENTAMIENTO": "COMUNIDAD INDIGENA", "NOMBRE": "LA CAMPANA", "MONTO ASIGNADO (PESOS)": 107252, "LATITUD": 20.405396, "LONGITUD": -98.184287 }, "geometry": { "type": "Point", "coordinates": [ -98.184287, 20.405396 ] } },
{ "type": "Feature", "properties": { "NO": 867, "ENTIDAD": "HIDALGO", "MUNICIPIO": "San Bartolo Tutotepec", "PUEBLO INDIGENA O AFROMEXICANO": "OTOMÍ", "LOCALIDAD": "LA CUEVA", "CLAVE LOC": 130530021, "TIPO DE ASENTAMIENTO": "COMUNIDAD INDIGENA", "NOMBRE": "LA CUEVA", "MONTO ASIGNADO (PESOS)": 142427, "LATITUD": 20.515438, "LONGITUD": -98.172324 }, "geometry": { "type": "Point", "coordinates": [ -98.172324, 20.515438 ] } },
{ "type": "Feature", "properties": { "NO": 868, "ENTIDAD": "HIDALGO", "MUNICIPIO": "San Bartolo Tutotepec", "PUEBLO INDIGENA O AFROMEXICANO": "OTOMÍ", "LOCALIDAD": "LA CUMBRE DE LA CAMPANA", "CLAVE LOC": 130530144, "TIPO DE ASENTAMIENTO": "COMUNIDAD INDIGENA", "NOMBRE": "LA CUMBRE DE LA CAMPANA", "MONTO ASIGNADO (PESOS)": 197003, "LATITUD": 20.404089, "LONGITUD": -98.192535 }, "geometry": { "type": "Point", "coordinates": [ -98.192535, 20.404089 ] } },
{ "type": "Feature", "properties": { "NO": 869, "ENTIDAD": "HIDALGO", "MUNICIPIO": "San Bartolo Tutotepec", "PUEBLO INDIGENA O AFROMEXICANO": "OTOMÍ", "LOCALIDAD": "LA CUMBRE DE MURIDORES", "CLAVE LOC": 130530022, "TIPO DE ASENTAMIENTO": "COMUNIDAD INDIGENA", "NOMBRE": "LA CUMBRE DE MURIDORES", "MONTO ASIGNADO (PESOS)": 339275, "LATITUD": 20.345316, "LONGITUD": -98.322676 }, "geometry": { "type": "Point", "coordinates": [ -98.322676, 20.345316 ] } },
{ "type": "Feature", "properties": { "NO": 870, "ENTIDAD": "HIDALGO", "MUNICIPIO": "San Bartolo Tutotepec", "PUEBLO INDIGENA O AFROMEXICANO": "OTOMÍ", "LOCALIDAD": "LA FLOR DE SANTIAGO (LA FLOR)", "CLAVE LOC": 130530099, "TIPO DE ASENTAMIENTO": "COMUNIDAD INDIGENA", "NOMBRE": "LA FLOR DE SANTIAGO (LA FLOR)", "MONTO ASIGNADO (PESOS)": 126096, "LATITUD": 20.40254, "LONGITUD": -98.234164 }, "geometry": { "type": "Point", "coordinates": [ -98.234164, 20.40254 ] } },
{ "type": "Feature", "properties": { "NO": 871, "ENTIDAD": "HIDALGO", "MUNICIPIO": "San Bartolo Tutotepec", "PUEBLO INDIGENA O AFROMEXICANO": "OTOMÍ", "LOCALIDAD": "LA HUAHUA", "CLAVE LOC": 130530027, "TIPO DE ASENTAMIENTO": "COMUNIDAD INDIGENA", "NOMBRE": "LA HUAHUA", "MONTO ASIGNADO (PESOS)": 201044, "LATITUD": 20.430512, "LONGITUD": -98.204428 }, "geometry": { "type": "Point", "coordinates": [ -98.204428, 20.430512 ] } },
{ "type": "Feature", "properties": { "NO": 872, "ENTIDAD": "HIDALGO", "MUNICIPIO": "San Bartolo Tutotepec", "PUEBLO INDIGENA O AFROMEXICANO": "OTOMÍ", "LOCALIDAD": "LA JOYA", "CLAVE LOC": 130530113, "TIPO DE ASENTAMIENTO": "COMUNIDAD INDIGENA", "NOMBRE": "LA JOYA", "MONTO ASIGNADO (PESOS)": 562014, "LATITUD": 20.498561, "LONGITUD": -98.149247 }, "geometry": { "type": "Point", "coordinates": [ -98.149247, 20.498561 ] } },
{ "type": "Feature", "properties": { "NO": 873, "ENTIDAD": "HIDALGO", "MUNICIPIO": "San Bartolo Tutotepec", "PUEBLO INDIGENA O AFROMEXICANO": "OTOMÍ", "LOCALIDAD": "LA LOMA DE CERRO VERDE", "CLAVE LOC": 130530159, "TIPO DE ASENTAMIENTO": "COMUNIDAD INDIGENA", "NOMBRE": "LA LOMA DE CERRO VERDE", "MONTO ASIGNADO (PESOS)": 115357, "LATITUD": 20.458484, "LONGITUD": -98.172234 }, "geometry": { "type": "Point", "coordinates": [ -98.172234, 20.458484 ] } },
{ "type": "Feature", "properties": { "NO": 874, "ENTIDAD": "HIDALGO", "MUNICIPIO": "San Bartolo Tutotepec", "PUEBLO INDIGENA O AFROMEXICANO": "OTOMÍ", "LOCALIDAD": "LA LOMA DE SAN ANDRÉS", "CLAVE LOC": 130530134, "TIPO DE ASENTAMIENTO": "COMUNIDAD INDIGENA", "NOMBRE": "LA LOMA DE SAN ANDRÉS", "MONTO ASIGNADO (PESOS)": 116046, "LATITUD": 20.492691, "LONGITUD": -98.087828 }, "geometry": { "type": "Point", "coordinates": [ -98.087828, 20.492691 ] } },
{ "type": "Feature", "properties": { "NO": 875, "ENTIDAD": "HIDALGO", "MUNICIPIO": "San Bartolo Tutotepec", "PUEBLO INDIGENA O AFROMEXICANO": "OTOMÍ", "LOCALIDAD": "LA MESA", "CLAVE LOC": 130530166, "TIPO DE ASENTAMIENTO": "COMUNIDAD INDIGENA", "NOMBRE": "LA MESA", "MONTO ASIGNADO (PESOS)": 141225, "LATITUD": 20.406142, "LONGITUD": -98.228034 }, "geometry": { "type": "Point", "coordinates": [ -98.228034, 20.406142 ] } },
{ "type": "Feature", "properties": { "NO": 876, "ENTIDAD": "HIDALGO", "MUNICIPIO": "San Bartolo Tutotepec", "PUEBLO INDIGENA O AFROMEXICANO": "OTOMÍ", "LOCALIDAD": "LA SABANA", "CLAVE LOC": 130530115, "TIPO DE ASENTAMIENTO": "COMUNIDAD INDIGENA", "NOMBRE": "LA SABANA", "MONTO ASIGNADO (PESOS)": 162527, "LATITUD": 20.546596, "LONGITUD": -98.129994 }, "geometry": { "type": "Point", "coordinates": [ -98.129994, 20.546596 ] } },
{ "type": "Feature", "properties": { "NO": 877, "ENTIDAD": "HIDALGO", "MUNICIPIO": "San Bartolo Tutotepec", "PUEBLO INDIGENA O AFROMEXICANO": "OTOMÍ", "LOCALIDAD": "LA SEGUNDA RANCHERÍA", "CLAVE LOC": 130530109, "TIPO DE ASENTAMIENTO": "COMUNIDAD INDIGENA", "NOMBRE": "LA SEGUNDA RANCHERÍA", "MONTO ASIGNADO (PESOS)": 207752, "LATITUD": 20.427311, "LONGITUD": -98.158704 }, "geometry": { "type": "Point", "coordinates": [ -98.158704, 20.427311 ] } },
{ "type": "Feature", "properties": { "NO": 878, "ENTIDAD": "HIDALGO", "MUNICIPIO": "San Bartolo Tutotepec", "PUEBLO INDIGENA O AFROMEXICANO": "OTOMÍ", "LOCALIDAD": "LA VENTA", "CLAVE LOC": 130530086, "TIPO DE ASENTAMIENTO": "COMUNIDAD INDIGENA", "NOMBRE": "LA VENTA", "MONTO ASIGNADO (PESOS)": 241671, "LATITUD": 20.448056, "LONGITUD": -98.263108 }, "geometry": { "type": "Point", "coordinates": [ -98.263108, 20.448056 ] } },
{ "type": "Feature", "properties": { "NO": 879, "ENTIDAD": "HIDALGO", "MUNICIPIO": "San Bartolo Tutotepec", "PUEBLO INDIGENA O AFROMEXICANO": "OTOMÍ", "LOCALIDAD": "LA VENTILLA", "CLAVE LOC": 130530149, "TIPO DE ASENTAMIENTO": "COMUNIDAD INDIGENA", "NOMBRE": "LA VENTILLA", "MONTO ASIGNADO (PESOS)": 139914, "LATITUD": 20.405806, "LONGITUD": -98.263536 }, "geometry": { "type": "Point", "coordinates": [ -98.263536, 20.405806 ] } },
{ "type": "Feature", "properties": { "NO": 880, "ENTIDAD": "HIDALGO", "MUNICIPIO": "San Bartolo Tutotepec", "PUEBLO INDIGENA O AFROMEXICANO": "OTOMÍ", "LOCALIDAD": "LA VEREDA", "CLAVE LOC": 130530090, "TIPO DE ASENTAMIENTO": "COMUNIDAD INDIGENA", "NOMBRE": "LA VEREDA", "MONTO ASIGNADO (PESOS)": 340914, "LATITUD": 20.388986, "LONGITUD": -98.287136 }, "geometry": { "type": "Point", "coordinates": [ -98.287136, 20.388986 ] } },
{ "type": "Feature", "properties": { "NO": 881, "ENTIDAD": "HIDALGO", "MUNICIPIO": "San Bartolo Tutotepec", "PUEBLO INDIGENA O AFROMEXICANO": "OTOMÍ", "LOCALIDAD": "LOMA LARGA", "CLAVE LOC": 130530034, "TIPO DE ASENTAMIENTO": "COMUNIDAD INDIGENA", "NOMBRE": "LOMA LARGA", "MONTO ASIGNADO (PESOS)": 142427, "LATITUD": 20.449337, "LONGITUD": -98.27962 }, "geometry": { "type": "Point", "coordinates": [ -98.27962, 20.449337 ] } },
{ "type": "Feature", "properties": { "NO": 882, "ENTIDAD": "HIDALGO", "MUNICIPIO": "San Bartolo Tutotepec", "PUEBLO INDIGENA O AFROMEXICANO": "OTOMÍ", "LOCALIDAD": "LOS MANANTIALES", "CLAVE LOC": 130530162, "TIPO DE ASENTAMIENTO": "COMUNIDAD INDIGENA", "NOMBRE": "LOS MANANTIALES", "MONTO ASIGNADO (PESOS)": 283498, "LATITUD": 20.405297, "LONGITUD": -98.210899 }, "geometry": { "type": "Point", "coordinates": [ -98.210899, 20.405297 ] } },
{ "type": "Feature", "properties": { "NO": 883, "ENTIDAD": "HIDALGO", "MUNICIPIO": "San Bartolo Tutotepec", "PUEBLO INDIGENA O AFROMEXICANO": "OTOMÍ", "LOCALIDAD": "LOS REYES", "CLAVE LOC": 130530173, "TIPO DE ASENTAMIENTO": "COMUNIDAD INDIGENA", "NOMBRE": "LOS REYES", "MONTO ASIGNADO (PESOS)": 94340, "LATITUD": 20.394121, "LONGITUD": -98.197769 }, "geometry": { "type": "Point", "coordinates": [ -98.197769, 20.394121 ] } },
{ "type": "Feature", "properties": { "NO": 884, "ENTIDAD": "HIDALGO", "MUNICIPIO": "San Bartolo Tutotepec", "PUEBLO INDIGENA O AFROMEXICANO": "OTOMÍ", "LOCALIDAD": "MEDIA CUESTA", "CLAVE LOC": 130530171, "TIPO DE ASENTAMIENTO": "COMUNIDAD INDIGENA", "NOMBRE": "MEDIA CUESTA", "MONTO ASIGNADO (PESOS)": 176793, "LATITUD": 20.406508, "LONGITUD": -98.223186 }, "geometry": { "type": "Point", "coordinates": [ -98.223186, 20.406508 ] } },
{ "type": "Feature", "properties": { "NO": 885, "ENTIDAD": "HIDALGO", "MUNICIPIO": "San Bartolo Tutotepec", "PUEBLO INDIGENA O AFROMEXICANO": "OTOMÍ", "LOCALIDAD": "MEDIO MONTE", "CLAVE LOC": 130530038, "TIPO DE ASENTAMIENTO": "COMUNIDAD INDIGENA", "NOMBRE": "MEDIO MONTE", "MONTO ASIGNADO (PESOS)": 170064, "LATITUD": 20.414379, "LONGITUD": -98.238377 }, "geometry": { "type": "Point", "coordinates": [ -98.238377, 20.414379 ] } },
{ "type": "Feature", "properties": { "NO": 886, "ENTIDAD": "HIDALGO", "MUNICIPIO": "San Bartolo Tutotepec", "PUEBLO INDIGENA O AFROMEXICANO": "OTOMÍ", "LOCALIDAD": "MILPA LARGA", "CLAVE LOC": 130530039, "TIPO DE ASENTAMIENTO": "COMUNIDAD INDIGENA", "NOMBRE": "MILPA LARGA", "MONTO ASIGNADO (PESOS)": 131121, "LATITUD": 20.531813, "LONGITUD": -98.101527 }, "geometry": { "type": "Point", "coordinates": [ -98.101527, 20.531813 ] } },
{ "type": "Feature", "properties": { "NO": 887, "ENTIDAD": "HIDALGO", "MUNICIPIO": "San Bartolo Tutotepec", "PUEBLO INDIGENA O AFROMEXICANO": "OTOMÍ", "LOCALIDAD": "PALO GORDO", "CLAVE LOC": 130530052, "TIPO DE ASENTAMIENTO": "COMUNIDAD INDIGENA", "NOMBRE": "PALO GORDO", "MONTO ASIGNADO (PESOS)": 354733, "LATITUD": 20.490179, "LONGITUD": -98.208582 }, "geometry": { "type": "Point", "coordinates": [ -98.208582, 20.490179 ] } },
{ "type": "Feature", "properties": { "NO": 888, "ENTIDAD": "HIDALGO", "MUNICIPIO": "San Bartolo Tutotepec", "PUEBLO INDIGENA O AFROMEXICANO": "OTOMÍ", "LOCALIDAD": "PIE DEL CERRO", "CLAVE LOC": 130530056, "TIPO DE ASENTAMIENTO": "COMUNIDAD INDIGENA", "NOMBRE": "PIE DEL CERRO", "MONTO ASIGNADO (PESOS)": 398286, "LATITUD": 20.409465, "LONGITUD": -98.197999 }, "geometry": { "type": "Point", "coordinates": [ -98.197999, 20.409465 ] } },
{ "type": "Feature", "properties": { "NO": 889, "ENTIDAD": "HIDALGO", "MUNICIPIO": "San Bartolo Tutotepec", "PUEBLO INDIGENA O AFROMEXICANO": "OTOMÍ", "LOCALIDAD": "PIEDRA ANCHA", "CLAVE LOC": 130530058, "TIPO DE ASENTAMIENTO": "COMUNIDAD INDIGENA", "NOMBRE": "PIEDRA ANCHA", "MONTO ASIGNADO (PESOS)": 347196, "LATITUD": 20.453436, "LONGITUD": -98.202271 }, "geometry": { "type": "Point", "coordinates": [ -98.202271, 20.453436 ] } },
{ "type": "Feature", "properties": { "NO": 890, "ENTIDAD": "HIDALGO", "MUNICIPIO": "San Bartolo Tutotepec", "PUEBLO INDIGENA O AFROMEXICANO": "OTOMÍ", "LOCALIDAD": "PIEDRA BLANCA", "CLAVE LOC": 130530103, "TIPO DE ASENTAMIENTO": "COMUNIDAD INDIGENA", "NOMBRE": "PIEDRA BLANCA", "MONTO ASIGNADO (PESOS)": 111021, "LATITUD": 20.397166, "LONGITUD": -98.246648 }, "geometry": { "type": "Point", "coordinates": [ -98.246648, 20.397166 ] } },
{ "type": "Feature", "properties": { "NO": 891, "ENTIDAD": "HIDALGO", "MUNICIPIO": "San Bartolo Tutotepec", "PUEBLO INDIGENA O AFROMEXICANO": "OTOMÍ", "LOCALIDAD": "PIEDRA LARGA", "CLAVE LOC": 130530114, "TIPO DE ASENTAMIENTO": "COMUNIDAD INDIGENA", "NOMBRE": "PIEDRA LARGA", "MONTO ASIGNADO (PESOS)": 114789, "LATITUD": 20.523739, "LONGITUD": -98.129101 }, "geometry": { "type": "Point", "coordinates": [ -98.129101, 20.523739 ] } },
{ "type": "Feature", "properties": { "NO": 892, "ENTIDAD": "HIDALGO", "MUNICIPIO": "San Bartolo Tutotepec", "PUEBLO INDIGENA O AFROMEXICANO": "OTOMÍ", "LOCALIDAD": "PUEBLO NUEVO", "CLAVE LOC": 130530105, "TIPO DE ASENTAMIENTO": "COMUNIDAD INDIGENA", "NOMBRE": "PUEBLO NUEVO", "MONTO ASIGNADO (PESOS)": 180835, "LATITUD": 20.424266, "LONGITUD": -98.23786 }, "geometry": { "type": "Point", "coordinates": [ -98.23786, 20.424266 ] } },
{ "type": "Feature", "properties": { "NO": 893, "ENTIDAD": "HIDALGO", "MUNICIPIO": "San Bartolo Tutotepec", "PUEBLO INDIGENA O AFROMEXICANO": "OTOMÍ", "LOCALIDAD": "RANCHO NUEVO", "CLAVE LOC": 130530148, "TIPO DE ASENTAMIENTO": "COMUNIDAD INDIGENA", "NOMBRE": "RANCHO NUEVO", "MONTO ASIGNADO (PESOS)": 295689, "LATITUD": 20.481451, "LONGITUD": -98.222943 }, "geometry": { "type": "Point", "coordinates": [ -98.222943, 20.481451 ] } },
{ "type": "Feature", "properties": { "NO": 894, "ENTIDAD": "HIDALGO", "MUNICIPIO": "San Bartolo Tutotepec", "PUEBLO INDIGENA O AFROMEXICANO": "OTOMÍ", "LOCALIDAD": "RINCÓN DE CERRO MACHO", "CLAVE LOC": 130530083, "TIPO DE ASENTAMIENTO": "COMUNIDAD INDIGENA", "NOMBRE": "RINCÓN DE CERRO MACHO", "MONTO ASIGNADO (PESOS)": 116046, "LATITUD": 20.357533, "LONGITUD": -98.280888 }, "geometry": { "type": "Point", "coordinates": [ -98.280888, 20.357533 ] } },
{ "type": "Feature", "properties": { "NO": 895, "ENTIDAD": "HIDALGO", "MUNICIPIO": "San Bartolo Tutotepec", "PUEBLO INDIGENA O AFROMEXICANO": "OTOMÍ", "LOCALIDAD": "RÍO CHIQUITO", "CLAVE LOC": 130530065, "TIPO DE ASENTAMIENTO": "COMUNIDAD INDIGENA", "NOMBRE": "RÍO CHIQUITO", "MONTO ASIGNADO (PESOS)": 244183, "LATITUD": 20.410811, "LONGITUD": -98.223757 }, "geometry": { "type": "Point", "coordinates": [ -98.223757, 20.410811 ] } },
{ "type": "Feature", "properties": { "NO": 896, "ENTIDAD": "HIDALGO", "MUNICIPIO": "San Bartolo Tutotepec", "PUEBLO INDIGENA O AFROMEXICANO": "OTOMÍ", "LOCALIDAD": "SAN ANDRÉS", "CLAVE LOC": 130530067, "TIPO DE ASENTAMIENTO": "COMUNIDAD INDIGENA", "NOMBRE": "SAN ANDRÉS", "MONTO ASIGNADO (PESOS)": 1359733, "LATITUD": 20.502765, "LONGITUD": -98.095758 }, "geometry": { "type": "Point", "coordinates": [ -98.095758, 20.502765 ] } },
{ "type": "Feature", "properties": { "NO": 897, "ENTIDAD": "HIDALGO", "MUNICIPIO": "San Bartolo Tutotepec", "PUEBLO INDIGENA O AFROMEXICANO": "OTOMÍ", "LOCALIDAD": "SAN ANTONIO", "CLAVE LOC": 130530139, "TIPO DE ASENTAMIENTO": "COMUNIDAD INDIGENA", "NOMBRE": "SAN ANTONIO", "MONTO ASIGNADO (PESOS)": 121071, "LATITUD": 20.547352, "LONGITUD": -98.115323 }, "geometry": { "type": "Point", "coordinates": [ -98.115323, 20.547352 ] } },
{ "type": "Feature", "properties": { "NO": 898, "ENTIDAD": "HIDALGO", "MUNICIPIO": "San Bartolo Tutotepec", "PUEBLO INDIGENA O AFROMEXICANO": "OTOMÍ", "LOCALIDAD": "SAN GABRIEL", "CLAVE LOC": 130530169, "TIPO DE ASENTAMIENTO": "COMUNIDAD INDIGENA", "NOMBRE": "SAN GABRIEL", "MONTO ASIGNADO (PESOS)": 192677, "LATITUD": 20.425198, "LONGITUD": -98.17593 }, "geometry": { "type": "Point", "coordinates": [ -98.17593, 20.425198 ] } },
{ "type": "Feature", "properties": { "NO": 899, "ENTIDAD": "HIDALGO", "MUNICIPIO": "San Bartolo Tutotepec", "PUEBLO INDIGENA O AFROMEXICANO": "OTOMÍ", "LOCALIDAD": "SAN JERÓNIMO", "CLAVE LOC": 130530068, "TIPO DE ASENTAMIENTO": "COMUNIDAD INDIGENA", "NOMBRE": "SAN JERÓNIMO", "MONTO ASIGNADO (PESOS)": 589652, "LATITUD": 20.485578, "LONGITUD": -98.156986 }, "geometry": { "type": "Point", "coordinates": [ -98.156986, 20.485578 ] } },
{ "type": "Feature", "properties": { "NO": 900, "ENTIDAD": "HIDALGO", "MUNICIPIO": "San Bartolo Tutotepec", "PUEBLO INDIGENA O AFROMEXICANO": "OTOMÍ", "LOCALIDAD": "SAN JUAN DE LAS FLORES", "CLAVE LOC": 130530069, "TIPO DE ASENTAMIENTO": "COMUNIDAD INDIGENA", "NOMBRE": "SAN JUAN DE LAS FLORES", "MONTO ASIGNADO (PESOS)": 391164, "LATITUD": 20.479787, "LONGITUD": -98.241765 }, "geometry": { "type": "Point", "coordinates": [ -98.241765, 20.479787 ] } },
{ "type": "Feature", "properties": { "NO": 901, "ENTIDAD": "HIDALGO", "MUNICIPIO": "San Bartolo Tutotepec", "PUEBLO INDIGENA O AFROMEXICANO": "OTOMÍ", "LOCALIDAD": "SAN MATEO", "CLAVE LOC": 130530070, "TIPO DE ASENTAMIENTO": "COMUNIDAD INDIGENA", "NOMBRE": "SAN MATEO", "MONTO ASIGNADO (PESOS)": 506739, "LATITUD": 20.456311, "LONGITUD": -98.14723 }, "geometry": { "type": "Point", "coordinates": [ -98.14723, 20.456311 ] } },
{ "type": "Feature", "properties": { "NO": 902, "ENTIDAD": "HIDALGO", "MUNICIPIO": "San Bartolo Tutotepec", "PUEBLO INDIGENA O AFROMEXICANO": "OTOMÍ", "LOCALIDAD": "SAN MIGUEL", "CLAVE LOC": 130530071, "TIPO DE ASENTAMIENTO": "COMUNIDAD INDIGENA", "NOMBRE": "SAN MIGUEL", "MONTO ASIGNADO (PESOS)": 347359, "LATITUD": 20.441766, "LONGITUD": -98.202478 }, "geometry": { "type": "Point", "coordinates": [ -98.202478, 20.441766 ] } },
{ "type": "Feature", "properties": { "NO": 903, "ENTIDAD": "HIDALGO", "MUNICIPIO": "San Bartolo Tutotepec", "PUEBLO INDIGENA O AFROMEXICANO": "OTOMÍ", "LOCALIDAD": "SAN SEBASTIÁN", "CLAVE LOC": 130530072, "TIPO DE ASENTAMIENTO": "COMUNIDAD INDIGENA", "NOMBRE": "SAN SEBASTIÁN", "MONTO ASIGNADO (PESOS)": 357246, "LATITUD": 20.570777, "LONGITUD": -98.116984 }, "geometry": { "type": "Point", "coordinates": [ -98.116984, 20.570777 ] } },
{ "type": "Feature", "properties": { "NO": 904, "ENTIDAD": "HIDALGO", "MUNICIPIO": "San Bartolo Tutotepec", "PUEBLO INDIGENA O AFROMEXICANO": "OTOMÍ", "LOCALIDAD": "SANTA CRUZ", "CLAVE LOC": 130530073, "TIPO DE ASENTAMIENTO": "COMUNIDAD INDIGENA", "NOMBRE": "SANTA CRUZ", "MONTO ASIGNADO (PESOS)": 732411, "LATITUD": 20.466789, "LONGITUD": -98.268236 }, "geometry": { "type": "Point", "coordinates": [ -98.268236, 20.466789 ] } },
{ "type": "Feature", "properties": { "NO": 905, "ENTIDAD": "HIDALGO", "MUNICIPIO": "San Bartolo Tutotepec", "PUEBLO INDIGENA O AFROMEXICANO": "OTOMÍ", "LOCALIDAD": "SANTIAGO", "CLAVE LOC": 130530074, "TIPO DE ASENTAMIENTO": "COMUNIDAD INDIGENA", "NOMBRE": "SANTIAGO", "MONTO ASIGNADO (PESOS)": 573702, "LATITUD": 20.399346, "LONGITUD": -98.218863 }, "geometry": { "type": "Point", "coordinates": [ -98.218863, 20.399346 ] } },
{ "type": "Feature", "properties": { "NO": 906, "ENTIDAD": "HIDALGO", "MUNICIPIO": "San Bartolo Tutotepec", "PUEBLO INDIGENA O AFROMEXICANO": "OTOMÍ", "LOCALIDAD": "TENANTITLÁN", "CLAVE LOC": 130530079, "TIPO DE ASENTAMIENTO": "COMUNIDAD INDIGENA", "NOMBRE": "TENANTITLÁN", "MONTO ASIGNADO (PESOS)": 227852, "LATITUD": 20.394088, "LONGITUD": -98.268635 }, "geometry": { "type": "Point", "coordinates": [ -98.268635, 20.394088 ] } },
{ "type": "Feature", "properties": { "NO": 907, "ENTIDAD": "HIDALGO", "MUNICIPIO": "San Bartolo Tutotepec", "PUEBLO INDIGENA O AFROMEXICANO": "OTOMÍ", "LOCALIDAD": "TIERRA FUERTE", "CLAVE LOC": 130530081, "TIPO DE ASENTAMIENTO": "COMUNIDAD INDIGENA", "NOMBRE": "TIERRA FUERTE", "MONTO ASIGNADO (PESOS)": 175089, "LATITUD": 20.434509, "LONGITUD": -98.257103 }, "geometry": { "type": "Point", "coordinates": [ -98.257103, 20.434509 ] } },
{ "type": "Feature", "properties": { "NO": 908, "ENTIDAD": "HIDALGO", "MUNICIPIO": "San Bartolo Tutotepec", "PUEBLO INDIGENA O AFROMEXICANO": "OTOMÍ", "LOCALIDAD": "TUTOTEPEC", "CLAVE LOC": 130530141, "TIPO DE ASENTAMIENTO": "COMUNIDAD INDIGENA", "NOMBRE": "TUTOTEPEC", "MONTO ASIGNADO (PESOS)": 290664, "LATITUD": 20.42678, "LONGITUD": -98.274119 }, "geometry": { "type": "Point", "coordinates": [ -98.274119, 20.42678 ] } },
{ "type": "Feature", "properties": { "NO": 909, "ENTIDAD": "HIDALGO", "MUNICIPIO": "San Bartolo Tutotepec", "PUEBLO INDIGENA O AFROMEXICANO": "OTOMÍ", "LOCALIDAD": "VALLE VERDE", "CLAVE LOC": 130530064, "TIPO DE ASENTAMIENTO": "COMUNIDAD INDIGENA", "NOMBRE": "VALLE VERDE", "MONTO ASIGNADO (PESOS)": 812979, "LATITUD": 20.401119, "LONGITUD": -98.195456 }, "geometry": { "type": "Point", "coordinates": [ -98.195456, 20.401119 ] } },
{ "type": "Feature", "properties": { "NO": 910, "ENTIDAD": "HIDALGO", "MUNICIPIO": "San Bartolo Tutotepec", "PUEBLO INDIGENA O AFROMEXICANO": "OTOMÍ", "LOCALIDAD": "XUCHITLÁN", "CLAVE LOC": 130530091, "TIPO DE ASENTAMIENTO": "COMUNIDAD INDIGENA", "NOMBRE": "XUCHITLÁN", "MONTO ASIGNADO (PESOS)": 608496, "LATITUD": 20.450161, "LONGITUD": -98.253154 }, "geometry": { "type": "Point", "coordinates": [ -98.253154, 20.450161 ] } },
{ "type": "Feature", "properties": { "NO": 911, "ENTIDAD": "HIDALGO", "MUNICIPIO": "San Felipe Orizatlán", "PUEBLO INDIGENA O AFROMEXICANO": "NAHUA", "LOCALIDAD": "AHUAIXPA", "CLAVE LOC": 130460006, "TIPO DE ASENTAMIENTO": "COMUNIDAD INDIGENA", "NOMBRE": "AHUAIXPA", "MONTO ASIGNADO (PESOS)": 237421, "LATITUD": 21.141116, "LONGITUD": -98.575237 }, "geometry": { "type": "Point", "coordinates": [ -98.575237, 21.141116 ] } },
{ "type": "Feature", "properties": { "NO": 912, "ENTIDAD": "HIDALGO", "MUNICIPIO": "San Felipe Orizatlán", "PUEBLO INDIGENA O AFROMEXICANO": "NAHUA", "LOCALIDAD": "AHUATEMPA", "CLAVE LOC": 130460003, "TIPO DE ASENTAMIENTO": "COMUNIDAD INDIGENA", "NOMBRE": "AHUATEMPA", "MONTO ASIGNADO (PESOS)": 1064143, "LATITUD": 21.160162, "LONGITUD": -98.597305 }, "geometry": { "type": "Point", "coordinates": [ -98.597305, 21.160162 ] } },
{ "type": "Feature", "properties": { "NO": 913, "ENTIDAD": "HIDALGO", "MUNICIPIO": "San Felipe Orizatlán", "PUEBLO INDIGENA O AFROMEXICANO": "NAHUA", "LOCALIDAD": "AHUEHUETITLA", "CLAVE LOC": 130460005, "TIPO DE ASENTAMIENTO": "COMUNIDAD INDIGENA", "NOMBRE": "AHUEHUETITLA", "MONTO ASIGNADO (PESOS)": 197811, "LATITUD": 21.163283, "LONGITUD": -98.572877 }, "geometry": { "type": "Point", "coordinates": [ -98.572877, 21.163283 ] } },
{ "type": "Feature", "properties": { "NO": 914, "ENTIDAD": "HIDALGO", "MUNICIPIO": "San Felipe Orizatlán", "PUEBLO INDIGENA O AFROMEXICANO": "NAHUA", "LOCALIDAD": "APAXTZINTLA", "CLAVE LOC": 130460008, "TIPO DE ASENTAMIENTO": "COMUNIDAD INDIGENA", "NOMBRE": "APAXTZINTLA", "MONTO ASIGNADO (PESOS)": 261672, "LATITUD": 21.15324, "LONGITUD": -98.563906 }, "geometry": { "type": "Point", "coordinates": [ -98.563906, 21.15324 ] } },
{ "type": "Feature", "properties": { "NO": 915, "ENTIDAD": "HIDALGO", "MUNICIPIO": "San Felipe Orizatlán", "PUEBLO INDIGENA O AFROMEXICANO": "NAHUA", "LOCALIDAD": "BUENOS AIRES", "CLAVE LOC": 130460085, "TIPO DE ASENTAMIENTO": "COMUNIDAD INDIGENA", "NOMBRE": "BUENOS AIRES", "MONTO ASIGNADO (PESOS)": 166285, "LATITUD": 21.315599, "LONGITUD": -98.569363 }, "geometry": { "type": "Point", "coordinates": [ -98.569363, 21.315599 ] } },
{ "type": "Feature", "properties": { "NO": 916, "ENTIDAD": "HIDALGO", "MUNICIPIO": "San Felipe Orizatlán", "PUEBLO INDIGENA O AFROMEXICANO": "NAHUA", "LOCALIDAD": "CECECAMEL", "CLAVE LOC": 130460105, "TIPO DE ASENTAMIENTO": "COMUNIDAD INDIGENA", "NOMBRE": "CECECAMEL", "MONTO ASIGNADO (PESOS)": 174368, "LATITUD": 21.193712, "LONGITUD": -98.567386 }, "geometry": { "type": "Point", "coordinates": [ -98.567386, 21.193712 ] } },
{ "type": "Feature", "properties": { "NO": 917, "ENTIDAD": "HIDALGO", "MUNICIPIO": "San Felipe Orizatlán", "PUEBLO INDIGENA O AFROMEXICANO": "NAHUA", "LOCALIDAD": "CHANCUETLÁN", "CLAVE LOC": 130460021, "TIPO DE ASENTAMIENTO": "COMUNIDAD INDIGENA", "NOMBRE": "CHANCUETLÁN", "MONTO ASIGNADO (PESOS)": 178410, "LATITUD": 21.30096, "LONGITUD": -98.600166 }, "geometry": { "type": "Point", "coordinates": [ -98.600166, 21.30096 ] } },
{ "type": "Feature", "properties": { "NO": 918, "ENTIDAD": "HIDALGO", "MUNICIPIO": "San Felipe Orizatlán", "PUEBLO INDIGENA O AFROMEXICANO": "NAHUA", "LOCALIDAD": "COAXOCOTITLA I", "CLAVE LOC": 130460144, "TIPO DE ASENTAMIENTO": "COMUNIDAD INDIGENA", "NOMBRE": "COAXOCOTITLA I", "MONTO ASIGNADO (PESOS)": 133950, "LATITUD": 21.238055, "LONGITUD": -98.564722 }, "geometry": { "type": "Point", "coordinates": [ -98.564722, 21.238055 ] } },
{ "type": "Feature", "properties": { "NO": 919, "ENTIDAD": "HIDALGO", "MUNICIPIO": "San Felipe Orizatlán", "PUEBLO INDIGENA O AFROMEXICANO": "NAHUA", "LOCALIDAD": "COAXOCOTITLA II", "CLAVE LOC": 130460017, "TIPO DE ASENTAMIENTO": "COMUNIDAD INDIGENA", "NOMBRE": "COAXOCOTITLA II", "MONTO ASIGNADO (PESOS)": 143650, "LATITUD": 21.241008, "LONGITUD": -98.565608 }, "geometry": { "type": "Point", "coordinates": [ -98.565608, 21.241008 ] } },
{ "type": "Feature", "properties": { "NO": 920, "ENTIDAD": "HIDALGO", "MUNICIPIO": "San Felipe Orizatlán", "PUEBLO INDIGENA O AFROMEXICANO": "NAHUA", "LOCALIDAD": "CUAMECACO", "CLAVE LOC": 130460016, "TIPO DE ASENTAMIENTO": "COMUNIDAD INDIGENA", "NOMBRE": "CUAMECACO", "MONTO ASIGNADO (PESOS)": 329575, "LATITUD": 21.263698, "LONGITUD": -98.544512 }, "geometry": { "type": "Point", "coordinates": [ -98.544512, 21.263698 ] } },
{ "type": "Feature", "properties": { "NO": 921, "ENTIDAD": "HIDALGO", "MUNICIPIO": "San Felipe Orizatlán", "PUEBLO INDIGENA O AFROMEXICANO": "NAHUA", "LOCALIDAD": "EJIDO 3 DE MARZO", "CLAVE LOC": 130460077, "TIPO DE ASENTAMIENTO": "COMUNIDAD INDIGENA", "NOMBRE": "EJIDO 3 DE MARZO", "MONTO ASIGNADO (PESOS)": 314216, "LATITUD": 21.159403, "LONGITUD": -98.621441 }, "geometry": { "type": "Point", "coordinates": [ -98.621441, 21.159403 ] } },
{ "type": "Feature", "properties": { "NO": 922, "ENTIDAD": "HIDALGO", "MUNICIPIO": "San Felipe Orizatlán", "PUEBLO INDIGENA O AFROMEXICANO": "NAHUA", "LOCALIDAD": "EJIDO LA CONEJA", "CLAVE LOC": 130460146, "TIPO DE ASENTAMIENTO": "COMUNIDAD INDIGENA", "NOMBRE": "EJIDO LA CONEJA", "MONTO ASIGNADO (PESOS)": 108890, "LATITUD": 21.319259, "LONGITUD": -98.550989 }, "geometry": { "type": "Point", "coordinates": [ -98.550989, 21.319259 ] } },
{ "type": "Feature", "properties": { "NO": 923, "ENTIDAD": "HIDALGO", "MUNICIPIO": "San Felipe Orizatlán", "PUEBLO INDIGENA O AFROMEXICANO": "NAHUA", "LOCALIDAD": "EJIDO PLAN DE AYALA", "CLAVE LOC": 130460162, "TIPO DE ASENTAMIENTO": "COMUNIDAD INDIGENA", "NOMBRE": "EJIDO PLAN DE AYALA", "MONTO ASIGNADO (PESOS)": 91106, "LATITUD": 21.375429, "LONGITUD": -98.492215 }, "geometry": { "type": "Point", "coordinates": [ -98.492215, 21.375429 ] } },
{ "type": "Feature", "properties": { "NO": 924, "ENTIDAD": "HIDALGO", "MUNICIPIO": "San Felipe Orizatlán", "PUEBLO INDIGENA O AFROMEXICANO": "NAHUA", "LOCALIDAD": "EL CARRIZAL", "CLAVE LOC": 130460099, "TIPO DE ASENTAMIENTO": "COMUNIDAD INDIGENA", "NOMBRE": "EL CARRIZAL", "MONTO ASIGNADO (PESOS)": 348168, "LATITUD": 21.226192, "LONGITUD": -98.544489 }, "geometry": { "type": "Point", "coordinates": [ -98.544489, 21.226192 ] } },
{ "type": "Feature", "properties": { "NO": 925, "ENTIDAD": "HIDALGO", "MUNICIPIO": "San Felipe Orizatlán", "PUEBLO INDIGENA O AFROMEXICANO": "NAHUA", "LOCALIDAD": "EL CERRO", "CLAVE LOC": 130460015, "TIPO DE ASENTAMIENTO": "COMUNIDAD INDIGENA", "NOMBRE": "EL CERRO", "MONTO ASIGNADO (PESOS)": 280265, "LATITUD": 21.370555, "LONGITUD": -98.469444 }, "geometry": { "type": "Point", "coordinates": [ -98.469444, 21.370555 ] } },
{ "type": "Feature", "properties": { "NO": 926, "ENTIDAD": "HIDALGO", "MUNICIPIO": "San Felipe Orizatlán", "PUEBLO INDIGENA O AFROMEXICANO": "NAHUA", "LOCALIDAD": "EL MANANTIAL", "CLAVE LOC": 130460133, "TIPO DE ASENTAMIENTO": "COMUNIDAD INDIGENA", "NOMBRE": "EL MANANTIAL", "MONTO ASIGNADO (PESOS)": 250355, "LATITUD": 21.190198, "LONGITUD": -98.603911 }, "geometry": { "type": "Point", "coordinates": [ -98.603911, 21.190198 ] } },
{ "type": "Feature", "properties": { "NO": 927, "ENTIDAD": "HIDALGO", "MUNICIPIO": "San Felipe Orizatlán", "PUEBLO INDIGENA O AFROMEXICANO": "NAHUA", "LOCALIDAD": "EL NARANJAL", "CLAVE LOC": 130460036, "TIPO DE ASENTAMIENTO": "COMUNIDAD INDIGENA", "NOMBRE": "EL NARANJAL", "MONTO ASIGNADO (PESOS)": 224487, "LATITUD": 21.191761, "LONGITUD": -98.57964 }, "geometry": { "type": "Point", "coordinates": [ -98.57964, 21.191761 ] } },
{ "type": "Feature", "properties": { "NO": 928, "ENTIDAD": "HIDALGO", "MUNICIPIO": "San Felipe Orizatlán", "PUEBLO INDIGENA O AFROMEXICANO": "NAHUA", "LOCALIDAD": "EL SAUCILLO", "CLAVE LOC": 130460081, "TIPO DE ASENTAMIENTO": "COMUNIDAD INDIGENA", "NOMBRE": "EL SAUCILLO", "MONTO ASIGNADO (PESOS)": 135567, "LATITUD": 21.294576, "LONGITUD": -98.592406 }, "geometry": { "type": "Point", "coordinates": [ -98.592406, 21.294576 ] } },
{ "type": "Feature", "properties": { "NO": 929, "ENTIDAD": "HIDALGO", "MUNICIPIO": "San Felipe Orizatlán", "PUEBLO INDIGENA O AFROMEXICANO": "NAHUA", "LOCALIDAD": "EL ZAPOTAL", "CLAVE LOC": 130460053, "TIPO DE ASENTAMIENTO": "COMUNIDAD INDIGENA", "NOMBRE": "EL ZAPOTAL", "MONTO ASIGNADO (PESOS)": 181371, "LATITUD": 21.237658, "LONGITUD": -98.573966 }, "geometry": { "type": "Point", "coordinates": [ -98.573966, 21.237658 ] } },
{ "type": "Feature", "properties": { "NO": 930, "ENTIDAD": "HIDALGO", "MUNICIPIO": "San Felipe Orizatlán", "PUEBLO INDIGENA O AFROMEXICANO": "NAHUA", "LOCALIDAD": "GENERALES AZUARA", "CLAVE LOC": 130460117, "TIPO DE ASENTAMIENTO": "COMUNIDAD INDIGENA", "NOMBRE": "GENERALES AZUARA", "MONTO ASIGNADO (PESOS)": 123441, "LATITUD": 21.316196, "LONGITUD": -98.575656 }, "geometry": { "type": "Point", "coordinates": [ -98.575656, 21.316196 ] } },
{ "type": "Feature", "properties": { "NO": 931, "ENTIDAD": "HIDALGO", "MUNICIPIO": "San Felipe Orizatlán", "PUEBLO INDIGENA O AFROMEXICANO": "NAHUA", "LOCALIDAD": "HUEXTETITLA", "CLAVE LOC": 130460023, "TIPO DE ASENTAMIENTO": "COMUNIDAD INDIGENA", "NOMBRE": "HUEXTETITLA", "MONTO ASIGNADO (PESOS)": 236613, "LATITUD": 21.161401, "LONGITUD": -98.559175 }, "geometry": { "type": "Point", "coordinates": [ -98.559175, 21.161401 ] } },
{ "type": "Feature", "properties": { "NO": 932, "ENTIDAD": "HIDALGO", "MUNICIPIO": "San Felipe Orizatlán", "PUEBLO INDIGENA O AFROMEXICANO": "NAHUA", "LOCALIDAD": "HUEXTETITLA BIENES COMUNALES", "CLAVE LOC": 130460147, "TIPO DE ASENTAMIENTO": "COMUNIDAD INDIGENA", "NOMBRE": "HUEXTETITLA BIENES COMUNALES", "MONTO ASIGNADO (PESOS)": 349784, "LATITUD": 21.161163, "LONGITUD": -98.553019 }, "geometry": { "type": "Point", "coordinates": [ -98.553019, 21.161163 ] } },
{ "type": "Feature", "properties": { "NO": 933, "ENTIDAD": "HIDALGO", "MUNICIPIO": "San Felipe Orizatlán", "PUEBLO INDIGENA O AFROMEXICANO": "NAHUA", "LOCALIDAD": "HUEYTLALE", "CLAVE LOC": 130460024, "TIPO DE ASENTAMIENTO": "COMUNIDAD INDIGENA", "NOMBRE": "HUEYTLALE", "MONTO ASIGNADO (PESOS)": 297240, "LATITUD": 21.214592, "LONGITUD": -98.579289 }, "geometry": { "type": "Point", "coordinates": [ -98.579289, 21.214592 ] } },
{ "type": "Feature", "properties": { "NO": 934, "ENTIDAD": "HIDALGO", "MUNICIPIO": "San Felipe Orizatlán", "PUEBLO INDIGENA O AFROMEXICANO": "NAHUA", "LOCALIDAD": "HUICHINTLA", "CLAVE LOC": 130460025, "TIPO DE ASENTAMIENTO": "COMUNIDAD INDIGENA", "NOMBRE": "HUICHINTLA", "MONTO ASIGNADO (PESOS)": 430621, "LATITUD": 21.182264, "LONGITUD": -98.69369 }, "geometry": { "type": "Point", "coordinates": [ -98.69369, 21.182264 ] } },
{ "type": "Feature", "properties": { "NO": 935, "ENTIDAD": "HIDALGO", "MUNICIPIO": "San Felipe Orizatlán", "PUEBLO INDIGENA O AFROMEXICANO": "NAHUA", "LOCALIDAD": "HUITZILINGUITO", "CLAVE LOC": 130460026, "TIPO DE ASENTAMIENTO": "COMUNIDAD INDIGENA", "NOMBRE": "HUITZILINGUITO", "MONTO ASIGNADO (PESOS)": 192152, "LATITUD": 21.149902, "LONGITUD": -98.569066 }, "geometry": { "type": "Point", "coordinates": [ -98.569066, 21.149902 ] } },
{ "type": "Feature", "properties": { "NO": 936, "ENTIDAD": "HIDALGO", "MUNICIPIO": "San Felipe Orizatlán", "PUEBLO INDIGENA O AFROMEXICANO": "NAHUA", "LOCALIDAD": "LA CRUZ", "CLAVE LOC": 130460115, "TIPO DE ASENTAMIENTO": "COMUNIDAD INDIGENA", "NOMBRE": "LA CRUZ", "MONTO ASIGNADO (PESOS)": 183260, "LATITUD": 21.202668, "LONGITUD": -98.563587 }, "geometry": { "type": "Point", "coordinates": [ -98.563587, 21.202668 ] } },
{ "type": "Feature", "properties": { "NO": 937, "ENTIDAD": "HIDALGO", "MUNICIPIO": "San Felipe Orizatlán", "PUEBLO INDIGENA O AFROMEXICANO": "NAHUA", "LOCALIDAD": "LA CUCHILLA", "CLAVE LOC": 130460087, "TIPO DE ASENTAMIENTO": "COMUNIDAD INDIGENA", "NOMBRE": "LA CUCHILLA", "MONTO ASIGNADO (PESOS)": 210745, "LATITUD": 21.341452, "LONGITUD": -98.558731 }, "geometry": { "type": "Point", "coordinates": [ -98.558731, 21.341452 ] } },
{ "type": "Feature", "properties": { "NO": 938, "ENTIDAD": "HIDALGO", "MUNICIPIO": "San Felipe Orizatlán", "PUEBLO INDIGENA O AFROMEXICANO": "NAHUA", "LOCALIDAD": "LA HUILONAT", "CLAVE LOC": 130460112, "TIPO DE ASENTAMIENTO": "COMUNIDAD INDIGENA", "NOMBRE": "LA HUILONAT", "MONTO ASIGNADO (PESOS)": 104040, "LATITUD": 21.311664, "LONGITUD": -98.573383 }, "geometry": { "type": "Point", "coordinates": [ -98.573383, 21.311664 ] } },
{ "type": "Feature", "properties": { "NO": 939, "ENTIDAD": "HIDALGO", "MUNICIPIO": "San Felipe Orizatlán", "PUEBLO INDIGENA O AFROMEXICANO": "NAHUA", "LOCALIDAD": "LA LABOR I", "CLAVE LOC": 130460028, "TIPO DE ASENTAMIENTO": "COMUNIDAD INDIGENA", "NOMBRE": "LA LABOR I", "MONTO ASIGNADO (PESOS)": 477506, "LATITUD": 21.186874, "LONGITUD": -98.599939 }, "geometry": { "type": "Point", "coordinates": [ -98.599939, 21.186874 ] } },
{ "type": "Feature", "properties": { "NO": 940, "ENTIDAD": "HIDALGO", "MUNICIPIO": "San Felipe Orizatlán", "PUEBLO INDIGENA O AFROMEXICANO": "NAHUA", "LOCALIDAD": "LA LABOR II", "CLAVE LOC": 130460029, "TIPO DE ASENTAMIENTO": "COMUNIDAD INDIGENA", "NOMBRE": "LA LABOR II", "MONTO ASIGNADO (PESOS)": 181644, "LATITUD": 21.379256, "LONGITUD": -98.544433 }, "geometry": { "type": "Point", "coordinates": [ -98.544433, 21.379256 ] } },
{ "type": "Feature", "properties": { "NO": 941, "ENTIDAD": "HIDALGO", "MUNICIPIO": "San Felipe Orizatlán", "PUEBLO INDIGENA O AFROMEXICANO": "NAHUA", "LOCALIDAD": "LA LAGUNA", "CLAVE LOC": 130460030, "TIPO DE ASENTAMIENTO": "COMUNIDAD INDIGENA", "NOMBRE": "LA LAGUNA", "MONTO ASIGNADO (PESOS)": 320683, "LATITUD": 21.290876, "LONGITUD": -98.585924 }, "geometry": { "type": "Point", "coordinates": [ -98.585924, 21.290876 ] } },
{ "type": "Feature", "properties": { "NO": 942, "ENTIDAD": "HIDALGO", "MUNICIPIO": "San Felipe Orizatlán", "PUEBLO INDIGENA O AFROMEXICANO": "NAHUA", "LOCALIDAD": "LA LAJA", "CLAVE LOC": 130460031, "TIPO DE ASENTAMIENTO": "COMUNIDAD INDIGENA", "NOMBRE": "LA LAJA", "MONTO ASIGNADO (PESOS)": 259247, "LATITUD": 21.233672, "LONGITUD": -98.537466 }, "geometry": { "type": "Point", "coordinates": [ -98.537466, 21.233672 ] } },
{ "type": "Feature", "properties": { "NO": 943, "ENTIDAD": "HIDALGO", "MUNICIPIO": "San Felipe Orizatlán", "PUEBLO INDIGENA O AFROMEXICANO": "NAHUA", "LOCALIDAD": "LA MARIANA", "CLAVE LOC": 130460084, "TIPO DE ASENTAMIENTO": "COMUNIDAD INDIGENA", "NOMBRE": "LA MARIANA", "MONTO ASIGNADO (PESOS)": 155776, "LATITUD": 21.311613, "LONGITUD": -98.585971 }, "geometry": { "type": "Point", "coordinates": [ -98.585971, 21.311613 ] } },
{ "type": "Feature", "properties": { "NO": 944, "ENTIDAD": "HIDALGO", "MUNICIPIO": "San Felipe Orizatlán", "PUEBLO INDIGENA O AFROMEXICANO": "NAHUA", "LOCALIDAD": "LA MESA DE CUATOLOL", "CLAVE LOC": 130460034, "TIPO DE ASENTAMIENTO": "COMUNIDAD INDIGENA", "NOMBRE": "LA MESA DE CUATOLOL", "MONTO ASIGNADO (PESOS)": 238229, "LATITUD": 21.284077, "LONGITUD": -98.534502 }, "geometry": { "type": "Point", "coordinates": [ -98.534502, 21.284077 ] } },
{ "type": "Feature", "properties": { "NO": 945, "ENTIDAD": "HIDALGO", "MUNICIPIO": "San Felipe Orizatlán", "PUEBLO INDIGENA O AFROMEXICANO": "NAHUA", "LOCALIDAD": "LA PITAJAYA", "CLAVE LOC": 130460046, "TIPO DE ASENTAMIENTO": "COMUNIDAD INDIGENA", "NOMBRE": "LA PITAJAYA", "MONTO ASIGNADO (PESOS)": 163051, "LATITUD": 21.345019, "LONGITUD": -98.622849 }, "geometry": { "type": "Point", "coordinates": [ -98.622849, 21.345019 ] } },
{ "type": "Feature", "properties": { "NO": 946, "ENTIDAD": "HIDALGO", "MUNICIPIO": "San Felipe Orizatlán", "PUEBLO INDIGENA O AFROMEXICANO": "NAHUA", "LOCALIDAD": "LAS PALMAS (LAS PUENTES)", "CLAVE LOC": 130460110, "TIPO DE ASENTAMIENTO": "COMUNIDAD INDIGENA", "NOMBRE": "LAS PALMAS (LAS PUENTES)", "MONTO ASIGNADO (PESOS)": 119814, "LATITUD": 21.17577, "LONGITUD": -98.58155 }, "geometry": { "type": "Point", "coordinates": [ -98.58155, 21.17577 ] } },
{ "type": "Feature", "properties": { "NO": 947, "ENTIDAD": "HIDALGO", "MUNICIPIO": "San Felipe Orizatlán", "PUEBLO INDIGENA O AFROMEXICANO": "NAHUA", "LOCALIDAD": "LAS PIEDRAS (MICRÓPOLIS ECOLÓGICA LAS PIEDRAS)", "CLAVE LOC": 130460044, "TIPO DE ASENTAMIENTO": "COMUNIDAD INDIGENA", "NOMBRE": "LAS PIEDRAS (MICRÓPOLIS ECOLÓGICA LAS PIEDRAS)", "MONTO ASIGNADO (PESOS)": 730526, "LATITUD": 21.358687, "LONGITUD": -98.501561 }, "geometry": { "type": "Point", "coordinates": [ -98.501561, 21.358687 ] } },
{ "type": "Feature", "properties": { "NO": 948, "ENTIDAD": "HIDALGO", "MUNICIPIO": "San Felipe Orizatlán", "PUEBLO INDIGENA O AFROMEXICANO": "NAHUA", "LOCALIDAD": "LAS VÍBORAS", "CLAVE LOC": 130460067, "TIPO DE ASENTAMIENTO": "COMUNIDAD INDIGENA", "NOMBRE": "LAS VÍBORAS", "MONTO ASIGNADO (PESOS)": 155776, "LATITUD": 21.348966, "LONGITUD": -98.54482 }, "geometry": { "type": "Point", "coordinates": [ -98.54482, 21.348966 ] } },
{ "type": "Feature", "properties": { "NO": 949, "ENTIDAD": "HIDALGO", "MUNICIPIO": "San Felipe Orizatlán", "PUEBLO INDIGENA O AFROMEXICANO": "NAHUA", "LOCALIDAD": "LICENCIADO JOSÉ LÓPEZ PORTILLO", "CLAVE LOC": 130460178, "TIPO DE ASENTAMIENTO": "COMUNIDAD INDIGENA", "NOMBRE": "LICENCIADO JOSÉ LÓPEZ PORTILLO", "MONTO ASIGNADO (PESOS)": 166285, "LATITUD": 21.360586, "LONGITUD": -98.506947 }, "geometry": { "type": "Point", "coordinates": [ -98.506947, 21.360586 ] } },
{ "type": "Feature", "properties": { "NO": 950, "ENTIDAD": "HIDALGO", "MUNICIPIO": "San Felipe Orizatlán", "PUEBLO INDIGENA O AFROMEXICANO": "NAHUA", "LOCALIDAD": "LOMAS ALTAS", "CLAVE LOC": 130460032, "TIPO DE ASENTAMIENTO": "COMUNIDAD INDIGENA", "NOMBRE": "LOMAS ALTAS", "MONTO ASIGNADO (PESOS)": 188919, "LATITUD": 21.318988, "LONGITUD": -98.522094 }, "geometry": { "type": "Point", "coordinates": [ -98.522094, 21.318988 ] } },
{ "type": "Feature", "properties": { "NO": 951, "ENTIDAD": "HIDALGO", "MUNICIPIO": "San Felipe Orizatlán", "PUEBLO INDIGENA O AFROMEXICANO": "NAHUA", "LOCALIDAD": "LOS ALTOS DE SAN PEDRO", "CLAVE LOC": 130460007, "TIPO DE ASENTAMIENTO": "COMUNIDAD INDIGENA", "NOMBRE": "LOS ALTOS DE SAN PEDRO", "MONTO ASIGNADO (PESOS)": 194578, "LATITUD": 21.332456, "LONGITUD": -98.549452 }, "geometry": { "type": "Point", "coordinates": [ -98.549452, 21.332456 ] } },
{ "type": "Feature", "properties": { "NO": 952, "ENTIDAD": "HIDALGO", "MUNICIPIO": "San Felipe Orizatlán", "PUEBLO INDIGENA O AFROMEXICANO": "NAHUA", "LOCALIDAD": "LOS COYOLES", "CLAVE LOC": 130460018, "TIPO DE ASENTAMIENTO": "COMUNIDAD INDIGENA", "NOMBRE": "LOS COYOLES", "MONTO ASIGNADO (PESOS)": 323108, "LATITUD": 21.333296, "LONGITUD": -98.513023 }, "geometry": { "type": "Point", "coordinates": [ -98.513023, 21.333296 ] } },
{ "type": "Feature", "properties": { "NO": 953, "ENTIDAD": "HIDALGO", "MUNICIPIO": "San Felipe Orizatlán", "PUEBLO INDIGENA O AFROMEXICANO": "NAHUA", "LOCALIDAD": "LOS HUMOS", "CLAVE LOC": 130460102, "TIPO DE ASENTAMIENTO": "COMUNIDAD INDIGENA", "NOMBRE": "LOS HUMOS", "MONTO ASIGNADO (PESOS)": 326342, "LATITUD": 21.18246, "LONGITUD": -98.547284 }, "geometry": { "type": "Point", "coordinates": [ -98.547284, 21.18246 ] } },
{ "type": "Feature", "properties": { "NO": 954, "ENTIDAD": "HIDALGO", "MUNICIPIO": "San Felipe Orizatlán", "PUEBLO INDIGENA O AFROMEXICANO": "NAHUA", "LOCALIDAD": "LOS JOBOS", "CLAVE LOC": 130460073, "TIPO DE ASENTAMIENTO": "COMUNIDAD INDIGENA", "NOMBRE": "LOS JOBOS", "MONTO ASIGNADO (PESOS)": 174368, "LATITUD": 21.309001, "LONGITUD": -98.547826 }, "geometry": { "type": "Point", "coordinates": [ -98.547826, 21.309001 ] } },
{ "type": "Feature", "properties": { "NO": 955, "ENTIDAD": "HIDALGO", "MUNICIPIO": "San Felipe Orizatlán", "PUEBLO INDIGENA O AFROMEXICANO": "NAHUA", "LOCALIDAD": "LOS PANALES", "CLAVE LOC": 130460098, "TIPO DE ASENTAMIENTO": "COMUNIDAD INDIGENA", "NOMBRE": "LOS PANALES", "MONTO ASIGNADO (PESOS)": 146075, "LATITUD": 21.215573, "LONGITUD": -98.547128 }, "geometry": { "type": "Point", "coordinates": [ -98.547128, 21.215573 ] } },
{ "type": "Feature", "properties": { "NO": 956, "ENTIDAD": "HIDALGO", "MUNICIPIO": "San Felipe Orizatlán", "PUEBLO INDIGENA O AFROMEXICANO": "NAHUA", "LOCALIDAD": "LOS SABINOS", "CLAVE LOC": 130460050, "TIPO DE ASENTAMIENTO": "COMUNIDAD INDIGENA", "NOMBRE": "LOS SABINOS", "MONTO ASIGNADO (PESOS)": 126675, "LATITUD": 21.250863, "LONGITUD": -98.53816 }, "geometry": { "type": "Point", "coordinates": [ -98.53816, 21.250863 ] } },
{ "type": "Feature", "properties": { "NO": 957, "ENTIDAD": "HIDALGO", "MUNICIPIO": "San Felipe Orizatlán", "PUEBLO INDIGENA O AFROMEXICANO": "NAHUA", "LOCALIDAD": "MAXCARILLO", "CLAVE LOC": 130460033, "TIPO DE ASENTAMIENTO": "COMUNIDAD INDIGENA", "NOMBRE": "MAXCARILLO", "MONTO ASIGNADO (PESOS)": 161434, "LATITUD": 21.239944, "LONGITUD": -98.561805 }, "geometry": { "type": "Point", "coordinates": [ -98.561805, 21.239944 ] } },
{ "type": "Feature", "properties": { "NO": 958, "ENTIDAD": "HIDALGO", "MUNICIPIO": "San Felipe Orizatlán", "PUEBLO INDIGENA O AFROMEXICANO": "NAHUA", "LOCALIDAD": "MAZAQUILICO", "CLAVE LOC": 130460076, "TIPO DE ASENTAMIENTO": "COMUNIDAD INDIGENA", "NOMBRE": "MAZAQUILICO", "MONTO ASIGNADO (PESOS)": 249547, "LATITUD": 21.141534, "LONGITUD": -98.583505 }, "geometry": { "type": "Point", "coordinates": [ -98.583505, 21.141534 ] } },
{ "type": "Feature", "properties": { "NO": 959, "ENTIDAD": "HIDALGO", "MUNICIPIO": "San Felipe Orizatlán", "PUEBLO INDIGENA O AFROMEXICANO": "NAHUA", "LOCALIDAD": "MELCHOR OCAMPO", "CLAVE LOC": 130460134, "TIPO DE ASENTAMIENTO": "COMUNIDAD INDIGENA", "NOMBRE": "MELCHOR OCAMPO", "MONTO ASIGNADO (PESOS)": 180027, "LATITUD": 21.133333, "LONGITUD": -98.648522 }, "geometry": { "type": "Point", "coordinates": [ -98.648522, 21.133333 ] } },
{ "type": "Feature", "properties": { "NO": 960, "ENTIDAD": "HIDALGO", "MUNICIPIO": "San Felipe Orizatlán", "PUEBLO INDIGENA O AFROMEXICANO": "NAHUA", "LOCALIDAD": "MONTE GRANDE", "CLAVE LOC": 130460035, "TIPO DE ASENTAMIENTO": "COMUNIDAD INDIGENA", "NOMBRE": "MONTE GRANDE", "MONTO ASIGNADO (PESOS)": 247930, "LATITUD": 21.330915, "LONGITUD": -98.645548 }, "geometry": { "type": "Point", "coordinates": [ -98.645548, 21.330915 ] } },
{ "type": "Feature", "properties": { "NO": 961, "ENTIDAD": "HIDALGO", "MUNICIPIO": "San Felipe Orizatlán", "PUEBLO INDIGENA O AFROMEXICANO": "NAHUA", "LOCALIDAD": "NUEVA TENOCHTITLÁN", "CLAVE LOC": 130460148, "TIPO DE ASENTAMIENTO": "COMUNIDAD INDIGENA", "NOMBRE": "NUEVA TENOCHTITLÁN", "MONTO ASIGNADO (PESOS)": 288348, "LATITUD": 21.164973, "LONGITUD": -98.568309 }, "geometry": { "type": "Point", "coordinates": [ -98.568309, 21.164973 ] } },
{ "type": "Feature", "properties": { "NO": 962, "ENTIDAD": "HIDALGO", "MUNICIPIO": "San Felipe Orizatlán", "PUEBLO INDIGENA O AFROMEXICANO": "NAHUA", "LOCALIDAD": "PALMA SOLA", "CLAVE LOC": 130460039, "TIPO DE ASENTAMIENTO": "COMUNIDAD INDIGENA", "NOMBRE": "PALMA SOLA", "MONTO ASIGNADO (PESOS)": 210745, "LATITUD": 21.345596, "LONGITUD": -98.642033 }, "geometry": { "type": "Point", "coordinates": [ -98.642033, 21.345596 ] } },
{ "type": "Feature", "properties": { "NO": 963, "ENTIDAD": "HIDALGO", "MUNICIPIO": "San Felipe Orizatlán", "PUEBLO INDIGENA O AFROMEXICANO": "NAHUA", "LOCALIDAD": "PETLÁCATL COMUNAL", "CLAVE LOC": 130460042, "TIPO DE ASENTAMIENTO": "COMUNIDAD INDIGENA", "NOMBRE": "PETLÁCATL COMUNAL", "MONTO ASIGNADO (PESOS)": 218020, "LATITUD": 21.23356, "LONGITUD": -98.600401 }, "geometry": { "type": "Point", "coordinates": [ -98.600401, 21.23356 ] } },
{ "type": "Feature", "properties": { "NO": 964, "ENTIDAD": "HIDALGO", "MUNICIPIO": "San Felipe Orizatlán", "PUEBLO INDIGENA O AFROMEXICANO": "NAHUA", "LOCALIDAD": "PETLÁCATL EJIDO", "CLAVE LOC": 130460135, "TIPO DE ASENTAMIENTO": "COMUNIDAD INDIGENA", "NOMBRE": "PETLÁCATL EJIDO", "MONTO ASIGNADO (PESOS)": 196446, "LATITUD": 21.217197, "LONGITUD": -98.597881 }, "geometry": { "type": "Point", "coordinates": [ -98.597881, 21.217197 ] } },
{ "type": "Feature", "properties": { "NO": 965, "ENTIDAD": "HIDALGO", "MUNICIPIO": "San Felipe Orizatlán", "PUEBLO INDIGENA O AFROMEXICANO": "NAHUA", "LOCALIDAD": "PIEDRA HINCADA", "CLAVE LOC": 130460043, "TIPO DE ASENTAMIENTO": "COMUNIDAD INDIGENA", "NOMBRE": "PIEDRA HINCADA", "MONTO ASIGNADO (PESOS)": 640797, "LATITUD": 21.273127, "LONGITUD": -98.557283 }, "geometry": { "type": "Point", "coordinates": [ -98.557283, 21.273127 ] } },
{ "type": "Feature", "properties": { "NO": 966, "ENTIDAD": "HIDALGO", "MUNICIPIO": "San Felipe Orizatlán", "PUEBLO INDIGENA O AFROMEXICANO": "NAHUA", "LOCALIDAD": "PILCAPILLA", "CLAVE LOC": 130460045, "TIPO DE ASENTAMIENTO": "COMUNIDAD INDIGENA", "NOMBRE": "PILCAPILLA", "MONTO ASIGNADO (PESOS)": 210745, "LATITUD": 21.196991, "LONGITUD": -98.563506 }, "geometry": { "type": "Point", "coordinates": [ -98.563506, 21.196991 ] } },
{ "type": "Feature", "properties": { "NO": 967, "ENTIDAD": "HIDALGO", "MUNICIPIO": "San Felipe Orizatlán", "PUEBLO INDIGENA O AFROMEXICANO": "NAHUA", "LOCALIDAD": "POCHOTITLA", "CLAVE LOC": 130460047, "TIPO DE ASENTAMIENTO": "COMUNIDAD INDIGENA", "NOMBRE": "POCHOTITLA", "MONTO ASIGNADO (PESOS)": 367568, "LATITUD": 21.137001, "LONGITUD": -98.592401 }, "geometry": { "type": "Point", "coordinates": [ -98.592401, 21.137001 ] } },
{ "type": "Feature", "properties": { "NO": 968, "ENTIDAD": "HIDALGO", "MUNICIPIO": "San Felipe Orizatlán", "PUEBLO INDIGENA O AFROMEXICANO": "NAHUA", "LOCALIDAD": "POTEJÁMEL", "CLAVE LOC": 130460048, "TIPO DE ASENTAMIENTO": "COMUNIDAD INDIGENA", "NOMBRE": "POTEJÁMEL", "MONTO ASIGNADO (PESOS)": 382119, "LATITUD": 21.257385, "LONGITUD": -98.595648 }, "geometry": { "type": "Point", "coordinates": [ -98.595648, 21.257385 ] } },
{ "type": "Feature", "properties": { "NO": 969, "ENTIDAD": "HIDALGO", "MUNICIPIO": "San Felipe Orizatlán", "PUEBLO INDIGENA O AFROMEXICANO": "NAHUA", "LOCALIDAD": "RANCHO NUEVO", "CLAVE LOC": 130460095, "TIPO DE ASENTAMIENTO": "COMUNIDAD INDIGENA", "NOMBRE": "RANCHO NUEVO", "MONTO ASIGNADO (PESOS)": 186494, "LATITUD": 21.360383, "LONGITUD": -98.56938 }, "geometry": { "type": "Point", "coordinates": [ -98.56938, 21.360383 ] } },
{ "type": "Feature", "properties": { "NO": 970, "ENTIDAD": "HIDALGO", "MUNICIPIO": "San Felipe Orizatlán", "PUEBLO INDIGENA O AFROMEXICANO": "NAHUA", "LOCALIDAD": "SAN FELIPE ORIZATLÁN", "CLAVE LOC": 130460001, "TIPO DE ASENTAMIENTO": "COMUNIDAD INDIGENA", "NOMBRE": "SAN FELIPE ORIZATLÁN", "MONTO ASIGNADO (PESOS)": 1800418, "LATITUD": 21.170943, "LONGITUD": -98.607815 }, "geometry": { "type": "Point", "coordinates": [ -98.607815, 21.170943 ] } },
{ "type": "Feature", "properties": { "NO": 971, "ENTIDAD": "HIDALGO", "MUNICIPIO": "San Felipe Orizatlán", "PUEBLO INDIGENA O AFROMEXICANO": "NAHUA", "LOCALIDAD": "SANTA ANA", "CLAVE LOC": 130460051, "TIPO DE ASENTAMIENTO": "COMUNIDAD INDIGENA", "NOMBRE": "SANTA ANA", "MONTO ASIGNADO (PESOS)": 568852, "LATITUD": 21.201111, "LONGITUD": -98.5975 }, "geometry": { "type": "Point", "coordinates": [ -98.5975, 21.201111 ] } },
{ "type": "Feature", "properties": { "NO": 972, "ENTIDAD": "HIDALGO", "MUNICIPIO": "San Felipe Orizatlán", "PUEBLO INDIGENA O AFROMEXICANO": "NAHUA", "LOCALIDAD": "SANTA CLARA", "CLAVE LOC": 130460086, "TIPO DE ASENTAMIENTO": "COMUNIDAD INDIGENA", "NOMBRE": "SANTA CLARA", "MONTO ASIGNADO (PESOS)": 192961, "LATITUD": 21.339012, "LONGITUD": -98.548547 }, "geometry": { "type": "Point", "coordinates": [ -98.548547, 21.339012 ] } },
{ "type": "Feature", "properties": { "NO": 973, "ENTIDAD": "HIDALGO", "MUNICIPIO": "San Felipe Orizatlán", "PUEBLO INDIGENA O AFROMEXICANO": "NAHUA", "LOCALIDAD": "SANTA ROSA TETLAMA", "CLAVE LOC": 130460103, "TIPO DE ASENTAMIENTO": "COMUNIDAD INDIGENA", "NOMBRE": "SANTA ROSA TETLAMA", "MONTO ASIGNADO (PESOS)": 215595, "LATITUD": 21.184016, "LONGITUD": -98.534546 }, "geometry": { "type": "Point", "coordinates": [ -98.534546, 21.184016 ] } },
{ "type": "Feature", "properties": { "NO": 974, "ENTIDAD": "HIDALGO", "MUNICIPIO": "San Felipe Orizatlán", "PUEBLO INDIGENA O AFROMEXICANO": "NAHUA", "LOCALIDAD": "SANTO DOMINGO", "CLAVE LOC": 130460052, "TIPO DE ASENTAMIENTO": "COMUNIDAD INDIGENA", "NOMBRE": "SANTO DOMINGO", "MONTO ASIGNADO (PESOS)": 229337, "LATITUD": 21.292252, "LONGITUD": -98.57552 }, "geometry": { "type": "Point", "coordinates": [ -98.57552, 21.292252 ] } },
{ "type": "Feature", "properties": { "NO": 975, "ENTIDAD": "HIDALGO", "MUNICIPIO": "San Felipe Orizatlán", "PUEBLO INDIGENA O AFROMEXICANO": "NAHUA", "LOCALIDAD": "TALAPITZ I", "CLAVE LOC": 130460054, "TIPO DE ASENTAMIENTO": "COMUNIDAD INDIGENA", "NOMBRE": "TALAPITZ I", "MONTO ASIGNADO (PESOS)": 298857, "LATITUD": 21.12909, "LONGITUD": -98.624059 }, "geometry": { "type": "Point", "coordinates": [ -98.624059, 21.12909 ] } },
{ "type": "Feature", "properties": { "NO": 976, "ENTIDAD": "HIDALGO", "MUNICIPIO": "San Felipe Orizatlán", "PUEBLO INDIGENA O AFROMEXICANO": "NAHUA", "LOCALIDAD": "TALAPITZ II", "CLAVE LOC": 130460136, "TIPO DE ASENTAMIENTO": "COMUNIDAD INDIGENA", "NOMBRE": "TALAPITZ II", "MONTO ASIGNADO (PESOS)": 189727, "LATITUD": 21.13398, "LONGITUD": -98.629483 }, "geometry": { "type": "Point", "coordinates": [ -98.629483, 21.13398 ] } },
{ "type": "Feature", "properties": { "NO": 977, "ENTIDAD": "HIDALGO", "MUNICIPIO": "San Felipe Orizatlán", "PUEBLO INDIGENA O AFROMEXICANO": "NAHUA", "LOCALIDAD": "TALOL", "CLAVE LOC": 130460055, "TIPO DE ASENTAMIENTO": "COMUNIDAD INDIGENA", "NOMBRE": "TALOL", "MONTO ASIGNADO (PESOS)": 1032047, "LATITUD": 21.115639, "LONGITUD": -98.624681 }, "geometry": { "type": "Point", "coordinates": [ -98.624681, 21.115639 ] } },
{ "type": "Feature", "properties": { "NO": 978, "ENTIDAD": "HIDALGO", "MUNICIPIO": "San Felipe Orizatlán", "PUEBLO INDIGENA O AFROMEXICANO": "NAHUA", "LOCALIDAD": "TAMALCUATITLA", "CLAVE LOC": 130460056, "TIPO DE ASENTAMIENTO": "COMUNIDAD INDIGENA", "NOMBRE": "TAMALCUATITLA", "MONTO ASIGNADO (PESOS)": 279358, "LATITUD": 21.239344, "LONGITUD": -98.600599 }, "geometry": { "type": "Point", "coordinates": [ -98.600599, 21.239344 ] } },
{ "type": "Feature", "properties": { "NO": 979, "ENTIDAD": "HIDALGO", "MUNICIPIO": "San Felipe Orizatlán", "PUEBLO INDIGENA O AFROMEXICANO": "NAHUA", "LOCALIDAD": "TAMOCALITO I", "CLAVE LOC": 130460137, "TIPO DE ASENTAMIENTO": "COMUNIDAD INDIGENA", "NOMBRE": "TAMOCALITO I", "MONTO ASIGNADO (PESOS)": 102424, "LATITUD": 21.328936, "LONGITUD": -98.516012 }, "geometry": { "type": "Point", "coordinates": [ -98.516012, 21.328936 ] } },
{ "type": "Feature", "properties": { "NO": 980, "ENTIDAD": "HIDALGO", "MUNICIPIO": "San Felipe Orizatlán", "PUEBLO INDIGENA O AFROMEXICANO": "NAHUA", "LOCALIDAD": "TAMOCALITO II", "CLAVE LOC": 130460122, "TIPO DE ASENTAMIENTO": "COMUNIDAD INDIGENA", "NOMBRE": "TAMOCALITO II", "MONTO ASIGNADO (PESOS)": 129908, "LATITUD": 21.329851, "LONGITUD": -98.537676 }, "geometry": { "type": "Point", "coordinates": [ -98.537676, 21.329851 ] } },
{ "type": "Feature", "properties": { "NO": 981, "ENTIDAD": "HIDALGO", "MUNICIPIO": "San Felipe Orizatlán", "PUEBLO INDIGENA O AFROMEXICANO": "NAHUA", "LOCALIDAD": "TATACUATITLA", "CLAVE LOC": 130460057, "TIPO DE ASENTAMIENTO": "COMUNIDAD INDIGENA", "NOMBRE": "TATACUATITLA", "MONTO ASIGNADO (PESOS)": 331192, "LATITUD": 21.166472, "LONGITUD": -98.563758 }, "geometry": { "type": "Point", "coordinates": [ -98.563758, 21.166472 ] } },
{ "type": "Feature", "properties": { "NO": 982, "ENTIDAD": "HIDALGO", "MUNICIPIO": "San Felipe Orizatlán", "PUEBLO INDIGENA O AFROMEXICANO": "NAHUA", "LOCALIDAD": "TAXISCOATITLA", "CLAVE LOC": 130460063, "TIPO DE ASENTAMIENTO": "COMUNIDAD INDIGENA", "NOMBRE": "TAXISCOATITLA", "MONTO ASIGNADO (PESOS)": 264906, "LATITUD": 21.229979, "LONGITUD": -98.572595 }, "geometry": { "type": "Point", "coordinates": [ -98.572595, 21.229979 ] } },
{ "type": "Feature", "properties": { "NO": 983, "ENTIDAD": "HIDALGO", "MUNICIPIO": "San Felipe Orizatlán", "PUEBLO INDIGENA O AFROMEXICANO": "NAHUA", "LOCALIDAD": "TEOXTITLA", "CLAVE LOC": 130460058, "TIPO DE ASENTAMIENTO": "COMUNIDAD INDIGENA", "NOMBRE": "TEOXTITLA", "MONTO ASIGNADO (PESOS)": 427388, "LATITUD": 21.139847, "LONGITUD": -98.61398 }, "geometry": { "type": "Point", "coordinates": [ -98.61398, 21.139847 ] } },
{ "type": "Feature", "properties": { "NO": 984, "ENTIDAD": "HIDALGO", "MUNICIPIO": "San Felipe Orizatlán", "PUEBLO INDIGENA O AFROMEXICANO": "NAHUA", "LOCALIDAD": "TEPANTITLA", "CLAVE LOC": 130460059, "TIPO DE ASENTAMIENTO": "COMUNIDAD INDIGENA", "NOMBRE": "TEPANTITLA", "MONTO ASIGNADO (PESOS)": 209937, "LATITUD": 21.225307, "LONGITUD": -98.574184 }, "geometry": { "type": "Point", "coordinates": [ -98.574184, 21.225307 ] } },
{ "type": "Feature", "properties": { "NO": 985, "ENTIDAD": "HIDALGO", "MUNICIPIO": "San Felipe Orizatlán", "PUEBLO INDIGENA O AFROMEXICANO": "NAHUA", "LOCALIDAD": "TEPETZINTLA I", "CLAVE LOC": 130460060, "TIPO DE ASENTAMIENTO": "COMUNIDAD INDIGENA", "NOMBRE": "TEPETZINTLA I", "MONTO ASIGNADO (PESOS)": 224487, "LATITUD": 21.202324, "LONGITUD": -98.562589 }, "geometry": { "type": "Point", "coordinates": [ -98.562589, 21.202324 ] } },
{ "type": "Feature", "properties": { "NO": 986, "ENTIDAD": "HIDALGO", "MUNICIPIO": "San Felipe Orizatlán", "PUEBLO INDIGENA O AFROMEXICANO": "NAHUA", "LOCALIDAD": "TEPETZINTLA II", "CLAVE LOC": 130460123, "TIPO DE ASENTAMIENTO": "COMUNIDAD INDIGENA", "NOMBRE": "TEPETZINTLA II", "MONTO ASIGNADO (PESOS)": 169518, "LATITUD": 21.164658, "LONGITUD": -98.552408 }, "geometry": { "type": "Point", "coordinates": [ -98.552408, 21.164658 ] } },
{ "type": "Feature", "properties": { "NO": 987, "ENTIDAD": "HIDALGO", "MUNICIPIO": "San Felipe Orizatlán", "PUEBLO INDIGENA O AFROMEXICANO": "NAHUA", "LOCALIDAD": "TEQUEXQUILICO", "CLAVE LOC": 130460061, "TIPO DE ASENTAMIENTO": "COMUNIDAD INDIGENA", "NOMBRE": "TEQUEXQUILICO", "MONTO ASIGNADO (PESOS)": 662514, "LATITUD": 21.17818, "LONGITUD": -98.560737 }, "geometry": { "type": "Point", "coordinates": [ -98.560737, 21.17818 ] } },
{ "type": "Feature", "properties": { "NO": 988, "ENTIDAD": "HIDALGO", "MUNICIPIO": "San Felipe Orizatlán", "PUEBLO INDIGENA O AFROMEXICANO": "NAHUA", "LOCALIDAD": "TETLAMA GRANDE", "CLAVE LOC": 130460124, "TIPO DE ASENTAMIENTO": "COMUNIDAD INDIGENA", "NOMBRE": "TETLAMA GRANDE", "MONTO ASIGNADO (PESOS)": 163860, "LATITUD": 21.18408, "LONGITUD": -98.539692 }, "geometry": { "type": "Point", "coordinates": [ -98.539692, 21.18408 ] } },
{ "type": "Feature", "properties": { "NO": 989, "ENTIDAD": "HIDALGO", "MUNICIPIO": "San Felipe Orizatlán", "PUEBLO INDIGENA O AFROMEXICANO": "NAHUA", "LOCALIDAD": "TETZÁCUAL", "CLAVE LOC": 130460101, "TIPO DE ASENTAMIENTO": "COMUNIDAD INDIGENA", "NOMBRE": "TETZÁCUAL", "MONTO ASIGNADO (PESOS)": 285115, "LATITUD": 21.180288, "LONGITUD": -98.550092 }, "geometry": { "type": "Point", "coordinates": [ -98.550092, 21.180288 ] } },
{ "type": "Feature", "properties": { "NO": 990, "ENTIDAD": "HIDALGO", "MUNICIPIO": "San Felipe Orizatlán", "PUEBLO INDIGENA O AFROMEXICANO": "NAHUA", "LOCALIDAD": "TEXCATLA", "CLAVE LOC": 130460062, "TIPO DE ASENTAMIENTO": "COMUNIDAD INDIGENA", "NOMBRE": "TEXCATLA", "MONTO ASIGNADO (PESOS)": 416070, "LATITUD": 21.195778, "LONGITUD": -98.683805 }, "geometry": { "type": "Point", "coordinates": [ -98.683805, 21.195778 ] } },
{ "type": "Feature", "properties": { "NO": 991, "ENTIDAD": "HIDALGO", "MUNICIPIO": "San Felipe Orizatlán", "PUEBLO INDIGENA O AFROMEXICANO": "NAHUA", "LOCALIDAD": "TULTITLÁN", "CLAVE LOC": 130460065, "TIPO DE ASENTAMIENTO": "COMUNIDAD INDIGENA", "NOMBRE": "TULTITLÁN", "MONTO ASIGNADO (PESOS)": 341701, "LATITUD": 21.127512, "LONGITUD": -98.651406 }, "geometry": { "type": "Point", "coordinates": [ -98.651406, 21.127512 ] } },
{ "type": "Feature", "properties": { "NO": 992, "ENTIDAD": "HIDALGO", "MUNICIPIO": "San Felipe Orizatlán", "PUEBLO INDIGENA O AFROMEXICANO": "NAHUA", "LOCALIDAD": "TZAPOYO I", "CLAVE LOC": 130460066, "TIPO DE ASENTAMIENTO": "COMUNIDAD INDIGENA", "NOMBRE": "TZAPOYO I", "MONTO ASIGNADO (PESOS)": 209128, "LATITUD": 21.305012, "LONGITUD": -98.59264 }, "geometry": { "type": "Point", "coordinates": [ -98.59264, 21.305012 ] } },
{ "type": "Feature", "properties": { "NO": 993, "ENTIDAD": "HIDALGO", "MUNICIPIO": "San Felipe Orizatlán", "PUEBLO INDIGENA O AFROMEXICANO": "NAHUA", "LOCALIDAD": "TZAPOYO II", "CLAVE LOC": 130460125, "TIPO DE ASENTAMIENTO": "COMUNIDAD INDIGENA", "NOMBRE": "TZAPOYO II", "MONTO ASIGNADO (PESOS)": 154967, "LATITUD": 21.300427, "LONGITUD": -98.57552 }, "geometry": { "type": "Point", "coordinates": [ -98.57552, 21.300427 ] } },
{ "type": "Feature", "properties": { "NO": 994, "ENTIDAD": "HIDALGO", "MUNICIPIO": "San Felipe Orizatlán", "PUEBLO INDIGENA O AFROMEXICANO": "NAHUA", "LOCALIDAD": "VALLE VERDE", "CLAVE LOC": 130460138, "TIPO DE ASENTAMIENTO": "COMUNIDAD INDIGENA", "NOMBRE": "VALLE VERDE", "MONTO ASIGNADO (PESOS)": 465381, "LATITUD": 21.181634, "LONGITUD": -98.597918 }, "geometry": { "type": "Point", "coordinates": [ -98.597918, 21.181634 ] } },
{ "type": "Feature", "properties": { "NO": 995, "ENTIDAD": "HIDALGO", "MUNICIPIO": "San Felipe Orizatlán", "PUEBLO INDIGENA O AFROMEXICANO": "NAHUA", "LOCALIDAD": "XALAMATITLA", "CLAVE LOC": 130460170, "TIPO DE ASENTAMIENTO": "COMUNIDAD INDIGENA", "NOMBRE": "XALAMATITLA", "MONTO ASIGNADO (PESOS)": 477060, "LATITUD": 21.172222, "LONGITUD": -98.566666 }, "geometry": { "type": "Point", "coordinates": [ -98.566666, 21.172222 ] } },
{ "type": "Feature", "properties": { "NO": 996, "ENTIDAD": "HIDALGO", "MUNICIPIO": "San Felipe Orizatlán", "PUEBLO INDIGENA O AFROMEXICANO": "NAHUA", "LOCALIDAD": "ZACAPILOL", "CLAVE LOC": 130460109, "TIPO DE ASENTAMIENTO": "COMUNIDAD INDIGENA", "NOMBRE": "ZACAPILOL", "MONTO ASIGNADO (PESOS)": 180835, "LATITUD": 21.241947, "LONGITUD": -98.601047 }, "geometry": { "type": "Point", "coordinates": [ -98.601047, 21.241947 ] } },
{ "type": "Feature", "properties": { "NO": 997, "ENTIDAD": "HIDALGO", "MUNICIPIO": "San Felipe Orizatlán", "PUEBLO INDIGENA O AFROMEXICANO": "NAHUA", "LOCALIDAD": "ZACAYAHUAL", "CLAVE LOC": 130460070, "TIPO DE ASENTAMIENTO": "COMUNIDAD INDIGENA", "NOMBRE": "ZACAYAHUAL", "MONTO ASIGNADO (PESOS)": 199428, "LATITUD": 21.175991, "LONGITUD": -98.60915 }, "geometry": { "type": "Point", "coordinates": [ -98.60915, 21.175991 ] } },
{ "type": "Feature", "properties": { "NO": 998, "ENTIDAD": "HIDALGO", "MUNICIPIO": "San Felipe Orizatlán", "PUEBLO INDIGENA O AFROMEXICANO": "NAHUA", "LOCALIDAD": "ZAPOTE ABAJO", "CLAVE LOC": 130460097, "TIPO DE ASENTAMIENTO": "COMUNIDAD INDIGENA", "NOMBRE": "ZAPOTE ABAJO", "MONTO ASIGNADO (PESOS)": 316641, "LATITUD": 21.204635, "LONGITUD": -98.538502 }, "geometry": { "type": "Point", "coordinates": [ -98.538502, 21.204635 ] } },
{ "type": "Feature", "properties": { "NO": 999, "ENTIDAD": "HIDALGO", "MUNICIPIO": "San Felipe Orizatlán", "PUEBLO INDIGENA O AFROMEXICANO": "NAHUA", "LOCALIDAD": "ZAPOTE ARRIBA", "CLAVE LOC": 130460071, "TIPO DE ASENTAMIENTO": "COMUNIDAD INDIGENA", "NOMBRE": "ZAPOTE ARRIBA", "MONTO ASIGNADO (PESOS)": 379694, "LATITUD": 21.203593, "LONGITUD": -98.541517 }, "geometry": { "type": "Point", "coordinates": [ -98.541517, 21.203593 ] } },
{ "type": "Feature", "properties": { "NO": 1000, "ENTIDAD": "HIDALGO", "MUNICIPIO": "San Felipe Orizatlán", "PUEBLO INDIGENA O AFROMEXICANO": "NAHUA", "LOCALIDAD": "ZAPOTITLA", "CLAVE LOC": 130460108, "TIPO DE ASENTAMIENTO": "COMUNIDAD INDIGENA", "NOMBRE": "ZAPOTITLA", "MONTO ASIGNADO (PESOS)": 188908, "LATITUD": 21.176751, "LONGITUD": -98.56371 }, "geometry": { "type": "Point", "coordinates": [ -98.56371, 21.176751 ] } },
{ "type": "Feature", "properties": { "NO": 1001, "ENTIDAD": "HIDALGO", "MUNICIPIO": "San Salvador", "PUEBLO INDIGENA O AFROMEXICANO": "OTOMÍ", "LOCALIDAD": "BOCAJA", "CLAVE LOC": 130540002, "TIPO DE ASENTAMIENTO": "COMUNIDAD INDIGENA", "NOMBRE": "BOCAJA", "MONTO ASIGNADO (PESOS)": 617354, "LATITUD": 20.270812, "LONGITUD": -99.010207 }, "geometry": { "type": "Point", "coordinates": [ -99.010207, 20.270812 ] } },
{ "type": "Feature", "properties": { "NO": 1002, "ENTIDAD": "HIDALGO", "MUNICIPIO": "San Salvador", "PUEBLO INDIGENA O AFROMEXICANO": "OTOMÍ", "LOCALIDAD": "BOMINTHZA", "CLAVE LOC": 130540003, "TIPO DE ASENTAMIENTO": "COMUNIDAD INDIGENA", "NOMBRE": "BOMINTHZA", "MONTO ASIGNADO (PESOS)": 678790, "LATITUD": 20.311879, "LONGITUD": -99.010474 }, "geometry": { "type": "Point", "coordinates": [ -99.010474, 20.311879 ] } },
{ "type": "Feature", "properties": { "NO": 1003, "ENTIDAD": "HIDALGO", "MUNICIPIO": "San Salvador", "PUEBLO INDIGENA O AFROMEXICANO": "OTOMÍ", "LOCALIDAD": "BOXAXNI", "CLAVE LOC": 130540005, "TIPO DE ASENTAMIENTO": "COMUNIDAD INDIGENA", "NOMBRE": "BOXAXNI", "MONTO ASIGNADO (PESOS)": 711125, "LATITUD": 20.345982, "LONGITUD": -99.056149 }, "geometry": { "type": "Point", "coordinates": [ -99.056149, 20.345982 ] } },
{ "type": "Feature", "properties": { "NO": 1004, "ENTIDAD": "HIDALGO", "MUNICIPIO": "San Salvador", "PUEBLO INDIGENA O AFROMEXICANO": "OTOMÍ", "LOCALIDAD": "BÓXTHA CHICO", "CLAVE LOC": 130540006, "TIPO DE ASENTAMIENTO": "COMUNIDAD INDIGENA", "NOMBRE": "BÓXTHA CHICO", "MONTO ASIGNADO (PESOS)": 332809, "LATITUD": 20.32957, "LONGITUD": -99.039088 }, "geometry": { "type": "Point", "coordinates": [ -99.039088, 20.32957 ] } },
{ "type": "Feature", "properties": { "NO": 1005, "ENTIDAD": "HIDALGO", "MUNICIPIO": "San Salvador", "PUEBLO INDIGENA O AFROMEXICANO": "OTOMÍ", "LOCALIDAD": "CAÑADA GRANDE", "CLAVE LOC": 130540007, "TIPO DE ASENTAMIENTO": "COMUNIDAD INDIGENA", "NOMBRE": "CAÑADA GRANDE", "MONTO ASIGNADO (PESOS)": 967378, "LATITUD": 20.310489, "LONGITUD": -99.001194 }, "geometry": { "type": "Point", "coordinates": [ -99.001194, 20.310489 ] } },
{ "type": "Feature", "properties": { "NO": 1006, "ENTIDAD": "HIDALGO", "MUNICIPIO": "San Salvador", "PUEBLO INDIGENA O AFROMEXICANO": "OTOMÍ", "LOCALIDAD": "CASA BLANCA", "CLAVE LOC": 130540051, "TIPO DE ASENTAMIENTO": "COMUNIDAD INDIGENA", "NOMBRE": "CASA BLANCA", "MONTO ASIGNADO (PESOS)": 675557, "LATITUD": 20.243255, "LONGITUD": -98.990859 }, "geometry": { "type": "Point", "coordinates": [ -98.990859, 20.243255 ] } },
{ "type": "Feature", "properties": { "NO": 1007, "ENTIDAD": "HIDALGO", "MUNICIPIO": "San Salvador", "PUEBLO INDIGENA O AFROMEXICANO": "OTOMÍ", "LOCALIDAD": "CASA GRANDE", "CLAVE LOC": 130540008, "TIPO DE ASENTAMIENTO": "COMUNIDAD INDIGENA", "NOMBRE": "CASA GRANDE", "MONTO ASIGNADO (PESOS)": 386969, "LATITUD": 20.281594, "LONGITUD": -99.030312 }, "geometry": { "type": "Point", "coordinates": [ -99.030312, 20.281594 ] } },
{ "type": "Feature", "properties": { "NO": 1008, "ENTIDAD": "HIDALGO", "MUNICIPIO": "San Salvador", "PUEBLO INDIGENA O AFROMEXICANO": "OTOMÍ", "LOCALIDAD": "CAXUXI", "CLAVE LOC": 130540032, "TIPO DE ASENTAMIENTO": "COMUNIDAD INDIGENA", "NOMBRE": "CAXUXI", "MONTO ASIGNADO (PESOS)": 671515, "LATITUD": 20.302259, "LONGITUD": -98.993483 }, "geometry": { "type": "Point", "coordinates": [ -98.993483, 20.302259 ] } },
{ "type": "Feature", "properties": { "NO": 1009, "ENTIDAD": "HIDALGO", "MUNICIPIO": "San Salvador", "PUEBLO INDIGENA O AFROMEXICANO": "OTOMÍ", "LOCALIDAD": "CERRO BLANCO", "CLAVE LOC": 130540035, "TIPO DE ASENTAMIENTO": "COMUNIDAD INDIGENA", "NOMBRE": "CERRO BLANCO", "MONTO ASIGNADO (PESOS)": 270564, "LATITUD": 20.383218, "LONGITUD": -99.14908 }, "geometry": { "type": "Point", "coordinates": [ -99.14908, 20.383218 ] } },
{ "type": "Feature", "properties": { "NO": 1010, "ENTIDAD": "HIDALGO", "MUNICIPIO": "San Salvador", "PUEBLO INDIGENA O AFROMEXICANO": "OTOMÍ", "LOCALIDAD": "CHICHIMECAS", "CLAVE LOC": 130540036, "TIPO DE ASENTAMIENTO": "COMUNIDAD INDIGENA", "NOMBRE": "CHICHIMECAS", "MONTO ASIGNADO (PESOS)": 471848, "LATITUD": 20.406471, "LONGITUD": -99.160849 }, "geometry": { "type": "Point", "coordinates": [ -99.160849, 20.406471 ] } },
{ "type": "Feature", "properties": { "NO": 1011, "ENTIDAD": "HIDALGO", "MUNICIPIO": "San Salvador", "PUEBLO INDIGENA O AFROMEXICANO": "OTOMÍ", "LOCALIDAD": "DEMACU", "CLAVE LOC": 130540010, "TIPO DE ASENTAMIENTO": "COMUNIDAD INDIGENA", "NOMBRE": "DEMACU", "MONTO ASIGNADO (PESOS)": 873607, "LATITUD": 20.304795, "LONGITUD": -99.029391 }, "geometry": { "type": "Point", "coordinates": [ -99.029391, 20.304795 ] } },
{ "type": "Feature", "properties": { "NO": 1012, "ENTIDAD": "HIDALGO", "MUNICIPIO": "San Salvador", "PUEBLO INDIGENA O AFROMEXICANO": "OTOMÍ", "LOCALIDAD": "DENGANDHÓ DE JUÁREZ", "CLAVE LOC": 130540029, "TIPO DE ASENTAMIENTO": "COMUNIDAD INDIGENA", "NOMBRE": "DENGANDHÓ DE JUÁREZ", "MONTO ASIGNADO (PESOS)": 509841, "LATITUD": 20.281397, "LONGITUD": -99.046889 }, "geometry": { "type": "Point", "coordinates": [ -99.046889, 20.281397 ] } },
{ "type": "Feature", "properties": { "NO": 1013, "ENTIDAD": "HIDALGO", "MUNICIPIO": "San Salvador", "PUEBLO INDIGENA O AFROMEXICANO": "OTOMÍ", "LOCALIDAD": "DÉXTHO DE VICTORIA", "CLAVE LOC": 130540011, "TIPO DE ASENTAMIENTO": "COMUNIDAD INDIGENA", "NOMBRE": "DÉXTHO DE VICTORIA", "MONTO ASIGNADO (PESOS)": 1389346, "LATITUD": 20.324905, "LONGITUD": -99.01994 }, "geometry": { "type": "Point", "coordinates": [ -99.01994, 20.324905 ] } },
{ "type": "Feature", "properties": { "NO": 1014, "ENTIDAD": "HIDALGO", "MUNICIPIO": "San Salvador", "PUEBLO INDIGENA O AFROMEXICANO": "OTOMÍ", "LOCALIDAD": "EL BONDHO", "CLAVE LOC": 130540004, "TIPO DE ASENTAMIENTO": "COMUNIDAD INDIGENA", "NOMBRE": "EL BONDHO", "MONTO ASIGNADO (PESOS)": 741035, "LATITUD": 20.287022, "LONGITUD": -99.0048 }, "geometry": { "type": "Point", "coordinates": [ -99.0048, 20.287022 ] } },
{ "type": "Feature", "properties": { "NO": 1015, "ENTIDAD": "HIDALGO", "MUNICIPIO": "San Salvador", "PUEBLO INDIGENA O AFROMEXICANO": "OTOMÍ", "LOCALIDAD": "EL CERRITO", "CLAVE LOC": 130540055, "TIPO DE ASENTAMIENTO": "COMUNIDAD INDIGENA", "NOMBRE": "EL CERRITO", "MONTO ASIGNADO (PESOS)": 169518, "LATITUD": 20.399972, "LONGITUD": -99.15593 }, "geometry": { "type": "Point", "coordinates": [ -99.15593, 20.399972 ] } },
{ "type": "Feature", "properties": { "NO": 1016, "ENTIDAD": "HIDALGO", "MUNICIPIO": "San Salvador", "PUEBLO INDIGENA O AFROMEXICANO": "OTOMÍ", "LOCALIDAD": "EL COLORADO", "CLAVE LOC": 130540026, "TIPO DE ASENTAMIENTO": "COMUNIDAD INDIGENA", "NOMBRE": "EL COLORADO", "MONTO ASIGNADO (PESOS)": 1113693, "LATITUD": 20.216018, "LONGITUD": -99.00138 }, "geometry": { "type": "Point", "coordinates": [ -99.00138, 20.216018 ] } },
{ "type": "Feature", "properties": { "NO": 1017, "ENTIDAD": "HIDALGO", "MUNICIPIO": "San Salvador", "PUEBLO INDIGENA O AFROMEXICANO": "OTOMÍ", "LOCALIDAD": "EL DURAZNO", "CLAVE LOC": 130540041, "TIPO DE ASENTAMIENTO": "COMUNIDAD INDIGENA", "NOMBRE": "EL DURAZNO", "MONTO ASIGNADO (PESOS)": 218829, "LATITUD": 20.282706, "LONGITUD": -99.025572 }, "geometry": { "type": "Point", "coordinates": [ -99.025572, 20.282706 ] } },
{ "type": "Feature", "properties": { "NO": 1018, "ENTIDAD": "HIDALGO", "MUNICIPIO": "San Salvador", "PUEBLO INDIGENA O AFROMEXICANO": "OTOMÍ", "LOCALIDAD": "EL FRESNO", "CLAVE LOC": 130540028, "TIPO DE ASENTAMIENTO": "COMUNIDAD INDIGENA", "NOMBRE": "EL FRESNO", "MONTO ASIGNADO (PESOS)": 550260, "LATITUD": 20.211371, "LONGITUD": -98.993516 }, "geometry": { "type": "Point", "coordinates": [ -98.993516, 20.211371 ] } },
{ "type": "Feature", "properties": { "NO": 1019, "ENTIDAD": "HIDALGO", "MUNICIPIO": "San Salvador", "PUEBLO INDIGENA O AFROMEXICANO": "OTOMÍ", "LOCALIDAD": "EL GÓMEZ", "CLAVE LOC": 130540052, "TIPO DE ASENTAMIENTO": "COMUNIDAD INDIGENA", "NOMBRE": "EL GÓMEZ", "MONTO ASIGNADO (PESOS)": 431429, "LATITUD": 20.236899, "LONGITUD": -99.001793 }, "geometry": { "type": "Point", "coordinates": [ -99.001793, 20.236899 ] } },
{ "type": "Feature", "properties": { "NO": 1020, "ENTIDAD": "HIDALGO", "MUNICIPIO": "San Salvador", "PUEBLO INDIGENA O AFROMEXICANO": "OTOMÍ", "LOCALIDAD": "EL MEZQUITAL", "CLAVE LOC": 130540038, "TIPO DE ASENTAMIENTO": "COMUNIDAD INDIGENA", "NOMBRE": "EL MEZQUITAL", "MONTO ASIGNADO (PESOS)": 462956, "LATITUD": 20.386293, "LONGITUD": -99.140529 }, "geometry": { "type": "Point", "coordinates": [ -99.140529, 20.386293 ] } },
{ "type": "Feature", "properties": { "NO": 1021, "ENTIDAD": "HIDALGO", "MUNICIPIO": "San Salvador", "PUEBLO INDIGENA O AFROMEXICANO": "OTOMÍ", "LOCALIDAD": "EL MOTHÉ", "CLAVE LOC": 130540039, "TIPO DE ASENTAMIENTO": "COMUNIDAD INDIGENA", "NOMBRE": "EL MOTHÉ", "MONTO ASIGNADO (PESOS)": 475081, "LATITUD": 20.402823, "LONGITUD": -99.149712 }, "geometry": { "type": "Point", "coordinates": [ -99.149712, 20.402823 ] } },
{ "type": "Feature", "properties": { "NO": 1022, "ENTIDAD": "HIDALGO", "MUNICIPIO": "San Salvador", "PUEBLO INDIGENA O AFROMEXICANO": "OTOMÍ", "LOCALIDAD": "EL OLVERA", "CLAVE LOC": 130540014, "TIPO DE ASENTAMIENTO": "COMUNIDAD INDIGENA", "NOMBRE": "EL OLVERA", "MONTO ASIGNADO (PESOS)": 1023964, "LATITUD": 20.270508, "LONGITUD": -99.025845 }, "geometry": { "type": "Point", "coordinates": [ -99.025845, 20.270508 ] } },
{ "type": "Feature", "properties": { "NO": 1023, "ENTIDAD": "HIDALGO", "MUNICIPIO": "San Salvador", "PUEBLO INDIGENA O AFROMEXICANO": "OTOMÍ", "LOCALIDAD": "EL PUERTO LÁZARO CÁRDENAS", "CLAVE LOC": 130540048, "TIPO DE ASENTAMIENTO": "COMUNIDAD INDIGENA", "NOMBRE": "EL PUERTO LÁZARO CÁRDENAS", "MONTO ASIGNADO (PESOS)": 1001329, "LATITUD": 20.221194, "LONGITUD": -99.019481 }, "geometry": { "type": "Point", "coordinates": [ -99.019481, 20.221194 ] } },
{ "type": "Feature", "properties": { "NO": 1024, "ENTIDAD": "HIDALGO", "MUNICIPIO": "San Salvador", "PUEBLO INDIGENA O AFROMEXICANO": "OTOMÍ", "LOCALIDAD": "EL RODRIGO", "CLAVE LOC": 130540031, "TIPO DE ASENTAMIENTO": "COMUNIDAD INDIGENA", "NOMBRE": "EL RODRIGO", "MONTO ASIGNADO (PESOS)": 585020, "LATITUD": 20.292619, "LONGITUD": -99.018776 }, "geometry": { "type": "Point", "coordinates": [ -99.018776, 20.292619 ] } },
{ "type": "Feature", "properties": { "NO": 1025, "ENTIDAD": "HIDALGO", "MUNICIPIO": "San Salvador", "PUEBLO INDIGENA O AFROMEXICANO": "OTOMÍ", "LOCALIDAD": "EL TABLÓN", "CLAVE LOC": 130540022, "TIPO DE ASENTAMIENTO": "COMUNIDAD INDIGENA", "NOMBRE": "EL TABLÓN", "MONTO ASIGNADO (PESOS)": 577744, "LATITUD": 20.210195, "LONGITUD": -98.987679 }, "geometry": { "type": "Point", "coordinates": [ -98.987679, 20.210195 ] } },
{ "type": "Feature", "properties": { "NO": 1026, "ENTIDAD": "HIDALGO", "MUNICIPIO": "San Salvador", "PUEBLO INDIGENA O AFROMEXICANO": "OTOMÍ", "LOCALIDAD": "FRANCISCO VILLA", "CLAVE LOC": 130540012, "TIPO DE ASENTAMIENTO": "COMUNIDAD INDIGENA", "NOMBRE": "FRANCISCO VILLA", "MONTO ASIGNADO (PESOS)": 233379, "LATITUD": 20.315043, "LONGITUD": -99.008679 }, "geometry": { "type": "Point", "coordinates": [ -99.008679, 20.315043 ] } },
{ "type": "Feature", "properties": { "NO": 1027, "ENTIDAD": "HIDALGO", "MUNICIPIO": "San Salvador", "PUEBLO INDIGENA O AFROMEXICANO": "OTOMÍ", "LOCALIDAD": "LA FLOR", "CLAVE LOC": 130540037, "TIPO DE ASENTAMIENTO": "COMUNIDAD INDIGENA", "NOMBRE": "LA FLOR", "MONTO ASIGNADO (PESOS)": 488015, "LATITUD": 20.396103, "LONGITUD": -99.13611 }, "geometry": { "type": "Point", "coordinates": [ -99.13611, 20.396103 ] } },
{ "type": "Feature", "properties": { "NO": 1028, "ENTIDAD": "HIDALGO", "MUNICIPIO": "San Salvador", "PUEBLO INDIGENA O AFROMEXICANO": "OTOMÍ", "LOCALIDAD": "LA PALMA", "CLAVE LOC": 130540044, "TIPO DE ASENTAMIENTO": "COMUNIDAD INDIGENA", "NOMBRE": "LA PALMA", "MONTO ASIGNADO (PESOS)": 235804, "LATITUD": 20.290357, "LONGITUD": -99.028097 }, "geometry": { "type": "Point", "coordinates": [ -99.028097, 20.290357 ] } },
{ "type": "Feature", "properties": { "NO": 1029, "ENTIDAD": "HIDALGO", "MUNICIPIO": "San Salvador", "PUEBLO INDIGENA O AFROMEXICANO": "OTOMÍ", "LOCALIDAD": "LAGUNILLA", "CLAVE LOC": 130540013, "TIPO DE ASENTAMIENTO": "COMUNIDAD INDIGENA", "NOMBRE": "LAGUNILLA", "MONTO ASIGNADO (PESOS)": 1527577, "LATITUD": 20.343707, "LONGITUD": -99.028366 }, "geometry": { "type": "Point", "coordinates": [ -99.028366, 20.343707 ] } },
{ "type": "Feature", "properties": { "NO": 1030, "ENTIDAD": "HIDALGO", "MUNICIPIO": "San Salvador", "PUEBLO INDIGENA O AFROMEXICANO": "OTOMÍ", "LOCALIDAD": "PACHECO DE ALLENDE", "CLAVE LOC": 130540015, "TIPO DE ASENTAMIENTO": "COMUNIDAD INDIGENA", "NOMBRE": "PACHECO DE ALLENDE", "MONTO ASIGNADO (PESOS)": 602804, "LATITUD": 20.268209, "LONGITUD": -99.047778 }, "geometry": { "type": "Point", "coordinates": [ -99.047778, 20.268209 ] } },
{ "type": "Feature", "properties": { "NO": 1031, "ENTIDAD": "HIDALGO", "MUNICIPIO": "San Salvador", "PUEBLO INDIGENA O AFROMEXICANO": "OTOMÍ", "LOCALIDAD": "POXINDEJE DE MORELOS", "CLAVE LOC": 130540017, "TIPO DE ASENTAMIENTO": "COMUNIDAD INDIGENA", "NOMBRE": "POXINDEJE DE MORELOS", "MONTO ASIGNADO (PESOS)": 979503, "LATITUD": 20.269499, "LONGITUD": -98.995964 }, "geometry": { "type": "Point", "coordinates": [ -98.995964, 20.269499 ] } },
{ "type": "Feature", "properties": { "NO": 1032, "ENTIDAD": "HIDALGO", "MUNICIPIO": "San Salvador", "PUEBLO INDIGENA O AFROMEXICANO": "OTOMÍ", "LOCALIDAD": "RINCÓN SANTA MARÍA", "CLAVE LOC": 130540049, "TIPO DE ASENTAMIENTO": "COMUNIDAD INDIGENA", "NOMBRE": "RINCÓN SANTA MARÍA", "MONTO ASIGNADO (PESOS)": 353018, "LATITUD": 20.207058, "LONGITUD": -98.993852 }, "geometry": { "type": "Point", "coordinates": [ -98.993852, 20.207058 ] } },
{ "type": "Feature", "properties": { "NO": 1033, "ENTIDAD": "HIDALGO", "MUNICIPIO": "San Salvador", "PUEBLO INDIGENA O AFROMEXICANO": "OTOMÍ", "LOCALIDAD": "SAN ANTONIO ABAD", "CLAVE LOC": 130540034, "TIPO DE ASENTAMIENTO": "COMUNIDAD INDIGENA", "NOMBRE": "SAN ANTONIO ABAD", "MONTO ASIGNADO (PESOS)": 298857, "LATITUD": 20.290816, "LONGITUD": -99.033904 }, "geometry": { "type": "Point", "coordinates": [ -99.033904, 20.290816 ] } },
{ "type": "Feature", "properties": { "NO": 1034, "ENTIDAD": "HIDALGO", "MUNICIPIO": "San Salvador", "PUEBLO INDIGENA O AFROMEXICANO": "OTOMÍ", "LOCALIDAD": "SAN MIGUEL ACAMBAY", "CLAVE LOC": 130540020, "TIPO DE ASENTAMIENTO": "COMUNIDAD INDIGENA", "NOMBRE": "SAN MIGUEL ACAMBAY", "MONTO ASIGNADO (PESOS)": 932618, "LATITUD": 20.275692, "LONGITUD": -99.055762 }, "geometry": { "type": "Point", "coordinates": [ -99.055762, 20.275692 ] } },
{ "type": "Feature", "properties": { "NO": 1035, "ENTIDAD": "HIDALGO", "MUNICIPIO": "San Salvador", "PUEBLO INDIGENA O AFROMEXICANO": "OTOMÍ", "LOCALIDAD": "SAN SALVADOR", "CLAVE LOC": 130540001, "TIPO DE ASENTAMIENTO": "COMUNIDAD INDIGENA", "NOMBRE": "SAN SALVADOR", "MONTO ASIGNADO (PESOS)": 979503, "LATITUD": 20.284568, "LONGITUD": -99.015604 }, "geometry": { "type": "Point", "coordinates": [ -99.015604, 20.284568 ] } },
{ "type": "Feature", "properties": { "NO": 1036, "ENTIDAD": "HIDALGO", "MUNICIPIO": "San Salvador", "PUEBLO INDIGENA O AFROMEXICANO": "OTOMÍ", "LOCALIDAD": "SANTA MARÍA AMAJAC", "CLAVE LOC": 130540021, "TIPO DE ASENTAMIENTO": "COMUNIDAD INDIGENA", "NOMBRE": "SANTA MARÍA AMAJAC", "MONTO ASIGNADO (PESOS)": 1451591, "LATITUD": 20.22854, "LONGITUD": -98.998364 }, "geometry": { "type": "Point", "coordinates": [ -98.998364, 20.22854 ] } },
{ "type": "Feature", "properties": { "NO": 1037, "ENTIDAD": "HIDALGO", "MUNICIPIO": "San Salvador", "PUEBLO INDIGENA O AFROMEXICANO": "OTOMÍ", "LOCALIDAD": "TEOFANI", "CLAVE LOC": 130540023, "TIPO DE ASENTAMIENTO": "COMUNIDAD INDIGENA", "NOMBRE": "TEOFANI", "MONTO ASIGNADO (PESOS)": 1137135, "LATITUD": 20.320152, "LONGITUD": -99.042517 }, "geometry": { "type": "Point", "coordinates": [ -99.042517, 20.320152 ] } },
{ "type": "Feature", "properties": { "NO": 1038, "ENTIDAD": "HIDALGO", "MUNICIPIO": "San Salvador", "PUEBLO INDIGENA O AFROMEXICANO": "OTOMÍ", "LOCALIDAD": "TOTHIE DE ROJO GÓMEZ", "CLAVE LOC": 130540024, "TIPO DE ASENTAMIENTO": "COMUNIDAD INDIGENA", "NOMBRE": "TOTHIE DE ROJO GÓMEZ", "MONTO ASIGNADO (PESOS)": 745885, "LATITUD": 20.229999, "LONGITUD": -99.017777 }, "geometry": { "type": "Point", "coordinates": [ -99.017777, 20.229999 ] } },
{ "type": "Feature", "properties": { "NO": 1039, "ENTIDAD": "HIDALGO", "MUNICIPIO": "San Salvador", "PUEBLO INDIGENA O AFROMEXICANO": "OTOMÍ", "LOCALIDAD": "VIXTHA DE MADERO", "CLAVE LOC": 130540030, "TIPO DE ASENTAMIENTO": "COMUNIDAD INDIGENA", "NOMBRE": "VIXTHA DE MADERO", "MONTO ASIGNADO (PESOS)": 629480, "LATITUD": 20.276085, "LONGITUD": -99.041932 }, "geometry": { "type": "Point", "coordinates": [ -99.041932, 20.276085 ] } },
{ "type": "Feature", "properties": { "NO": 1040, "ENTIDAD": "HIDALGO", "MUNICIPIO": "San Salvador", "PUEBLO INDIGENA O AFROMEXICANO": "OTOMÍ", "LOCALIDAD": "XUCHITLÁN", "CLAVE LOC": 130540040, "TIPO DE ASENTAMIENTO": "COMUNIDAD INDIGENA", "NOMBRE": "XUCHITLÁN", "MONTO ASIGNADO (PESOS)": 815405, "LATITUD": 20.394688, "LONGITUD": -99.147639 }, "geometry": { "type": "Point", "coordinates": [ -99.147639, 20.394688 ] } },
{ "type": "Feature", "properties": { "NO": 1041, "ENTIDAD": "HIDALGO", "MUNICIPIO": "Santiago de Anaya", "PUEBLO INDIGENA O AFROMEXICANO": "OTOMÍ", "LOCALIDAD": "CERRITOS", "CLAVE LOC": 130550004, "TIPO DE ASENTAMIENTO": "COMUNIDAD INDIGENA", "NOMBRE": "CERRITOS", "MONTO ASIGNADO (PESOS)": 1360245, "LATITUD": 20.352884, "LONGITUD": -99.013276 }, "geometry": { "type": "Point", "coordinates": [ -99.013276, 20.352884 ] } },
{ "type": "Feature", "properties": { "NO": 1042, "ENTIDAD": "HIDALGO", "MUNICIPIO": "Santiago de Anaya", "PUEBLO INDIGENA O AFROMEXICANO": "OTOMÍ", "LOCALIDAD": "EJIDO DEL MEZQUITAL", "CLAVE LOC": 130550021, "TIPO DE ASENTAMIENTO": "COMUNIDAD INDIGENA", "NOMBRE": "EJIDO DEL MEZQUITAL", "MONTO ASIGNADO (PESOS)": 234996, "LATITUD": 20.42105, "LONGITUD": -99.085185 }, "geometry": { "type": "Point", "coordinates": [ -99.085185, 20.42105 ] } },
{ "type": "Feature", "properties": { "NO": 1043, "ENTIDAD": "HIDALGO", "MUNICIPIO": "Santiago de Anaya", "PUEBLO INDIGENA O AFROMEXICANO": "OTOMÍ", "LOCALIDAD": "EL ÁGUILA", "CLAVE LOC": 130550002, "TIPO DE ASENTAMIENTO": "COMUNIDAD INDIGENA", "NOMBRE": "EL ÁGUILA", "MONTO ASIGNADO (PESOS)": 259247, "LATITUD": 20.440682, "LONGITUD": -98.981127 }, "geometry": { "type": "Point", "coordinates": [ -98.981127, 20.440682 ] } },
{ "type": "Feature", "properties": { "NO": 1044, "ENTIDAD": "HIDALGO", "MUNICIPIO": "Santiago de Anaya", "PUEBLO INDIGENA O AFROMEXICANO": "OTOMÍ", "LOCALIDAD": "EL ENCINO", "CLAVE LOC": 130550005, "TIPO DE ASENTAMIENTO": "COMUNIDAD INDIGENA", "NOMBRE": "EL ENCINO", "MONTO ASIGNADO (PESOS)": 323916, "LATITUD": 20.443217, "LONGITUD": -98.919099 }, "geometry": { "type": "Point", "coordinates": [ -98.919099, 20.443217 ] } },
{ "type": "Feature", "properties": { "NO": 1045, "ENTIDAD": "HIDALGO", "MUNICIPIO": "Santiago de Anaya", "PUEBLO INDIGENA O AFROMEXICANO": "OTOMÍ", "LOCALIDAD": "EL MEZQUITAL", "CLAVE LOC": 130550011, "TIPO DE ASENTAMIENTO": "COMUNIDAD INDIGENA", "NOMBRE": "EL MEZQUITAL", "MONTO ASIGNADO (PESOS)": 946360, "LATITUD": 20.372033, "LONGITUD": -99.021978 }, "geometry": { "type": "Point", "coordinates": [ -99.021978, 20.372033 ] } },
{ "type": "Feature", "properties": { "NO": 1046, "ENTIDAD": "HIDALGO", "MUNICIPIO": "Santiago de Anaya", "PUEBLO INDIGENA O AFROMEXICANO": "OTOMÍ", "LOCALIDAD": "EL PALMAR", "CLAVE LOC": 130550012, "TIPO DE ASENTAMIENTO": "COMUNIDAD INDIGENA", "NOMBRE": "EL PALMAR", "MONTO ASIGNADO (PESOS)": 545409, "LATITUD": 20.396045, "LONGITUD": -99.013871 }, "geometry": { "type": "Point", "coordinates": [ -99.013871, 20.396045 ] } },
{ "type": "Feature", "properties": { "NO": 1047, "ENTIDAD": "HIDALGO", "MUNICIPIO": "Santiago de Anaya", "PUEBLO INDIGENA O AFROMEXICANO": "OTOMÍ", "LOCALIDAD": "EL PORVENIR", "CLAVE LOC": 130550019, "TIPO DE ASENTAMIENTO": "COMUNIDAD INDIGENA", "NOMBRE": "EL PORVENIR", "MONTO ASIGNADO (PESOS)": 203470, "LATITUD": 20.431811, "LONGITUD": -98.952206 }, "geometry": { "type": "Point", "coordinates": [ -98.952206, 20.431811 ] } },
{ "type": "Feature", "properties": { "NO": 1048, "ENTIDAD": "HIDALGO", "MUNICIPIO": "Santiago de Anaya", "PUEBLO INDIGENA O AFROMEXICANO": "OTOMÍ", "LOCALIDAD": "EL SITIO", "CLAVE LOC": 130550015, "TIPO DE ASENTAMIENTO": "COMUNIDAD INDIGENA", "NOMBRE": "EL SITIO", "MONTO ASIGNADO (PESOS)": 462147, "LATITUD": 20.34399, "LONGITUD": -98.925155 }, "geometry": { "type": "Point", "coordinates": [ -98.925155, 20.34399 ] } },
{ "type": "Feature", "properties": { "NO": 1049, "ENTIDAD": "HIDALGO", "MUNICIPIO": "Santiago de Anaya", "PUEBLO INDIGENA O AFROMEXICANO": "OTOMÍ", "LOCALIDAD": "GONZÁLEZ GONZÁLEZ", "CLAVE LOC": 130550006, "TIPO DE ASENTAMIENTO": "COMUNIDAD INDIGENA", "NOMBRE": "GONZÁLEZ GONZÁLEZ", "MONTO ASIGNADO (PESOS)": 467806, "LATITUD": 20.398349, "LONGITUD": -98.981054 }, "geometry": { "type": "Point", "coordinates": [ -98.981054, 20.398349 ] } },
{ "type": "Feature", "properties": { "NO": 1050, "ENTIDAD": "HIDALGO", "MUNICIPIO": "Santiago de Anaya", "PUEBLO INDIGENA O AFROMEXICANO": "OTOMÍ", "LOCALIDAD": "GONZÁLEZ ORTEGA", "CLAVE LOC": 130550007, "TIPO DE ASENTAMIENTO": "COMUNIDAD INDIGENA", "NOMBRE": "GONZÁLEZ ORTEGA", "MONTO ASIGNADO (PESOS)": 707892, "LATITUD": 20.370114, "LONGITUD": -98.985435 }, "geometry": { "type": "Point", "coordinates": [ -98.985435, 20.370114 ] } },
{ "type": "Feature", "properties": { "NO": 1051, "ENTIDAD": "HIDALGO", "MUNICIPIO": "Santiago de Anaya", "PUEBLO INDIGENA O AFROMEXICANO": "OTOMÍ", "LOCALIDAD": "GUERRERO", "CLAVE LOC": 130550008, "TIPO DE ASENTAMIENTO": "COMUNIDAD INDIGENA", "NOMBRE": "GUERRERO", "MONTO ASIGNADO (PESOS)": 742651, "LATITUD": 20.369444, "LONGITUD": -99.007881 }, "geometry": { "type": "Point", "coordinates": [ -99.007881, 20.369444 ] } },
{ "type": "Feature", "properties": { "NO": 1052, "ENTIDAD": "HIDALGO", "MUNICIPIO": "Santiago de Anaya", "PUEBLO INDIGENA O AFROMEXICANO": "OTOMÍ", "LOCALIDAD": "HERMOSILLO MONTE NOBLE", "CLAVE LOC": 130550009, "TIPO DE ASENTAMIENTO": "COMUNIDAD INDIGENA", "NOMBRE": "HERMOSILLO MONTE NOBLE", "MONTO ASIGNADO (PESOS)": 812979, "LATITUD": 20.413351, "LONGITUD": -98.946651 }, "geometry": { "type": "Point", "coordinates": [ -98.946651, 20.413351 ] } },
{ "type": "Feature", "properties": { "NO": 1053, "ENTIDAD": "HIDALGO", "MUNICIPIO": "Santiago de Anaya", "PUEBLO INDIGENA O AFROMEXICANO": "OTOMÍ", "LOCALIDAD": "JAGÜEY", "CLAVE LOC": 130550028, "TIPO DE ASENTAMIENTO": "COMUNIDAD INDIGENA", "NOMBRE": "JAGÜEY", "MONTO ASIGNADO (PESOS)": 550260, "LATITUD": 20.360166, "LONGITUD": -98.967569 }, "geometry": { "type": "Point", "coordinates": [ -98.967569, 20.360166 ] } },
{ "type": "Feature", "properties": { "NO": 1054, "ENTIDAD": "HIDALGO", "MUNICIPIO": "Santiago de Anaya", "PUEBLO INDIGENA O AFROMEXICANO": "OTOMÍ", "LOCALIDAD": "LA BLANCA (TAXTHO LA BLANCA)", "CLAVE LOC": 130550003, "TIPO DE ASENTAMIENTO": "COMUNIDAD INDIGENA", "NOMBRE": "LA BLANCA (TAXTHO LA BLANCA)", "MONTO ASIGNADO (PESOS)": 791153, "LATITUD": 20.364774, "LONGITUD": -99.030953 }, "geometry": { "type": "Point", "coordinates": [ -99.030953, 20.364774 ] } },
{ "type": "Feature", "properties": { "NO": 1055, "ENTIDAD": "HIDALGO", "MUNICIPIO": "Santiago de Anaya", "PUEBLO INDIGENA O AFROMEXICANO": "OTOMÍ", "LOCALIDAD": "LOMAS DE GUILLÉN", "CLAVE LOC": 130550010, "TIPO DE ASENTAMIENTO": "COMUNIDAD INDIGENA", "NOMBRE": "LOMAS DE GUILLÉN", "MONTO ASIGNADO (PESOS)": 170326, "LATITUD": 20.490939, "LONGITUD": -98.927132 }, "geometry": { "type": "Point", "coordinates": [ -98.927132, 20.490939 ] } },
{ "type": "Feature", "properties": { "NO": 1056, "ENTIDAD": "HIDALGO", "MUNICIPIO": "Santiago de Anaya", "PUEBLO INDIGENA O AFROMEXICANO": "OTOMÍ", "LOCALIDAD": "PATRIA NUEVA", "CLAVE LOC": 130550013, "TIPO DE ASENTAMIENTO": "COMUNIDAD INDIGENA", "NOMBRE": "PATRIA NUEVA", "MONTO ASIGNADO (PESOS)": 1771705, "LATITUD": 20.370966, "LONGITUD": -99.051777 }, "geometry": { "type": "Point", "coordinates": [ -99.051777, 20.370966 ] } },
{ "type": "Feature", "properties": { "NO": 1057, "ENTIDAD": "HIDALGO", "MUNICIPIO": "Santiago de Anaya", "PUEBLO INDIGENA O AFROMEXICANO": "OTOMÍ", "LOCALIDAD": "PUERTO TAVERA", "CLAVE LOC": 130550022, "TIPO DE ASENTAMIENTO": "LOCALIDAD CON POBLACION INDIGENA", "NOMBRE": "PUERTO TAVERA", "MONTO ASIGNADO (PESOS)": 154989, "LATITUD": 20.439758, "LONGITUD": -98.956978 }, "geometry": { "type": "Point", "coordinates": [ -98.956978, 20.439758 ] } },
{ "type": "Feature", "properties": { "NO": 1058, "ENTIDAD": "HIDALGO", "MUNICIPIO": "Santiago de Anaya", "PUEBLO INDIGENA O AFROMEXICANO": "OTOMÍ", "LOCALIDAD": "SANTA MÓNICA", "CLAVE LOC": 130550014, "TIPO DE ASENTAMIENTO": "COMUNIDAD INDIGENA", "NOMBRE": "SANTA MÓNICA", "MONTO ASIGNADO (PESOS)": 378886, "LATITUD": 20.345626, "LONGITUD": -98.939876 }, "geometry": { "type": "Point", "coordinates": [ -98.939876, 20.345626 ] } },
{ "type": "Feature", "properties": { "NO": 1059, "ENTIDAD": "HIDALGO", "MUNICIPIO": "Santiago de Anaya", "PUEBLO INDIGENA O AFROMEXICANO": "OTOMÍ", "LOCALIDAD": "SANTIAGO DE ANAYA", "CLAVE LOC": 130550001, "TIPO DE ASENTAMIENTO": "COMUNIDAD INDIGENA", "NOMBRE": "SANTIAGO DE ANAYA", "MONTO ASIGNADO (PESOS)": 1730478, "LATITUD": 20.382581, "LONGITUD": -98.963953 }, "geometry": { "type": "Point", "coordinates": [ -98.963953, 20.382581 ] } },
{ "type": "Feature", "properties": { "NO": 1060, "ENTIDAD": "HIDALGO", "MUNICIPIO": "Santiago de Anaya", "PUEBLO INDIGENA O AFROMEXICANO": "OTOMÍ", "LOCALIDAD": "XITZO", "CLAVE LOC": 130550016, "TIPO DE ASENTAMIENTO": "COMUNIDAD INDIGENA", "NOMBRE": "XITZO", "MONTO ASIGNADO (PESOS)": 688491, "LATITUD": 20.372185, "LONGITUD": -98.945634 }, "geometry": { "type": "Point", "coordinates": [ -98.945634, 20.372185 ] } },
{ "type": "Feature", "properties": { "NO": 1061, "ENTIDAD": "HIDALGO", "MUNICIPIO": "Santiago de Anaya", "PUEBLO INDIGENA O AFROMEXICANO": "OTOMÍ", "LOCALIDAD": "YOLOTEPEC", "CLAVE LOC": 130550017, "TIPO DE ASENTAMIENTO": "COMUNIDAD INDIGENA", "NOMBRE": "YOLOTEPEC", "MONTO ASIGNADO (PESOS)": 1544553, "LATITUD": 20.392632, "LONGITUD": -99.077724 }, "geometry": { "type": "Point", "coordinates": [ -99.077724, 20.392632 ] } },
{ "type": "Feature", "properties": { "NO": 1062, "ENTIDAD": "HIDALGO", "MUNICIPIO": "Santiago de Anaya", "PUEBLO INDIGENA O AFROMEXICANO": "OTOMÍ", "LOCALIDAD": "ZARAGOZA", "CLAVE LOC": 130550018, "TIPO DE ASENTAMIENTO": "COMUNIDAD INDIGENA", "NOMBRE": "ZARAGOZA", "MONTO ASIGNADO (PESOS)": 644030, "LATITUD": 20.359108, "LONGITUD": -98.952834 }, "geometry": { "type": "Point", "coordinates": [ -98.952834, 20.359108 ] } },
{ "type": "Feature", "properties": { "NO": 1063, "ENTIDAD": "HIDALGO", "MUNICIPIO": "Tasquillo", "PUEBLO INDIGENA O AFROMEXICANO": "OTOMÍ", "LOCALIDAD": "ARBOLADO", "CLAVE LOC": 130580002, "TIPO DE ASENTAMIENTO": "COMUNIDAD INDIGENA", "NOMBRE": "ARBOLADO", "MONTO ASIGNADO (PESOS)": 743460, "LATITUD": 20.560038, "LONGITUD": -99.327995 }, "geometry": { "type": "Point", "coordinates": [ -99.327995, 20.560038 ] } },
{ "type": "Feature", "properties": { "NO": 1064, "ENTIDAD": "HIDALGO", "MUNICIPIO": "Tasquillo", "PUEBLO INDIGENA O AFROMEXICANO": "OTOMÍ", "LOCALIDAD": "BONDHÍ", "CLAVE LOC": 130580003, "TIPO DE ASENTAMIENTO": "COMUNIDAD INDIGENA", "NOMBRE": "BONDHÍ", "MONTO ASIGNADO (PESOS)": 544601, "LATITUD": 20.532504, "LONGITUD": -99.295721 }, "geometry": { "type": "Point", "coordinates": [ -99.295721, 20.532504 ] } },
{ "type": "Feature", "properties": { "NO": 1065, "ENTIDAD": "HIDALGO", "MUNICIPIO": "Tasquillo", "PUEBLO INDIGENA O AFROMEXICANO": "OTOMÍ", "LOCALIDAD": "CALTIMACÁN", "CLAVE LOC": 130580004, "TIPO DE ASENTAMIENTO": "COMUNIDAD INDIGENA", "NOMBRE": "CALTIMACÁN", "MONTO ASIGNADO (PESOS)": 1437848, "LATITUD": 20.536787, "LONGITUD": -99.369123 }, "geometry": { "type": "Point", "coordinates": [ -99.369123, 20.536787 ] } },
{ "type": "Feature", "properties": { "NO": 1066, "ENTIDAD": "HIDALGO", "MUNICIPIO": "Tasquillo", "PUEBLO INDIGENA O AFROMEXICANO": "OTOMÍ", "LOCALIDAD": "CANDELARIA", "CLAVE LOC": 130580006, "TIPO DE ASENTAMIENTO": "COMUNIDAD INDIGENA", "NOMBRE": "CANDELARIA", "MONTO ASIGNADO (PESOS)": 750735, "LATITUD": 20.564687, "LONGITUD": -99.310614 }, "geometry": { "type": "Point", "coordinates": [ -99.310614, 20.564687 ] } },
{ "type": "Feature", "properties": { "NO": 1067, "ENTIDAD": "HIDALGO", "MUNICIPIO": "Tasquillo", "PUEBLO INDIGENA O AFROMEXICANO": "OTOMÍ", "LOCALIDAD": "DANGHU", "CLAVE LOC": 130580009, "TIPO DE ASENTAMIENTO": "COMUNIDAD INDIGENA", "NOMBRE": "DANGHU", "MONTO ASIGNADO (PESOS)": 785495, "LATITUD": 20.506219, "LONGITUD": -99.347809 }, "geometry": { "type": "Point", "coordinates": [ -99.347809, 20.506219 ] } },
{ "type": "Feature", "properties": { "NO": 1068, "ENTIDAD": "HIDALGO", "MUNICIPIO": "Tasquillo", "PUEBLO INDIGENA O AFROMEXICANO": "OTOMÍ", "LOCALIDAD": "EL DURAZNO", "CLAVE LOC": 130580032, "TIPO DE ASENTAMIENTO": "COMUNIDAD INDIGENA", "NOMBRE": "EL DURAZNO", "MONTO ASIGNADO (PESOS)": 289965, "LATITUD": 20.474169, "LONGITUD": -99.319549 }, "geometry": { "type": "Point", "coordinates": [ -99.319549, 20.474169 ] } },
{ "type": "Feature", "properties": { "NO": 1069, "ENTIDAD": "HIDALGO", "MUNICIPIO": "Tasquillo", "PUEBLO INDIGENA O AFROMEXICANO": "OTOMÍ", "LOCALIDAD": "EL EPAZOTE", "CLAVE LOC": 130580010, "TIPO DE ASENTAMIENTO": "COMUNIDAD INDIGENA", "NOMBRE": "EL EPAZOTE", "MONTO ASIGNADO (PESOS)": 241463, "LATITUD": 20.593771, "LONGITUD": -99.457668 }, "geometry": { "type": "Point", "coordinates": [ -99.457668, 20.593771 ] } },
{ "type": "Feature", "properties": { "NO": 1070, "ENTIDAD": "HIDALGO", "MUNICIPIO": "Tasquillo", "PUEBLO INDIGENA O AFROMEXICANO": "OTOMÍ", "LOCALIDAD": "EL LLANO", "CLAVE LOC": 130580014, "TIPO DE ASENTAMIENTO": "COMUNIDAD INDIGENA", "NOMBRE": "EL LLANO", "MONTO ASIGNADO (PESOS)": 133142, "LATITUD": 20.548869, "LONGITUD": -99.448222 }, "geometry": { "type": "Point", "coordinates": [ -99.448222, 20.548869 ] } },
{ "type": "Feature", "properties": { "NO": 1071, "ENTIDAD": "HIDALGO", "MUNICIPIO": "Tasquillo", "PUEBLO INDIGENA O AFROMEXICANO": "OTOMÍ", "LOCALIDAD": "HUIZACHEZ", "CLAVE LOC": 130580012, "TIPO DE ASENTAMIENTO": "COMUNIDAD INDIGENA", "NOMBRE": "HUIZACHEZ", "MONTO ASIGNADO (PESOS)": 431429, "LATITUD": 20.526004, "LONGITUD": -99.407902 }, "geometry": { "type": "Point", "coordinates": [ -99.407902, 20.526004 ] } },
{ "type": "Feature", "properties": { "NO": 1072, "ENTIDAD": "HIDALGO", "MUNICIPIO": "Tasquillo", "PUEBLO INDIGENA O AFROMEXICANO": "OTOMÍ", "LOCALIDAD": "JUCHITLÁN", "CLAVE LOC": 130580013, "TIPO DE ASENTAMIENTO": "COMUNIDAD INDIGENA", "NOMBRE": "JUCHITLÁN", "MONTO ASIGNADO (PESOS)": 559960, "LATITUD": 20.547921, "LONGITUD": -99.288011 }, "geometry": { "type": "Point", "coordinates": [ -99.288011, 20.547921 ] } },
{ "type": "Feature", "properties": { "NO": 1073, "ENTIDAD": "HIDALGO", "MUNICIPIO": "Tasquillo", "PUEBLO INDIGENA O AFROMEXICANO": "OTOMÍ", "LOCALIDAD": "LA FLORIDA", "CLAVE LOC": 130580011, "TIPO DE ASENTAMIENTO": "COMUNIDAD INDIGENA", "NOMBRE": "LA FLORIDA", "MONTO ASIGNADO (PESOS)": 99190, "LATITUD": 20.594241, "LONGITUD": -99.390675 }, "geometry": { "type": "Point", "coordinates": [ -99.390675, 20.594241 ] } },
{ "type": "Feature", "properties": { "NO": 1074, "ENTIDAD": "HIDALGO", "MUNICIPIO": "Tasquillo", "PUEBLO INDIGENA O AFROMEXICANO": "OTOMÍ", "LOCALIDAD": "LA VEGA", "CLAVE LOC": 130580037, "TIPO DE ASENTAMIENTO": "COMUNIDAD INDIGENA", "NOMBRE": "LA VEGA", "MONTO ASIGNADO (PESOS)": 194578, "LATITUD": 20.543908, "LONGITUD": -99.296524 }, "geometry": { "type": "Point", "coordinates": [ -99.296524, 20.543908 ] } },
{ "type": "Feature", "properties": { "NO": 1075, "ENTIDAD": "HIDALGO", "MUNICIPIO": "Tasquillo", "PUEBLO INDIGENA O AFROMEXICANO": "OTOMÍ", "LOCALIDAD": "MOTHO", "CLAVE LOC": 130580015, "TIPO DE ASENTAMIENTO": "COMUNIDAD INDIGENA", "NOMBRE": "MOTHO", "MONTO ASIGNADO (PESOS)": 357060, "LATITUD": 20.536131, "LONGITUD": -99.282236 }, "geometry": { "type": "Point", "coordinates": [ -99.282236, 20.536131 ] } },
{ "type": "Feature", "properties": { "NO": 1076, "ENTIDAD": "HIDALGO", "MUNICIPIO": "Tasquillo", "PUEBLO INDIGENA O AFROMEXICANO": "OTOMÍ", "LOCALIDAD": "NOXTHEY", "CLAVE LOC": 130580016, "TIPO DE ASENTAMIENTO": "COMUNIDAD INDIGENA", "NOMBRE": "NOXTHEY", "MONTO ASIGNADO (PESOS)": 266522, "LATITUD": 20.58301, "LONGITUD": -99.430879 }, "geometry": { "type": "Point", "coordinates": [ -99.430879, 20.58301 ] } },
{ "type": "Feature", "properties": { "NO": 1077, "ENTIDAD": "HIDALGO", "MUNICIPIO": "Tasquillo", "PUEBLO INDIGENA O AFROMEXICANO": "OTOMÍ", "LOCALIDAD": "PORTEZUELO", "CLAVE LOC": 130580017, "TIPO DE ASENTAMIENTO": "COMUNIDAD INDIGENA", "NOMBRE": "PORTEZUELO", "MONTO ASIGNADO (PESOS)": 1569612, "LATITUD": 20.487601, "LONGITUD": -99.306757 }, "geometry": { "type": "Point", "coordinates": [ -99.306757, 20.487601 ] } },
{ "type": "Feature", "properties": { "NO": 1078, "ENTIDAD": "HIDALGO", "MUNICIPIO": "Tasquillo", "PUEBLO INDIGENA O AFROMEXICANO": "OTOMÍ", "LOCALIDAD": "REMEDIOS", "CLAVE LOC": 130580019, "TIPO DE ASENTAMIENTO": "COMUNIDAD INDIGENA", "NOMBRE": "REMEDIOS", "MONTO ASIGNADO (PESOS)": 521158, "LATITUD": 20.531063, "LONGITUD": -99.310472 }, "geometry": { "type": "Point", "coordinates": [ -99.310472, 20.531063 ] } },
{ "type": "Feature", "properties": { "NO": 1079, "ENTIDAD": "HIDALGO", "MUNICIPIO": "Tasquillo", "PUEBLO INDIGENA O AFROMEXICANO": "OTOMÍ", "LOCALIDAD": "RINCONADA", "CLAVE LOC": 130580020, "TIPO DE ASENTAMIENTO": "COMUNIDAD INDIGENA", "NOMBRE": "RINCONADA", "MONTO ASIGNADO (PESOS)": 473465, "LATITUD": 20.522747, "LONGITUD": -99.30075 }, "geometry": { "type": "Point", "coordinates": [ -99.30075, 20.522747 ] } },
{ "type": "Feature", "properties": { "NO": 1080, "ENTIDAD": "HIDALGO", "MUNICIPIO": "Tasquillo", "PUEBLO INDIGENA O AFROMEXICANO": "OTOMÍ", "LOCALIDAD": "SAN ANTONIO CALTIMACÁN", "CLAVE LOC": 130580021, "TIPO DE ASENTAMIENTO": "COMUNIDAD INDIGENA", "NOMBRE": "SAN ANTONIO CALTIMACÁN", "MONTO ASIGNADO (PESOS)": 132333, "LATITUD": 20.557376, "LONGITUD": -99.359092 }, "geometry": { "type": "Point", "coordinates": [ -99.359092, 20.557376 ] } },
{ "type": "Feature", "properties": { "NO": 1081, "ENTIDAD": "HIDALGO", "MUNICIPIO": "Tasquillo", "PUEBLO INDIGENA O AFROMEXICANO": "OTOMÍ", "LOCALIDAD": "SAN ISIDRO", "CLAVE LOC": 130580036, "TIPO DE ASENTAMIENTO": "COMUNIDAD INDIGENA", "NOMBRE": "SAN ISIDRO", "MONTO ASIGNADO (PESOS)": 934235, "LATITUD": 20.538969, "LONGITUD": -99.328558 }, "geometry": { "type": "Point", "coordinates": [ -99.328558, 20.538969 ] } },
{ "type": "Feature", "properties": { "NO": 1082, "ENTIDAD": "HIDALGO", "MUNICIPIO": "Tasquillo", "PUEBLO INDIGENA O AFROMEXICANO": "OTOMÍ", "LOCALIDAD": "SAN MIGUEL", "CLAVE LOC": 130580041, "TIPO DE ASENTAMIENTO": "COMUNIDAD INDIGENA", "NOMBRE": "SAN MIGUEL", "MONTO ASIGNADO (PESOS)": 207511, "LATITUD": 20.553592, "LONGITUD": -99.291658 }, "geometry": { "type": "Point", "coordinates": [ -99.291658, 20.553592 ] } },
{ "type": "Feature", "properties": { "NO": 1083, "ENTIDAD": "HIDALGO", "MUNICIPIO": "Tasquillo", "PUEBLO INDIGENA O AFROMEXICANO": "OTOMÍ", "LOCALIDAD": "SAN NICOLÁS (SAN NICOLÁS CALTIMACÁN)", "CLAVE LOC": 130580027, "TIPO DE ASENTAMIENTO": "COMUNIDAD INDIGENA", "NOMBRE": "SAN NICOLÁS (SAN NICOLÁS CALTIMACÁN)", "MONTO ASIGNADO (PESOS)": 171943, "LATITUD": 20.561471, "LONGITUD": -99.380792 }, "geometry": { "type": "Point", "coordinates": [ -99.380792, 20.561471 ] } },
{ "type": "Feature", "properties": { "NO": 1084, "ENTIDAD": "HIDALGO", "MUNICIPIO": "Tasquillo", "PUEBLO INDIGENA O AFROMEXICANO": "OTOMÍ", "LOCALIDAD": "SAN PEDRO", "CLAVE LOC": 130580023, "TIPO DE ASENTAMIENTO": "COMUNIDAD INDIGENA", "NOMBRE": "SAN PEDRO", "MONTO ASIGNADO (PESOS)": 491249, "LATITUD": 20.543124, "LONGITUD": -99.392659 }, "geometry": { "type": "Point", "coordinates": [ -99.392659, 20.543124 ] } },
{ "type": "Feature", "properties": { "NO": 1085, "ENTIDAD": "HIDALGO", "MUNICIPIO": "Tasquillo", "PUEBLO INDIGENA O AFROMEXICANO": "OTOMÍ", "LOCALIDAD": "SANTIAGO IXTLAHUACA", "CLAVE LOC": 130580024, "TIPO DE ASENTAMIENTO": "COMUNIDAD INDIGENA", "NOMBRE": "SANTIAGO IXTLAHUACA", "MONTO ASIGNADO (PESOS)": 833189, "LATITUD": 20.500939, "LONGITUD": -99.324582 }, "geometry": { "type": "Point", "coordinates": [ -99.324582, 20.500939 ] } },
{ "type": "Feature", "properties": { "NO": 1086, "ENTIDAD": "HIDALGO", "MUNICIPIO": "Tasquillo", "PUEBLO INDIGENA O AFROMEXICANO": "OTOMÍ", "LOCALIDAD": "TASQUILLO", "CLAVE LOC": 130580001, "TIPO DE ASENTAMIENTO": "COMUNIDAD INDIGENA", "NOMBRE": "TASQUILLO", "MONTO ASIGNADO (PESOS)": 790345, "LATITUD": 20.551772, "LONGITUD": -99.312556 }, "geometry": { "type": "Point", "coordinates": [ -99.312556, 20.551772 ] } },
{ "type": "Feature", "properties": { "NO": 1087, "ENTIDAD": "HIDALGO", "MUNICIPIO": "Tasquillo", "PUEBLO INDIGENA O AFROMEXICANO": "OTOMÍ", "LOCALIDAD": "TETZHÚ", "CLAVE LOC": 130580025, "TIPO DE ASENTAMIENTO": "COMUNIDAD INDIGENA", "NOMBRE": "TETZHÚ", "MONTO ASIGNADO (PESOS)": 375652, "LATITUD": 20.55866, "LONGITUD": -99.339269 }, "geometry": { "type": "Point", "coordinates": [ -99.339269, 20.55866 ] } },
{ "type": "Feature", "properties": { "NO": 1088, "ENTIDAD": "HIDALGO", "MUNICIPIO": "Tecozautla", "PUEBLO INDIGENA O AFROMEXICANO": "OTOMÍ", "LOCALIDAD": "ALJIBES", "CLAVE LOC": 130590003, "TIPO DE ASENTAMIENTO": "COMUNIDAD INDIGENA", "NOMBRE": "ALJIBES", "MONTO ASIGNADO (PESOS)": 418496, "LATITUD": 20.617837, "LONGITUD": -99.504289 }, "geometry": { "type": "Point", "coordinates": [ -99.504289, 20.617837 ] } },
{ "type": "Feature", "properties": { "NO": 1089, "ENTIDAD": "HIDALGO", "MUNICIPIO": "Tecozautla", "PUEBLO INDIGENA O AFROMEXICANO": "OTOMÍ", "LOCALIDAD": "ATENGO", "CLAVE LOC": 130590004, "TIPO DE ASENTAMIENTO": "COMUNIDAD INDIGENA", "NOMBRE": "ATENGO", "MONTO ASIGNADO (PESOS)": 794387, "LATITUD": 20.486968, "LONGITUD": -99.722869 }, "geometry": { "type": "Point", "coordinates": [ -99.722869, 20.486968 ] } },
{ "type": "Feature", "properties": { "NO": 1090, "ENTIDAD": "HIDALGO", "MUNICIPIO": "Tecozautla", "PUEBLO INDIGENA O AFROMEXICANO": "OTOMÍ", "LOCALIDAD": "BAJHÍ", "CLAVE LOC": 130590005, "TIPO DE ASENTAMIENTO": "COMUNIDAD INDIGENA", "NOMBRE": "BAJHÍ", "MONTO ASIGNADO (PESOS)": 467806, "LATITUD": 20.523368, "LONGITUD": -99.522052 }, "geometry": { "type": "Point", "coordinates": [ -99.522052, 20.523368 ] } },
{ "type": "Feature", "properties": { "NO": 1091, "ENTIDAD": "HIDALGO", "MUNICIPIO": "Tecozautla", "PUEBLO INDIGENA O AFROMEXICANO": "OTOMÍ", "LOCALIDAD": "BANZHÁ", "CLAVE LOC": 130590006, "TIPO DE ASENTAMIENTO": "COMUNIDAD INDIGENA", "NOMBRE": "BANZHÁ", "MONTO ASIGNADO (PESOS)": 699808, "LATITUD": 20.584724, "LONGITUD": -99.582694 }, "geometry": { "type": "Point", "coordinates": [ -99.582694, 20.584724 ] } },
{ "type": "Feature", "properties": { "NO": 1092, "ENTIDAD": "HIDALGO", "MUNICIPIO": "Tecozautla", "PUEBLO INDIGENA O AFROMEXICANO": "OTOMÍ", "LOCALIDAD": "BOMANXOTHA", "CLAVE LOC": 130590007, "TIPO DE ASENTAMIENTO": "COMUNIDAD INDIGENA", "NOMBRE": "BOMANXOTHA", "MONTO ASIGNADO (PESOS)": 1805656, "LATITUD": 20.51664, "LONGITUD": -99.666128 }, "geometry": { "type": "Point", "coordinates": [ -99.666128, 20.51664 ] } },
{ "type": "Feature", "properties": { "NO": 1093, "ENTIDAD": "HIDALGO", "MUNICIPIO": "Tecozautla", "PUEBLO INDIGENA O AFROMEXICANO": "OTOMÍ", "LOCALIDAD": "BOÑHÉ", "CLAVE LOC": 130590008, "TIPO DE ASENTAMIENTO": "COMUNIDAD INDIGENA", "NOMBRE": "BOÑHÉ", "MONTO ASIGNADO (PESOS)": 201471, "LATITUD": 20.508977, "LONGITUD": -99.593302 }, "geometry": { "type": "Point", "coordinates": [ -99.593302, 20.508977 ] } },
{ "type": "Feature", "properties": { "NO": 1094, "ENTIDAD": "HIDALGO", "MUNICIPIO": "Tecozautla", "PUEBLO INDIGENA O AFROMEXICANO": "OTOMÍ", "LOCALIDAD": "BOTHÉ", "CLAVE LOC": 130590009, "TIPO DE ASENTAMIENTO": "COMUNIDAD INDIGENA", "NOMBRE": "BOTHÉ", "MONTO ASIGNADO (PESOS)": 455681, "LATITUD": 20.486098, "LONGITUD": -99.64687 }, "geometry": { "type": "Point", "coordinates": [ -99.64687, 20.486098 ] } },
{ "type": "Feature", "properties": { "NO": 1095, "ENTIDAD": "HIDALGO", "MUNICIPIO": "Tecozautla", "PUEBLO INDIGENA O AFROMEXICANO": "OTOMÍ", "LOCALIDAD": "BOXHI", "CLAVE LOC": 130590010, "TIPO DE ASENTAMIENTO": "COMUNIDAD INDIGENA", "NOMBRE": "BOXHI", "MONTO ASIGNADO (PESOS)": 180835, "LATITUD": 20.548314, "LONGITUD": -99.611475 }, "geometry": { "type": "Point", "coordinates": [ -99.611475, 20.548314 ] } },
{ "type": "Feature", "properties": { "NO": 1096, "ENTIDAD": "HIDALGO", "MUNICIPIO": "Tecozautla", "PUEBLO INDIGENA O AFROMEXICANO": "OTOMÍ", "LOCALIDAD": "CUAMXHI", "CLAVE LOC": 130590011, "TIPO DE ASENTAMIENTO": "COMUNIDAD INDIGENA", "NOMBRE": "CUAMXHI", "MONTO ASIGNADO (PESOS)": 470231, "LATITUD": 20.510892, "LONGITUD": -99.648889 }, "geometry": { "type": "Point", "coordinates": [ -99.648889, 20.510892 ] } },
{ "type": "Feature", "properties": { "NO": 1097, "ENTIDAD": "HIDALGO", "MUNICIPIO": "Tecozautla", "PUEBLO INDIGENA O AFROMEXICANO": "OTOMÍ", "LOCALIDAD": "EL AHORCADO", "CLAVE LOC": 130590002, "TIPO DE ASENTAMIENTO": "COMUNIDAD INDIGENA", "NOMBRE": "EL AHORCADO", "MONTO ASIGNADO (PESOS)": 137992, "LATITUD": 20.494621, "LONGITUD": -99.479554 }, "geometry": { "type": "Point", "coordinates": [ -99.479554, 20.494621 ] } },
{ "type": "Feature", "properties": { "NO": 1098, "ENTIDAD": "HIDALGO", "MUNICIPIO": "Tecozautla", "PUEBLO INDIGENA O AFROMEXICANO": "OTOMÍ", "LOCALIDAD": "EL DEDHÓ", "CLAVE LOC": 130590012, "TIPO DE ASENTAMIENTO": "COMUNIDAD INDIGENA", "NOMBRE": "EL DEDHÓ", "MONTO ASIGNADO (PESOS)": 151734, "LATITUD": 20.507682, "LONGITUD": -99.606547 }, "geometry": { "type": "Point", "coordinates": [ -99.606547, 20.507682 ] } },
{ "type": "Feature", "properties": { "NO": 1099, "ENTIDAD": "HIDALGO", "MUNICIPIO": "Tecozautla", "PUEBLO INDIGENA O AFROMEXICANO": "OTOMÍ", "LOCALIDAD": "EL DORANHI", "CLAVE LOC": 130590046, "TIPO DE ASENTAMIENTO": "COMUNIDAD INDIGENA", "NOMBRE": "EL DORANHI", "MONTO ASIGNADO (PESOS)": 120208, "LATITUD": 20.529166, "LONGITUD": -99.6625 }, "geometry": { "type": "Point", "coordinates": [ -99.6625, 20.529166 ] } },
{ "type": "Feature", "properties": { "NO": 1100, "ENTIDAD": "HIDALGO", "MUNICIPIO": "Tecozautla", "PUEBLO INDIGENA O AFROMEXICANO": "OTOMÍ", "LOCALIDAD": "EL MERCADER", "CLAVE LOC": 130590039, "TIPO DE ASENTAMIENTO": "COMUNIDAD INDIGENA", "NOMBRE": "EL MERCADER", "MONTO ASIGNADO (PESOS)": 144939, "LATITUD": 20.520762, "LONGITUD": -99.809305 }, "geometry": { "type": "Point", "coordinates": [ -99.809305, 20.520762 ] } },
{ "type": "Feature", "properties": { "NO": 1101, "ENTIDAD": "HIDALGO", "MUNICIPIO": "Tecozautla", "PUEBLO INDIGENA O AFROMEXICANO": "OTOMÍ", "LOCALIDAD": "EL PALMAR", "CLAVE LOC": 130590022, "TIPO DE ASENTAMIENTO": "COMUNIDAD INDIGENA", "NOMBRE": "EL PALMAR", "MONTO ASIGNADO (PESOS)": 331192, "LATITUD": 20.550899, "LONGITUD": -99.523288 }, "geometry": { "type": "Point", "coordinates": [ -99.523288, 20.550899 ] } },
{ "type": "Feature", "properties": { "NO": 1102, "ENTIDAD": "HIDALGO", "MUNICIPIO": "Tecozautla", "PUEBLO INDIGENA O AFROMEXICANO": "OTOMÍ", "LOCALIDAD": "EL PASO", "CLAVE LOC": 130590024, "TIPO DE ASENTAMIENTO": "COMUNIDAD INDIGENA", "NOMBRE": "EL PASO", "MONTO ASIGNADO (PESOS)": 341701, "LATITUD": 20.577513, "LONGITUD": -99.639293 }, "geometry": { "type": "Point", "coordinates": [ -99.639293, 20.577513 ] } },
{ "type": "Feature", "properties": { "NO": 1103, "ENTIDAD": "HIDALGO", "MUNICIPIO": "Tecozautla", "PUEBLO INDIGENA O AFROMEXICANO": "OTOMÍ", "LOCALIDAD": "EL RIÍTO", "CLAVE LOC": 130590026, "TIPO DE ASENTAMIENTO": "COMUNIDAD INDIGENA", "NOMBRE": "EL RIÍTO", "MONTO ASIGNADO (PESOS)": 662623, "LATITUD": 20.57608, "LONGITUD": -99.630969 }, "geometry": { "type": "Point", "coordinates": [ -99.630969, 20.57608 ] } },
{ "type": "Feature", "properties": { "NO": 1104, "ENTIDAD": "HIDALGO", "MUNICIPIO": "Tecozautla", "PUEBLO INDIGENA O AFROMEXICANO": "OTOMÍ", "LOCALIDAD": "EL SALTO", "CLAVE LOC": 130590028, "TIPO DE ASENTAMIENTO": "COMUNIDAD INDIGENA", "NOMBRE": "EL SALTO", "MONTO ASIGNADO (PESOS)": 541368, "LATITUD": 20.529969, "LONGITUD": -99.491773 }, "geometry": { "type": "Point", "coordinates": [ -99.491773, 20.529969 ] } },
{ "type": "Feature", "properties": { "NO": 1105, "ENTIDAD": "HIDALGO", "MUNICIPIO": "Tecozautla", "PUEBLO INDIGENA O AFROMEXICANO": "OTOMÍ", "LOCALIDAD": "GANDHO", "CLAVE LOC": 130590014, "TIPO DE ASENTAMIENTO": "COMUNIDAD INDIGENA", "NOMBRE": "GANDHO", "MONTO ASIGNADO (PESOS)": 2010173, "LATITUD": 20.548469, "LONGITUD": -99.689838 }, "geometry": { "type": "Point", "coordinates": [ -99.689838, 20.548469 ] } },
{ "type": "Feature", "properties": { "NO": 1106, "ENTIDAD": "HIDALGO", "MUNICIPIO": "Tecozautla", "PUEBLO INDIGENA O AFROMEXICANO": "OTOMÍ", "LOCALIDAD": "GUADALUPE", "CLAVE LOC": 130590015, "TIPO DE ASENTAMIENTO": "COMUNIDAD INDIGENA", "NOMBRE": "GUADALUPE", "MONTO ASIGNADO (PESOS)": 679599, "LATITUD": 20.53002, "LONGITUD": -99.561145 }, "geometry": { "type": "Point", "coordinates": [ -99.561145, 20.53002 ] } },
{ "type": "Feature", "properties": { "NO": 1107, "ENTIDAD": "HIDALGO", "MUNICIPIO": "Tecozautla", "PUEBLO INDIGENA O AFROMEXICANO": "OTOMÍ", "LOCALIDAD": "LA CRUZ DE PIEDRA", "CLAVE LOC": 130590072, "TIPO DE ASENTAMIENTO": "COMUNIDAD INDIGENA", "NOMBRE": "LA CRUZ DE PIEDRA", "MONTO ASIGNADO (PESOS)": 166285, "LATITUD": 20.48389, "LONGITUD": -99.747597 }, "geometry": { "type": "Point", "coordinates": [ -99.747597, 20.48389 ] } },
{ "type": "Feature", "properties": { "NO": 1108, "ENTIDAD": "HIDALGO", "MUNICIPIO": "Tecozautla", "PUEBLO INDIGENA O AFROMEXICANO": "OTOMÍ", "LOCALIDAD": "LA ESQUINA", "CLAVE LOC": 130590013, "TIPO DE ASENTAMIENTO": "COMUNIDAD INDIGENA", "NOMBRE": "LA ESQUINA", "MONTO ASIGNADO (PESOS)": 1458058, "LATITUD": 20.546427, "LONGITUD": -99.70711 }, "geometry": { "type": "Point", "coordinates": [ -99.70711, 20.546427 ] } },
{ "type": "Feature", "properties": { "NO": 1109, "ENTIDAD": "HIDALGO", "MUNICIPIO": "Tecozautla", "PUEBLO INDIGENA O AFROMEXICANO": "OTOMÍ", "LOCALIDAD": "LA JOYA", "CLAVE LOC": 130590016, "TIPO DE ASENTAMIENTO": "COMUNIDAD INDIGENA", "NOMBRE": "LA JOYA", "MONTO ASIGNADO (PESOS)": 150926, "LATITUD": 20.537295, "LONGITUD": -99.600758 }, "geometry": { "type": "Point", "coordinates": [ -99.600758, 20.537295 ] } },
{ "type": "Feature", "properties": { "NO": 1110, "ENTIDAD": "HIDALGO", "MUNICIPIO": "Tecozautla", "PUEBLO INDIGENA O AFROMEXICANO": "OTOMÍ", "LOCALIDAD": "LA LOMITA", "CLAVE LOC": 130590090, "TIPO DE ASENTAMIENTO": "COMUNIDAD INDIGENA", "NOMBRE": "LA LOMITA", "MONTO ASIGNADO (PESOS)": 276223, "LATITUD": 20.565642, "LONGITUD": -99.631307 }, "geometry": { "type": "Point", "coordinates": [ -99.631307, 20.565642 ] } },
{ "type": "Feature", "properties": { "NO": 1111, "ENTIDAD": "HIDALGO", "MUNICIPIO": "Tecozautla", "PUEBLO INDIGENA O AFROMEXICANO": "OTOMÍ", "LOCALIDAD": "LA MESILLA", "CLAVE LOC": 130590019, "TIPO DE ASENTAMIENTO": "COMUNIDAD INDIGENA", "NOMBRE": "LA MESILLA", "MONTO ASIGNADO (PESOS)": 1337611, "LATITUD": 20.484636, "LONGITUD": -99.674517 }, "geometry": { "type": "Point", "coordinates": [ -99.674517, 20.484636 ] } },
{ "type": "Feature", "properties": { "NO": 1112, "ENTIDAD": "HIDALGO", "MUNICIPIO": "Tecozautla", "PUEBLO INDIGENA O AFROMEXICANO": "OTOMÍ", "LOCALIDAD": "LA PAILA", "CLAVE LOC": 130590021, "TIPO DE ASENTAMIENTO": "COMUNIDAD INDIGENA", "NOMBRE": "LA PAILA", "MONTO ASIGNADO (PESOS)": 471040, "LATITUD": 20.561729, "LONGITUD": -99.620705 }, "geometry": { "type": "Point", "coordinates": [ -99.620705, 20.561729 ] } },
{ "type": "Feature", "properties": { "NO": 1113, "ENTIDAD": "HIDALGO", "MUNICIPIO": "Tecozautla", "PUEBLO INDIGENA O AFROMEXICANO": "OTOMÍ", "LOCALIDAD": "LA PRESA", "CLAVE LOC": 130590077, "TIPO DE ASENTAMIENTO": "COMUNIDAD INDIGENA", "NOMBRE": "LA PRESA", "MONTO ASIGNADO (PESOS)": 297240, "LATITUD": 20.489901, "LONGITUD": -99.757262 }, "geometry": { "type": "Point", "coordinates": [ -99.757262, 20.489901 ] } },
{ "type": "Feature", "properties": { "NO": 1114, "ENTIDAD": "HIDALGO", "MUNICIPIO": "Tecozautla", "PUEBLO INDIGENA O AFROMEXICANO": "OTOMÍ", "LOCALIDAD": "LA SABINA", "CLAVE LOC": 130590038, "TIPO DE ASENTAMIENTO": "COMUNIDAD INDIGENA", "NOMBRE": "LA SABINA", "MONTO ASIGNADO (PESOS)": 224487, "LATITUD": 20.604698, "LONGITUD": -99.585788 }, "geometry": { "type": "Point", "coordinates": [ -99.585788, 20.604698 ] } },
{ "type": "Feature", "properties": { "NO": 1115, "ENTIDAD": "HIDALGO", "MUNICIPIO": "Tecozautla", "PUEBLO INDIGENA O AFROMEXICANO": "OTOMÍ", "LOCALIDAD": "LA SALITRERA", "CLAVE LOC": 130590027, "TIPO DE ASENTAMIENTO": "COMUNIDAD INDIGENA", "NOMBRE": "LA SALITRERA", "MONTO ASIGNADO (PESOS)": 278648, "LATITUD": 20.565383, "LONGITUD": -99.676554 }, "geometry": { "type": "Point", "coordinates": [ -99.676554, 20.565383 ] } },
{ "type": "Feature", "properties": { "NO": 1116, "ENTIDAD": "HIDALGO", "MUNICIPIO": "Tecozautla", "PUEBLO INDIGENA O AFROMEXICANO": "OTOMÍ", "LOCALIDAD": "MAGUEY VERDE", "CLAVE LOC": 130590017, "TIPO DE ASENTAMIENTO": "COMUNIDAD INDIGENA", "NOMBRE": "MAGUEY VERDE", "MONTO ASIGNADO (PESOS)": 478315, "LATITUD": 20.511729, "LONGITUD": -99.754768 }, "geometry": { "type": "Point", "coordinates": [ -99.754768, 20.511729 ] } },
{ "type": "Feature", "properties": { "NO": 1117, "ENTIDAD": "HIDALGO", "MUNICIPIO": "Tecozautla", "PUEBLO INDIGENA O AFROMEXICANO": "OTOMÍ", "LOCALIDAD": "MANGUANÍ", "CLAVE LOC": 130590018, "TIPO DE ASENTAMIENTO": "COMUNIDAD INDIGENA", "NOMBRE": "MANGUANÍ", "MONTO ASIGNADO (PESOS)": 283498, "LATITUD": 20.600055, "LONGITUD": -99.635818 }, "geometry": { "type": "Point", "coordinates": [ -99.635818, 20.600055 ] } },
{ "type": "Feature", "properties": { "NO": 1118, "ENTIDAD": "HIDALGO", "MUNICIPIO": "Tecozautla", "PUEBLO INDIGENA O AFROMEXICANO": "OTOMÍ", "LOCALIDAD": "NINTHÍ", "CLAVE LOC": 130590020, "TIPO DE ASENTAMIENTO": "COMUNIDAD INDIGENA", "NOMBRE": "NINTHÍ", "MONTO ASIGNADO (PESOS)": 319875, "LATITUD": 20.473265, "LONGITUD": -99.536409 }, "geometry": { "type": "Point", "coordinates": [ -99.536409, 20.473265 ] } },
{ "type": "Feature", "properties": { "NO": 1119, "ENTIDAD": "HIDALGO", "MUNICIPIO": "Tecozautla", "PUEBLO INDIGENA O AFROMEXICANO": "OTOMÍ", "LOCALIDAD": "NUEVO ALJIBES", "CLAVE LOC": 130590091, "TIPO DE ASENTAMIENTO": "COMUNIDAD INDIGENA", "NOMBRE": "NUEVO ALJIBES", "MONTO ASIGNADO (PESOS)": 264906, "LATITUD": 20.541463, "LONGITUD": -99.714815 }, "geometry": { "type": "Point", "coordinates": [ -99.714815, 20.541463 ] } },
{ "type": "Feature", "properties": { "NO": 1120, "ENTIDAD": "HIDALGO", "MUNICIPIO": "Tecozautla", "PUEBLO INDIGENA O AFROMEXICANO": "OTOMÍ", "LOCALIDAD": "PAÑHÉ", "CLAVE LOC": 130590023, "TIPO DE ASENTAMIENTO": "COMUNIDAD INDIGENA", "NOMBRE": "PAÑHÉ", "MONTO ASIGNADO (PESOS)": 1091867, "LATITUD": 20.520728, "LONGITUD": -99.697148 }, "geometry": { "type": "Point", "coordinates": [ -99.697148, 20.520728 ] } },
{ "type": "Feature", "properties": { "NO": 1121, "ENTIDAD": "HIDALGO", "MUNICIPIO": "Tecozautla", "PUEBLO INDIGENA O AFROMEXICANO": "OTOMÍ", "LOCALIDAD": "PARED BLANCA", "CLAVE LOC": 130590076, "TIPO DE ASENTAMIENTO": "COMUNIDAD INDIGENA", "NOMBRE": "PARED BLANCA", "MONTO ASIGNADO (PESOS)": 290773, "LATITUD": 20.576941, "LONGITUD": -99.519176 }, "geometry": { "type": "Point", "coordinates": [ -99.519176, 20.576941 ] } },
{ "type": "Feature", "properties": { "NO": 1122, "ENTIDAD": "HIDALGO", "MUNICIPIO": "Tecozautla", "PUEBLO INDIGENA O AFROMEXICANO": "OTOMÍ", "LOCALIDAD": "RANCHO VIEJO", "CLAVE LOC": 130590048, "TIPO DE ASENTAMIENTO": "COMUNIDAD INDIGENA", "NOMBRE": "RANCHO VIEJO", "MONTO ASIGNADO (PESOS)": 286732, "LATITUD": 20.561201, "LONGITUD": -99.694633 }, "geometry": { "type": "Point", "coordinates": [ -99.694633, 20.561201 ] } },
{ "type": "Feature", "properties": { "NO": 1123, "ENTIDAD": "HIDALGO", "MUNICIPIO": "Tecozautla", "PUEBLO INDIGENA O AFROMEXICANO": "OTOMÍ", "LOCALIDAD": "RANZHÁ", "CLAVE LOC": 130590025, "TIPO DE ASENTAMIENTO": "COMUNIDAD INDIGENA", "NOMBRE": "RANZHÁ", "MONTO ASIGNADO (PESOS)": 247930, "LATITUD": 20.58209, "LONGITUD": -99.680062 }, "geometry": { "type": "Point", "coordinates": [ -99.680062, 20.58209 ] } },
{ "type": "Feature", "properties": { "NO": 1124, "ENTIDAD": "HIDALGO", "MUNICIPIO": "Tecozautla", "PUEBLO INDIGENA O AFROMEXICANO": "OTOMÍ", "LOCALIDAD": "SAN ANTONIO", "CLAVE LOC": 130590029, "TIPO DE ASENTAMIENTO": "COMUNIDAD INDIGENA", "NOMBRE": "SAN ANTONIO", "MONTO ASIGNADO (PESOS)": 1389346, "LATITUD": 20.536299, "LONGITUD": -99.720127 }, "geometry": { "type": "Point", "coordinates": [ -99.720127, 20.536299 ] } },
{ "type": "Feature", "properties": { "NO": 1125, "ENTIDAD": "HIDALGO", "MUNICIPIO": "Tecozautla", "PUEBLO INDIGENA O AFROMEXICANO": "OTOMÍ", "LOCALIDAD": "SAN FRANCISCO", "CLAVE LOC": 130590030, "TIPO DE ASENTAMIENTO": "COMUNIDAD INDIGENA", "NOMBRE": "SAN FRANCISCO", "MONTO ASIGNADO (PESOS)": 1627815, "LATITUD": 20.473517, "LONGITUD": -99.73579 }, "geometry": { "type": "Point", "coordinates": [ -99.73579, 20.473517 ] } },
{ "type": "Feature", "properties": { "NO": 1126, "ENTIDAD": "HIDALGO", "MUNICIPIO": "Tecozautla", "PUEBLO INDIGENA O AFROMEXICANO": "OTOMÍ", "LOCALIDAD": "SAN JOAQUÍN", "CLAVE LOC": 130590031, "TIPO DE ASENTAMIENTO": "COMUNIDAD INDIGENA", "NOMBRE": "SAN JOAQUÍN", "MONTO ASIGNADO (PESOS)": 1166236, "LATITUD": 20.506606, "LONGITUD": -99.774135 }, "geometry": { "type": "Point", "coordinates": [ -99.774135, 20.506606 ] } },
{ "type": "Feature", "properties": { "NO": 1127, "ENTIDAD": "HIDALGO", "MUNICIPIO": "Tecozautla", "PUEBLO INDIGENA O AFROMEXICANO": "OTOMÍ", "LOCALIDAD": "SAN JOSÉ EL DESIERTO", "CLAVE LOC": 130590032, "TIPO DE ASENTAMIENTO": "COMUNIDAD INDIGENA", "NOMBRE": "SAN JOSÉ EL DESIERTO", "MONTO ASIGNADO (PESOS)": 186494, "LATITUD": 20.581639, "LONGITUD": -99.503917 }, "geometry": { "type": "Point", "coordinates": [ -99.503917, 20.581639 ] } },
{ "type": "Feature", "properties": { "NO": 1128, "ENTIDAD": "HIDALGO", "MUNICIPIO": "Tecozautla", "PUEBLO INDIGENA O AFROMEXICANO": "OTOMÍ", "LOCALIDAD": "SAN MIGUEL CALTEPANTLA", "CLAVE LOC": 130590033, "TIPO DE ASENTAMIENTO": "COMUNIDAD INDIGENA", "NOMBRE": "SAN MIGUEL CALTEPANTLA", "MONTO ASIGNADO (PESOS)": 618971, "LATITUD": 20.481559, "LONGITUD": -99.623109 }, "geometry": { "type": "Point", "coordinates": [ -99.623109, 20.481559 ] } },
{ "type": "Feature", "properties": { "NO": 1129, "ENTIDAD": "HIDALGO", "MUNICIPIO": "Tecozautla", "PUEBLO INDIGENA O AFROMEXICANO": "OTOMÍ", "LOCALIDAD": "SAN PEDRO", "CLAVE LOC": 130590055, "TIPO DE ASENTAMIENTO": "COMUNIDAD INDIGENA", "NOMBRE": "SAN PEDRO", "MONTO ASIGNADO (PESOS)": 538134, "LATITUD": 20.611202, "LONGITUD": -99.514557 }, "geometry": { "type": "Point", "coordinates": [ -99.514557, 20.611202 ] } },
{ "type": "Feature", "properties": { "NO": 1130, "ENTIDAD": "HIDALGO", "MUNICIPIO": "Tecozautla", "PUEBLO INDIGENA O AFROMEXICANO": "OTOMÍ", "LOCALIDAD": "TAXBATHÁ", "CLAVE LOC": 130590034, "TIPO DE ASENTAMIENTO": "COMUNIDAD INDIGENA", "NOMBRE": "TAXBATHÁ", "MONTO ASIGNADO (PESOS)": 166285, "LATITUD": 20.514323, "LONGITUD": -99.572372 }, "geometry": { "type": "Point", "coordinates": [ -99.572372, 20.514323 ] } },
{ "type": "Feature", "properties": { "NO": 1131, "ENTIDAD": "HIDALGO", "MUNICIPIO": "Tecozautla", "PUEBLO INDIGENA O AFROMEXICANO": "OTOMÍ", "LOCALIDAD": "TENZABHÍ", "CLAVE LOC": 130590035, "TIPO DE ASENTAMIENTO": "COMUNIDAD INDIGENA", "NOMBRE": "TENZABHÍ", "MONTO ASIGNADO (PESOS)": 712742, "LATITUD": 20.502347, "LONGITUD": -99.640221 }, "geometry": { "type": "Point", "coordinates": [ -99.640221, 20.502347 ] } },
{ "type": "Feature", "properties": { "NO": 1132, "ENTIDAD": "HIDALGO", "MUNICIPIO": "Tecozautla", "PUEBLO INDIGENA O AFROMEXICANO": "OTOMÍ", "LOCALIDAD": "TZIDEJHÉ", "CLAVE LOC": 130590054, "TIPO DE ASENTAMIENTO": "COMUNIDAD INDIGENA", "NOMBRE": "TZIDEJHÉ", "MONTO ASIGNADO (PESOS)": 521158, "LATITUD": 20.587943, "LONGITUD": -99.522109 }, "geometry": { "type": "Point", "coordinates": [ -99.522109, 20.587943 ] } },
{ "type": "Feature", "properties": { "NO": 1133, "ENTIDAD": "HIDALGO", "MUNICIPIO": "Tecozautla", "PUEBLO INDIGENA O AFROMEXICANO": "OTOMÍ", "LOCALIDAD": "UXDEJHÉ", "CLAVE LOC": 130590036, "TIPO DE ASENTAMIENTO": "COMUNIDAD INDIGENA", "NOMBRE": "UXDEJHÉ", "MONTO ASIGNADO (PESOS)": 791153, "LATITUD": 20.581026, "LONGITUD": -99.667741 }, "geometry": { "type": "Point", "coordinates": [ -99.667741, 20.581026 ] } },
{ "type": "Feature", "properties": { "NO": 1134, "ENTIDAD": "HIDALGO", "MUNICIPIO": "Tecozautla", "PUEBLO INDIGENA O AFROMEXICANO": "OTOMÍ", "LOCALIDAD": "YETHAY", "CLAVE LOC": 130590037, "TIPO DE ASENTAMIENTO": "COMUNIDAD INDIGENA", "NOMBRE": "YETHAY", "MONTO ASIGNADO (PESOS)": 447597, "LATITUD": 20.555913, "LONGITUD": -99.649503 }, "geometry": { "type": "Point", "coordinates": [ -99.649503, 20.555913 ] } },
{ "type": "Feature", "properties": { "NO": 1135, "ENTIDAD": "HIDALGO", "MUNICIPIO": "Tecozautla", "PUEBLO INDIGENA O AFROMEXICANO": "OTOMÍ", "LOCALIDAD": "YEXTHO CHICO", "CLAVE LOC": 130590050, "TIPO DE ASENTAMIENTO": "COMUNIDAD INDIGENA", "NOMBRE": "YEXTHO CHICO", "MONTO ASIGNADO (PESOS)": 140417, "LATITUD": 20.568539, "LONGITUD": -99.713642 }, "geometry": { "type": "Point", "coordinates": [ -99.713642, 20.568539 ] } },
{ "type": "Feature", "properties": { "NO": 1136, "ENTIDAD": "HIDALGO", "MUNICIPIO": "Tenango de Doria", "PUEBLO INDIGENA O AFROMEXICANO": "OTOMÍ", "LOCALIDAD": "AGUA ZARCA", "CLAVE LOC": 130600022, "TIPO DE ASENTAMIENTO": "COMUNIDAD INDIGENA", "NOMBRE": "AGUA ZARCA", "MONTO ASIGNADO (PESOS)": 310174, "LATITUD": 20.310106, "LONGITUD": -98.267059 }, "geometry": { "type": "Point", "coordinates": [ -98.267059, 20.310106 ] } },
{ "type": "Feature", "properties": { "NO": 1137, "ENTIDAD": "HIDALGO", "MUNICIPIO": "Tenango de Doria", "PUEBLO INDIGENA O AFROMEXICANO": "OTOMÍ", "LOCALIDAD": "CERRO CHIQUITO", "CLAVE LOC": 130600006, "TIPO DE ASENTAMIENTO": "COMUNIDAD INDIGENA", "NOMBRE": "CERRO CHIQUITO", "MONTO ASIGNADO (PESOS)": 459722, "LATITUD": 20.387584, "LONGITUD": -98.177342 }, "geometry": { "type": "Point", "coordinates": [ -98.177342, 20.387584 ] } },
{ "type": "Feature", "properties": { "NO": 1138, "ENTIDAD": "HIDALGO", "MUNICIPIO": "Tenango de Doria", "PUEBLO INDIGENA O AFROMEXICANO": "OTOMÍ", "LOCALIDAD": "COLONIA ERMITA", "CLAVE LOC": 130600067, "TIPO DE ASENTAMIENTO": "COMUNIDAD INDIGENA", "NOMBRE": "COLONIA ERMITA", "MONTO ASIGNADO (PESOS)": 155776, "LATITUD": 20.351068, "LONGITUD": -98.186472 }, "geometry": { "type": "Point", "coordinates": [ -98.186472, 20.351068 ] } },
{ "type": "Feature", "properties": { "NO": 1139, "ENTIDAD": "HIDALGO", "MUNICIPIO": "Tenango de Doria", "PUEBLO INDIGENA O AFROMEXICANO": "OTOMÍ", "LOCALIDAD": "EJIDO EMILIANO ZAPATA", "CLAVE LOC": 130600055, "TIPO DE ASENTAMIENTO": "COMUNIDAD INDIGENA", "NOMBRE": "EJIDO EMILIANO ZAPATA", "MONTO ASIGNADO (PESOS)": 159009, "LATITUD": 20.312309, "LONGITUD": -98.260266 }, "geometry": { "type": "Point", "coordinates": [ -98.260266, 20.312309 ] } },
{ "type": "Feature", "properties": { "NO": 1140, "ENTIDAD": "HIDALGO", "MUNICIPIO": "Tenango de Doria", "PUEBLO INDIGENA O AFROMEXICANO": "OTOMÍ", "LOCALIDAD": "EJIDO LÓPEZ MATEOS (LA COLONIA)", "CLAVE LOC": 130600020, "TIPO DE ASENTAMIENTO": "COMUNIDAD INDIGENA", "NOMBRE": "EJIDO LÓPEZ MATEOS (LA COLONIA)", "MONTO ASIGNADO (PESOS)": 437088, "LATITUD": 20.35431, "LONGITUD": -98.172857 }, "geometry": { "type": "Point", "coordinates": [ -98.172857, 20.35431 ] } },
{ "type": "Feature", "properties": { "NO": 1141, "ENTIDAD": "HIDALGO", "MUNICIPIO": "Tenango de Doria", "PUEBLO INDIGENA O AFROMEXICANO": "OTOMÍ", "LOCALIDAD": "EL AGUACATE", "CLAVE LOC": 130600002, "TIPO DE ASENTAMIENTO": "COMUNIDAD INDIGENA", "NOMBRE": "EL AGUACATE", "MONTO ASIGNADO (PESOS)": 338467, "LATITUD": 20.371823, "LONGITUD": -98.187703 }, "geometry": { "type": "Point", "coordinates": [ -98.187703, 20.371823 ] } },
{ "type": "Feature", "properties": { "NO": 1142, "ENTIDAD": "HIDALGO", "MUNICIPIO": "Tenango de Doria", "PUEBLO INDIGENA O AFROMEXICANO": "OTOMÍ", "LOCALIDAD": "EL BARRIO DE SAN JOSÉ", "CLAVE LOC": 130600060, "TIPO DE ASENTAMIENTO": "COMUNIDAD INDIGENA", "NOMBRE": "EL BARRIO DE SAN JOSÉ", "MONTO ASIGNADO (PESOS)": 135567, "LATITUD": 20.385885, "LONGITUD": -98.12654 }, "geometry": { "type": "Point", "coordinates": [ -98.12654, 20.385885 ] } },
{ "type": "Feature", "properties": { "NO": 1143, "ENTIDAD": "HIDALGO", "MUNICIPIO": "Tenango de Doria", "PUEBLO INDIGENA O AFROMEXICANO": "OTOMÍ", "LOCALIDAD": "EL BOPO", "CLAVE LOC": 130600004, "TIPO DE ASENTAMIENTO": "COMUNIDAD INDIGENA", "NOMBRE": "EL BOPO", "MONTO ASIGNADO (PESOS)": 353018, "LATITUD": 20.358764, "LONGITUD": -98.210035 }, "geometry": { "type": "Point", "coordinates": [ -98.210035, 20.358764 ] } },
{ "type": "Feature", "properties": { "NO": 1144, "ENTIDAD": "HIDALGO", "MUNICIPIO": "Tenango de Doria", "PUEBLO INDIGENA O AFROMEXICANO": "OTOMÍ", "LOCALIDAD": "EL CASIU", "CLAVE LOC": 130600005, "TIPO DE ASENTAMIENTO": "COMUNIDAD INDIGENA", "NOMBRE": "EL CASIU", "MONTO ASIGNADO (PESOS)": 379858, "LATITUD": 20.372853, "LONGITUD": -98.227842 }, "geometry": { "type": "Point", "coordinates": [ -98.227842, 20.372853 ] } },
{ "type": "Feature", "properties": { "NO": 1145, "ENTIDAD": "HIDALGO", "MUNICIPIO": "Tenango de Doria", "PUEBLO INDIGENA O AFROMEXICANO": "OTOMÍ", "LOCALIDAD": "EL DAMO", "CLAVE LOC": 130600010, "TIPO DE ASENTAMIENTO": "COMUNIDAD INDIGENA", "NOMBRE": "EL DAMO", "MONTO ASIGNADO (PESOS)": 889774, "LATITUD": 20.328002, "LONGITUD": -98.220722 }, "geometry": { "type": "Point", "coordinates": [ -98.220722, 20.328002 ] } },
{ "type": "Feature", "properties": { "NO": 1146, "ENTIDAD": "HIDALGO", "MUNICIPIO": "Tenango de Doria", "PUEBLO INDIGENA O AFROMEXICANO": "OTOMÍ", "LOCALIDAD": "EL DEQUEÑA", "CLAVE LOC": 130600012, "TIPO DE ASENTAMIENTO": "COMUNIDAD INDIGENA", "NOMBRE": "EL DEQUEÑA", "MONTO ASIGNADO (PESOS)": 450022, "LATITUD": 20.35145, "LONGITUD": -98.230511 }, "geometry": { "type": "Point", "coordinates": [ -98.230511, 20.35145 ] } },
{ "type": "Feature", "properties": { "NO": 1147, "ENTIDAD": "HIDALGO", "MUNICIPIO": "Tenango de Doria", "PUEBLO INDIGENA O AFROMEXICANO": "OTOMÍ", "LOCALIDAD": "EL DESDAVI", "CLAVE LOC": 130600011, "TIPO DE ASENTAMIENTO": "COMUNIDAD INDIGENA", "NOMBRE": "EL DESDAVI", "MONTO ASIGNADO (PESOS)": 222870, "LATITUD": 20.344306, "LONGITUD": -98.237687 }, "geometry": { "type": "Point", "coordinates": [ -98.237687, 20.344306 ] } },
{ "type": "Feature", "properties": { "NO": 1148, "ENTIDAD": "HIDALGO", "MUNICIPIO": "Tenango de Doria", "PUEBLO INDIGENA O AFROMEXICANO": "OTOMÍ", "LOCALIDAD": "EL DESPI", "CLAVE LOC": 130600013, "TIPO DE ASENTAMIENTO": "COMUNIDAD INDIGENA", "NOMBRE": "EL DESPI", "MONTO ASIGNADO (PESOS)": 88681, "LATITUD": 20.341485, "LONGITUD": -98.216497 }, "geometry": { "type": "Point", "coordinates": [ -98.216497, 20.341485 ] } },
{ "type": "Feature", "properties": { "NO": 1149, "ENTIDAD": "HIDALGO", "MUNICIPIO": "Tenango de Doria", "PUEBLO INDIGENA O AFROMEXICANO": "OTOMÍ", "LOCALIDAD": "EL NANTHE", "CLAVE LOC": 130600023, "TIPO DE ASENTAMIENTO": "COMUNIDAD INDIGENA", "NOMBRE": "EL NANTHE", "MONTO ASIGNADO (PESOS)": 444363, "LATITUD": 20.346055, "LONGITUD": -98.184456 }, "geometry": { "type": "Point", "coordinates": [ -98.184456, 20.346055 ] } },
{ "type": "Feature", "properties": { "NO": 1150, "ENTIDAD": "HIDALGO", "MUNICIPIO": "Tenango de Doria", "PUEBLO INDIGENA O AFROMEXICANO": "OTOMÍ", "LOCALIDAD": "EL TEMAPÁ", "CLAVE LOC": 130600038, "TIPO DE ASENTAMIENTO": "COMUNIDAD INDIGENA", "NOMBRE": "EL TEMAPÁ", "MONTO ASIGNADO (PESOS)": 290773, "LATITUD": 20.368244, "LONGITUD": -98.215241 }, "geometry": { "type": "Point", "coordinates": [ -98.215241, 20.368244 ] } },
{ "type": "Feature", "properties": { "NO": 1151, "ENTIDAD": "HIDALGO", "MUNICIPIO": "Tenango de Doria", "PUEBLO INDIGENA O AFROMEXICANO": "OTOMÍ", "LOCALIDAD": "EL TENEXCO", "CLAVE LOC": 130600052, "TIPO DE ASENTAMIENTO": "COMUNIDAD INDIGENA", "NOMBRE": "EL TENEXCO", "MONTO ASIGNADO (PESOS)": 209937, "LATITUD": 20.371549, "LONGITUD": -98.203778 }, "geometry": { "type": "Point", "coordinates": [ -98.203778, 20.371549 ] } },
{ "type": "Feature", "properties": { "NO": 1152, "ENTIDAD": "HIDALGO", "MUNICIPIO": "Tenango de Doria", "PUEBLO INDIGENA O AFROMEXICANO": "OTOMÍ", "LOCALIDAD": "EL TEXME", "CLAVE LOC": 130600040, "TIPO DE ASENTAMIENTO": "COMUNIDAD INDIGENA", "NOMBRE": "EL TEXME", "MONTO ASIGNADO (PESOS)": 329575, "LATITUD": 20.340212, "LONGITUD": -98.260946 }, "geometry": { "type": "Point", "coordinates": [ -98.260946, 20.340212 ] } },
{ "type": "Feature", "properties": { "NO": 1153, "ENTIDAD": "HIDALGO", "MUNICIPIO": "Tenango de Doria", "PUEBLO INDIGENA O AFROMEXICANO": "OTOMÍ", "LOCALIDAD": "EL XAJA", "CLAVE LOC": 130600057, "TIPO DE ASENTAMIENTO": "COMUNIDAD INDIGENA", "NOMBRE": "EL XAJA", "MONTO ASIGNADO (PESOS)": 133950, "LATITUD": 20.378055, "LONGITUD": -98.187777 }, "geometry": { "type": "Point", "coordinates": [ -98.187777, 20.378055 ] } },
{ "type": "Feature", "properties": { "NO": 1154, "ENTIDAD": "HIDALGO", "MUNICIPIO": "Tenango de Doria", "PUEBLO INDIGENA O AFROMEXICANO": "OTOMÍ", "LOCALIDAD": "EL XINDHÓ", "CLAVE LOC": 130600054, "TIPO DE ASENTAMIENTO": "COMUNIDAD INDIGENA", "NOMBRE": "EL XINDHÓ", "MONTO ASIGNADO (PESOS)": 178410, "LATITUD": 20.375456, "LONGITUD": -98.178617 }, "geometry": { "type": "Point", "coordinates": [ -98.178617, 20.375456 ] } },
{ "type": "Feature", "properties": { "NO": 1155, "ENTIDAD": "HIDALGO", "MUNICIPIO": "Tenango de Doria", "PUEBLO INDIGENA O AFROMEXICANO": "OTOMÍ", "LOCALIDAD": "EL ZETOY", "CLAVE LOC": 130600044, "TIPO DE ASENTAMIENTO": "COMUNIDAD INDIGENA", "NOMBRE": "EL ZETOY", "MONTO ASIGNADO (PESOS)": 236613, "LATITUD": 20.335702, "LONGITUD": -98.246346 }, "geometry": { "type": "Point", "coordinates": [ -98.246346, 20.335702 ] } },
{ "type": "Feature", "properties": { "NO": 1156, "ENTIDAD": "HIDALGO", "MUNICIPIO": "Tenango de Doria", "PUEBLO INDIGENA O AFROMEXICANO": "OTOMÍ", "LOCALIDAD": "HUASQUILLA", "CLAVE LOC": 130600016, "TIPO DE ASENTAMIENTO": "COMUNIDAD INDIGENA", "NOMBRE": "HUASQUILLA", "MONTO ASIGNADO (PESOS)": 176793, "LATITUD": 20.393086, "LONGITUD": -98.186274 }, "geometry": { "type": "Point", "coordinates": [ -98.186274, 20.393086 ] } },
{ "type": "Feature", "properties": { "NO": 1157, "ENTIDAD": "HIDALGO", "MUNICIPIO": "Tenango de Doria", "PUEBLO INDIGENA O AFROMEXICANO": "OTOMÍ", "LOCALIDAD": "LA REFORMA", "CLAVE LOC": 130600030, "TIPO DE ASENTAMIENTO": "COMUNIDAD INDIGENA", "NOMBRE": "LA REFORMA", "MONTO ASIGNADO (PESOS)": 209937, "LATITUD": 20.376412, "LONGITUD": -98.254434 }, "geometry": { "type": "Point", "coordinates": [ -98.254434, 20.376412 ] } },
{ "type": "Feature", "properties": { "NO": 1158, "ENTIDAD": "HIDALGO", "MUNICIPIO": "Tenango de Doria", "PUEBLO INDIGENA O AFROMEXICANO": "OTOMÍ", "LOCALIDAD": "LOS AHILARES", "CLAVE LOC": 130600003, "TIPO DE ASENTAMIENTO": "COMUNIDAD INDIGENA", "NOMBRE": "LOS AHILARES", "MONTO ASIGNADO (PESOS)": 197003, "LATITUD": 20.360179, "LONGITUD": -98.197746 }, "geometry": { "type": "Point", "coordinates": [ -98.197746, 20.360179 ] } },
{ "type": "Feature", "properties": { "NO": 1159, "ENTIDAD": "HIDALGO", "MUNICIPIO": "Tenango de Doria", "PUEBLO INDIGENA O AFROMEXICANO": "OTOMÍ", "LOCALIDAD": "LOS PLANES DE SANTIAGO", "CLAVE LOC": 130600027, "TIPO DE ASENTAMIENTO": "COMUNIDAD INDIGENA", "NOMBRE": "LOS PLANES DE SANTIAGO", "MONTO ASIGNADO (PESOS)": 149309, "LATITUD": 20.391262, "LONGITUD": -98.133557 }, "geometry": { "type": "Point", "coordinates": [ -98.133557, 20.391262 ] } },
{ "type": "Feature", "properties": { "NO": 1160, "ENTIDAD": "HIDALGO", "MUNICIPIO": "Tenango de Doria", "PUEBLO INDIGENA O AFROMEXICANO": "OTOMÍ", "LOCALIDAD": "PEÑA BLANCA", "CLAVE LOC": 130600026, "TIPO DE ASENTAMIENTO": "COMUNIDAD INDIGENA", "NOMBRE": "PEÑA BLANCA", "MONTO ASIGNADO (PESOS)": 340084, "LATITUD": 20.344684, "LONGITUD": -98.201548 }, "geometry": { "type": "Point", "coordinates": [ -98.201548, 20.344684 ] } },
{ "type": "Feature", "properties": { "NO": 1161, "ENTIDAD": "HIDALGO", "MUNICIPIO": "Tenango de Doria", "PUEBLO INDIGENA O AFROMEXICANO": "OTOMÍ", "LOCALIDAD": "PIEDRAS NEGRAS", "CLAVE LOC": 130600066, "TIPO DE ASENTAMIENTO": "COMUNIDAD INDIGENA", "NOMBRE": "PIEDRAS NEGRAS", "MONTO ASIGNADO (PESOS)": 112932, "LATITUD": 20.356641, "LONGITUD": -98.219792 }, "geometry": { "type": "Point", "coordinates": [ -98.219792, 20.356641 ] } },
{ "type": "Feature", "properties": { "NO": 1162, "ENTIDAD": "HIDALGO", "MUNICIPIO": "Tenango de Doria", "PUEBLO INDIGENA O AFROMEXICANO": "OTOMÍ", "LOCALIDAD": "SAN FRANCISCO IXMIQUILPAN", "CLAVE LOC": 130600031, "TIPO DE ASENTAMIENTO": "COMUNIDAD INDIGENA", "NOMBRE": "SAN FRANCISCO IXMIQUILPAN", "MONTO ASIGNADO (PESOS)": 218829, "LATITUD": 20.352228, "LONGITUD": -98.258142 }, "geometry": { "type": "Point", "coordinates": [ -98.258142, 20.352228 ] } },
{ "type": "Feature", "properties": { "NO": 1163, "ENTIDAD": "HIDALGO", "MUNICIPIO": "Tenango de Doria", "PUEBLO INDIGENA O AFROMEXICANO": "OTOMÍ", "LOCALIDAD": "SAN FRANCISCO LA LAGUNA", "CLAVE LOC": 130600032, "TIPO DE ASENTAMIENTO": "COMUNIDAD INDIGENA", "NOMBRE": "SAN FRANCISCO LA LAGUNA", "MONTO ASIGNADO (PESOS)": 405562, "LATITUD": 20.36481, "LONGITUD": -98.130358 }, "geometry": { "type": "Point", "coordinates": [ -98.130358, 20.36481 ] } },
{ "type": "Feature", "properties": { "NO": 1164, "ENTIDAD": "HIDALGO", "MUNICIPIO": "Tenango de Doria", "PUEBLO INDIGENA O AFROMEXICANO": "OTOMÍ", "LOCALIDAD": "SAN ISIDRO LA LAGUNA", "CLAVE LOC": 130600019, "TIPO DE ASENTAMIENTO": "COMUNIDAD INDIGENA", "NOMBRE": "SAN ISIDRO LA LAGUNA", "MONTO ASIGNADO (PESOS)": 267331, "LATITUD": 20.378553, "LONGITUD": -98.127834 }, "geometry": { "type": "Point", "coordinates": [ -98.127834, 20.378553 ] } },
{ "type": "Feature", "properties": { "NO": 1165, "ENTIDAD": "HIDALGO", "MUNICIPIO": "Tenango de Doria", "PUEBLO INDIGENA O AFROMEXICANO": "OTOMÍ", "LOCALIDAD": "SAN JOSÉ [COLONIA]", "CLAVE LOC": 130600061, "TIPO DE ASENTAMIENTO": "COMUNIDAD INDIGENA", "NOMBRE": "SAN JOSÉ [COLONIA]", "MONTO ASIGNADO (PESOS)": 848548, "LATITUD": 20.336772, "LONGITUD": -98.230079 }, "geometry": { "type": "Point", "coordinates": [ -98.230079, 20.336772 ] } },
{ "type": "Feature", "properties": { "NO": 1166, "ENTIDAD": "HIDALGO", "MUNICIPIO": "Tenango de Doria", "PUEBLO INDIGENA O AFROMEXICANO": "OTOMÍ", "LOCALIDAD": "SAN JOSÉ DEL VALLE", "CLAVE LOC": 130600033, "TIPO DE ASENTAMIENTO": "COMUNIDAD INDIGENA", "NOMBRE": "SAN JOSÉ DEL VALLE", "MONTO ASIGNADO (PESOS)": 249547, "LATITUD": 20.384225, "LONGITUD": -98.138126 }, "geometry": { "type": "Point", "coordinates": [ -98.138126, 20.384225 ] } },
{ "type": "Feature", "properties": { "NO": 1167, "ENTIDAD": "HIDALGO", "MUNICIPIO": "Tenango de Doria", "PUEBLO INDIGENA O AFROMEXICANO": "OTOMÍ", "LOCALIDAD": "SAN NICOLÁS", "CLAVE LOC": 130600034, "TIPO DE ASENTAMIENTO": "COMUNIDAD INDIGENA", "NOMBRE": "SAN NICOLÁS", "MONTO ASIGNADO (PESOS)": 1153303, "LATITUD": 20.321519, "LONGITUD": -98.187489 }, "geometry": { "type": "Point", "coordinates": [ -98.187489, 20.321519 ] } },
{ "type": "Feature", "properties": { "NO": 1168, "ENTIDAD": "HIDALGO", "MUNICIPIO": "Tenango de Doria", "PUEBLO INDIGENA O AFROMEXICANO": "OTOMÍ", "LOCALIDAD": "SAN PABLO EL GRANDE", "CLAVE LOC": 130600035, "TIPO DE ASENTAMIENTO": "COMUNIDAD INDIGENA", "NOMBRE": "SAN PABLO EL GRANDE", "MONTO ASIGNADO (PESOS)": 725676, "LATITUD": 20.361093, "LONGITUD": -98.159943 }, "geometry": { "type": "Point", "coordinates": [ -98.159943, 20.361093 ] } },
{ "type": "Feature", "properties": { "NO": 1169, "ENTIDAD": "HIDALGO", "MUNICIPIO": "Tenango de Doria", "PUEBLO INDIGENA O AFROMEXICANO": "OTOMÍ", "LOCALIDAD": "SANTA MARÍA TEMAXCALAPA", "CLAVE LOC": 130600036, "TIPO DE ASENTAMIENTO": "COMUNIDAD INDIGENA", "NOMBRE": "SANTA MARÍA TEMAXCALAPA", "MONTO ASIGNADO (PESOS)": 559960, "LATITUD": 20.380305, "LONGITUD": -98.198441 }, "geometry": { "type": "Point", "coordinates": [ -98.198441, 20.380305 ] } },
{ "type": "Feature", "properties": { "NO": 1170, "ENTIDAD": "HIDALGO", "MUNICIPIO": "Tenango de Doria", "PUEBLO INDIGENA O AFROMEXICANO": "OTOMÍ", "LOCALIDAD": "SANTA MÓNICA", "CLAVE LOC": 130600037, "TIPO DE ASENTAMIENTO": "COMUNIDAD INDIGENA", "NOMBRE": "SANTA MÓNICA", "MONTO ASIGNADO (PESOS)": 1200996, "LATITUD": 20.307548, "LONGITUD": -98.218881 }, "geometry": { "type": "Point", "coordinates": [ -98.218881, 20.307548 ] } },
{ "type": "Feature", "properties": { "NO": 1171, "ENTIDAD": "HIDALGO", "MUNICIPIO": "Tepehuacán de Guerrero", "PUEBLO INDIGENA O AFROMEXICANO": "NAHUA", "LOCALIDAD": "ACATLAJAPA", "CLAVE LOC": 130620116, "TIPO DE ASENTAMIENTO": "COMUNIDAD INDIGENA", "NOMBRE": "ACATLAJAPA", "MONTO ASIGNADO (PESOS)": 686383, "LATITUD": 21.067645, "LONGITUD": -98.872798 }, "geometry": { "type": "Point", "coordinates": [ -98.872798, 21.067645 ] } },
{ "type": "Feature", "properties": { "NO": 1172, "ENTIDAD": "HIDALGO", "MUNICIPIO": "Tepehuacán de Guerrero", "PUEBLO INDIGENA O AFROMEXICANO": "NAHUA", "LOCALIDAD": "ACOXCATLÁN", "CLAVE LOC": 130620002, "TIPO DE ASENTAMIENTO": "COMUNIDAD INDIGENA", "NOMBRE": "ACOXCATLÁN", "MONTO ASIGNADO (PESOS)": 945552, "LATITUD": 20.974149, "LONGITUD": -98.77747 }, "geometry": { "type": "Point", "coordinates": [ -98.77747, 20.974149 ] } },
{ "type": "Feature", "properties": { "NO": 1173, "ENTIDAD": "HIDALGO", "MUNICIPIO": "Tepehuacán de Guerrero", "PUEBLO INDIGENA O AFROMEXICANO": "NAHUA", "LOCALIDAD": "ACOYOTLA", "CLAVE LOC": 130620003, "TIPO DE ASENTAMIENTO": "COMUNIDAD INDIGENA", "NOMBRE": "ACOYOTLA", "MONTO ASIGNADO (PESOS)": 1823440, "LATITUD": 21.125742, "LONGITUD": -98.779984 }, "geometry": { "type": "Point", "coordinates": [ -98.779984, 21.125742 ] } },
{ "type": "Feature", "properties": { "NO": 1174, "ENTIDAD": "HIDALGO", "MUNICIPIO": "Tepehuacán de Guerrero", "PUEBLO INDIGENA O AFROMEXICANO": "NAHUA", "LOCALIDAD": "ACUIMANTLA", "CLAVE LOC": 130620004, "TIPO DE ASENTAMIENTO": "COMUNIDAD INDIGENA", "NOMBRE": "ACUIMANTLA", "MONTO ASIGNADO (PESOS)": 631905, "LATITUD": 21.035485, "LONGITUD": -98.7982 }, "geometry": { "type": "Point", "coordinates": [ -98.7982, 21.035485 ] } },
{ "type": "Feature", "properties": { "NO": 1175, "ENTIDAD": "HIDALGO", "MUNICIPIO": "Tepehuacán de Guerrero", "PUEBLO INDIGENA O AFROMEXICANO": "NAHUA", "LOCALIDAD": "AHUATETLA", "CLAVE LOC": 130620076, "TIPO DE ASENTAMIENTO": "COMUNIDAD INDIGENA", "NOMBRE": "AHUATETLA", "MONTO ASIGNADO (PESOS)": 652114, "LATITUD": 21.042898, "LONGITUD": -98.914338 }, "geometry": { "type": "Point", "coordinates": [ -98.914338, 21.042898 ] } },
{ "type": "Feature", "properties": { "NO": 1176, "ENTIDAD": "HIDALGO", "MUNICIPIO": "Tepehuacán de Guerrero", "PUEBLO INDIGENA O AFROMEXICANO": "NAHUA", "LOCALIDAD": "AMATITLA", "CLAVE LOC": 130620094, "TIPO DE ASENTAMIENTO": "COMUNIDAD INDIGENA", "NOMBRE": "AMATITLA", "MONTO ASIGNADO (PESOS)": 314216, "LATITUD": 21.130285, "LONGITUD": -98.813005 }, "geometry": { "type": "Point", "coordinates": [ -98.813005, 21.130285 ] } },
{ "type": "Feature", "properties": { "NO": 1177, "ENTIDAD": "HIDALGO", "MUNICIPIO": "Tepehuacán de Guerrero", "PUEBLO INDIGENA O AFROMEXICANO": "NAHUA", "LOCALIDAD": "AMOLA DE OCAMPO", "CLAVE LOC": 130620006, "TIPO DE ASENTAMIENTO": "COMUNIDAD INDIGENA", "NOMBRE": "AMOLA DE OCAMPO", "MONTO ASIGNADO (PESOS)": 907483, "LATITUD": 21.071358, "LONGITUD": -98.896338 }, "geometry": { "type": "Point", "coordinates": [ -98.896338, 21.071358 ] } },
{ "type": "Feature", "properties": { "NO": 1178, "ENTIDAD": "HIDALGO", "MUNICIPIO": "Tepehuacán de Guerrero", "PUEBLO INDIGENA O AFROMEXICANO": "NAHUA", "LOCALIDAD": "AQUILASTEC", "CLAVE LOC": 130620007, "TIPO DE ASENTAMIENTO": "COMUNIDAD INDIGENA", "NOMBRE": "AQUILASTEC", "MONTO ASIGNADO (PESOS)": 543793, "LATITUD": 21.017682, "LONGITUD": -98.758034 }, "geometry": { "type": "Point", "coordinates": [ -98.758034, 21.017682 ] } },
{ "type": "Feature", "properties": { "NO": 1179, "ENTIDAD": "HIDALGO", "MUNICIPIO": "Tepehuacán de Guerrero", "PUEBLO INDIGENA O AFROMEXICANO": "NAHUA", "LOCALIDAD": "CAHUAZAZ DE MORELOS (RANCHO ALEGRE)", "CLAVE LOC": 130620009, "TIPO DE ASENTAMIENTO": "COMUNIDAD INDIGENA", "NOMBRE": "CAHUAZAZ DE MORELOS (RANCHO ALEGRE)", "MONTO ASIGNADO (PESOS)": 623821, "LATITUD": 21.152665, "LONGITUD": -98.839489 }, "geometry": { "type": "Point", "coordinates": [ -98.839489, 21.152665 ] } },
{ "type": "Feature", "properties": { "NO": 1180, "ENTIDAD": "HIDALGO", "MUNICIPIO": "Tepehuacán de Guerrero", "PUEBLO INDIGENA O AFROMEXICANO": "NAHUA", "LOCALIDAD": "CHAHUATITLA", "CLAVE LOC": 130620012, "TIPO DE ASENTAMIENTO": "COMUNIDAD INDIGENA", "NOMBRE": "CHAHUATITLA", "MONTO ASIGNADO (PESOS)": 691724, "LATITUD": 21.118328, "LONGITUD": -98.841749 }, "geometry": { "type": "Point", "coordinates": [ -98.841749, 21.118328 ] } },
{ "type": "Feature", "properties": { "NO": 1181, "ENTIDAD": "HIDALGO", "MUNICIPIO": "Tepehuacán de Guerrero", "PUEBLO INDIGENA O AFROMEXICANO": "NAHUA", "LOCALIDAD": "CHALAHUITE", "CLAVE LOC": 130620098, "TIPO DE ASENTAMIENTO": "COMUNIDAD INDIGENA", "NOMBRE": "CHALAHUITE", "MONTO ASIGNADO (PESOS)": 193769, "LATITUD": 21.11794, "LONGITUD": -98.874582 }, "geometry": { "type": "Point", "coordinates": [ -98.874582, 21.11794 ] } },
{ "type": "Feature", "properties": { "NO": 1182, "ENTIDAD": "HIDALGO", "MUNICIPIO": "Tepehuacán de Guerrero", "PUEBLO INDIGENA O AFROMEXICANO": "NAHUA", "LOCALIDAD": "CHILIJAPA", "CLAVE LOC": 130620013, "TIPO DE ASENTAMIENTO": "COMUNIDAD INDIGENA", "NOMBRE": "CHILIJAPA", "MONTO ASIGNADO (PESOS)": 821871, "LATITUD": 21.0099, "LONGITUD": -98.87036 }, "geometry": { "type": "Point", "coordinates": [ -98.87036, 21.0099 ] } },
{ "type": "Feature", "properties": { "NO": 1183, "ENTIDAD": "HIDALGO", "MUNICIPIO": "Tepehuacán de Guerrero", "PUEBLO INDIGENA O AFROMEXICANO": "NAHUA", "LOCALIDAD": "CHOQUINTLA (SAN NICOLÁS CHOQUINTLA)", "CLAVE LOC": 130620014, "TIPO DE ASENTAMIENTO": "COMUNIDAD INDIGENA", "NOMBRE": "CHOQUINTLA (SAN NICOLÁS CHOQUINTLA)", "MONTO ASIGNADO (PESOS)": 289965, "LATITUD": 20.999009, "LONGITUD": -98.914067 }, "geometry": { "type": "Point", "coordinates": [ -98.914067, 20.999009 ] } },
{ "type": "Feature", "properties": { "NO": 1184, "ENTIDAD": "HIDALGO", "MUNICIPIO": "Tepehuacán de Guerrero", "PUEBLO INDIGENA O AFROMEXICANO": "NAHUA", "LOCALIDAD": "COYUTLA", "CLAVE LOC": 130620101, "TIPO DE ASENTAMIENTO": "COMUNIDAD INDIGENA", "NOMBRE": "COYUTLA", "MONTO ASIGNADO (PESOS)": 618546, "LATITUD": 21.057308, "LONGITUD": -98.84789 }, "geometry": { "type": "Point", "coordinates": [ -98.84789, 21.057308 ] } },
{ "type": "Feature", "properties": { "NO": 1185, "ENTIDAD": "HIDALGO", "MUNICIPIO": "Tepehuacán de Guerrero", "PUEBLO INDIGENA O AFROMEXICANO": "NAHUA", "LOCALIDAD": "CUATOLOL", "CLAVE LOC": 130620010, "TIPO DE ASENTAMIENTO": "COMUNIDAD INDIGENA", "NOMBRE": "CUATOLOL", "MONTO ASIGNADO (PESOS)": 2147401, "LATITUD": 21.120024, "LONGITUD": -98.825899 }, "geometry": { "type": "Point", "coordinates": [ -98.825899, 21.120024 ] } },
{ "type": "Feature", "properties": { "NO": 1186, "ENTIDAD": "HIDALGO", "MUNICIPIO": "Tepehuacán de Guerrero", "PUEBLO INDIGENA O AFROMEXICANO": "NAHUA", "LOCALIDAD": "CUAZÁHUATL", "CLAVE LOC": 130620011, "TIPO DE ASENTAMIENTO": "COMUNIDAD INDIGENA", "NOMBRE": "CUAZÁHUATL", "MONTO ASIGNADO (PESOS)": 990821, "LATITUD": 21.015267, "LONGITUD": -98.887372 }, "geometry": { "type": "Point", "coordinates": [ -98.887372, 21.015267 ] } },
{ "type": "Feature", "properties": { "NO": 1187, "ENTIDAD": "HIDALGO", "MUNICIPIO": "Tepehuacán de Guerrero", "PUEBLO INDIGENA O AFROMEXICANO": "NAHUA", "LOCALIDAD": "EL BARCO", "CLAVE LOC": 130620119, "TIPO DE ASENTAMIENTO": "COMUNIDAD INDIGENA", "NOMBRE": "EL BARCO", "MONTO ASIGNADO (PESOS)": 137992, "LATITUD": 21.163171, "LONGITUD": -98.799793 }, "geometry": { "type": "Point", "coordinates": [ -98.799793, 21.163171 ] } },
{ "type": "Feature", "properties": { "NO": 1188, "ENTIDAD": "HIDALGO", "MUNICIPIO": "Tepehuacán de Guerrero", "PUEBLO INDIGENA O AFROMEXICANO": "NAHUA", "LOCALIDAD": "EL NARANJAL", "CLAVE LOC": 130620015, "TIPO DE ASENTAMIENTO": "COMUNIDAD INDIGENA", "NOMBRE": "EL NARANJAL", "MONTO ASIGNADO (PESOS)": 504991, "LATITUD": 21.043073, "LONGITUD": -98.951104 }, "geometry": { "type": "Point", "coordinates": [ -98.951104, 21.043073 ] } },
{ "type": "Feature", "properties": { "NO": 1189, "ENTIDAD": "HIDALGO", "MUNICIPIO": "Tepehuacán de Guerrero", "PUEBLO INDIGENA O AFROMEXICANO": "NAHUA", "LOCALIDAD": "EL ZACATAL (EL ZACATAL DE LOS ROSALES)", "CLAVE LOC": 130620069, "TIPO DE ASENTAMIENTO": "COMUNIDAD INDIGENA", "NOMBRE": "EL ZACATAL (EL ZACATAL DE LOS ROSALES)", "MONTO ASIGNADO (PESOS)": 165476, "LATITUD": 21.031969, "LONGITUD": -98.829142 }, "geometry": { "type": "Point", "coordinates": [ -98.829142, 21.031969 ] } },
{ "type": "Feature", "properties": { "NO": 1190, "ENTIDAD": "HIDALGO", "MUNICIPIO": "Tepehuacán de Guerrero", "PUEBLO INDIGENA O AFROMEXICANO": "NAHUA", "LOCALIDAD": "IXTLAPALACO", "CLAVE LOC": 130620034, "TIPO DE ASENTAMIENTO": "COMUNIDAD INDIGENA", "NOMBRE": "IXTLAPALACO", "MONTO ASIGNADO (PESOS)": 500949, "LATITUD": 21.134084, "LONGITUD": -98.859211 }, "geometry": { "type": "Point", "coordinates": [ -98.859211, 21.134084 ] } },
{ "type": "Feature", "properties": { "NO": 1191, "ENTIDAD": "HIDALGO", "MUNICIPIO": "Tepehuacán de Guerrero", "PUEBLO INDIGENA O AFROMEXICANO": "NAHUA", "LOCALIDAD": "LA PALMA", "CLAVE LOC": 130620017, "TIPO DE ASENTAMIENTO": "COMUNIDAD INDIGENA", "NOMBRE": "LA PALMA", "MONTO ASIGNADO (PESOS)": 375652, "LATITUD": 21.088306, "LONGITUD": -98.913302 }, "geometry": { "type": "Point", "coordinates": [ -98.913302, 21.088306 ] } },
{ "type": "Feature", "properties": { "NO": 1192, "ENTIDAD": "HIDALGO", "MUNICIPIO": "Tepehuacán de Guerrero", "PUEBLO INDIGENA O AFROMEXICANO": "NAHUA", "LOCALIDAD": "LA REFORMA", "CLAVE LOC": 130620020, "TIPO DE ASENTAMIENTO": "COMUNIDAD INDIGENA", "NOMBRE": "LA REFORMA", "MONTO ASIGNADO (PESOS)": 2030255, "LATITUD": 21.074744, "LONGITUD": -98.870092 }, "geometry": { "type": "Point", "coordinates": [ -98.870092, 21.074744 ] } },
{ "type": "Feature", "properties": { "NO": 1193, "ENTIDAD": "HIDALGO", "MUNICIPIO": "Tepehuacán de Guerrero", "PUEBLO INDIGENA O AFROMEXICANO": "NAHUA", "LOCALIDAD": "OLCUATLA", "CLAVE LOC": 130620104, "TIPO DE ASENTAMIENTO": "COMUNIDAD INDIGENA", "NOMBRE": "OLCUATLA", "MONTO ASIGNADO (PESOS)": 170326, "LATITUD": 21.075171, "LONGITUD": -98.931271 }, "geometry": { "type": "Point", "coordinates": [ -98.931271, 21.075171 ] } },
{ "type": "Feature", "properties": { "NO": 1194, "ENTIDAD": "HIDALGO", "MUNICIPIO": "Tepehuacán de Guerrero", "PUEBLO INDIGENA O AFROMEXICANO": "NAHUA", "LOCALIDAD": "PETLAPIXCA", "CLAVE LOC": 130620018, "TIPO DE ASENTAMIENTO": "COMUNIDAD INDIGENA", "NOMBRE": "PETLAPIXCA", "MONTO ASIGNADO (PESOS)": 1144914, "LATITUD": 21.170863, "LONGITUD": -98.780347 }, "geometry": { "type": "Point", "coordinates": [ -98.780347, 21.170863 ] } },
{ "type": "Feature", "properties": { "NO": 1195, "ENTIDAD": "HIDALGO", "MUNICIPIO": "Tepehuacán de Guerrero", "PUEBLO INDIGENA O AFROMEXICANO": "NAHUA", "LOCALIDAD": "PUEBLO NUEVO", "CLAVE LOC": 130620019, "TIPO DE ASENTAMIENTO": "COMUNIDAD INDIGENA", "NOMBRE": "PUEBLO NUEVO", "MONTO ASIGNADO (PESOS)": 273798, "LATITUD": 21.115714, "LONGITUD": -98.741116 }, "geometry": { "type": "Point", "coordinates": [ -98.741116, 21.115714 ] } },
{ "type": "Feature", "properties": { "NO": 1196, "ENTIDAD": "HIDALGO", "MUNICIPIO": "Tepehuacán de Guerrero", "PUEBLO INDIGENA O AFROMEXICANO": "NAHUA", "LOCALIDAD": "SAN ANDRÉS", "CLAVE LOC": 130620107, "TIPO DE ASENTAMIENTO": "COMUNIDAD INDIGENA", "NOMBRE": "SAN ANDRÉS", "MONTO ASIGNADO (PESOS)": 409604, "LATITUD": 21.08568, "LONGITUD": -98.890286 }, "geometry": { "type": "Point", "coordinates": [ -98.890286, 21.08568 ] } },
{ "type": "Feature", "properties": { "NO": 1197, "ENTIDAD": "HIDALGO", "MUNICIPIO": "Tepehuacán de Guerrero", "PUEBLO INDIGENA O AFROMEXICANO": "NAHUA", "LOCALIDAD": "SAN ANTONIO", "CLAVE LOC": 130620021, "TIPO DE ASENTAMIENTO": "COMUNIDAD INDIGENA", "NOMBRE": "SAN ANTONIO", "MONTO ASIGNADO (PESOS)": 226912, "LATITUD": 21.09381, "LONGITUD": -98.899396 }, "geometry": { "type": "Point", "coordinates": [ -98.899396, 21.09381 ] } },
{ "type": "Feature", "properties": { "NO": 1198, "ENTIDAD": "HIDALGO", "MUNICIPIO": "Tepehuacán de Guerrero", "PUEBLO INDIGENA O AFROMEXICANO": "NAHUA", "LOCALIDAD": "SAN JUAN AHUEHUECO", "CLAVE LOC": 130620005, "TIPO DE ASENTAMIENTO": "COMUNIDAD INDIGENA", "NOMBRE": "SAN JUAN AHUEHUECO", "MONTO ASIGNADO (PESOS)": 1796679, "LATITUD": 21.036391, "LONGITUD": -98.907254 }, "geometry": { "type": "Point", "coordinates": [ -98.907254, 21.036391 ] } },
{ "type": "Feature", "properties": { "NO": 1199, "ENTIDAD": "HIDALGO", "MUNICIPIO": "Tepehuacán de Guerrero", "PUEBLO INDIGENA O AFROMEXICANO": "NAHUA", "LOCALIDAD": "SAN MIGUEL AYOTEMPA", "CLAVE LOC": 130620008, "TIPO DE ASENTAMIENTO": "COMUNIDAD INDIGENA", "NOMBRE": "SAN MIGUEL AYOTEMPA", "MONTO ASIGNADO (PESOS)": 591486, "LATITUD": 20.976939, "LONGITUD": -98.851871 }, "geometry": { "type": "Point", "coordinates": [ -98.851871, 20.976939 ] } },
{ "type": "Feature", "properties": { "NO": 1200, "ENTIDAD": "HIDALGO", "MUNICIPIO": "Tepehuacán de Guerrero", "PUEBLO INDIGENA O AFROMEXICANO": "NAHUA", "LOCALIDAD": "SAN SIMÓN", "CLAVE LOC": 130620022, "TIPO DE ASENTAMIENTO": "COMUNIDAD INDIGENA", "NOMBRE": "SAN SIMÓN", "MONTO ASIGNADO (PESOS)": 451639, "LATITUD": 21.013102, "LONGITUD": -98.814532 }, "geometry": { "type": "Point", "coordinates": [ -98.814532, 21.013102 ] } },
{ "type": "Feature", "properties": { "NO": 1201, "ENTIDAD": "HIDALGO", "MUNICIPIO": "Tepehuacán de Guerrero", "PUEBLO INDIGENA O AFROMEXICANO": "NAHUA", "LOCALIDAD": "SOYUCO", "CLAVE LOC": 130620061, "TIPO DE ASENTAMIENTO": "COMUNIDAD INDIGENA", "NOMBRE": "SOYUCO", "MONTO ASIGNADO (PESOS)": 353826, "LATITUD": 21.068599, "LONGITUD": -98.937414 }, "geometry": { "type": "Point", "coordinates": [ -98.937414, 21.068599 ] } },
{ "type": "Feature", "properties": { "NO": 1202, "ENTIDAD": "HIDALGO", "MUNICIPIO": "Tepehuacán de Guerrero", "PUEBLO INDIGENA O AFROMEXICANO": "NAHUA", "LOCALIDAD": "TAMALA", "CLAVE LOC": 130620023, "TIPO DE ASENTAMIENTO": "COMUNIDAD INDIGENA", "NOMBRE": "TAMALA", "MONTO ASIGNADO (PESOS)": 717592, "LATITUD": 20.997355, "LONGITUD": -98.800088 }, "geometry": { "type": "Point", "coordinates": [ -98.800088, 20.997355 ] } },
{ "type": "Feature", "properties": { "NO": 1203, "ENTIDAD": "HIDALGO", "MUNICIPIO": "Tepehuacán de Guerrero", "PUEBLO INDIGENA O AFROMEXICANO": "NAHUA", "LOCALIDAD": "TENANGO", "CLAVE LOC": 130620024, "TIPO DE ASENTAMIENTO": "COMUNIDAD INDIGENA", "NOMBRE": "TENANGO", "MONTO ASIGNADO (PESOS)": 868518, "LATITUD": 21.057545, "LONGITUD": -98.930814 }, "geometry": { "type": "Point", "coordinates": [ -98.930814, 21.057545 ] } },
{ "type": "Feature", "properties": { "NO": 1204, "ENTIDAD": "HIDALGO", "MUNICIPIO": "Tepehuacán de Guerrero", "PUEBLO INDIGENA O AFROMEXICANO": "NAHUA", "LOCALIDAD": "TEXCAPA", "CLAVE LOC": 130620025, "TIPO DE ASENTAMIENTO": "COMUNIDAD INDIGENA", "NOMBRE": "TEXCAPA", "MONTO ASIGNADO (PESOS)": 3272216, "LATITUD": 21.092226, "LONGITUD": -98.853783 }, "geometry": { "type": "Point", "coordinates": [ -98.853783, 21.092226 ] } },
{ "type": "Feature", "properties": { "NO": 1205, "ENTIDAD": "HIDALGO", "MUNICIPIO": "Tepehuacán de Guerrero", "PUEBLO INDIGENA O AFROMEXICANO": "NAHUA", "LOCALIDAD": "TEXOPICH", "CLAVE LOC": 130620026, "TIPO DE ASENTAMIENTO": "COMUNIDAD INDIGENA", "NOMBRE": "TEXOPICH", "MONTO ASIGNADO (PESOS)": 258439, "LATITUD": 21.15025, "LONGITUD": -98.750817 }, "geometry": { "type": "Point", "coordinates": [ -98.750817, 21.15025 ] } },
{ "type": "Feature", "properties": { "NO": 1206, "ENTIDAD": "HIDALGO", "MUNICIPIO": "Tepehuacán de Guerrero", "PUEBLO INDIGENA O AFROMEXICANO": "NAHUA", "LOCALIDAD": "TEYAHUALA", "CLAVE LOC": 130620027, "TIPO DE ASENTAMIENTO": "COMUNIDAD INDIGENA", "NOMBRE": "TEYAHUALA", "MONTO ASIGNADO (PESOS)": 989139, "LATITUD": 21.050451, "LONGITUD": -98.844938 }, "geometry": { "type": "Point", "coordinates": [ -98.844938, 21.050451 ] } },
{ "type": "Feature", "properties": { "NO": 1207, "ENTIDAD": "HIDALGO", "MUNICIPIO": "Tepehuacán de Guerrero", "PUEBLO INDIGENA O AFROMEXICANO": "NAHUA", "LOCALIDAD": "TIZAPA", "CLAVE LOC": 130620111, "TIPO DE ASENTAMIENTO": "COMUNIDAD INDIGENA", "NOMBRE": "TIZAPA", "MONTO ASIGNADO (PESOS)": 318258, "LATITUD": 21.029386, "LONGITUD": -98.939202 }, "geometry": { "type": "Point", "coordinates": [ -98.939202, 21.029386 ] } },
{ "type": "Feature", "properties": { "NO": 1208, "ENTIDAD": "HIDALGO", "MUNICIPIO": "Tepehuacán de Guerrero", "PUEBLO INDIGENA O AFROMEXICANO": "NAHUA", "LOCALIDAD": "TLAÍCA", "CLAVE LOC": 130620127, "TIPO DE ASENTAMIENTO": "LOCALIDAD CON POBLACION INDIGENA", "NOMBRE": "TLAÍCA", "MONTO ASIGNADO (PESOS)": 156246, "LATITUD": 21.157238, "LONGITUD": -98.802087 }, "geometry": { "type": "Point", "coordinates": [ -98.802087, 21.157238 ] } },
{ "type": "Feature", "properties": { "NO": 1209, "ENTIDAD": "HIDALGO", "MUNICIPIO": "Tepehuacán de Guerrero", "PUEBLO INDIGENA O AFROMEXICANO": "NAHUA", "LOCALIDAD": "VILLA DE OCAMPO", "CLAVE LOC": 130620132, "TIPO DE ASENTAMIENTO": "COMUNIDAD INDIGENA", "NOMBRE": "VILLA DE OCAMPO", "MONTO ASIGNADO (PESOS)": 236613, "LATITUD": 21.068011, "LONGITUD": -98.923905 }, "geometry": { "type": "Point", "coordinates": [ -98.923905, 21.068011 ] } },
{ "type": "Feature", "properties": { "NO": 1210, "ENTIDAD": "HIDALGO", "MUNICIPIO": "Tepehuacán de Guerrero", "PUEBLO INDIGENA O AFROMEXICANO": "NAHUA", "LOCALIDAD": "XILITLA", "CLAVE LOC": 130620029, "TIPO DE ASENTAMIENTO": "COMUNIDAD INDIGENA", "NOMBRE": "XILITLA", "MONTO ASIGNADO (PESOS)": 736993, "LATITUD": 21.071562, "LONGITUD": -98.807418 }, "geometry": { "type": "Point", "coordinates": [ -98.807418, 21.071562 ] } },
{ "type": "Feature", "properties": { "NO": 1211, "ENTIDAD": "HIDALGO", "MUNICIPIO": "Tepehuacán de Guerrero", "PUEBLO INDIGENA O AFROMEXICANO": "NAHUA", "LOCALIDAD": "ZACUALTIPANITO", "CLAVE LOC": 130620030, "TIPO DE ASENTAMIENTO": "COMUNIDAD INDIGENA", "NOMBRE": "ZACUALTIPANITO", "MONTO ASIGNADO (PESOS)": 2144889, "LATITUD": 21.154035, "LONGITUD": -98.799202 }, "geometry": { "type": "Point", "coordinates": [ -98.799202, 21.154035 ] } },
{ "type": "Feature", "properties": { "NO": 1212, "ENTIDAD": "HIDALGO", "MUNICIPIO": "Tepeji del Río de Ocampo", "PUEBLO INDIGENA O AFROMEXICANO": "OTOMÍ", "LOCALIDAD": "SAN ILDEFONSO", "CLAVE LOC": 130630011, "TIPO DE ASENTAMIENTO": "COMUNIDAD INDIGENA", "NOMBRE": "SAN ILDEFONSO", "MONTO ASIGNADO (PESOS)": 3293054, "LATITUD": 19.994853, "LONGITUD": -99.369959 }, "geometry": { "type": "Point", "coordinates": [ -99.369959, 19.994853 ] } },
{ "type": "Feature", "properties": { "NO": 1213, "ENTIDAD": "HIDALGO", "MUNICIPIO": "Tepetitlán", "PUEBLO INDIGENA O AFROMEXICANO": "OTOMÍ", "LOCALIDAD": "GENERAL PEDRO MARÍA ANAYA", "CLAVE LOC": 130640003, "TIPO DE ASENTAMIENTO": "COMUNIDAD INDIGENA", "NOMBRE": "GENERAL PEDRO MARÍA ANAYA", "MONTO ASIGNADO (PESOS)": 1296384, "LATITUD": 20.155868, "LONGITUD": -99.34775 }, "geometry": { "type": "Point", "coordinates": [ -99.34775, 20.155868 ] } },
{ "type": "Feature", "properties": { "NO": 1214, "ENTIDAD": "HIDALGO", "MUNICIPIO": "Tepetitlán", "PUEBLO INDIGENA O AFROMEXICANO": "OTOMÍ", "LOCALIDAD": "LA ERMITA", "CLAVE LOC": 130640016, "TIPO DE ASENTAMIENTO": "COMUNIDAD INDIGENA", "NOMBRE": "LA ERMITA", "MONTO ASIGNADO (PESOS)": 323108, "LATITUD": 20.161386, "LONGITUD": -99.370848 }, "geometry": { "type": "Point", "coordinates": [ -99.370848, 20.161386 ] } },
{ "type": "Feature", "properties": { "NO": 1215, "ENTIDAD": "HIDALGO", "MUNICIPIO": "Tepetitlán", "PUEBLO INDIGENA O AFROMEXICANO": "OTOMÍ", "LOCALIDAD": "LA LOMA", "CLAVE LOC": 130640006, "TIPO DE ASENTAMIENTO": "COMUNIDAD INDIGENA", "NOMBRE": "LA LOMA", "MONTO ASIGNADO (PESOS)": 1001329, "LATITUD": 20.169381, "LONGITUD": -99.374064 }, "geometry": { "type": "Point", "coordinates": [ -99.374064, 20.169381 ] } },
{ "type": "Feature", "properties": { "NO": 1216, "ENTIDAD": "HIDALGO", "MUNICIPIO": "Tepetitlán", "PUEBLO INDIGENA O AFROMEXICANO": "OTOMÍ", "LOCALIDAD": "PINO SUÁREZ", "CLAVE LOC": 130640004, "TIPO DE ASENTAMIENTO": "COMUNIDAD INDIGENA", "NOMBRE": "PINO SUÁREZ", "MONTO ASIGNADO (PESOS)": 941510, "LATITUD": 20.247576, "LONGITUD": -99.42092 }, "geometry": { "type": "Point", "coordinates": [ -99.42092, 20.247576 ] } },
{ "type": "Feature", "properties": { "NO": 1217, "ENTIDAD": "HIDALGO", "MUNICIPIO": "Tepetitlán", "PUEBLO INDIGENA O AFROMEXICANO": "OTOMÍ", "LOCALIDAD": "SAN PEDRO NEXTLALPAN", "CLAVE LOC": 130640008, "TIPO DE ASENTAMIENTO": "COMUNIDAD INDIGENA", "NOMBRE": "SAN PEDRO NEXTLALPAN", "MONTO ASIGNADO (PESOS)": 876032, "LATITUD": 20.151222, "LONGITUD": -99.387674 }, "geometry": { "type": "Point", "coordinates": [ -99.387674, 20.151222 ] } },
{ "type": "Feature", "properties": { "NO": 1218, "ENTIDAD": "HIDALGO", "MUNICIPIO": "Tepetitlán", "PUEBLO INDIGENA O AFROMEXICANO": "OTOMÍ", "LOCALIDAD": "SANTA MARÍA DAXTHO", "CLAVE LOC": 130640009, "TIPO DE ASENTAMIENTO": "COMUNIDAD INDIGENA", "NOMBRE": "SANTA MARÍA DAXTHO", "MONTO ASIGNADO (PESOS)": 457297, "LATITUD": 20.131773, "LONGITUD": -99.383496 }, "geometry": { "type": "Point", "coordinates": [ -99.383496, 20.131773 ] } },
{ "type": "Feature", "properties": { "NO": 1219, "ENTIDAD": "HIDALGO", "MUNICIPIO": "Tianguistengo", "PUEBLO INDIGENA O AFROMEXICANO": "NAHUA", "LOCALIDAD": "ACATENCO", "CLAVE LOC": 130680059, "TIPO DE ASENTAMIENTO": "COMUNIDAD INDIGENA", "NOMBRE": "ACATENCO", "MONTO ASIGNADO (PESOS)": 131525, "LATITUD": 20.841962, "LONGITUD": -98.450731 }, "geometry": { "type": "Point", "coordinates": [ -98.450731, 20.841962 ] } },
{ "type": "Feature", "properties": { "NO": 1220, "ENTIDAD": "HIDALGO", "MUNICIPIO": "Tianguistengo", "PUEBLO INDIGENA O AFROMEXICANO": "NAHUA", "LOCALIDAD": "ATECOXCO", "CLAVE LOC": 130680002, "TIPO DE ASENTAMIENTO": "COMUNIDAD INDIGENA", "NOMBRE": "ATECOXCO", "MONTO ASIGNADO (PESOS)": 411220, "LATITUD": 20.827119, "LONGITUD": -98.467956 }, "geometry": { "type": "Point", "coordinates": [ -98.467956, 20.827119 ] } },
{ "type": "Feature", "properties": { "NO": 1221, "ENTIDAD": "HIDALGO", "MUNICIPIO": "Tianguistengo", "PUEBLO INDIGENA O AFROMEXICANO": "NAHUA", "LOCALIDAD": "CHAPALTEPEC", "CLAVE LOC": 130680013, "TIPO DE ASENTAMIENTO": "COMUNIDAD INDIGENA", "NOMBRE": "CHAPALTEPEC", "MONTO ASIGNADO (PESOS)": 129908, "LATITUD": 20.852132, "LONGITUD": -98.470439 }, "geometry": { "type": "Point", "coordinates": [ -98.470439, 20.852132 ] } },
{ "type": "Feature", "properties": { "NO": 1222, "ENTIDAD": "HIDALGO", "MUNICIPIO": "Tianguistengo", "PUEBLO INDIGENA O AFROMEXICANO": "NAHUA", "LOCALIDAD": "CHOLULA", "CLAVE LOC": 130680016, "TIPO DE ASENTAMIENTO": "COMUNIDAD INDIGENA", "NOMBRE": "CHOLULA", "MONTO ASIGNADO (PESOS)": 675077, "LATITUD": 20.743132, "LONGITUD": -98.501203 }, "geometry": { "type": "Point", "coordinates": [ -98.501203, 20.743132 ] } },
{ "type": "Feature", "properties": { "NO": 1223, "ENTIDAD": "HIDALGO", "MUNICIPIO": "Tianguistengo", "PUEBLO INDIGENA O AFROMEXICANO": "NAHUA", "LOCALIDAD": "COAMELCO", "CLAVE LOC": 130680005, "TIPO DE ASENTAMIENTO": "COMUNIDAD INDIGENA", "NOMBRE": "COAMELCO", "MONTO ASIGNADO (PESOS)": 491664, "LATITUD": 20.758711, "LONGITUD": -98.466042 }, "geometry": { "type": "Point", "coordinates": [ -98.466042, 20.758711 ] } },
{ "type": "Feature", "properties": { "NO": 1224, "ENTIDAD": "HIDALGO", "MUNICIPIO": "Tianguistengo", "PUEBLO INDIGENA O AFROMEXICANO": "NAHUA", "LOCALIDAD": "CONCHINTLÁN", "CLAVE LOC": 130680008, "TIPO DE ASENTAMIENTO": "COMUNIDAD INDIGENA", "NOMBRE": "CONCHINTLÁN", "MONTO ASIGNADO (PESOS)": 241463, "LATITUD": 20.805276, "LONGITUD": -98.573722 }, "geometry": { "type": "Point", "coordinates": [ -98.573722, 20.805276 ] } },
{ "type": "Feature", "properties": { "NO": 1225, "ENTIDAD": "HIDALGO", "MUNICIPIO": "Tianguistengo", "PUEBLO INDIGENA O AFROMEXICANO": "NAHUA", "LOCALIDAD": "IXCOTITLÁN", "CLAVE LOC": 130680019, "TIPO DE ASENTAMIENTO": "COMUNIDAD INDIGENA", "NOMBRE": "IXCOTITLÁN", "MONTO ASIGNADO (PESOS)": 859745, "LATITUD": 20.755739, "LONGITUD": -98.530258 }, "geometry": { "type": "Point", "coordinates": [ -98.530258, 20.755739 ] } },
{ "type": "Feature", "properties": { "NO": 1226, "ENTIDAD": "HIDALGO", "MUNICIPIO": "Tianguistengo", "PUEBLO INDIGENA O AFROMEXICANO": "NAHUA", "LOCALIDAD": "JOQUELA", "CLAVE LOC": 130680020, "TIPO DE ASENTAMIENTO": "COMUNIDAD INDIGENA", "NOMBRE": "JOQUELA", "MONTO ASIGNADO (PESOS)": 296946, "LATITUD": 20.796111, "LONGITUD": -98.466666 }, "geometry": { "type": "Point", "coordinates": [ -98.466666, 20.796111 ] } },
{ "type": "Feature", "properties": { "NO": 1227, "ENTIDAD": "HIDALGO", "MUNICIPIO": "Tianguistengo", "PUEBLO INDIGENA O AFROMEXICANO": "NAHUA", "LOCALIDAD": "LA LOMA", "CLAVE LOC": 130680095, "TIPO DE ASENTAMIENTO": "COMUNIDAD INDIGENA", "NOMBRE": "LA LOMA", "MONTO ASIGNADO (PESOS)": 163860, "LATITUD": 20.722866, "LONGITUD": -98.622404 }, "geometry": { "type": "Point", "coordinates": [ -98.622404, 20.722866 ] } },
{ "type": "Feature", "properties": { "NO": 1228, "ENTIDAD": "HIDALGO", "MUNICIPIO": "Tianguistengo", "PUEBLO INDIGENA O AFROMEXICANO": "NAHUA", "LOCALIDAD": "MAZAHUACÁN", "CLAVE LOC": 130680023, "TIPO DE ASENTAMIENTO": "COMUNIDAD INDIGENA", "NOMBRE": "MAZAHUACÁN", "MONTO ASIGNADO (PESOS)": 181644, "LATITUD": 20.802356, "LONGITUD": -98.477288 }, "geometry": { "type": "Point", "coordinates": [ -98.477288, 20.802356 ] } },
{ "type": "Feature", "properties": { "NO": 1229, "ENTIDAD": "HIDALGO", "MUNICIPIO": "Tianguistengo", "PUEBLO INDIGENA O AFROMEXICANO": "NAHUA", "LOCALIDAD": "PAHUATITLA", "CLAVE LOC": 130680030, "TIPO DE ASENTAMIENTO": "COMUNIDAD INDIGENA", "NOMBRE": "PAHUATITLA", "MONTO ASIGNADO (PESOS)": 323916, "LATITUD": 20.830749, "LONGITUD": -98.515423 }, "geometry": { "type": "Point", "coordinates": [ -98.515423, 20.830749 ] } },
{ "type": "Feature", "properties": { "NO": 1230, "ENTIDAD": "HIDALGO", "MUNICIPIO": "Tianguistengo", "PUEBLO INDIGENA O AFROMEXICANO": "NAHUA", "LOCALIDAD": "POLINTOTLA", "CLAVE LOC": 130680033, "TIPO DE ASENTAMIENTO": "COMUNIDAD INDIGENA", "NOMBRE": "POLINTOTLA", "MONTO ASIGNADO (PESOS)": 1388627, "LATITUD": 20.764672, "LONGITUD": -98.508574 }, "geometry": { "type": "Point", "coordinates": [ -98.508574, 20.764672 ] } },
{ "type": "Feature", "properties": { "NO": 1231, "ENTIDAD": "HIDALGO", "MUNICIPIO": "Tianguistengo", "PUEBLO INDIGENA O AFROMEXICANO": "NAHUA", "LOCALIDAD": "SAN MIGUEL", "CLAVE LOC": 130680034, "TIPO DE ASENTAMIENTO": "COMUNIDAD INDIGENA", "NOMBRE": "SAN MIGUEL", "MONTO ASIGNADO (PESOS)": 517925, "LATITUD": 20.821331, "LONGITUD": -98.546336 }, "geometry": { "type": "Point", "coordinates": [ -98.546336, 20.821331 ] } },
{ "type": "Feature", "properties": { "NO": 1232, "ENTIDAD": "HIDALGO", "MUNICIPIO": "Tianguistengo", "PUEBLO INDIGENA O AFROMEXICANO": "NAHUA", "LOCALIDAD": "SANTA MÓNICA", "CLAVE LOC": 130680035, "TIPO DE ASENTAMIENTO": "COMUNIDAD INDIGENA", "NOMBRE": "SANTA MÓNICA", "MONTO ASIGNADO (PESOS)": 863907, "LATITUD": 20.728888, "LONGITUD": -98.665556 }, "geometry": { "type": "Point", "coordinates": [ -98.665556, 20.728888 ] } },
{ "type": "Feature", "properties": { "NO": 1233, "ENTIDAD": "HIDALGO", "MUNICIPIO": "Tianguistengo", "PUEBLO INDIGENA O AFROMEXICANO": "NAHUA", "LOCALIDAD": "TECHIMAL", "CLAVE LOC": 130680037, "TIPO DE ASENTAMIENTO": "COMUNIDAD INDIGENA", "NOMBRE": "TECHIMAL", "MONTO ASIGNADO (PESOS)": 445183, "LATITUD": 20.85764, "LONGITUD": -98.445061 }, "geometry": { "type": "Point", "coordinates": [ -98.445061, 20.85764 ] } },
{ "type": "Feature", "properties": { "NO": 1234, "ENTIDAD": "HIDALGO", "MUNICIPIO": "Tianguistengo", "PUEBLO INDIGENA O AFROMEXICANO": "NAHUA", "LOCALIDAD": "TENEXCO", "CLAVE LOC": 130680038, "TIPO DE ASENTAMIENTO": "COMUNIDAD INDIGENA", "NOMBRE": "TENEXCO", "MONTO ASIGNADO (PESOS)": 231762, "LATITUD": 20.86594, "LONGITUD": -98.491234 }, "geometry": { "type": "Point", "coordinates": [ -98.491234, 20.86594 ] } },
{ "type": "Feature", "properties": { "NO": 1235, "ENTIDAD": "HIDALGO", "MUNICIPIO": "Tianguistengo", "PUEBLO INDIGENA O AFROMEXICANO": "NAHUA", "LOCALIDAD": "TEPANECA", "CLAVE LOC": 130680057, "TIPO DE ASENTAMIENTO": "COMUNIDAD INDIGENA", "NOMBRE": "TEPANECA", "MONTO ASIGNADO (PESOS)": 173833, "LATITUD": 20.756276, "LONGITUD": -98.541763 }, "geometry": { "type": "Point", "coordinates": [ -98.541763, 20.756276 ] } },
{ "type": "Feature", "properties": { "NO": 1236, "ENTIDAD": "HIDALGO", "MUNICIPIO": "Tianguistengo", "PUEBLO INDIGENA O AFROMEXICANO": "NAHUA", "LOCALIDAD": "TEXACAL", "CLAVE LOC": 130680041, "TIPO DE ASENTAMIENTO": "COMUNIDAD INDIGENA", "NOMBRE": "TEXACAL", "MONTO ASIGNADO (PESOS)": 157393, "LATITUD": 20.818935, "LONGITUD": -98.57874 }, "geometry": { "type": "Point", "coordinates": [ -98.57874, 20.818935 ] } },
{ "type": "Feature", "properties": { "NO": 1237, "ENTIDAD": "HIDALGO", "MUNICIPIO": "Tianguistengo", "PUEBLO INDIGENA O AFROMEXICANO": "NAHUA", "LOCALIDAD": "TLACOHECHAC", "CLAVE LOC": 130680043, "TIPO DE ASENTAMIENTO": "COMUNIDAD INDIGENA", "NOMBRE": "TLACOHECHAC", "MONTO ASIGNADO (PESOS)": 374833, "LATITUD": 20.851944, "LONGITUD": -98.512778 }, "geometry": { "type": "Point", "coordinates": [ -98.512778, 20.851944 ] } },
{ "type": "Feature", "properties": { "NO": 1238, "ENTIDAD": "HIDALGO", "MUNICIPIO": "Tianguistengo", "PUEBLO INDIGENA O AFROMEXICANO": "NAHUA", "LOCALIDAD": "TLAHUILTEPA", "CLAVE LOC": 130680045, "TIPO DE ASENTAMIENTO": "COMUNIDAD INDIGENA", "NOMBRE": "TLAHUILTEPA", "MONTO ASIGNADO (PESOS)": 184069, "LATITUD": 20.836113, "LONGITUD": -98.585432 }, "geometry": { "type": "Point", "coordinates": [ -98.585432, 20.836113 ] } },
{ "type": "Feature", "properties": { "NO": 1239, "ENTIDAD": "HIDALGO", "MUNICIPIO": "Tianguistengo", "PUEBLO INDIGENA O AFROMEXICANO": "NAHUA", "LOCALIDAD": "TONCHINTLÁN", "CLAVE LOC": 130680047, "TIPO DE ASENTAMIENTO": "COMUNIDAD INDIGENA", "NOMBRE": "TONCHINTLÁN", "MONTO ASIGNADO (PESOS)": 688896, "LATITUD": 20.761102, "LONGITUD": -98.519239 }, "geometry": { "type": "Point", "coordinates": [ -98.519239, 20.761102 ] } },
{ "type": "Feature", "properties": { "NO": 1240, "ENTIDAD": "HIDALGO", "MUNICIPIO": "Tianguistengo", "PUEBLO INDIGENA O AFROMEXICANO": "NAHUA", "LOCALIDAD": "XALACAHUANTLA", "CLAVE LOC": 130680048, "TIPO DE ASENTAMIENTO": "COMUNIDAD INDIGENA", "NOMBRE": "XALACAHUANTLA", "MONTO ASIGNADO (PESOS)": 742914, "LATITUD": 20.786164, "LONGITUD": -98.492587 }, "geometry": { "type": "Point", "coordinates": [ -98.492587, 20.786164 ] } },
{ "type": "Feature", "properties": { "NO": 1241, "ENTIDAD": "HIDALGO", "MUNICIPIO": "Tianguistengo", "PUEBLO INDIGENA O AFROMEXICANO": "NAHUA", "LOCALIDAD": "XOCHIMILCO", "CLAVE LOC": 130680050, "TIPO DE ASENTAMIENTO": "COMUNIDAD INDIGENA", "NOMBRE": "XOCHIMILCO", "MONTO ASIGNADO (PESOS)": 787112, "LATITUD": 20.786525, "LONGITUD": -98.511945 }, "geometry": { "type": "Point", "coordinates": [ -98.511945, 20.786525 ] } },
{ "type": "Feature", "properties": { "NO": 1242, "ENTIDAD": "HIDALGO", "MUNICIPIO": "Tianguistengo", "PUEBLO INDIGENA O AFROMEXICANO": "NAHUA", "LOCALIDAD": "YATIPÁN", "CLAVE LOC": 130680051, "TIPO DE ASENTAMIENTO": "COMUNIDAD INDIGENA", "NOMBRE": "YATIPÁN", "MONTO ASIGNADO (PESOS)": 395053, "LATITUD": 20.860663, "LONGITUD": -98.454851 }, "geometry": { "type": "Point", "coordinates": [ -98.454851, 20.860663 ] } },
{ "type": "Feature", "properties": { "NO": 1243, "ENTIDAD": "HIDALGO", "MUNICIPIO": "Tianguistengo", "PUEBLO INDIGENA O AFROMEXICANO": "NAHUA", "LOCALIDAD": "ZACATEMPA", "CLAVE LOC": 130680052, "TIPO DE ASENTAMIENTO": "COMUNIDAD INDIGENA", "NOMBRE": "ZACATEMPA", "MONTO ASIGNADO (PESOS)": 157393, "LATITUD": 20.85992, "LONGITUD": -98.501849 }, "geometry": { "type": "Point", "coordinates": [ -98.501849, 20.85992 ] } },
{ "type": "Feature", "properties": { "NO": 1244, "ENTIDAD": "HIDALGO", "MUNICIPIO": "Tianguistengo", "PUEBLO INDIGENA O AFROMEXICANO": "NAHUA", "LOCALIDAD": "ZACATIPÁN", "CLAVE LOC": 130680053, "TIPO DE ASENTAMIENTO": "COMUNIDAD INDIGENA", "NOMBRE": "ZACATIPÁN", "MONTO ASIGNADO (PESOS)": 801958, "LATITUD": 20.837981, "LONGITUD": -98.510449 }, "geometry": { "type": "Point", "coordinates": [ -98.510449, 20.837981 ] } },
{ "type": "Feature", "properties": { "NO": 1245, "ENTIDAD": "HIDALGO", "MUNICIPIO": "Tlahuiltepa", "PUEBLO INDIGENA O AFROMEXICANO": "OTOMÍ", "LOCALIDAD": "CHICHICAXTLA", "CLAVE LOC": 130710013, "TIPO DE ASENTAMIENTO": "COMUNIDAD INDIGENA", "NOMBRE": "CHICHICAXTLA", "MONTO ASIGNADO (PESOS)": 251163, "LATITUD": 20.788778, "LONGITUD": -99.065033 }, "geometry": { "type": "Point", "coordinates": [ -99.065033, 20.788778 ] } },
{ "type": "Feature", "properties": { "NO": 1246, "ENTIDAD": "HIDALGO", "MUNICIPIO": "Tlahuiltepa", "PUEBLO INDIGENA O AFROMEXICANO": "OTOMÍ", "LOCALIDAD": "SAN ANDRÉS MIRAFLORES", "CLAVE LOC": 130710023, "TIPO DE ASENTAMIENTO": "COMUNIDAD INDIGENA", "NOMBRE": "SAN ANDRÉS MIRAFLORES", "MONTO ASIGNADO (PESOS)": 332000, "LATITUD": 20.801061, "LONGITUD": -99.002516 }, "geometry": { "type": "Point", "coordinates": [ -99.002516, 20.801061 ] } },
{ "type": "Feature", "properties": { "NO": 1247, "ENTIDAD": "HIDALGO", "MUNICIPIO": "Tlanchinol", "PUEBLO INDIGENA O AFROMEXICANO": "NAHUA", "LOCALIDAD": "ACAHUASCO", "CLAVE LOC": 130730002, "TIPO DE ASENTAMIENTO": "COMUNIDAD INDIGENA", "NOMBRE": "ACAHUASCO", "MONTO ASIGNADO (PESOS)": 1182404, "LATITUD": 20.961433, "LONGITUD": -98.597644 }, "geometry": { "type": "Point", "coordinates": [ -98.597644, 20.961433 ] } },
{ "type": "Feature", "properties": { "NO": 1248, "ENTIDAD": "HIDALGO", "MUNICIPIO": "Tlanchinol", "PUEBLO INDIGENA O AFROMEXICANO": "NAHUA", "LOCALIDAD": "ACATIPA", "CLAVE LOC": 130730003, "TIPO DE ASENTAMIENTO": "COMUNIDAD INDIGENA", "NOMBRE": "ACATIPA", "MONTO ASIGNADO (PESOS)": 479932, "LATITUD": 21.049722, "LONGITUD": -98.574999 }, "geometry": { "type": "Point", "coordinates": [ -98.574999, 21.049722 ] } },
{ "type": "Feature", "properties": { "NO": 1249, "ENTIDAD": "HIDALGO", "MUNICIPIO": "Tlanchinol", "PUEBLO INDIGENA O AFROMEXICANO": "NAHUA", "LOCALIDAD": "ACUAPA", "CLAVE LOC": 130730004, "TIPO DE ASENTAMIENTO": "COMUNIDAD INDIGENA", "NOMBRE": "ACUAPA", "MONTO ASIGNADO (PESOS)": 231762, "LATITUD": 20.955266, "LONGITUD": -98.569565 }, "geometry": { "type": "Point", "coordinates": [ -98.569565, 20.955266 ] } },
{ "type": "Feature", "properties": { "NO": 1250, "ENTIDAD": "HIDALGO", "MUNICIPIO": "Tlanchinol", "PUEBLO INDIGENA O AFROMEXICANO": "NAHUA", "LOCALIDAD": "AMOXCO", "CLAVE LOC": 130730095, "TIPO DE ASENTAMIENTO": "COMUNIDAD INDIGENA", "NOMBRE": "AMOXCO", "MONTO ASIGNADO (PESOS)": 363527, "LATITUD": 21.051778, "LONGITUD": -98.715983 }, "geometry": { "type": "Point", "coordinates": [ -98.715983, 21.051778 ] } },
{ "type": "Feature", "properties": { "NO": 1251, "ENTIDAD": "HIDALGO", "MUNICIPIO": "Tlanchinol", "PUEBLO INDIGENA O AFROMEXICANO": "NAHUA", "LOCALIDAD": "APANTLAZOL", "CLAVE LOC": 130730005, "TIPO DE ASENTAMIENTO": "COMUNIDAD INDIGENA", "NOMBRE": "APANTLAZOL", "MONTO ASIGNADO (PESOS)": 711125, "LATITUD": 20.989312, "LONGITUD": -98.583738 }, "geometry": { "type": "Point", "coordinates": [ -98.583738, 20.989312 ] } },
{ "type": "Feature", "properties": { "NO": 1252, "ENTIDAD": "HIDALGO", "MUNICIPIO": "Tlanchinol", "PUEBLO INDIGENA O AFROMEXICANO": "NAHUA", "LOCALIDAD": "CERRO ALTO", "CLAVE LOC": 130730108, "TIPO DE ASENTAMIENTO": "COMUNIDAD INDIGENA", "NOMBRE": "CERRO ALTO", "MONTO ASIGNADO (PESOS)": 215289, "LATITUD": 20.995446, "LONGITUD": -98.616515 }, "geometry": { "type": "Point", "coordinates": [ -98.616515, 20.995446 ] } },
{ "type": "Feature", "properties": { "NO": 1253, "ENTIDAD": "HIDALGO", "MUNICIPIO": "Tlanchinol", "PUEBLO INDIGENA O AFROMEXICANO": "NAHUA", "LOCALIDAD": "CHACHALA", "CLAVE LOC": 130730013, "TIPO DE ASENTAMIENTO": "COMUNIDAD INDIGENA", "NOMBRE": "CHACHALA", "MONTO ASIGNADO (PESOS)": 416070, "LATITUD": 20.971585, "LONGITUD": -98.697376 }, "geometry": { "type": "Point", "coordinates": [ -98.697376, 20.971585 ] } },
{ "type": "Feature", "properties": { "NO": 1254, "ENTIDAD": "HIDALGO", "MUNICIPIO": "Tlanchinol", "PUEBLO INDIGENA O AFROMEXICANO": "NAHUA", "LOCALIDAD": "CHALCHOCOTIPA", "CLAVE LOC": 130730014, "TIPO DE ASENTAMIENTO": "COMUNIDAD INDIGENA", "NOMBRE": "CHALCHOCOTIPA", "MONTO ASIGNADO (PESOS)": 331192, "LATITUD": 21.050498, "LONGITUD": -98.585303 }, "geometry": { "type": "Point", "coordinates": [ -98.585303, 21.050498 ] } },
{ "type": "Feature", "properties": { "NO": 1255, "ENTIDAD": "HIDALGO", "MUNICIPIO": "Tlanchinol", "PUEBLO INDIGENA O AFROMEXICANO": "NAHUA", "LOCALIDAD": "CHICHATLA", "CLAVE LOC": 130730015, "TIPO DE ASENTAMIENTO": "COMUNIDAD INDIGENA", "NOMBRE": "CHICHATLA", "MONTO ASIGNADO (PESOS)": 1068424, "LATITUD": 20.959038, "LONGITUD": -98.629088 }, "geometry": { "type": "Point", "coordinates": [ -98.629088, 20.959038 ] } },
{ "type": "Feature", "properties": { "NO": 1256, "ENTIDAD": "HIDALGO", "MUNICIPIO": "Tlanchinol", "PUEBLO INDIGENA O AFROMEXICANO": "NAHUA", "LOCALIDAD": "CHICHILTÉPEC", "CLAVE LOC": 130730016, "TIPO DE ASENTAMIENTO": "COMUNIDAD INDIGENA", "NOMBRE": "CHICHILTÉPEC", "MONTO ASIGNADO (PESOS)": 1742889, "LATITUD": 21.02551, "LONGITUD": -98.54753 }, "geometry": { "type": "Point", "coordinates": [ -98.54753, 21.02551 ] } },
{ "type": "Feature", "properties": { "NO": 1257, "ENTIDAD": "HIDALGO", "MUNICIPIO": "Tlanchinol", "PUEBLO INDIGENA O AFROMEXICANO": "NAHUA", "LOCALIDAD": "CHIPOCO", "CLAVE LOC": 130730017, "TIPO DE ASENTAMIENTO": "COMUNIDAD INDIGENA", "NOMBRE": "CHIPOCO", "MONTO ASIGNADO (PESOS)": 894625, "LATITUD": 20.976863, "LONGITUD": -98.702614 }, "geometry": { "type": "Point", "coordinates": [ -98.702614, 20.976863 ] } },
{ "type": "Feature", "properties": { "NO": 1258, "ENTIDAD": "HIDALGO", "MUNICIPIO": "Tlanchinol", "PUEBLO INDIGENA O AFROMEXICANO": "NAHUA", "LOCALIDAD": "CITLALA", "CLAVE LOC": 130730006, "TIPO DE ASENTAMIENTO": "COMUNIDAD INDIGENA", "NOMBRE": "CITLALA", "MONTO ASIGNADO (PESOS)": 429813, "LATITUD": 21.067422, "LONGITUD": -98.699174 }, "geometry": { "type": "Point", "coordinates": [ -98.699174, 21.067422 ] } },
{ "type": "Feature", "properties": { "NO": 1259, "ENTIDAD": "HIDALGO", "MUNICIPIO": "Tlanchinol", "PUEBLO INDIGENA O AFROMEXICANO": "NAHUA", "LOCALIDAD": "COAMAPIL", "CLAVE LOC": 130730007, "TIPO DE ASENTAMIENTO": "COMUNIDAD INDIGENA", "NOMBRE": "COAMAPIL", "MONTO ASIGNADO (PESOS)": 357868, "LATITUD": 21.035029, "LONGITUD": -98.563599 }, "geometry": { "type": "Point", "coordinates": [ -98.563599, 21.035029 ] } },
{ "type": "Feature", "properties": { "NO": 1260, "ENTIDAD": "HIDALGO", "MUNICIPIO": "Tlanchinol", "PUEBLO INDIGENA O AFROMEXICANO": "NAHUA", "LOCALIDAD": "CUATAHUATLA", "CLAVE LOC": 130730104, "TIPO DE ASENTAMIENTO": "COMUNIDAD INDIGENA", "NOMBRE": "CUATAHUATLA", "MONTO ASIGNADO (PESOS)": 268052, "LATITUD": 21.069124, "LONGITUD": -98.725802 }, "geometry": { "type": "Point", "coordinates": [ -98.725802, 21.069124 ] } },
{ "type": "Feature", "properties": { "NO": 1261, "ENTIDAD": "HIDALGO", "MUNICIPIO": "Tlanchinol", "PUEBLO INDIGENA O AFROMEXICANO": "NAHUA", "LOCALIDAD": "CUATATLÁN", "CLAVE LOC": 130730009, "TIPO DE ASENTAMIENTO": "COMUNIDAD INDIGENA", "NOMBRE": "CUATATLÁN", "MONTO ASIGNADO (PESOS)": 256746, "LATITUD": 21.000609, "LONGITUD": -98.611526 }, "geometry": { "type": "Point", "coordinates": [ -98.611526, 21.000609 ] } },
{ "type": "Feature", "properties": { "NO": 1262, "ENTIDAD": "HIDALGO", "MUNICIPIO": "Tlanchinol", "PUEBLO INDIGENA O AFROMEXICANO": "NAHUA", "LOCALIDAD": "CUATLAPECH", "CLAVE LOC": 130730010, "TIPO DE ASENTAMIENTO": "COMUNIDAD INDIGENA", "NOMBRE": "CUATLAPECH", "MONTO ASIGNADO (PESOS)": 212362, "LATITUD": 21.037836, "LONGITUD": -98.700062 }, "geometry": { "type": "Point", "coordinates": [ -98.700062, 21.037836 ] } },
{ "type": "Feature", "properties": { "NO": 1263, "ENTIDAD": "HIDALGO", "MUNICIPIO": "Tlanchinol", "PUEBLO INDIGENA O AFROMEXICANO": "NAHUA", "LOCALIDAD": "CUATLIMAX", "CLAVE LOC": 130730011, "TIPO DE ASENTAMIENTO": "COMUNIDAD INDIGENA", "NOMBRE": "CUATLIMAX", "MONTO ASIGNADO (PESOS)": 627055, "LATITUD": 21.097192, "LONGITUD": -98.662221 }, "geometry": { "type": "Point", "coordinates": [ -98.662221, 21.097192 ] } },
{ "type": "Feature", "properties": { "NO": 1264, "ENTIDAD": "HIDALGO", "MUNICIPIO": "Tlanchinol", "PUEBLO INDIGENA O AFROMEXICANO": "NAHUA", "LOCALIDAD": "EHUATITLA", "CLAVE LOC": 130730018, "TIPO DE ASENTAMIENTO": "COMUNIDAD INDIGENA", "NOMBRE": "EHUATITLA", "MONTO ASIGNADO (PESOS)": 313408, "LATITUD": 21.109862, "LONGITUD": -98.649135 }, "geometry": { "type": "Point", "coordinates": [ -98.649135, 21.109862 ] } },
{ "type": "Feature", "properties": { "NO": 1265, "ENTIDAD": "HIDALGO", "MUNICIPIO": "Tlanchinol", "PUEBLO INDIGENA O AFROMEXICANO": "NAHUA", "LOCALIDAD": "HUEYAPA", "CLAVE LOC": 130730020, "TIPO DE ASENTAMIENTO": "COMUNIDAD INDIGENA", "NOMBRE": "HUEYAPA", "MONTO ASIGNADO (PESOS)": 1274558, "LATITUD": 21.08295, "LONGITUD": -98.690335 }, "geometry": { "type": "Point", "coordinates": [ -98.690335, 21.08295 ] } },
{ "type": "Feature", "properties": { "NO": 1266, "ENTIDAD": "HIDALGO", "MUNICIPIO": "Tlanchinol", "PUEBLO INDIGENA O AFROMEXICANO": "NAHUA", "LOCALIDAD": "HUITEPEC", "CLAVE LOC": 130730021, "TIPO DE ASENTAMIENTO": "COMUNIDAD INDIGENA", "NOMBRE": "HUITEPEC", "MONTO ASIGNADO (PESOS)": 1370844, "LATITUD": 21.054249, "LONGITUD": -98.723419 }, "geometry": { "type": "Point", "coordinates": [ -98.723419, 21.054249 ] } },
{ "type": "Feature", "properties": { "NO": 1267, "ENTIDAD": "HIDALGO", "MUNICIPIO": "Tlanchinol", "PUEBLO INDIGENA O AFROMEXICANO": "NAHUA", "LOCALIDAD": "IXTLAPALA", "CLAVE LOC": 130730022, "TIPO DE ASENTAMIENTO": "COMUNIDAD INDIGENA", "NOMBRE": "IXTLAPALA", "MONTO ASIGNADO (PESOS)": 679599, "LATITUD": 21.018656, "LONGITUD": -98.722937 }, "geometry": { "type": "Point", "coordinates": [ -98.722937, 21.018656 ] } },
{ "type": "Feature", "properties": { "NO": 1268, "ENTIDAD": "HIDALGO", "MUNICIPIO": "Tlanchinol", "PUEBLO INDIGENA O AFROMEXICANO": "NAHUA", "LOCALIDAD": "JALPA", "CLAVE LOC": 130730023, "TIPO DE ASENTAMIENTO": "COMUNIDAD INDIGENA", "NOMBRE": "JALPA", "MONTO ASIGNADO (PESOS)": 1019113, "LATITUD": 21.109597, "LONGITUD": -98.713074 }, "geometry": { "type": "Point", "coordinates": [ -98.713074, 21.109597 ] } },
{ "type": "Feature", "properties": { "NO": 1269, "ENTIDAD": "HIDALGO", "MUNICIPIO": "Tlanchinol", "PUEBLO INDIGENA O AFROMEXICANO": "NAHUA", "LOCALIDAD": "LA PIMIENTA", "CLAVE LOC": 130730029, "TIPO DE ASENTAMIENTO": "COMUNIDAD INDIGENA", "NOMBRE": "LA PIMIENTA", "MONTO ASIGNADO (PESOS)": 265714, "LATITUD": 21.077537, "LONGITUD": -98.640935 }, "geometry": { "type": "Point", "coordinates": [ -98.640935, 21.077537 ] } },
{ "type": "Feature", "properties": { "NO": 1270, "ENTIDAD": "HIDALGO", "MUNICIPIO": "Tlanchinol", "PUEBLO INDIGENA O AFROMEXICANO": "NAHUA", "LOCALIDAD": "LONTLA", "CLAVE LOC": 130730024, "TIPO DE ASENTAMIENTO": "COMUNIDAD INDIGENA", "NOMBRE": "LONTLA", "MONTO ASIGNADO (PESOS)": 386161, "LATITUD": 21.071573, "LONGITUD": -98.626931 }, "geometry": { "type": "Point", "coordinates": [ -98.626931, 21.071573 ] } },
{ "type": "Feature", "properties": { "NO": 1271, "ENTIDAD": "HIDALGO", "MUNICIPIO": "Tlanchinol", "PUEBLO INDIGENA O AFROMEXICANO": "NAHUA", "LOCALIDAD": "OLOTLA", "CLAVE LOC": 130730025, "TIPO DE ASENTAMIENTO": "COMUNIDAD INDIGENA", "NOMBRE": "OLOTLA", "MONTO ASIGNADO (PESOS)": 1210697, "LATITUD": 20.979822, "LONGITUD": -98.567059 }, "geometry": { "type": "Point", "coordinates": [ -98.567059, 20.979822 ] } },
{ "type": "Feature", "properties": { "NO": 1272, "ENTIDAD": "HIDALGO", "MUNICIPIO": "Tlanchinol", "PUEBLO INDIGENA O AFROMEXICANO": "NAHUA", "LOCALIDAD": "PAHUAYO", "CLAVE LOC": 130730026, "TIPO DE ASENTAMIENTO": "COMUNIDAD INDIGENA", "NOMBRE": "PAHUAYO", "MONTO ASIGNADO (PESOS)": 480740, "LATITUD": 21.173403, "LONGITUD": -98.706573 }, "geometry": { "type": "Point", "coordinates": [ -98.706573, 21.173403 ] } },
{ "type": "Feature", "properties": { "NO": 1273, "ENTIDAD": "HIDALGO", "MUNICIPIO": "Tlanchinol", "PUEBLO INDIGENA O AFROMEXICANO": "NAHUA", "LOCALIDAD": "PEYULA", "CLAVE LOC": 130730027, "TIPO DE ASENTAMIENTO": "COMUNIDAD INDIGENA", "NOMBRE": "PEYULA", "MONTO ASIGNADO (PESOS)": 455681, "LATITUD": 21.039221, "LONGITUD": -98.571618 }, "geometry": { "type": "Point", "coordinates": [ -98.571618, 21.039221 ] } },
{ "type": "Feature", "properties": { "NO": 1274, "ENTIDAD": "HIDALGO", "MUNICIPIO": "Tlanchinol", "PUEBLO INDIGENA O AFROMEXICANO": "NAHUA", "LOCALIDAD": "PILCUATLA", "CLAVE LOC": 130730028, "TIPO DE ASENTAMIENTO": "COMUNIDAD INDIGENA", "NOMBRE": "PILCUATLA", "MONTO ASIGNADO (PESOS)": 461339, "LATITUD": 20.950781, "LONGITUD": -98.550601 }, "geometry": { "type": "Point", "coordinates": [ -98.550601, 20.950781 ] } },
{ "type": "Feature", "properties": { "NO": 1275, "ENTIDAD": "HIDALGO", "MUNICIPIO": "Tlanchinol", "PUEBLO INDIGENA O AFROMEXICANO": "NAHUA", "LOCALIDAD": "PITZOTLA", "CLAVE LOC": 130730030, "TIPO DE ASENTAMIENTO": "COMUNIDAD INDIGENA", "NOMBRE": "PITZOTLA", "MONTO ASIGNADO (PESOS)": 328767, "LATITUD": 21.04957, "LONGITUD": -98.688073 }, "geometry": { "type": "Point", "coordinates": [ -98.688073, 21.04957 ] } },
{ "type": "Feature", "properties": { "NO": 1276, "ENTIDAD": "HIDALGO", "MUNICIPIO": "Tlanchinol", "PUEBLO INDIGENA O AFROMEXICANO": "NAHUA", "LOCALIDAD": "PUEBLO HIDALGO", "CLAVE LOC": 130730019, "TIPO DE ASENTAMIENTO": "COMUNIDAD INDIGENA", "NOMBRE": "PUEBLO HIDALGO", "MONTO ASIGNADO (PESOS)": 1148452, "LATITUD": 21.113624, "LONGITUD": -98.677294 }, "geometry": { "type": "Point", "coordinates": [ -98.677294, 21.113624 ] } },
{ "type": "Feature", "properties": { "NO": 1277, "ENTIDAD": "HIDALGO", "MUNICIPIO": "Tlanchinol", "PUEBLO INDIGENA O AFROMEXICANO": "NAHUA", "LOCALIDAD": "QUETZALTZONGO", "CLAVE LOC": 130730031, "TIPO DE ASENTAMIENTO": "COMUNIDAD INDIGENA", "NOMBRE": "QUETZALTZONGO", "MONTO ASIGNADO (PESOS)": 430621, "LATITUD": 20.93087, "LONGITUD": -98.695656 }, "geometry": { "type": "Point", "coordinates": [ -98.695656, 20.93087 ] } },
{ "type": "Feature", "properties": { "NO": 1278, "ENTIDAD": "HIDALGO", "MUNICIPIO": "Tlanchinol", "PUEBLO INDIGENA O AFROMEXICANO": "NAHUA", "LOCALIDAD": "QUIMIXTLA HULA", "CLAVE LOC": 130730054, "TIPO DE ASENTAMIENTO": "COMUNIDAD INDIGENA", "NOMBRE": "QUIMIXTLA HULA", "MONTO ASIGNADO (PESOS)": 251972, "LATITUD": 21.078151, "LONGITUD": -98.699258 }, "geometry": { "type": "Point", "coordinates": [ -98.699258, 21.078151 ] } },
{ "type": "Feature", "properties": { "NO": 1279, "ENTIDAD": "HIDALGO", "MUNICIPIO": "Tlanchinol", "PUEBLO INDIGENA O AFROMEXICANO": "NAHUA", "LOCALIDAD": "RANCHO NUEVO", "CLAVE LOC": 130730055, "TIPO DE ASENTAMIENTO": "COMUNIDAD INDIGENA", "NOMBRE": "RANCHO NUEVO", "MONTO ASIGNADO (PESOS)": 174368, "LATITUD": 21.072762, "LONGITUD": -98.589933 }, "geometry": { "type": "Point", "coordinates": [ -98.589933, 21.072762 ] } },
{ "type": "Feature", "properties": { "NO": 1280, "ENTIDAD": "HIDALGO", "MUNICIPIO": "Tlanchinol", "PUEBLO INDIGENA O AFROMEXICANO": "NAHUA", "LOCALIDAD": "SAN JOSÉ", "CLAVE LOC": 130730034, "TIPO DE ASENTAMIENTO": "COMUNIDAD INDIGENA", "NOMBRE": "SAN JOSÉ", "MONTO ASIGNADO (PESOS)": 885733, "LATITUD": 21.069108, "LONGITUD": -98.594434 }, "geometry": { "type": "Point", "coordinates": [ -98.594434, 21.069108 ] } },
{ "type": "Feature", "properties": { "NO": 1281, "ENTIDAD": "HIDALGO", "MUNICIPIO": "Tlanchinol", "PUEBLO INDIGENA O AFROMEXICANO": "NAHUA", "LOCALIDAD": "SAN MIGUEL", "CLAVE LOC": 130730035, "TIPO DE ASENTAMIENTO": "COMUNIDAD INDIGENA", "NOMBRE": "SAN MIGUEL", "MONTO ASIGNADO (PESOS)": 133142, "LATITUD": 21.043644, "LONGITUD": -98.658296 }, "geometry": { "type": "Point", "coordinates": [ -98.658296, 21.043644 ] } },
{ "type": "Feature", "properties": { "NO": 1282, "ENTIDAD": "HIDALGO", "MUNICIPIO": "Tlanchinol", "PUEBLO INDIGENA O AFROMEXICANO": "NAHUA", "LOCALIDAD": "SAN SALVADOR", "CLAVE LOC": 130730036, "TIPO DE ASENTAMIENTO": "COMUNIDAD INDIGENA", "NOMBRE": "SAN SALVADOR", "MONTO ASIGNADO (PESOS)": 519542, "LATITUD": 21.01202, "LONGITUD": -98.598449 }, "geometry": { "type": "Point", "coordinates": [ -98.598449, 21.01202 ] } },
{ "type": "Feature", "properties": { "NO": 1283, "ENTIDAD": "HIDALGO", "MUNICIPIO": "Tlanchinol", "PUEBLO INDIGENA O AFROMEXICANO": "NAHUA", "LOCALIDAD": "SANTA LUCÍA", "CLAVE LOC": 130730037, "TIPO DE ASENTAMIENTO": "COMUNIDAD INDIGENA", "NOMBRE": "SANTA LUCÍA", "MONTO ASIGNADO (PESOS)": 639989, "LATITUD": 21.162998, "LONGITUD": -98.706736 }, "geometry": { "type": "Point", "coordinates": [ -98.706736, 21.162998 ] } },
{ "type": "Feature", "properties": { "NO": 1284, "ENTIDAD": "HIDALGO", "MUNICIPIO": "Tlanchinol", "PUEBLO INDIGENA O AFROMEXICANO": "NAHUA", "LOCALIDAD": "SANTA MARÍA CATZOTIPAN (SANTA MARÍA TEPETZINTLA)", "CLAVE LOC": 130730038, "TIPO DE ASENTAMIENTO": "COMUNIDAD INDIGENA", "NOMBRE": "SANTA MARÍA CATZOTIPAN (SANTA MARÍA TEPETZINTLA)", "MONTO ASIGNADO (PESOS)": 2123345, "LATITUD": 21.041589, "LONGITUD": -98.612471 }, "geometry": { "type": "Point", "coordinates": [ -98.612471, 21.041589 ] } },
{ "type": "Feature", "properties": { "NO": 1285, "ENTIDAD": "HIDALGO", "MUNICIPIO": "Tlanchinol", "PUEBLO INDIGENA O AFROMEXICANO": "NAHUA", "LOCALIDAD": "SANTA MARTHA ULA", "CLAVE LOC": 130730049, "TIPO DE ASENTAMIENTO": "COMUNIDAD INDIGENA", "NOMBRE": "SANTA MARTHA ULA", "MONTO ASIGNADO (PESOS)": 289157, "LATITUD": 21.085586, "LONGITUD": -98.710598 }, "geometry": { "type": "Point", "coordinates": [ -98.710598, 21.085586 ] } },
{ "type": "Feature", "properties": { "NO": 1286, "ENTIDAD": "HIDALGO", "MUNICIPIO": "Tlanchinol", "PUEBLO INDIGENA O AFROMEXICANO": "NAHUA", "LOCALIDAD": "TECONTLA", "CLAVE LOC": 130730039, "TIPO DE ASENTAMIENTO": "COMUNIDAD INDIGENA", "NOMBRE": "TECONTLA", "MONTO ASIGNADO (PESOS)": 161434, "LATITUD": 21.022085, "LONGITUD": -98.570114 }, "geometry": { "type": "Point", "coordinates": [ -98.570114, 21.022085 ] } },
{ "type": "Feature", "properties": { "NO": 1287, "ENTIDAD": "HIDALGO", "MUNICIPIO": "Tlanchinol", "PUEBLO INDIGENA O AFROMEXICANO": "NAHUA", "LOCALIDAD": "TEMANGO", "CLAVE LOC": 130730040, "TIPO DE ASENTAMIENTO": "COMUNIDAD INDIGENA", "NOMBRE": "TEMANGO", "MONTO ASIGNADO (PESOS)": 938277, "LATITUD": 21.131474, "LONGITUD": -98.691058 }, "geometry": { "type": "Point", "coordinates": [ -98.691058, 21.131474 ] } },
{ "type": "Feature", "properties": { "NO": 1288, "ENTIDAD": "HIDALGO", "MUNICIPIO": "Tlanchinol", "PUEBLO INDIGENA O AFROMEXICANO": "NAHUA", "LOCALIDAD": "TENANGO", "CLAVE LOC": 130730041, "TIPO DE ASENTAMIENTO": "COMUNIDAD INDIGENA", "NOMBRE": "TENANGO", "MONTO ASIGNADO (PESOS)": 223679, "LATITUD": 21.080486, "LONGITUD": -98.712627 }, "geometry": { "type": "Point", "coordinates": [ -98.712627, 21.080486 ] } },
{ "type": "Feature", "properties": { "NO": 1289, "ENTIDAD": "HIDALGO", "MUNICIPIO": "Tlanchinol", "PUEBLO INDIGENA O AFROMEXICANO": "NAHUA", "LOCALIDAD": "TENEXCO", "CLAVE LOC": 130730042, "TIPO DE ASENTAMIENTO": "COMUNIDAD INDIGENA", "NOMBRE": "TENEXCO", "MONTO ASIGNADO (PESOS)": 329575, "LATITUD": 21.084827, "LONGITUD": -98.725762 }, "geometry": { "type": "Point", "coordinates": [ -98.725762, 21.084827 ] } },
{ "type": "Feature", "properties": { "NO": 1290, "ENTIDAD": "HIDALGO", "MUNICIPIO": "Tlanchinol", "PUEBLO INDIGENA O AFROMEXICANO": "NAHUA", "LOCALIDAD": "TEPEYAC", "CLAVE LOC": 130730043, "TIPO DE ASENTAMIENTO": "COMUNIDAD INDIGENA", "NOMBRE": "TEPEYAC", "MONTO ASIGNADO (PESOS)": 163860, "LATITUD": 21.00794, "LONGITUD": -98.596762 }, "geometry": { "type": "Point", "coordinates": [ -98.596762, 21.00794 ] } },
{ "type": "Feature", "properties": { "NO": 1291, "ENTIDAD": "HIDALGO", "MUNICIPIO": "Tlanchinol", "PUEBLO INDIGENA O AFROMEXICANO": "NAHUA", "LOCALIDAD": "TIANGUIS", "CLAVE LOC": 130730045, "TIPO DE ASENTAMIENTO": "COMUNIDAD INDIGENA", "NOMBRE": "TIANGUIS", "MONTO ASIGNADO (PESOS)": 301282, "LATITUD": 21.031076, "LONGITUD": -98.568333 }, "geometry": { "type": "Point", "coordinates": [ -98.568333, 21.031076 ] } },
{ "type": "Feature", "properties": { "NO": 1292, "ENTIDAD": "HIDALGO", "MUNICIPIO": "Tlanchinol", "PUEBLO INDIGENA O AFROMEXICANO": "NAHUA", "LOCALIDAD": "TIERRA COLORADA", "CLAVE LOC": 130730060, "TIPO DE ASENTAMIENTO": "COMUNIDAD INDIGENA", "NOMBRE": "TIERRA COLORADA", "MONTO ASIGNADO (PESOS)": 363527, "LATITUD": 21.000405, "LONGITUD": -98.606861 }, "geometry": { "type": "Point", "coordinates": [ -98.606861, 21.000405 ] } },
{ "type": "Feature", "properties": { "NO": 1293, "ENTIDAD": "HIDALGO", "MUNICIPIO": "Tlanchinol", "PUEBLO INDIGENA O AFROMEXICANO": "NAHUA", "LOCALIDAD": "TLACOMUL", "CLAVE LOC": 130730120, "TIPO DE ASENTAMIENTO": "COMUNIDAD INDIGENA", "NOMBRE": "TLACOMUL", "MONTO ASIGNADO (PESOS)": 151734, "LATITUD": 21.07973, "LONGITUD": -98.702952 }, "geometry": { "type": "Point", "coordinates": [ -98.702952, 21.07973 ] } },
{ "type": "Feature", "properties": { "NO": 1294, "ENTIDAD": "HIDALGO", "MUNICIPIO": "Tlanchinol", "PUEBLO INDIGENA O AFROMEXICANO": "NAHUA", "LOCALIDAD": "TLAHUELONGO", "CLAVE LOC": 130730059, "TIPO DE ASENTAMIENTO": "COMUNIDAD INDIGENA", "NOMBRE": "TLAHUELONGO", "MONTO ASIGNADO (PESOS)": 200236, "LATITUD": 21.018983, "LONGITUD": -98.572246 }, "geometry": { "type": "Point", "coordinates": [ -98.572246, 21.018983 ] } },
{ "type": "Feature", "properties": { "NO": 1295, "ENTIDAD": "HIDALGO", "MUNICIPIO": "Tlanchinol", "PUEBLO INDIGENA O AFROMEXICANO": "NAHUA", "LOCALIDAD": "TLANCHINOL", "CLAVE LOC": 130730001, "TIPO DE ASENTAMIENTO": "COMUNIDAD INDIGENA", "NOMBRE": "TLANCHINOL", "MONTO ASIGNADO (PESOS)": 543553, "LATITUD": 20.989365, "LONGITUD": -98.660212 }, "geometry": { "type": "Point", "coordinates": [ -98.660212, 20.989365 ] } },
{ "type": "Feature", "properties": { "NO": 1296, "ENTIDAD": "HIDALGO", "MUNICIPIO": "Tlanchinol", "PUEBLO INDIGENA O AFROMEXICANO": "NAHUA", "LOCALIDAD": "TOCTITLÁN", "CLAVE LOC": 130730047, "TIPO DE ASENTAMIENTO": "COMUNIDAD INDIGENA", "NOMBRE": "TOCTITLÁN", "MONTO ASIGNADO (PESOS)": 898666, "LATITUD": 21.010375, "LONGITUD": -98.580337 }, "geometry": { "type": "Point", "coordinates": [ -98.580337, 21.010375 ] } },
{ "type": "Feature", "properties": { "NO": 1297, "ENTIDAD": "HIDALGO", "MUNICIPIO": "Tlanchinol", "PUEBLO INDIGENA O AFROMEXICANO": "NAHUA", "LOCALIDAD": "TOTONICAPA", "CLAVE LOC": 130730048, "TIPO DE ASENTAMIENTO": "COMUNIDAD INDIGENA", "NOMBRE": "TOTONICAPA", "MONTO ASIGNADO (PESOS)": 579602, "LATITUD": 20.947609, "LONGITUD": -98.640547 }, "geometry": { "type": "Point", "coordinates": [ -98.640547, 20.947609 ] } },
{ "type": "Feature", "properties": { "NO": 1298, "ENTIDAD": "HIDALGO", "MUNICIPIO": "Tlanchinol", "PUEBLO INDIGENA O AFROMEXICANO": "NAHUA", "LOCALIDAD": "XALTIPA", "CLAVE LOC": 130730050, "TIPO DE ASENTAMIENTO": "COMUNIDAD INDIGENA", "NOMBRE": "XALTIPA", "MONTO ASIGNADO (PESOS)": 210745, "LATITUD": 21.068252, "LONGITUD": -98.64219 }, "geometry": { "type": "Point", "coordinates": [ -98.64219, 21.068252 ] } },
{ "type": "Feature", "properties": { "NO": 1299, "ENTIDAD": "HIDALGO", "MUNICIPIO": "Tlanchinol", "PUEBLO INDIGENA O AFROMEXICANO": "NAHUA", "LOCALIDAD": "XOCHITITLA", "CLAVE LOC": 130730123, "TIPO DE ASENTAMIENTO": "COMUNIDAD INDIGENA", "NOMBRE": "XOCHITITLA", "MONTO ASIGNADO (PESOS)": 129908, "LATITUD": 20.957598, "LONGITUD": -98.576691 }, "geometry": { "type": "Point", "coordinates": [ -98.576691, 20.957598 ] } },
{ "type": "Feature", "properties": { "NO": 1300, "ENTIDAD": "HIDALGO", "MUNICIPIO": "Tula de Allende", "PUEBLO INDIGENA O AFROMEXICANO": "OTOMÍ", "LOCALIDAD": "EL LLANO", "CLAVE LOC": 130760008, "TIPO DE ASENTAMIENTO": "COMUNIDAD INDIGENA", "NOMBRE": "EL LLANO", "MONTO ASIGNADO (PESOS)": 244696, "LATITUD": 20.057222, "LONGITUD": -99.317222 }, "geometry": { "type": "Point", "coordinates": [ -99.317222, 20.057222 ] } },
{ "type": "Feature", "properties": { "NO": 1301, "ENTIDAD": "HIDALGO", "MUNICIPIO": "Tula de Allende", "PUEBLO INDIGENA O AFROMEXICANO": "OTOMÍ", "LOCALIDAD": "SANTA MARÍA MACUA", "CLAVE LOC": 130760028, "TIPO DE ASENTAMIENTO": "COMUNIDAD INDIGENA", "NOMBRE": "SANTA MARÍA MACUA", "MONTO ASIGNADO (PESOS)": 1973797, "LATITUD": 20.1359, "LONGITUD": -99.475877 }, "geometry": { "type": "Point", "coordinates": [ -99.475877, 20.1359 ] } },
{ "type": "Feature", "properties": { "NO": 1302, "ENTIDAD": "HIDALGO", "MUNICIPIO": "Tula de Allende", "PUEBLO INDIGENA O AFROMEXICANO": "OTOMÍ", "LOCALIDAD": "SANTA MARÍA MICHIMALTONGO", "CLAVE LOC": 130760009, "TIPO DE ASENTAMIENTO": "COMUNIDAD INDIGENA", "NOMBRE": "SANTA MARÍA MICHIMALTONGO", "MONTO ASIGNADO (PESOS)": 239846, "LATITUD": 20.112309, "LONGITUD": -99.386472 }, "geometry": { "type": "Point", "coordinates": [ -99.386472, 20.112309 ] } },
{ "type": "Feature", "properties": { "NO": 1303, "ENTIDAD": "HIDALGO", "MUNICIPIO": "Tula de Allende", "PUEBLO INDIGENA O AFROMEXICANO": "OTOMÍ", "LOCALIDAD": "XITEJE DE LA REFORMA", "CLAVE LOC": 130760015, "TIPO DE ASENTAMIENTO": "COMUNIDAD INDIGENA", "NOMBRE": "XITEJE DE LA REFORMA", "MONTO ASIGNADO (PESOS)": 770944, "LATITUD": 20.142165, "LONGITUD": -99.484669 }, "geometry": { "type": "Point", "coordinates": [ -99.484669, 20.142165 ] } },
{ "type": "Feature", "properties": { "NO": 1304, "ENTIDAD": "HIDALGO", "MUNICIPIO": "Tula de Allende", "PUEBLO INDIGENA O AFROMEXICANO": "OTOMÍ", "LOCALIDAD": "XOCHITLÁN DE LAS FLORES", "CLAVE LOC": 130760032, "TIPO DE ASENTAMIENTO": "COMUNIDAD INDIGENA", "NOMBRE": "XOCHITLÁN DE LAS FLORES", "MONTO ASIGNADO (PESOS)": 1517877, "LATITUD": 20.053631, "LONGITUD": -99.42294 }, "geometry": { "type": "Point", "coordinates": [ -99.42294, 20.053631 ] } },
{ "type": "Feature", "properties": { "NO": 1305, "ENTIDAD": "HIDALGO", "MUNICIPIO": "Tulancingo de Bravo", "PUEBLO INDIGENA O AFROMEXICANO": "OTOMÍ", "LOCALIDAD": "LAGUNA DEL CERRITO", "CLAVE LOC": 130770011, "TIPO DE ASENTAMIENTO": "COMUNIDAD INDIGENA", "NOMBRE": "LAGUNA DEL CERRITO", "MONTO ASIGNADO (PESOS)": 203470, "LATITUD": 20.165486, "LONGITUD": -98.33244 }, "geometry": { "type": "Point", "coordinates": [ -98.33244, 20.165486 ] } },
{ "type": "Feature", "properties": { "NO": 1306, "ENTIDAD": "HIDALGO", "MUNICIPIO": "Tulancingo de Bravo", "PUEBLO INDIGENA O AFROMEXICANO": "OTOMÍ", "LOCALIDAD": "SAN NICOLÁS CEBOLLETAS", "CLAVE LOC": 130770007, "TIPO DE ASENTAMIENTO": "COMUNIDAD INDIGENA", "NOMBRE": "SAN NICOLÁS CEBOLLETAS", "MONTO ASIGNADO (PESOS)": 692533, "LATITUD": 20.160124, "LONGITUD": -98.344048 }, "geometry": { "type": "Point", "coordinates": [ -98.344048, 20.160124 ] } },
{ "type": "Feature", "properties": { "NO": 1307, "ENTIDAD": "HIDALGO", "MUNICIPIO": "Tulancingo de Bravo", "PUEBLO INDIGENA O AFROMEXICANO": "OTOMÍ", "LOCALIDAD": "SANTA ANA HUEYTLALPAN", "CLAVE LOC": 130770018, "TIPO DE ASENTAMIENTO": "COMUNIDAD INDIGENA", "NOMBRE": "SANTA ANA HUEYTLALPAN", "MONTO ASIGNADO (PESOS)": 1619343, "LATITUD": 20.174569, "LONGITUD": -98.310709 }, "geometry": { "type": "Point", "coordinates": [ -98.310709, 20.174569 ] } },
{ "type": "Feature", "properties": { "NO": 1308, "ENTIDAD": "HIDALGO", "MUNICIPIO": "Xochiatipan", "PUEBLO INDIGENA O AFROMEXICANO": "NAHUA", "LOCALIDAD": "ACANOA", "CLAVE LOC": 130780002, "TIPO DE ASENTAMIENTO": "COMUNIDAD INDIGENA", "NOMBRE": "ACANOA", "MONTO ASIGNADO (PESOS)": 560768, "LATITUD": 20.797317, "LONGITUD": -98.269282 }, "geometry": { "type": "Point", "coordinates": [ -98.269282, 20.797317 ] } },
{ "type": "Feature", "properties": { "NO": 1309, "ENTIDAD": "HIDALGO", "MUNICIPIO": "Xochiatipan", "PUEBLO INDIGENA O AFROMEXICANO": "NAHUA", "LOCALIDAD": "ACATIPA", "CLAVE LOC": 130780003, "TIPO DE ASENTAMIENTO": "COMUNIDAD INDIGENA", "NOMBRE": "ACATIPA", "MONTO ASIGNADO (PESOS)": 759245, "LATITUD": 20.915999, "LONGITUD": -98.26334 }, "geometry": { "type": "Point", "coordinates": [ -98.26334, 20.915999 ] } },
{ "type": "Feature", "properties": { "NO": 1310, "ENTIDAD": "HIDALGO", "MUNICIPIO": "Xochiatipan", "PUEBLO INDIGENA O AFROMEXICANO": "NAHUA", "LOCALIDAD": "ACOMUL", "CLAVE LOC": 130780004, "TIPO DE ASENTAMIENTO": "COMUNIDAD INDIGENA", "NOMBRE": "ACOMUL", "MONTO ASIGNADO (PESOS)": 387396, "LATITUD": 20.811389, "LONGITUD": -98.305 }, "geometry": { "type": "Point", "coordinates": [ -98.305, 20.811389 ] } },
{ "type": "Feature", "properties": { "NO": 1311, "ENTIDAD": "HIDALGO", "MUNICIPIO": "Xochiatipan", "PUEBLO INDIGENA O AFROMEXICANO": "NAHUA", "LOCALIDAD": "AHUATITLA (AGUAYO)", "CLAVE LOC": 130780005, "TIPO DE ASENTAMIENTO": "LOCALIDAD CON POBLACION INDIGENA", "NOMBRE": "AHUATITLA (AGUAYO)", "MONTO ASIGNADO (PESOS)": 234133, "LATITUD": 20.881805, "LONGITUD": -98.260575 }, "geometry": { "type": "Point", "coordinates": [ -98.260575, 20.881805 ] } },
{ "type": "Feature", "properties": { "NO": 1312, "ENTIDAD": "HIDALGO", "MUNICIPIO": "Xochiatipan", "PUEBLO INDIGENA O AFROMEXICANO": "NAHUA", "LOCALIDAD": "AMOLO", "CLAVE LOC": 130780006, "TIPO DE ASENTAMIENTO": "COMUNIDAD INDIGENA", "NOMBRE": "AMOLO", "MONTO ASIGNADO (PESOS)": 239846, "LATITUD": 20.860594, "LONGITUD": -98.281508 }, "geometry": { "type": "Point", "coordinates": [ -98.281508, 20.860594 ] } },
{ "type": "Feature", "properties": { "NO": 1313, "ENTIDAD": "HIDALGO", "MUNICIPIO": "Xochiatipan", "PUEBLO INDIGENA O AFROMEXICANO": "NAHUA", "LOCALIDAD": "ATLAJCO", "CLAVE LOC": 130780007, "TIPO DE ASENTAMIENTO": "COMUNIDAD INDIGENA", "NOMBRE": "ATLAJCO", "MONTO ASIGNADO (PESOS)": 438902, "LATITUD": 20.887837, "LONGITUD": -98.293086 }, "geometry": { "type": "Point", "coordinates": [ -98.293086, 20.887837 ] } },
{ "type": "Feature", "properties": { "NO": 1314, "ENTIDAD": "HIDALGO", "MUNICIPIO": "Xochiatipan", "PUEBLO INDIGENA O AFROMEXICANO": "NAHUA", "LOCALIDAD": "ATLALCO", "CLAVE LOC": 130780008, "TIPO DE ASENTAMIENTO": "COMUNIDAD INDIGENA", "NOMBRE": "ATLALCO", "MONTO ASIGNADO (PESOS)": 611008, "LATITUD": 20.818771, "LONGITUD": -98.285572 }, "geometry": { "type": "Point", "coordinates": [ -98.285572, 20.818771 ] } },
{ "type": "Feature", "properties": { "NO": 1315, "ENTIDAD": "HIDALGO", "MUNICIPIO": "Xochiatipan", "PUEBLO INDIGENA O AFROMEXICANO": "NAHUA", "LOCALIDAD": "CHIAPA", "CLAVE LOC": 130780013, "TIPO DE ASENTAMIENTO": "COMUNIDAD INDIGENA", "NOMBRE": "CHIAPA", "MONTO ASIGNADO (PESOS)": 507416, "LATITUD": 20.882455, "LONGITUD": -98.308413 }, "geometry": { "type": "Point", "coordinates": [ -98.308413, 20.882455 ] } },
{ "type": "Feature", "properties": { "NO": 1316, "ENTIDAD": "HIDALGO", "MUNICIPIO": "Xochiatipan", "PUEBLO INDIGENA O AFROMEXICANO": "NAHUA", "LOCALIDAD": "COCOTLA", "CLAVE LOC": 130780010, "TIPO DE ASENTAMIENTO": "COMUNIDAD INDIGENA", "NOMBRE": "COCOTLA", "MONTO ASIGNADO (PESOS)": 457746, "LATITUD": 20.878269, "LONGITUD": -98.298102 }, "geometry": { "type": "Point", "coordinates": [ -98.298102, 20.878269 ] } },
{ "type": "Feature", "properties": { "NO": 1317, "ENTIDAD": "HIDALGO", "MUNICIPIO": "Xochiatipan", "PUEBLO INDIGENA O AFROMEXICANO": "NAHUA", "LOCALIDAD": "CRUZHICA", "CLAVE LOC": 130780011, "TIPO DE ASENTAMIENTO": "COMUNIDAD INDIGENA", "NOMBRE": "CRUZHICA", "MONTO ASIGNADO (PESOS)": 467806, "LATITUD": 20.870815, "LONGITUD": -98.282014 }, "geometry": { "type": "Point", "coordinates": [ -98.282014, 20.870815 ] } },
{ "type": "Feature", "properties": { "NO": 1318, "ENTIDAD": "HIDALGO", "MUNICIPIO": "Xochiatipan", "PUEBLO INDIGENA O AFROMEXICANO": "NAHUA", "LOCALIDAD": "EL ZAPOTE", "CLAVE LOC": 130780030, "TIPO DE ASENTAMIENTO": "LOCALIDAD CON POBLACION INDIGENA", "NOMBRE": "EL ZAPOTE", "MONTO ASIGNADO (PESOS)": 608496, "LATITUD": 20.793621, "LONGITUD": -98.259879 }, "geometry": { "type": "Point", "coordinates": [ -98.259879, 20.793621 ] } },
{ "type": "Feature", "properties": { "NO": 1319, "ENTIDAD": "HIDALGO", "MUNICIPIO": "Xochiatipan", "PUEBLO INDIGENA O AFROMEXICANO": "NAHUA", "LOCALIDAD": "HUEYAJTETL", "CLAVE LOC": 130780041, "TIPO DE ASENTAMIENTO": "COMUNIDAD INDIGENA", "NOMBRE": "HUEYAJTETL", "MONTO ASIGNADO (PESOS)": 247952, "LATITUD": 20.807986, "LONGITUD": -98.242666 }, "geometry": { "type": "Point", "coordinates": [ -98.242666, 20.807986 ] } },
{ "type": "Feature", "properties": { "NO": 1320, "ENTIDAD": "HIDALGO", "MUNICIPIO": "Xochiatipan", "PUEBLO INDIGENA O AFROMEXICANO": "NAHUA", "LOCALIDAD": "IXTACZOQUICO", "CLAVE LOC": 130780014, "TIPO DE ASENTAMIENTO": "COMUNIDAD INDIGENA", "NOMBRE": "IXTACZOQUICO", "MONTO ASIGNADO (PESOS)": 1170039, "LATITUD": 20.910533, "LONGITUD": -98.264901 }, "geometry": { "type": "Point", "coordinates": [ -98.264901, 20.910533 ] } },
{ "type": "Feature", "properties": { "NO": 1321, "ENTIDAD": "HIDALGO", "MUNICIPIO": "Xochiatipan", "PUEBLO INDIGENA O AFROMEXICANO": "NAHUA", "LOCALIDAD": "IXTAKUATITLA", "CLAVE LOC": 130780034, "TIPO DE ASENTAMIENTO": "COMUNIDAD INDIGENA", "NOMBRE": "IXTAKUATITLA", "MONTO ASIGNADO (PESOS)": 221254, "LATITUD": 20.816089, "LONGITUD": -98.291629 }, "geometry": { "type": "Point", "coordinates": [ -98.291629, 20.816089 ] } },
{ "type": "Feature", "properties": { "NO": 1322, "ENTIDAD": "HIDALGO", "MUNICIPIO": "Xochiatipan", "PUEBLO INDIGENA O AFROMEXICANO": "NAHUA", "LOCALIDAD": "LINDA VISTA", "CLAVE LOC": 130780052, "TIPO DE ASENTAMIENTO": "COMUNIDAD INDIGENA", "NOMBRE": "LINDA VISTA", "MONTO ASIGNADO (PESOS)": 193769, "LATITUD": 20.896968, "LONGITUD": -98.276427 }, "geometry": { "type": "Point", "coordinates": [ -98.276427, 20.896968 ] } },
{ "type": "Feature", "properties": { "NO": 1323, "ENTIDAD": "HIDALGO", "MUNICIPIO": "Xochiatipan", "PUEBLO INDIGENA O AFROMEXICANO": "NAHUA", "LOCALIDAD": "NANAYATLA", "CLAVE LOC": 130780016, "TIPO DE ASENTAMIENTO": "LOCALIDAD CON POBLACION INDIGENA", "NOMBRE": "NANAYATLA", "MONTO ASIGNADO (PESOS)": 450022, "LATITUD": 20.824124, "LONGITUD": -98.261672 }, "geometry": { "type": "Point", "coordinates": [ -98.261672, 20.824124 ] } },
{ "type": "Feature", "properties": { "NO": 1324, "ENTIDAD": "HIDALGO", "MUNICIPIO": "Xochiatipan", "PUEBLO INDIGENA O AFROMEXICANO": "NAHUA", "LOCALIDAD": "NUEVO ACATEPEC (MEZCALAPA)", "CLAVE LOC": 130780033, "TIPO DE ASENTAMIENTO": "COMUNIDAD INDIGENA", "NOMBRE": "NUEVO ACATEPEC (MEZCALAPA)", "MONTO ASIGNADO (PESOS)": 230146, "LATITUD": 20.927368, "LONGITUD": -98.293357 }, "geometry": { "type": "Point", "coordinates": [ -98.293357, 20.927368 ] } },
{ "type": "Feature", "properties": { "NO": 1325, "ENTIDAD": "HIDALGO", "MUNICIPIO": "Xochiatipan", "PUEBLO INDIGENA O AFROMEXICANO": "NAHUA", "LOCALIDAD": "NUEVO COYOLAR", "CLAVE LOC": 130780032, "TIPO DE ASENTAMIENTO": "COMUNIDAD INDIGENA", "NOMBRE": "NUEVO COYOLAR", "MONTO ASIGNADO (PESOS)": 412521, "LATITUD": 20.901766, "LONGITUD": -98.301436 }, "geometry": { "type": "Point", "coordinates": [ -98.301436, 20.901766 ] } },
{ "type": "Feature", "properties": { "NO": 1326, "ENTIDAD": "HIDALGO", "MUNICIPIO": "Xochiatipan", "PUEBLO INDIGENA O AFROMEXICANO": "NAHUA", "LOCALIDAD": "OHUATIPA", "CLAVE LOC": 130780017, "TIPO DE ASENTAMIENTO": "COMUNIDAD INDIGENA", "NOMBRE": "OHUATIPA", "MONTO ASIGNADO (PESOS)": 2980295, "LATITUD": 20.892525, "LONGITUD": -98.26208 }, "geometry": { "type": "Point", "coordinates": [ -98.26208, 20.892525 ] } },
{ "type": "Feature", "properties": { "NO": 1327, "ENTIDAD": "HIDALGO", "MUNICIPIO": "Xochiatipan", "PUEBLO INDIGENA O AFROMEXICANO": "NAHUA", "LOCALIDAD": "PACHIQUITLA", "CLAVE LOC": 130780018, "TIPO DE ASENTAMIENTO": "COMUNIDAD INDIGENA", "NOMBRE": "PACHIQUITLA", "MONTO ASIGNADO (PESOS)": 1536864, "LATITUD": 20.846494, "LONGITUD": -98.333652 }, "geometry": { "type": "Point", "coordinates": [ -98.333652, 20.846494 ] } },
{ "type": "Feature", "properties": { "NO": 1328, "ENTIDAD": "HIDALGO", "MUNICIPIO": "Xochiatipan", "PUEBLO INDIGENA O AFROMEXICANO": "NAHUA", "LOCALIDAD": "PESMAYO", "CLAVE LOC": 130780019, "TIPO DE ASENTAMIENTO": "COMUNIDAD INDIGENA", "NOMBRE": "PESMAYO", "MONTO ASIGNADO (PESOS)": 489632, "LATITUD": 20.825058, "LONGITUD": -98.288308 }, "geometry": { "type": "Point", "coordinates": [ -98.288308, 20.825058 ] } },
{ "type": "Feature", "properties": { "NO": 1329, "ENTIDAD": "HIDALGO", "MUNICIPIO": "Xochiatipan", "PUEBLO INDIGENA O AFROMEXICANO": "NAHUA", "LOCALIDAD": "POCANTLA", "CLAVE LOC": 130780020, "TIPO DE ASENTAMIENTO": "COMUNIDAD INDIGENA", "NOMBRE": "POCANTLA", "MONTO ASIGNADO (PESOS)": 568044, "LATITUD": 20.843761, "LONGITUD": -98.311758 }, "geometry": { "type": "Point", "coordinates": [ -98.311758, 20.843761 ] } },
{ "type": "Feature", "properties": { "NO": 1330, "ENTIDAD": "HIDALGO", "MUNICIPIO": "Xochiatipan", "PUEBLO INDIGENA O AFROMEXICANO": "NAHUA", "LOCALIDAD": "POHUANTITLA", "CLAVE LOC": 130780021, "TIPO DE ASENTAMIENTO": "LOCALIDAD CON POBLACION INDIGENA", "NOMBRE": "POHUANTITLA", "MONTO ASIGNADO (PESOS)": 560768, "LATITUD": 20.868383, "LONGITUD": -98.311672 }, "geometry": { "type": "Point", "coordinates": [ -98.311672, 20.868383 ] } },
{ "type": "Feature", "properties": { "NO": 1331, "ENTIDAD": "HIDALGO", "MUNICIPIO": "Xochiatipan", "PUEBLO INDIGENA O AFROMEXICANO": "NAHUA", "LOCALIDAD": "SAN MIGUEL", "CLAVE LOC": 130780047, "TIPO DE ASENTAMIENTO": "COMUNIDAD INDIGENA", "NOMBRE": "SAN MIGUEL", "MONTO ASIGNADO (PESOS)": 279358, "LATITUD": 20.894583, "LONGITUD": -98.257918 }, "geometry": { "type": "Point", "coordinates": [ -98.257918, 20.894583 ] } },
{ "type": "Feature", "properties": { "NO": 1332, "ENTIDAD": "HIDALGO", "MUNICIPIO": "Xochiatipan", "PUEBLO INDIGENA O AFROMEXICANO": "NAHUA", "LOCALIDAD": "SAN MIGUEL", "CLAVE LOC": 130780048, "TIPO DE ASENTAMIENTO": "LOCALIDAD CON POBLACION INDIGENA", "NOMBRE": "SAN MIGUEL", "MONTO ASIGNADO (PESOS)": 491664, "LATITUD": 20.862036, "LONGITUD": -98.294822 }, "geometry": { "type": "Point", "coordinates": [ -98.294822, 20.862036 ] } },
{ "type": "Feature", "properties": { "NO": 1333, "ENTIDAD": "HIDALGO", "MUNICIPIO": "Xochiatipan", "PUEBLO INDIGENA O AFROMEXICANO": "NAHUA", "LOCALIDAD": "SANTIAGO I", "CLAVE LOC": 130780031, "TIPO DE ASENTAMIENTO": "COMUNIDAD INDIGENA", "NOMBRE": "SANTIAGO I", "MONTO ASIGNADO (PESOS)": 279358, "LATITUD": 20.842223, "LONGITUD": -98.271092 }, "geometry": { "type": "Point", "coordinates": [ -98.271092, 20.842223 ] } },
{ "type": "Feature", "properties": { "NO": 1334, "ENTIDAD": "HIDALGO", "MUNICIPIO": "Xochiatipan", "PUEBLO INDIGENA O AFROMEXICANO": "NAHUA", "LOCALIDAD": "SANTIAGO II", "CLAVE LOC": 130780022, "TIPO DE ASENTAMIENTO": "COMUNIDAD INDIGENA", "NOMBRE": "SANTIAGO II", "MONTO ASIGNADO (PESOS)": 729095, "LATITUD": 20.845745, "LONGITUD": -98.268336 }, "geometry": { "type": "Point", "coordinates": [ -98.268336, 20.845745 ] } },
{ "type": "Feature", "properties": { "NO": 1335, "ENTIDAD": "HIDALGO", "MUNICIPIO": "Xochiatipan", "PUEBLO INDIGENA O AFROMEXICANO": "NAHUA", "LOCALIDAD": "TECOPIA", "CLAVE LOC": 130780023, "TIPO DE ASENTAMIENTO": "COMUNIDAD INDIGENA", "NOMBRE": "TECOPIA", "MONTO ASIGNADO (PESOS)": 471564, "LATITUD": 20.888511, "LONGITUD": -98.284184 }, "geometry": { "type": "Point", "coordinates": [ -98.284184, 20.888511 ] } },
{ "type": "Feature", "properties": { "NO": 1336, "ENTIDAD": "HIDALGO", "MUNICIPIO": "Xochiatipan", "PUEBLO INDIGENA O AFROMEXICANO": "NAHUA", "LOCALIDAD": "TENEXHUEYAC", "CLAVE LOC": 130780024, "TIPO DE ASENTAMIENTO": "COMUNIDAD INDIGENA", "NOMBRE": "TENEXHUEYAC", "MONTO ASIGNADO (PESOS)": 434663, "LATITUD": 20.873384, "LONGITUD": -98.274366 }, "geometry": { "type": "Point", "coordinates": [ -98.274366, 20.873384 ] } },
{ "type": "Feature", "properties": { "NO": 1337, "ENTIDAD": "HIDALGO", "MUNICIPIO": "Xochiatipan", "PUEBLO INDIGENA O AFROMEXICANO": "NAHUA", "LOCALIDAD": "TEXOLOC", "CLAVE LOC": 130780025, "TIPO DE ASENTAMIENTO": "COMUNIDAD INDIGENA", "NOMBRE": "TEXOLOC", "MONTO ASIGNADO (PESOS)": 765286, "LATITUD": 20.917222, "LONGITUD": -98.253889 }, "geometry": { "type": "Point", "coordinates": [ -98.253889, 20.917222 ] } },
{ "type": "Feature", "properties": { "NO": 1338, "ENTIDAD": "HIDALGO", "MUNICIPIO": "Xochiatipan", "PUEBLO INDIGENA O AFROMEXICANO": "NAHUA", "LOCALIDAD": "TLALTECATLA", "CLAVE LOC": 130780026, "TIPO DE ASENTAMIENTO": "COMUNIDAD INDIGENA", "NOMBRE": "TLALTECATLA", "MONTO ASIGNADO (PESOS)": 1089639, "LATITUD": 20.86462, "LONGITUD": -98.285309 }, "geometry": { "type": "Point", "coordinates": [ -98.285309, 20.86462 ] } },
{ "type": "Feature", "properties": { "NO": 1339, "ENTIDAD": "HIDALGO", "MUNICIPIO": "Xochiatipan", "PUEBLO INDIGENA O AFROMEXICANO": "NAHUA", "LOCALIDAD": "XILICO", "CLAVE LOC": 130780027, "TIPO DE ASENTAMIENTO": "COMUNIDAD INDIGENA", "NOMBRE": "XILICO", "MONTO ASIGNADO (PESOS)": 513021, "LATITUD": 20.794919, "LONGITUD": -98.252989 }, "geometry": { "type": "Point", "coordinates": [ -98.252989, 20.794919 ] } },
{ "type": "Feature", "properties": { "NO": 1340, "ENTIDAD": "HIDALGO", "MUNICIPIO": "Xochiatipan", "PUEBLO INDIGENA O AFROMEXICANO": "NAHUA", "LOCALIDAD": "XOCHIATIPAN", "CLAVE LOC": 130780001, "TIPO DE ASENTAMIENTO": "COMUNIDAD INDIGENA", "NOMBRE": "XOCHIATIPAN", "MONTO ASIGNADO (PESOS)": 115357, "LATITUD": 20.835483, "LONGITUD": -98.284531 }, "geometry": { "type": "Point", "coordinates": [ -98.284531, 20.835483 ] } },
{ "type": "Feature", "properties": { "NO": 1341, "ENTIDAD": "HIDALGO", "MUNICIPIO": "Xochiatipan", "PUEBLO INDIGENA O AFROMEXICANO": "NAHUA", "LOCALIDAD": "XÓCHITL", "CLAVE LOC": 130780038, "TIPO DE ASENTAMIENTO": "COMUNIDAD INDIGENA", "NOMBRE": "XÓCHITL", "MONTO ASIGNADO (PESOS)": 232571, "LATITUD": 20.904407, "LONGITUD": -98.28049 }, "geometry": { "type": "Point", "coordinates": [ -98.28049, 20.904407 ] } },
{ "type": "Feature", "properties": { "NO": 1342, "ENTIDAD": "HIDALGO", "MUNICIPIO": "Xochiatipan", "PUEBLO INDIGENA O AFROMEXICANO": "NAHUA", "LOCALIDAD": "XOCOTITLA", "CLAVE LOC": 130780028, "TIPO DE ASENTAMIENTO": "COMUNIDAD INDIGENA", "NOMBRE": "XOCOTITLA", "MONTO ASIGNADO (PESOS)": 804067, "LATITUD": 20.812074, "LONGITUD": -98.295921 }, "geometry": { "type": "Point", "coordinates": [ -98.295921, 20.812074 ] } },
{ "type": "Feature", "properties": { "NO": 1343, "ENTIDAD": "HIDALGO", "MUNICIPIO": "Xochiatipan", "PUEBLO INDIGENA O AFROMEXICANO": "NAHUA", "LOCALIDAD": "ZACATLÁN", "CLAVE LOC": 130780029, "TIPO DE ASENTAMIENTO": "COMUNIDAD INDIGENA", "NOMBRE": "ZACATLÁN", "MONTO ASIGNADO (PESOS)": 407987, "LATITUD": 20.820603, "LONGITUD": -98.274113 }, "geometry": { "type": "Point", "coordinates": [ -98.274113, 20.820603 ] } },
{ "type": "Feature", "properties": { "NO": 1344, "ENTIDAD": "HIDALGO", "MUNICIPIO": "Xochiatipan", "PUEBLO INDIGENA O AFROMEXICANO": "NAHUA", "LOCALIDAD": "SANJUANANEXOOHUATIPA", "CLAVE LOC": 130780000, "TIPO DE ASENTAMIENTO": "COMUNIDAD INDIGENA", "NOMBRE": "SANJUANANEXOOHUATIPA", "MONTO ASIGNADO (PESOS)": 84639, "LATITUD": 20.893875, "LONGITUD": -98.27125 }, "geometry": { "type": "Point", "coordinates": [ -98.27125, 20.893875 ] } },
{ "type": "Feature", "properties": { "NO": 1345, "ENTIDAD": "HIDALGO", "MUNICIPIO": "Yahualica", "PUEBLO INDIGENA O AFROMEXICANO": "NAHUA", "LOCALIDAD": "ACALAMATITLA", "CLAVE LOC": 130800028, "TIPO DE ASENTAMIENTO": "COMUNIDAD INDIGENA", "NOMBRE": "ACALAMATITLA", "MONTO ASIGNADO (PESOS)": 290773, "LATITUD": 20.965248, "LONGITUD": -98.401262 }, "geometry": { "type": "Point", "coordinates": [ -98.401262, 20.965248 ] } },
{ "type": "Feature", "properties": { "NO": 1346, "ENTIDAD": "HIDALGO", "MUNICIPIO": "Yahualica", "PUEBLO INDIGENA O AFROMEXICANO": "NAHUA", "LOCALIDAD": "AGUACATITLA", "CLAVE LOC": 130800002, "TIPO DE ASENTAMIENTO": "COMUNIDAD INDIGENA", "NOMBRE": "AGUACATITLA", "MONTO ASIGNADO (PESOS)": 504991, "LATITUD": 20.861519, "LONGITUD": -98.428707 }, "geometry": { "type": "Point", "coordinates": [ -98.428707, 20.861519 ] } },
{ "type": "Feature", "properties": { "NO": 1347, "ENTIDAD": "HIDALGO", "MUNICIPIO": "Yahualica", "PUEBLO INDIGENA O AFROMEXICANO": "NAHUA", "LOCALIDAD": "ATLAJCO", "CLAVE LOC": 130800004, "TIPO DE ASENTAMIENTO": "COMUNIDAD INDIGENA", "NOMBRE": "ATLAJCO", "MONTO ASIGNADO (PESOS)": 536104, "LATITUD": 20.909139, "LONGITUD": -98.348801 }, "geometry": { "type": "Point", "coordinates": [ -98.348801, 20.909139 ] } },
{ "type": "Feature", "properties": { "NO": 1348, "ENTIDAD": "HIDALGO", "MUNICIPIO": "Yahualica", "PUEBLO INDIGENA O AFROMEXICANO": "NAHUA", "LOCALIDAD": "ATLALCO", "CLAVE LOC": 130800005, "TIPO DE ASENTAMIENTO": "COMUNIDAD INDIGENA", "NOMBRE": "ATLALCO", "MONTO ASIGNADO (PESOS)": 937633, "LATITUD": 20.914913, "LONGITUD": -98.330137 }, "geometry": { "type": "Point", "coordinates": [ -98.330137, 20.914913 ] } },
{ "type": "Feature", "properties": { "NO": 1349, "ENTIDAD": "HIDALGO", "MUNICIPIO": "Yahualica", "PUEBLO INDIGENA O AFROMEXICANO": "NAHUA", "LOCALIDAD": "CHIATITLA", "CLAVE LOC": 130800007, "TIPO DE ASENTAMIENTO": "COMUNIDAD INDIGENA", "NOMBRE": "CHIATITLA", "MONTO ASIGNADO (PESOS)": 768039, "LATITUD": 20.905205, "LONGITUD": -98.33316 }, "geometry": { "type": "Point", "coordinates": [ -98.33316, 20.905205 ] } },
{ "type": "Feature", "properties": { "NO": 1350, "ENTIDAD": "HIDALGO", "MUNICIPIO": "Yahualica", "PUEBLO INDIGENA O AFROMEXICANO": "NAHUA", "LOCALIDAD": "CHOMPELETLA", "CLAVE LOC": 130800006, "TIPO DE ASENTAMIENTO": "COMUNIDAD INDIGENA", "NOMBRE": "CHOMPELETLA", "MONTO ASIGNADO (PESOS)": 443927, "LATITUD": 20.893333, "LONGITUD": -98.371666 }, "geometry": { "type": "Point", "coordinates": [ -98.371666, 20.893333 ] } },
{ "type": "Feature", "properties": { "NO": 1351, "ENTIDAD": "HIDALGO", "MUNICIPIO": "Yahualica", "PUEBLO INDIGENA O AFROMEXICANO": "NAHUA", "LOCALIDAD": "CRISOLCO", "CLAVE LOC": 130800029, "TIPO DE ASENTAMIENTO": "COMUNIDAD INDIGENA", "NOMBRE": "CRISOLCO", "MONTO ASIGNADO (PESOS)": 629852, "LATITUD": 20.874057, "LONGITUD": -98.339823 }, "geometry": { "type": "Point", "coordinates": [ -98.339823, 20.874057 ] } },
{ "type": "Feature", "properties": { "NO": 1352, "ENTIDAD": "HIDALGO", "MUNICIPIO": "Yahualica", "PUEBLO INDIGENA O AFROMEXICANO": "NAHUA", "LOCALIDAD": "EL ARENAL", "CLAVE LOC": 130800003, "TIPO DE ASENTAMIENTO": "COMUNIDAD INDIGENA", "NOMBRE": "EL ARENAL", "MONTO ASIGNADO (PESOS)": 566427, "LATITUD": 20.91, "LONGITUD": -98.387222 }, "geometry": { "type": "Point", "coordinates": [ -98.387222, 20.91 ] } },
{ "type": "Feature", "properties": { "NO": 1353, "ENTIDAD": "HIDALGO", "MUNICIPIO": "Yahualica", "PUEBLO INDIGENA O AFROMEXICANO": "NAHUA", "LOCALIDAD": "EL PARAJE", "CLAVE LOC": 130800031, "TIPO DE ASENTAMIENTO": "COMUNIDAD INDIGENA", "NOMBRE": "EL PARAJE", "MONTO ASIGNADO (PESOS)": 245439, "LATITUD": 20.921877, "LONGITUD": -98.329747 }, "geometry": { "type": "Point", "coordinates": [ -98.329747, 20.921877 ] } },
{ "type": "Feature", "properties": { "NO": 1354, "ENTIDAD": "HIDALGO", "MUNICIPIO": "Yahualica", "PUEBLO INDIGENA O AFROMEXICANO": "NAHUA", "LOCALIDAD": "HUEXOAPA", "CLAVE LOC": 130800030, "TIPO DE ASENTAMIENTO": "COMUNIDAD INDIGENA", "NOMBRE": "HUEXOAPA", "MONTO ASIGNADO (PESOS)": 224487, "LATITUD": 20.864638, "LONGITUD": -98.437858 }, "geometry": { "type": "Point", "coordinates": [ -98.437858, 20.864638 ] } },
{ "type": "Feature", "properties": { "NO": 1355, "ENTIDAD": "HIDALGO", "MUNICIPIO": "Yahualica", "PUEBLO INDIGENA O AFROMEXICANO": "NAHUA", "LOCALIDAD": "HUEYACTÉTL", "CLAVE LOC": 130800008, "TIPO DE ASENTAMIENTO": "COMUNIDAD INDIGENA", "NOMBRE": "HUEYACTÉTL", "MONTO ASIGNADO (PESOS)": 178410, "LATITUD": 20.965678, "LONGITUD": -98.400168 }, "geometry": { "type": "Point", "coordinates": [ -98.400168, 20.965678 ] } },
{ "type": "Feature", "properties": { "NO": 1356, "ENTIDAD": "HIDALGO", "MUNICIPIO": "Yahualica", "PUEBLO INDIGENA O AFROMEXICANO": "NAHUA", "LOCALIDAD": "HUITZNOPALA", "CLAVE LOC": 130800009, "TIPO DE ASENTAMIENTO": "COMUNIDAD INDIGENA", "NOMBRE": "HUITZNOPALA", "MONTO ASIGNADO (PESOS)": 161434, "LATITUD": 20.915339, "LONGITUD": -98.415143 }, "geometry": { "type": "Point", "coordinates": [ -98.415143, 20.915339 ] } },
{ "type": "Feature", "properties": { "NO": 1357, "ENTIDAD": "HIDALGO", "MUNICIPIO": "Yahualica", "PUEBLO INDIGENA O AFROMEXICANO": "NAHUA", "LOCALIDAD": "LOS NARANJOS", "CLAVE LOC": 130800013, "TIPO DE ASENTAMIENTO": "COMUNIDAD INDIGENA", "NOMBRE": "LOS NARANJOS", "MONTO ASIGNADO (PESOS)": 281073, "LATITUD": 20.897633, "LONGITUD": -98.430445 }, "geometry": { "type": "Point", "coordinates": [ -98.430445, 20.897633 ] } },
{ "type": "Feature", "properties": { "NO": 1358, "ENTIDAD": "HIDALGO", "MUNICIPIO": "Yahualica", "PUEBLO INDIGENA O AFROMEXICANO": "NAHUA", "LOCALIDAD": "MANGOCUATITLA", "CLAVE LOC": 130800010, "TIPO DE ASENTAMIENTO": "COMUNIDAD INDIGENA", "NOMBRE": "MANGOCUATITLA", "MONTO ASIGNADO (PESOS)": 426339, "LATITUD": 20.906369, "LONGITUD": -98.339684 }, "geometry": { "type": "Point", "coordinates": [ -98.339684, 20.906369 ] } },
{ "type": "Feature", "properties": { "NO": 1359, "ENTIDAD": "HIDALGO", "MUNICIPIO": "Yahualica", "PUEBLO INDIGENA O AFROMEXICANO": "NAHUA", "LOCALIDAD": "MECATLÁN", "CLAVE LOC": 130800011, "TIPO DE ASENTAMIENTO": "COMUNIDAD INDIGENA", "NOMBRE": "MECATLÁN", "MONTO ASIGNADO (PESOS)": 1766046, "LATITUD": 20.934682, "LONGITUD": -98.402453 }, "geometry": { "type": "Point", "coordinates": [ -98.402453, 20.934682 ] } },
{ "type": "Feature", "properties": { "NO": 1360, "ENTIDAD": "HIDALGO", "MUNICIPIO": "Yahualica", "PUEBLO INDIGENA O AFROMEXICANO": "NAHUA", "LOCALIDAD": "MESA LARGA", "CLAVE LOC": 130800012, "TIPO DE ASENTAMIENTO": "COMUNIDAD INDIGENA", "NOMBRE": "MESA LARGA", "MONTO ASIGNADO (PESOS)": 399095, "LATITUD": 20.942582, "LONGITUD": -98.414149 }, "geometry": { "type": "Point", "coordinates": [ -98.414149, 20.942582 ] } },
{ "type": "Feature", "properties": { "NO": 1361, "ENTIDAD": "HIDALGO", "MUNICIPIO": "Yahualica", "PUEBLO INDIGENA O AFROMEXICANO": "NAHUA", "LOCALIDAD": "OLMA", "CLAVE LOC": 130800015, "TIPO DE ASENTAMIENTO": "COMUNIDAD INDIGENA", "NOMBRE": "OLMA", "MONTO ASIGNADO (PESOS)": 239158, "LATITUD": 20.933401, "LONGITUD": -98.387171 }, "geometry": { "type": "Point", "coordinates": [ -98.387171, 20.933401 ] } },
{ "type": "Feature", "properties": { "NO": 1362, "ENTIDAD": "HIDALGO", "MUNICIPIO": "Yahualica", "PUEBLO INDIGENA O AFROMEXICANO": "NAHUA", "LOCALIDAD": "OXELOCO", "CLAVE LOC": 130800014, "TIPO DE ASENTAMIENTO": "COMUNIDAD INDIGENA", "NOMBRE": "OXELOCO", "MONTO ASIGNADO (PESOS)": 1481589, "LATITUD": 20.919411, "LONGITUD": -98.325849 }, "geometry": { "type": "Point", "coordinates": [ -98.325849, 20.919411 ] } },
{ "type": "Feature", "properties": { "NO": 1363, "ENTIDAD": "HIDALGO", "MUNICIPIO": "Yahualica", "PUEBLO INDIGENA O AFROMEXICANO": "NAHUA", "LOCALIDAD": "PEPEYOCATITLA", "CLAVE LOC": 130800016, "TIPO DE ASENTAMIENTO": "COMUNIDAD INDIGENA", "NOMBRE": "PEPEYOCATITLA", "MONTO ASIGNADO (PESOS)": 959294, "LATITUD": 20.914481, "LONGITUD": -98.39612 }, "geometry": { "type": "Point", "coordinates": [ -98.39612, 20.914481 ] } },
{ "type": "Feature", "properties": { "NO": 1364, "ENTIDAD": "HIDALGO", "MUNICIPIO": "Yahualica", "PUEBLO INDIGENA O AFROMEXICANO": "NAHUA", "LOCALIDAD": "SANTA TERESA", "CLAVE LOC": 130800017, "TIPO DE ASENTAMIENTO": "COMUNIDAD INDIGENA", "NOMBRE": "SANTA TERESA", "MONTO ASIGNADO (PESOS)": 6289257, "LATITUD": 20.890503, "LONGITUD": -98.38355 }, "geometry": { "type": "Point", "coordinates": [ -98.38355, 20.890503 ] } },
{ "type": "Feature", "properties": { "NO": 1365, "ENTIDAD": "HIDALGO", "MUNICIPIO": "Yahualica", "PUEBLO INDIGENA O AFROMEXICANO": "NAHUA", "LOCALIDAD": "TAMALCUATITLA", "CLAVE LOC": 130800018, "TIPO DE ASENTAMIENTO": "COMUNIDAD INDIGENA", "NOMBRE": "TAMALCUATITLA", "MONTO ASIGNADO (PESOS)": 582114, "LATITUD": 20.926196, "LONGITUD": -98.353138 }, "geometry": { "type": "Point", "coordinates": [ -98.353138, 20.926196 ] } },
{ "type": "Feature", "properties": { "NO": 1366, "ENTIDAD": "HIDALGO", "MUNICIPIO": "Yahualica", "PUEBLO INDIGENA O AFROMEXICANO": "NAHUA", "LOCALIDAD": "TECACALAX", "CLAVE LOC": 130800034, "TIPO DE ASENTAMIENTO": "COMUNIDAD INDIGENA", "NOMBRE": "TECACALAX", "MONTO ASIGNADO (PESOS)": 247952, "LATITUD": 20.871822, "LONGITUD": -98.375902 }, "geometry": { "type": "Point", "coordinates": [ -98.375902, 20.871822 ] } },
{ "type": "Feature", "properties": { "NO": 1367, "ENTIDAD": "HIDALGO", "MUNICIPIO": "Yahualica", "PUEBLO INDIGENA O AFROMEXICANO": "NAHUA", "LOCALIDAD": "TENAMAXTEPEC", "CLAVE LOC": 130800019, "TIPO DE ASENTAMIENTO": "COMUNIDAD INDIGENA", "NOMBRE": "TENAMAXTEPEC", "MONTO ASIGNADO (PESOS)": 1159989, "LATITUD": 20.883383, "LONGITUD": -98.362353 }, "geometry": { "type": "Point", "coordinates": [ -98.362353, 20.883383 ] } },
{ "type": "Feature", "properties": { "NO": 1368, "ENTIDAD": "HIDALGO", "MUNICIPIO": "Yahualica", "PUEBLO INDIGENA O AFROMEXICANO": "NAHUA", "LOCALIDAD": "TEPEHIXPA", "CLAVE LOC": 130800020, "TIPO DE ASENTAMIENTO": "COMUNIDAD INDIGENA", "NOMBRE": "TEPEHIXPA", "MONTO ASIGNADO (PESOS)": 577089, "LATITUD": 20.901162, "LONGITUD": -98.342677 }, "geometry": { "type": "Point", "coordinates": [ -98.342677, 20.901162 ] } },
{ "type": "Feature", "properties": { "NO": 1369, "ENTIDAD": "HIDALGO", "MUNICIPIO": "Yahualica", "PUEBLO INDIGENA O AFROMEXICANO": "NAHUA", "LOCALIDAD": "TEPETITLA", "CLAVE LOC": 130800021, "TIPO DE ASENTAMIENTO": "COMUNIDAD INDIGENA", "NOMBRE": "TEPETITLA", "MONTO ASIGNADO (PESOS)": 1091058, "LATITUD": 20.962019, "LONGITUD": -98.38326 }, "geometry": { "type": "Point", "coordinates": [ -98.38326, 20.962019 ] } },
{ "type": "Feature", "properties": { "NO": 1370, "ENTIDAD": "HIDALGO", "MUNICIPIO": "Yahualica", "PUEBLO INDIGENA O AFROMEXICANO": "NAHUA", "LOCALIDAD": "TETLA", "CLAVE LOC": 130800022, "TIPO DE ASENTAMIENTO": "COMUNIDAD INDIGENA", "NOMBRE": "TETLA", "MONTO ASIGNADO (PESOS)": 658746, "LATITUD": 20.920703, "LONGITUD": -98.35928 }, "geometry": { "type": "Point", "coordinates": [ -98.35928, 20.920703 ] } },
{ "type": "Feature", "properties": { "NO": 1371, "ENTIDAD": "HIDALGO", "MUNICIPIO": "Yahualica", "PUEBLO INDIGENA O AFROMEXICANO": "NAHUA", "LOCALIDAD": "TLALCHIYAHUALICA", "CLAVE LOC": 130800023, "TIPO DE ASENTAMIENTO": "COMUNIDAD INDIGENA", "NOMBRE": "TLALCHIYAHUALICA", "MONTO ASIGNADO (PESOS)": 1891343, "LATITUD": 20.970267, "LONGITUD": -98.400124 }, "geometry": { "type": "Point", "coordinates": [ -98.400124, 20.970267 ] } },
{ "type": "Feature", "properties": { "NO": 1372, "ENTIDAD": "HIDALGO", "MUNICIPIO": "Yahualica", "PUEBLO INDIGENA O AFROMEXICANO": "NAHUA", "LOCALIDAD": "XÓCHITL", "CLAVE LOC": 130800024, "TIPO DE ASENTAMIENTO": "COMUNIDAD INDIGENA", "NOMBRE": "XÓCHITL", "MONTO ASIGNADO (PESOS)": 352221, "LATITUD": 20.899098, "LONGITUD": -98.355412 }, "geometry": { "type": "Point", "coordinates": [ -98.355412, 20.899098 ] } },
{ "type": "Feature", "properties": { "NO": 1373, "ENTIDAD": "HIDALGO", "MUNICIPIO": "Yahualica", "PUEBLO INDIGENA O AFROMEXICANO": "NAHUA", "LOCALIDAD": "XOXOLPA", "CLAVE LOC": 130800025, "TIPO DE ASENTAMIENTO": "COMUNIDAD INDIGENA", "NOMBRE": "XOXOLPA", "MONTO ASIGNADO (PESOS)": 1053065, "LATITUD": 20.875526, "LONGITUD": -98.423606 }, "geometry": { "type": "Point", "coordinates": [ -98.423606, 20.875526 ] } },
{ "type": "Feature", "properties": { "NO": 1374, "ENTIDAD": "HIDALGO", "MUNICIPIO": "Yahualica", "PUEBLO INDIGENA O AFROMEXICANO": "NAHUA", "LOCALIDAD": "ZACAYAHUAL", "CLAVE LOC": 130800026, "TIPO DE ASENTAMIENTO": "COMUNIDAD INDIGENA", "NOMBRE": "ZACAYAHUAL", "MONTO ASIGNADO (PESOS)": 466539, "LATITUD": 20.901858, "LONGITUD": -98.368829 }, "geometry": { "type": "Point", "coordinates": [ -98.368829, 20.901858 ] } },
{ "type": "Feature", "properties": { "NO": 1375, "ENTIDAD": "HIDALGO", "MUNICIPIO": "Yahualica", "PUEBLO INDIGENA O AFROMEXICANO": "NAHUA", "LOCALIDAD": "ZOQUITIPÁN", "CLAVE LOC": 130800027, "TIPO DE ASENTAMIENTO": "COMUNIDAD INDIGENA", "NOMBRE": "ZOQUITIPÁN", "MONTO ASIGNADO (PESOS)": 1254349, "LATITUD": 20.909645, "LONGITUD": -98.432462 }, "geometry": { "type": "Point", "coordinates": [ -98.432462, 20.909645 ] } },
{ "type": "Feature", "properties": { "NO": 1376, "ENTIDAD": "HIDALGO", "MUNICIPIO": "Zacualtipán de Ángeles", "PUEBLO INDIGENA O AFROMEXICANO": "NAHUA", "LOCALIDAD": "MAXALA", "CLAVE LOC": 130810010, "TIPO DE ASENTAMIENTO": "LOCALIDAD CON POBLACION INDIGENA", "NOMBRE": "MAXALA", "MONTO ASIGNADO (PESOS)": 182452, "LATITUD": 20.699321, "LONGITUD": -98.473174 }, "geometry": { "type": "Point", "coordinates": [ -98.473174, 20.699321 ] } },
{ "type": "Feature", "properties": { "NO": 1377, "ENTIDAD": "HIDALGO", "MUNICIPIO": "Zacualtipán de Ángeles", "PUEBLO INDIGENA O AFROMEXICANO": "NAHUA", "LOCALIDAD": "XOLUAPA", "CLAVE LOC": 130810043, "TIPO DE ASENTAMIENTO": "LOCALIDAD CON POBLACION INDIGENA", "NOMBRE": "XOLUAPA", "MONTO ASIGNADO (PESOS)": 125058, "LATITUD": 20.707483, "LONGITUD": -98.472324 }, "geometry": { "type": "Point", "coordinates": [ -98.472324, 20.707483 ] } },
{ "type": "Feature", "properties": { "NO": 1378, "ENTIDAD": "HIDALGO", "MUNICIPIO": "Zimapán", "PUEBLO INDIGENA O AFROMEXICANO": "OTOMÍ", "LOCALIDAD": "AGUAS BLANCAS", "CLAVE LOC": 130840004, "TIPO DE ASENTAMIENTO": "COMUNIDAD INDIGENA", "NOMBRE": "AGUAS BLANCAS", "MONTO ASIGNADO (PESOS)": 556487, "LATITUD": 20.658703, "LONGITUD": -99.414771 }, "geometry": { "type": "Point", "coordinates": [ -99.414771, 20.658703 ] } },
{ "type": "Feature", "properties": { "NO": 1379, "ENTIDAD": "HIDALGO", "MUNICIPIO": "Zimapán", "PUEBLO INDIGENA O AFROMEXICANO": "OTOMÍ", "LOCALIDAD": "BARRÓN", "CLAVE LOC": 130840083, "TIPO DE ASENTAMIENTO": "COMUNIDAD INDIGENA", "NOMBRE": "BARRÓN", "MONTO ASIGNADO (PESOS)": 199428, "LATITUD": 20.766019, "LONGITUD": -99.410219 }, "geometry": { "type": "Point", "coordinates": [ -99.410219, 20.766019 ] } },
{ "type": "Feature", "properties": { "NO": 1380, "ENTIDAD": "HIDALGO", "MUNICIPIO": "Zimapán", "PUEBLO INDIGENA O AFROMEXICANO": "OTOMÍ", "LOCALIDAD": "BENITO JUÁREZ (DETZANI)", "CLAVE LOC": 130840007, "TIPO DE ASENTAMIENTO": "COMUNIDAD INDIGENA", "NOMBRE": "BENITO JUÁREZ (DETZANI)", "MONTO ASIGNADO (PESOS)": 765286, "LATITUD": 20.752988, "LONGITUD": -99.397334 }, "geometry": { "type": "Point", "coordinates": [ -99.397334, 20.752988 ] } },
{ "type": "Feature", "properties": { "NO": 1381, "ENTIDAD": "HIDALGO", "MUNICIPIO": "Zimapán", "PUEBLO INDIGENA O AFROMEXICANO": "OTOMÍ", "LOCALIDAD": "BOÑHÚ", "CLAVE LOC": 130840008, "TIPO DE ASENTAMIENTO": "COMUNIDAD INDIGENA", "NOMBRE": "BOÑHÚ", "MONTO ASIGNADO (PESOS)": 163860, "LATITUD": 20.670277, "LONGITUD": -99.395833 }, "geometry": { "type": "Point", "coordinates": [ -99.395833, 20.670277 ] } },
{ "type": "Feature", "properties": { "NO": 1382, "ENTIDAD": "HIDALGO", "MUNICIPIO": "Zimapán", "PUEBLO INDIGENA O AFROMEXICANO": "OTOMÍ", "LOCALIDAD": "CAMPOSANTO DEL ORO", "CLAVE LOC": 130840010, "TIPO DE ASENTAMIENTO": "COMUNIDAD INDIGENA", "NOMBRE": "CAMPOSANTO DEL ORO", "MONTO ASIGNADO (PESOS)": 251972, "LATITUD": 20.838201, "LONGITUD": -99.225661 }, "geometry": { "type": "Point", "coordinates": [ -99.225661, 20.838201 ] } },
{ "type": "Feature", "properties": { "NO": 1383, "ENTIDAD": "HIDALGO", "MUNICIPIO": "Zimapán", "PUEBLO INDIGENA O AFROMEXICANO": "OTOMÍ", "LOCALIDAD": "CERRO COLORADO", "CLAVE LOC": 130840011, "TIPO DE ASENTAMIENTO": "COMUNIDAD INDIGENA", "NOMBRE": "CERRO COLORADO", "MONTO ASIGNADO (PESOS)": 170326, "LATITUD": 20.860881, "LONGITUD": -99.265506 }, "geometry": { "type": "Point", "coordinates": [ -99.265506, 20.860881 ] } },
{ "type": "Feature", "properties": { "NO": 1384, "ENTIDAD": "HIDALGO", "MUNICIPIO": "Zimapán", "PUEBLO INDIGENA O AFROMEXICANO": "OTOMÍ", "LOCALIDAD": "COAXITHI", "CLAVE LOC": 130840016, "TIPO DE ASENTAMIENTO": "COMUNIDAD INDIGENA", "NOMBRE": "COAXITHI", "MONTO ASIGNADO (PESOS)": 204278, "LATITUD": 20.678427, "LONGITUD": -99.325676 }, "geometry": { "type": "Point", "coordinates": [ -99.325676, 20.678427 ] } },
{ "type": "Feature", "properties": { "NO": 1385, "ENTIDAD": "HIDALGO", "MUNICIPIO": "Zimapán", "PUEBLO INDIGENA O AFROMEXICANO": "OTOMÍ", "LOCALIDAD": "COBRECITO", "CLAVE LOC": 130840013, "TIPO DE ASENTAMIENTO": "COMUNIDAD INDIGENA", "NOMBRE": "COBRECITO", "MONTO ASIGNADO (PESOS)": 246313, "LATITUD": 20.879055, "LONGITUD": -99.238219 }, "geometry": { "type": "Point", "coordinates": [ -99.238219, 20.879055 ] } },
{ "type": "Feature", "properties": { "NO": 1386, "ENTIDAD": "HIDALGO", "MUNICIPIO": "Zimapán", "PUEBLO INDIGENA O AFROMEXICANO": "OTOMÍ", "LOCALIDAD": "CODORNICES", "CLAVE LOC": 130840069, "TIPO DE ASENTAMIENTO": "COMUNIDAD INDIGENA", "NOMBRE": "CODORNICES", "MONTO ASIGNADO (PESOS)": 112932, "LATITUD": 20.847156, "LONGITUD": -99.320739 }, "geometry": { "type": "Point", "coordinates": [ -99.320739, 20.847156 ] } },
{ "type": "Feature", "properties": { "NO": 1387, "ENTIDAD": "HIDALGO", "MUNICIPIO": "Zimapán", "PUEBLO INDIGENA O AFROMEXICANO": "OTOMÍ", "LOCALIDAD": "CUESTA BLANCA", "CLAVE LOC": 130840100, "TIPO DE ASENTAMIENTO": "LOCALIDAD CON POBLACION INDIGENA", "NOMBRE": "CUESTA BLANCA", "MONTO ASIGNADO (PESOS)": 164668, "LATITUD": 20.713408, "LONGITUD": -99.468321 }, "geometry": { "type": "Point", "coordinates": [ -99.468321, 20.713408 ] } },
{ "type": "Feature", "properties": { "NO": 1388, "ENTIDAD": "HIDALGO", "MUNICIPIO": "Zimapán", "PUEBLO INDIGENA O AFROMEXICANO": "OTOMÍ", "LOCALIDAD": "DOXTHÍ", "CLAVE LOC": 130840018, "TIPO DE ASENTAMIENTO": "COMUNIDAD INDIGENA", "NOMBRE": "DOXTHÍ", "MONTO ASIGNADO (PESOS)": 165476, "LATITUD": 20.642071, "LONGITUD": -99.343545 }, "geometry": { "type": "Point", "coordinates": [ -99.343545, 20.642071 ] } },
{ "type": "Feature", "properties": { "NO": 1389, "ENTIDAD": "HIDALGO", "MUNICIPIO": "Zimapán", "PUEBLO INDIGENA O AFROMEXICANO": "OTOMÍ", "LOCALIDAD": "DOXTHI LA SABINA (LA SABINA)", "CLAVE LOC": 130840072, "TIPO DE ASENTAMIENTO": "COMUNIDAD INDIGENA", "NOMBRE": "DOXTHI LA SABINA (LA SABINA)", "MONTO ASIGNADO (PESOS)": 261672, "LATITUD": 20.682711, "LONGITUD": -99.380367 }, "geometry": { "type": "Point", "coordinates": [ -99.380367, 20.682711 ] } },
{ "type": "Feature", "properties": { "NO": 1390, "ENTIDAD": "HIDALGO", "MUNICIPIO": "Zimapán", "PUEBLO INDIGENA O AFROMEXICANO": "OTOMÍ", "LOCALIDAD": "DURANGO", "CLAVE LOC": 130840019, "TIPO DE ASENTAMIENTO": "COMUNIDAD INDIGENA", "NOMBRE": "DURANGO", "MONTO ASIGNADO (PESOS)": 475081, "LATITUD": 20.895066, "LONGITUD": -99.230037 }, "geometry": { "type": "Point", "coordinates": [ -99.230037, 20.895066 ] } },
{ "type": "Feature", "properties": { "NO": 1391, "ENTIDAD": "HIDALGO", "MUNICIPIO": "Zimapán", "PUEBLO INDIGENA O AFROMEXICANO": "OTOMÍ", "LOCALIDAD": "EL AGUACATAL", "CLAVE LOC": 130840077, "TIPO DE ASENTAMIENTO": "COMUNIDAD INDIGENA", "NOMBRE": "EL AGUACATAL", "MONTO ASIGNADO (PESOS)": 181644, "LATITUD": 20.688294, "LONGITUD": -99.311777 }, "geometry": { "type": "Point", "coordinates": [ -99.311777, 20.688294 ] } },
{ "type": "Feature", "properties": { "NO": 1392, "ENTIDAD": "HIDALGO", "MUNICIPIO": "Zimapán", "PUEBLO INDIGENA O AFROMEXICANO": "OTOMÍ", "LOCALIDAD": "EL AGUACATITO", "CLAVE LOC": 130840003, "TIPO DE ASENTAMIENTO": "COMUNIDAD INDIGENA", "NOMBRE": "EL AGUACATITO", "MONTO ASIGNADO (PESOS)": 264906, "LATITUD": 20.666165, "LONGITUD": -99.341277 }, "geometry": { "type": "Point", "coordinates": [ -99.341277, 20.666165 ] } },
{ "type": "Feature", "properties": { "NO": 1393, "ENTIDAD": "HIDALGO", "MUNICIPIO": "Zimapán", "PUEBLO INDIGENA O AFROMEXICANO": "OTOMÍ", "LOCALIDAD": "EL CARRIZAL", "CLAVE LOC": 130840182, "TIPO DE ASENTAMIENTO": "LOCALIDAD CON POBLACION INDIGENA", "NOMBRE": "EL CARRIZAL", "MONTO ASIGNADO (PESOS)": 281871, "LATITUD": 20.721294, "LONGITUD": -99.515166 }, "geometry": { "type": "Point", "coordinates": [ -99.515166, 20.721294 ] } },
{ "type": "Feature", "properties": { "NO": 1394, "ENTIDAD": "HIDALGO", "MUNICIPIO": "Zimapán", "PUEBLO INDIGENA O AFROMEXICANO": "OTOMÍ", "LOCALIDAD": "EL CERROTE", "CLAVE LOC": 130840012, "TIPO DE ASENTAMIENTO": "COMUNIDAD INDIGENA", "NOMBRE": "EL CERROTE", "MONTO ASIGNADO (PESOS)": 270564, "LATITUD": 20.657509, "LONGITUD": -99.283999 }, "geometry": { "type": "Point", "coordinates": [ -99.283999, 20.657509 ] } },
{ "type": "Feature", "properties": { "NO": 1395, "ENTIDAD": "HIDALGO", "MUNICIPIO": "Zimapán", "PUEBLO INDIGENA O AFROMEXICANO": "OTOMÍ", "LOCALIDAD": "EL MEZQUITE SEGUNDO", "CLAVE LOC": 130840035, "TIPO DE ASENTAMIENTO": "COMUNIDAD INDIGENA", "NOMBRE": "EL MEZQUITE SEGUNDO", "MONTO ASIGNADO (PESOS)": 166296, "LATITUD": 20.754879, "LONGITUD": -99.458032 }, "geometry": { "type": "Point", "coordinates": [ -99.458032, 20.754879 ] } },
{ "type": "Feature", "properties": { "NO": 1396, "ENTIDAD": "HIDALGO", "MUNICIPIO": "Zimapán", "PUEBLO INDIGENA O AFROMEXICANO": "OTOMÍ", "LOCALIDAD": "EL ORGANAL", "CLAVE LOC": 130840184, "TIPO DE ASENTAMIENTO": "COMUNIDAD INDIGENA", "NOMBRE": "EL ORGANAL", "MONTO ASIGNADO (PESOS)": 174368, "LATITUD": 20.71042, "LONGITUD": -99.459776 }, "geometry": { "type": "Point", "coordinates": [ -99.459776, 20.71042 ] } },
{ "type": "Feature", "properties": { "NO": 1397, "ENTIDAD": "HIDALGO", "MUNICIPIO": "Zimapán", "PUEBLO INDIGENA O AFROMEXICANO": "OTOMÍ", "LOCALIDAD": "EL PALMAR", "CLAVE LOC": 130840118, "TIPO DE ASENTAMIENTO": "COMUNIDAD INDIGENA", "NOMBRE": "EL PALMAR", "MONTO ASIGNADO (PESOS)": 208320, "LATITUD": 20.684443, "LONGITUD": -99.326519 }, "geometry": { "type": "Point", "coordinates": [ -99.326519, 20.684443 ] } },
{ "type": "Feature", "properties": { "NO": 1398, "ENTIDAD": "HIDALGO", "MUNICIPIO": "Zimapán", "PUEBLO INDIGENA O AFROMEXICANO": "OTOMÍ", "LOCALIDAD": "EL RINCÓN", "CLAVE LOC": 130840044, "TIPO DE ASENTAMIENTO": "COMUNIDAD INDIGENA", "NOMBRE": "EL RINCÓN", "MONTO ASIGNADO (PESOS)": 171135, "LATITUD": 20.771558, "LONGITUD": -99.394381 }, "geometry": { "type": "Point", "coordinates": [ -99.394381, 20.771558 ] } },
{ "type": "Feature", "properties": { "NO": 1399, "ENTIDAD": "HIDALGO", "MUNICIPIO": "Zimapán", "PUEBLO INDIGENA O AFROMEXICANO": "OTOMÍ", "LOCALIDAD": "EL SALITRE", "CLAVE LOC": 130840165, "TIPO DE ASENTAMIENTO": "COMUNIDAD INDIGENA", "NOMBRE": "EL SALITRE", "MONTO ASIGNADO (PESOS)": 86256, "LATITUD": 20.845342, "LONGITUD": -99.360489 }, "geometry": { "type": "Point", "coordinates": [ -99.360489, 20.845342 ] } },
{ "type": "Feature", "properties": { "NO": 1400, "ENTIDAD": "HIDALGO", "MUNICIPIO": "Zimapán", "PUEBLO INDIGENA O AFROMEXICANO": "OTOMÍ", "LOCALIDAD": "EL SAUZ", "CLAVE LOC": 130840169, "TIPO DE ASENTAMIENTO": "LOCALIDAD CON POBLACION INDIGENA", "NOMBRE": "EL SAUZ", "MONTO ASIGNADO (PESOS)": 177602, "LATITUD": 20.705556, "LONGITUD": -99.497222 }, "geometry": { "type": "Point", "coordinates": [ -99.497222, 20.705556 ] } },
{ "type": "Feature", "properties": { "NO": 1401, "ENTIDAD": "HIDALGO", "MUNICIPIO": "Zimapán", "PUEBLO INDIGENA O AFROMEXICANO": "OTOMÍ", "LOCALIDAD": "ENCARNACIÓN", "CLAVE LOC": 130840022, "TIPO DE ASENTAMIENTO": "COMUNIDAD INDIGENA", "NOMBRE": "ENCARNACIÓN", "MONTO ASIGNADO (PESOS)": 194578, "LATITUD": 20.876562, "LONGITUD": -99.209219 }, "geometry": { "type": "Point", "coordinates": [ -99.209219, 20.876562 ] } },
{ "type": "Feature", "properties": { "NO": 1402, "ENTIDAD": "HIDALGO", "MUNICIPIO": "Zimapán", "PUEBLO INDIGENA O AFROMEXICANO": "OTOMÍ", "LOCALIDAD": "FRANCISCO I. MADERO (GUADALUPE)", "CLAVE LOC": 130840024, "TIPO DE ASENTAMIENTO": "COMUNIDAD INDIGENA", "NOMBRE": "FRANCISCO I. MADERO (GUADALUPE)", "MONTO ASIGNADO (PESOS)": 807321, "LATITUD": 20.729285, "LONGITUD": -99.315926 }, "geometry": { "type": "Point", "coordinates": [ -99.315926, 20.729285 ] } },
{ "type": "Feature", "properties": { "NO": 1403, "ENTIDAD": "HIDALGO", "MUNICIPIO": "Zimapán", "PUEBLO INDIGENA O AFROMEXICANO": "OTOMÍ", "LOCALIDAD": "GARABATOS (GARABATOS LA ESTANCIA)", "CLAVE LOC": 130840025, "TIPO DE ASENTAMIENTO": "COMUNIDAD INDIGENA", "NOMBRE": "GARABATOS (GARABATOS LA ESTANCIA)", "MONTO ASIGNADO (PESOS)": 218020, "LATITUD": 20.784925, "LONGITUD": -99.320357 }, "geometry": { "type": "Point", "coordinates": [ -99.320357, 20.784925 ] } },
{ "type": "Feature", "properties": { "NO": 1404, "ENTIDAD": "HIDALGO", "MUNICIPIO": "Zimapán", "PUEBLO INDIGENA O AFROMEXICANO": "OTOMÍ", "LOCALIDAD": "JAGÜEY COLORADO", "CLAVE LOC": 130840026, "TIPO DE ASENTAMIENTO": "COMUNIDAD INDIGENA", "NOMBRE": "JAGÜEY COLORADO", "MONTO ASIGNADO (PESOS)": 217212, "LATITUD": 20.881652, "LONGITUD": -99.276554 }, "geometry": { "type": "Point", "coordinates": [ -99.276554, 20.881652 ] } },
{ "type": "Feature", "properties": { "NO": 1405, "ENTIDAD": "HIDALGO", "MUNICIPIO": "Zimapán", "PUEBLO INDIGENA O AFROMEXICANO": "OTOMÍ", "LOCALIDAD": "LA CRUZ (EJIDO DE LA CRUZ)", "CLAVE LOC": 130840071, "TIPO DE ASENTAMIENTO": "COMUNIDAD INDIGENA", "NOMBRE": "LA CRUZ (EJIDO DE LA CRUZ)", "MONTO ASIGNADO (PESOS)": 144459, "LATITUD": 20.589579, "LONGITUD": -99.354106 }, "geometry": { "type": "Point", "coordinates": [ -99.354106, 20.589579 ] } },
{ "type": "Feature", "properties": { "NO": 1406, "ENTIDAD": "HIDALGO", "MUNICIPIO": "Zimapán", "PUEBLO INDIGENA O AFROMEXICANO": "OTOMÍ", "LOCALIDAD": "LA LOMA", "CLAVE LOC": 130840107, "TIPO DE ASENTAMIENTO": "LOCALIDAD CON POBLACION INDIGENA", "NOMBRE": "LA LOMA", "MONTO ASIGNADO (PESOS)": 176793, "LATITUD": 20.659275, "LONGITUD": -99.426777 }, "geometry": { "type": "Point", "coordinates": [ -99.426777, 20.659275 ] } },
{ "type": "Feature", "properties": { "NO": 1407, "ENTIDAD": "HIDALGO", "MUNICIPIO": "Zimapán", "PUEBLO INDIGENA O AFROMEXICANO": "OTOMÍ", "LOCALIDAD": "LA MANZANA", "CLAVE LOC": 130840033, "TIPO DE ASENTAMIENTO": "COMUNIDAD INDIGENA", "NOMBRE": "LA MANZANA", "MONTO ASIGNADO (PESOS)": 322300, "LATITUD": 20.868406, "LONGITUD": -99.225423 }, "geometry": { "type": "Point", "coordinates": [ -99.225423, 20.868406 ] } },
{ "type": "Feature", "properties": { "NO": 1408, "ENTIDAD": "HIDALGO", "MUNICIPIO": "Zimapán", "PUEBLO INDIGENA O AFROMEXICANO": "OTOMÍ", "LOCALIDAD": "LA MESA", "CLAVE LOC": 130840112, "TIPO DE ASENTAMIENTO": "LOCALIDAD CON POBLACION INDIGENA", "NOMBRE": "LA MESA", "MONTO ASIGNADO (PESOS)": 188908, "LATITUD": 20.674676, "LONGITUD": -99.303386 }, "geometry": { "type": "Point", "coordinates": [ -99.303386, 20.674676 ] } },
{ "type": "Feature", "properties": { "NO": 1409, "ENTIDAD": "HIDALGO", "MUNICIPIO": "Zimapán", "PUEBLO INDIGENA O AFROMEXICANO": "OTOMÍ", "LOCALIDAD": "LA RUDA", "CLAVE LOC": 130840127, "TIPO DE ASENTAMIENTO": "COMUNIDAD INDIGENA", "NOMBRE": "LA RUDA", "MONTO ASIGNADO (PESOS)": 135567, "LATITUD": 20.780345, "LONGITUD": -99.258467 }, "geometry": { "type": "Point", "coordinates": [ -99.258467, 20.780345 ] } },
{ "type": "Feature", "properties": { "NO": 1410, "ENTIDAD": "HIDALGO", "MUNICIPIO": "Zimapán", "PUEBLO INDIGENA O AFROMEXICANO": "OTOMÍ", "LOCALIDAD": "LA TINAJA", "CLAVE LOC": 130840073, "TIPO DE ASENTAMIENTO": "COMUNIDAD INDIGENA", "NOMBRE": "LA TINAJA", "MONTO ASIGNADO (PESOS)": 130716, "LATITUD": 20.676944, "LONGITUD": -99.388333 }, "geometry": { "type": "Point", "coordinates": [ -99.388333, 20.676944 ] } },
{ "type": "Feature", "properties": { "NO": 1411, "ENTIDAD": "HIDALGO", "MUNICIPIO": "Zimapán", "PUEBLO INDIGENA O AFROMEXICANO": "OTOMÍ", "LOCALIDAD": "LA TINAJA DURANGO", "CLAVE LOC": 130840131, "TIPO DE ASENTAMIENTO": "COMUNIDAD INDIGENA", "NOMBRE": "LA TINAJA DURANGO", "MONTO ASIGNADO (PESOS)": 161434, "LATITUD": 20.914251, "LONGITUD": -99.223818 }, "geometry": { "type": "Point", "coordinates": [ -99.223818, 20.914251 ] } },
{ "type": "Feature", "properties": { "NO": 1412, "ENTIDAD": "HIDALGO", "MUNICIPIO": "Zimapán", "PUEBLO INDIGENA O AFROMEXICANO": "OTOMÍ", "LOCALIDAD": "LOS DURAZNOS", "CLAVE LOC": 130840020, "TIPO DE ASENTAMIENTO": "COMUNIDAD INDIGENA", "NOMBRE": "LOS DURAZNOS", "MONTO ASIGNADO (PESOS)": 218829, "LATITUD": 20.86826, "LONGITUD": -99.236029 }, "geometry": { "type": "Point", "coordinates": [ -99.236029, 20.86826 ] } },
{ "type": "Feature", "properties": { "NO": 1413, "ENTIDAD": "HIDALGO", "MUNICIPIO": "Zimapán", "PUEBLO INDIGENA O AFROMEXICANO": "OTOMÍ", "LOCALIDAD": "MAGUEY VERDE", "CLAVE LOC": 130840031, "TIPO DE ASENTAMIENTO": "COMUNIDAD INDIGENA", "NOMBRE": "MAGUEY VERDE", "MONTO ASIGNADO (PESOS)": 246313, "LATITUD": 20.840361, "LONGITUD": -99.258558 }, "geometry": { "type": "Point", "coordinates": [ -99.258558, 20.840361 ] } },
{ "type": "Feature", "properties": { "NO": 1414, "ENTIDAD": "HIDALGO", "MUNICIPIO": "Zimapán", "PUEBLO INDIGENA O AFROMEXICANO": "OTOMÍ", "LOCALIDAD": "MEGÜI", "CLAVE LOC": 130840034, "TIPO DE ASENTAMIENTO": "COMUNIDAD INDIGENA", "NOMBRE": "MEGÜI", "MONTO ASIGNADO (PESOS)": 229337, "LATITUD": 20.623631, "LONGITUD": -99.275285 }, "geometry": { "type": "Point", "coordinates": [ -99.275285, 20.623631 ] } },
{ "type": "Feature", "properties": { "NO": 1415, "ENTIDAD": "HIDALGO", "MUNICIPIO": "Zimapán", "PUEBLO INDIGENA O AFROMEXICANO": "OTOMÍ", "LOCALIDAD": "MEZQUITE PRIMERO", "CLAVE LOC": 130840113, "TIPO DE ASENTAMIENTO": "COMUNIDAD INDIGENA", "NOMBRE": "MEZQUITE PRIMERO", "MONTO ASIGNADO (PESOS)": 139914, "LATITUD": 20.895172, "LONGITUD": -99.390888 }, "geometry": { "type": "Point", "coordinates": [ -99.390888, 20.895172 ] } },
{ "type": "Feature", "properties": { "NO": 1416, "ENTIDAD": "HIDALGO", "MUNICIPIO": "Zimapán", "PUEBLO INDIGENA O AFROMEXICANO": "OTOMÍ", "LOCALIDAD": "MORELOS (TRANCAS)", "CLAVE LOC": 130840036, "TIPO DE ASENTAMIENTO": "COMUNIDAD INDIGENA", "NOMBRE": "MORELOS (TRANCAS)", "MONTO ASIGNADO (PESOS)": 351401, "LATITUD": 20.79604, "LONGITUD": -99.26832 }, "geometry": { "type": "Point", "coordinates": [ -99.26832, 20.79604 ] } },
{ "type": "Feature", "properties": { "NO": 1417, "ENTIDAD": "HIDALGO", "MUNICIPIO": "Zimapán", "PUEBLO INDIGENA O AFROMEXICANO": "OTOMÍ", "LOCALIDAD": "PELILLOS", "CLAVE LOC": 130840119, "TIPO DE ASENTAMIENTO": "COMUNIDAD INDIGENA", "NOMBRE": "PELILLOS", "MONTO ASIGNADO (PESOS)": 179219, "LATITUD": 20.852086, "LONGITUD": -99.250142 }, "geometry": { "type": "Point", "coordinates": [ -99.250142, 20.852086 ] } },
{ "type": "Feature", "properties": { "NO": 1418, "ENTIDAD": "HIDALGO", "MUNICIPIO": "Zimapán", "PUEBLO INDIGENA O AFROMEXICANO": "OTOMÍ", "LOCALIDAD": "PONTIHÚ", "CLAVE LOC": 130840074, "TIPO DE ASENTAMIENTO": "COMUNIDAD INDIGENA", "NOMBRE": "PONTIHÚ", "MONTO ASIGNADO (PESOS)": 164668, "LATITUD": 20.624552, "LONGITUD": -99.406319 }, "geometry": { "type": "Point", "coordinates": [ -99.406319, 20.624552 ] } },
{ "type": "Feature", "properties": { "NO": 1419, "ENTIDAD": "HIDALGO", "MUNICIPIO": "Zimapán", "PUEBLO INDIGENA O AFROMEXICANO": "OTOMÍ", "LOCALIDAD": "PUEBLO NUEVO", "CLAVE LOC": 130840040, "TIPO DE ASENTAMIENTO": "COMUNIDAD INDIGENA", "NOMBRE": "PUEBLO NUEVO", "MONTO ASIGNADO (PESOS)": 146884, "LATITUD": 20.778531, "LONGITUD": -99.302913 }, "geometry": { "type": "Point", "coordinates": [ -99.302913, 20.778531 ] } },
{ "type": "Feature", "properties": { "NO": 1420, "ENTIDAD": "HIDALGO", "MUNICIPIO": "Zimapán", "PUEBLO INDIGENA O AFROMEXICANO": "OTOMÍ", "LOCALIDAD": "PUERTECITO DEL MEGÜI", "CLAVE LOC": 130840160, "TIPO DE ASENTAMIENTO": "LOCALIDAD CON POBLACION INDIGENA", "NOMBRE": "PUERTECITO DEL MEGÜI", "MONTO ASIGNADO (PESOS)": 138800, "LATITUD": 20.613088, "LONGITUD": -99.297294 }, "geometry": { "type": "Point", "coordinates": [ -99.297294, 20.613088 ] } },
{ "type": "Feature", "properties": { "NO": 1421, "ENTIDAD": "HIDALGO", "MUNICIPIO": "Zimapán", "PUEBLO INDIGENA O AFROMEXICANO": "OTOMÍ", "LOCALIDAD": "PUERTO DEL ÁNGEL", "CLAVE LOC": 130840041, "TIPO DE ASENTAMIENTO": "COMUNIDAD INDIGENA", "NOMBRE": "PUERTO DEL ÁNGEL", "MONTO ASIGNADO (PESOS)": 285115, "LATITUD": 20.791794, "LONGITUD": -99.408593 }, "geometry": { "type": "Point", "coordinates": [ -99.408593, 20.791794 ] } },
{ "type": "Feature", "properties": { "NO": 1422, "ENTIDAD": "HIDALGO", "MUNICIPIO": "Zimapán", "PUEBLO INDIGENA O AFROMEXICANO": "OTOMÍ", "LOCALIDAD": "PUERTO DEL EFE", "CLAVE LOC": 130840070, "TIPO DE ASENTAMIENTO": "COMUNIDAD INDIGENA", "NOMBRE": "PUERTO DEL EFE", "MONTO ASIGNADO (PESOS)": 230146, "LATITUD": 20.717775, "LONGITUD": -99.421771 }, "geometry": { "type": "Point", "coordinates": [ -99.421771, 20.717775 ] } },
{ "type": "Feature", "properties": { "NO": 1423, "ENTIDAD": "HIDALGO", "MUNICIPIO": "Zimapán", "PUEBLO INDIGENA O AFROMEXICANO": "OTOMÍ", "LOCALIDAD": "PUERTO JUÁREZ", "CLAVE LOC": 130840042, "TIPO DE ASENTAMIENTO": "COMUNIDAD INDIGENA", "NOMBRE": "PUERTO JUÁREZ", "MONTO ASIGNADO (PESOS)": 356251, "LATITUD": 20.646556, "LONGITUD": -99.285467 }, "geometry": { "type": "Point", "coordinates": [ -99.285467, 20.646556 ] } },
{ "type": "Feature", "properties": { "NO": 1424, "ENTIDAD": "HIDALGO", "MUNICIPIO": "Zimapán", "PUEBLO INDIGENA O AFROMEXICANO": "OTOMÍ", "LOCALIDAD": "PUETZEY", "CLAVE LOC": 130840075, "TIPO DE ASENTAMIENTO": "COMUNIDAD INDIGENA", "NOMBRE": "PUETZEY", "MONTO ASIGNADO (PESOS)": 135567, "LATITUD": 20.66901, "LONGITUD": -99.380286 }, "geometry": { "type": "Point", "coordinates": [ -99.380286, 20.66901 ] } },
{ "type": "Feature", "properties": { "NO": 1425, "ENTIDAD": "HIDALGO", "MUNICIPIO": "Zimapán", "PUEBLO INDIGENA O AFROMEXICANO": "OTOMÍ", "LOCALIDAD": "SAN ANDRÉS (TOXTHI)", "CLAVE LOC": 130840046, "TIPO DE ASENTAMIENTO": "COMUNIDAD INDIGENA", "NOMBRE": "SAN ANDRÉS (TOXTHI)", "MONTO ASIGNADO (PESOS)": 153733, "LATITUD": 20.762036, "LONGITUD": -99.443596 }, "geometry": { "type": "Point", "coordinates": [ -99.443596, 20.762036 ] } },
{ "type": "Feature", "properties": { "NO": 1426, "ENTIDAD": "HIDALGO", "MUNICIPIO": "Zimapán", "PUEBLO INDIGENA O AFROMEXICANO": "OTOMÍ", "LOCALIDAD": "SAN ANTONIO (CUAUHTÉMOC)", "CLAVE LOC": 130840088, "TIPO DE ASENTAMIENTO": "COMUNIDAD INDIGENA", "NOMBRE": "SAN ANTONIO (CUAUHTÉMOC)", "MONTO ASIGNADO (PESOS)": 222062, "LATITUD": 20.721843, "LONGITUD": -99.431459 }, "geometry": { "type": "Point", "coordinates": [ -99.431459, 20.721843 ] } },
{ "type": "Feature", "properties": { "NO": 1427, "ENTIDAD": "HIDALGO", "MUNICIPIO": "Zimapán", "PUEBLO INDIGENA O AFROMEXICANO": "OTOMÍ", "LOCALIDAD": "SAN FELIPE", "CLAVE LOC": 130840082, "TIPO DE ASENTAMIENTO": "COMUNIDAD INDIGENA", "NOMBRE": "SAN FELIPE", "MONTO ASIGNADO (PESOS)": 108082, "LATITUD": 20.795198, "LONGITUD": -99.436336 }, "geometry": { "type": "Point", "coordinates": [ -99.436336, 20.795198 ] } },
{ "type": "Feature", "properties": { "NO": 1428, "ENTIDAD": "HIDALGO", "MUNICIPIO": "Zimapán", "PUEBLO INDIGENA O AFROMEXICANO": "OTOMÍ", "LOCALIDAD": "SAN ISIDRO", "CLAVE LOC": 130840167, "TIPO DE ASENTAMIENTO": "COMUNIDAD INDIGENA", "NOMBRE": "SAN ISIDRO", "MONTO ASIGNADO (PESOS)": 161434, "LATITUD": 20.647031, "LONGITUD": -99.319899 }, "geometry": { "type": "Point", "coordinates": [ -99.319899, 20.647031 ] } },
{ "type": "Feature", "properties": { "NO": 1429, "ENTIDAD": "HIDALGO", "MUNICIPIO": "Zimapán", "PUEBLO INDIGENA O AFROMEXICANO": "OTOMÍ", "LOCALIDAD": "SAN JOSÉ DEL ORO (SAN VICENTE)", "CLAVE LOC": 130840048, "TIPO DE ASENTAMIENTO": "COMUNIDAD INDIGENA", "NOMBRE": "SAN JOSÉ DEL ORO (SAN VICENTE)", "MONTO ASIGNADO (PESOS)": 173560, "LATITUD": 20.855588, "LONGITUD": -99.230279 }, "geometry": { "type": "Point", "coordinates": [ -99.230279, 20.855588 ] } },
{ "type": "Feature", "properties": { "NO": 1430, "ENTIDAD": "HIDALGO", "MUNICIPIO": "Zimapán", "PUEBLO INDIGENA O AFROMEXICANO": "OTOMÍ", "LOCALIDAD": "SAN MIGUEL TETILLAS", "CLAVE LOC": 130840076, "TIPO DE ASENTAMIENTO": "COMUNIDAD INDIGENA", "NOMBRE": "SAN MIGUEL TETILLAS", "MONTO ASIGNADO (PESOS)": 147692, "LATITUD": 20.611213, "LONGITUD": -99.309014 }, "geometry": { "type": "Point", "coordinates": [ -99.309014, 20.611213 ] } },
{ "type": "Feature", "properties": { "NO": 1431, "ENTIDAD": "HIDALGO", "MUNICIPIO": "Zimapán", "PUEBLO INDIGENA O AFROMEXICANO": "OTOMÍ", "LOCALIDAD": "SAN VICENTE", "CLAVE LOC": 130840187, "TIPO DE ASENTAMIENTO": "LOCALIDAD CON POBLACION INDIGENA", "NOMBRE": "SAN VICENTE", "MONTO ASIGNADO (PESOS)": 148708, "LATITUD": 20.734704, "LONGITUD": -99.512281 }, "geometry": { "type": "Point", "coordinates": [ -99.512281, 20.734704 ] } },
{ "type": "Feature", "properties": { "NO": 1432, "ENTIDAD": "HIDALGO", "MUNICIPIO": "Zimapán", "PUEBLO INDIGENA O AFROMEXICANO": "OTOMÍ", "LOCALIDAD": "SANTA RITA", "CLAVE LOC": 130840049, "TIPO DE ASENTAMIENTO": "COMUNIDAD INDIGENA", "NOMBRE": "SANTA RITA", "MONTO ASIGNADO (PESOS)": 316641, "LATITUD": 20.648554, "LONGITUD": -99.302377 }, "geometry": { "type": "Point", "coordinates": [ -99.302377, 20.648554 ] } },
{ "type": "Feature", "properties": { "NO": 1433, "ENTIDAD": "HIDALGO", "MUNICIPIO": "Zimapán", "PUEBLO INDIGENA O AFROMEXICANO": "OTOMÍ", "LOCALIDAD": "SÓSTENES VEGA (XITHÁ SEGUNDO CEDHO)", "CLAVE LOC": 130840051, "TIPO DE ASENTAMIENTO": "COMUNIDAD INDIGENA", "NOMBRE": "SÓSTENES VEGA (XITHÁ SEGUNDO CEDHO)", "MONTO ASIGNADO (PESOS)": 193769, "LATITUD": 20.638807, "LONGITUD": -99.309183 }, "geometry": { "type": "Point", "coordinates": [ -99.309183, 20.638807 ] } },
{ "type": "Feature", "properties": { "NO": 1434, "ENTIDAD": "HIDALGO", "MUNICIPIO": "Zimapán", "PUEBLO INDIGENA O AFROMEXICANO": "OTOMÍ", "LOCALIDAD": "TAXTHÓ", "CLAVE LOC": 130840054, "TIPO DE ASENTAMIENTO": "COMUNIDAD INDIGENA", "NOMBRE": "TAXTHÓ", "MONTO ASIGNADO (PESOS)": 122633, "LATITUD": 20.622164, "LONGITUD": -99.381895 }, "geometry": { "type": "Point", "coordinates": [ -99.381895, 20.622164 ] } },
{ "type": "Feature", "properties": { "NO": 1435, "ENTIDAD": "HIDALGO", "MUNICIPIO": "Zimapán", "PUEBLO INDIGENA O AFROMEXICANO": "OTOMÍ", "LOCALIDAD": "TINTHÉ", "CLAVE LOC": 130840056, "TIPO DE ASENTAMIENTO": "COMUNIDAD INDIGENA", "NOMBRE": "TINTHÉ", "MONTO ASIGNADO (PESOS)": 212362, "LATITUD": 20.671363, "LONGITUD": -99.355323 }, "geometry": { "type": "Point", "coordinates": [ -99.355323, 20.671363 ] } },
{ "type": "Feature", "properties": { "NO": 1436, "ENTIDAD": "HIDALGO", "MUNICIPIO": "Zimapán", "PUEBLO INDIGENA O AFROMEXICANO": "OTOMÍ", "LOCALIDAD": "TZIJAY (EMILIANO ZAPATA)", "CLAVE LOC": 130840021, "TIPO DE ASENTAMIENTO": "COMUNIDAD INDIGENA", "NOMBRE": "TZIJAY (EMILIANO ZAPATA)", "MONTO ASIGNADO (PESOS)": 144459, "LATITUD": 20.652055, "LONGITUD": -99.394048 }, "geometry": { "type": "Point", "coordinates": [ -99.394048, 20.652055 ] } },
{ "type": "Feature", "properties": { "NO": 1437, "ENTIDAD": "HIDALGO", "MUNICIPIO": "Zimapán", "PUEBLO INDIGENA O AFROMEXICANO": "OTOMÍ", "LOCALIDAD": "VICENTE GUERRERO (EL TABLÓN)", "CLAVE LOC": 130840061, "TIPO DE ASENTAMIENTO": "COMUNIDAD INDIGENA", "NOMBRE": "VICENTE GUERRERO (EL TABLÓN)", "MONTO ASIGNADO (PESOS)": 128291, "LATITUD": 20.613647, "LONGITUD": -99.364593 }, "geometry": { "type": "Point", "coordinates": [ -99.364593, 20.613647 ] } },
{ "type": "Feature", "properties": { "NO": 1438, "ENTIDAD": "HIDALGO", "MUNICIPIO": "Zimapán", "PUEBLO INDIGENA O AFROMEXICANO": "OTOMÍ", "LOCALIDAD": "XAJHÁ", "CLAVE LOC": 130840062, "TIPO DE ASENTAMIENTO": "COMUNIDAD INDIGENA", "NOMBRE": "XAJHÁ", "MONTO ASIGNADO (PESOS)": 421729, "LATITUD": 20.715506, "LONGITUD": -99.492839 }, "geometry": { "type": "Point", "coordinates": [ -99.492839, 20.715506 ] } },
{ "type": "Feature", "properties": { "NO": 1439, "ENTIDAD": "HIDALGO", "MUNICIPIO": "Zimapán", "PUEBLO INDIGENA O AFROMEXICANO": "OTOMÍ", "LOCALIDAD": "XHITÁ PRIMERO", "CLAVE LOC": 130840064, "TIPO DE ASENTAMIENTO": "COMUNIDAD INDIGENA", "NOMBRE": "XHITÁ PRIMERO", "MONTO ASIGNADO (PESOS)": 307749, "LATITUD": 20.625114, "LONGITUD": -99.31273 }, "geometry": { "type": "Point", "coordinates": [ -99.31273, 20.625114 ] } },
{ "type": "Feature", "properties": { "NO": 1440, "ENTIDAD": "HIDALGO", "MUNICIPIO": "Zimapán", "PUEBLO INDIGENA O AFROMEXICANO": "OTOMÍ", "LOCALIDAD": "XINDHÓ SEGUNDO (XINDHÓ SAUCILLO)", "CLAVE LOC": 130840137, "TIPO DE ASENTAMIENTO": "COMUNIDAD INDIGENA", "NOMBRE": "XINDHÓ SEGUNDO (XINDHÓ SAUCILLO)", "MONTO ASIGNADO (PESOS)": 149309, "LATITUD": 20.671135, "LONGITUD": -99.459451 }, "geometry": { "type": "Point", "coordinates": [ -99.459451, 20.671135 ] } },
{ "type": "Feature", "properties": { "NO": 1441, "ENTIDAD": "HIDALGO", "MUNICIPIO": "Zimapán", "PUEBLO INDIGENA O AFROMEXICANO": "OTOMÍ", "LOCALIDAD": "YETHAY", "CLAVE LOC": 130840067, "TIPO DE ASENTAMIENTO": "COMUNIDAD INDIGENA", "NOMBRE": "YETHAY", "MONTO ASIGNADO (PESOS)": 162243, "LATITUD": 20.6865, "LONGITUD": -99.491228 }, "geometry": { "type": "Point", "coordinates": [ -99.491228, 20.6865 ] } }
]
}
