{
"type": "FeatureCollection",
"name": "michoacan_loc_monto",
"crs": { "type": "name", "properties": { "name": "urn:ogc:def:crs:OGC:1.3:CRS84" } },
"features": [
{ "type": "Feature", "properties": { "NO": 1, "ENTIDAD": "MICHOACAN DE OCAMPO", "MUNICIPIO": "ACUITZIO", "PUEBLO INDIGENA O AFROMEXICANO": "P'URHÉPECHA\n(TARASCO)", "LOCALIDAD": "ACUITZIO DEL CANJE", "CLAVE INEGI": 160010001, "TIPO DE ASENTAMIENTO": "COMUNIDAD INDIGENA", "NOMBRE": "ACUITZIO DEL CANJE", "MONTO ASIGNADO (PESOS)": 5894627, "LATITUD": 19.496252, "LONGITUD": -101.332851 }, "geometry": { "type": "Point", "coordinates": [ -101.332851, 19.496252 ] } },
{ "type": "Feature", "properties": { "NO": 2, "ENTIDAD": "MICHOACAN DE OCAMPO", "MUNICIPIO": "ANGANGUEO", "PUEBLO INDIGENA O AFROMEXICANO": "MAZAHUA", "LOCALIDAD": "BARRIO SUSTENTABLE MONARCA (LAS CASITAS)", "CLAVE INEGI": 160050033, "TIPO DE ASENTAMIENTO": "COMUNIDAD INDIGENA", "NOMBRE": "BARRIO SUSTENTABLE MONARCA (LAS CASITAS)", "MONTO ASIGNADO (PESOS)": 911600, "LATITUD": 19.615944, "LONGITUD": -100.298183 }, "geometry": { "type": "Point", "coordinates": [ -100.298183, 19.615944 ] } },
{ "type": "Feature", "properties": { "NO": 3, "ENTIDAD": "MICHOACAN DE OCAMPO", "MUNICIPIO": "ANGANGUEO", "PUEBLO INDIGENA O AFROMEXICANO": "MAZAHUA", "LOCALIDAD": "CARRILLOS (BARRIO DE CARRILLOS)", "CLAVE INEGI": 160050002, "TIPO DE ASENTAMIENTO": "COMUNIDAD INDIGENA", "NOMBRE": "CARRILLOS (BARRIO DE CARRILLOS)", "MONTO ASIGNADO (PESOS)": 129100, "LATITUD": 19.609591, "LONGITUD": -100.280791 }, "geometry": { "type": "Point", "coordinates": [ -100.280791, 19.609591 ] } },
{ "type": "Feature", "properties": { "NO": 4, "ENTIDAD": "MICHOACAN DE OCAMPO", "MUNICIPIO": "ANGANGUEO", "PUEBLO INDIGENA O AFROMEXICANO": "MAZAHUA", "LOCALIDAD": "DOLORES", "CLAVE INEGI": 160050003, "TIPO DE ASENTAMIENTO": "COMUNIDAD INDIGENA", "NOMBRE": "DOLORES", "MONTO ASIGNADO (PESOS)": 280265, "LATITUD": 19.639641, "LONGITUD": -100.271971 }, "geometry": { "type": "Point", "coordinates": [ -100.271971, 19.639641 ] } },
{ "type": "Feature", "properties": { "NO": 5, "ENTIDAD": "MICHOACAN DE OCAMPO", "MUNICIPIO": "ANGANGUEO", "PUEBLO INDIGENA O AFROMEXICANO": "MAZAHUA", "LOCALIDAD": "JESÚS DE NAZARENO (LA HACIENDA)", "CLAVE INEGI": 160050006, "TIPO DE ASENTAMIENTO": "COMUNIDAD INDIGENA", "NOMBRE": "JESÚS DE NAZARENO (LA HACIENDA)", "MONTO ASIGNADO (PESOS)": 718400, "LATITUD": 19.62266, "LONGITUD": -100.329904 }, "geometry": { "type": "Point", "coordinates": [ -100.329904, 19.62266 ] } },
{ "type": "Feature", "properties": { "NO": 6, "ENTIDAD": "MICHOACAN DE OCAMPO", "MUNICIPIO": "ANGANGUEO", "PUEBLO INDIGENA O AFROMEXICANO": "MAZAHUA", "LOCALIDAD": "LA CALERA", "CLAVE INEGI": 160050032, "TIPO DE ASENTAMIENTO": "COMUNIDAD INDIGENA", "NOMBRE": "LA CALERA", "MONTO ASIGNADO (PESOS)": 174368, "LATITUD": 19.63076, "LONGITUD": -100.331787 }, "geometry": { "type": "Point", "coordinates": [ -100.331787, 19.63076 ] } },
{ "type": "Feature", "properties": { "NO": 7, "ENTIDAD": "MICHOACAN DE OCAMPO", "MUNICIPIO": "ANGANGUEO", "PUEBLO INDIGENA O AFROMEXICANO": "MAZAHUA", "LOCALIDAD": "LA RONDANILLA (PRIMER CUARTEL)", "CLAVE INEGI": 160050009, "TIPO DE ASENTAMIENTO": "COMUNIDAD INDIGENA", "NOMBRE": "LA RONDANILLA (PRIMER CUARTEL)", "MONTO ASIGNADO (PESOS)": 396670, "LATITUD": 19.63163, "LONGITUD": -100.342343 }, "geometry": { "type": "Point", "coordinates": [ -100.342343, 19.63163 ] } },
{ "type": "Feature", "properties": { "NO": 8, "ENTIDAD": "MICHOACAN DE OCAMPO", "MUNICIPIO": "ANGANGUEO", "PUEBLO INDIGENA O AFROMEXICANO": "MAZAHUA", "LOCALIDAD": "MANZANA DE LA TRINIDAD (LA JUNTA)", "CLAVE INEGI": 160050014, "TIPO DE ASENTAMIENTO": "COMUNIDAD INDIGENA", "NOMBRE": "MANZANA DE LA TRINIDAD (LA JUNTA)", "MONTO ASIGNADO (PESOS)": 340892, "LATITUD": 19.611464, "LONGITUD": -100.310303 }, "geometry": { "type": "Point", "coordinates": [ -100.310303, 19.611464 ] } },
{ "type": "Feature", "properties": { "NO": 9, "ENTIDAD": "MICHOACAN DE OCAMPO", "MUNICIPIO": "ANGANGUEO", "PUEBLO INDIGENA O AFROMEXICANO": "MAZAHUA", "LOCALIDAD": "MINERAL DE ANGANGUEO", "CLAVE INEGI": 160050001, "TIPO DE ASENTAMIENTO": "COMUNIDAD INDIGENA", "NOMBRE": "MINERAL DE ANGANGUEO", "MONTO ASIGNADO (PESOS)": 2609397, "LATITUD": 19.619832, "LONGITUD": -100.285511 }, "geometry": { "type": "Point", "coordinates": [ -100.285511, 19.619832 ] } },
{ "type": "Feature", "properties": { "NO": 10, "ENTIDAD": "MICHOACAN DE OCAMPO", "MUNICIPIO": "ANGANGUEO", "PUEBLO INDIGENA O AFROMEXICANO": "MAZAHUA", "LOCALIDAD": "PRIMERA MANZANA DE NICOLÁS ROMERO (LOS MIMBRES)", "CLAVE INEGI": 160050020, "TIPO DE ASENTAMIENTO": "COMUNIDAD INDIGENA", "NOMBRE": "PRIMERA MANZANA DE NICOLÁS ROMERO (LOS MIMBRES)", "MONTO ASIGNADO (PESOS)": 319066, "LATITUD": 19.633798, "LONGITUD": -100.304128 }, "geometry": { "type": "Point", "coordinates": [ -100.304128, 19.633798 ] } },
{ "type": "Feature", "properties": { "NO": 11, "ENTIDAD": "MICHOACAN DE OCAMPO", "MUNICIPIO": "ANGANGUEO", "PUEBLO INDIGENA O AFROMEXICANO": "MAZAHUA", "LOCALIDAD": "SAN MARCIAL", "CLAVE INEGI": 160050028, "TIPO DE ASENTAMIENTO": "COMUNIDAD INDIGENA", "NOMBRE": "SAN MARCIAL", "MONTO ASIGNADO (PESOS)": 201044, "LATITUD": 19.608437, "LONGITUD": -100.304223 }, "geometry": { "type": "Point", "coordinates": [ -100.304223, 19.608437 ] } },
{ "type": "Feature", "properties": { "NO": 12, "ENTIDAD": "MICHOACAN DE OCAMPO", "MUNICIPIO": "ANGANGUEO", "PUEBLO INDIGENA O AFROMEXICANO": "MAZAHUA", "LOCALIDAD": "SEGUNDO CUARTEL DE RONDANILLA", "CLAVE INEGI": 160050021, "TIPO DE ASENTAMIENTO": "COMUNIDAD INDIGENA", "NOMBRE": "SEGUNDO CUARTEL DE RONDANILLA", "MONTO ASIGNADO (PESOS)": 568296, "LATITUD": 19.652919, "LONGITUD": -100.318222 }, "geometry": { "type": "Point", "coordinates": [ -100.318222, 19.652919 ] } },
{ "type": "Feature", "properties": { "NO": 13, "ENTIDAD": "MICHOACAN DE OCAMPO", "MUNICIPIO": "APORO", "PUEBLO INDIGENA O AFROMEXICANO": "MAZAHUA", "LOCALIDAD": "RINCÓN DE SOTO (EL OYAMEL)", "CLAVE INEGI": 160070007, "TIPO DE ASENTAMIENTO": "COMUNIDAD INDIGENA", "NOMBRE": "RINCÓN DE SOTO (EL OYAMEL)", "MONTO ASIGNADO (PESOS)": 600184, "LATITUD": 19.654904, "LONGITUD": -100.351934 }, "geometry": { "type": "Point", "coordinates": [ -100.351934, 19.654904 ] } },
{ "type": "Feature", "properties": { "NO": 14, "ENTIDAD": "MICHOACAN DE OCAMPO", "MUNICIPIO": "AQUILA", "PUEBLO INDIGENA O AFROMEXICANO": "NAHUA", "LOCALIDAD": "AQUILA", "CLAVE INEGI": 160080001, "TIPO DE ASENTAMIENTO": "COMUNIDAD INDIGENA", "NOMBRE": "AQUILA", "MONTO ASIGNADO (PESOS)": 2020145, "LATITUD": 18.599138, "LONGITUD": -103.504754 }, "geometry": { "type": "Point", "coordinates": [ -103.504754, 18.599138 ] } },
{ "type": "Feature", "properties": { "NO": 15, "ENTIDAD": "MICHOACAN DE OCAMPO", "MUNICIPIO": "AQUILA", "PUEBLO INDIGENA O AFROMEXICANO": "NAHUA", "LOCALIDAD": "COIRE", "CLAVE INEGI": 160080044, "TIPO DE ASENTAMIENTO": "COMUNIDAD INDIGENA", "NOMBRE": "COIRE", "MONTO ASIGNADO (PESOS)": 12074027, "LATITUD": 18.393802, "LONGITUD": -103.318226 }, "geometry": { "type": "Point", "coordinates": [ -103.318226, 18.393802 ] } },
{ "type": "Feature", "properties": { "NO": 16, "ENTIDAD": "MICHOACAN DE OCAMPO", "MUNICIPIO": "AQUILA", "PUEBLO INDIGENA O AFROMEXICANO": "NAHUA", "LOCALIDAD": "POMARO", "CLAVE INEGI": 160080141, "TIPO DE ASENTAMIENTO": "COMUNIDAD INDIGENA", "NOMBRE": "POMARO", "MONTO ASIGNADO (PESOS)": 12405426, "LATITUD": 18.340429, "LONGITUD": -103.307792 }, "geometry": { "type": "Point", "coordinates": [ -103.307792, 18.340429 ] } },
{ "type": "Feature", "properties": { "NO": 17, "ENTIDAD": "MICHOACAN DE OCAMPO", "MUNICIPIO": "AQUILA", "PUEBLO INDIGENA O AFROMEXICANO": "NAHUA", "LOCALIDAD": "SANTA MARÍA DE OSTULA", "CLAVE INEGI": 160080120, "TIPO DE ASENTAMIENTO": "COMUNIDAD INDIGENA", "NOMBRE": "SANTA MARÍA DE OSTULA", "MONTO ASIGNADO (PESOS)": 8916084, "LATITUD": 18.503671, "LONGITUD": -103.47753 }, "geometry": { "type": "Point", "coordinates": [ -103.47753, 18.503671 ] } },
{ "type": "Feature", "properties": { "NO": 18, "ENTIDAD": "MICHOACAN DE OCAMPO", "MUNICIPIO": "ARIO", "PUEBLO INDIGENA O AFROMEXICANO": "P'URHÉPECHA\n(TARASCO)", "LOCALIDAD": "LA BARRA (LA BARRA GRANDE)", "CLAVE INEGI": 160090139, "TIPO DE ASENTAMIENTO": "COMUNIDAD INDIGENA", "NOMBRE": "LA BARRA (LA BARRA GRANDE)", "MONTO ASIGNADO (PESOS)": 198619, "LATITUD": 19.165871, "LONGITUD": -101.640934 }, "geometry": { "type": "Point", "coordinates": [ -101.640934, 19.165871 ] } },
{ "type": "Feature", "properties": { "NO": 19, "ENTIDAD": "MICHOACAN DE OCAMPO", "MUNICIPIO": "CARÁCUARO", "PUEBLO INDIGENA O AFROMEXICANO": "PIRINDA", "LOCALIDAD": "PASO DE NÚÑEZ (BUENAVISTA)", "CLAVE INEGI": 160130114, "TIPO DE ASENTAMIENTO": "COMUNIDAD INDIGENA", "NOMBRE": "PASO DE NÚÑEZ (BUENAVISTA)", "MONTO ASIGNADO (PESOS)": 1896374, "LATITUD": 18.895498, "LONGITUD": -100.946682 }, "geometry": { "type": "Point", "coordinates": [ -100.946682, 18.895498 ] } },
{ "type": "Feature", "properties": { "NO": 20, "ENTIDAD": "MICHOACAN DE OCAMPO", "MUNICIPIO": "CHARAPAN", "PUEBLO INDIGENA O AFROMEXICANO": "P'URHÉPECHA\n(TARASCO)", "LOCALIDAD": "CHARAPAN", "CLAVE INEGI": 160210001, "TIPO DE ASENTAMIENTO": "COMUNIDAD INDIGENA", "NOMBRE": "CHARAPAN", "MONTO ASIGNADO (PESOS)": 250355, "LATITUD": 19.650169, "LONGITUD": -102.252738 }, "geometry": { "type": "Point", "coordinates": [ -102.252738, 19.650169 ] } },
{ "type": "Feature", "properties": { "NO": 21, "ENTIDAD": "MICHOACAN DE OCAMPO", "MUNICIPIO": "CHARAPAN", "PUEBLO INDIGENA O AFROMEXICANO": "P'URHÉPECHA\n(TARASCO)", "LOCALIDAD": "COCUCHO", "CLAVE INEGI": 160210002, "TIPO DE ASENTAMIENTO": "COMUNIDAD INDIGENA", "NOMBRE": "COCUCHO", "MONTO ASIGNADO (PESOS)": 4094588, "LATITUD": 19.69401, "LONGITUD": -102.190251 }, "geometry": { "type": "Point", "coordinates": [ -102.190251, 19.69401 ] } },
{ "type": "Feature", "properties": { "NO": 22, "ENTIDAD": "MICHOACAN DE OCAMPO", "MUNICIPIO": "CHARAPAN", "PUEBLO INDIGENA O AFROMEXICANO": "P'URHÉPECHA\n(TARASCO)", "LOCALIDAD": "OCUMICHO", "CLAVE INEGI": 160210004, "TIPO DE ASENTAMIENTO": "COMUNIDAD INDIGENA", "NOMBRE": "OCUMICHO", "MONTO ASIGNADO (PESOS)": 3182308, "LATITUD": 19.796926, "LONGITUD": -102.221548 }, "geometry": { "type": "Point", "coordinates": [ -102.221548, 19.796926 ] } },
{ "type": "Feature", "properties": { "NO": 23, "ENTIDAD": "MICHOACAN DE OCAMPO", "MUNICIPIO": "CHARAPAN", "PUEBLO INDIGENA O AFROMEXICANO": "P'URHÉPECHA\n(TARASCO)", "LOCALIDAD": "SAN FELIPE DE LOS HERREROS", "CLAVE INEGI": 160210006, "TIPO DE ASENTAMIENTO": "COMUNIDAD INDIGENA", "NOMBRE": "SAN FELIPE DE LOS HERREROS", "MONTO ASIGNADO (PESOS)": 1702993, "LATITUD": 19.617385, "LONGITUD": -102.181187 }, "geometry": { "type": "Point", "coordinates": [ -102.181187, 19.617385 ] } },
{ "type": "Feature", "properties": { "NO": 24, "ENTIDAD": "MICHOACAN DE OCAMPO", "MUNICIPIO": "CHERÁN", "PUEBLO INDIGENA O AFROMEXICANO": "P'URHÉPECHA\n(TARASCO)", "LOCALIDAD": "CASIMIRO LECO (EL CERECITO)", "CLAVE INEGI": 160240002, "TIPO DE ASENTAMIENTO": "COMUNIDAD INDIGENA", "NOMBRE": "CASIMIRO LECO (EL CERECITO)", "MONTO ASIGNADO (PESOS)": 847183, "LATITUD": 19.767403, "LONGITUD": -101.968897 }, "geometry": { "type": "Point", "coordinates": [ -101.968897, 19.767403 ] } },
{ "type": "Feature", "properties": { "NO": 25, "ENTIDAD": "MICHOACAN DE OCAMPO", "MUNICIPIO": "CHERÁN", "PUEBLO INDIGENA O AFROMEXICANO": "P'URHÉPECHA\n(TARASCO)", "LOCALIDAD": "CHERÁN", "CLAVE INEGI": 160240001, "TIPO DE ASENTAMIENTO": "COMUNIDAD INDIGENA", "NOMBRE": "CHERÁN", "MONTO ASIGNADO (PESOS)": 4625245, "LATITUD": 19.687651, "LONGITUD": -101.954816 }, "geometry": { "type": "Point", "coordinates": [ -101.954816, 19.687651 ] } },
{ "type": "Feature", "properties": { "NO": 26, "ENTIDAD": "MICHOACAN DE OCAMPO", "MUNICIPIO": "CHERÁN", "PUEBLO INDIGENA O AFROMEXICANO": "P'URHÉPECHA\n(TARASCO)", "LOCALIDAD": "TANACO", "CLAVE INEGI": 160240004, "TIPO DE ASENTAMIENTO": "COMUNIDAD INDIGENA", "NOMBRE": "TANACO", "MONTO ASIGNADO (PESOS)": 2302803, "LATITUD": 19.738828, "LONGITUD": -102.079383 }, "geometry": { "type": "Point", "coordinates": [ -102.079383, 19.738828 ] } },
{ "type": "Feature", "properties": { "NO": 27, "ENTIDAD": "MICHOACAN DE OCAMPO", "MUNICIPIO": "CHILCHOTA", "PUEBLO INDIGENA O AFROMEXICANO": "P'URHÉPECHA\n(TARASCO)", "LOCALIDAD": "ACACHUÉN", "CLAVE INEGI": 160250002, "TIPO DE ASENTAMIENTO": "COMUNIDAD INDIGENA", "NOMBRE": "ACACHUÉN", "MONTO ASIGNADO (PESOS)": 2398190, "LATITUD": 19.847863, "LONGITUD": -102.092577 }, "geometry": { "type": "Point", "coordinates": [ -102.092577, 19.847863 ] } },
{ "type": "Feature", "properties": { "NO": 28, "ENTIDAD": "MICHOACAN DE OCAMPO", "MUNICIPIO": "CHILCHOTA", "PUEBLO INDIGENA O AFROMEXICANO": "P'URHÉPECHA\n(TARASCO)", "LOCALIDAD": "CARAPAN", "CLAVE INEGI": 160250003, "TIPO DE ASENTAMIENTO": "COMUNIDAD INDIGENA", "NOMBRE": "CARAPAN", "MONTO ASIGNADO (PESOS)": 4999520, "LATITUD": 19.860553, "LONGITUD": -102.038517 }, "geometry": { "type": "Point", "coordinates": [ -102.038517, 19.860553 ] } },
{ "type": "Feature", "properties": { "NO": 29, "ENTIDAD": "MICHOACAN DE OCAMPO", "MUNICIPIO": "CHILCHOTA", "PUEBLO INDIGENA O AFROMEXICANO": "P'URHÉPECHA\n(TARASCO)", "LOCALIDAD": "CHILCHOTA", "CLAVE INEGI": 160250001, "TIPO DE ASENTAMIENTO": "COMUNIDAD INDIGENA", "NOMBRE": "CHILCHOTA", "MONTO ASIGNADO (PESOS)": 138800, "LATITUD": 19.849207, "LONGITUD": -102.119437 }, "geometry": { "type": "Point", "coordinates": [ -102.119437, 19.849207 ] } },
{ "type": "Feature", "properties": { "NO": 30, "ENTIDAD": "MICHOACAN DE OCAMPO", "MUNICIPIO": "CHILCHOTA", "PUEBLO INDIGENA O AFROMEXICANO": "P'URHÉPECHA\n(TARASCO)", "LOCALIDAD": "HUÁNCITO", "CLAVE INEGI": 160250005, "TIPO DE ASENTAMIENTO": "COMUNIDAD INDIGENA", "NOMBRE": "HUÁNCITO", "MONTO ASIGNADO (PESOS)": 3571941, "LATITUD": 19.847354, "LONGITUD": -102.068435 }, "geometry": { "type": "Point", "coordinates": [ -102.068435, 19.847354 ] } },
{ "type": "Feature", "properties": { "NO": 31, "ENTIDAD": "MICHOACAN DE OCAMPO", "MUNICIPIO": "CHILCHOTA", "PUEBLO INDIGENA O AFROMEXICANO": "P'URHÉPECHA\n(TARASCO)", "LOCALIDAD": "HUECATO", "CLAVE INEGI": 160250006, "TIPO DE ASENTAMIENTO": "COMUNIDAD INDIGENA", "NOMBRE": "HUECATO", "MONTO ASIGNADO (PESOS)": 669090, "LATITUD": 19.74999, "LONGITUD": -102.142774 }, "geometry": { "type": "Point", "coordinates": [ -102.142774, 19.74999 ] } },
{ "type": "Feature", "properties": { "NO": 32, "ENTIDAD": "MICHOACAN DE OCAMPO", "MUNICIPIO": "CHILCHOTA", "PUEBLO INDIGENA O AFROMEXICANO": "P'URHÉPECHA\n(TARASCO)", "LOCALIDAD": "ICHÁN", "CLAVE INEGI": 160250007, "TIPO DE ASENTAMIENTO": "COMUNIDAD INDIGENA", "NOMBRE": "ICHÁN", "MONTO ASIGNADO (PESOS)": 3537990, "LATITUD": 19.856681, "LONGITUD": -102.05376 }, "geometry": { "type": "Point", "coordinates": [ -102.05376, 19.856681 ] } },
{ "type": "Feature", "properties": { "NO": 33, "ENTIDAD": "MICHOACAN DE OCAMPO", "MUNICIPIO": "CHILCHOTA", "PUEBLO INDIGENA O AFROMEXICANO": "P'URHÉPECHA\n(TARASCO)", "LOCALIDAD": "LOS NOGALES", "CLAVE INEGI": 160250009, "TIPO DE ASENTAMIENTO": "COMUNIDAD INDIGENA", "NOMBRE": "LOS NOGALES", "MONTO ASIGNADO (PESOS)": 1413597, "LATITUD": 19.856223, "LONGITUD": -102.156818 }, "geometry": { "type": "Point", "coordinates": [ -102.156818, 19.856223 ] } },
{ "type": "Feature", "properties": { "NO": 34, "ENTIDAD": "MICHOACAN DE OCAMPO", "MUNICIPIO": "CHILCHOTA", "PUEBLO INDIGENA O AFROMEXICANO": "P'URHÉPECHA\n(TARASCO)", "LOCALIDAD": "MORELOS (JOSÉ MARÍA MORELOS)", "CLAVE INEGI": 160250008, "TIPO DE ASENTAMIENTO": "COMUNIDAD INDIGENA", "NOMBRE": "MORELOS (JOSÉ MARÍA MORELOS)", "MONTO ASIGNADO (PESOS)": 535709, "LATITUD": 19.774876, "LONGITUD": -102.0262 }, "geometry": { "type": "Point", "coordinates": [ -102.0262, 19.774876 ] } },
{ "type": "Feature", "properties": { "NO": 35, "ENTIDAD": "MICHOACAN DE OCAMPO", "MUNICIPIO": "CHILCHOTA", "PUEBLO INDIGENA O AFROMEXICANO": "P'URHÉPECHA\n(TARASCO)", "LOCALIDAD": "RANCHO SECO", "CLAVE INEGI": 160250011, "TIPO DE ASENTAMIENTO": "COMUNIDAD INDIGENA", "NOMBRE": "RANCHO SECO", "MONTO ASIGNADO (PESOS)": 151734, "LATITUD": 19.759439, "LONGITUD": -102.028606 }, "geometry": { "type": "Point", "coordinates": [ -102.028606, 19.759439 ] } },
{ "type": "Feature", "properties": { "NO": 36, "ENTIDAD": "MICHOACAN DE OCAMPO", "MUNICIPIO": "CHILCHOTA", "PUEBLO INDIGENA O AFROMEXICANO": "P'URHÉPECHA\n(TARASCO)", "LOCALIDAD": "SAN JUAN CARAPAN", "CLAVE INEGI": 160250023, "TIPO DE ASENTAMIENTO": "COMUNIDAD INDIGENA", "NOMBRE": "SAN JUAN CARAPAN", "MONTO ASIGNADO (PESOS)": 93531, "LATITUD": 19.845449, "LONGITUD": -102.031832 }, "geometry": { "type": "Point", "coordinates": [ -102.031832, 19.845449 ] } },
{ "type": "Feature", "properties": { "NO": 37, "ENTIDAD": "MICHOACAN DE OCAMPO", "MUNICIPIO": "CHILCHOTA", "PUEBLO INDIGENA O AFROMEXICANO": "P'URHÉPECHA\n(TARASCO)", "LOCALIDAD": "SANTO TOMÁS", "CLAVE INEGI": 160250013, "TIPO DE ASENTAMIENTO": "COMUNIDAD INDIGENA", "NOMBRE": "SANTO TOMÁS", "MONTO ASIGNADO (PESOS)": 1517877, "LATITUD": 19.845156, "LONGITUD": -102.085264 }, "geometry": { "type": "Point", "coordinates": [ -102.085264, 19.845156 ] } },
{ "type": "Feature", "properties": { "NO": 38, "ENTIDAD": "MICHOACAN DE OCAMPO", "MUNICIPIO": "CHILCHOTA", "PUEBLO INDIGENA O AFROMEXICANO": "P'URHÉPECHA\n(TARASCO)", "LOCALIDAD": "TACURO (SANTA MARÍA TACURO)", "CLAVE INEGI": 160250014, "TIPO DE ASENTAMIENTO": "COMUNIDAD INDIGENA", "NOMBRE": "TACURO (SANTA MARÍA TACURO)", "MONTO ASIGNADO (PESOS)": 1693293, "LATITUD": 19.856281, "LONGITUD": -102.051096 }, "geometry": { "type": "Point", "coordinates": [ -102.051096, 19.856281 ] } },
{ "type": "Feature", "properties": { "NO": 39, "ENTIDAD": "MICHOACAN DE OCAMPO", "MUNICIPIO": "CHILCHOTA", "PUEBLO INDIGENA O AFROMEXICANO": "P'URHÉPECHA\n(TARASCO)", "LOCALIDAD": "TANAQUILLO", "CLAVE INEGI": 160250015, "TIPO DE ASENTAMIENTO": "COMUNIDAD INDIGENA", "NOMBRE": "TANAQUILLO", "MONTO ASIGNADO (PESOS)": 1321443, "LATITUD": 19.846904, "LONGITUD": -102.098804 }, "geometry": { "type": "Point", "coordinates": [ -102.098804, 19.846904 ] } },
{ "type": "Feature", "properties": { "NO": 40, "ENTIDAD": "MICHOACAN DE OCAMPO", "MUNICIPIO": "CHILCHOTA", "PUEBLO INDIGENA O AFROMEXICANO": "P'URHÉPECHA\n(TARASCO)", "LOCALIDAD": "URÉN", "CLAVE INEGI": 160250016, "TIPO DE ASENTAMIENTO": "COMUNIDAD INDIGENA", "NOMBRE": "URÉN", "MONTO ASIGNADO (PESOS)": 1386921, "LATITUD": 19.844913, "LONGITUD": -102.10597 }, "geometry": { "type": "Point", "coordinates": [ -102.10597, 19.844913 ] } },
{ "type": "Feature", "properties": { "NO": 41, "ENTIDAD": "MICHOACAN DE OCAMPO", "MUNICIPIO": "CHILCHOTA", "PUEBLO INDIGENA O AFROMEXICANO": "P'URHÉPECHA\n(TARASCO)", "LOCALIDAD": "ZOPOCO", "CLAVE INEGI": 160250017, "TIPO DE ASENTAMIENTO": "COMUNIDAD INDIGENA", "NOMBRE": "ZOPOCO", "MONTO ASIGNADO (PESOS)": 2512978, "LATITUD": 19.840553, "LONGITUD": -102.075651 }, "geometry": { "type": "Point", "coordinates": [ -102.075651, 19.840553 ] } },
{ "type": "Feature", "properties": { "NO": 42, "ENTIDAD": "MICHOACAN DE OCAMPO", "MUNICIPIO": "CHINICUILA", "PUEBLO INDIGENA O AFROMEXICANO": "NAHUA", "LOCALIDAD": "HUITZONTLA", "CLAVE INEGI": 160260069, "TIPO DE ASENTAMIENTO": "COMUNIDAD INDIGENA", "NOMBRE": "HUITZONTLA", "MONTO ASIGNADO (PESOS)": 2238321, "LATITUD": 18.636944, "LONGITUD": -103.404167 }, "geometry": { "type": "Point", "coordinates": [ -103.404167, 18.636944 ] } },
{ "type": "Feature", "properties": { "NO": 43, "ENTIDAD": "MICHOACAN DE OCAMPO", "MUNICIPIO": "CHURUMUCO", "PUEBLO INDIGENA O AFROMEXICANO": "PIRINDA", "LOCALIDAD": "CANIPIO", "CLAVE INEGI": 160290014, "TIPO DE ASENTAMIENTO": "COMUNIDAD INDIGENA", "NOMBRE": "CANIPIO", "MONTO ASIGNADO (PESOS)": 95148, "LATITUD": 18.688621, "LONGITUD": -101.687438 }, "geometry": { "type": "Point", "coordinates": [ -101.687438, 18.688621 ] } },
{ "type": "Feature", "properties": { "NO": 44, "ENTIDAD": "MICHOACAN DE OCAMPO", "MUNICIPIO": "CHURUMUCO", "PUEBLO INDIGENA O AFROMEXICANO": "PIRINDA", "LOCALIDAD": "EL AHUIJOTE", "CLAVE INEGI": 160290005, "TIPO DE ASENTAMIENTO": "COMUNIDAD INDIGENA", "NOMBRE": "EL AHUIJOTE", "MONTO ASIGNADO (PESOS)": 147692, "LATITUD": 18.709949, "LONGITUD": -101.767382 }, "geometry": { "type": "Point", "coordinates": [ -101.767382, 18.709949 ] } },
{ "type": "Feature", "properties": { "NO": 45, "ENTIDAD": "MICHOACAN DE OCAMPO", "MUNICIPIO": "CHURUMUCO", "PUEBLO INDIGENA O AFROMEXICANO": "PIRINDA", "LOCALIDAD": "EL CUIRINDAL", "CLAVE INEGI": 160290030, "TIPO DE ASENTAMIENTO": "COMUNIDAD INDIGENA", "NOMBRE": "EL CUIRINDAL", "MONTO ASIGNADO (PESOS)": 266522, "LATITUD": 18.580145, "LONGITUD": -101.53096 }, "geometry": { "type": "Point", "coordinates": [ -101.53096, 18.580145 ] } },
{ "type": "Feature", "properties": { "NO": 46, "ENTIDAD": "MICHOACAN DE OCAMPO", "MUNICIPIO": "CHURUMUCO", "PUEBLO INDIGENA O AFROMEXICANO": "PIRINDA", "LOCALIDAD": "EL PITIRAL", "CLAVE INEGI": 160290153, "TIPO DE ASENTAMIENTO": "COMUNIDAD INDIGENA", "NOMBRE": "EL PITIRAL", "MONTO ASIGNADO (PESOS)": 444363, "LATITUD": 18.64453, "LONGITUD": -101.698558 }, "geometry": { "type": "Point", "coordinates": [ -101.698558, 18.64453 ] } },
{ "type": "Feature", "properties": { "NO": 47, "ENTIDAD": "MICHOACAN DE OCAMPO", "MUNICIPIO": "CHURUMUCO", "PUEBLO INDIGENA O AFROMEXICANO": "PIRINDA", "LOCALIDAD": "MELCHOR OCAMPO (CUNUATO)", "CLAVE INEGI": 160290166, "TIPO DE ASENTAMIENTO": "COMUNIDAD INDIGENA", "NOMBRE": "MELCHOR OCAMPO (CUNUATO)", "MONTO ASIGNADO (PESOS)": 205086, "LATITUD": 18.774921, "LONGITUD": -101.684332 }, "geometry": { "type": "Point", "coordinates": [ -101.684332, 18.774921 ] } },
{ "type": "Feature", "properties": { "NO": 48, "ENTIDAD": "MICHOACAN DE OCAMPO", "MUNICIPIO": "CHURUMUCO", "PUEBLO INDIGENA O AFROMEXICANO": "PIRINDA", "LOCALIDAD": "PALMA DE HUARO", "CLAVE INEGI": 160290062, "TIPO DE ASENTAMIENTO": "COMUNIDAD INDIGENA", "NOMBRE": "PALMA DE HUARO", "MONTO ASIGNADO (PESOS)": 866662, "LATITUD": 18.723888, "LONGITUD": -101.749166 }, "geometry": { "type": "Point", "coordinates": [ -101.749166, 18.723888 ] } },
{ "type": "Feature", "properties": { "NO": 49, "ENTIDAD": "MICHOACAN DE OCAMPO", "MUNICIPIO": "CHURUMUCO", "PUEBLO INDIGENA O AFROMEXICANO": "PIRINDA", "LOCALIDAD": "POTURO", "CLAVE INEGI": 160290076, "TIPO DE ASENTAMIENTO": "COMUNIDAD INDIGENA", "NOMBRE": "POTURO", "MONTO ASIGNADO (PESOS)": 927768, "LATITUD": 18.825209, "LONGITUD": -101.613593 }, "geometry": { "type": "Point", "coordinates": [ -101.613593, 18.825209 ] } },
{ "type": "Feature", "properties": { "NO": 50, "ENTIDAD": "MICHOACAN DE OCAMPO", "MUNICIPIO": "CHURUMUCO", "PUEBLO INDIGENA O AFROMEXICANO": "PIRINDA", "LOCALIDAD": "RAMÍREZ DEL VARAL (PUERTO DEL VARAL)", "CLAVE INEGI": 160290125, "TIPO DE ASENTAMIENTO": "COMUNIDAD INDIGENA", "NOMBRE": "RAMÍREZ DEL VARAL (PUERTO DEL VARAL)", "MONTO ASIGNADO (PESOS)": 182452, "LATITUD": 18.752954, "LONGITUD": -101.520645 }, "geometry": { "type": "Point", "coordinates": [ -101.520645, 18.752954 ] } },
{ "type": "Feature", "properties": { "NO": 51, "ENTIDAD": "MICHOACAN DE OCAMPO", "MUNICIPIO": "CHURUMUCO", "PUEBLO INDIGENA O AFROMEXICANO": "PIRINDA", "LOCALIDAD": "SAN MARTÍN DE LA LUZ", "CLAVE INEGI": 160290089, "TIPO DE ASENTAMIENTO": "COMUNIDAD INDIGENA", "NOMBRE": "SAN MARTÍN DE LA LUZ", "MONTO ASIGNADO (PESOS)": 437896, "LATITUD": 18.645301, "LONGITUD": -101.806606 }, "geometry": { "type": "Point", "coordinates": [ -101.806606, 18.645301 ] } },
{ "type": "Feature", "properties": { "NO": 52, "ENTIDAD": "MICHOACAN DE OCAMPO", "MUNICIPIO": "COAHUAYANA", "PUEBLO INDIGENA O AFROMEXICANO": "NAHUA", "LOCALIDAD": "ACHOTÁN", "CLAVE INEGI": 160140002, "TIPO DE ASENTAMIENTO": "COMUNIDAD INDIGENA", "NOMBRE": "ACHOTÁN", "MONTO ASIGNADO (PESOS)": 261672, "LATITUD": 18.747236, "LONGITUD": -103.594045 }, "geometry": { "type": "Point", "coordinates": [ -103.594045, 18.747236 ] } },
{ "type": "Feature", "properties": { "NO": 53, "ENTIDAD": "MICHOACAN DE OCAMPO", "MUNICIPIO": "COAHUAYANA", "PUEBLO INDIGENA O AFROMEXICANO": "AFROMEXICANO", "LOCALIDAD": "EL TICUIZ", "CLAVE INEGI": 160140066, "TIPO DE ASENTAMIENTO": "COMUNIDAD AFROMEXICANA", "NOMBRE": "EL TICUIZ", "MONTO ASIGNADO (PESOS)": 1670270, "LATITUD": 18.663877, "LONGITUD": -103.68513 }, "geometry": { "type": "Point", "coordinates": [ -103.68513, 18.663877 ] } },
{ "type": "Feature", "properties": { "NO": 54, "ENTIDAD": "MICHOACAN DE OCAMPO", "MUNICIPIO": "COENEO", "PUEBLO INDIGENA O AFROMEXICANO": "P'URHÉPECHA\n(TARASCO)", "LOCALIDAD": "COMANJA", "CLAVE INEGI": 160160011, "TIPO DE ASENTAMIENTO": "COMUNIDAD INDIGENA", "NOMBRE": "COMANJA", "MONTO ASIGNADO (PESOS)": 1427340, "LATITUD": 19.746282, "LONGITUD": -101.691094 }, "geometry": { "type": "Point", "coordinates": [ -101.691094, 19.746282 ] } },
{ "type": "Feature", "properties": { "NO": 55, "ENTIDAD": "MICHOACAN DE OCAMPO", "MUNICIPIO": "COENEO", "PUEBLO INDIGENA O AFROMEXICANO": "P'URHÉPECHA\n(TARASCO)", "LOCALIDAD": "SANTIAGO AZAJO", "CLAVE INEGI": 160160003, "TIPO DE ASENTAMIENTO": "COMUNIDAD INDIGENA", "NOMBRE": "SANTIAGO AZAJO", "MONTO ASIGNADO (PESOS)": 1389346, "LATITUD": 19.707394, "LONGITUD": -101.68663 }, "geometry": { "type": "Point", "coordinates": [ -101.68663, 19.707394 ] } },
{ "type": "Feature", "properties": { "NO": 56, "ENTIDAD": "MICHOACAN DE OCAMPO", "MUNICIPIO": "COENEO", "PUEBLO INDIGENA O AFROMEXICANO": "P'URHÉPECHA\n(TARASCO)", "LOCALIDAD": "ZIPIAJO", "CLAVE INEGI": 160160034, "TIPO DE ASENTAMIENTO": "COMUNIDAD INDIGENA", "NOMBRE": "ZIPIAJO", "MONTO ASIGNADO (PESOS)": 2320587, "LATITUD": 19.793623, "LONGITUD": -101.554031 }, "geometry": { "type": "Point", "coordinates": [ -101.554031, 19.793623 ] } },
{ "type": "Feature", "properties": { "NO": 57, "ENTIDAD": "MICHOACAN DE OCAMPO", "MUNICIPIO": "CUITZEO", "PUEBLO INDIGENA O AFROMEXICANO": "P'URHÉPECHA\n(TARASCO)", "LOCALIDAD": "CUARACURIO", "CLAVE INEGI": 160200005, "TIPO DE ASENTAMIENTO": "COMUNIDAD INDIGENA", "NOMBRE": "CUARACURIO", "MONTO ASIGNADO (PESOS)": 1408747, "LATITUD": 20.059877, "LONGITUD": -101.146519 }, "geometry": { "type": "Point", "coordinates": [ -101.146519, 20.059877 ] } },
{ "type": "Feature", "properties": { "NO": 58, "ENTIDAD": "MICHOACAN DE OCAMPO", "MUNICIPIO": "CUITZEO", "PUEBLO INDIGENA O AFROMEXICANO": "P'URHÉPECHA\n(TARASCO)", "LOCALIDAD": "JERUCO", "CLAVE INEGI": 160200010, "TIPO DE ASENTAMIENTO": "COMUNIDAD INDIGENA", "NOMBRE": "JERUCO", "MONTO ASIGNADO (PESOS)": 800046, "LATITUD": 19.969073, "LONGITUD": -101.169651 }, "geometry": { "type": "Point", "coordinates": [ -101.169651, 19.969073 ] } },
{ "type": "Feature", "properties": { "NO": 59, "ENTIDAD": "MICHOACAN DE OCAMPO", "MUNICIPIO": "ERONGARÍCUARO", "PUEBLO INDIGENA O AFROMEXICANO": "P'URHÉPECHA\n(TARASCO)", "LOCALIDAD": "ARÓCUTIN", "CLAVE INEGI": 160320002, "TIPO DE ASENTAMIENTO": "COMUNIDAD INDIGENA", "NOMBRE": "ARÓCUTIN", "MONTO ASIGNADO (PESOS)": 648881, "LATITUD": 19.556419, "LONGITUD": -101.696721 }, "geometry": { "type": "Point", "coordinates": [ -101.696721, 19.556419 ] } },
{ "type": "Feature", "properties": { "NO": 60, "ENTIDAD": "MICHOACAN DE OCAMPO", "MUNICIPIO": "ERONGARÍCUARO", "PUEBLO INDIGENA O AFROMEXICANO": "P'URHÉPECHA\n(TARASCO)", "LOCALIDAD": "COLONIA LÁZARO CÁRDENAS", "CLAVE INEGI": 160320005, "TIPO DE ASENTAMIENTO": "COMUNIDAD INDIGENA", "NOMBRE": "COLONIA LÁZARO CÁRDENAS", "MONTO ASIGNADO (PESOS)": 545409, "LATITUD": 19.681565, "LONGITUD": -101.746018 }, "geometry": { "type": "Point", "coordinates": [ -101.746018, 19.681565 ] } },
{ "type": "Feature", "properties": { "NO": 61, "ENTIDAD": "MICHOACAN DE OCAMPO", "MUNICIPIO": "ERONGARÍCUARO", "PUEBLO INDIGENA O AFROMEXICANO": "P'URHÉPECHA\n(TARASCO)", "LOCALIDAD": "COLONIA REVOLUCIÓN (LA ORTIGA)", "CLAVE INEGI": 160320017, "TIPO DE ASENTAMIENTO": "COMUNIDAD INDIGENA", "NOMBRE": "COLONIA REVOLUCIÓN (LA ORTIGA)", "MONTO ASIGNADO (PESOS)": 188111, "LATITUD": 19.598109, "LONGITUD": -101.683034 }, "geometry": { "type": "Point", "coordinates": [ -101.683034, 19.598109 ] } },
{ "type": "Feature", "properties": { "NO": 62, "ENTIDAD": "MICHOACAN DE OCAMPO", "MUNICIPIO": "ERONGARÍCUARO", "PUEBLO INDIGENA O AFROMEXICANO": "P'URHÉPECHA\n(TARASCO)", "LOCALIDAD": "ERONGARÍCUARO", "CLAVE INEGI": 160320001, "TIPO DE ASENTAMIENTO": "COMUNIDAD INDIGENA", "NOMBRE": "ERONGARÍCUARO", "MONTO ASIGNADO (PESOS)": 183260, "LATITUD": 19.588252, "LONGITUD": -101.720085 }, "geometry": { "type": "Point", "coordinates": [ -101.720085, 19.588252 ] } },
{ "type": "Feature", "properties": { "NO": 63, "ENTIDAD": "MICHOACAN DE OCAMPO", "MUNICIPIO": "ERONGARÍCUARO", "PUEBLO INDIGENA O AFROMEXICANO": "P'URHÉPECHA\n(TARASCO)", "LOCALIDAD": "JARÁCUARO", "CLAVE INEGI": 160320004, "TIPO DE ASENTAMIENTO": "COMUNIDAD INDIGENA", "NOMBRE": "JARÁCUARO", "MONTO ASIGNADO (PESOS)": 2227624, "LATITUD": 19.560833, "LONGITUD": -101.677499 }, "geometry": { "type": "Point", "coordinates": [ -101.677499, 19.560833 ] } },
{ "type": "Feature", "properties": { "NO": 64, "ENTIDAD": "MICHOACAN DE OCAMPO", "MUNICIPIO": "ERONGARÍCUARO", "PUEBLO INDIGENA O AFROMEXICANO": "P'URHÉPECHA\n(TARASCO)", "LOCALIDAD": "LA ZARZAMORA", "CLAVE INEGI": 160320012, "TIPO DE ASENTAMIENTO": "COMUNIDAD INDIGENA", "NOMBRE": "LA ZARZAMORA", "MONTO ASIGNADO (PESOS)": 365952, "LATITUD": 19.608586, "LONGITUD": -101.759156 }, "geometry": { "type": "Point", "coordinates": [ -101.759156, 19.608586 ] } },
{ "type": "Feature", "properties": { "NO": 65, "ENTIDAD": "MICHOACAN DE OCAMPO", "MUNICIPIO": "ERONGARÍCUARO", "PUEBLO INDIGENA O AFROMEXICANO": "P'URHÉPECHA\n(TARASCO)", "LOCALIDAD": "NAPÍZARO", "CLAVE INEGI": 160320006, "TIPO DE ASENTAMIENTO": "COMUNIDAD INDIGENA", "NOMBRE": "NAPÍZARO", "MONTO ASIGNADO (PESOS)": 446788, "LATITUD": 19.596977, "LONGITUD": -101.6922 }, "geometry": { "type": "Point", "coordinates": [ -101.6922, 19.596977 ] } },
{ "type": "Feature", "properties": { "NO": 66, "ENTIDAD": "MICHOACAN DE OCAMPO", "MUNICIPIO": "ERONGARÍCUARO", "PUEBLO INDIGENA O AFROMEXICANO": "P'URHÉPECHA\n(TARASCO)", "LOCALIDAD": "PUÁCUARO", "CLAVE INEGI": 160320009, "TIPO DE ASENTAMIENTO": "COMUNIDAD INDIGENA", "NOMBRE": "PUÁCUARO", "MONTO ASIGNADO (PESOS)": 1662575, "LATITUD": 19.601719, "LONGITUD": -101.673663 }, "geometry": { "type": "Point", "coordinates": [ -101.673663, 19.601719 ] } },
{ "type": "Feature", "properties": { "NO": 67, "ENTIDAD": "MICHOACAN DE OCAMPO", "MUNICIPIO": "ERONGARÍCUARO", "PUEBLO INDIGENA O AFROMEXICANO": "P'URHÉPECHA\n(TARASCO)", "LOCALIDAD": "SAN JOSÉ OPONGUIO", "CLAVE INEGI": 160320008, "TIPO DE ASENTAMIENTO": "COMUNIDAD INDIGENA", "NOMBRE": "SAN JOSÉ OPONGUIO", "MONTO ASIGNADO (PESOS)": 360293, "LATITUD": 19.645126, "LONGITUD": -101.649079 }, "geometry": { "type": "Point", "coordinates": [ -101.649079, 19.645126 ] } },
{ "type": "Feature", "properties": { "NO": 68, "ENTIDAD": "MICHOACAN DE OCAMPO", "MUNICIPIO": "ERONGARÍCUARO", "PUEBLO INDIGENA O AFROMEXICANO": "P'URHÉPECHA\n(TARASCO)", "LOCALIDAD": "SAN MIGUEL NOCUTZEPO", "CLAVE INEGI": 160320007, "TIPO DE ASENTAMIENTO": "COMUNIDAD INDIGENA", "NOMBRE": "SAN MIGUEL NOCUTZEPO", "MONTO ASIGNADO (PESOS)": 847739, "LATITUD": 19.529655, "LONGITUD": -101.698373 }, "geometry": { "type": "Point", "coordinates": [ -101.698373, 19.529655 ] } },
{ "type": "Feature", "properties": { "NO": 69, "ENTIDAD": "MICHOACAN DE OCAMPO", "MUNICIPIO": "ERONGARÍCUARO", "PUEBLO INDIGENA O AFROMEXICANO": "P'URHÉPECHA\n(TARASCO)", "LOCALIDAD": "TOCUARO", "CLAVE INEGI": 160320010, "TIPO DE ASENTAMIENTO": "COMUNIDAD INDIGENA", "NOMBRE": "TOCUARO", "MONTO ASIGNADO (PESOS)": 662623, "LATITUD": 19.538704, "LONGITUD": -101.694433 }, "geometry": { "type": "Point", "coordinates": [ -101.694433, 19.538704 ] } },
{ "type": "Feature", "properties": { "NO": 70, "ENTIDAD": "MICHOACAN DE OCAMPO", "MUNICIPIO": "ERONGARÍCUARO", "PUEBLO INDIGENA O AFROMEXICANO": "P'URHÉPECHA\n(TARASCO)", "LOCALIDAD": "YOTÁTIRO", "CLAVE INEGI": 160320014, "TIPO DE ASENTAMIENTO": "COMUNIDAD INDIGENA", "NOMBRE": "YOTÁTIRO", "MONTO ASIGNADO (PESOS)": 426579, "LATITUD": 19.602996, "LONGITUD": -101.742481 }, "geometry": { "type": "Point", "coordinates": [ -101.742481, 19.602996 ] } },
{ "type": "Feature", "properties": { "NO": 71, "ENTIDAD": "MICHOACAN DE OCAMPO", "MUNICIPIO": "ERONGARÍCUARO", "PUEBLO INDIGENA O AFROMEXICANO": "P'URHÉPECHA\n(TARASCO)", "LOCALIDAD": "ZINCIRO", "CLAVE INEGI": 160320013, "TIPO DE ASENTAMIENTO": "COMUNIDAD INDIGENA", "NOMBRE": "ZINCIRO", "MONTO ASIGNADO (PESOS)": 488015, "LATITUD": 19.670699, "LONGITUD": -101.740397 }, "geometry": { "type": "Point", "coordinates": [ -101.740397, 19.670699 ] } },
{ "type": "Feature", "properties": { "NO": 72, "ENTIDAD": "MICHOACAN DE OCAMPO", "MUNICIPIO": "ERONGARÍCUARO", "PUEBLO INDIGENA O AFROMEXICANO": "P'URHÉPECHA\n(TARASCO)", "LOCALIDAD": "SAN FRANCISCO URICHO", "CLAVE INEGI": 160320011, "TIPO DE ASENTAMIENTO": "LOCALIDADCONPOBLACION INDIGENA", "NOMBRE": "SAN FRANCISCO URICHO", "MONTO ASIGNADO (PESOS)": 1758771, "LATITUD": 19.572422, "LONGITUD": -101.716383 }, "geometry": { "type": "Point", "coordinates": [ -101.716383, 19.572422 ] } },
{ "type": "Feature", "properties": { "NO": 73, "ENTIDAD": "MICHOACAN DE OCAMPO", "MUNICIPIO": "HIDALGO", "PUEBLO INDIGENA O AFROMEXICANO": "OTOMÍ", "LOCALIDAD": "SAN BARTOLO CUITAREO", "CLAVE INEGI": 160340041, "TIPO DE ASENTAMIENTO": "COMUNIDAD INDIGENA", "NOMBRE": "SAN BARTOLO CUITAREO", "MONTO ASIGNADO (PESOS)": 2007599, "LATITUD": 19.657752, "LONGITUD": -100.5993 }, "geometry": { "type": "Point", "coordinates": [ -100.5993, 19.657752 ] } },
{ "type": "Feature", "properties": { "NO": 74, "ENTIDAD": "MICHOACAN DE OCAMPO", "MUNICIPIO": "HIDALGO", "PUEBLO INDIGENA O AFROMEXICANO": "P'URHÉPECHA\n(TARASCO)", "LOCALIDAD": "SAN LUCAS HUARIRAPEO (LA MESA DE SAN LUCAS)", "CLAVE INEGI": 160340128, "TIPO DE ASENTAMIENTO": "COMUNIDAD INDIGENA", "NOMBRE": "SAN LUCAS HUARIRAPEO (LA MESA DE SAN LUCAS)", "MONTO ASIGNADO (PESOS)": 1373179, "LATITUD": 19.679909, "LONGITUD": -100.624001 }, "geometry": { "type": "Point", "coordinates": [ -100.624001, 19.679909 ] } },
{ "type": "Feature", "properties": { "NO": 75, "ENTIDAD": "MICHOACAN DE OCAMPO", "MUNICIPIO": "HIDALGO", "PUEBLO INDIGENA O AFROMEXICANO": "OTOMÍ", "LOCALIDAD": "SAN MATÍAS GRANDE", "CLAVE INEGI": 160340130, "TIPO DE ASENTAMIENTO": "COMUNIDAD INDIGENA", "NOMBRE": "SAN MATÍAS GRANDE", "MONTO ASIGNADO (PESOS)": 1595649, "LATITUD": 19.719797, "LONGITUD": -100.607174 }, "geometry": { "type": "Point", "coordinates": [ -100.607174, 19.719797 ] } },
{ "type": "Feature", "properties": { "NO": 76, "ENTIDAD": "MICHOACAN DE OCAMPO", "MUNICIPIO": "HIDALGO", "PUEBLO INDIGENA O AFROMEXICANO": "P'URHÉPECHA\n(TARASCO)", "LOCALIDAD": "SAN PEDRO JÁCUARO (LAS JOYAS)", "CLAVE INEGI": 160340133, "TIPO DE ASENTAMIENTO": "COMUNIDAD INDIGENA", "NOMBRE": "SAN PEDRO JÁCUARO (LAS JOYAS)", "MONTO ASIGNADO (PESOS)": 7813334, "LATITUD": 19.714515, "LONGITUD": -100.644566 }, "geometry": { "type": "Point", "coordinates": [ -100.644566, 19.714515 ] } },
{ "type": "Feature", "properties": { "NO": 77, "ENTIDAD": "MICHOACAN DE OCAMPO", "MUNICIPIO": "HIDALGO", "PUEBLO INDIGENA O AFROMEXICANO": "OTOMÍ", "LOCALIDAD": "SOLACHE", "CLAVE INEGI": 160340141, "TIPO DE ASENTAMIENTO": "COMUNIDAD INDIGENA", "NOMBRE": "SOLACHE", "MONTO ASIGNADO (PESOS)": 443555, "LATITUD": 19.690323, "LONGITUD": -100.5151 }, "geometry": { "type": "Point", "coordinates": [ -100.5151, 19.690323 ] } },
{ "type": "Feature", "properties": { "NO": 78, "ENTIDAD": "MICHOACAN DE OCAMPO", "MUNICIPIO": "HUETAMO", "PUEBLO INDIGENA O AFROMEXICANO": "PIRINDA", "LOCALIDAD": "ARROYO SECO", "CLAVE INEGI": 160380014, "TIPO DE ASENTAMIENTO": "COMUNIDAD INDIGENA", "NOMBRE": "ARROYO SECO", "MONTO ASIGNADO (PESOS)": 268139, "LATITUD": 18.531969, "LONGITUD": -101.016006 }, "geometry": { "type": "Point", "coordinates": [ -101.016006, 18.531969 ] } },
{ "type": "Feature", "properties": { "NO": 79, "ENTIDAD": "MICHOACAN DE OCAMPO", "MUNICIPIO": "HUETAMO", "PUEBLO INDIGENA O AFROMEXICANO": "PIRINDA", "LOCALIDAD": "BUENAVISTA TRES", "CLAVE INEGI": 160380023, "TIPO DE ASENTAMIENTO": "COMUNIDAD INDIGENA", "NOMBRE": "BUENAVISTA TRES", "MONTO ASIGNADO (PESOS)": 305324, "LATITUD": 18.5771, "LONGITUD": -101.350037 }, "geometry": { "type": "Point", "coordinates": [ -101.350037, 18.5771 ] } },
{ "type": "Feature", "properties": { "NO": 80, "ENTIDAD": "MICHOACAN DE OCAMPO", "MUNICIPIO": "HUETAMO", "PUEBLO INDIGENA O AFROMEXICANO": "PIRINDA", "LOCALIDAD": "CAPEO", "CLAVE INEGI": 160380025, "TIPO DE ASENTAMIENTO": "COMUNIDAD INDIGENA", "NOMBRE": "CAPEO", "MONTO ASIGNADO (PESOS)": 497716, "LATITUD": 18.529494, "LONGITUD": -101.038688 }, "geometry": { "type": "Point", "coordinates": [ -101.038688, 18.529494 ] } },
{ "type": "Feature", "properties": { "NO": 81, "ENTIDAD": "MICHOACAN DE OCAMPO", "MUNICIPIO": "HUETAMO", "PUEBLO INDIGENA O AFROMEXICANO": "PIRINDA", "LOCALIDAD": "CHIHUERO", "CLAVE INEGI": 160380049, "TIPO DE ASENTAMIENTO": "COMUNIDAD INDIGENA", "NOMBRE": "CHIHUERO", "MONTO ASIGNADO (PESOS)": 264906, "LATITUD": 18.69106, "LONGITUD": -100.873795 }, "geometry": { "type": "Point", "coordinates": [ -100.873795, 18.69106 ] } },
{ "type": "Feature", "properties": { "NO": 82, "ENTIDAD": "MICHOACAN DE OCAMPO", "MUNICIPIO": "HUETAMO", "PUEBLO INDIGENA O AFROMEXICANO": "PIRINDA", "LOCALIDAD": "COENANDIO", "CLAVE INEGI": 160380036, "TIPO DE ASENTAMIENTO": "COMUNIDAD INDIGENA", "NOMBRE": "COENANDIO", "MONTO ASIGNADO (PESOS)": 240655, "LATITUD": 18.524542, "LONGITUD": -101.05698 }, "geometry": { "type": "Point", "coordinates": [ -101.05698, 18.524542 ] } },
{ "type": "Feature", "properties": { "NO": 83, "ENTIDAD": "MICHOACAN DE OCAMPO", "MUNICIPIO": "HUETAMO", "PUEBLO INDIGENA O AFROMEXICANO": "PIRINDA", "LOCALIDAD": "COMBURINDIO", "CLAVE INEGI": 160380038, "TIPO DE ASENTAMIENTO": "COMUNIDAD INDIGENA", "NOMBRE": "COMBURINDIO", "MONTO ASIGNADO (PESOS)": 625438, "LATITUD": 18.549253, "LONGITUD": -100.969662 }, "geometry": { "type": "Point", "coordinates": [ -100.969662, 18.549253 ] } },
{ "type": "Feature", "properties": { "NO": 84, "ENTIDAD": "MICHOACAN DE OCAMPO", "MUNICIPIO": "HUETAMO", "PUEBLO INDIGENA O AFROMEXICANO": "PIRINDA", "LOCALIDAD": "CORRAL VIEJO", "CLAVE INEGI": 160380040, "TIPO DE ASENTAMIENTO": "COMUNIDAD INDIGENA", "NOMBRE": "CORRAL VIEJO", "MONTO ASIGNADO (PESOS)": 109699, "LATITUD": 18.616195, "LONGITUD": -101.027722 }, "geometry": { "type": "Point", "coordinates": [ -101.027722, 18.616195 ] } },
{ "type": "Feature", "properties": { "NO": 85, "ENTIDAD": "MICHOACAN DE OCAMPO", "MUNICIPIO": "HUETAMO", "PUEBLO INDIGENA O AFROMEXICANO": "PIRINDA", "LOCALIDAD": "CUARO", "CLAVE INEGI": 160380035, "TIPO DE ASENTAMIENTO": "COMUNIDAD INDIGENA", "NOMBRE": "CUARO", "MONTO ASIGNADO (PESOS)": 146884, "LATITUD": 18.535616, "LONGITUD": -101.069863 }, "geometry": { "type": "Point", "coordinates": [ -101.069863, 18.535616 ] } },
{ "type": "Feature", "properties": { "NO": 86, "ENTIDAD": "MICHOACAN DE OCAMPO", "MUNICIPIO": "HUETAMO", "PUEBLO INDIGENA O AFROMEXICANO": "PIRINDA", "LOCALIDAD": "EL CARMEN", "CLAVE INEGI": 160380029, "TIPO DE ASENTAMIENTO": "COMUNIDAD INDIGENA", "NOMBRE": "EL CARMEN", "MONTO ASIGNADO (PESOS)": 274606, "LATITUD": 18.568225, "LONGITUD": -100.968826 }, "geometry": { "type": "Point", "coordinates": [ -100.968826, 18.568225 ] } },
{ "type": "Feature", "properties": { "NO": 87, "ENTIDAD": "MICHOACAN DE OCAMPO", "MUNICIPIO": "HUETAMO", "PUEBLO INDIGENA O AFROMEXICANO": "PIRINDA", "LOCALIDAD": "EL CUAJILOTE", "CLAVE INEGI": 160380042, "TIPO DE ASENTAMIENTO": "COMUNIDAD INDIGENA", "NOMBRE": "EL CUAJILOTE", "MONTO ASIGNADO (PESOS)": 128291, "LATITUD": 18.793242, "LONGITUD": -101.079449 }, "geometry": { "type": "Point", "coordinates": [ -101.079449, 18.793242 ] } },
{ "type": "Feature", "properties": { "NO": 88, "ENTIDAD": "MICHOACAN DE OCAMPO", "MUNICIPIO": "HUETAMO", "PUEBLO INDIGENA O AFROMEXICANO": "PIRINDA", "LOCALIDAD": "EL GUSANO DE SANTIAGO", "CLAVE INEGI": 160380062, "TIPO DE ASENTAMIENTO": "COMUNIDAD INDIGENA", "NOMBRE": "EL GUSANO DE SANTIAGO", "MONTO ASIGNADO (PESOS)": 248738, "LATITUD": 18.559689, "LONGITUD": -101.038121 }, "geometry": { "type": "Point", "coordinates": [ -101.038121, 18.559689 ] } },
{ "type": "Feature", "properties": { "NO": 89, "ENTIDAD": "MICHOACAN DE OCAMPO", "MUNICIPIO": "HUETAMO", "PUEBLO INDIGENA O AFROMEXICANO": "PIRINDA", "LOCALIDAD": "EL OCUARO", "CLAVE INEGI": 160380084, "TIPO DE ASENTAMIENTO": "COMUNIDAD INDIGENA", "NOMBRE": "EL OCUARO", "MONTO ASIGNADO (PESOS)": 257630, "LATITUD": 18.791666, "LONGITUD": -100.921721 }, "geometry": { "type": "Point", "coordinates": [ -100.921721, 18.791666 ] } },
{ "type": "Feature", "properties": { "NO": 90, "ENTIDAD": "MICHOACAN DE OCAMPO", "MUNICIPIO": "HUETAMO", "PUEBLO INDIGENA O AFROMEXICANO": "PIRINDA", "LOCALIDAD": "EL PINZÁN", "CLAVE INEGI": 160380355, "TIPO DE ASENTAMIENTO": "COMUNIDAD INDIGENA", "NOMBRE": "EL PINZÁN", "MONTO ASIGNADO (PESOS)": 181644, "LATITUD": 18.621126, "LONGITUD": -101.384337 }, "geometry": { "type": "Point", "coordinates": [ -101.384337, 18.621126 ] } },
{ "type": "Feature", "properties": { "NO": 91, "ENTIDAD": "MICHOACAN DE OCAMPO", "MUNICIPIO": "HUETAMO", "PUEBLO INDIGENA O AFROMEXICANO": "PIRINDA", "LOCALIDAD": "EL REPARO", "CLAVE INEGI": 160380111, "TIPO DE ASENTAMIENTO": "COMUNIDAD INDIGENA", "NOMBRE": "EL REPARO", "MONTO ASIGNADO (PESOS)": 116974, "LATITUD": 18.834729, "LONGITUD": -101.104117 }, "geometry": { "type": "Point", "coordinates": [ -101.104117, 18.834729 ] } },
{ "type": "Feature", "properties": { "NO": 92, "ENTIDAD": "MICHOACAN DE OCAMPO", "MUNICIPIO": "HUETAMO", "PUEBLO INDIGENA O AFROMEXICANO": "PIRINDA", "LOCALIDAD": "EL RODEO", "CLAVE INEGI": 160380292, "TIPO DE ASENTAMIENTO": "COMUNIDAD INDIGENA", "NOMBRE": "EL RODEO", "MONTO ASIGNADO (PESOS)": 109699, "LATITUD": 18.637012, "LONGITUD": -101.165754 }, "geometry": { "type": "Point", "coordinates": [ -101.165754, 18.637012 ] } },
{ "type": "Feature", "properties": { "NO": 93, "ENTIDAD": "MICHOACAN DE OCAMPO", "MUNICIPIO": "HUETAMO", "PUEBLO INDIGENA O AFROMEXICANO": "PIRINDA", "LOCALIDAD": "ESTIMUCHA", "CLAVE INEGI": 160380249, "TIPO DE ASENTAMIENTO": "COMUNIDAD INDIGENA", "NOMBRE": "ESTIMUCHA", "MONTO ASIGNADO (PESOS)": 248738, "LATITUD": 18.524989, "LONGITUD": -101.364445 }, "geometry": { "type": "Point", "coordinates": [ -101.364445, 18.524989 ] } },
{ "type": "Feature", "properties": { "NO": 94, "ENTIDAD": "MICHOACAN DE OCAMPO", "MUNICIPIO": "HUETAMO", "PUEBLO INDIGENA O AFROMEXICANO": "PIRINDA", "LOCALIDAD": "HUATICHAPIO", "CLAVE INEGI": 160380067, "TIPO DE ASENTAMIENTO": "COMUNIDAD INDIGENA", "NOMBRE": "HUATICHAPIO", "MONTO ASIGNADO (PESOS)": 118591, "LATITUD": 18.786046, "LONGITUD": -100.963269 }, "geometry": { "type": "Point", "coordinates": [ -100.963269, 18.786046 ] } },
{ "type": "Feature", "properties": { "NO": 95, "ENTIDAD": "MICHOACAN DE OCAMPO", "MUNICIPIO": "HUETAMO", "PUEBLO INDIGENA O AFROMEXICANO": "PIRINDA", "LOCALIDAD": "IRÁMUCO", "CLAVE INEGI": 160380068, "TIPO DE ASENTAMIENTO": "COMUNIDAD INDIGENA", "NOMBRE": "IRÁMUCO", "MONTO ASIGNADO (PESOS)": 221254, "LATITUD": 18.609608, "LONGITUD": -101.375988 }, "geometry": { "type": "Point", "coordinates": [ -101.375988, 18.609608 ] } },
{ "type": "Feature", "properties": { "NO": 96, "ENTIDAD": "MICHOACAN DE OCAMPO", "MUNICIPIO": "HUETAMO", "PUEBLO INDIGENA O AFROMEXICANO": "PIRINDA", "LOCALIDAD": "LA ESTANCIA", "CLAVE INEGI": 160380058, "TIPO DE ASENTAMIENTO": "COMUNIDAD INDIGENA", "NOMBRE": "LA ESTANCIA", "MONTO ASIGNADO (PESOS)": 223679, "LATITUD": 18.559167, "LONGITUD": -101.112222 }, "geometry": { "type": "Point", "coordinates": [ -101.112222, 18.559167 ] } },
{ "type": "Feature", "properties": { "NO": 97, "ENTIDAD": "MICHOACAN DE OCAMPO", "MUNICIPIO": "HUETAMO", "PUEBLO INDIGENA O AFROMEXICANO": "PIRINDA", "LOCALIDAD": "LA PAROTA", "CLAVE INEGI": 160380089, "TIPO DE ASENTAMIENTO": "COMUNIDAD INDIGENA", "NOMBRE": "LA PAROTA", "MONTO ASIGNADO (PESOS)": 531667, "LATITUD": 18.665918, "LONGITUD": -100.886852 }, "geometry": { "type": "Point", "coordinates": [ -100.886852, 18.665918 ] } },
{ "type": "Feature", "properties": { "NO": 98, "ENTIDAD": "MICHOACAN DE OCAMPO", "MUNICIPIO": "HUETAMO", "PUEBLO INDIGENA O AFROMEXICANO": "PIRINDA", "LOCALIDAD": "LA QUETZERÍA (LA QUESERÍA)", "CLAVE INEGI": 160380106, "TIPO DE ASENTAMIENTO": "COMUNIDAD INDIGENA", "NOMBRE": "LA QUETZERÍA (LA QUESERÍA)", "MONTO ASIGNADO (PESOS)": 471040, "LATITUD": 18.551001, "LONGITUD": -101.290413 }, "geometry": { "type": "Point", "coordinates": [ -101.290413, 18.551001 ] } },
{ "type": "Feature", "properties": { "NO": 99, "ENTIDAD": "MICHOACAN DE OCAMPO", "MUNICIPIO": "HUETAMO", "PUEBLO INDIGENA O AFROMEXICANO": "PIRINDA", "LOCALIDAD": "LA VUELTA GRANDE", "CLAVE INEGI": 160380371, "TIPO DE ASENTAMIENTO": "COMUNIDAD INDIGENA", "NOMBRE": "LA VUELTA GRANDE", "MONTO ASIGNADO (PESOS)": 119399, "LATITUD": 18.781071, "LONGITUD": -101.093337 }, "geometry": { "type": "Point", "coordinates": [ -101.093337, 18.781071 ] } },
{ "type": "Feature", "properties": { "NO": 100, "ENTIDAD": "MICHOACAN DE OCAMPO", "MUNICIPIO": "HUETAMO", "PUEBLO INDIGENA O AFROMEXICANO": "PIRINDA", "LOCALIDAD": "LAS CARÁMICUAS", "CLAVE INEGI": 160380028, "TIPO DE ASENTAMIENTO": "COMUNIDAD INDIGENA", "NOMBRE": "LAS CARÁMICUAS", "MONTO ASIGNADO (PESOS)": 150117, "LATITUD": 18.599778, "LONGITUD": -101.366615 }, "geometry": { "type": "Point", "coordinates": [ -101.366615, 18.599778 ] } },
{ "type": "Feature", "properties": { "NO": 101, "ENTIDAD": "MICHOACAN DE OCAMPO", "MUNICIPIO": "HUETAMO", "PUEBLO INDIGENA O AFROMEXICANO": "PIRINDA", "LOCALIDAD": "PALO SECO", "CLAVE INEGI": 160380357, "TIPO DE ASENTAMIENTO": "COMUNIDAD INDIGENA", "NOMBRE": "PALO SECO", "MONTO ASIGNADO (PESOS)": 137183, "LATITUD": 18.633316, "LONGITUD": -101.391434 }, "geometry": { "type": "Point", "coordinates": [ -101.391434, 18.633316 ] } },
{ "type": "Feature", "properties": { "NO": 102, "ENTIDAD": "MICHOACAN DE OCAMPO", "MUNICIPIO": "HUETAMO", "PUEBLO INDIGENA O AFROMEXICANO": "PIRINDA", "LOCALIDAD": "PINZANANGAPIO", "CLAVE INEGI": 160380377, "TIPO DE ASENTAMIENTO": "COMUNIDAD INDIGENA", "NOMBRE": "PINZANANGAPIO", "MONTO ASIGNADO (PESOS)": 183260, "LATITUD": 18.55592, "LONGITUD": -100.897089 }, "geometry": { "type": "Point", "coordinates": [ -100.897089, 18.55592 ] } },
{ "type": "Feature", "properties": { "NO": 103, "ENTIDAD": "MICHOACAN DE OCAMPO", "MUNICIPIO": "HUETAMO", "PUEBLO INDIGENA O AFROMEXICANO": "PIRINDA", "LOCALIDAD": "PURECHUCHO (EL BRASIL)", "CLAVE INEGI": 160380102, "TIPO DE ASENTAMIENTO": "COMUNIDAD INDIGENA", "NOMBRE": "PURECHUCHO (EL BRASIL)", "MONTO ASIGNADO (PESOS)": 1460483, "LATITUD": 18.580948, "LONGITUD": -100.88964 }, "geometry": { "type": "Point", "coordinates": [ -100.88964, 18.580948 ] } },
{ "type": "Feature", "properties": { "NO": 104, "ENTIDAD": "MICHOACAN DE OCAMPO", "MUNICIPIO": "HUETAMO", "PUEBLO INDIGENA O AFROMEXICANO": "PIRINDA", "LOCALIDAD": "RINCÓN DE LAS TRUCHAS", "CLAVE INEGI": 160380112, "TIPO DE ASENTAMIENTO": "COMUNIDAD INDIGENA", "NOMBRE": "RINCÓN DE LAS TRUCHAS", "MONTO ASIGNADO (PESOS)": 268523, "LATITUD": 18.587009, "LONGITUD": -101.4436 }, "geometry": { "type": "Point", "coordinates": [ -101.4436, 18.587009 ] } },
{ "type": "Feature", "properties": { "NO": 105, "ENTIDAD": "MICHOACAN DE OCAMPO", "MUNICIPIO": "HUETAMO", "PUEBLO INDIGENA O AFROMEXICANO": "PIRINDA", "LOCALIDAD": "SAN JERÓNIMO", "CLAVE INEGI": 160380119, "TIPO DE ASENTAMIENTO": "COMUNIDAD INDIGENA", "NOMBRE": "SAN JERÓNIMO", "MONTO ASIGNADO (PESOS)": 787112, "LATITUD": 18.531838, "LONGITUD": -101.324691 }, "geometry": { "type": "Point", "coordinates": [ -101.324691, 18.531838 ] } },
{ "type": "Feature", "properties": { "NO": 106, "ENTIDAD": "MICHOACAN DE OCAMPO", "MUNICIPIO": "HUETAMO", "PUEBLO INDIGENA O AFROMEXICANO": "PIRINDA", "LOCALIDAD": "SAN JOSÉ DEL PALMAR", "CLAVE INEGI": 160380120, "TIPO DE ASENTAMIENTO": "COMUNIDAD INDIGENA", "NOMBRE": "SAN JOSÉ DEL PALMAR", "MONTO ASIGNADO (PESOS)": 219398, "LATITUD": 18.698628, "LONGITUD": -101.186332 }, "geometry": { "type": "Point", "coordinates": [ -101.186332, 18.698628 ] } },
{ "type": "Feature", "properties": { "NO": 107, "ENTIDAD": "MICHOACAN DE OCAMPO", "MUNICIPIO": "HUETAMO", "PUEBLO INDIGENA O AFROMEXICANO": "PIRINDA", "LOCALIDAD": "SAN MIGUEL", "CLAVE INEGI": 160380243, "TIPO DE ASENTAMIENTO": "COMUNIDAD INDIGENA", "NOMBRE": "SAN MIGUEL", "MONTO ASIGNADO (PESOS)": 141225, "LATITUD": 18.590019, "LONGITUD": -101.03552 }, "geometry": { "type": "Point", "coordinates": [ -101.03552, 18.590019 ] } },
{ "type": "Feature", "properties": { "NO": 108, "ENTIDAD": "MICHOACAN DE OCAMPO", "MUNICIPIO": "HUETAMO", "PUEBLO INDIGENA O AFROMEXICANO": "PIRINDA", "LOCALIDAD": "SAN MIGUEL MONTECILLOS (MONTECILLOS)", "CLAVE INEGI": 160380081, "TIPO DE ASENTAMIENTO": "COMUNIDAD INDIGENA", "NOMBRE": "SAN MIGUEL MONTECILLOS (MONTECILLOS)", "MONTO ASIGNADO (PESOS)": 443555, "LATITUD": 18.613968, "LONGITUD": -101.080195 }, "geometry": { "type": "Point", "coordinates": [ -101.080195, 18.613968 ] } },
{ "type": "Feature", "properties": { "NO": 109, "ENTIDAD": "MICHOACAN DE OCAMPO", "MUNICIPIO": "HUETAMO", "PUEBLO INDIGENA O AFROMEXICANO": "PIRINDA", "LOCALIDAD": "SANCHIQUEO", "CLAVE INEGI": 160380116, "TIPO DE ASENTAMIENTO": "COMUNIDAD INDIGENA", "NOMBRE": "SANCHIQUEO", "MONTO ASIGNADO (PESOS)": 142842, "LATITUD": 18.72362, "LONGITUD": -101.231145 }, "geometry": { "type": "Point", "coordinates": [ -101.231145, 18.72362 ] } },
{ "type": "Feature", "properties": { "NO": 110, "ENTIDAD": "MICHOACAN DE OCAMPO", "MUNICIPIO": "HUETAMO", "PUEBLO INDIGENA O AFROMEXICANO": "PIRINDA", "LOCALIDAD": "SANTA GERTRUDIS", "CLAVE INEGI": 160380127, "TIPO DE ASENTAMIENTO": "COMUNIDAD INDIGENA", "NOMBRE": "SANTA GERTRUDIS", "MONTO ASIGNADO (PESOS)": 140417, "LATITUD": 18.621527, "LONGITUD": -101.217787 }, "geometry": { "type": "Point", "coordinates": [ -101.217787, 18.621527 ] } },
{ "type": "Feature", "properties": { "NO": 111, "ENTIDAD": "MICHOACAN DE OCAMPO", "MUNICIPIO": "HUETAMO", "PUEBLO INDIGENA O AFROMEXICANO": "PIRINDA", "LOCALIDAD": "SANTA MARÍA", "CLAVE INEGI": 160380128, "TIPO DE ASENTAMIENTO": "COMUNIDAD INDIGENA", "NOMBRE": "SANTA MARÍA", "MONTO ASIGNADO (PESOS)": 265714, "LATITUD": 18.786561, "LONGITUD": -101.071638 }, "geometry": { "type": "Point", "coordinates": [ -101.071638, 18.786561 ] } },
{ "type": "Feature", "properties": { "NO": 112, "ENTIDAD": "MICHOACAN DE OCAMPO", "MUNICIPIO": "HUETAMO", "PUEBLO INDIGENA O AFROMEXICANO": "PIRINDA", "LOCALIDAD": "SANTA RITA", "CLAVE INEGI": 160380129, "TIPO DE ASENTAMIENTO": "COMUNIDAD INDIGENA", "NOMBRE": "SANTA RITA", "MONTO ASIGNADO (PESOS)": 91106, "LATITUD": 18.697526, "LONGITUD": -101.038404 }, "geometry": { "type": "Point", "coordinates": [ -101.038404, 18.697526 ] } },
{ "type": "Feature", "properties": { "NO": 113, "ENTIDAD": "MICHOACAN DE OCAMPO", "MUNICIPIO": "HUETAMO", "PUEBLO INDIGENA O AFROMEXICANO": "PIRINDA", "LOCALIDAD": "SANTA TERESA", "CLAVE INEGI": 160380131, "TIPO DE ASENTAMIENTO": "COMUNIDAD INDIGENA", "NOMBRE": "SANTA TERESA", "MONTO ASIGNADO (PESOS)": 105657, "LATITUD": 18.636456, "LONGITUD": -101.180559 }, "geometry": { "type": "Point", "coordinates": [ -101.180559, 18.636456 ] } },
{ "type": "Feature", "properties": { "NO": 114, "ENTIDAD": "MICHOACAN DE OCAMPO", "MUNICIPIO": "HUETAMO", "PUEBLO INDIGENA O AFROMEXICANO": "PIRINDA", "LOCALIDAD": "SANTIAGO CONGURIPO", "CLAVE INEGI": 160380132, "TIPO DE ASENTAMIENTO": "COMUNIDAD INDIGENA", "NOMBRE": "SANTIAGO CONGURIPO", "MONTO ASIGNADO (PESOS)": 348168, "LATITUD": 18.511106, "LONGITUD": -101.107981 }, "geometry": { "type": "Point", "coordinates": [ -101.107981, 18.511106 ] } },
{ "type": "Feature", "properties": { "NO": 115, "ENTIDAD": "MICHOACAN DE OCAMPO", "MUNICIPIO": "HUETAMO", "PUEBLO INDIGENA O AFROMEXICANO": "PIRINDA", "LOCALIDAD": "TZIRITZÍCUARO", "CLAVE INEGI": 160380152, "TIPO DE ASENTAMIENTO": "COMUNIDAD INDIGENA", "NOMBRE": "TZIRITZÍCUARO", "MONTO ASIGNADO (PESOS)": 722442, "LATITUD": 18.497481, "LONGITUD": -100.860458 }, "geometry": { "type": "Point", "coordinates": [ -100.860458, 18.497481 ] } },
{ "type": "Feature", "properties": { "NO": 116, "ENTIDAD": "MICHOACAN DE OCAMPO", "MUNICIPIO": "HUETAMO", "PUEBLO INDIGENA O AFROMEXICANO": "PIRINDA", "LOCALIDAD": "USPIO", "CLAVE INEGI": 160380145, "TIPO DE ASENTAMIENTO": "COMUNIDAD INDIGENA", "NOMBRE": "USPIO", "MONTO ASIGNADO (PESOS)": 177602, "LATITUD": 18.660284, "LONGITUD": -100.921169 }, "geometry": { "type": "Point", "coordinates": [ -100.921169, 18.660284 ] } },
{ "type": "Feature", "properties": { "NO": 117, "ENTIDAD": "MICHOACAN DE OCAMPO", "MUNICIPIO": "HUIRAMBA", "PUEBLO INDIGENA O AFROMEXICANO": "P'URHÉPECHA\n(TARASCO)", "LOCALIDAD": "EL CARMEN", "CLAVE INEGI": 160390002, "TIPO DE ASENTAMIENTO": "COMUNIDAD INDIGENA", "NOMBRE": "EL CARMEN", "MONTO ASIGNADO (PESOS)": 345742, "LATITUD": 19.541317, "LONGITUD": -101.458909 }, "geometry": { "type": "Point", "coordinates": [ -101.458909, 19.541317 ] } },
{ "type": "Feature", "properties": { "NO": 118, "ENTIDAD": "MICHOACAN DE OCAMPO", "MUNICIPIO": "HUIRAMBA", "PUEBLO INDIGENA O AFROMEXICANO": "P'URHÉPECHA\n(TARASCO)", "LOCALIDAD": "EL PEDREGAL", "CLAVE INEGI": 160390005, "TIPO DE ASENTAMIENTO": "COMUNIDAD INDIGENA", "NOMBRE": "EL PEDREGAL", "MONTO ASIGNADO (PESOS)": 1191296, "LATITUD": 19.512492, "LONGITUD": -101.447423 }, "geometry": { "type": "Point", "coordinates": [ -101.447423, 19.512492 ] } },
{ "type": "Feature", "properties": { "NO": 119, "ENTIDAD": "MICHOACAN DE OCAMPO", "MUNICIPIO": "HUIRAMBA", "PUEBLO INDIGENA O AFROMEXICANO": "P'URHÉPECHA\n(TARASCO)", "LOCALIDAD": "EL SOBRADO", "CLAVE INEGI": 160390009, "TIPO DE ASENTAMIENTO": "COMUNIDAD INDIGENA", "NOMBRE": "EL SOBRADO", "MONTO ASIGNADO (PESOS)": 1142794, "LATITUD": 19.51401, "LONGITUD": -101.463175 }, "geometry": { "type": "Point", "coordinates": [ -101.463175, 19.51401 ] } },
{ "type": "Feature", "properties": { "NO": 120, "ENTIDAD": "MICHOACAN DE OCAMPO", "MUNICIPIO": "HUIRAMBA", "PUEBLO INDIGENA O AFROMEXICANO": "P'URHÉPECHA\n(TARASCO)", "LOCALIDAD": "HUIRAMBA", "CLAVE INEGI": 160390001, "TIPO DE ASENTAMIENTO": "COMUNIDAD INDIGENA", "NOMBRE": "HUIRAMBA", "MONTO ASIGNADO (PESOS)": 103232, "LATITUD": 19.546481, "LONGITUD": -101.437992 }, "geometry": { "type": "Point", "coordinates": [ -101.437992, 19.546481 ] } },
{ "type": "Feature", "properties": { "NO": 121, "ENTIDAD": "MICHOACAN DE OCAMPO", "MUNICIPIO": "HUIRAMBA", "PUEBLO INDIGENA O AFROMEXICANO": "P'URHÉPECHA\n(TARASCO)", "LOCALIDAD": "TUPÁTARO", "CLAVE INEGI": 160390011, "TIPO DE ASENTAMIENTO": "COMUNIDAD INDIGENA", "NOMBRE": "TUPÁTARO", "MONTO ASIGNADO (PESOS)": 671515, "LATITUD": 19.502177, "LONGITUD": -101.493322 }, "geometry": { "type": "Point", "coordinates": [ -101.493322, 19.502177 ] } },
{ "type": "Feature", "properties": { "NO": 122, "ENTIDAD": "MICHOACAN DE OCAMPO", "MUNICIPIO": "IRIMBO", "PUEBLO INDIGENA O AFROMEXICANO": "OTOMÍ", "LOCALIDAD": "EL SALITRE", "CLAVE INEGI": 160410045, "TIPO DE ASENTAMIENTO": "COMUNIDAD INDIGENA", "NOMBRE": "EL SALITRE", "MONTO ASIGNADO (PESOS)": 961719, "LATITUD": 19.672334, "LONGITUD": -100.495052 }, "geometry": { "type": "Point", "coordinates": [ -100.495052, 19.672334 ] } },
{ "type": "Feature", "properties": { "NO": 123, "ENTIDAD": "MICHOACAN DE OCAMPO", "MUNICIPIO": "IRIMBO", "PUEBLO INDIGENA O AFROMEXICANO": "OTOMÍ", "LOCALIDAD": "GARAMBULLO", "CLAVE INEGI": 160410010, "TIPO DE ASENTAMIENTO": "COMUNIDAD INDIGENA", "NOMBRE": "GARAMBULLO", "MONTO ASIGNADO (PESOS)": 117783, "LATITUD": 19.692027, "LONGITUD": -100.44527 }, "geometry": { "type": "Point", "coordinates": [ -100.44527, 19.692027 ] } },
{ "type": "Feature", "properties": { "NO": 124, "ENTIDAD": "MICHOACAN DE OCAMPO", "MUNICIPIO": "IRIMBO", "PUEBLO INDIGENA O AFROMEXICANO": "OTOMÍ", "LOCALIDAD": "LA CUAJADA", "CLAVE INEGI": 160410006, "TIPO DE ASENTAMIENTO": "COMUNIDAD INDIGENA", "NOMBRE": "LA CUAJADA", "MONTO ASIGNADO (PESOS)": 239846, "LATITUD": 19.748363, "LONGITUD": -100.462577 }, "geometry": { "type": "Point", "coordinates": [ -100.462577, 19.748363 ] } },
{ "type": "Feature", "properties": { "NO": 125, "ENTIDAD": "MICHOACAN DE OCAMPO", "MUNICIPIO": "IRIMBO", "PUEBLO INDIGENA O AFROMEXICANO": "OTOMÍ", "LOCALIDAD": "SAN ANTONIO TARICHADO", "CLAVE INEGI": 160410021, "TIPO DE ASENTAMIENTO": "COMUNIDAD INDIGENA", "NOMBRE": "SAN ANTONIO TARICHADO", "MONTO ASIGNADO (PESOS)": 123441, "LATITUD": 19.690126, "LONGITUD": -100.426182 }, "geometry": { "type": "Point", "coordinates": [ -100.426182, 19.690126 ] } },
{ "type": "Feature", "properties": { "NO": 126, "ENTIDAD": "MICHOACAN DE OCAMPO", "MUNICIPIO": "IRIMBO", "PUEBLO INDIGENA O AFROMEXICANO": "OTOMÍ", "LOCALIDAD": "SAN FRANCISCO EPUNGUIO", "CLAVE INEGI": 160410022, "TIPO DE ASENTAMIENTO": "COMUNIDAD INDIGENA", "NOMBRE": "SAN FRANCISCO EPUNGUIO", "MONTO ASIGNADO (PESOS)": 782261, "LATITUD": 19.700354, "LONGITUD": -100.438477 }, "geometry": { "type": "Point", "coordinates": [ -100.438477, 19.700354 ] } },
{ "type": "Feature", "properties": { "NO": 127, "ENTIDAD": "MICHOACAN DE OCAMPO", "MUNICIPIO": "IRIMBO", "PUEBLO INDIGENA O AFROMEXICANO": "MAZAHUA", "LOCALIDAD": "SAN MIGUEL EL ALTO", "CLAVE INEGI": 160410025, "TIPO DE ASENTAMIENTO": "COMUNIDAD INDIGENA", "NOMBRE": "SAN MIGUEL EL ALTO", "MONTO ASIGNADO (PESOS)": 177602, "LATITUD": 19.676962, "LONGITUD": -100.422459 }, "geometry": { "type": "Point", "coordinates": [ -100.422459, 19.676962 ] } },
{ "type": "Feature", "properties": { "NO": 128, "ENTIDAD": "MICHOACAN DE OCAMPO", "MUNICIPIO": "IRIMBO", "PUEBLO INDIGENA O AFROMEXICANO": "OTOMÍ", "LOCALIDAD": "SAN VICENTE EL CHICO (MANZANA DE SAN VICENTE)", "CLAVE INEGI": 160410028, "TIPO DE ASENTAMIENTO": "COMUNIDAD INDIGENA", "NOMBRE": "SAN VICENTE EL CHICO (MANZANA DE SAN VICENTE)", "MONTO ASIGNADO (PESOS)": 585020, "LATITUD": 19.777329, "LONGITUD": -100.480922 }, "geometry": { "type": "Point", "coordinates": [ -100.480922, 19.777329 ] } },
{ "type": "Feature", "properties": { "NO": 129, "ENTIDAD": "MICHOACAN DE OCAMPO", "MUNICIPIO": "IRIMBO", "PUEBLO INDIGENA O AFROMEXICANO": "OTOMÍ", "LOCALIDAD": "TZINTZINGAREO", "CLAVE INEGI": 160410031, "TIPO DE ASENTAMIENTO": "COMUNIDAD INDIGENA", "NOMBRE": "TZINTZINGAREO", "MONTO ASIGNADO (PESOS)": 945882, "LATITUD": 19.764058, "LONGITUD": -100.486002 }, "geometry": { "type": "Point", "coordinates": [ -100.486002, 19.764058 ] } },
{ "type": "Feature", "properties": { "NO": 130, "ENTIDAD": "MICHOACAN DE OCAMPO", "MUNICIPIO": "JUÁREZ", "PUEBLO INDIGENA O AFROMEXICANO": "P'URHÉPECHA\n(TARASCO)", "LOCALIDAD": "ENANDIO", "CLAVE INEGI": 160460006, "TIPO DE ASENTAMIENTO": "COMUNIDAD INDIGENA", "NOMBRE": "ENANDIO", "MONTO ASIGNADO (PESOS)": 585828, "LATITUD": 19.333457, "LONGITUD": -100.429836 }, "geometry": { "type": "Point", "coordinates": [ -100.429836, 19.333457 ] } },
{ "type": "Feature", "properties": { "NO": 131, "ENTIDAD": "MICHOACAN DE OCAMPO", "MUNICIPIO": "JUNGAPEO", "PUEBLO INDIGENA O AFROMEXICANO": "OTOMÍ", "LOCALIDAD": "JUNGAPEO DE JUÁREZ", "CLAVE INEGI": 160470001, "TIPO DE ASENTAMIENTO": "COMUNIDAD INDIGENA", "NOMBRE": "JUNGAPEO DE JUÁREZ", "MONTO ASIGNADO (PESOS)": 3503413, "LATITUD": 19.458725, "LONGITUD": -100.494612 }, "geometry": { "type": "Point", "coordinates": [ -100.494612, 19.458725 ] } },
{ "type": "Feature", "properties": { "NO": 132, "ENTIDAD": "MICHOACAN DE OCAMPO", "MUNICIPIO": "LAGUNILLAS", "PUEBLO INDIGENA O AFROMEXICANO": "P'URHÉPECHA\n(TARASCO)", "LOCALIDAD": "HUATZANGIO", "CLAVE INEGI": 160480005, "TIPO DE ASENTAMIENTO": "COMUNIDAD INDIGENA", "NOMBRE": "HUATZANGIO", "MONTO ASIGNADO (PESOS)": 753160, "LATITUD": 19.583861, "LONGITUD": -101.404152 }, "geometry": { "type": "Point", "coordinates": [ -101.404152, 19.583861 ] } },
{ "type": "Feature", "properties": { "NO": 133, "ENTIDAD": "MICHOACAN DE OCAMPO", "MUNICIPIO": "LAGUNILLAS", "PUEBLO INDIGENA O AFROMEXICANO": "P'URHÉPECHA\n(TARASCO)", "LOCALIDAD": "LA CAJA", "CLAVE INEGI": 160480002, "TIPO DE ASENTAMIENTO": "COMUNIDAD INDIGENA", "NOMBRE": "LA CAJA", "MONTO ASIGNADO (PESOS)": 636755, "LATITUD": 19.586507, "LONGITUD": -101.433292 }, "geometry": { "type": "Point", "coordinates": [ -101.433292, 19.586507 ] } },
{ "type": "Feature", "properties": { "NO": 134, "ENTIDAD": "MICHOACAN DE OCAMPO", "MUNICIPIO": "LAGUNILLAS", "PUEBLO INDIGENA O AFROMEXICANO": "P'URHÉPECHA\n(TARASCO)", "LOCALIDAD": "LAS PILAS", "CLAVE INEGI": 160480008, "TIPO DE ASENTAMIENTO": "COMUNIDAD INDIGENA", "NOMBRE": "LAS PILAS", "MONTO ASIGNADO (PESOS)": 276223, "LATITUD": 19.601108, "LONGITUD": -101.438436 }, "geometry": { "type": "Point", "coordinates": [ -101.438436, 19.601108 ] } },
{ "type": "Feature", "properties": { "NO": 135, "ENTIDAD": "MICHOACAN DE OCAMPO", "MUNICIPIO": "LÁZARO CÁRDENAS", "PUEBLO INDIGENA O AFROMEXICANO": "NAHUA", "LOCALIDAD": "CHUTA", "CLAVE INEGI": 160520067, "TIPO DE ASENTAMIENTO": "COMUNIDAD INDIGENA", "NOMBRE": "CHUTA", "MONTO ASIGNADO (PESOS)": 484915, "LATITUD": 18.04834, "LONGITUD": -102.556251 }, "geometry": { "type": "Point", "coordinates": [ -102.556251, 18.04834 ] } },
{ "type": "Feature", "properties": { "NO": 136, "ENTIDAD": "MICHOACAN DE OCAMPO", "MUNICIPIO": "LÁZARO CÁRDENAS", "PUEBLO INDIGENA O AFROMEXICANO": "NAHUA", "LOCALIDAD": "LA SOLEDAD", "CLAVE INEGI": 160520184, "TIPO DE ASENTAMIENTO": "COMUNIDAD INDIGENA", "NOMBRE": "LA SOLEDAD", "MONTO ASIGNADO (PESOS)": 358198, "LATITUD": 18.05368, "LONGITUD": -102.641677 }, "geometry": { "type": "Point", "coordinates": [ -102.641677, 18.05368 ] } },
{ "type": "Feature", "properties": { "NO": 137, "ENTIDAD": "MICHOACAN DE OCAMPO", "MUNICIPIO": "LOS REYES", "PUEBLO INDIGENA O AFROMEXICANO": "P'URHÉPECHA\n(TARASCO)", "LOCALIDAD": "ATAPAN", "CLAVE INEGI": 160750002, "TIPO DE ASENTAMIENTO": "COMUNIDAD INDIGENA", "NOMBRE": "ATAPAN", "MONTO ASIGNADO (PESOS)": 115357, "LATITUD": 19.651055, "LONGITUD": -102.425799 }, "geometry": { "type": "Point", "coordinates": [ -102.425799, 19.651055 ] } },
{ "type": "Feature", "properties": { "NO": 138, "ENTIDAD": "MICHOACAN DE OCAMPO", "MUNICIPIO": "LOS REYES", "PUEBLO INDIGENA O AFROMEXICANO": "P'URHÉPECHA\n(TARASCO)", "LOCALIDAD": "CHERATILLO", "CLAVE INEGI": 160750037, "TIPO DE ASENTAMIENTO": "COMUNIDAD INDIGENA", "NOMBRE": "CHERATILLO", "MONTO ASIGNADO (PESOS)": 209937, "LATITUD": 19.631666, "LONGITUD": -102.364167 }, "geometry": { "type": "Point", "coordinates": [ -102.364167, 19.631666 ] } },
{ "type": "Feature", "properties": { "NO": 139, "ENTIDAD": "MICHOACAN DE OCAMPO", "MUNICIPIO": "LOS REYES", "PUEBLO INDIGENA O AFROMEXICANO": "P'URHÉPECHA\n(TARASCO)", "LOCALIDAD": "CHERATO", "CLAVE INEGI": 160750005, "TIPO DE ASENTAMIENTO": "COMUNIDAD INDIGENA", "NOMBRE": "CHERATO", "MONTO ASIGNADO (PESOS)": 597953, "LATITUD": 19.629509, "LONGITUD": -102.352018 }, "geometry": { "type": "Point", "coordinates": [ -102.352018, 19.629509 ] } },
{ "type": "Feature", "properties": { "NO": 140, "ENTIDAD": "MICHOACAN DE OCAMPO", "MUNICIPIO": "LOS REYES", "PUEBLO INDIGENA O AFROMEXICANO": "P'URHÉPECHA\n(TARASCO)", "LOCALIDAD": "DIECIOCHO DE MARZO", "CLAVE INEGI": 160750020, "TIPO DE ASENTAMIENTO": "COMUNIDAD INDIGENA", "NOMBRE": "DIECIOCHO DE MARZO", "MONTO ASIGNADO (PESOS)": 167093, "LATITUD": 19.611629, "LONGITUD": -102.358334 }, "geometry": { "type": "Point", "coordinates": [ -102.358334, 19.611629 ] } },
{ "type": "Feature", "properties": { "NO": 141, "ENTIDAD": "MICHOACAN DE OCAMPO", "MUNICIPIO": "LOS REYES", "PUEBLO INDIGENA O AFROMEXICANO": "P'URHÉPECHA\n(TARASCO)", "LOCALIDAD": "J. JESÚS DÍAZ TZIRIO", "CLAVE INEGI": 160750008, "TIPO DE ASENTAMIENTO": "COMUNIDAD INDIGENA", "NOMBRE": "J. JESÚS DÍAZ TZIRIO", "MONTO ASIGNADO (PESOS)": 3438826, "LATITUD": 19.766111, "LONGITUD": -102.399765 }, "geometry": { "type": "Point", "coordinates": [ -102.399765, 19.766111 ] } },
{ "type": "Feature", "properties": { "NO": 142, "ENTIDAD": "MICHOACAN DE OCAMPO", "MUNICIPIO": "LOS REYES", "PUEBLO INDIGENA O AFROMEXICANO": "P'URHÉPECHA\n(TARASCO)", "LOCALIDAD": "LA PALMA", "CLAVE INEGI": 160750012, "TIPO DE ASENTAMIENTO": "COMUNIDAD INDIGENA", "NOMBRE": "LA PALMA", "MONTO ASIGNADO (PESOS)": 479123, "LATITUD": 19.603889, "LONGITUD": -102.337777 }, "geometry": { "type": "Point", "coordinates": [ -102.337777, 19.603889 ] } },
{ "type": "Feature", "properties": { "NO": 143, "ENTIDAD": "MICHOACAN DE OCAMPO", "MUNICIPIO": "LOS REYES", "PUEBLO INDIGENA O AFROMEXICANO": "P'URHÉPECHA\n(TARASCO)", "LOCALIDAD": "LA TINAJA", "CLAVE INEGI": 160750030, "TIPO DE ASENTAMIENTO": "COMUNIDAD INDIGENA", "NOMBRE": "LA TINAJA", "MONTO ASIGNADO (PESOS)": 931352, "LATITUD": 19.72512, "LONGITUD": -102.403127 }, "geometry": { "type": "Point", "coordinates": [ -102.403127, 19.72512 ] } },
{ "type": "Feature", "properties": { "NO": 144, "ENTIDAD": "MICHOACAN DE OCAMPO", "MUNICIPIO": "LOS REYES", "PUEBLO INDIGENA O AFROMEXICANO": "P'URHÉPECHA\n(TARASCO)", "LOCALIDAD": "LA ZARZAMORA", "CLAVE INEGI": 160750033, "TIPO DE ASENTAMIENTO": "COMUNIDAD INDIGENA", "NOMBRE": "LA ZARZAMORA", "MONTO ASIGNADO (PESOS)": 1069232, "LATITUD": 19.703232, "LONGITUD": -102.414668 }, "geometry": { "type": "Point", "coordinates": [ -102.414668, 19.703232 ] } },
{ "type": "Feature", "properties": { "NO": 145, "ENTIDAD": "MICHOACAN DE OCAMPO", "MUNICIPIO": "LOS REYES", "PUEBLO INDIGENA O AFROMEXICANO": "P'URHÉPECHA\n(TARASCO)", "LOCALIDAD": "LOS POZOS (TZIRIO CHICO)", "CLAVE INEGI": 160750014, "TIPO DE ASENTAMIENTO": "COMUNIDAD INDIGENA", "NOMBRE": "LOS POZOS (TZIRIO CHICO)", "MONTO ASIGNADO (PESOS)": 320814, "LATITUD": 19.786444, "LONGITUD": -102.395657 }, "geometry": { "type": "Point", "coordinates": [ -102.395657, 19.786444 ] } },
{ "type": "Feature", "properties": { "NO": 146, "ENTIDAD": "MICHOACAN DE OCAMPO", "MUNICIPIO": "LOS REYES", "PUEBLO INDIGENA O AFROMEXICANO": "P'URHÉPECHA\n(TARASCO)", "LOCALIDAD": "ORUSCATO", "CLAVE INEGI": 160750010, "TIPO DE ASENTAMIENTO": "COMUNIDAD INDIGENA", "NOMBRE": "ORUSCATO", "MONTO ASIGNADO (PESOS)": 297240, "LATITUD": 19.614268, "LONGITUD": -102.395972 }, "geometry": { "type": "Point", "coordinates": [ -102.395972, 19.614268 ] } },
{ "type": "Feature", "properties": { "NO": 147, "ENTIDAD": "MICHOACAN DE OCAMPO", "MUNICIPIO": "LOS REYES", "PUEBLO INDIGENA O AFROMEXICANO": "P'URHÉPECHA\n(TARASCO)", "LOCALIDAD": "PAMATÁCUARO", "CLAVE INEGI": 160750013, "TIPO DE ASENTAMIENTO": "COMUNIDAD INDIGENA", "NOMBRE": "PAMATÁCUARO", "MONTO ASIGNADO (PESOS)": 3008508, "LATITUD": 19.691697, "LONGITUD": -102.345057 }, "geometry": { "type": "Point", "coordinates": [ -102.345057, 19.691697 ] } },
{ "type": "Feature", "properties": { "NO": 148, "ENTIDAD": "MICHOACAN DE OCAMPO", "MUNICIPIO": "LOS REYES", "PUEBLO INDIGENA O AFROMEXICANO": "P'URHÉPECHA\n(TARASCO)", "LOCALIDAD": "QUERÉNDARO", "CLAVE INEGI": 160750015, "TIPO DE ASENTAMIENTO": "COMUNIDAD INDIGENA", "NOMBRE": "QUERÉNDARO", "MONTO ASIGNADO (PESOS)": 312021, "LATITUD": 19.728888, "LONGITUD": -102.39 }, "geometry": { "type": "Point", "coordinates": [ -102.39, 19.728888 ] } },
{ "type": "Feature", "properties": { "NO": 149, "ENTIDAD": "MICHOACAN DE OCAMPO", "MUNICIPIO": "LOS REYES", "PUEBLO INDIGENA O AFROMEXICANO": "P'URHÉPECHA\n(TARASCO)", "LOCALIDAD": "SAN ANTONIO TIERRAS BLANCAS", "CLAVE INEGI": 160750016, "TIPO DE ASENTAMIENTO": "COMUNIDAD INDIGENA", "NOMBRE": "SAN ANTONIO TIERRAS BLANCAS", "MONTO ASIGNADO (PESOS)": 1377320, "LATITUD": 19.721388, "LONGITUD": -102.294444 }, "geometry": { "type": "Point", "coordinates": [ -102.294444, 19.721388 ] } },
{ "type": "Feature", "properties": { "NO": 150, "ENTIDAD": "MICHOACAN DE OCAMPO", "MUNICIPIO": "LOS REYES", "PUEBLO INDIGENA O AFROMEXICANO": "P'URHÉPECHA\n(TARASCO)", "LOCALIDAD": "SAN BENITO", "CLAVE INEGI": 160750017, "TIPO DE ASENTAMIENTO": "COMUNIDAD INDIGENA", "NOMBRE": "SAN BENITO", "MONTO ASIGNADO (PESOS)": 1825801, "LATITUD": 19.706944, "LONGITUD": -102.320555 }, "geometry": { "type": "Point", "coordinates": [ -102.320555, 19.706944 ] } },
{ "type": "Feature", "properties": { "NO": 151, "ENTIDAD": "MICHOACAN DE OCAMPO", "MUNICIPIO": "LOS REYES", "PUEBLO INDIGENA O AFROMEXICANO": "P'URHÉPECHA\n(TARASCO)", "LOCALIDAD": "SAN ISIDRO", "CLAVE INEGI": 160750018, "TIPO DE ASENTAMIENTO": "COMUNIDAD INDIGENA", "NOMBRE": "SAN ISIDRO", "MONTO ASIGNADO (PESOS)": 2299408, "LATITUD": 19.738348, "LONGITUD": -102.297089 }, "geometry": { "type": "Point", "coordinates": [ -102.297089, 19.738348 ] } },
{ "type": "Feature", "properties": { "NO": 152, "ENTIDAD": "MICHOACAN DE OCAMPO", "MUNICIPIO": "LOS REYES", "PUEBLO INDIGENA O AFROMEXICANO": "P'URHÉPECHA\n(TARASCO)", "LOCALIDAD": "SAN JOSÉ DE GRACIA", "CLAVE INEGI": 160750019, "TIPO DE ASENTAMIENTO": "COMUNIDAD INDIGENA", "NOMBRE": "SAN JOSÉ DE GRACIA", "MONTO ASIGNADO (PESOS)": 256822, "LATITUD": 19.585277, "LONGITUD": -102.323333 }, "geometry": { "type": "Point", "coordinates": [ -102.323333, 19.585277 ] } },
{ "type": "Feature", "properties": { "NO": 153, "ENTIDAD": "MICHOACAN DE OCAMPO", "MUNICIPIO": "LOS REYES", "PUEBLO INDIGENA O AFROMEXICANO": "P'URHÉPECHA\n(TARASCO)", "LOCALIDAD": "SAN LUIS (SURÉN)", "CLAVE INEGI": 160750021, "TIPO DE ASENTAMIENTO": "COMUNIDAD INDIGENA", "NOMBRE": "SAN LUIS (SURÉN)", "MONTO ASIGNADO (PESOS)": 435133, "LATITUD": 19.698661, "LONGITUD": -102.321329 }, "geometry": { "type": "Point", "coordinates": [ -102.321329, 19.698661 ] } },
{ "type": "Feature", "properties": { "NO": 154, "ENTIDAD": "MICHOACAN DE OCAMPO", "MUNICIPIO": "LOS REYES", "PUEBLO INDIGENA O AFROMEXICANO": "P'URHÉPECHA\n(TARASCO)", "LOCALIDAD": "SAN MARCOS", "CLAVE INEGI": 160750022, "TIPO DE ASENTAMIENTO": "COMUNIDAD INDIGENA", "NOMBRE": "SAN MARCOS", "MONTO ASIGNADO (PESOS)": 180114, "LATITUD": 19.674444, "LONGITUD": -102.308611 }, "geometry": { "type": "Point", "coordinates": [ -102.308611, 19.674444 ] } },
{ "type": "Feature", "properties": { "NO": 155, "ENTIDAD": "MICHOACAN DE OCAMPO", "MUNICIPIO": "LOS REYES", "PUEBLO INDIGENA O AFROMEXICANO": "P'URHÉPECHA\n(TARASCO)", "LOCALIDAD": "SANTA ROSA", "CLAVE INEGI": 160750025, "TIPO DE ASENTAMIENTO": "COMUNIDAD INDIGENA", "NOMBRE": "SANTA ROSA", "MONTO ASIGNADO (PESOS)": 417546, "LATITUD": 19.744166, "LONGITUD": -102.285 }, "geometry": { "type": "Point", "coordinates": [ -102.285, 19.744166 ] } },
{ "type": "Feature", "properties": { "NO": 156, "ENTIDAD": "MICHOACAN DE OCAMPO", "MUNICIPIO": "LOS REYES", "PUEBLO INDIGENA O AFROMEXICANO": "P'URHÉPECHA\n(TARASCO)", "LOCALIDAD": "SICUICHO", "CLAVE INEGI": 160750026, "TIPO DE ASENTAMIENTO": "COMUNIDAD INDIGENA", "NOMBRE": "SICUICHO", "MONTO ASIGNADO (PESOS)": 1954396, "LATITUD": 19.661944, "LONGITUD": -102.333611 }, "geometry": { "type": "Point", "coordinates": [ -102.333611, 19.661944 ] } },
{ "type": "Feature", "properties": { "NO": 157, "ENTIDAD": "MICHOACAN DE OCAMPO", "MUNICIPIO": "LOS REYES", "PUEBLO INDIGENA O AFROMEXICANO": "P'URHÉPECHA\n(TARASCO)", "LOCALIDAD": "URINGUITIRO (SAN MARTÍN)", "CLAVE INEGI": 160750031, "TIPO DE ASENTAMIENTO": "COMUNIDAD INDIGENA", "NOMBRE": "URINGUITIRO (SAN MARTÍN)", "MONTO ASIGNADO (PESOS)": 965270, "LATITUD": 19.750586, "LONGITUD": -102.303729 }, "geometry": { "type": "Point", "coordinates": [ -102.303729, 19.750586 ] } },
{ "type": "Feature", "properties": { "NO": 158, "ENTIDAD": "MICHOACAN DE OCAMPO", "MUNICIPIO": "LOS REYES", "PUEBLO INDIGENA O AFROMEXICANO": "P'URHÉPECHA\n(TARASCO)", "LOCALIDAD": "ZACÁN", "CLAVE INEGI": 160750032, "TIPO DE ASENTAMIENTO": "COMUNIDAD INDIGENA", "NOMBRE": "ZACÁN", "MONTO ASIGNADO (PESOS)": 749927, "LATITUD": 19.5648, "LONGITUD": -102.287392 }, "geometry": { "type": "Point", "coordinates": [ -102.287392, 19.5648 ] } },
{ "type": "Feature", "properties": { "NO": 159, "ENTIDAD": "MICHOACAN DE OCAMPO", "MUNICIPIO": "LOS REYES", "PUEBLO INDIGENA O AFROMEXICANO": "P'URHÉPECHA\n(TARASCO)", "LOCALIDAD": "(SINNOMBRE)", "CLAVE INEGI": 160750000, "TIPO DE ASENTAMIENTO": "COMUNIDAD INDIGENA", "NOMBRE": "RANCHOLAESPERANZA", "MONTO ASIGNADO (PESOS)": 84639, "LATITUD": 19.611025, "LONGITUD": -102.336753 }, "geometry": { "type": "Point", "coordinates": [ -102.336753, 19.611025 ] } },
{ "type": "Feature", "properties": { "NO": 160, "ENTIDAD": "MICHOACAN DE OCAMPO", "MUNICIPIO": "MADERO", "PUEBLO INDIGENA O AFROMEXICANO": "P'URHÉPECHA\n(TARASCO)", "LOCALIDAD": "ETÚCUARO", "CLAVE INEGI": 160490044, "TIPO DE ASENTAMIENTO": "COMUNIDAD INDIGENA", "NOMBRE": "ETÚCUARO", "MONTO ASIGNADO (PESOS)": 1135518, "LATITUD": 19.420378, "LONGITUD": -101.214567 }, "geometry": { "type": "Point", "coordinates": [ -101.214567, 19.420378 ] } },
{ "type": "Feature", "properties": { "NO": 161, "ENTIDAD": "MICHOACAN DE OCAMPO", "MUNICIPIO": "MADERO", "PUEBLO INDIGENA O AFROMEXICANO": "P'URHÉPECHA\n(TARASCO)", "LOCALIDAD": "VILLA MADERO", "CLAVE INEGI": 160490001, "TIPO DE ASENTAMIENTO": "COMUNIDAD INDIGENA", "NOMBRE": "VILLA MADERO", "MONTO ASIGNADO (PESOS)": 11581363, "LATITUD": 19.39212, "LONGITUD": -101.277615 }, "geometry": { "type": "Point", "coordinates": [ -101.277615, 19.39212 ] } },
{ "type": "Feature", "properties": { "NO": 162, "ENTIDAD": "MICHOACAN DE OCAMPO", "MUNICIPIO": "MARAVATÍO", "PUEBLO INDIGENA O AFROMEXICANO": "MAZAHUA", "LOCALIDAD": "ESTANCIA DE SANTA ELENA", "CLAVE INEGI": 160500083, "TIPO DE ASENTAMIENTO": "COMUNIDAD INDIGENA", "NOMBRE": "ESTANCIA DE SANTA ELENA", "MONTO ASIGNADO (PESOS)": 322300, "LATITUD": 19.866399, "LONGITUD": -100.356148 }, "geometry": { "type": "Point", "coordinates": [ -100.356148, 19.866399 ] } },
{ "type": "Feature", "properties": { "NO": 163, "ENTIDAD": "MICHOACAN DE OCAMPO", "MUNICIPIO": "MARAVATÍO", "PUEBLO INDIGENA O AFROMEXICANO": "P'URHÉPECHA\n(TARASCO)", "LOCALIDAD": "MARAVATÍO DE OCAMPO", "CLAVE INEGI": 160500001, "TIPO DE ASENTAMIENTO": "COMUNIDAD INDIGENA", "NOMBRE": "MARAVATÍO DE OCAMPO", "MONTO ASIGNADO (PESOS)": 423107, "LATITUD": 19.891673, "LONGITUD": -100.441667 }, "geometry": { "type": "Point", "coordinates": [ -100.441667, 19.891673 ] } },
{ "type": "Feature", "properties": { "NO": 164, "ENTIDAD": "MICHOACAN DE OCAMPO", "MUNICIPIO": "MARAVATÍO", "PUEBLO INDIGENA O AFROMEXICANO": "MAZAHUA", "LOCALIDAD": "MESA DEL LEÓN", "CLAVE INEGI": 160500034, "TIPO DE ASENTAMIENTO": "COMUNIDAD INDIGENA", "NOMBRE": "MESA DEL LEÓN", "MONTO ASIGNADO (PESOS)": 267331, "LATITUD": 19.793776, "LONGITUD": -100.489602 }, "geometry": { "type": "Point", "coordinates": [ -100.489602, 19.793776 ] } },
{ "type": "Feature", "properties": { "NO": 165, "ENTIDAD": "MICHOACAN DE OCAMPO", "MUNICIPIO": "MARAVATÍO", "PUEBLO INDIGENA O AFROMEXICANO": "P'URHÉPECHA\n(TARASCO)", "LOCALIDAD": "SAN MIGUEL EL ALTO (EL PUERTO)", "CLAVE INEGI": 160500082, "TIPO DE ASENTAMIENTO": "COMUNIDAD INDIGENA", "NOMBRE": "SAN MIGUEL EL ALTO (EL PUERTO)", "MONTO ASIGNADO (PESOS)": 2184001, "LATITUD": 19.847635, "LONGITUD": -100.25808 }, "geometry": { "type": "Point", "coordinates": [ -100.25808, 19.847635 ] } },
{ "type": "Feature", "properties": { "NO": 166, "ENTIDAD": "MICHOACAN DE OCAMPO", "MUNICIPIO": "MARAVATÍO", "PUEBLO INDIGENA O AFROMEXICANO": "MAZAHUA", "LOCALIDAD": "URIPITIO", "CLAVE INEGI": 160500071, "TIPO DE ASENTAMIENTO": "COMUNIDAD INDIGENA", "NOMBRE": "URIPITIO", "MONTO ASIGNADO (PESOS)": 3664276, "LATITUD": 19.953158, "LONGITUD": -100.538204 }, "geometry": { "type": "Point", "coordinates": [ -100.538204, 19.953158 ] } },
{ "type": "Feature", "properties": { "NO": 167, "ENTIDAD": "MICHOACAN DE OCAMPO", "MUNICIPIO": "MORELIA", "PUEBLO INDIGENA O AFROMEXICANO": "P'URHÉPECHA\n(TARASCO)", "LOCALIDAD": "AMPLIACIÓN CAPULA", "CLAVE INEGI": 160530444, "TIPO DE ASENTAMIENTO": "COMUNIDAD INDIGENA", "NOMBRE": "AMPLIACIÓN CAPULA", "MONTO ASIGNADO (PESOS)": 2923002, "LATITUD": 19.664793, "LONGITUD": -101.388535 }, "geometry": { "type": "Point", "coordinates": [ -101.388535, 19.664793 ] } },
{ "type": "Feature", "properties": { "NO": 168, "ENTIDAD": "MICHOACAN DE OCAMPO", "MUNICIPIO": "MORELIA", "PUEBLO INDIGENA O AFROMEXICANO": "PIRINDA", "LOCALIDAD": "EJIDAL SANTA MARÍA", "CLAVE INEGI": 160530490, "TIPO DE ASENTAMIENTO": "COMUNIDAD INDIGENA", "NOMBRE": "EJIDAL SANTA MARÍA", "MONTO ASIGNADO (PESOS)": 5325564, "LATITUD": 19.664399, "LONGITUD": -101.169569 }, "geometry": { "type": "Point", "coordinates": [ -101.169569, 19.664399 ] } },
{ "type": "Feature", "properties": { "NO": 169, "ENTIDAD": "MICHOACAN DE OCAMPO", "MUNICIPIO": "MORELIA", "PUEBLO INDIGENA O AFROMEXICANO": "PIRINDA", "LOCALIDAD": "JESÚS DEL MONTE (LA CAPILLA)", "CLAVE INEGI": 160530074, "TIPO DE ASENTAMIENTO": "COMUNIDAD INDIGENA", "NOMBRE": "JESÚS DEL MONTE (LA CAPILLA)", "MONTO ASIGNADO (PESOS)": 1923768, "LATITUD": 19.651668, "LONGITUD": -101.151735 }, "geometry": { "type": "Point", "coordinates": [ -101.151735, 19.651668 ] } },
{ "type": "Feature", "properties": { "NO": 170, "ENTIDAD": "MICHOACAN DE OCAMPO", "MUNICIPIO": "MORELIA", "PUEBLO INDIGENA O AFROMEXICANO": "PIRINDA", "LOCALIDAD": "SAN MIGUEL DEL MONTE", "CLAVE INEGI": 160530133, "TIPO DE ASENTAMIENTO": "COMUNIDAD INDIGENA", "NOMBRE": "SAN MIGUEL DEL MONTE", "MONTO ASIGNADO (PESOS)": 1463237, "LATITUD": 19.621161, "LONGITUD": -101.13404 }, "geometry": { "type": "Point", "coordinates": [ -101.13404, 19.621161 ] } },
{ "type": "Feature", "properties": { "NO": 171, "ENTIDAD": "MICHOACAN DE OCAMPO", "MUNICIPIO": "MORELIA", "PUEBLO INDIGENA O AFROMEXICANO": "PIRINDA", "LOCALIDAD": "SAN NICOLÁS OBISPO", "CLAVE INEGI": 160530134, "TIPO DE ASENTAMIENTO": "COMUNIDAD INDIGENA", "NOMBRE": "SAN NICOLÁS OBISPO", "MONTO ASIGNADO (PESOS)": 91915, "LATITUD": 19.65221, "LONGITUD": -101.315866 }, "geometry": { "type": "Point", "coordinates": [ -101.315866, 19.65221 ] } },
{ "type": "Feature", "properties": { "NO": 172, "ENTIDAD": "MICHOACAN DE OCAMPO", "MUNICIPIO": "MORELIA", "PUEBLO INDIGENA O AFROMEXICANO": "PIRINDA", "LOCALIDAD": "SANTIAGO UNDAMEO", "CLAVE INEGI": 160530141, "TIPO DE ASENTAMIENTO": "COMUNIDAD INDIGENA", "NOMBRE": "SANTIAGO UNDAMEO", "MONTO ASIGNADO (PESOS)": 6638535, "LATITUD": 19.594843, "LONGITUD": -101.284208 }, "geometry": { "type": "Point", "coordinates": [ -101.284208, 19.594843 ] } },
{ "type": "Feature", "properties": { "NO": 173, "ENTIDAD": "MICHOACAN DE OCAMPO", "MUNICIPIO": "MORELIA", "PUEBLO INDIGENA O AFROMEXICANO": "PIRINDA", "LOCALIDAD": "TIRIPETÍO", "CLAVE INEGI": 160530157, "TIPO DE ASENTAMIENTO": "COMUNIDAD INDIGENA", "NOMBRE": "TIRIPETÍO", "MONTO ASIGNADO (PESOS)": 6323673, "LATITUD": 19.5502, "LONGITUD": -101.345452 }, "geometry": { "type": "Point", "coordinates": [ -101.345452, 19.5502 ] } },
{ "type": "Feature", "properties": { "NO": 174, "ENTIDAD": "MICHOACAN DE OCAMPO", "MUNICIPIO": "NAHUATZEN", "PUEBLO INDIGENA O AFROMEXICANO": "P'URHÉPECHA\n(TARASCO)", "LOCALIDAD": "ARANTEPACUA", "CLAVE INEGI": 160560002, "TIPO DE ASENTAMIENTO": "LOCALIDADCONPOBLACION INDIGENA", "NOMBRE": "ARANTEPACUA", "MONTO ASIGNADO (PESOS)": 2895337, "LATITUD": 19.594613, "LONGITUD": -101.96866 }, "geometry": { "type": "Point", "coordinates": [ -101.96866, 19.594613 ] } },
{ "type": "Feature", "properties": { "NO": 175, "ENTIDAD": "MICHOACAN DE OCAMPO", "MUNICIPIO": "NAHUATZEN", "PUEBLO INDIGENA O AFROMEXICANO": "P'URHÉPECHA\n(TARASCO)", "LOCALIDAD": "COMACHUÉN", "CLAVE INEGI": 160560003, "TIPO DE ASENTAMIENTO": "COMUNIDAD INDIGENA", "NOMBRE": "COMACHUÉN", "MONTO ASIGNADO (PESOS)": 7424906, "LATITUD": 19.572262, "LONGITUD": -101.905223 }, "geometry": { "type": "Point", "coordinates": [ -101.905223, 19.572262 ] } },
{ "type": "Feature", "properties": { "NO": 176, "ENTIDAD": "MICHOACAN DE OCAMPO", "MUNICIPIO": "NAHUATZEN", "PUEBLO INDIGENA O AFROMEXICANO": "P'URHÉPECHA\n(TARASCO)", "LOCALIDAD": "EL PADRE", "CLAVE INEGI": 160560010, "TIPO DE ASENTAMIENTO": "COMUNIDAD INDIGENA", "NOMBRE": "EL PADRE", "MONTO ASIGNADO (PESOS)": 157502, "LATITUD": 19.626987, "LONGITUD": -101.936618 }, "geometry": { "type": "Point", "coordinates": [ -101.936618, 19.626987 ] } },
{ "type": "Feature", "properties": { "NO": 177, "ENTIDAD": "MICHOACAN DE OCAMPO", "MUNICIPIO": "NAHUATZEN", "PUEBLO INDIGENA O AFROMEXICANO": "P'URHÉPECHA\n(TARASCO)", "LOCALIDAD": "EL PINO", "CLAVE INEGI": 160560006, "TIPO DE ASENTAMIENTO": "COMUNIDAD INDIGENA", "NOMBRE": "EL PINO", "MONTO ASIGNADO (PESOS)": 382119, "LATITUD": 19.680939, "LONGITUD": -101.910368 }, "geometry": { "type": "Point", "coordinates": [ -101.910368, 19.680939 ] } },
{ "type": "Feature", "properties": { "NO": 178, "ENTIDAD": "MICHOACAN DE OCAMPO", "MUNICIPIO": "NAHUATZEN", "PUEBLO INDIGENA O AFROMEXICANO": "P'URHÉPECHA\n(TARASCO)", "LOCALIDAD": "LA MOJONERA", "CLAVE INEGI": 160560005, "TIPO DE ASENTAMIENTO": "COMUNIDAD INDIGENA", "NOMBRE": "LA MOJONERA", "MONTO ASIGNADO (PESOS)": 1302851, "LATITUD": 19.703025, "LONGITUD": -101.834457 }, "geometry": { "type": "Point", "coordinates": [ -101.834457, 19.703025 ] } },
{ "type": "Feature", "properties": { "NO": 179, "ENTIDAD": "MICHOACAN DE OCAMPO", "MUNICIPIO": "NAHUATZEN", "PUEBLO INDIGENA O AFROMEXICANO": "P'URHÉPECHA\n(TARASCO)", "LOCALIDAD": "NAHUATZEN", "CLAVE INEGI": 160560001, "TIPO DE ASENTAMIENTO": "COMUNIDAD INDIGENA", "NOMBRE": "NAHUATZEN", "MONTO ASIGNADO (PESOS)": 217212, "LATITUD": 19.654073, "LONGITUD": -101.917136 }, "geometry": { "type": "Point", "coordinates": [ -101.917136, 19.654073 ] } },
{ "type": "Feature", "properties": { "NO": 180, "ENTIDAD": "MICHOACAN DE OCAMPO", "MUNICIPIO": "NAHUATZEN", "PUEBLO INDIGENA O AFROMEXICANO": "P'URHÉPECHA\n(TARASCO)", "LOCALIDAD": "SAN ISIDRO", "CLAVE INEGI": 160560007, "TIPO DE ASENTAMIENTO": "COMUNIDAD INDIGENA", "NOMBRE": "SAN ISIDRO", "MONTO ASIGNADO (PESOS)": 776603, "LATITUD": 19.643442, "LONGITUD": -101.828571 }, "geometry": { "type": "Point", "coordinates": [ -101.828571, 19.643442 ] } },
{ "type": "Feature", "properties": { "NO": 181, "ENTIDAD": "MICHOACAN DE OCAMPO", "MUNICIPIO": "NAHUATZEN", "PUEBLO INDIGENA O AFROMEXICANO": "P'URHÉPECHA\n(TARASCO)", "LOCALIDAD": "SEVINA", "CLAVE INEGI": 160560008, "TIPO DE ASENTAMIENTO": "COMUNIDAD INDIGENA", "NOMBRE": "SEVINA", "MONTO ASIGNADO (PESOS)": 1268899, "LATITUD": 19.62997, "LONGITUD": -101.901552 }, "geometry": { "type": "Point", "coordinates": [ -101.901552, 19.62997 ] } },
{ "type": "Feature", "properties": { "NO": 182, "ENTIDAD": "MICHOACAN DE OCAMPO", "MUNICIPIO": "NAHUATZEN", "PUEBLO INDIGENA O AFROMEXICANO": "P'URHÉPECHA\n(TARASCO)", "LOCALIDAD": "TURÍCUARO", "CLAVE INEGI": 160560009, "TIPO DE ASENTAMIENTO": "COMUNIDAD INDIGENA", "NOMBRE": "TURÍCUARO", "MONTO ASIGNADO (PESOS)": 5211394, "LATITUD": 19.571817, "LONGITUD": -101.939436 }, "geometry": { "type": "Point", "coordinates": [ -101.939436, 19.571817 ] } },
{ "type": "Feature", "properties": { "NO": 183, "ENTIDAD": "MICHOACAN DE OCAMPO", "MUNICIPIO": "NOCUPÉTARO", "PUEBLO INDIGENA O AFROMEXICANO": "PIRINDA", "LOCALIDAD": "MELCHOR OCAMPO (SAN ANTONIO DE LAS HUERTAS)", "CLAVE INEGI": 160570079, "TIPO DE ASENTAMIENTO": "COMUNIDAD INDIGENA", "NOMBRE": "MELCHOR OCAMPO (SAN ANTONIO DE LAS HUERTAS)", "MONTO ASIGNADO (PESOS)": 635947, "LATITUD": 19.035412, "LONGITUD": -101.258179 }, "geometry": { "type": "Point", "coordinates": [ -101.258179, 19.035412 ] } },
{ "type": "Feature", "properties": { "NO": 184, "ENTIDAD": "MICHOACAN DE OCAMPO", "MUNICIPIO": "NUEVO PARANGARICUTIRO", "PUEBLO INDIGENA O AFROMEXICANO": "P'URHÉPECHA\n(TARASCO)", "LOCALIDAD": "NUEVO SAN JUAN PARANGARICUTIRO", "CLAVE INEGI": 160580001, "TIPO DE ASENTAMIENTO": "COMUNIDAD INDIGENA", "NOMBRE": "NUEVO SAN JUAN PARANGARICUTIRO", "MONTO ASIGNADO (PESOS)": 610079, "LATITUD": 19.416644, "LONGITUD": -102.129879 }, "geometry": { "type": "Point", "coordinates": [ -102.129879, 19.416644 ] } },
{ "type": "Feature", "properties": { "NO": 185, "ENTIDAD": "MICHOACAN DE OCAMPO", "MUNICIPIO": "OCAMPO", "PUEBLO INDIGENA O AFROMEXICANO": "OTOMÍ", "LOCALIDAD": "EL PASO", "CLAVE INEGI": 160610017, "TIPO DE ASENTAMIENTO": "COMUNIDAD INDIGENA", "NOMBRE": "EL PASO", "MONTO ASIGNADO (PESOS)": 908936, "LATITUD": 19.556824, "LONGITUD": -100.357111 }, "geometry": { "type": "Point", "coordinates": [ -100.357111, 19.556824 ] } },
{ "type": "Feature", "properties": { "NO": 186, "ENTIDAD": "MICHOACAN DE OCAMPO", "MUNICIPIO": "OCAMPO", "PUEBLO INDIGENA O AFROMEXICANO": "OTOMÍ", "LOCALIDAD": "MANZANA DEL CENTRO DE SAN CRISTÓBAL", "CLAVE INEGI": 160610020, "TIPO DE ASENTAMIENTO": "COMUNIDAD INDIGENA", "NOMBRE": "MANZANA DEL CENTRO DE SAN CRISTÓBAL", "MONTO ASIGNADO (PESOS)": 4196183, "LATITUD": 19.541389, "LONGITUD": -100.351111 }, "geometry": { "type": "Point", "coordinates": [ -100.351111, 19.541389 ] } },
{ "type": "Feature", "properties": { "NO": 187, "ENTIDAD": "MICHOACAN DE OCAMPO", "MUNICIPIO": "OCAMPO", "PUEBLO INDIGENA O AFROMEXICANO": "OTOMÍ", "LOCALIDAD": "MANZANA LOS REMEDIOS", "CLAVE INEGI": 160610018, "TIPO DE ASENTAMIENTO": "COMUNIDAD INDIGENA", "NOMBRE": "MANZANA LOS REMEDIOS", "MONTO ASIGNADO (PESOS)": 304516, "LATITUD": 19.58424, "LONGITUD": -100.351849 }, "geometry": { "type": "Point", "coordinates": [ -100.351849, 19.58424 ] } },
{ "type": "Feature", "properties": { "NO": 188, "ENTIDAD": "MICHOACAN DE OCAMPO", "MUNICIPIO": "PARACHO", "PUEBLO INDIGENA O AFROMEXICANO": "P'URHÉPECHA\n(TARASCO)", "LOCALIDAD": "AHUIRÁN", "CLAVE INEGI": 160650002, "TIPO DE ASENTAMIENTO": "COMUNIDAD INDIGENA", "NOMBRE": "AHUIRÁN", "MONTO ASIGNADO (PESOS)": 1820207, "LATITUD": 19.665833, "LONGITUD": -102.073055 }, "geometry": { "type": "Point", "coordinates": [ -102.073055, 19.665833 ] } },
{ "type": "Feature", "properties": { "NO": 189, "ENTIDAD": "MICHOACAN DE OCAMPO", "MUNICIPIO": "PARACHO", "PUEBLO INDIGENA O AFROMEXICANO": "P'URHÉPECHA\n(TARASCO)", "LOCALIDAD": "ARANZA (ARANTZÁN)", "CLAVE INEGI": 160650003, "TIPO DE ASENTAMIENTO": "COMUNIDAD INDIGENA", "NOMBRE": "ARANZA (ARANTZÁN)", "MONTO ASIGNADO (PESOS)": 1660958, "LATITUD": 19.663063, "LONGITUD": -102.02464 }, "geometry": { "type": "Point", "coordinates": [ -102.02464, 19.663063 ] } },
{ "type": "Feature", "properties": { "NO": 190, "ENTIDAD": "MICHOACAN DE OCAMPO", "MUNICIPIO": "PARACHO", "PUEBLO INDIGENA O AFROMEXICANO": "P'URHÉPECHA\n(TARASCO)", "LOCALIDAD": "ARATO", "CLAVE INEGI": 160650004, "TIPO DE ASENTAMIENTO": "COMUNIDAD INDIGENA", "NOMBRE": "ARATO", "MONTO ASIGNADO (PESOS)": 169518, "LATITUD": 19.63905, "LONGITUD": -102.09614 }, "geometry": { "type": "Point", "coordinates": [ -102.09614, 19.63905 ] } },
{ "type": "Feature", "properties": { "NO": 191, "ENTIDAD": "MICHOACAN DE OCAMPO", "MUNICIPIO": "PARACHO", "PUEBLO INDIGENA O AFROMEXICANO": "P'URHÉPECHA\n(TARASCO)", "LOCALIDAD": "CHERÁN ATZICUIRÍN (CHERANÁSTICO)", "CLAVE INEGI": 160650005, "TIPO DE ASENTAMIENTO": "COMUNIDAD INDIGENA", "NOMBRE": "CHERÁN ATZICUIRÍN (CHERANÁSTICO)", "MONTO ASIGNADO (PESOS)": 2400615, "LATITUD": 19.698982, "LONGITUD": -102.015566 }, "geometry": { "type": "Point", "coordinates": [ -102.015566, 19.698982 ] } },
{ "type": "Feature", "properties": { "NO": 192, "ENTIDAD": "MICHOACAN DE OCAMPO", "MUNICIPIO": "PARACHO", "PUEBLO INDIGENA O AFROMEXICANO": "P'URHÉPECHA\n(TARASCO)", "LOCALIDAD": "NURIO", "CLAVE INEGI": 160650006, "TIPO DE ASENTAMIENTO": "COMUNIDAD INDIGENA", "NOMBRE": "NURIO", "MONTO ASIGNADO (PESOS)": 4516688, "LATITUD": 19.655381, "LONGITUD": -102.130466 }, "geometry": { "type": "Point", "coordinates": [ -102.130466, 19.655381 ] } },
{ "type": "Feature", "properties": { "NO": 193, "ENTIDAD": "MICHOACAN DE OCAMPO", "MUNICIPIO": "PARACHO", "PUEBLO INDIGENA O AFROMEXICANO": "P'URHÉPECHA\n(TARASCO)", "LOCALIDAD": "PARACHO DE VERDUZCO", "CLAVE INEGI": 160650001, "TIPO DE ASENTAMIENTO": "COMUNIDAD INDIGENA", "NOMBRE": "PARACHO DE VERDUZCO", "MONTO ASIGNADO (PESOS)": 2601091, "LATITUD": 19.647296, "LONGITUD": -102.048467 }, "geometry": { "type": "Point", "coordinates": [ -102.048467, 19.647296 ] } },
{ "type": "Feature", "properties": { "NO": 194, "ENTIDAD": "MICHOACAN DE OCAMPO", "MUNICIPIO": "PARACHO", "PUEBLO INDIGENA O AFROMEXICANO": "P'URHÉPECHA\n(TARASCO)", "LOCALIDAD": "POMACUARÁN (POMOCUARÁN)", "CLAVE INEGI": 160650007, "TIPO DE ASENTAMIENTO": "COMUNIDAD INDIGENA", "NOMBRE": "POMACUARÁN (POMOCUARÁN)", "MONTO ASIGNADO (PESOS)": 1522727, "LATITUD": 19.622355, "LONGITUD": -102.103151 }, "geometry": { "type": "Point", "coordinates": [ -102.103151, 19.622355 ] } },
{ "type": "Feature", "properties": { "NO": 195, "ENTIDAD": "MICHOACAN DE OCAMPO", "MUNICIPIO": "PARACHO", "PUEBLO INDIGENA O AFROMEXICANO": "P'URHÉPECHA\n(TARASCO)", "LOCALIDAD": "QUINCEO", "CLAVE INEGI": 160650008, "TIPO DE ASENTAMIENTO": "COMUNIDAD INDIGENA", "NOMBRE": "QUINCEO", "MONTO ASIGNADO (PESOS)": 4090820, "LATITUD": 19.594099, "LONGITUD": -102.000541 }, "geometry": { "type": "Point", "coordinates": [ -102.000541, 19.594099 ] } },
{ "type": "Feature", "properties": { "NO": 196, "ENTIDAD": "MICHOACAN DE OCAMPO", "MUNICIPIO": "PARACHO", "PUEBLO INDIGENA O AFROMEXICANO": "P'URHÉPECHA\n(TARASCO)", "LOCALIDAD": "SANTA MARÍA URAPICHO", "CLAVE INEGI": 160650009, "TIPO DE ASENTAMIENTO": "COMUNIDAD INDIGENA", "NOMBRE": "SANTA MARÍA URAPICHO", "MONTO ASIGNADO (PESOS)": 2512970, "LATITUD": 19.681626, "LONGITUD": -102.112424 }, "geometry": { "type": "Point", "coordinates": [ -102.112424, 19.681626 ] } },
{ "type": "Feature", "properties": { "NO": 197, "ENTIDAD": "MICHOACAN DE OCAMPO", "MUNICIPIO": "PÁTZCUARO", "PUEBLO INDIGENA O AFROMEXICANO": "P'URHÉPECHA\n(TARASCO)", "LOCALIDAD": "AJUNO", "CLAVE INEGI": 160660002, "TIPO DE ASENTAMIENTO": "COMUNIDAD INDIGENA", "NOMBRE": "AJUNO", "MONTO ASIGNADO (PESOS)": 1572846, "LATITUD": 19.513044, "LONGITUD": -101.723048 }, "geometry": { "type": "Point", "coordinates": [ -101.723048, 19.513044 ] } },
{ "type": "Feature", "properties": { "NO": 198, "ENTIDAD": "MICHOACAN DE OCAMPO", "MUNICIPIO": "PÁTZCUARO", "PUEBLO INDIGENA O AFROMEXICANO": "P'URHÉPECHA\n(TARASCO)", "LOCALIDAD": "CUANAJO", "CLAVE INEGI": 160660009, "TIPO DE ASENTAMIENTO": "COMUNIDAD INDIGENA", "NOMBRE": "CUANAJO", "MONTO ASIGNADO (PESOS)": 3960766, "LATITUD": 19.485789, "LONGITUD": -101.508791 }, "geometry": { "type": "Point", "coordinates": [ -101.508791, 19.485789 ] } },
{ "type": "Feature", "properties": { "NO": 199, "ENTIDAD": "MICHOACAN DE OCAMPO", "MUNICIPIO": "PÁTZCUARO", "PUEBLO INDIGENA O AFROMEXICANO": "P'URHÉPECHA\n(TARASCO)", "LOCALIDAD": "HUECORIO", "CLAVE INEGI": 160660012, "TIPO DE ASENTAMIENTO": "COMUNIDAD INDIGENA", "NOMBRE": "HUECORIO", "MONTO ASIGNADO (PESOS)": 1082166, "LATITUD": 19.538546, "LONGITUD": -101.633084 }, "geometry": { "type": "Point", "coordinates": [ -101.633084, 19.538546 ] } },
{ "type": "Feature", "properties": { "NO": 200, "ENTIDAD": "MICHOACAN DE OCAMPO", "MUNICIPIO": "PÁTZCUARO", "PUEBLO INDIGENA O AFROMEXICANO": "P'URHÉPECHA\n(TARASCO)", "LOCALIDAD": "ISLA DE TECUENA", "CLAVE INEGI": 160660037, "TIPO DE ASENTAMIENTO": "COMUNIDAD INDIGENA", "NOMBRE": "ISLA DE TECUENA", "MONTO ASIGNADO (PESOS)": 323916, "LATITUD": 19.586146, "LONGITUD": -101.650283 }, "geometry": { "type": "Point", "coordinates": [ -101.650283, 19.586146 ] } },
{ "type": "Feature", "properties": { "NO": 201, "ENTIDAD": "MICHOACAN DE OCAMPO", "MUNICIPIO": "PÁTZCUARO", "PUEBLO INDIGENA O AFROMEXICANO": "P'URHÉPECHA\n(TARASCO)", "LOCALIDAD": "ISLA YUNUÉN", "CLAVE INEGI": 160660044, "TIPO DE ASENTAMIENTO": "COMUNIDAD INDIGENA", "NOMBRE": "ISLA YUNUÉN", "MONTO ASIGNADO (PESOS)": 171135, "LATITUD": 19.599884, "LONGITUD": -101.648131 }, "geometry": { "type": "Point", "coordinates": [ -101.648131, 19.599884 ] } },
{ "type": "Feature", "properties": { "NO": 202, "ENTIDAD": "MICHOACAN DE OCAMPO", "MUNICIPIO": "PÁTZCUARO", "PUEBLO INDIGENA O AFROMEXICANO": "P'URHÉPECHA\n(TARASCO)", "LOCALIDAD": "JANITZIO (ISLA JANITZIO)", "CLAVE INEGI": 160660015, "TIPO DE ASENTAMIENTO": "COMUNIDAD INDIGENA", "NOMBRE": "JANITZIO (ISLA JANITZIO)", "MONTO ASIGNADO (PESOS)": 1985922, "LATITUD": 19.574068, "LONGITUD": -101.651883 }, "geometry": { "type": "Point", "coordinates": [ -101.651883, 19.574068 ] } },
{ "type": "Feature", "properties": { "NO": 203, "ENTIDAD": "MICHOACAN DE OCAMPO", "MUNICIPIO": "PÁTZCUARO", "PUEBLO INDIGENA O AFROMEXICANO": "P'URHÉPECHA\n(TARASCO)", "LOCALIDAD": "LÁZARO CÁRDENAS (SAN BARTOLO PAREO)", "CLAVE INEGI": 160660017, "TIPO DE ASENTAMIENTO": "COMUNIDAD INDIGENA", "NOMBRE": "LÁZARO CÁRDENAS (SAN BARTOLO PAREO)", "MONTO ASIGNADO (PESOS)": 526009, "LATITUD": 19.527575, "LONGITUD": -101.678944 }, "geometry": { "type": "Point", "coordinates": [ -101.678944, 19.527575 ] } },
{ "type": "Feature", "properties": { "NO": 204, "ENTIDAD": "MICHOACAN DE OCAMPO", "MUNICIPIO": "PÁTZCUARO", "PUEBLO INDIGENA O AFROMEXICANO": "P'URHÉPECHA\n(TARASCO)", "LOCALIDAD": "PÁTZCUARO", "CLAVE INEGI": 160660001, "TIPO DE ASENTAMIENTO": "COMUNIDAD INDIGENA", "NOMBRE": "PÁTZCUARO", "MONTO ASIGNADO (PESOS)": 1694909, "LATITUD": 19.513598, "LONGITUD": -101.610116 }, "geometry": { "type": "Point", "coordinates": [ -101.610116, 19.513598 ] } },
{ "type": "Feature", "properties": { "NO": 205, "ENTIDAD": "MICHOACAN DE OCAMPO", "MUNICIPIO": "PÁTZCUARO", "PUEBLO INDIGENA O AFROMEXICANO": "P'URHÉPECHA\n(TARASCO)", "LOCALIDAD": "SAN JUAN TUMBÍO", "CLAVE INEGI": 160660100, "TIPO DE ASENTAMIENTO": "COMUNIDAD INDIGENA", "NOMBRE": "SAN JUAN TUMBÍO", "MONTO ASIGNADO (PESOS)": 1082166, "LATITUD": 19.505369, "LONGITUD": -101.763121 }, "geometry": { "type": "Point", "coordinates": [ -101.763121, 19.505369 ] } },
{ "type": "Feature", "properties": { "NO": 206, "ENTIDAD": "MICHOACAN DE OCAMPO", "MUNICIPIO": "PÁTZCUARO", "PUEBLO INDIGENA O AFROMEXICANO": "P'URHÉPECHA\n(TARASCO)", "LOCALIDAD": "SAN PEDRO PAREO", "CLAVE INEGI": 160660034, "TIPO DE ASENTAMIENTO": "COMUNIDAD INDIGENA", "NOMBRE": "SAN PEDRO PAREO", "MONTO ASIGNADO (PESOS)": 647264, "LATITUD": 19.533205, "LONGITUD": -101.67026 }, "geometry": { "type": "Point", "coordinates": [ -101.67026, 19.533205 ] } },
{ "type": "Feature", "properties": { "NO": 207, "ENTIDAD": "MICHOACAN DE OCAMPO", "MUNICIPIO": "PÁTZCUARO", "PUEBLO INDIGENA O AFROMEXICANO": "P'URHÉPECHA\n(TARASCO)", "LOCALIDAD": "SANTA ANA CHAPITIRO", "CLAVE INEGI": 160660028, "TIPO DE ASENTAMIENTO": "COMUNIDAD INDIGENA", "NOMBRE": "SANTA ANA CHAPITIRO", "MONTO ASIGNADO (PESOS)": 867948, "LATITUD": 19.52611, "LONGITUD": -101.6525 }, "geometry": { "type": "Point", "coordinates": [ -101.6525, 19.52611 ] } },
{ "type": "Feature", "properties": { "NO": 208, "ENTIDAD": "MICHOACAN DE OCAMPO", "MUNICIPIO": "PÁTZCUARO", "PUEBLO INDIGENA O AFROMEXICANO": "P'URHÉPECHA\n(TARASCO)", "LOCALIDAD": "SANTA MARÍA HUIRAMANGARO (SAN JUAN TUMBIO)", "CLAVE INEGI": 160660013, "TIPO DE ASENTAMIENTO": "COMUNIDAD INDIGENA", "NOMBRE": "SANTA MARÍA HUIRAMANGARO (SAN JUAN TUMBIO)", "MONTO ASIGNADO (PESOS)": 1420064, "LATITUD": 19.512841, "LONGITUD": -101.766394 }, "geometry": { "type": "Point", "coordinates": [ -101.766394, 19.512841 ] } },
{ "type": "Feature", "properties": { "NO": 209, "ENTIDAD": "MICHOACAN DE OCAMPO", "MUNICIPIO": "PÁTZCUARO", "PUEBLO INDIGENA O AFROMEXICANO": "P'URHÉPECHA\n(TARASCO)", "LOCALIDAD": "TZENTZÉNGUARO", "CLAVE INEGI": 160660040, "TIPO DE ASENTAMIENTO": "COMUNIDAD INDIGENA", "NOMBRE": "TZENTZÉNGUARO", "MONTO ASIGNADO (PESOS)": 516308, "LATITUD": 19.534285, "LONGITUD": -101.642991 }, "geometry": { "type": "Point", "coordinates": [ -101.642991, 19.534285 ] } },
{ "type": "Feature", "properties": { "NO": 210, "ENTIDAD": "MICHOACAN DE OCAMPO", "MUNICIPIO": "PÁTZCUARO", "PUEBLO INDIGENA O AFROMEXICANO": "P'URHÉPECHA\n(TARASCO)", "LOCALIDAD": "URANDÉN CARIÁN", "CLAVE INEGI": 160660048, "TIPO DE ASENTAMIENTO": "COMUNIDAD INDIGENA", "NOMBRE": "URANDÉN CARIÁN", "MONTO ASIGNADO (PESOS)": 152542, "LATITUD": 19.543757, "LONGITUD": -101.632527 }, "geometry": { "type": "Point", "coordinates": [ -101.632527, 19.543757 ] } },
{ "type": "Feature", "properties": { "NO": 211, "ENTIDAD": "MICHOACAN DE OCAMPO", "MUNICIPIO": "PÁTZCUARO", "PUEBLO INDIGENA O AFROMEXICANO": "P'URHÉPECHA\n(TARASCO)", "LOCALIDAD": "URANDÉN DE MORALES (URANDÉN CHICO)", "CLAVE INEGI": 160660060, "TIPO DE ASENTAMIENTO": "COMUNIDAD INDIGENA", "NOMBRE": "URANDÉN DE MORALES (URANDÉN CHICO)", "MONTO ASIGNADO (PESOS)": 107274, "LATITUD": 19.543932, "LONGITUD": -101.639164 }, "geometry": { "type": "Point", "coordinates": [ -101.639164, 19.543932 ] } },
{ "type": "Feature", "properties": { "NO": 212, "ENTIDAD": "MICHOACAN DE OCAMPO", "MUNICIPIO": "PÁTZCUARO", "PUEBLO INDIGENA O AFROMEXICANO": "P'URHÉPECHA\n(TARASCO)", "LOCALIDAD": "URANDÉN DE MORELOS (ISLA URANDÉN DE MORELOS)", "CLAVE INEGI": 160660043, "TIPO DE ASENTAMIENTO": "COMUNIDAD INDIGENA", "NOMBRE": "URANDÉN DE MORELOS (ISLA URANDÉN DE MORELOS)", "MONTO ASIGNADO (PESOS)": 387778, "LATITUD": 19.542035, "LONGITUD": -101.644676 }, "geometry": { "type": "Point", "coordinates": [ -101.644676, 19.542035 ] } },
{ "type": "Feature", "properties": { "NO": 213, "ENTIDAD": "MICHOACAN DE OCAMPO", "MUNICIPIO": "PÁTZCUARO", "PUEBLO INDIGENA O AFROMEXICANO": "P'URHÉPECHA\n(TARASCO)", "LOCALIDAD": "ZURUMÚTARO (TZURUMÚTARO)", "CLAVE INEGI": 160660047, "TIPO DE ASENTAMIENTO": "COMUNIDAD INDIGENA", "NOMBRE": "ZURUMÚTARO (TZURUMÚTARO)", "MONTO ASIGNADO (PESOS)": 136375, "LATITUD": 19.546497, "LONGITUD": -101.58967 }, "geometry": { "type": "Point", "coordinates": [ -101.58967, 19.546497 ] } },
{ "type": "Feature", "properties": { "NO": 214, "ENTIDAD": "MICHOACAN DE OCAMPO", "MUNICIPIO": "PERIBÁN", "PUEBLO INDIGENA O AFROMEXICANO": "P'URHÉPECHA\n(TARASCO)", "LOCALIDAD": "LA MESA", "CLAVE INEGI": 160680076, "TIPO DE ASENTAMIENTO": "COMUNIDAD INDIGENA", "NOMBRE": "LA MESA", "MONTO ASIGNADO (PESOS)": 119399, "LATITUD": 19.574734, "LONGITUD": -102.402716 }, "geometry": { "type": "Point", "coordinates": [ -102.402716, 19.574734 ] } },
{ "type": "Feature", "properties": { "NO": 215, "ENTIDAD": "MICHOACAN DE OCAMPO", "MUNICIPIO": "PERIBÁN", "PUEBLO INDIGENA O AFROMEXICANO": "P'URHÉPECHA\n(TARASCO)", "LOCALIDAD": "LA YERBABUENA", "CLAVE INEGI": 160680048, "TIPO DE ASENTAMIENTO": "COMUNIDAD INDIGENA", "NOMBRE": "LA YERBABUENA", "MONTO ASIGNADO (PESOS)": 455681, "LATITUD": 19.576109, "LONGITUD": -102.397471 }, "geometry": { "type": "Point", "coordinates": [ -102.397471, 19.576109 ] } },
{ "type": "Feature", "properties": { "NO": 216, "ENTIDAD": "MICHOACAN DE OCAMPO", "MUNICIPIO": "PERIBÁN", "PUEBLO INDIGENA O AFROMEXICANO": "P'URHÉPECHA\n(TARASCO)", "LOCALIDAD": "SAN FRANCISCO PERIBÁN", "CLAVE INEGI": 160680037, "TIPO DE ASENTAMIENTO": "COMUNIDAD INDIGENA", "NOMBRE": "SAN FRANCISCO PERIBÁN", "MONTO ASIGNADO (PESOS)": 2015023, "LATITUD": 19.557536, "LONGITUD": -102.399789 }, "geometry": { "type": "Point", "coordinates": [ -102.399789, 19.557536 ] } },
{ "type": "Feature", "properties": { "NO": 217, "ENTIDAD": "MICHOACAN DE OCAMPO", "MUNICIPIO": "QUERÉNDARO", "PUEBLO INDIGENA O AFROMEXICANO": "PIRINDA", "LOCALIDAD": "JAUJA", "CLAVE INEGI": 160720010, "TIPO DE ASENTAMIENTO": "COMUNIDAD INDIGENA", "NOMBRE": "JAUJA", "MONTO ASIGNADO (PESOS)": 935093, "LATITUD": 19.616363, "LONGITUD": -100.826058 }, "geometry": { "type": "Point", "coordinates": [ -100.826058, 19.616363 ] } },
{ "type": "Feature", "properties": { "NO": 218, "ENTIDAD": "MICHOACAN DE OCAMPO", "MUNICIPIO": "QUIROGA", "PUEBLO INDIGENA O AFROMEXICANO": "P'URHÉPECHA\n(TARASCO)", "LOCALIDAD": "ICUACATO", "CLAVE INEGI": 160730005, "TIPO DE ASENTAMIENTO": "COMUNIDAD INDIGENA", "NOMBRE": "ICUACATO", "MONTO ASIGNADO (PESOS)": 500141, "LATITUD": 19.699348, "LONGITUD": -101.4587 }, "geometry": { "type": "Point", "coordinates": [ -101.4587, 19.699348 ] } },
{ "type": "Feature", "properties": { "NO": 219, "ENTIDAD": "MICHOACAN DE OCAMPO", "MUNICIPIO": "QUIROGA", "PUEBLO INDIGENA O AFROMEXICANO": "P'URHÉPECHA\n(TARASCO)", "LOCALIDAD": "QUIROGA", "CLAVE INEGI": 160730001, "TIPO DE ASENTAMIENTO": "COMUNIDAD INDIGENA", "NOMBRE": "QUIROGA", "MONTO ASIGNADO (PESOS)": 148501, "LATITUD": 19.663786, "LONGITUD": -101.524003 }, "geometry": { "type": "Point", "coordinates": [ -101.524003, 19.663786 ] } },
{ "type": "Feature", "properties": { "NO": 220, "ENTIDAD": "MICHOACAN DE OCAMPO", "MUNICIPIO": "QUIROGA", "PUEBLO INDIGENA O AFROMEXICANO": "P'URHÉPECHA\n(TARASCO)", "LOCALIDAD": "SAN ANDRÉS ZIRÓNDARO", "CLAVE INEGI": 160730008, "TIPO DE ASENTAMIENTO": "COMUNIDAD INDIGENA", "NOMBRE": "SAN ANDRÉS ZIRÓNDARO", "MONTO ASIGNADO (PESOS)": 2039274, "LATITUD": 19.669946, "LONGITUD": -101.63286 }, "geometry": { "type": "Point", "coordinates": [ -101.63286, 19.669946 ] } },
{ "type": "Feature", "properties": { "NO": 221, "ENTIDAD": "MICHOACAN DE OCAMPO", "MUNICIPIO": "QUIROGA", "PUEBLO INDIGENA O AFROMEXICANO": "P'URHÉPECHA\n(TARASCO)", "LOCALIDAD": "SAN JERÓNIMO PURENCHÉCUARO", "CLAVE INEGI": 160730009, "TIPO DE ASENTAMIENTO": "COMUNIDAD INDIGENA", "NOMBRE": "SAN JERÓNIMO PURENCHÉCUARO", "MONTO ASIGNADO (PESOS)": 1686017, "LATITUD": 19.677499, "LONGITUD": -101.612455 }, "geometry": { "type": "Point", "coordinates": [ -101.612455, 19.677499 ] } },
{ "type": "Feature", "properties": { "NO": 222, "ENTIDAD": "MICHOACAN DE OCAMPO", "MUNICIPIO": "QUIROGA", "PUEBLO INDIGENA O AFROMEXICANO": "P'URHÉPECHA\n(TARASCO)", "LOCALIDAD": "SANAMBO", "CLAVE INEGI": 160730007, "TIPO DE ASENTAMIENTO": "COMUNIDAD INDIGENA", "NOMBRE": "SANAMBO", "MONTO ASIGNADO (PESOS)": 395861, "LATITUD": 19.646275, "LONGITUD": -101.456267 }, "geometry": { "type": "Point", "coordinates": [ -101.456267, 19.646275 ] } },
{ "type": "Feature", "properties": { "NO": 223, "ENTIDAD": "MICHOACAN DE OCAMPO", "MUNICIPIO": "QUIROGA", "PUEBLO INDIGENA O AFROMEXICANO": "P'URHÉPECHA\n(TARASCO)", "LOCALIDAD": "SANTA FE DE LA LAGUNA", "CLAVE INEGI": 160730011, "TIPO DE ASENTAMIENTO": "COMUNIDAD INDIGENA", "NOMBRE": "SANTA FE DE LA LAGUNA", "MONTO ASIGNADO (PESOS)": 4421537, "LATITUD": 19.67304, "LONGITUD": -101.556302 }, "geometry": { "type": "Point", "coordinates": [ -101.556302, 19.67304 ] } },
{ "type": "Feature", "properties": { "NO": 224, "ENTIDAD": "MICHOACAN DE OCAMPO", "MUNICIPIO": "SALVADOR ESCALANTE", "PUEBLO INDIGENA O AFROMEXICANO": "P'URHÉPECHA\n(TARASCO)", "LOCALIDAD": "CHAPA (CHAPA NUEVO)", "CLAVE INEGI": 160790023, "TIPO DE ASENTAMIENTO": "COMUNIDAD INDIGENA", "NOMBRE": "CHAPA (CHAPA NUEVO)", "MONTO ASIGNADO (PESOS)": 1175129, "LATITUD": 19.378899, "LONGITUD": -101.664581 }, "geometry": { "type": "Point", "coordinates": [ -101.664581, 19.378899 ] } },
{ "type": "Feature", "properties": { "NO": 225, "ENTIDAD": "MICHOACAN DE OCAMPO", "MUNICIPIO": "SALVADOR ESCALANTE", "PUEBLO INDIGENA O AFROMEXICANO": "P'URHÉPECHA\n(TARASCO)", "LOCALIDAD": "EL TARASCÓN", "CLAVE INEGI": 160790066, "TIPO DE ASENTAMIENTO": "COMUNIDAD INDIGENA", "NOMBRE": "EL TARASCÓN", "MONTO ASIGNADO (PESOS)": 383736, "LATITUD": 19.435358, "LONGITUD": -101.826857 }, "geometry": { "type": "Point", "coordinates": [ -101.826857, 19.435358 ] } },
{ "type": "Feature", "properties": { "NO": 226, "ENTIDAD": "MICHOACAN DE OCAMPO", "MUNICIPIO": "SALVADOR ESCALANTE", "PUEBLO INDIGENA O AFROMEXICANO": "P'URHÉPECHA\n(TARASCO)", "LOCALIDAD": "FELIPE TZINTZUN (LA MESA)", "CLAVE INEGI": 160790028, "TIPO DE ASENTAMIENTO": "COMUNIDAD INDIGENA", "NOMBRE": "FELIPE TZINTZUN (LA MESA)", "MONTO ASIGNADO (PESOS)": 739145, "LATITUD": 19.391341, "LONGITUD": -101.535139 }, "geometry": { "type": "Point", "coordinates": [ -101.535139, 19.391341 ] } },
{ "type": "Feature", "properties": { "NO": 227, "ENTIDAD": "MICHOACAN DE OCAMPO", "MUNICIPIO": "SALVADOR ESCALANTE", "PUEBLO INDIGENA O AFROMEXICANO": "P'URHÉPECHA\n(TARASCO)", "LOCALIDAD": "IZTARO", "CLAVE INEGI": 160790036, "TIPO DE ASENTAMIENTO": "COMUNIDAD INDIGENA", "NOMBRE": "IZTARO", "MONTO ASIGNADO (PESOS)": 1711167, "LATITUD": 19.327609, "LONGITUD": -101.754469 }, "geometry": { "type": "Point", "coordinates": [ -101.754469, 19.327609 ] } },
{ "type": "Feature", "properties": { "NO": 228, "ENTIDAD": "MICHOACAN DE OCAMPO", "MUNICIPIO": "SALVADOR ESCALANTE", "PUEBLO INDIGENA O AFROMEXICANO": "P'URHÉPECHA\n(TARASCO)", "LOCALIDAD": "OPOPEO", "CLAVE INEGI": 160790045, "TIPO DE ASENTAMIENTO": "COMUNIDAD INDIGENA", "NOMBRE": "OPOPEO", "MONTO ASIGNADO (PESOS)": 99190, "LATITUD": 19.412229, "LONGITUD": -101.60734 }, "geometry": { "type": "Point", "coordinates": [ -101.60734, 19.412229 ] } },
{ "type": "Feature", "properties": { "NO": 229, "ENTIDAD": "MICHOACAN DE OCAMPO", "MUNICIPIO": "SALVADOR ESCALANTE", "PUEBLO INDIGENA O AFROMEXICANO": "P'URHÉPECHA\n(TARASCO)", "LOCALIDAD": "PLUTARCO ELÍAS CALLES (COPÁNDARO)", "CLAVE INEGI": 160790013, "TIPO DE ASENTAMIENTO": "COMUNIDAD INDIGENA", "NOMBRE": "PLUTARCO ELÍAS CALLES (COPÁNDARO)", "MONTO ASIGNADO (PESOS)": 422537, "LATITUD": 19.436149, "LONGITUD": -101.76334 }, "geometry": { "type": "Point", "coordinates": [ -101.76334, 19.436149 ] } },
{ "type": "Feature", "properties": { "NO": 230, "ENTIDAD": "MICHOACAN DE OCAMPO", "MUNICIPIO": "SALVADOR ESCALANTE", "PUEBLO INDIGENA O AFROMEXICANO": "P'URHÉPECHA\n(TARASCO)", "LOCALIDAD": "ZIRAHUÉN", "CLAVE INEGI": 160790075, "TIPO DE ASENTAMIENTO": "COMUNIDAD INDIGENA", "NOMBRE": "ZIRAHUÉN", "MONTO ASIGNADO (PESOS)": 1649013, "LATITUD": 19.453889, "LONGITUD": -101.731944 }, "geometry": { "type": "Point", "coordinates": [ -101.731944, 19.453889 ] } },
{ "type": "Feature", "properties": { "NO": 231, "ENTIDAD": "MICHOACAN DE OCAMPO", "MUNICIPIO": "SAN LUCAS", "PUEBLO INDIGENA O AFROMEXICANO": "MATLATZINCA", "LOCALIDAD": "CHUMBÍTARO", "CLAVE INEGI": 160770024, "TIPO DE ASENTAMIENTO": "COMUNIDAD INDIGENA", "NOMBRE": "CHUMBÍTARO", "MONTO ASIGNADO (PESOS)": 446788, "LATITUD": 18.481593, "LONGITUD": -100.701696 }, "geometry": { "type": "Point", "coordinates": [ -100.701696, 18.481593 ] } },
{ "type": "Feature", "properties": { "NO": 232, "ENTIDAD": "MICHOACAN DE OCAMPO", "MUNICIPIO": "SAN LUCAS", "PUEBLO INDIGENA O AFROMEXICANO": "PIRINDA", "LOCALIDAD": "CORRAL VIEJO", "CLAVE INEGI": 160770019, "TIPO DE ASENTAMIENTO": "COMUNIDAD INDIGENA", "NOMBRE": "CORRAL VIEJO", "MONTO ASIGNADO (PESOS)": 240655, "LATITUD": 18.62361, "LONGITUD": -100.791389 }, "geometry": { "type": "Point", "coordinates": [ -100.791389, 18.62361 ] } },
{ "type": "Feature", "properties": { "NO": 233, "ENTIDAD": "MICHOACAN DE OCAMPO", "MUNICIPIO": "SAN LUCAS", "PUEBLO INDIGENA O AFROMEXICANO": "PIRINDA", "LOCALIDAD": "CUAUHTÉMOC (HUARICHI)", "CLAVE INEGI": 160770032, "TIPO DE ASENTAMIENTO": "COMUNIDAD INDIGENA", "NOMBRE": "CUAUHTÉMOC (HUARICHI)", "MONTO ASIGNADO (PESOS)": 473465, "LATITUD": 18.443171, "LONGITUD": -100.685379 }, "geometry": { "type": "Point", "coordinates": [ -100.685379, 18.443171 ] } },
{ "type": "Feature", "properties": { "NO": 234, "ENTIDAD": "MICHOACAN DE OCAMPO", "MUNICIPIO": "SAN LUCAS", "PUEBLO INDIGENA O AFROMEXICANO": "MATLATZINCA", "LOCALIDAD": "EL NARANJO", "CLAVE INEGI": 160770041, "TIPO DE ASENTAMIENTO": "COMUNIDAD INDIGENA", "NOMBRE": "EL NARANJO", "MONTO ASIGNADO (PESOS)": 130716, "LATITUD": 18.464633, "LONGITUD": -100.693565 }, "geometry": { "type": "Point", "coordinates": [ -100.693565, 18.464633 ] } },
{ "type": "Feature", "properties": { "NO": 235, "ENTIDAD": "MICHOACAN DE OCAMPO", "MUNICIPIO": "SAN LUCAS", "PUEBLO INDIGENA O AFROMEXICANO": "MATLATZINCA", "LOCALIDAD": "EL TULE", "CLAVE INEGI": 160770065, "TIPO DE ASENTAMIENTO": "COMUNIDAD INDIGENA", "NOMBRE": "EL TULE", "MONTO ASIGNADO (PESOS)": 98382, "LATITUD": 18.453219, "LONGITUD": -100.777446 }, "geometry": { "type": "Point", "coordinates": [ -100.777446, 18.453219 ] } },
{ "type": "Feature", "properties": { "NO": 236, "ENTIDAD": "MICHOACAN DE OCAMPO", "MUNICIPIO": "SAN LUCAS", "PUEBLO INDIGENA O AFROMEXICANO": "MATLATZINCA", "LOCALIDAD": "LA HUIZACHERA (EL HUIZACHAL)", "CLAVE INEGI": 160770033, "TIPO DE ASENTAMIENTO": "COMUNIDAD INDIGENA", "NOMBRE": "LA HUIZACHERA (EL HUIZACHAL)", "MONTO ASIGNADO (PESOS)": 443555, "LATITUD": 18.38953, "LONGITUD": -100.678975 }, "geometry": { "type": "Point", "coordinates": [ -100.678975, 18.38953 ] } },
{ "type": "Feature", "properties": { "NO": 237, "ENTIDAD": "MICHOACAN DE OCAMPO", "MUNICIPIO": "SAN LUCAS", "PUEBLO INDIGENA O AFROMEXICANO": "PIRINDA", "LOCALIDAD": "LAS HUITZUCATAS (EL TERRERO BLANCO)", "CLAVE INEGI": 160770034, "TIPO DE ASENTAMIENTO": "COMUNIDAD INDIGENA", "NOMBRE": "LAS HUITZUCATAS (EL TERRERO BLANCO)", "MONTO ASIGNADO (PESOS)": 115357, "LATITUD": 18.490833, "LONGITUD": -100.829722 }, "geometry": { "type": "Point", "coordinates": [ -100.829722, 18.490833 ] } },
{ "type": "Feature", "properties": { "NO": 238, "ENTIDAD": "MICHOACAN DE OCAMPO", "MUNICIPIO": "SAN LUCAS", "PUEBLO INDIGENA O AFROMEXICANO": "MATLATZINCA", "LOCALIDAD": "QUERUTZEO (QUERUSEO)", "CLAVE INEGI": 160770047, "TIPO DE ASENTAMIENTO": "COMUNIDAD INDIGENA", "NOMBRE": "QUERUTZEO (QUERUSEO)", "MONTO ASIGNADO (PESOS)": 138800, "LATITUD": 18.475197, "LONGITUD": -100.784733 }, "geometry": { "type": "Point", "coordinates": [ -100.784733, 18.475197 ] } },
{ "type": "Feature", "properties": { "NO": 239, "ENTIDAD": "MICHOACAN DE OCAMPO", "MUNICIPIO": "SAN LUCAS", "PUEBLO INDIGENA O AFROMEXICANO": "PIRINDA", "LOCALIDAD": "SANTA CRUZ DE VILLA GÓMEZ", "CLAVE INEGI": 160770055, "TIPO DE ASENTAMIENTO": "COMUNIDAD INDIGENA", "NOMBRE": "SANTA CRUZ DE VILLA GÓMEZ", "MONTO ASIGNADO (PESOS)": 630288, "LATITUD": 18.374351, "LONGITUD": -100.630126 }, "geometry": { "type": "Point", "coordinates": [ -100.630126, 18.374351 ] } },
{ "type": "Feature", "properties": { "NO": 240, "ENTIDAD": "MICHOACAN DE OCAMPO", "MUNICIPIO": "SAN LUCAS", "PUEBLO INDIGENA O AFROMEXICANO": "MATLATZINCA", "LOCALIDAD": "TACUPA", "CLAVE INEGI": 160770057, "TIPO DE ASENTAMIENTO": "COMUNIDAD INDIGENA", "NOMBRE": "TACUPA", "MONTO ASIGNADO (PESOS)": 605229, "LATITUD": 18.40759, "LONGITUD": -100.679219 }, "geometry": { "type": "Point", "coordinates": [ -100.679219, 18.40759 ] } },
{ "type": "Feature", "properties": { "NO": 241, "ENTIDAD": "MICHOACAN DE OCAMPO", "MUNICIPIO": "SENGUIO", "PUEBLO INDIGENA O AFROMEXICANO": "MAZAHUA", "LOCALIDAD": "EL CALABOZO SEGUNDA FRACCIÓN", "CLAVE INEGI": 160800003, "TIPO DE ASENTAMIENTO": "COMUNIDAD INDIGENA", "NOMBRE": "EL CALABOZO SEGUNDA FRACCIÓN", "MONTO ASIGNADO (PESOS)": 548643, "LATITUD": 19.766389, "LONGITUD": -100.347777 }, "geometry": { "type": "Point", "coordinates": [ -100.347777, 19.766389 ] } },
{ "type": "Feature", "properties": { "NO": 242, "ENTIDAD": "MICHOACAN DE OCAMPO", "MUNICIPIO": "SENGUIO", "PUEBLO INDIGENA O AFROMEXICANO": "MAZAHUA", "LOCALIDAD": "TUPÁTARO", "CLAVE INEGI": 160800066, "TIPO DE ASENTAMIENTO": "COMUNIDAD INDIGENA", "NOMBRE": "TUPÁTARO", "MONTO ASIGNADO (PESOS)": 2403370, "LATITUD": 19.813778, "LONGITUD": -100.307354 }, "geometry": { "type": "Point", "coordinates": [ -100.307354, 19.813778 ] } },
{ "type": "Feature", "properties": { "NO": 243, "ENTIDAD": "MICHOACAN DE OCAMPO", "MUNICIPIO": "SUSUPUATO", "PUEBLO INDIGENA O AFROMEXICANO": "MAZAHUA", "LOCALIDAD": "COPÁNDARO (SANTIAGO)", "CLAVE INEGI": 160810011, "TIPO DE ASENTAMIENTO": "COMUNIDAD INDIGENA", "NOMBRE": "COPÁNDARO (SANTIAGO)", "MONTO ASIGNADO (PESOS)": 2372833, "LATITUD": 19.288732, "LONGITUD": -100.351078 }, "geometry": { "type": "Point", "coordinates": [ -100.351078, 19.288732 ] } },
{ "type": "Feature", "properties": { "NO": 244, "ENTIDAD": "MICHOACAN DE OCAMPO", "MUNICIPIO": "SUSUPUATO", "PUEBLO INDIGENA O AFROMEXICANO": "MAZAHUA", "LOCALIDAD": "RANCHO VIEJO", "CLAVE INEGI": 160810039, "TIPO DE ASENTAMIENTO": "COMUNIDAD INDIGENA", "NOMBRE": "RANCHO VIEJO", "MONTO ASIGNADO (PESOS)": 2938031, "LATITUD": 19.248333, "LONGITUD": -100.417499 }, "geometry": { "type": "Point", "coordinates": [ -100.417499, 19.248333 ] } },
{ "type": "Feature", "properties": { "NO": 245, "ENTIDAD": "MICHOACAN DE OCAMPO", "MUNICIPIO": "TANGAMANDAPIO", "PUEBLO INDIGENA O AFROMEXICANO": "P'URHÉPECHA\n(TARASCO)", "LOCALIDAD": "HUARACHANILLO DE ABAJO", "CLAVE INEGI": 160840041, "TIPO DE ASENTAMIENTO": "COMUNIDAD INDIGENA", "NOMBRE": "HUARACHANILLO DE ABAJO", "MONTO ASIGNADO (PESOS)": 246313, "LATITUD": 19.834681, "LONGITUD": -102.381431 }, "geometry": { "type": "Point", "coordinates": [ -102.381431, 19.834681 ] } },
{ "type": "Feature", "properties": { "NO": 246, "ENTIDAD": "MICHOACAN DE OCAMPO", "MUNICIPIO": "TANGAMANDAPIO", "PUEBLO INDIGENA O AFROMEXICANO": "P'URHÉPECHA\n(TARASCO)", "LOCALIDAD": "LA CANTERA", "CLAVE INEGI": 160840004, "TIPO DE ASENTAMIENTO": "COMUNIDAD INDIGENA", "NOMBRE": "LA CANTERA", "MONTO ASIGNADO (PESOS)": 3559007, "LATITUD": 19.863746, "LONGITUD": -102.408573 }, "geometry": { "type": "Point", "coordinates": [ -102.408573, 19.863746 ] } },
{ "type": "Feature", "properties": { "NO": 247, "ENTIDAD": "MICHOACAN DE OCAMPO", "MUNICIPIO": "TANGAMANDAPIO", "PUEBLO INDIGENA O AFROMEXICANO": "P'URHÉPECHA\n(TARASCO)", "LOCALIDAD": "LAS ENCINILLAS", "CLAVE INEGI": 160840008, "TIPO DE ASENTAMIENTO": "COMUNIDAD INDIGENA", "NOMBRE": "LAS ENCINILLAS", "MONTO ASIGNADO (PESOS)": 245439, "LATITUD": 19.89852, "LONGITUD": -102.445102 }, "geometry": { "type": "Point", "coordinates": [ -102.445102, 19.89852 ] } },
{ "type": "Feature", "properties": { "NO": 248, "ENTIDAD": "MICHOACAN DE OCAMPO", "MUNICIPIO": "TANGAMANDAPIO", "PUEBLO INDIGENA O AFROMEXICANO": "P'URHÉPECHA\n(TARASCO)", "LOCALIDAD": "PASO DEL MOLINO", "CLAVE INEGI": 160840016, "TIPO DE ASENTAMIENTO": "COMUNIDAD INDIGENA", "NOMBRE": "PASO DEL MOLINO", "MONTO ASIGNADO (PESOS)": 339275, "LATITUD": 19.833312, "LONGITUD": -102.522079 }, "geometry": { "type": "Point", "coordinates": [ -102.522079, 19.833312 ] } },
{ "type": "Feature", "properties": { "NO": 249, "ENTIDAD": "MICHOACAN DE OCAMPO", "MUNICIPIO": "TANGAMANDAPIO", "PUEBLO INDIGENA O AFROMEXICANO": "P'URHÉPECHA\n(TARASCO)", "LOCALIDAD": "TARECUATO", "CLAVE INEGI": 160840020, "TIPO DE ASENTAMIENTO": "COMUNIDAD INDIGENA", "NOMBRE": "TARECUATO", "MONTO ASIGNADO (PESOS)": 8086679, "LATITUD": 19.844748, "LONGITUD": -102.464661 }, "geometry": { "type": "Point", "coordinates": [ -102.464661, 19.844748 ] } },
{ "type": "Feature", "properties": { "NO": 250, "ENTIDAD": "MICHOACAN DE OCAMPO", "MUNICIPIO": "TANGANCÍCUARO", "PUEBLO INDIGENA O AFROMEXICANO": "P'URHÉPECHA\n(TARASCO)", "LOCALIDAD": "ADOLFO RUIZ CORTINES (CAPRICHO)", "CLAVE INEGI": 160850019, "TIPO DE ASENTAMIENTO": "COMUNIDAD INDIGENA", "NOMBRE": "ADOLFO RUIZ CORTINES (CAPRICHO)", "MONTO ASIGNADO (PESOS)": 1312551, "LATITUD": 19.835103, "LONGITUD": -102.220227 }, "geometry": { "type": "Point", "coordinates": [ -102.220227, 19.835103 ] } },
{ "type": "Feature", "properties": { "NO": 251, "ENTIDAD": "MICHOACAN DE OCAMPO", "MUNICIPIO": "TANGANCÍCUARO", "PUEBLO INDIGENA O AFROMEXICANO": "P'URHÉPECHA\n(TARASCO)", "LOCALIDAD": "ARANZA", "CLAVE INEGI": 160850002, "TIPO DE ASENTAMIENTO": "COMUNIDAD INDIGENA", "NOMBRE": "ARANZA", "MONTO ASIGNADO (PESOS)": 501758, "LATITUD": 19.817849, "LONGITUD": -102.358664 }, "geometry": { "type": "Point", "coordinates": [ -102.358664, 19.817849 ] } },
{ "type": "Feature", "properties": { "NO": 252, "ENTIDAD": "MICHOACAN DE OCAMPO", "MUNICIPIO": "TANGANCÍCUARO", "PUEBLO INDIGENA O AFROMEXICANO": "P'URHÉPECHA\n(TARASCO)", "LOCALIDAD": "BUENA VISTA", "CLAVE INEGI": 160850003, "TIPO DE ASENTAMIENTO": "COMUNIDAD INDIGENA", "NOMBRE": "BUENA VISTA", "MONTO ASIGNADO (PESOS)": 449214, "LATITUD": 19.931202, "LONGITUD": -102.169505 }, "geometry": { "type": "Point", "coordinates": [ -102.169505, 19.931202 ] } },
{ "type": "Feature", "properties": { "NO": 253, "ENTIDAD": "MICHOACAN DE OCAMPO", "MUNICIPIO": "TANGANCÍCUARO", "PUEBLO INDIGENA O AFROMEXICANO": "P'URHÉPECHA\n(TARASCO)", "LOCALIDAD": "EL NUEVO SAUZ DE GUZMÁN", "CLAVE INEGI": 160850101, "TIPO DE ASENTAMIENTO": "COMUNIDAD INDIGENA", "NOMBRE": "EL NUEVO SAUZ DE GUZMÁN", "MONTO ASIGNADO (PESOS)": 251163, "LATITUD": 19.879444, "LONGITUD": -102.390266 }, "geometry": { "type": "Point", "coordinates": [ -102.390266, 19.879444 ] } },
{ "type": "Feature", "properties": { "NO": 254, "ENTIDAD": "MICHOACAN DE OCAMPO", "MUNICIPIO": "TANGANCÍCUARO", "PUEBLO INDIGENA O AFROMEXICANO": "P'URHÉPECHA\n(TARASCO)", "LOCALIDAD": "ETÚCUARO", "CLAVE INEGI": 160850008, "TIPO DE ASENTAMIENTO": "COMUNIDAD INDIGENA", "NOMBRE": "ETÚCUARO", "MONTO ASIGNADO (PESOS)": 1154111, "LATITUD": 19.892409, "LONGITUD": -102.130935 }, "geometry": { "type": "Point", "coordinates": [ -102.130935, 19.892409 ] } },
{ "type": "Feature", "properties": { "NO": 255, "ENTIDAD": "MICHOACAN DE OCAMPO", "MUNICIPIO": "TANGANCÍCUARO", "PUEBLO INDIGENA O AFROMEXICANO": "P'URHÉPECHA\n(TARASCO)", "LOCALIDAD": "FRANCISCO J. MÚJICA (LA GUARACHA)", "CLAVE INEGI": 160850009, "TIPO DE ASENTAMIENTO": "COMUNIDAD INDIGENA", "NOMBRE": "FRANCISCO J. MÚJICA (LA GUARACHA)", "MONTO ASIGNADO (PESOS)": 362718, "LATITUD": 19.913494, "LONGITUD": -102.163754 }, "geometry": { "type": "Point", "coordinates": [ -102.163754, 19.913494 ] } },
{ "type": "Feature", "properties": { "NO": 256, "ENTIDAD": "MICHOACAN DE OCAMPO", "MUNICIPIO": "TANGANCÍCUARO", "PUEBLO INDIGENA O AFROMEXICANO": "P'URHÉPECHA\n(TARASCO)", "LOCALIDAD": "GENERAL DÁMASO CÁRDENAS (PÁRAMO)", "CLAVE INEGI": 160850010, "TIPO DE ASENTAMIENTO": "COMUNIDAD INDIGENA", "NOMBRE": "GENERAL DÁMASO CÁRDENAS (PÁRAMO)", "MONTO ASIGNADO (PESOS)": 736184, "LATITUD": 19.846609, "LONGITUD": -102.281018 }, "geometry": { "type": "Point", "coordinates": [ -102.281018, 19.846609 ] } },
{ "type": "Feature", "properties": { "NO": 257, "ENTIDAD": "MICHOACAN DE OCAMPO", "MUNICIPIO": "TANGANCÍCUARO", "PUEBLO INDIGENA O AFROMEXICANO": "P'URHÉPECHA\n(TARASCO)", "LOCALIDAD": "GÓMEZ FARÍAS", "CLAVE INEGI": 160850011, "TIPO DE ASENTAMIENTO": "COMUNIDAD INDIGENA", "NOMBRE": "GÓMEZ FARÍAS", "MONTO ASIGNADO (PESOS)": 881691, "LATITUD": 19.92057, "LONGITUD": -102.162689 }, "geometry": { "type": "Point", "coordinates": [ -102.162689, 19.92057 ] } },
{ "type": "Feature", "properties": { "NO": 258, "ENTIDAD": "MICHOACAN DE OCAMPO", "MUNICIPIO": "TANGANCÍCUARO", "PUEBLO INDIGENA O AFROMEXICANO": "P'URHÉPECHA\n(TARASCO)", "LOCALIDAD": "GUARACHANILLO (GUARACHANILLO DE ARRIBA)", "CLAVE INEGI": 160850012, "TIPO DE ASENTAMIENTO": "COMUNIDAD INDIGENA", "NOMBRE": "GUARACHANILLO (GUARACHANILLO DE ARRIBA)", "MONTO ASIGNADO (PESOS)": 319066, "LATITUD": 19.82503, "LONGITUD": -102.376794 }, "geometry": { "type": "Point", "coordinates": [ -102.376794, 19.82503 ] } },
{ "type": "Feature", "properties": { "NO": 259, "ENTIDAD": "MICHOACAN DE OCAMPO", "MUNICIPIO": "TANGANCÍCUARO", "PUEBLO INDIGENA O AFROMEXICANO": "P'URHÉPECHA\n(TARASCO)", "LOCALIDAD": "LAS CAÑAS", "CLAVE INEGI": 160850007, "TIPO DE ASENTAMIENTO": "COMUNIDAD INDIGENA", "NOMBRE": "LAS CAÑAS", "MONTO ASIGNADO (PESOS)": 103232, "LATITUD": 19.795784, "LONGITUD": -102.375777 }, "geometry": { "type": "Point", "coordinates": [ -102.375777, 19.795784 ] } },
{ "type": "Feature", "properties": { "NO": 260, "ENTIDAD": "MICHOACAN DE OCAMPO", "MUNICIPIO": "TANGANCÍCUARO", "PUEBLO INDIGENA O AFROMEXICANO": "P'URHÉPECHA\n(TARASCO)", "LOCALIDAD": "LOS LOBOS", "CLAVE INEGI": 160850015, "TIPO DE ASENTAMIENTO": "COMUNIDAD INDIGENA", "NOMBRE": "LOS LOBOS", "MONTO ASIGNADO (PESOS)": 572894, "LATITUD": 19.868053, "LONGITUD": -102.356009 }, "geometry": { "type": "Point", "coordinates": [ -102.356009, 19.868053 ] } },
{ "type": "Feature", "properties": { "NO": 261, "ENTIDAD": "MICHOACAN DE OCAMPO", "MUNICIPIO": "TANGANCÍCUARO", "PUEBLO INDIGENA O AFROMEXICANO": "P'URHÉPECHA\n(TARASCO)", "LOCALIDAD": "NOROTO (LOMA DE NOROTO)", "CLAVE INEGI": 160850016, "TIPO DE ASENTAMIENTO": "COMUNIDAD INDIGENA", "NOMBRE": "NOROTO (LOMA DE NOROTO)", "MONTO ASIGNADO (PESOS)": 395053, "LATITUD": 19.859904, "LONGITUD": -102.17151 }, "geometry": { "type": "Point", "coordinates": [ -102.17151, 19.859904 ] } },
{ "type": "Feature", "properties": { "NO": 262, "ENTIDAD": "MICHOACAN DE OCAMPO", "MUNICIPIO": "TANGANCÍCUARO", "PUEBLO INDIGENA O AFROMEXICANO": "P'URHÉPECHA\n(TARASCO)", "LOCALIDAD": "PATAMBAN (PATAMBAM)", "CLAVE INEGI": 160850017, "TIPO DE ASENTAMIENTO": "COMUNIDAD INDIGENA", "NOMBRE": "PATAMBAN (PATAMBAM)", "MONTO ASIGNADO (PESOS)": 589870, "LATITUD": 19.80437, "LONGITUD": -102.288084 }, "geometry": { "type": "Point", "coordinates": [ -102.288084, 19.80437 ] } },
{ "type": "Feature", "properties": { "NO": 263, "ENTIDAD": "MICHOACAN DE OCAMPO", "MUNICIPIO": "TANGANCÍCUARO", "PUEBLO INDIGENA O AFROMEXICANO": "P'URHÉPECHA\n(TARASCO)", "LOCALIDAD": "SAN ANTONIO OCAMPO", "CLAVE INEGI": 160850020, "TIPO DE ASENTAMIENTO": "COMUNIDAD INDIGENA", "NOMBRE": "SAN ANTONIO OCAMPO", "MONTO ASIGNADO (PESOS)": 677174, "LATITUD": 19.93472, "LONGITUD": -102.137879 }, "geometry": { "type": "Point", "coordinates": [ -102.137879, 19.93472 ] } },
{ "type": "Feature", "properties": { "NO": 264, "ENTIDAD": "MICHOACAN DE OCAMPO", "MUNICIPIO": "TANGANCÍCUARO", "PUEBLO INDIGENA O AFROMEXICANO": "P'URHÉPECHA\n(TARASCO)", "LOCALIDAD": "SAN JOSÉ DE GRACIA (SAN JOSÉ OCUMICHO)", "CLAVE INEGI": 160850021, "TIPO DE ASENTAMIENTO": "COMUNIDAD INDIGENA", "NOMBRE": "SAN JOSÉ DE GRACIA (SAN JOSÉ OCUMICHO)", "MONTO ASIGNADO (PESOS)": 748310, "LATITUD": 19.822201, "LONGITUD": -102.226253 }, "geometry": { "type": "Point", "coordinates": [ -102.226253, 19.822201 ] } },
{ "type": "Feature", "properties": { "NO": 265, "ENTIDAD": "MICHOACAN DE OCAMPO", "MUNICIPIO": "TANGANCÍCUARO", "PUEBLO INDIGENA O AFROMEXICANO": "P'URHÉPECHA\n(TARASCO)", "LOCALIDAD": "SAUZ DE GUZMÁN", "CLAVE INEGI": 160850022, "TIPO DE ASENTAMIENTO": "COMUNIDAD INDIGENA", "NOMBRE": "SAUZ DE GUZMÁN", "MONTO ASIGNADO (PESOS)": 644030, "LATITUD": 19.858984, "LONGITUD": -102.364706 }, "geometry": { "type": "Point", "coordinates": [ -102.364706, 19.858984 ] } },
{ "type": "Feature", "properties": { "NO": 266, "ENTIDAD": "MICHOACAN DE OCAMPO", "MUNICIPIO": "TANGANCÍCUARO", "PUEBLO INDIGENA O AFROMEXICANO": "P'URHÉPECHA\n(TARASCO)", "LOCALIDAD": "TENGÜECHO", "CLAVE INEGI": 160850024, "TIPO DE ASENTAMIENTO": "COMUNIDAD INDIGENA", "NOMBRE": "TENGÜECHO", "MONTO ASIGNADO (PESOS)": 1056298, "LATITUD": 19.837662, "LONGITUD": -102.3427 }, "geometry": { "type": "Point", "coordinates": [ -102.3427, 19.837662 ] } },
{ "type": "Feature", "properties": { "NO": 267, "ENTIDAD": "MICHOACAN DE OCAMPO", "MUNICIPIO": "TANGANCÍCUARO", "PUEBLO INDIGENA O AFROMEXICANO": "P'URHÉPECHA\n(TARASCO)", "LOCALIDAD": "TIERRAS BLANCAS", "CLAVE INEGI": 160850026, "TIPO DE ASENTAMIENTO": "COMUNIDAD INDIGENA", "NOMBRE": "TIERRAS BLANCAS", "MONTO ASIGNADO (PESOS)": 648072, "LATITUD": 19.944716, "LONGITUD": -102.160403 }, "geometry": { "type": "Point", "coordinates": [ -102.160403, 19.944716 ] } },
{ "type": "Feature", "properties": { "NO": 268, "ENTIDAD": "MICHOACAN DE OCAMPO", "MUNICIPIO": "TANGANCÍCUARO", "PUEBLO INDIGENA O AFROMEXICANO": "P'URHÉPECHA\n(TARASCO)", "LOCALIDAD": "VALLE DE GUADALUPE", "CLAVE INEGI": 160850027, "TIPO DE ASENTAMIENTO": "COMUNIDAD INDIGENA", "NOMBRE": "VALLE DE GUADALUPE", "MONTO ASIGNADO (PESOS)": 523584, "LATITUD": 19.911497, "LONGITUD": -102.139579 }, "geometry": { "type": "Point", "coordinates": [ -102.139579, 19.911497 ] } },
{ "type": "Feature", "properties": { "NO": 269, "ENTIDAD": "MICHOACAN DE OCAMPO", "MUNICIPIO": "TARETAN", "PUEBLO INDIGENA O AFROMEXICANO": "P'URHÉPECHA\n(TARASCO)", "LOCALIDAD": "TARETAN", "CLAVE INEGI": 160870001, "TIPO DE ASENTAMIENTO": "COMUNIDAD INDIGENA", "NOMBRE": "TARETAN", "MONTO ASIGNADO (PESOS)": 133950, "LATITUD": 19.334562, "LONGITUD": -101.917904 }, "geometry": { "type": "Point", "coordinates": [ -101.917904, 19.334562 ] } },
{ "type": "Feature", "properties": { "NO": 270, "ENTIDAD": "MICHOACAN DE OCAMPO", "MUNICIPIO": "TARETAN", "PUEBLO INDIGENA O AFROMEXICANO": "P'URHÉPECHA\n(TARASCO)", "LOCALIDAD": "TOMENDÁN", "CLAVE INEGI": 160870015, "TIPO DE ASENTAMIENTO": "COMUNIDAD INDIGENA", "NOMBRE": "TOMENDÁN", "MONTO ASIGNADO (PESOS)": 2365377, "LATITUD": 19.310771, "LONGITUD": -101.859896 }, "geometry": { "type": "Point", "coordinates": [ -101.859896, 19.310771 ] } },
{ "type": "Feature", "properties": { "NO": 271, "ENTIDAD": "MICHOACAN DE OCAMPO", "MUNICIPIO": "TINGAMBATO", "PUEBLO INDIGENA O AFROMEXICANO": "P'URHÉPECHA\n(TARASCO)", "LOCALIDAD": "SAN FRANCISCO PICHÁTARO", "CLAVE INEGI": 160900007, "TIPO DE ASENTAMIENTO": "COMUNIDAD INDIGENA", "NOMBRE": "SAN FRANCISCO PICHÁTARO", "MONTO ASIGNADO (PESOS)": 1228481, "LATITUD": 19.571753, "LONGITUD": -101.806091 }, "geometry": { "type": "Point", "coordinates": [ -101.806091, 19.571753 ] } },
{ "type": "Feature", "properties": { "NO": 272, "ENTIDAD": "MICHOACAN DE OCAMPO", "MUNICIPIO": "TINGAMBATO", "PUEBLO INDIGENA O AFROMEXICANO": "P'URHÉPECHA\n(TARASCO)", "LOCALIDAD": "TINGAMBATO", "CLAVE INEGI": 160900001, "TIPO DE ASENTAMIENTO": "COMUNIDAD INDIGENA", "NOMBRE": "TINGAMBATO", "MONTO ASIGNADO (PESOS)": 197811, "LATITUD": 19.501894, "LONGITUD": -101.853476 }, "geometry": { "type": "Point", "coordinates": [ -101.853476, 19.501894 ] } },
{ "type": "Feature", "properties": { "NO": 273, "ENTIDAD": "MICHOACAN DE OCAMPO", "MUNICIPIO": "TINGÜINDÍN", "PUEBLO INDIGENA O AFROMEXICANO": "P'URHÉPECHA\n(TARASCO)", "LOCALIDAD": "EL MORAL", "CLAVE INEGI": 160910007, "TIPO DE ASENTAMIENTO": "COMUNIDAD INDIGENA", "NOMBRE": "EL MORAL", "MONTO ASIGNADO (PESOS)": 159009, "LATITUD": 19.718398, "LONGITUD": -102.442228 }, "geometry": { "type": "Point", "coordinates": [ -102.442228, 19.718398 ] } },
{ "type": "Feature", "properties": { "NO": 274, "ENTIDAD": "MICHOACAN DE OCAMPO", "MUNICIPIO": "TINGÜINDÍN", "PUEBLO INDIGENA O AFROMEXICANO": "P'URHÉPECHA\n(TARASCO)", "LOCALIDAD": "SAN MIGUEL (LOS RANCHITOS)", "CLAVE INEGI": 160910021, "TIPO DE ASENTAMIENTO": "COMUNIDAD INDIGENA", "NOMBRE": "SAN MIGUEL (LOS RANCHITOS)", "MONTO ASIGNADO (PESOS)": 388586, "LATITUD": 19.745091, "LONGITUD": -102.461571 }, "geometry": { "type": "Point", "coordinates": [ -102.461571, 19.745091 ] } },
{ "type": "Feature", "properties": { "NO": 275, "ENTIDAD": "MICHOACAN DE OCAMPO", "MUNICIPIO": "TINGÜINDÍN", "PUEBLO INDIGENA O AFROMEXICANO": "P'URHÉPECHA\n(TARASCO)", "LOCALIDAD": "TACÁTZCUARO", "CLAVE INEGI": 160910012, "TIPO DE ASENTAMIENTO": "COMUNIDAD INDIGENA", "NOMBRE": "TACÁTZCUARO", "MONTO ASIGNADO (PESOS)": 2015023, "LATITUD": 19.730812, "LONGITUD": -102.547528 }, "geometry": { "type": "Point", "coordinates": [ -102.547528, 19.730812 ] } },
{ "type": "Feature", "properties": { "NO": 276, "ENTIDAD": "MICHOACAN DE OCAMPO", "MUNICIPIO": "TINGÜINDÍN", "PUEBLO INDIGENA O AFROMEXICANO": "P'URHÉPECHA\n(TARASCO)", "LOCALIDAD": "TATA LÁZARO (RANCHO FLORES)", "CLAVE INEGI": 160910020, "TIPO DE ASENTAMIENTO": "COMUNIDAD INDIGENA", "NOMBRE": "TATA LÁZARO (RANCHO FLORES)", "MONTO ASIGNADO (PESOS)": 671308, "LATITUD": 19.745651, "LONGITUD": -102.421321 }, "geometry": { "type": "Point", "coordinates": [ -102.421321, 19.745651 ] } },
{ "type": "Feature", "properties": { "NO": 277, "ENTIDAD": "MICHOACAN DE OCAMPO", "MUNICIPIO": "TINGÜINDÍN", "PUEBLO INDIGENA O AFROMEXICANO": "P'URHÉPECHA\n(TARASCO)", "LOCALIDAD": "(SINNOMBRE)", "CLAVE INEGI": 160910000, "TIPO DE ASENTAMIENTO": "COMUNIDAD INDIGENA", "NOMBRE": "XHÁNIRO", "MONTO ASIGNADO (PESOS)": 84639, "LATITUD": 19.745291, "LONGITUD": -102.483183 }, "geometry": { "type": "Point", "coordinates": [ -102.483183, 19.745291 ] } },
{ "type": "Feature", "properties": { "NO": 278, "ENTIDAD": "MICHOACAN DE OCAMPO", "MUNICIPIO": "TIQUICHEO DE NICOLÁS ROMERO", "PUEBLO INDIGENA O AFROMEXICANO": "PIRINDA", "LOCALIDAD": "CEIBAS DE TRUJILLO", "CLAVE INEGI": 160920017, "TIPO DE ASENTAMIENTO": "COMUNIDAD INDIGENA", "NOMBRE": "CEIBAS DE TRUJILLO", "MONTO ASIGNADO (PESOS)": 691724, "LATITUD": 18.968, "LONGITUD": -100.632079 }, "geometry": { "type": "Point", "coordinates": [ -100.632079, 18.968 ] } },
{ "type": "Feature", "properties": { "NO": 279, "ENTIDAD": "MICHOACAN DE OCAMPO", "MUNICIPIO": "TIQUICHEO DE NICOLÁS ROMERO", "PUEBLO INDIGENA O AFROMEXICANO": "PIRINDA", "LOCALIDAD": "EL LLANO (SAN MIGUEL CANARIO)", "CLAVE INEGI": 160920049, "TIPO DE ASENTAMIENTO": "COMUNIDAD INDIGENA", "NOMBRE": "EL LLANO (SAN MIGUEL CANARIO)", "MONTO ASIGNADO (PESOS)": 523584, "LATITUD": 19.151107, "LONGITUD": -100.9012 }, "geometry": { "type": "Point", "coordinates": [ -100.9012, 19.151107 ] } },
{ "type": "Feature", "properties": { "NO": 280, "ENTIDAD": "MICHOACAN DE OCAMPO", "MUNICIPIO": "TIQUICHEO DE NICOLÁS ROMERO", "PUEBLO INDIGENA O AFROMEXICANO": "PIRINDA", "LOCALIDAD": "PAPATZINDÁN DE ROMERO (EL LIMÓN)", "CLAVE INEGI": 160920067, "TIPO DE ASENTAMIENTO": "COMUNIDAD INDIGENA", "NOMBRE": "PAPATZINDÁN DE ROMERO (EL LIMÓN)", "MONTO ASIGNADO (PESOS)": 1516829, "LATITUD": 19.062853, "LONGITUD": -100.769453 }, "geometry": { "type": "Point", "coordinates": [ -100.769453, 19.062853 ] } },
{ "type": "Feature", "properties": { "NO": 281, "ENTIDAD": "MICHOACAN DE OCAMPO", "MUNICIPIO": "TIQUICHEO DE NICOLÁS ROMERO", "PUEBLO INDIGENA O AFROMEXICANO": "PIRINDA", "LOCALIDAD": "PURUNGUEO", "CLAVE INEGI": 160920079, "TIPO DE ASENTAMIENTO": "COMUNIDAD INDIGENA", "NOMBRE": "PURUNGUEO", "MONTO ASIGNADO (PESOS)": 380502, "LATITUD": 19.022571, "LONGITUD": -100.820747 }, "geometry": { "type": "Point", "coordinates": [ -100.820747, 19.022571 ] } },
{ "type": "Feature", "properties": { "NO": 282, "ENTIDAD": "MICHOACAN DE OCAMPO", "MUNICIPIO": "TIQUICHEO DE NICOLÁS ROMERO", "PUEBLO INDIGENA O AFROMEXICANO": "PIRINDA", "LOCALIDAD": "ZIRÚCUARO", "CLAVE INEGI": 160920109, "TIPO DE ASENTAMIENTO": "COMUNIDAD INDIGENA", "NOMBRE": "ZIRÚCUARO", "MONTO ASIGNADO (PESOS)": 248738, "LATITUD": 19.097329, "LONGITUD": -100.854271 }, "geometry": { "type": "Point", "coordinates": [ -100.854271, 19.097329 ] } },
{ "type": "Feature", "properties": { "NO": 283, "ENTIDAD": "MICHOACAN DE OCAMPO", "MUNICIPIO": "TLALPUJAHUA", "PUEBLO INDIGENA O AFROMEXICANO": "MAZAHUA", "LOCALIDAD": "EJIDO SAN LORENZO", "CLAVE INEGI": 160930078, "TIPO DE ASENTAMIENTO": "COMUNIDAD INDIGENA", "NOMBRE": "EJIDO SAN LORENZO", "MONTO ASIGNADO (PESOS)": 246313, "LATITUD": 19.771105, "LONGITUD": -100.179414 }, "geometry": { "type": "Point", "coordinates": [ -100.179414, 19.771105 ] } },
{ "type": "Feature", "properties": { "NO": 284, "ENTIDAD": "MICHOACAN DE OCAMPO", "MUNICIPIO": "TLALPUJAHUA", "PUEBLO INDIGENA O AFROMEXICANO": "MAZAHUA", "LOCALIDAD": "SAN JOAQUÍN MORELOS", "CLAVE INEGI": 160930008, "TIPO DE ASENTAMIENTO": "COMUNIDAD INDIGENA", "NOMBRE": "SAN JOAQUÍN MORELOS", "MONTO ASIGNADO (PESOS)": 2034515, "LATITUD": 19.750363, "LONGITUD": -100.241465 }, "geometry": { "type": "Point", "coordinates": [ -100.241465, 19.750363 ] } },
{ "type": "Feature", "properties": { "NO": 285, "ENTIDAD": "MICHOACAN DE OCAMPO", "MUNICIPIO": "TLALPUJAHUA", "PUEBLO INDIGENA O AFROMEXICANO": "MAZAHUA", "LOCALIDAD": "SAN PEDRO TARÍMBARO", "CLAVE INEGI": 160930012, "TIPO DE ASENTAMIENTO": "COMUNIDAD INDIGENA", "NOMBRE": "SAN PEDRO TARÍMBARO", "MONTO ASIGNADO (PESOS)": 1290725, "LATITUD": 19.80463, "LONGITUD": -100.224099 }, "geometry": { "type": "Point", "coordinates": [ -100.224099, 19.80463 ] } },
{ "type": "Feature", "properties": { "NO": 286, "ENTIDAD": "MICHOACAN DE OCAMPO", "MUNICIPIO": "TLALPUJAHUA", "PUEBLO INDIGENA O AFROMEXICANO": "MAZAHUA", "LOCALIDAD": "SANTA MARÍA DE LOS ÁNGELES", "CLAVE INEGI": 160930014, "TIPO DE ASENTAMIENTO": "COMUNIDAD INDIGENA", "NOMBRE": "SANTA MARÍA DE LOS ÁNGELES", "MONTO ASIGNADO (PESOS)": 3149255, "LATITUD": 19.785644, "LONGITUD": -100.199969 }, "geometry": { "type": "Point", "coordinates": [ -100.199969, 19.785644 ] } },
{ "type": "Feature", "properties": { "NO": 287, "ENTIDAD": "MICHOACAN DE OCAMPO", "MUNICIPIO": "TLALPUJAHUA", "PUEBLO INDIGENA O AFROMEXICANO": "MAZAHUA", "LOCALIDAD": "TLACOTEPEC", "CLAVE INEGI": 160930015, "TIPO DE ASENTAMIENTO": "COMUNIDAD INDIGENA", "NOMBRE": "TLACOTEPEC", "MONTO ASIGNADO (PESOS)": 1422340, "LATITUD": 19.824388, "LONGITUD": -100.160409 }, "geometry": { "type": "Point", "coordinates": [ -100.160409, 19.824388 ] } },
{ "type": "Feature", "properties": { "NO": 288, "ENTIDAD": "MICHOACAN DE OCAMPO", "MUNICIPIO": "TUXPAN", "PUEBLO INDIGENA O AFROMEXICANO": "OTOMÍ", "LOCALIDAD": "COLONIA EJIDO LAGUNA SECA", "CLAVE INEGI": 160980076, "TIPO DE ASENTAMIENTO": "COMUNIDAD INDIGENA", "NOMBRE": "COLONIA EJIDO LAGUNA SECA", "MONTO ASIGNADO (PESOS)": 192152, "LATITUD": 19.544749, "LONGITUD": -100.438857 }, "geometry": { "type": "Point", "coordinates": [ -100.438857, 19.544749 ] } },
{ "type": "Feature", "properties": { "NO": 289, "ENTIDAD": "MICHOACAN DE OCAMPO", "MUNICIPIO": "TUXPAN", "PUEBLO INDIGENA O AFROMEXICANO": "OTOMÍ", "LOCALIDAD": "CORUCHA", "CLAVE INEGI": 160980010, "TIPO DE ASENTAMIENTO": "COMUNIDAD INDIGENA", "NOMBRE": "CORUCHA", "MONTO ASIGNADO (PESOS)": 153351, "LATITUD": 19.544442, "LONGITUD": -100.447824 }, "geometry": { "type": "Point", "coordinates": [ -100.447824, 19.544442 ] } },
{ "type": "Feature", "properties": { "NO": 290, "ENTIDAD": "MICHOACAN DE OCAMPO", "MUNICIPIO": "TUXPAN", "PUEBLO INDIGENA O AFROMEXICANO": "OTOMÍ", "LOCALIDAD": "JACUARILLO", "CLAVE INEGI": 160980016, "TIPO DE ASENTAMIENTO": "COMUNIDAD INDIGENA", "NOMBRE": "JACUARILLO", "MONTO ASIGNADO (PESOS)": 251972, "LATITUD": 19.552028, "LONGITUD": -100.393054 }, "geometry": { "type": "Point", "coordinates": [ -100.393054, 19.552028 ] } },
{ "type": "Feature", "properties": { "NO": 291, "ENTIDAD": "MICHOACAN DE OCAMPO", "MUNICIPIO": "TUXPAN", "PUEBLO INDIGENA O AFROMEXICANO": "OTOMÍ", "LOCALIDAD": "JARIPITO (JARIPITIO)", "CLAVE INEGI": 160980017, "TIPO DE ASENTAMIENTO": "COMUNIDAD INDIGENA", "NOMBRE": "JARIPITO (JARIPITIO)", "MONTO ASIGNADO (PESOS)": 487207, "LATITUD": 19.564442, "LONGITUD": -100.394221 }, "geometry": { "type": "Point", "coordinates": [ -100.394221, 19.564442 ] } },
{ "type": "Feature", "properties": { "NO": 292, "ENTIDAD": "MICHOACAN DE OCAMPO", "MUNICIPIO": "TUXPAN", "PUEBLO INDIGENA O AFROMEXICANO": "OTOMÍ", "LOCALIDAD": "LA HERRADURA", "CLAVE INEGI": 160980099, "TIPO DE ASENTAMIENTO": "COMUNIDAD INDIGENA", "NOMBRE": "LA HERRADURA", "MONTO ASIGNADO (PESOS)": 150926, "LATITUD": 19.553853, "LONGITUD": -100.384843 }, "geometry": { "type": "Point", "coordinates": [ -100.384843, 19.553853 ] } },
{ "type": "Feature", "properties": { "NO": 293, "ENTIDAD": "MICHOACAN DE OCAMPO", "MUNICIPIO": "TUXPAN", "PUEBLO INDIGENA O AFROMEXICANO": "OTOMÍ", "LOCALIDAD": "LAGUNA SECA", "CLAVE INEGI": 160980020, "TIPO DE ASENTAMIENTO": "COMUNIDAD INDIGENA", "NOMBRE": "LAGUNA SECA", "MONTO ASIGNADO (PESOS)": 295624, "LATITUD": 19.546803, "LONGITUD": -100.410522 }, "geometry": { "type": "Point", "coordinates": [ -100.410522, 19.546803 ] } },
{ "type": "Feature", "properties": { "NO": 294, "ENTIDAD": "MICHOACAN DE OCAMPO", "MUNICIPIO": "TUXPAN", "PUEBLO INDIGENA O AFROMEXICANO": "OTOMÍ", "LOCALIDAD": "LAS CANOAS", "CLAVE INEGI": 160980006, "TIPO DE ASENTAMIENTO": "COMUNIDAD INDIGENA", "NOMBRE": "LAS CANOAS", "MONTO ASIGNADO (PESOS)": 216403, "LATITUD": 19.533595, "LONGITUD": -100.445207 }, "geometry": { "type": "Point", "coordinates": [ -100.445207, 19.533595 ] } },
{ "type": "Feature", "properties": { "NO": 295, "ENTIDAD": "MICHOACAN DE OCAMPO", "MUNICIPIO": "TUXPAN", "PUEBLO INDIGENA O AFROMEXICANO": "OTOMÍ", "LOCALIDAD": "PALO BLANCO", "CLAVE INEGI": 160980087, "TIPO DE ASENTAMIENTO": "COMUNIDAD INDIGENA", "NOMBRE": "PALO BLANCO", "MONTO ASIGNADO (PESOS)": 211553, "LATITUD": 19.544924, "LONGITUD": -100.397122 }, "geometry": { "type": "Point", "coordinates": [ -100.397122, 19.544924 ] } },
{ "type": "Feature", "properties": { "NO": 296, "ENTIDAD": "MICHOACAN DE OCAMPO", "MUNICIPIO": "TUXPAN", "PUEBLO INDIGENA O AFROMEXICANO": "OTOMÍ", "LOCALIDAD": "PUERTO DEL OBISPO", "CLAVE INEGI": 160980036, "TIPO DE ASENTAMIENTO": "COMUNIDAD INDIGENA", "NOMBRE": "PUERTO DEL OBISPO", "MONTO ASIGNADO (PESOS)": 861515, "LATITUD": 19.520522, "LONGITUD": -100.44482 }, "geometry": { "type": "Point", "coordinates": [ -100.44482, 19.520522 ] } },
{ "type": "Feature", "properties": { "NO": 297, "ENTIDAD": "MICHOACAN DE OCAMPO", "MUNICIPIO": "TUXPAN", "PUEBLO INDIGENA O AFROMEXICANO": "OTOMÍ", "LOCALIDAD": "RINCÓN DE CORUCHA", "CLAVE INEGI": 160980038, "TIPO DE ASENTAMIENTO": "COMUNIDAD INDIGENA", "NOMBRE": "RINCÓN DE CORUCHA", "MONTO ASIGNADO (PESOS)": 399095, "LATITUD": 19.541642, "LONGITUD": -100.432607 }, "geometry": { "type": "Point", "coordinates": [ -100.432607, 19.541642 ] } },
{ "type": "Feature", "properties": { "NO": 298, "ENTIDAD": "MICHOACAN DE OCAMPO", "MUNICIPIO": "TUZANTLA", "PUEBLO INDIGENA O AFROMEXICANO": "MATLATZINCA", "LOCALIDAD": "CURIGINEO", "CLAVE INEGI": 160990042, "TIPO DE ASENTAMIENTO": "COMUNIDAD INDIGENA", "NOMBRE": "CURIGINEO", "MONTO ASIGNADO (PESOS)": 129908, "LATITUD": 19.029607, "LONGITUD": -100.665496 }, "geometry": { "type": "Point", "coordinates": [ -100.665496, 19.029607 ] } },
{ "type": "Feature", "properties": { "NO": 299, "ENTIDAD": "MICHOACAN DE OCAMPO", "MUNICIPIO": "TUZANTLA", "PUEBLO INDIGENA O AFROMEXICANO": "MATLATZINCA", "LOCALIDAD": "EL TEPEGUAJE", "CLAVE INEGI": 160990117, "TIPO DE ASENTAMIENTO": "COMUNIDAD INDIGENA", "NOMBRE": "EL TEPEGUAJE", "MONTO ASIGNADO (PESOS)": 91915, "LATITUD": 19.248506, "LONGITUD": -100.637047 }, "geometry": { "type": "Point", "coordinates": [ -100.637047, 19.248506 ] } },
{ "type": "Feature", "properties": { "NO": 300, "ENTIDAD": "MICHOACAN DE OCAMPO", "MUNICIPIO": "TUZANTLA", "PUEBLO INDIGENA O AFROMEXICANO": "MATLATZINCA", "LOCALIDAD": "HUACAZ (PUEBLO NUEVO)", "CLAVE INEGI": 160990057, "TIPO DE ASENTAMIENTO": "COMUNIDAD INDIGENA", "NOMBRE": "HUACAZ (PUEBLO NUEVO)", "MONTO ASIGNADO (PESOS)": 504512, "LATITUD": 19.208471, "LONGITUD": -100.687202 }, "geometry": { "type": "Point", "coordinates": [ -100.687202, 19.208471 ] } },
{ "type": "Feature", "properties": { "NO": 301, "ENTIDAD": "MICHOACAN DE OCAMPO", "MUNICIPIO": "TUZANTLA", "PUEBLO INDIGENA O AFROMEXICANO": "MATLATZINCA", "LOCALIDAD": "TUZANTLA", "CLAVE INEGI": 160990001, "TIPO DE ASENTAMIENTO": "COMUNIDAD INDIGENA", "NOMBRE": "TUZANTLA", "MONTO ASIGNADO (PESOS)": 2162088, "LATITUD": 19.207606, "LONGITUD": -100.573063 }, "geometry": { "type": "Point", "coordinates": [ -100.573063, 19.207606 ] } },
{ "type": "Feature", "properties": { "NO": 302, "ENTIDAD": "MICHOACAN DE OCAMPO", "MUNICIPIO": "TZINTZUNTZAN", "PUEBLO INDIGENA O AFROMEXICANO": "P'URHÉPECHA\n(TARASCO)", "LOCALIDAD": "COLONIA LÁZARO CÁRDENAS", "CLAVE INEGI": 161000027, "TIPO DE ASENTAMIENTO": "COMUNIDAD INDIGENA", "NOMBRE": "COLONIA LÁZARO CÁRDENAS", "MONTO ASIGNADO (PESOS)": 259247, "LATITUD": 19.603692, "LONGITUD": -101.573852 }, "geometry": { "type": "Point", "coordinates": [ -101.573852, 19.603692 ] } },
{ "type": "Feature", "properties": { "NO": 303, "ENTIDAD": "MICHOACAN DE OCAMPO", "MUNICIPIO": "TZINTZUNTZAN", "PUEBLO INDIGENA O AFROMEXICANO": "P'URHÉPECHA\n(TARASCO)", "LOCALIDAD": "CUCUCHUCHO (SAN PEDRO)", "CLAVE INEGI": 161000004, "TIPO DE ASENTAMIENTO": "COMUNIDAD INDIGENA", "NOMBRE": "CUCUCHUCHO (SAN PEDRO)", "MONTO ASIGNADO (PESOS)": 1373987, "LATITUD": 19.583475, "LONGITUD": -101.63097 }, "geometry": { "type": "Point", "coordinates": [ -101.63097, 19.583475 ] } },
{ "type": "Feature", "properties": { "NO": 304, "ENTIDAD": "MICHOACAN DE OCAMPO", "MUNICIPIO": "TZINTZUNTZAN", "PUEBLO INDIGENA O AFROMEXICANO": "P'URHÉPECHA\n(TARASCO)", "LOCALIDAD": "ICHUPIO", "CLAVE INEGI": 161000008, "TIPO DE ASENTAMIENTO": "COMUNIDAD INDIGENA", "NOMBRE": "ICHUPIO", "MONTO ASIGNADO (PESOS)": 304516, "LATITUD": 19.637936, "LONGITUD": -101.593411 }, "geometry": { "type": "Point", "coordinates": [ -101.593411, 19.637936 ] } },
{ "type": "Feature", "properties": { "NO": 305, "ENTIDAD": "MICHOACAN DE OCAMPO", "MUNICIPIO": "TZINTZUNTZAN", "PUEBLO INDIGENA O AFROMEXICANO": "P'URHÉPECHA\n(TARASCO)", "LOCALIDAD": "IHUATZIO", "CLAVE INEGI": 161000009, "TIPO DE ASENTAMIENTO": "COMUNIDAD INDIGENA", "NOMBRE": "IHUATZIO", "MONTO ASIGNADO (PESOS)": 1604372, "LATITUD": 19.565515, "LONGITUD": -101.618103 }, "geometry": { "type": "Point", "coordinates": [ -101.618103, 19.565515 ] } },
{ "type": "Feature", "properties": { "NO": 306, "ENTIDAD": "MICHOACAN DE OCAMPO", "MUNICIPIO": "TZINTZUNTZAN", "PUEBLO INDIGENA O AFROMEXICANO": "P'URHÉPECHA\n(TARASCO)", "LOCALIDAD": "ISLA DE PACANDA (ISLA PACANDA)", "CLAVE INEGI": 161000016, "TIPO DE ASENTAMIENTO": "COMUNIDAD INDIGENA", "NOMBRE": "ISLA DE PACANDA (ISLA PACANDA)", "MONTO ASIGNADO (PESOS)": 386161, "LATITUD": 19.606643, "LONGITUD": -101.648546 }, "geometry": { "type": "Point", "coordinates": [ -101.648546, 19.606643 ] } },
{ "type": "Feature", "properties": { "NO": 307, "ENTIDAD": "MICHOACAN DE OCAMPO", "MUNICIPIO": "TZINTZUNTZAN", "PUEBLO INDIGENA O AFROMEXICANO": "P'URHÉPECHA\n(TARASCO)", "LOCALIDAD": "SANTA CRUZ", "CLAVE INEGI": 161000020, "TIPO DE ASENTAMIENTO": "COMUNIDAD INDIGENA", "NOMBRE": "SANTA CRUZ", "MONTO ASIGNADO (PESOS)": 400711, "LATITUD": 19.608311, "LONGITUD": -101.53094 }, "geometry": { "type": "Point", "coordinates": [ -101.53094, 19.608311 ] } },
{ "type": "Feature", "properties": { "NO": 308, "ENTIDAD": "MICHOACAN DE OCAMPO", "MUNICIPIO": "TZINTZUNTZAN", "PUEBLO INDIGENA O AFROMEXICANO": "P'URHÉPECHA\n(TARASCO)", "LOCALIDAD": "SANTIAGO TZIPIJO", "CLAVE INEGI": 161000021, "TIPO DE ASENTAMIENTO": "COMUNIDAD INDIGENA", "NOMBRE": "SANTIAGO TZIPIJO", "MONTO ASIGNADO (PESOS)": 149309, "LATITUD": 19.571223, "LONGITUD": -101.631083 }, "geometry": { "type": "Point", "coordinates": [ -101.631083, 19.571223 ] } },
{ "type": "Feature", "properties": { "NO": 309, "ENTIDAD": "MICHOACAN DE OCAMPO", "MUNICIPIO": "TZINTZUNTZAN", "PUEBLO INDIGENA O AFROMEXICANO": "P'URHÉPECHA\n(TARASCO)", "LOCALIDAD": "TARERÍO", "CLAVE INEGI": 161000022, "TIPO DE ASENTAMIENTO": "COMUNIDAD INDIGENA", "NOMBRE": "TARERÍO", "MONTO ASIGNADO (PESOS)": 296432, "LATITUD": 19.635471, "LONGITUD": -101.606284 }, "geometry": { "type": "Point", "coordinates": [ -101.606284, 19.635471 ] } },
{ "type": "Feature", "properties": { "NO": 310, "ENTIDAD": "MICHOACAN DE OCAMPO", "MUNICIPIO": "TZINTZUNTZAN", "PUEBLO INDIGENA O AFROMEXICANO": "P'URHÉPECHA\n(TARASCO)", "LOCALIDAD": "TZINTZUNTZAN", "CLAVE INEGI": 161000001, "TIPO DE ASENTAMIENTO": "COMUNIDAD INDIGENA", "NOMBRE": "TZINTZUNTZAN", "MONTO ASIGNADO (PESOS)": 325533, "LATITUD": 19.625437, "LONGITUD": -101.57695 }, "geometry": { "type": "Point", "coordinates": [ -101.57695, 19.625437 ] } },
{ "type": "Feature", "properties": { "NO": 311, "ENTIDAD": "MICHOACAN DE OCAMPO", "MUNICIPIO": "TZINTZUNTZAN", "PUEBLO INDIGENA O AFROMEXICANO": "P'URHÉPECHA\n(TARASCO)", "LOCALIDAD": "TZINTZUNTZITA", "CLAVE INEGI": 161000032, "TIPO DE ASENTAMIENTO": "COMUNIDAD INDIGENA", "NOMBRE": "TZINTZUNTZITA", "MONTO ASIGNADO (PESOS)": 197811, "LATITUD": 19.600354, "LONGITUD": -101.572414 }, "geometry": { "type": "Point", "coordinates": [ -101.572414, 19.600354 ] } },
{ "type": "Feature", "properties": { "NO": 312, "ENTIDAD": "MICHOACAN DE OCAMPO", "MUNICIPIO": "TZINTZUNTZAN", "PUEBLO INDIGENA O AFROMEXICANO": "P'URHÉPECHA\n(TARASCO)", "LOCALIDAD": "UCASANÁSTACUA", "CLAVE INEGI": 161000025, "TIPO DE ASENTAMIENTO": "COMUNIDAD INDIGENA", "NOMBRE": "UCASANÁSTACUA", "MONTO ASIGNADO (PESOS)": 249547, "LATITUD": 19.603967, "LONGITUD": -101.631547 }, "geometry": { "type": "Point", "coordinates": [ -101.631547, 19.603967 ] } },
{ "type": "Feature", "properties": { "NO": 313, "ENTIDAD": "MICHOACAN DE OCAMPO", "MUNICIPIO": "TZITZIO", "PUEBLO INDIGENA O AFROMEXICANO": "PIRINDA", "LOCALIDAD": "CHAPATUATO", "CLAVE INEGI": 161010058, "TIPO DE ASENTAMIENTO": "COMUNIDAD INDIGENA", "NOMBRE": "CHAPATUATO", "MONTO ASIGNADO (PESOS)": 88681, "LATITUD": 19.521433, "LONGITUD": -100.852151 }, "geometry": { "type": "Point", "coordinates": [ -100.852151, 19.521433 ] } },
{ "type": "Feature", "properties": { "NO": 314, "ENTIDAD": "MICHOACAN DE OCAMPO", "MUNICIPIO": "TZITZIO", "PUEBLO INDIGENA O AFROMEXICANO": "PIRINDA", "LOCALIDAD": "COPUYO", "CLAVE INEGI": 161010048, "TIPO DE ASENTAMIENTO": "COMUNIDAD INDIGENA", "NOMBRE": "COPUYO", "MONTO ASIGNADO (PESOS)": 181644, "LATITUD": 19.496949, "LONGITUD": -100.931229 }, "geometry": { "type": "Point", "coordinates": [ -100.931229, 19.496949 ] } },
{ "type": "Feature", "properties": { "NO": 315, "ENTIDAD": "MICHOACAN DE OCAMPO", "MUNICIPIO": "TZITZIO", "PUEBLO INDIGENA O AFROMEXICANO": "PIRINDA", "LOCALIDAD": "DEVANADOR DE RIVERA", "CLAVE INEGI": 161010064, "TIPO DE ASENTAMIENTO": "COMUNIDAD INDIGENA", "NOMBRE": "DEVANADOR DE RIVERA", "MONTO ASIGNADO (PESOS)": 593103, "LATITUD": 19.384094, "LONGITUD": -100.826692 }, "geometry": { "type": "Point", "coordinates": [ -100.826692, 19.384094 ] } },
{ "type": "Feature", "properties": { "NO": 316, "ENTIDAD": "MICHOACAN DE OCAMPO", "MUNICIPIO": "TZITZIO", "PUEBLO INDIGENA O AFROMEXICANO": "PIRINDA", "LOCALIDAD": "EL AGUACATE", "CLAVE INEGI": 161010004, "TIPO DE ASENTAMIENTO": "COMUNIDAD INDIGENA", "NOMBRE": "EL AGUACATE", "MONTO ASIGNADO (PESOS)": 116166, "LATITUD": 19.397149, "LONGITUD": -100.827675 }, "geometry": { "type": "Point", "coordinates": [ -100.827675, 19.397149 ] } },
{ "type": "Feature", "properties": { "NO": 317, "ENTIDAD": "MICHOACAN DE OCAMPO", "MUNICIPIO": "TZITZIO", "PUEBLO INDIGENA O AFROMEXICANO": "PIRINDA", "LOCALIDAD": "EL PLATANILLO", "CLAVE INEGI": 161010161, "TIPO DE ASENTAMIENTO": "COMUNIDAD INDIGENA", "NOMBRE": "EL PLATANILLO", "MONTO ASIGNADO (PESOS)": 217212, "LATITUD": 19.20316, "LONGITUD": -100.870612 }, "geometry": { "type": "Point", "coordinates": [ -100.870612, 19.20316 ] } },
{ "type": "Feature", "properties": { "NO": 318, "ENTIDAD": "MICHOACAN DE OCAMPO", "MUNICIPIO": "TZITZIO", "PUEBLO INDIGENA O AFROMEXICANO": "PIRINDA", "LOCALIDAD": "EL TEPAMAL", "CLAVE INEGI": 161010203, "TIPO DE ASENTAMIENTO": "COMUNIDAD INDIGENA", "NOMBRE": "EL TEPAMAL", "MONTO ASIGNADO (PESOS)": 121016, "LATITUD": 19.317621, "LONGITUD": -100.934871 }, "geometry": { "type": "Point", "coordinates": [ -100.934871, 19.317621 ] } },
{ "type": "Feature", "properties": { "NO": 319, "ENTIDAD": "MICHOACAN DE OCAMPO", "MUNICIPIO": "TZITZIO", "PUEBLO INDIGENA O AFROMEXICANO": "PIRINDA", "LOCALIDAD": "GUAYABO DE DERRUMBADERO (LA CHATANICUA)", "CLAVE INEGI": 161010312, "TIPO DE ASENTAMIENTO": "COMUNIDAD INDIGENA", "NOMBRE": "GUAYABO DE DERRUMBADERO (LA CHATANICUA)", "MONTO ASIGNADO (PESOS)": 192152, "LATITUD": 19.295016, "LONGITUD": -100.914458 }, "geometry": { "type": "Point", "coordinates": [ -100.914458, 19.295016 ] } },
{ "type": "Feature", "properties": { "NO": 320, "ENTIDAD": "MICHOACAN DE OCAMPO", "MUNICIPIO": "TZITZIO", "PUEBLO INDIGENA O AFROMEXICANO": "PIRINDA", "LOCALIDAD": "LA MESA", "CLAVE INEGI": 161010116, "TIPO DE ASENTAMIENTO": "COMUNIDAD INDIGENA", "NOMBRE": "LA MESA", "MONTO ASIGNADO (PESOS)": 89490, "LATITUD": 19.459843, "LONGITUD": -100.858928 }, "geometry": { "type": "Point", "coordinates": [ -100.858928, 19.459843 ] } },
{ "type": "Feature", "properties": { "NO": 321, "ENTIDAD": "MICHOACAN DE OCAMPO", "MUNICIPIO": "TZITZIO", "PUEBLO INDIGENA O AFROMEXICANO": "P'URHÉPECHA\n(TARASCO)", "LOCALIDAD": "LAS TAMACUAS", "CLAVE INEGI": 161010211, "TIPO DE ASENTAMIENTO": "COMUNIDAD INDIGENA", "NOMBRE": "LAS TAMACUAS", "MONTO ASIGNADO (PESOS)": 107274, "LATITUD": 19.26791, "LONGITUD": -100.913575 }, "geometry": { "type": "Point", "coordinates": [ -100.913575, 19.26791 ] } },
{ "type": "Feature", "properties": { "NO": 322, "ENTIDAD": "MICHOACAN DE OCAMPO", "MUNICIPIO": "TZITZIO", "PUEBLO INDIGENA O AFROMEXICANO": "PIRINDA", "LOCALIDAD": "SANTAS MARÍAS", "CLAVE INEGI": 161010240, "TIPO DE ASENTAMIENTO": "COMUNIDAD INDIGENA", "NOMBRE": "SANTAS MARÍAS", "MONTO ASIGNADO (PESOS)": 87873, "LATITUD": 19.475453, "LONGITUD": -100.862509 }, "geometry": { "type": "Point", "coordinates": [ -100.862509, 19.475453 ] } },
{ "type": "Feature", "properties": { "NO": 323, "ENTIDAD": "MICHOACAN DE OCAMPO", "MUNICIPIO": "TZITZIO", "PUEBLO INDIGENA O AFROMEXICANO": "PIRINDA", "LOCALIDAD": "TAFETÁN", "CLAVE INEGI": 161010199, "TIPO DE ASENTAMIENTO": "COMUNIDAD INDIGENA", "NOMBRE": "TAFETÁN", "MONTO ASIGNADO (PESOS)": 2660428, "LATITUD": 19.418899, "LONGITUD": -100.907626 }, "geometry": { "type": "Point", "coordinates": [ -100.907626, 19.418899 ] } },
{ "type": "Feature", "properties": { "NO": 324, "ENTIDAD": "MICHOACAN DE OCAMPO", "MUNICIPIO": "URUAPAN", "PUEBLO INDIGENA O AFROMEXICANO": "P'URHÉPECHA\n(TARASCO)", "LOCALIDAD": "ANGAHUAN", "CLAVE INEGI": 161020057, "TIPO DE ASENTAMIENTO": "COMUNIDAD INDIGENA", "NOMBRE": "ANGAHUAN", "MONTO ASIGNADO (PESOS)": 5514451, "LATITUD": 19.547652, "LONGITUD": -102.225094 }, "geometry": { "type": "Point", "coordinates": [ -102.225094, 19.547652 ] } },
{ "type": "Feature", "properties": { "NO": 325, "ENTIDAD": "MICHOACAN DE OCAMPO", "MUNICIPIO": "URUAPAN", "PUEBLO INDIGENA O AFROMEXICANO": "P'URHÉPECHA\n(TARASCO)", "LOCALIDAD": "CALTZONTZIN", "CLAVE INEGI": 161020061, "TIPO DE ASENTAMIENTO": "COMUNIDAD INDIGENA", "NOMBRE": "CALTZONTZIN", "MONTO ASIGNADO (PESOS)": 1998048, "LATITUD": 19.429542, "LONGITUD": -102.005695 }, "geometry": { "type": "Point", "coordinates": [ -102.005695, 19.429542 ] } },
{ "type": "Feature", "properties": { "NO": 326, "ENTIDAD": "MICHOACAN DE OCAMPO", "MUNICIPIO": "URUAPAN", "PUEBLO INDIGENA O AFROMEXICANO": "P'URHÉPECHA\n(TARASCO)", "LOCALIDAD": "CAPÁCUARO", "CLAVE INEGI": 161020063, "TIPO DE ASENTAMIENTO": "COMUNIDAD INDIGENA", "NOMBRE": "CAPÁCUARO", "MONTO ASIGNADO (PESOS)": 8181169, "LATITUD": 19.546447, "LONGITUD": -102.052883 }, "geometry": { "type": "Point", "coordinates": [ -102.052883, 19.546447 ] } },
{ "type": "Feature", "properties": { "NO": 327, "ENTIDAD": "MICHOACAN DE OCAMPO", "MUNICIPIO": "URUAPAN", "PUEBLO INDIGENA O AFROMEXICANO": "P'URHÉPECHA\n(TARASCO)", "LOCALIDAD": "CORUPO", "CLAVE INEGI": 161020070, "TIPO DE ASENTAMIENTO": "COMUNIDAD INDIGENA", "NOMBRE": "CORUPO", "MONTO ASIGNADO (PESOS)": 1781405, "LATITUD": 19.609601, "LONGITUD": -102.236577 }, "geometry": { "type": "Point", "coordinates": [ -102.236577, 19.609601 ] } },
{ "type": "Feature", "properties": { "NO": 328, "ENTIDAD": "MICHOACAN DE OCAMPO", "MUNICIPIO": "URUAPAN", "PUEBLO INDIGENA O AFROMEXICANO": "PLURICULTURAL", "LOCALIDAD": "JUCUTÁCATO", "CLAVE INEGI": 161020082, "TIPO DE ASENTAMIENTO": "COMUNIDAD PLURICULTURAL", "NOMBRE": "JUCUTÁCATO", "MONTO ASIGNADO (PESOS)": 1501709, "LATITUD": 19.376513, "LONGITUD": -102.079972 }, "geometry": { "type": "Point", "coordinates": [ -102.079972, 19.376513 ] } },
{ "type": "Feature", "properties": { "NO": 329, "ENTIDAD": "MICHOACAN DE OCAMPO", "MUNICIPIO": "URUAPAN", "PUEBLO INDIGENA O AFROMEXICANO": "P'URHÉPECHA\n(TARASCO)", "LOCALIDAD": "LA ESCONDIDA", "CLAVE INEGI": 161020137, "TIPO DE ASENTAMIENTO": "COMUNIDAD INDIGENA", "NOMBRE": "LA ESCONDIDA", "MONTO ASIGNADO (PESOS)": 97573, "LATITUD": 19.335811, "LONGITUD": -102.16464 }, "geometry": { "type": "Point", "coordinates": [ -102.16464, 19.335811 ] } },
{ "type": "Feature", "properties": { "NO": 330, "ENTIDAD": "MICHOACAN DE OCAMPO", "MUNICIPIO": "URUAPAN", "PUEBLO INDIGENA O AFROMEXICANO": "P'URHÉPECHA\n(TARASCO)", "LOCALIDAD": "LAS COCINAS", "CLAVE INEGI": 161020067, "TIPO DE ASENTAMIENTO": "COMUNIDAD INDIGENA", "NOMBRE": "LAS COCINAS", "MONTO ASIGNADO (PESOS)": 163783, "LATITUD": 19.510622, "LONGITUD": -102.159447 }, "geometry": { "type": "Point", "coordinates": [ -102.159447, 19.510622 ] } },
{ "type": "Feature", "properties": { "NO": 331, "ENTIDAD": "MICHOACAN DE OCAMPO", "MUNICIPIO": "URUAPAN", "PUEBLO INDIGENA O AFROMEXICANO": "P'URHÉPECHA\n(TARASCO)", "LOCALIDAD": "LOS DURAZNOS", "CLAVE INEGI": 161020261, "TIPO DE ASENTAMIENTO": "COMUNIDAD INDIGENA", "NOMBRE": "LOS DURAZNOS", "MONTO ASIGNADO (PESOS)": 235389, "LATITUD": 19.511712, "LONGITUD": -102.167435 }, "geometry": { "type": "Point", "coordinates": [ -102.167435, 19.511712 ] } },
{ "type": "Feature", "properties": { "NO": 332, "ENTIDAD": "MICHOACAN DE OCAMPO", "MUNICIPIO": "URUAPAN", "PUEBLO INDIGENA O AFROMEXICANO": "P'URHÉPECHA\n(TARASCO)", "LOCALIDAD": "NUEVO ZIROSTO", "CLAVE INEGI": 161020090, "TIPO DE ASENTAMIENTO": "COMUNIDAD INDIGENA", "NOMBRE": "NUEVO ZIROSTO", "MONTO ASIGNADO (PESOS)": 192152, "LATITUD": 19.548424, "LONGITUD": -102.349253 }, "geometry": { "type": "Point", "coordinates": [ -102.349253, 19.548424 ] } },
{ "type": "Feature", "properties": { "NO": 333, "ENTIDAD": "MICHOACAN DE OCAMPO", "MUNICIPIO": "URUAPAN", "PUEBLO INDIGENA O AFROMEXICANO": "P'URHÉPECHA\n(TARASCO)", "LOCALIDAD": "SAN LORENZO", "CLAVE INEGI": 161020106, "TIPO DE ASENTAMIENTO": "COMUNIDAD INDIGENA", "NOMBRE": "SAN LORENZO", "MONTO ASIGNADO (PESOS)": 4077980, "LATITUD": 19.526919, "LONGITUD": -102.110144 }, "geometry": { "type": "Point", "coordinates": [ -102.110144, 19.526919 ] } },
{ "type": "Feature", "properties": { "NO": 334, "ENTIDAD": "MICHOACAN DE OCAMPO", "MUNICIPIO": "URUAPAN", "PUEBLO INDIGENA O AFROMEXICANO": "P'URHÉPECHA\n(TARASCO)", "LOCALIDAD": "SANTA ANA ZIROSTO", "CLAVE INEGI": 161020123, "TIPO DE ASENTAMIENTO": "COMUNIDAD INDIGENA", "NOMBRE": "SANTA ANA ZIROSTO", "MONTO ASIGNADO (PESOS)": 1719161, "LATITUD": 19.534275, "LONGITUD": -102.323551 }, "geometry": { "type": "Point", "coordinates": [ -102.323551, 19.534275 ] } },
{ "type": "Feature", "properties": { "NO": 335, "ENTIDAD": "MICHOACAN DE OCAMPO", "MUNICIPIO": "URUAPAN", "PUEBLO INDIGENA O AFROMEXICANO": "P'URHÉPECHA\n(TARASCO)", "LOCALIDAD": "TOREO ALTO (TOREO EL ALTO)", "CLAVE INEGI": 161020118, "TIPO DE ASENTAMIENTO": "COMUNIDAD INDIGENA", "NOMBRE": "TOREO ALTO (TOREO EL ALTO)", "MONTO ASIGNADO (PESOS)": 1025580, "LATITUD": 19.459626, "LONGITUD": -102.002251 }, "geometry": { "type": "Point", "coordinates": [ -102.002251, 19.459626 ] } },
{ "type": "Feature", "properties": { "NO": 336, "ENTIDAD": "MICHOACAN DE OCAMPO", "MUNICIPIO": "URUAPAN", "PUEBLO INDIGENA O AFROMEXICANO": "P'URHÉPECHA\n(TARASCO)", "LOCALIDAD": "URUAPAN", "CLAVE INEGI": 161020001, "TIPO DE ASENTAMIENTO": "COMUNIDAD INDIGENA", "NOMBRE": "URUAPAN", "MONTO ASIGNADO (PESOS)": 5016496, "LATITUD": 19.420887, "LONGITUD": -102.062799 }, "geometry": { "type": "Point", "coordinates": [ -102.062799, 19.420887 ] } },
{ "type": "Feature", "properties": { "NO": 337, "ENTIDAD": "MICHOACAN DE OCAMPO", "MUNICIPIO": "URUAPAN", "PUEBLO INDIGENA O AFROMEXICANO": "P'URHÉPECHA\n(TARASCO)", "LOCALIDAD": "(SINNOMBRE)", "CLAVE INEGI": 161020000, "TIPO DE ASENTAMIENTO": "COMUNIDAD INDIGENA", "NOMBRE": "SANJUANEVANGELISTA", "MONTO ASIGNADO (PESOS)": 84639, "LATITUD": 19.411461, "LONGITUD": -102.076047 }, "geometry": { "type": "Point", "coordinates": [ -102.076047, 19.411461 ] } },
{ "type": "Feature", "properties": { "NO": 338, "ENTIDAD": "MICHOACAN DE OCAMPO", "MUNICIPIO": "ZACAPU", "PUEBLO INDIGENA O AFROMEXICANO": "P'URHÉPECHA\n(TARASCO)", "LOCALIDAD": "NARANJA DE TAPIA", "CLAVE INEGI": 161070020, "TIPO DE ASENTAMIENTO": "COMUNIDAD INDIGENA", "NOMBRE": "NARANJA DE TAPIA", "MONTO ASIGNADO (PESOS)": 388586, "LATITUD": 19.777123, "LONGITUD": -101.760216 }, "geometry": { "type": "Point", "coordinates": [ -101.760216, 19.777123 ] } },
{ "type": "Feature", "properties": { "NO": 339, "ENTIDAD": "MICHOACAN DE OCAMPO", "MUNICIPIO": "ZACAPU", "PUEBLO INDIGENA O AFROMEXICANO": "P'URHÉPECHA\n(TARASCO)", "LOCALIDAD": "OJO DE AGUA", "CLAVE INEGI": 161070098, "TIPO DE ASENTAMIENTO": "COMUNIDAD INDIGENA", "NOMBRE": "OJO DE AGUA", "MONTO ASIGNADO (PESOS)": 84639, "LATITUD": 19.778148, "LONGITUD": -101.751154 }, "geometry": { "type": "Point", "coordinates": [ -101.751154, 19.778148 ] } },
{ "type": "Feature", "properties": { "NO": 340, "ENTIDAD": "MICHOACAN DE OCAMPO", "MUNICIPIO": "ZACAPU", "PUEBLO INDIGENA O AFROMEXICANO": "P'URHÉPECHA\n(TARASCO)", "LOCALIDAD": "TAREJERO", "CLAVE INEGI": 161070024, "TIPO DE ASENTAMIENTO": "COMUNIDAD INDIGENA", "NOMBRE": "TAREJERO", "MONTO ASIGNADO (PESOS)": 1291534, "LATITUD": 19.822134, "LONGITUD": -101.715097 }, "geometry": { "type": "Point", "coordinates": [ -101.715097, 19.822134 ] } },
{ "type": "Feature", "properties": { "NO": 341, "ENTIDAD": "MICHOACAN DE OCAMPO", "MUNICIPIO": "ZACAPU", "PUEBLO INDIGENA O AFROMEXICANO": "P'URHÉPECHA\n(TARASCO)", "LOCALIDAD": "TIRÍNDARO", "CLAVE INEGI": 161070025, "TIPO DE ASENTAMIENTO": "COMUNIDAD INDIGENA", "NOMBRE": "TIRÍNDARO", "MONTO ASIGNADO (PESOS)": 897050, "LATITUD": 19.770826, "LONGITUD": -101.744836 }, "geometry": { "type": "Point", "coordinates": [ -101.744836, 19.770826 ] } },
{ "type": "Feature", "properties": { "NO": 342, "ENTIDAD": "MICHOACAN DE OCAMPO", "MUNICIPIO": "ZACAPU", "PUEBLO INDIGENA O AFROMEXICANO": "P'URHÉPECHA\n(TARASCO)", "LOCALIDAD": "ZACAPU", "CLAVE INEGI": 161070001, "TIPO DE ASENTAMIENTO": "COMUNIDAD INDIGENA", "NOMBRE": "ZACAPU", "MONTO ASIGNADO (PESOS)": 639180, "LATITUD": 19.818618, "LONGITUD": -101.792859 }, "geometry": { "type": "Point", "coordinates": [ -101.792859, 19.818618 ] } },
{ "type": "Feature", "properties": { "NO": 343, "ENTIDAD": "MICHOACAN DE OCAMPO", "MUNICIPIO": "ZINAPÉCUARO", "PUEBLO INDIGENA O AFROMEXICANO": "P'URHÉPECHA\n(TARASCO)", "LOCALIDAD": "UCAREO", "CLAVE INEGI": 161100048, "TIPO DE ASENTAMIENTO": "COMUNIDAD INDIGENA", "NOMBRE": "UCAREO", "MONTO ASIGNADO (PESOS)": 2309780, "LATITUD": 19.896676, "LONGITUD": -100.685274 }, "geometry": { "type": "Point", "coordinates": [ -100.685274, 19.896676 ] } },
{ "type": "Feature", "properties": { "NO": 344, "ENTIDAD": "MICHOACAN DE OCAMPO", "MUNICIPIO": "ZIRACUARETIRO", "PUEBLO INDIGENA O AFROMEXICANO": "P'URHÉPECHA\n(TARASCO)", "LOCALIDAD": "CARACHA", "CLAVE INEGI": 161110002, "TIPO DE ASENTAMIENTO": "COMUNIDAD INDIGENA", "NOMBRE": "CARACHA", "MONTO ASIGNADO (PESOS)": 1018305, "LATITUD": 19.433323, "LONGITUD": -101.922015 }, "geometry": { "type": "Point", "coordinates": [ -101.922015, 19.433323 ] } },
{ "type": "Feature", "properties": { "NO": 345, "ENTIDAD": "MICHOACAN DE OCAMPO", "MUNICIPIO": "ZIRACUARETIRO", "PUEBLO INDIGENA O AFROMEXICANO": "P'URHÉPECHA\n(TARASCO)", "LOCALIDAD": "EL COPAL", "CLAVE INEGI": 161110004, "TIPO DE ASENTAMIENTO": "COMUNIDAD INDIGENA", "NOMBRE": "EL COPAL", "MONTO ASIGNADO (PESOS)": 310174, "LATITUD": 19.428127, "LONGITUD": -101.88275 }, "geometry": { "type": "Point", "coordinates": [ -101.88275, 19.428127 ] } },
{ "type": "Feature", "properties": { "NO": 346, "ENTIDAD": "MICHOACAN DE OCAMPO", "MUNICIPIO": "ZIRACUARETIRO", "PUEBLO INDIGENA O AFROMEXICANO": "P'URHÉPECHA\n(TARASCO)", "LOCALIDAD": "PATUÁN", "CLAVE INEGI": 161110007, "TIPO DE ASENTAMIENTO": "COMUNIDAD INDIGENA", "NOMBRE": "PATUÁN", "MONTO ASIGNADO (PESOS)": 1354586, "LATITUD": 19.391808, "LONGITUD": -101.915011 }, "geometry": { "type": "Point", "coordinates": [ -101.915011, 19.391808 ] } },
{ "type": "Feature", "properties": { "NO": 347, "ENTIDAD": "MICHOACAN DE OCAMPO", "MUNICIPIO": "ZIRACUARETIRO", "PUEBLO INDIGENA O AFROMEXICANO": "P'URHÉPECHA\n(TARASCO)", "LOCALIDAD": "SAN ÁNGEL ZURUMUCAPIO", "CLAVE INEGI": 161110009, "TIPO DE ASENTAMIENTO": "COMUNIDAD INDIGENA", "NOMBRE": "SAN ÁNGEL ZURUMUCAPIO", "MONTO ASIGNADO (PESOS)": 200236, "LATITUD": 19.448938, "LONGITUD": -101.889441 }, "geometry": { "type": "Point", "coordinates": [ -101.889441, 19.448938 ] } },
{ "type": "Feature", "properties": { "NO": 348, "ENTIDAD": "MICHOACAN DE OCAMPO", "MUNICIPIO": "ZIRACUARETIRO", "PUEBLO INDIGENA O AFROMEXICANO": "P'URHÉPECHA\n(TARASCO)", "LOCALIDAD": "ZIRIMÍCUARO", "CLAVE INEGI": 161110011, "TIPO DE ASENTAMIENTO": "COMUNIDAD INDIGENA", "NOMBRE": "ZIRIMÍCUARO", "MONTO ASIGNADO (PESOS)": 1427340, "LATITUD": 19.406198, "LONGITUD": -101.957461 }, "geometry": { "type": "Point", "coordinates": [ -101.957461, 19.406198 ] } },
{ "type": "Feature", "properties": { "NO": 349, "ENTIDAD": "MICHOACAN DE OCAMPO", "MUNICIPIO": "ZITÁCUARO", "PUEBLO INDIGENA O AFROMEXICANO": "OTOMÍ", "LOCALIDAD": "AGUA BLANCA (LA PALMA)", "CLAVE INEGI": 161120194, "TIPO DE ASENTAMIENTO": "LOCALIDADCONPOBLACION INDIGENA", "NOMBRE": "AGUA BLANCA (LA PALMA)", "MONTO ASIGNADO (PESOS)": 316641, "LATITUD": 19.501085, "LONGITUD": -100.377215 }, "geometry": { "type": "Point", "coordinates": [ -100.377215, 19.501085 ] } },
{ "type": "Feature", "properties": { "NO": 350, "ENTIDAD": "MICHOACAN DE OCAMPO", "MUNICIPIO": "ZITÁCUARO", "PUEBLO INDIGENA O AFROMEXICANO": "MAZAHUA", "LOCALIDAD": "APUTZIO DE JUÁREZ (SANTA MARÍA)", "CLAVE INEGI": 161120003, "TIPO DE ASENTAMIENTO": "COMUNIDAD INDIGENA", "NOMBRE": "APUTZIO DE JUÁREZ (SANTA MARÍA)", "MONTO ASIGNADO (PESOS)": 3557423, "LATITUD": 19.342372, "LONGITUD": -100.348426 }, "geometry": { "type": "Point", "coordinates": [ -100.348426, 19.342372 ] } },
{ "type": "Feature", "properties": { "NO": 351, "ENTIDAD": "MICHOACAN DE OCAMPO", "MUNICIPIO": "ZITÁCUARO", "PUEBLO INDIGENA O AFROMEXICANO": "OTOMÍ", "LOCALIDAD": "CARPINTEROS", "CLAVE INEGI": 161120007, "TIPO DE ASENTAMIENTO": "COMUNIDAD INDIGENA", "NOMBRE": "CARPINTEROS", "MONTO ASIGNADO (PESOS)": 672323, "LATITUD": 19.499144, "LONGITUD": -100.328724 }, "geometry": { "type": "Point", "coordinates": [ -100.328724, 19.499144 ] } },
{ "type": "Feature", "properties": { "NO": 352, "ENTIDAD": "MICHOACAN DE OCAMPO", "MUNICIPIO": "ZITÁCUARO", "PUEBLO INDIGENA O AFROMEXICANO": "MAZAHUA", "LOCALIDAD": "COLONIA EMILIANO ZAPATA (SAN JUAN ZITÁCUARO)", "CLAVE INEGI": 161120020, "TIPO DE ASENTAMIENTO": "COMUNIDAD INDIGENA", "NOMBRE": "COLONIA EMILIANO ZAPATA (SAN JUAN ZITÁCUARO)", "MONTO ASIGNADO (PESOS)": 2283492, "LATITUD": 19.448028, "LONGITUD": -100.307054 }, "geometry": { "type": "Point", "coordinates": [ -100.307054, 19.448028 ] } },
{ "type": "Feature", "properties": { "NO": 353, "ENTIDAD": "MICHOACAN DE OCAMPO", "MUNICIPIO": "ZITÁCUARO", "PUEBLO INDIGENA O AFROMEXICANO": "MAZAHUA", "LOCALIDAD": "CRESCENCIO MORALES (SAN MATEO)", "CLAVE INEGI": 161120014, "TIPO DE ASENTAMIENTO": "COMUNIDAD INDIGENA", "NOMBRE": "CRESCENCIO MORALES (SAN MATEO)", "MONTO ASIGNADO (PESOS)": 7655277, "LATITUD": 19.491225, "LONGITUD": -100.242814 }, "geometry": { "type": "Point", "coordinates": [ -100.242814, 19.491225 ] } },
{ "type": "Feature", "properties": { "NO": 354, "ENTIDAD": "MICHOACAN DE OCAMPO", "MUNICIPIO": "ZITÁCUARO", "PUEBLO INDIGENA O AFROMEXICANO": "MAZAHUA", "LOCALIDAD": "DONACIANO OJEDA (PRIMERA Y SEGUNDA MANZANA SAN FRANCISCO)", "CLAVE INEGI": 161120019, "TIPO DE ASENTAMIENTO": "COMUNIDAD INDIGENA", "NOMBRE": "DONACIANO OJEDA (PRIMERA Y SEGUNDA MANZANA SAN FRANCISCO)", "MONTO ASIGNADO (PESOS)": 2027479, "LATITUD": 19.491258, "LONGITUD": -100.28425 }, "geometry": { "type": "Point", "coordinates": [ -100.28425, 19.491258 ] } },
{ "type": "Feature", "properties": { "NO": 355, "ENTIDAD": "MICHOACAN DE OCAMPO", "MUNICIPIO": "ZITÁCUARO", "PUEBLO INDIGENA O AFROMEXICANO": "MAZAHUA", "LOCALIDAD": "EL AGUACATE", "CLAVE INEGI": 161120002, "TIPO DE ASENTAMIENTO": "COMUNIDAD INDIGENA", "NOMBRE": "EL AGUACATE", "MONTO ASIGNADO (PESOS)": 343317, "LATITUD": 19.416944, "LONGITUD": -100.339444 }, "geometry": { "type": "Point", "coordinates": [ -100.339444, 19.416944 ] } },
{ "type": "Feature", "properties": { "NO": 356, "ENTIDAD": "MICHOACAN DE OCAMPO", "MUNICIPIO": "ZITÁCUARO", "PUEBLO INDIGENA O AFROMEXICANO": "MAZAHUA", "LOCALIDAD": "EL CAPULÍN (TERCERA MANZANA DE CRESCENCIO MORALES)", "CLAVE INEGI": 161120192, "TIPO DE ASENTAMIENTO": "LOCALIDADCONPOBLACION INDIGENA", "NOMBRE": "EL CAPULÍN (TERCERA MANZANA DE CRESCENCIO MORALES)", "MONTO ASIGNADO (PESOS)": 273798, "LATITUD": 19.47811, "LONGITUD": -100.247675 }, "geometry": { "type": "Point", "coordinates": [ -100.247675, 19.47811 ] } },
{ "type": "Feature", "properties": { "NO": 357, "ENTIDAD": "MICHOACAN DE OCAMPO", "MUNICIPIO": "ZITÁCUARO", "PUEBLO INDIGENA O AFROMEXICANO": "MAZAHUA", "LOCALIDAD": "FRANCISCO SERRATO (SAN BARTOLO)", "CLAVE INEGI": 161120023, "TIPO DE ASENTAMIENTO": "COMUNIDAD INDIGENA", "NOMBRE": "FRANCISCO SERRATO (SAN BARTOLO)", "MONTO ASIGNADO (PESOS)": 2406452, "LATITUD": 19.491997, "LONGITUD": -100.256438 }, "geometry": { "type": "Point", "coordinates": [ -100.256438, 19.491997 ] } },
{ "type": "Feature", "properties": { "NO": 358, "ENTIDAD": "MICHOACAN DE OCAMPO", "MUNICIPIO": "ZITÁCUARO", "PUEBLO INDIGENA O AFROMEXICANO": "MAZAHUA", "LOCALIDAD": "HERÓICA ZITÁCUARO", "CLAVE INEGI": 161120001, "TIPO DE ASENTAMIENTO": "COMUNIDAD INDIGENA", "NOMBRE": "HERÓICA ZITÁCUARO", "MONTO ASIGNADO (PESOS)": 1445050, "LATITUD": 19.43718, "LONGITUD": -100.357486 }, "geometry": { "type": "Point", "coordinates": [ -100.357486, 19.43718 ] } },
{ "type": "Feature", "properties": { "NO": 359, "ENTIDAD": "MICHOACAN DE OCAMPO", "MUNICIPIO": "ZITÁCUARO", "PUEBLO INDIGENA O AFROMEXICANO": "MAZAHUA", "LOCALIDAD": "IGNACIO LÓPEZ RAYÓN (COYOTA PRIMERA MANZANA)", "CLAVE INEGI": 161120013, "TIPO DE ASENTAMIENTO": "COMUNIDAD INDIGENA", "NOMBRE": "IGNACIO LÓPEZ RAYÓN (COYOTA PRIMERA MANZANA)", "MONTO ASIGNADO (PESOS)": 2091670, "LATITUD": 19.382406, "LONGITUD": -100.43453 }, "geometry": { "type": "Point", "coordinates": [ -100.43453, 19.382406 ] } },
{ "type": "Feature", "properties": { "NO": 360, "ENTIDAD": "MICHOACAN DE OCAMPO", "MUNICIPIO": "ZITÁCUARO", "PUEBLO INDIGENA O AFROMEXICANO": "MAZAHUA", "LOCALIDAD": "LA MESA (LA MESA DE CEDANO)", "CLAVE INEGI": 161120136, "TIPO DE ASENTAMIENTO": "COMUNIDAD INDIGENA", "NOMBRE": "LA MESA (LA MESA DE CEDANO)", "MONTO ASIGNADO (PESOS)": 3189104, "LATITUD": 19.448831, "LONGITUD": -100.326567 }, "geometry": { "type": "Point", "coordinates": [ -100.326567, 19.448831 ] } },
{ "type": "Feature", "properties": { "NO": 361, "ENTIDAD": "MICHOACAN DE OCAMPO", "MUNICIPIO": "ZITÁCUARO", "PUEBLO INDIGENA O AFROMEXICANO": "OTOMÍ", "LOCALIDAD": "LA MIEL (PRIMERA MANZANA DE SAN FELIPE)", "CLAVE INEGI": 161120205, "TIPO DE ASENTAMIENTO": "LOCALIDADCONPOBLACION INDIGENA", "NOMBRE": "LA MIEL (PRIMERA MANZANA DE SAN FELIPE)", "MONTO ASIGNADO (PESOS)": 143650, "LATITUD": 19.499508, "LONGITUD": -100.378184 }, "geometry": { "type": "Point", "coordinates": [ -100.378184, 19.499508 ] } },
{ "type": "Feature", "properties": { "NO": 362, "ENTIDAD": "MICHOACAN DE OCAMPO", "MUNICIPIO": "ZITÁCUARO", "PUEBLO INDIGENA O AFROMEXICANO": "MAZAHUA", "LOCALIDAD": "LA SOLEDAD (CUARTA MANZANA DE FRANCISCO SERRATO)", "CLAVE INEGI": 161120056, "TIPO DE ASENTAMIENTO": "COMUNIDAD INDIGENA", "NOMBRE": "LA SOLEDAD (CUARTA MANZANA DE FRANCISCO SERRATO)", "MONTO ASIGNADO (PESOS)": 1144980, "LATITUD": 19.466925, "LONGITUD": -100.286298 }, "geometry": { "type": "Point", "coordinates": [ -100.286298, 19.466925 ] } },
{ "type": "Feature", "properties": { "NO": 363, "ENTIDAD": "MICHOACAN DE OCAMPO", "MUNICIPIO": "ZITÁCUARO", "PUEBLO INDIGENA O AFROMEXICANO": "MAZAHUA", "LOCALIDAD": "MANZANILLOS (PRIMERA MANZANA)", "CLAVE INEGI": 161120033, "TIPO DE ASENTAMIENTO": "COMUNIDAD INDIGENA", "NOMBRE": "MANZANILLOS (PRIMERA MANZANA)", "MONTO ASIGNADO (PESOS)": 559152, "LATITUD": 19.437663, "LONGITUD": -100.287249 }, "geometry": { "type": "Point", "coordinates": [ -100.287249, 19.437663 ] } },
{ "type": "Feature", "properties": { "NO": 364, "ENTIDAD": "MICHOACAN DE OCAMPO", "MUNICIPIO": "ZITÁCUARO", "PUEBLO INDIGENA O AFROMEXICANO": "OTOMÍ", "LOCALIDAD": "OCURIO", "CLAVE INEGI": 161120039, "TIPO DE ASENTAMIENTO": "COMUNIDAD INDIGENA", "NOMBRE": "OCURIO", "MONTO ASIGNADO (PESOS)": 1202613, "LATITUD": 19.484224, "LONGITUD": -100.418488 }, "geometry": { "type": "Point", "coordinates": [ -100.418488, 19.484224 ] } },
{ "type": "Feature", "properties": { "NO": 365, "ENTIDAD": "MICHOACAN DE OCAMPO", "MUNICIPIO": "ZITÁCUARO", "PUEBLO INDIGENA O AFROMEXICANO": "OTOMÍ", "LOCALIDAD": "SAN FELIPE LOS ALZATI (COLONIA NUEVA)", "CLAVE INEGI": 161120052, "TIPO DE ASENTAMIENTO": "COMUNIDAD INDIGENA", "NOMBRE": "SAN FELIPE LOS ALZATI (COLONIA NUEVA)", "MONTO ASIGNADO (PESOS)": 5691095, "LATITUD": 19.489772, "LONGITUD": -100.374006 }, "geometry": { "type": "Point", "coordinates": [ -100.374006, 19.489772 ] } },
{ "type": "Feature", "properties": { "NO": 366, "ENTIDAD": "MICHOACAN DE OCAMPO", "MUNICIPIO": "ZITÁCUARO", "PUEBLO INDIGENA O AFROMEXICANO": "OTOMÍ", "LOCALIDAD": "SAN FRANCISCO CURUNGUEO", "CLAVE INEGI": 161120015, "TIPO DE ASENTAMIENTO": "COMUNIDAD INDIGENA", "NOMBRE": "SAN FRANCISCO CURUNGUEO", "MONTO ASIGNADO (PESOS)": 1267134, "LATITUD": 19.465441, "LONGITUD": -100.344528 }, "geometry": { "type": "Point", "coordinates": [ -100.344528, 19.465441 ] } },
{ "type": "Feature", "properties": { "NO": 367, "ENTIDAD": "MICHOACAN DE OCAMPO", "MUNICIPIO": "ZITÁCUARO", "PUEBLO INDIGENA O AFROMEXICANO": "MAZAHUA", "LOCALIDAD": "SAN MIGUEL CHICHIMEQUILLAS", "CLAVE INEGI": 161120215, "TIPO DE ASENTAMIENTO": "COMUNIDAD INDIGENA", "NOMBRE": "SAN MIGUEL CHICHIMEQUILLAS", "MONTO ASIGNADO (PESOS)": 4918896, "LATITUD": 19.420222, "LONGITUD": -100.363014 }, "geometry": { "type": "Point", "coordinates": [ -100.363014, 19.420222 ] } },
{ "type": "Feature", "properties": { "NO": 368, "ENTIDAD": "MICHOACAN DE OCAMPO", "MUNICIPIO": "ZITÁCUARO", "PUEBLO INDIGENA O AFROMEXICANO": "MAZAHUA", "LOCALIDAD": "TIMBINEO LOS CONTRERAS", "CLAVE INEGI": 161120011, "TIPO DE ASENTAMIENTO": "COMUNIDAD INDIGENA", "NOMBRE": "TIMBINEO LOS CONTRERAS", "MONTO ASIGNADO (PESOS)": 853315, "LATITUD": 19.411598, "LONGITUD": -100.452223 }, "geometry": { "type": "Point", "coordinates": [ -100.452223, 19.411598 ] } },
{ "type": "Feature", "properties": { "NO": 369, "ENTIDAD": "MICHOACAN DE OCAMPO", "MUNICIPIO": "ZITÁCUARO", "PUEBLO INDIGENA O AFROMEXICANO": "OTOMÍ", "LOCALIDAD": "ZIRAHUATO DE LOS BERNAL", "CLAVE INEGI": 161120060, "TIPO DE ASENTAMIENTO": "COMUNIDAD INDIGENA", "NOMBRE": "ZIRAHUATO DE LOS BERNAL", "MONTO ASIGNADO (PESOS)": 4312827, "LATITUD": 19.52105, "LONGITUD": -100.407057 }, "geometry": { "type": "Point", "coordinates": [ -100.407057, 19.52105 ] } },
{ "type": "Feature", "properties": { "NO": 370, "ENTIDAD": "MICHOACAN DE OCAMPO", "MUNICIPIO": "ZITÁCUARO", "PUEBLO INDIGENA O AFROMEXICANO": "MAZAHUA", "LOCALIDAD": "(SINNOMBRE)", "CLAVE INEGI": 161121, "TIPO DE ASENTAMIENTO": "COMUNIDAD INDIGENA", "NOMBRE": "COATEPECDEMORELOS.", "MONTO ASIGNADO (PESOS)": 1626528, "LATITUD": 19.424178, "LONGITUD": -100.373401 }, "geometry": { "type": "Point", "coordinates": [ -100.373401, 19.424178 ] } }
]
}
