{
"type": "FeatureCollection",
"name": "puebla_loc_monto",
"crs": { "type": "name", "properties": { "name": "urn:ogc:def:crs:OGC:1.3:CRS84" } },
"features": [
{ "type": "Feature", "properties": { "NO": 1, "ENTIDAD": "PUEBLA", "MUNICIPIO": "ACATENO", "PUEBLO INDIGENA O AFROMEXICANO": "NAHUA", "LOCALIDAD": "LA NUEVA ESPERANZA (PLACIDO RIOS)", "CLAVE LOC": 210020095, "TIPO DE ASENTAMIENTO": "COMUNIDAD INDIGENA", "NOMBRE": "LA NUEVA ESPERANZA (PLÁCIDO RÍOS)", "MONTO ASIGNADO (PESOS)": 264906, "LATITUD": 20.05105, "LONGITUD": -97.275677 }, "geometry": { "type": "Point", "coordinates": [ -97.275677, 20.05105 ] } },
{ "type": "Feature", "properties": { "NO": 2, "ENTIDAD": "PUEBLA", "MUNICIPIO": "ACTEOPAN", "PUEBLO INDIGENA O AFROMEXICANO": "NAHUA", "LOCALIDAD": "SAN FELIPE TOCTLA", "CLAVE LOC": 210050003, "TIPO DE ASENTAMIENTO": "LOCALIDAD CON POBLACION\nINDIGENA", "NOMBRE": "SAN FELIPE TOCTLA", "MONTO ASIGNADO (PESOS)": 628671, "LATITUD": 18.760154, "LONGITUD": -98.699429 }, "geometry": { "type": "Point", "coordinates": [ -98.699429, 18.760154 ] } },
{ "type": "Feature", "properties": { "NO": 3, "ENTIDAD": "PUEBLA", "MUNICIPIO": "AHUACATLAN", "PUEBLO INDIGENA O AFROMEXICANO": "NAHUA", "LOCALIDAD": "AHUACATLAN", "CLAVE LOC": 210060001, "TIPO DE ASENTAMIENTO": "COMUNIDAD INDIGENA", "NOMBRE": "AHUACATLÁN", "MONTO ASIGNADO (PESOS)": 1061478, "LATITUD": 20.005466, "LONGITUD": -97.860699 }, "geometry": { "type": "Point", "coordinates": [ -97.860699, 20.005466 ] } },
{ "type": "Feature", "properties": { "NO": 4, "ENTIDAD": "PUEBLA", "MUNICIPIO": "AHUACATLAN", "PUEBLO INDIGENA O AFROMEXICANO": "NAHUA", "LOCALIDAD": "COALTEPEC (SAN JERONIMO)", "CLAVE LOC": 210060002, "TIPO DE ASENTAMIENTO": "LOCALIDAD CON POBLACION\nINDIGENA", "NOMBRE": "COALTEPEC (SAN JERONIMO)", "MONTO ASIGNADO (PESOS)": 1325485, "LATITUD": 20.004073, "LONGITUD": -97.865938 }, "geometry": { "type": "Point", "coordinates": [ -97.865938, 20.004073 ] } },
{ "type": "Feature", "properties": { "NO": 5, "ENTIDAD": "PUEBLA", "MUNICIPIO": "AHUACATLAN", "PUEBLO INDIGENA O AFROMEXICANO": "TOTONACO", "LOCALIDAD": "ELOXOCHITLAN (SAN MARCOS)", "CLAVE LOC": 210060003, "TIPO DE ASENTAMIENTO": "COMUNIDAD INDIGENA", "NOMBRE": "ELOXOCHITLÁN (SAN MARCOS)", "MONTO ASIGNADO (PESOS)": 1035281, "LATITUD": 20.024335, "LONGITUD": -97.873 }, "geometry": { "type": "Point", "coordinates": [ -97.873, 20.024335 ] } },
{ "type": "Feature", "properties": { "NO": 6, "ENTIDAD": "PUEBLA", "MUNICIPIO": "AHUACATLAN", "PUEBLO INDIGENA O AFROMEXICANO": "NAHUA", "LOCALIDAD": "HUEYETLACOMULCO", "CLAVE LOC": 210060037, "TIPO DE ASENTAMIENTO": "COMUNIDAD INDIGENA", "NOMBRE": "HUEYETLACOMULCO", "MONTO ASIGNADO (PESOS)": 175089, "LATITUD": 19.977769, "LONGITUD": -97.905956 }, "geometry": { "type": "Point", "coordinates": [ -97.905956, 19.977769 ] } },
{ "type": "Feature", "properties": { "NO": 7, "ENTIDAD": "PUEBLA", "MUNICIPIO": "AHUACATLAN", "PUEBLO INDIGENA O AFROMEXICANO": "NAHUA", "LOCALIDAD": "IXQUIHUACAN (SAN FRANCISCO)", "CLAVE LOC": 210060004, "TIPO DE ASENTAMIENTO": "COMUNIDAD INDIGENA", "NOMBRE": "IXQUIHUACAN (SAN FRANCISCO)", "MONTO ASIGNADO (PESOS)": 2489205, "LATITUD": 19.998516, "LONGITUD": -97.889381 }, "geometry": { "type": "Point", "coordinates": [ -97.889381, 19.998516 ] } },
{ "type": "Feature", "properties": { "NO": 8, "ENTIDAD": "PUEBLA", "MUNICIPIO": "AHUACATLAN", "PUEBLO INDIGENA O AFROMEXICANO": "NAHUA", "LOCALIDAD": "POCHALCATL", "CLAVE LOC": 210060010, "TIPO DE ASENTAMIENTO": "COMUNIDAD INDIGENA", "NOMBRE": "POCHALCATL", "MONTO ASIGNADO (PESOS)": 2382992, "LATITUD": 20.061779, "LONGITUD": -97.849488 }, "geometry": { "type": "Point", "coordinates": [ -97.849488, 20.061779 ] } },
{ "type": "Feature", "properties": { "NO": 9, "ENTIDAD": "PUEBLA", "MUNICIPIO": "AHUACATLAN", "PUEBLO INDIGENA O AFROMEXICANO": "TOTONACO", "LOCALIDAD": "TLACOTEPEC (SAN MATEO)", "CLAVE LOC": 210060005, "TIPO DE ASENTAMIENTO": "COMUNIDAD INDIGENA", "NOMBRE": "TLACOTEPEC (SAN MATEO)", "MONTO ASIGNADO (PESOS)": 3462695, "LATITUD": 20.061779, "LONGITUD": -97.849488 }, "geometry": { "type": "Point", "coordinates": [ -97.849488, 20.061779 ] } },
{ "type": "Feature", "properties": { "NO": 10, "ENTIDAD": "PUEBLA", "MUNICIPIO": "AHUACATLAN", "PUEBLO INDIGENA O AFROMEXICANO": "TOTONACO", "LOCALIDAD": "TLAYEHUALANCINGO (SAN ANDRES)", "CLAVE LOC": 210060006, "TIPO DE ASENTAMIENTO": "LOCALIDAD CON POBLACION\nINDIGENA", "NOMBRE": "TLAYEHUALANCINGO (SAN ANDRES)", "MONTO ASIGNADO (PESOS)": 1545658, "LATITUD": 20.032732, "LONGITUD": -97.830002 }, "geometry": { "type": "Point", "coordinates": [ -97.830002, 20.032732 ] } },
{ "type": "Feature", "properties": { "NO": 11, "ENTIDAD": "PUEBLA", "MUNICIPIO": "AHUACATLAN", "PUEBLO INDIGENA O AFROMEXICANO": "TOTONACO", "LOCALIDAD": "TONALAPA (SANTA BARBARA)", "CLAVE LOC": 210060007, "TIPO DE ASENTAMIENTO": "LOCALIDAD CON POBLACION\nINDIGENA", "NOMBRE": "TONALAPA (SANTA BARBARA)", "MONTO ASIGNADO (PESOS)": 827083, "LATITUD": 20.038174, "LONGITUD": -97.846395 }, "geometry": { "type": "Point", "coordinates": [ -97.846395, 20.038174 ] } },
{ "type": "Feature", "properties": { "NO": 12, "ENTIDAD": "PUEBLA", "MUNICIPIO": "AHUACATLAN", "PUEBLO INDIGENA O AFROMEXICANO": "TOTONACO", "LOCALIDAD": "XOCHICUAUTLA", "CLAVE LOC": 210060008, "TIPO DE ASENTAMIENTO": "COMUNIDAD INDIGENA", "NOMBRE": "XOCHICUAUTLA", "MONTO ASIGNADO (PESOS)": 1829570, "LATITUD": 20.054351, "LONGITUD": -97.88959 }, "geometry": { "type": "Point", "coordinates": [ -97.88959, 20.054351 ] } },
{ "type": "Feature", "properties": { "NO": 13, "ENTIDAD": "PUEBLA", "MUNICIPIO": "AJALPAN", "PUEBLO INDIGENA O AFROMEXICANO": "NAHUA", "LOCALIDAD": "CINCO SEÑORES", "CLAVE LOC": 210100006, "TIPO DE ASENTAMIENTO": "COMUNIDAD INDIGENA", "NOMBRE": "CINCO SEÑORES", "MONTO ASIGNADO (PESOS)": 1984245, "LATITUD": 18.371489, "LONGITUD": -97.078692 }, "geometry": { "type": "Point", "coordinates": [ -97.078692, 18.371489 ] } },
{ "type": "Feature", "properties": { "NO": 14, "ENTIDAD": "PUEBLA", "MUNICIPIO": "AJALPAN", "PUEBLO INDIGENA O AFROMEXICANO": "NAHUA", "LOCALIDAD": "CUAUTOTOLAPAN (SAN JOSE)", "CLAVE LOC": 210100008, "TIPO DE ASENTAMIENTO": "COMUNIDAD INDIGENA", "NOMBRE": "CUAUTOTOLAPAN", "MONTO ASIGNADO (PESOS)": 7144042, "LATITUD": 18.432069, "LONGITUD": -97.122002 }, "geometry": { "type": "Point", "coordinates": [ -97.122002, 18.432069 ] } },
{ "type": "Feature", "properties": { "NO": 15, "ENTIDAD": "PUEBLA", "MUNICIPIO": "AJALPAN", "PUEBLO INDIGENA O AFROMEXICANO": "NAHUA", "LOCALIDAD": "SAN SEBASTIAN ALCOMUNGA", "CLAVE LOC": 210100002, "TIPO DE ASENTAMIENTO": "COMUNIDAD INDIGENA", "NOMBRE": "SAN SEBASTIÁN ALCOMUNGA", "MONTO ASIGNADO (PESOS)": 39156970, "LATITUD": 18.431115, "LONGITUD": -97.025128 }, "geometry": { "type": "Point", "coordinates": [ -97.025128, 18.431115 ] } },
{ "type": "Feature", "properties": { "NO": 16, "ENTIDAD": "PUEBLA", "MUNICIPIO": "ALTEPEXI", "PUEBLO INDIGENA O AFROMEXICANO": "NAHUA", "LOCALIDAD": "ALTEPEXI", "CLAVE LOC": 210130001, "TIPO DE ASENTAMIENTO": "COMUNIDAD INDIGENA", "NOMBRE": "ALTEPEXI", "MONTO ASIGNADO (PESOS)": 1869613, "LATITUD": 18.361729, "LONGITUD": -97.301741 }, "geometry": { "type": "Point", "coordinates": [ -97.301741, 18.361729 ] } },
{ "type": "Feature", "properties": { "NO": 17, "ENTIDAD": "PUEBLA", "MUNICIPIO": "AMIXTLAN", "PUEBLO INDIGENA O AFROMEXICANO": "TOTONACO", "LOCALIDAD": "AMIXTLAN", "CLAVE LOC": 210140001, "TIPO DE ASENTAMIENTO": "COMUNIDAD INDIGENA", "NOMBRE": "AMIXTLÁN", "MONTO ASIGNADO (PESOS)": 2175649, "LATITUD": 20.049437, "LONGITUD": -97.798917 }, "geometry": { "type": "Point", "coordinates": [ -97.798917, 20.049437 ] } },
{ "type": "Feature", "properties": { "NO": 18, "ENTIDAD": "PUEBLA", "MUNICIPIO": "AMIXTLAN", "PUEBLO INDIGENA O AFROMEXICANO": "TOTONACO", "LOCALIDAD": "CACOCHON", "CLAVE LOC": 210140002, "TIPO DE ASENTAMIENTO": "COMUNIDAD INDIGENA", "NOMBRE": "CACOCHÓN", "MONTO ASIGNADO (PESOS)": 202727, "LATITUD": 20.066601, "LONGITUD": -97.750582 }, "geometry": { "type": "Point", "coordinates": [ -97.750582, 20.066601 ] } },
{ "type": "Feature", "properties": { "NO": 19, "ENTIDAD": "PUEBLA", "MUNICIPIO": "AMIXTLAN", "PUEBLO INDIGENA O AFROMEXICANO": "TOTONACO", "LOCALIDAD": "CUAUTOTOLA", "CLAVE LOC": 210140003, "TIPO DE ASENTAMIENTO": "COMUNIDAD INDIGENA", "NOMBRE": "CUAUTOTOLA", "MONTO ASIGNADO (PESOS)": 1268027, "LATITUD": 20.067965, "LONGITUD": -97.797368 }, "geometry": { "type": "Point", "coordinates": [ -97.797368, 20.067965 ] } },
{ "type": "Feature", "properties": { "NO": 20, "ENTIDAD": "PUEBLA", "MUNICIPIO": "AMIXTLAN", "PUEBLO INDIGENA O AFROMEXICANO": "TOTONACO", "LOCALIDAD": "EL OCOTAL", "CLAVE LOC": 210140004, "TIPO DE ASENTAMIENTO": "COMUNIDAD INDIGENA", "NOMBRE": "EL OCOTAL", "MONTO ASIGNADO (PESOS)": 433046, "LATITUD": 19.195277, "LONGITUD": -97.220555 }, "geometry": { "type": "Point", "coordinates": [ -97.220555, 19.195277 ] } },
{ "type": "Feature", "properties": { "NO": 21, "ENTIDAD": "PUEBLA", "MUNICIPIO": "AMIXTLAN", "PUEBLO INDIGENA O AFROMEXICANO": "TOTONACO", "LOCALIDAD": "MIRASOL", "CLAVE LOC": 210140005, "TIPO DE ASENTAMIENTO": "COMUNIDAD INDIGENA", "NOMBRE": "MIRASOL", "MONTO ASIGNADO (PESOS)": 472656, "LATITUD": 20.044514, "LONGITUD": -97.811379 }, "geometry": { "type": "Point", "coordinates": [ -97.811379, 20.044514 ] } },
{ "type": "Feature", "properties": { "NO": 22, "ENTIDAD": "PUEBLA", "MUNICIPIO": "AMIXTLAN", "PUEBLO INDIGENA O AFROMEXICANO": "TOTONACO", "LOCALIDAD": "SANTA CRUZ", "CLAVE LOC": 210140015, "TIPO DE ASENTAMIENTO": "COMUNIDAD INDIGENA", "NOMBRE": "SANTA CRUZ", "MONTO ASIGNADO (PESOS)": 560758, "LATITUD": 18.041042, "LONGITUD": -98.449768 }, "geometry": { "type": "Point", "coordinates": [ -98.449768, 18.041042 ] } },
{ "type": "Feature", "properties": { "NO": 23, "ENTIDAD": "PUEBLA", "MUNICIPIO": "AQUIXTLA", "PUEBLO INDIGENA O AFROMEXICANO": "NAHUA", "LOCALIDAD": "ATEXCAC", "CLAVE LOC": 210160003, "TIPO DE ASENTAMIENTO": "COMUNIDAD INDIGENA", "NOMBRE": "ATEXCAC", "MONTO ASIGNADO (PESOS)": 545409, "LATITUD": 19.813391, "LONGITUD": -97.924173 }, "geometry": { "type": "Point", "coordinates": [ -97.924173, 19.813391 ] } },
{ "type": "Feature", "properties": { "NO": 24, "ENTIDAD": "PUEBLA", "MUNICIPIO": "AQUIXTLA", "PUEBLO INDIGENA O AFROMEXICANO": "NAHUA", "LOCALIDAD": "EL TERRERO", "CLAVE LOC": 210160015, "TIPO DE ASENTAMIENTO": "COMUNIDAD INDIGENA", "NOMBRE": "EL TERRERO", "MONTO ASIGNADO (PESOS)": 1064382, "LATITUD": 18.074444, "LONGITUD": -98.598055 }, "geometry": { "type": "Point", "coordinates": [ -98.598055, 18.074444 ] } },
{ "type": "Feature", "properties": { "NO": 25, "ENTIDAD": "PUEBLA", "MUNICIPIO": "AQUIXTLA", "PUEBLO INDIGENA O AFROMEXICANO": "NAHUA", "LOCALIDAD": "TLACHIAPA", "CLAVE LOC": 210160018, "TIPO DE ASENTAMIENTO": "COMUNIDAD INDIGENA", "NOMBRE": "TLACHIAPA", "MONTO ASIGNADO (PESOS)": 207511, "LATITUD": 19.828565, "LONGITUD": -97.944607 }, "geometry": { "type": "Point", "coordinates": [ -97.944607, 19.828565 ] } },
{ "type": "Feature", "properties": { "NO": 26, "ENTIDAD": "PUEBLA", "MUNICIPIO": "ATEMPAN", "PUEBLO INDIGENA O AFROMEXICANO": "NAHUA", "LOCALIDAD": "APATAUYAN", "CLAVE LOC": 210170012, "TIPO DE ASENTAMIENTO": "COMUNIDAD INDIGENA", "NOMBRE": "APATAUYAN", "MONTO ASIGNADO (PESOS)": 2950145, "LATITUD": 19.803154, "LONGITUD": -97.443235 }, "geometry": { "type": "Point", "coordinates": [ -97.443235, 19.803154 ] } },
{ "type": "Feature", "properties": { "NO": 27, "ENTIDAD": "PUEBLA", "MUNICIPIO": "ATEMPAN", "PUEBLO INDIGENA O AFROMEXICANO": "NAHUA", "LOCALIDAD": "ATZALAN", "CLAVE LOC": 210170002, "TIPO DE ASENTAMIENTO": "COMUNIDAD INDIGENA", "NOMBRE": "ATZALÁN", "MONTO ASIGNADO (PESOS)": 1293150, "LATITUD": 19.824187, "LONGITUD": -97.444164 }, "geometry": { "type": "Point", "coordinates": [ -97.444164, 19.824187 ] } },
{ "type": "Feature", "properties": { "NO": 28, "ENTIDAD": "PUEBLA", "MUNICIPIO": "ATEMPAN", "PUEBLO INDIGENA O AFROMEXICANO": "NAHUA", "LOCALIDAD": "CALA NORTE", "CLAVE LOC": 210170003, "TIPO DE ASENTAMIENTO": "COMUNIDAD INDIGENA", "NOMBRE": "CALA NORTE", "MONTO ASIGNADO (PESOS)": 1314168, "LATITUD": 19.847992, "LONGITUD": -97.423189 }, "geometry": { "type": "Point", "coordinates": [ -97.423189, 19.847992 ] } },
{ "type": "Feature", "properties": { "NO": 29, "ENTIDAD": "PUEBLA", "MUNICIPIO": "ATEMPAN", "PUEBLO INDIGENA O AFROMEXICANO": "NAHUA", "LOCALIDAD": "CALA SUR", "CLAVE LOC": 210170004, "TIPO DE ASENTAMIENTO": "COMUNIDAD INDIGENA", "NOMBRE": "CALA SUR", "MONTO ASIGNADO (PESOS)": 2017449, "LATITUD": 19.83206, "LONGITUD": -97.420225 }, "geometry": { "type": "Point", "coordinates": [ -97.420225, 19.83206 ] } },
{ "type": "Feature", "properties": { "NO": 30, "ENTIDAD": "PUEBLA", "MUNICIPIO": "ATEMPAN", "PUEBLO INDIGENA O AFROMEXICANO": "NAHUA", "LOCALIDAD": "EL CUATRO", "CLAVE LOC": 210170014, "TIPO DE ASENTAMIENTO": "COMUNIDAD INDIGENA", "NOMBRE": "EL CUATRO", "MONTO ASIGNADO (PESOS)": 695177, "LATITUD": 19.786649, "LONGITUD": -97.457225 }, "geometry": { "type": "Point", "coordinates": [ -97.457225, 19.786649 ] } },
{ "type": "Feature", "properties": { "NO": 31, "ENTIDAD": "PUEBLA", "MUNICIPIO": "ATEMPAN", "PUEBLO INDIGENA O AFROMEXICANO": "NAHUA", "LOCALIDAD": "HUEXOTENO", "CLAVE LOC": 210170016, "TIPO DE ASENTAMIENTO": "COMUNIDAD INDIGENA", "NOMBRE": "HUEXOTENO", "MONTO ASIGNADO (PESOS)": 480740, "LATITUD": 19.844524, "LONGITUD": -97.433542 }, "geometry": { "type": "Point", "coordinates": [ -97.433542, 19.844524 ] } },
{ "type": "Feature", "properties": { "NO": 32, "ENTIDAD": "PUEBLA", "MUNICIPIO": "ATEMPAN", "PUEBLO INDIGENA O AFROMEXICANO": "NAHUA", "LOCALIDAD": "LAS CANOAS", "CLAVE LOC": 210170005, "TIPO DE ASENTAMIENTO": "COMUNIDAD INDIGENA", "NOMBRE": "LAS CANOAS", "MONTO ASIGNADO (PESOS)": 618971, "LATITUD": 18.517147, "LONGITUD": -98.169385 }, "geometry": { "type": "Point", "coordinates": [ -98.169385, 18.517147 ] } },
{ "type": "Feature", "properties": { "NO": 33, "ENTIDAD": "PUEBLA", "MUNICIPIO": "ATEMPAN", "PUEBLO INDIGENA O AFROMEXICANO": "NAHUA", "LOCALIDAD": "LAS DELICIAS", "CLAVE LOC": 210170015, "TIPO DE ASENTAMIENTO": "COMUNIDAD INDIGENA", "NOMBRE": "LAS DELICIAS", "MONTO ASIGNADO (PESOS)": 824297, "LATITUD": 19.834772, "LONGITUD": -97.443558 }, "geometry": { "type": "Point", "coordinates": [ -97.443558, 19.834772 ] } },
{ "type": "Feature", "properties": { "NO": 34, "ENTIDAD": "PUEBLA", "MUNICIPIO": "ATEMPAN", "PUEBLO INDIGENA O AFROMEXICANO": "NAHUA", "LOCALIDAD": "POTRERO NUEVO", "CLAVE LOC": 210170018, "TIPO DE ASENTAMIENTO": "COMUNIDAD INDIGENA", "NOMBRE": "POTRERO NUEVO", "MONTO ASIGNADO (PESOS)": 626083, "LATITUD": 19.838644, "LONGITUD": -97.42452 }, "geometry": { "type": "Point", "coordinates": [ -97.42452, 19.838644 ] } },
{ "type": "Feature", "properties": { "NO": 35, "ENTIDAD": "PUEBLA", "MUNICIPIO": "ATEMPAN", "PUEBLO INDIGENA O AFROMEXICANO": "NAHUA", "LOCALIDAD": "SAN AMBROSIO", "CLAVE LOC": 210170019, "TIPO DE ASENTAMIENTO": "COMUNIDAD INDIGENA", "NOMBRE": "SAN AMBROSIO", "MONTO ASIGNADO (PESOS)": 805704, "LATITUD": 19.819231, "LONGITUD": -97.447006 }, "geometry": { "type": "Point", "coordinates": [ -97.447006, 19.819231 ] } },
{ "type": "Feature", "properties": { "NO": 36, "ENTIDAD": "PUEBLA", "MUNICIPIO": "ATEMPAN", "PUEBLO INDIGENA O AFROMEXICANO": "NAHUA", "LOCALIDAD": "SAN NICOLAS (ANIMAZCO)", "CLAVE LOC": 210170007, "TIPO DE ASENTAMIENTO": "COMUNIDAD INDIGENA", "NOMBRE": "SAN NICOLÁS ANIMASCO", "MONTO ASIGNADO (PESOS)": 769328, "LATITUD": 19.842827, "LONGITUD": -97.447581 }, "geometry": { "type": "Point", "coordinates": [ -97.447581, 19.842827 ] } },
{ "type": "Feature", "properties": { "NO": 37, "ENTIDAD": "PUEBLA", "MUNICIPIO": "ATEMPAN", "PUEBLO INDIGENA O AFROMEXICANO": "NAHUA", "LOCALIDAD": "TACOPAN", "CLAVE LOC": 210170008, "TIPO DE ASENTAMIENTO": "COMUNIDAD INDIGENA", "NOMBRE": "TACOPAN", "MONTO ASIGNADO (PESOS)": 3630144, "LATITUD": 19.836556, "LONGITUD": -97.431099 }, "geometry": { "type": "Point", "coordinates": [ -97.431099, 19.836556 ] } },
{ "type": "Feature", "properties": { "NO": 38, "ENTIDAD": "PUEBLA", "MUNICIPIO": "ATEMPAN", "PUEBLO INDIGENA O AFROMEXICANO": "NAHUA", "LOCALIDAD": "TANHUIXCO", "CLAVE LOC": 210170011, "TIPO DE ASENTAMIENTO": "COMUNIDAD INDIGENA", "NOMBRE": "TANHUIXCO", "MONTO ASIGNADO (PESOS)": 1200188, "LATITUD": 19.820176, "LONGITUD": -97.467431 }, "geometry": { "type": "Point", "coordinates": [ -97.467431, 19.820176 ] } },
{ "type": "Feature", "properties": { "NO": 39, "ENTIDAD": "PUEBLA", "MUNICIPIO": "ATEMPAN", "PUEBLO INDIGENA O AFROMEXICANO": "NAHUA", "LOCALIDAD": "TEZHUATEPEC", "CLAVE LOC": 210170009, "TIPO DE ASENTAMIENTO": "COMUNIDAD INDIGENA", "NOMBRE": "TEZHUATEPEC", "MONTO ASIGNADO (PESOS)": 1944695, "LATITUD": 19.811328, "LONGITUD": -97.462554 }, "geometry": { "type": "Point", "coordinates": [ -97.462554, 19.811328 ] } },
{ "type": "Feature", "properties": { "NO": 40, "ENTIDAD": "PUEBLA", "MUNICIPIO": "ATEMPAN", "PUEBLO INDIGENA O AFROMEXICANO": "NAHUA", "LOCALIDAD": "TEZOMPAN", "CLAVE LOC": 210170010, "TIPO DE ASENTAMIENTO": "COMUNIDAD INDIGENA", "NOMBRE": "TEZOMPAN", "MONTO ASIGNADO (PESOS)": 367568, "LATITUD": 19.787408, "LONGITUD": -97.44157 }, "geometry": { "type": "Point", "coordinates": [ -97.44157, 19.787408 ] } },
{ "type": "Feature", "properties": { "NO": 41, "ENTIDAD": "PUEBLA", "MUNICIPIO": "ATLEQUIZAYAN", "PUEBLO INDIGENA O AFROMEXICANO": "TOTONACO", "LOCALIDAD": "ATLEQUIZAYAN", "CLAVE LOC": 210800001, "TIPO DE ASENTAMIENTO": "COMUNIDAD INDIGENA", "NOMBRE": "ATLEQUIZAYAN", "MONTO ASIGNADO (PESOS)": 1298001, "LATITUD": 20.014008, "LONGITUD": -97.624085 }, "geometry": { "type": "Point", "coordinates": [ -97.624085, 20.014008 ] } },
{ "type": "Feature", "properties": { "NO": 42, "ENTIDAD": "PUEBLA", "MUNICIPIO": "ATLEQUIZAYAN", "PUEBLO INDIGENA O AFROMEXICANO": "TOTONACO", "LOCALIDAD": "IGNACIO ALLENDE (CONCEPCION)", "CLAVE LOC": 210800003, "TIPO DE ASENTAMIENTO": "COMUNIDAD INDIGENA", "NOMBRE": "IGNACIO ALLENDE", "MONTO ASIGNADO (PESOS)": 920492, "LATITUD": 20.009435, "LONGITUD": -97.632797 }, "geometry": { "type": "Point", "coordinates": [ -97.632797, 20.009435 ] } },
{ "type": "Feature", "properties": { "NO": 43, "ENTIDAD": "PUEBLA", "MUNICIPIO": "ATLIXCO", "PUEBLO INDIGENA O AFROMEXICANO": "NAHUA", "LOCALIDAD": "COLONIA AGRICOLA DE OCOTEPEC (COLONIA SAN JOSE)", "CLAVE LOC": 210190069, "TIPO DE ASENTAMIENTO": "COMUNIDAD INDIGENA", "NOMBRE": "COLONIA AGRÍCOLA DE OCOTEPEC", "MONTO ASIGNADO (PESOS)": 1854966, "LATITUD": 18.926819, "LONGITUD": -98.54302 }, "geometry": { "type": "Point", "coordinates": [ -98.54302, 18.926819 ] } },
{ "type": "Feature", "properties": { "NO": 44, "ENTIDAD": "PUEBLA", "MUNICIPIO": "ATLIXCO", "PUEBLO INDIGENA O AFROMEXICANO": "NAHUA", "LOCALIDAD": "SAN PEDRO BENITO JUAREZ", "CLAVE LOC": 210190076, "TIPO DE ASENTAMIENTO": "COMUNIDAD INDIGENA", "NOMBRE": "SAN PEDRO BENITO JUÁREZ", "MONTO ASIGNADO (PESOS)": 1827482, "LATITUD": 18.945274, "LONGITUD": -98.551174 }, "geometry": { "type": "Point", "coordinates": [ -98.551174, 18.945274 ] } },
{ "type": "Feature", "properties": { "NO": 45, "ENTIDAD": "PUEBLA", "MUNICIPIO": "AYOTOXCO DE GUERRERO", "PUEBLO INDIGENA O AFROMEXICANO": "NAHUA", "LOCALIDAD": "BUENA VISTA", "CLAVE LOC": 210250003, "TIPO DE ASENTAMIENTO": "COMUNIDAD INDIGENA", "NOMBRE": "BUENA VISTA", "MONTO ASIGNADO (PESOS)": 1140369, "LATITUD": 19.737722, "LONGITUD": -97.7234 }, "geometry": { "type": "Point", "coordinates": [ -97.7234, 19.737722 ] } },
{ "type": "Feature", "properties": { "NO": 46, "ENTIDAD": "PUEBLA", "MUNICIPIO": "AYOTOXCO DE GUERRERO", "PUEBLO INDIGENA O AFROMEXICANO": "NAHUA", "LOCALIDAD": "COPALES", "CLAVE LOC": 210250032, "TIPO DE ASENTAMIENTO": "COMUNIDAD INDIGENA", "NOMBRE": "COPALES", "MONTO ASIGNADO (PESOS)": 347359, "LATITUD": 20.102225, "LONGITUD": -97.444225 }, "geometry": { "type": "Point", "coordinates": [ -97.444225, 20.102225 ] } },
{ "type": "Feature", "properties": { "NO": 47, "ENTIDAD": "PUEBLA", "MUNICIPIO": "AYOTOXCO DE GUERRERO", "PUEBLO INDIGENA O AFROMEXICANO": "NAHUA", "LOCALIDAD": "CUAUHTEMOC (TLACUILOLOSTOC)", "CLAVE LOC": 210250008, "TIPO DE ASENTAMIENTO": "COMUNIDAD INDIGENA", "NOMBRE": "COLONIA CUAUHTEMOC", "MONTO ASIGNADO (PESOS)": 580281, "LATITUD": 20.060808, "LONGITUD": -97.428297 }, "geometry": { "type": "Point", "coordinates": [ -97.428297, 20.060808 ] } },
{ "type": "Feature", "properties": { "NO": 48, "ENTIDAD": "PUEBLA", "MUNICIPIO": "AYOTOXCO DE GUERRERO", "PUEBLO INDIGENA O AFROMEXICANO": "NAHUA", "LOCALIDAD": "EL NUEVO ROBLE", "CLAVE LOC": 210250065, "TIPO DE ASENTAMIENTO": "COMUNIDAD INDIGENA", "NOMBRE": "EL NUEVO ROBLE", "MONTO ASIGNADO (PESOS)": 314927, "LATITUD": 20.006772, "LONGITUD": -97.386787 }, "geometry": { "type": "Point", "coordinates": [ -97.386787, 20.006772 ] } },
{ "type": "Feature", "properties": { "NO": 49, "ENTIDAD": "PUEBLA", "MUNICIPIO": "AYOTOXCO DE GUERRERO", "PUEBLO INDIGENA O AFROMEXICANO": "NAHUA", "LOCALIDAD": "LA LAGUNILLA", "CLAVE LOC": 210250025, "TIPO DE ASENTAMIENTO": "COMUNIDAD INDIGENA", "NOMBRE": "LA LAGUNILLA", "MONTO ASIGNADO (PESOS)": 295624, "LATITUD": 20.398312, "LONGITUD": -98.0033 }, "geometry": { "type": "Point", "coordinates": [ -98.0033, 20.398312 ] } },
{ "type": "Feature", "properties": { "NO": 50, "ENTIDAD": "PUEBLA", "MUNICIPIO": "AYOTOXCO DE GUERRERO", "PUEBLO INDIGENA O AFROMEXICANO": "NAHUA", "LOCALIDAD": "LA MANIGUA", "CLAVE LOC": 210250013, "TIPO DE ASENTAMIENTO": "COMUNIDAD INDIGENA", "NOMBRE": "LA MANIGUA", "MONTO ASIGNADO (PESOS)": 147452, "LATITUD": 20.139617, "LONGITUD": -97.448253 }, "geometry": { "type": "Point", "coordinates": [ -97.448253, 20.139617 ] } },
{ "type": "Feature", "properties": { "NO": 51, "ENTIDAD": "PUEBLA", "MUNICIPIO": "AYOTOXCO DE GUERRERO", "PUEBLO INDIGENA O AFROMEXICANO": "NAHUA", "LOCALIDAD": "LA QUEBRADORA", "CLAVE LOC": 210250061, "TIPO DE ASENTAMIENTO": "COMUNIDAD INDIGENA", "NOMBRE": "LA QUEBRADORA", "MONTO ASIGNADO (PESOS)": 153733, "LATITUD": 20.097091, "LONGITUD": -97.391416 }, "geometry": { "type": "Point", "coordinates": [ -97.391416, 20.097091 ] } },
{ "type": "Feature", "properties": { "NO": 52, "ENTIDAD": "PUEBLA", "MUNICIPIO": "AYOTOXCO DE GUERRERO", "PUEBLO INDIGENA O AFROMEXICANO": "NAHUA", "LOCALIDAD": "LA UNION", "CLAVE LOC": 210250045, "TIPO DE ASENTAMIENTO": "COMUNIDAD INDIGENA", "NOMBRE": "LA UNIÓN", "MONTO ASIGNADO (PESOS)": 239038, "LATITUD": 20.072754, "LONGITUD": -97.381873 }, "geometry": { "type": "Point", "coordinates": [ -97.381873, 20.072754 ] } },
{ "type": "Feature", "properties": { "NO": 53, "ENTIDAD": "PUEBLA", "MUNICIPIO": "AYOTOXCO DE GUERRERO", "PUEBLO INDIGENA O AFROMEXICANO": "NAHUA", "LOCALIDAD": "LAS CRUCES", "CLAVE LOC": 210250063, "TIPO DE ASENTAMIENTO": "COMUNIDAD INDIGENA", "NOMBRE": "LAS CRUCES", "MONTO ASIGNADO (PESOS)": 152542, "LATITUD": 18.571872, "LONGITUD": -97.866489 }, "geometry": { "type": "Point", "coordinates": [ -97.866489, 18.571872 ] } },
{ "type": "Feature", "properties": { "NO": 54, "ENTIDAD": "PUEBLA", "MUNICIPIO": "AYOTOXCO DE GUERRERO", "PUEBLO INDIGENA O AFROMEXICANO": "NAHUA", "LOCALIDAD": "NANACATEPEC", "CLAVE LOC": 210250014, "TIPO DE ASENTAMIENTO": "COMUNIDAD INDIGENA", "NOMBRE": "NANACATEPEC", "MONTO ASIGNADO (PESOS)": 339658, "LATITUD": 20.31374, "LONGITUD": -97.750591 }, "geometry": { "type": "Point", "coordinates": [ -97.750591, 20.31374 ] } },
{ "type": "Feature", "properties": { "NO": 55, "ENTIDAD": "PUEBLA", "MUNICIPIO": "AYOTOXCO DE GUERRERO", "PUEBLO INDIGENA O AFROMEXICANO": "NAHUA", "LOCALIDAD": "SAN ANTONIO METZONAPA", "CLAVE LOC": 210250016, "TIPO DE ASENTAMIENTO": "COMUNIDAD INDIGENA", "NOMBRE": "SAN ANTONIO METZONAPA", "MONTO ASIGNADO (PESOS)": 530050, "LATITUD": 20.052397, "LONGITUD": -97.379866 }, "geometry": { "type": "Point", "coordinates": [ -97.379866, 20.052397 ] } },
{ "type": "Feature", "properties": { "NO": 56, "ENTIDAD": "PUEBLA", "MUNICIPIO": "AYOTOXCO DE GUERRERO", "PUEBLO INDIGENA O AFROMEXICANO": "NAHUA", "LOCALIDAD": "SAN FRANCISCO ATECACALAX", "CLAVE LOC": 210250029, "TIPO DE ASENTAMIENTO": "COMUNIDAD INDIGENA", "NOMBRE": "SAN FRANCISCO ATECACALAX", "MONTO ASIGNADO (PESOS)": 423827, "LATITUD": 20.002916, "LONGITUD": -97.383184 }, "geometry": { "type": "Point", "coordinates": [ -97.383184, 20.002916 ] } },
{ "type": "Feature", "properties": { "NO": 57, "ENTIDAD": "PUEBLA", "MUNICIPIO": "AYOTOXCO DE GUERRERO", "PUEBLO INDIGENA O AFROMEXICANO": "NAHUA", "LOCALIDAD": "URUAPAN", "CLAVE LOC": 210250022, "TIPO DE ASENTAMIENTO": "COMUNIDAD INDIGENA", "NOMBRE": "URUAPAN", "MONTO ASIGNADO (PESOS)": 251972, "LATITUD": 20.10648, "LONGITUD": -97.420158 }, "geometry": { "type": "Point", "coordinates": [ -97.420158, 20.10648 ] } },
{ "type": "Feature", "properties": { "NO": 58, "ENTIDAD": "PUEBLA", "MUNICIPIO": "CALTEPEC", "PUEBLO INDIGENA O AFROMEXICANO": "POPOLOCA", "LOCALIDAD": "ACATEPEC", "CLAVE LOC": 210270002, "TIPO DE ASENTAMIENTO": "COMUNIDAD INDIGENA", "NOMBRE": "ACATEPEC", "MONTO ASIGNADO (PESOS)": 1975422, "LATITUD": 18.228225, "LONGITUD": -97.577957 }, "geometry": { "type": "Point", "coordinates": [ -97.577957, 18.228225 ] } },
{ "type": "Feature", "properties": { "NO": 59, "ENTIDAD": "PUEBLA", "MUNICIPIO": "CALTEPEC", "PUEBLO INDIGENA O AFROMEXICANO": "MIXTECO", "LOCALIDAD": "CALTEPEC", "CLAVE LOC": 210270001, "TIPO DE ASENTAMIENTO": "COMUNIDAD INDIGENA", "NOMBRE": "CALTEPEC", "MONTO ASIGNADO (PESOS)": 2208914, "LATITUD": 18.178883, "LONGITUD": -97.478038 }, "geometry": { "type": "Point", "coordinates": [ -97.478038, 18.178883 ] } },
{ "type": "Feature", "properties": { "NO": 60, "ENTIDAD": "PUEBLA", "MUNICIPIO": "CALTEPEC", "PUEBLO INDIGENA O AFROMEXICANO": "NAHUA", "LOCALIDAD": "SAN LUIS ATOLOTITLAN (ATOLOTITLAN)", "CLAVE LOC": 210270006, "TIPO DE ASENTAMIENTO": "COMUNIDAD INDIGENA", "NOMBRE": "SAN LUIS ATOLOTITLÁN", "MONTO ASIGNADO (PESOS)": 808938, "LATITUD": 18.188114, "LONGITUD": -97.423766 }, "geometry": { "type": "Point", "coordinates": [ -97.423766, 18.188114 ] } },
{ "type": "Feature", "properties": { "NO": 61, "ENTIDAD": "PUEBLA", "MUNICIPIO": "CAMOCUAUTLA", "PUEBLO INDIGENA O AFROMEXICANO": "TOTONACO", "LOCALIDAD": "CAMOCUAUTLA", "CLAVE LOC": 210280001, "TIPO DE ASENTAMIENTO": "COMUNIDAD INDIGENA", "NOMBRE": "CAMOCUAUTLA", "MONTO ASIGNADO (PESOS)": 1931404, "LATITUD": 20.035453, "LONGITUD": -97.756075 }, "geometry": { "type": "Point", "coordinates": [ -97.756075, 20.035453 ] } },
{ "type": "Feature", "properties": { "NO": 62, "ENTIDAD": "PUEBLA", "MUNICIPIO": "CAMOCUAUTLA", "PUEBLO INDIGENA O AFROMEXICANO": "TOTONACO", "LOCALIDAD": "LA PILA", "CLAVE LOC": 210280008, "TIPO DE ASENTAMIENTO": "COMUNIDAD INDIGENA", "NOMBRE": "LA PILA", "MONTO ASIGNADO (PESOS)": 138658, "LATITUD": 20.1728, "LONGITUD": -97.405602 }, "geometry": { "type": "Point", "coordinates": [ -97.405602, 20.1728 ] } },
{ "type": "Feature", "properties": { "NO": 63, "ENTIDAD": "PUEBLA", "MUNICIPIO": "CAMOCUAUTLA", "PUEBLO INDIGENA O AFROMEXICANO": "TOTONACO", "LOCALIDAD": "SAN BERNARDINO", "CLAVE LOC": 210280002, "TIPO DE ASENTAMIENTO": "COMUNIDAD INDIGENA", "NOMBRE": "SAN BERNARDINO", "MONTO ASIGNADO (PESOS)": 256746, "LATITUD": 19.41756, "LONGITUD": -97.563863 }, "geometry": { "type": "Point", "coordinates": [ -97.563863, 19.41756 ] } },
{ "type": "Feature", "properties": { "NO": 64, "ENTIDAD": "PUEBLA", "MUNICIPIO": "CAMOCUAUTLA", "PUEBLO INDIGENA O AFROMEXICANO": "TOTONACO", "LOCALIDAD": "TAPAYULA", "CLAVE LOC": 210280003, "TIPO DE ASENTAMIENTO": "COMUNIDAD INDIGENA", "NOMBRE": "TAPAYULA", "MONTO ASIGNADO (PESOS)": 950195, "LATITUD": 20.018337, "LONGITUD": -97.744427 }, "geometry": { "type": "Point", "coordinates": [ -97.744427, 20.018337 ] } },
{ "type": "Feature", "properties": { "NO": 65, "ENTIDAD": "PUEBLA", "MUNICIPIO": "CAXHUACAN", "PUEBLO INDIGENA O AFROMEXICANO": "TOTONACO", "LOCALIDAD": "CAXHUACAN", "CLAVE LOC": 210290001, "TIPO DE ASENTAMIENTO": "COMUNIDAD INDIGENA", "NOMBRE": "CAXHUACAN", "MONTO ASIGNADO (PESOS)": 2969894, "LATITUD": 20.063958, "LONGITUD": -97.606617 }, "geometry": { "type": "Point", "coordinates": [ -97.606617, 20.063958 ] } },
{ "type": "Feature", "properties": { "NO": 66, "ENTIDAD": "PUEBLA", "MUNICIPIO": "CAXHUACAN", "PUEBLO INDIGENA O AFROMEXICANO": "TOTONACO", "LOCALIDAD": "CUCUCHUCHUT", "CLAVE LOC": 210290002, "TIPO DE ASENTAMIENTO": "COMUNIDAD INDIGENA", "NOMBRE": "CUCUCHUCHUT", "MONTO ASIGNADO (PESOS)": 386139, "LATITUD": 20.094755, "LONGITUD": -97.599336 }, "geometry": { "type": "Point", "coordinates": [ -97.599336, 20.094755 ] } },
{ "type": "Feature", "properties": { "NO": 67, "ENTIDAD": "PUEBLA", "MUNICIPIO": "CHAPULCO", "PUEBLO INDIGENA O AFROMEXICANO": "NAHUA", "LOCALIDAD": "CHAPULCO", "CLAVE LOC": 210460001, "TIPO DE ASENTAMIENTO": "COMUNIDAD INDIGENA", "NOMBRE": "CHAPULCO", "MONTO ASIGNADO (PESOS)": 1646259, "LATITUD": 18.332907, "LONGITUD": -98.681242 }, "geometry": { "type": "Point", "coordinates": [ -98.681242, 18.332907 ] } },
{ "type": "Feature", "properties": { "NO": 68, "ENTIDAD": "PUEBLA", "MUNICIPIO": "CHICHIQUILA", "PUEBLO INDIGENA O AFROMEXICANO": "NAHUA", "LOCALIDAD": "ACALOCOTLA", "CLAVE LOC": 210500002, "TIPO DE ASENTAMIENTO": "COMUNIDAD INDIGENA", "NOMBRE": "ACALOCOTLA", "MONTO ASIGNADO (PESOS)": 582594, "LATITUD": 19.176768, "LONGITUD": -97.111946 }, "geometry": { "type": "Point", "coordinates": [ -97.111946, 19.176768 ] } },
{ "type": "Feature", "properties": { "NO": 69, "ENTIDAD": "PUEBLA", "MUNICIPIO": "CHICHIQUILA", "PUEBLO INDIGENA O AFROMEXICANO": "NAHUA", "LOCALIDAD": "CHICHIQUILA", "CLAVE LOC": 210500001, "TIPO DE ASENTAMIENTO": "COMUNIDAD INDIGENA", "NOMBRE": "CHICHIQUILA", "MONTO ASIGNADO (PESOS)": 2262926, "LATITUD": 19.200258, "LONGITUD": -97.067709 }, "geometry": { "type": "Point", "coordinates": [ -97.067709, 19.200258 ] } },
{ "type": "Feature", "properties": { "NO": 70, "ENTIDAD": "PUEBLA", "MUNICIPIO": "CHICHIQUILA", "PUEBLO INDIGENA O AFROMEXICANO": "NAHUA", "LOCALIDAD": "CINCO DE MAYO", "CLAVE LOC": 210500033, "TIPO DE ASENTAMIENTO": "COMUNIDAD INDIGENA", "NOMBRE": "CINCO DE MAYO", "MONTO ASIGNADO (PESOS)": 940145, "LATITUD": 19.821218, "LONGITUD": -97.658699 }, "geometry": { "type": "Point", "coordinates": [ -97.658699, 19.821218 ] } },
{ "type": "Feature", "properties": { "NO": 71, "ENTIDAD": "PUEBLA", "MUNICIPIO": "CHICHIQUILA", "PUEBLO INDIGENA O AFROMEXICANO": "NAHUA", "LOCALIDAD": "DOS RIOS", "CLAVE LOC": 210500008, "TIPO DE ASENTAMIENTO": "COMUNIDAD INDIGENA", "NOMBRE": "DOS RÍOS", "MONTO ASIGNADO (PESOS)": 859745, "LATITUD": 19.183891, "LONGITUD": -97.075707 }, "geometry": { "type": "Point", "coordinates": [ -97.075707, 19.183891 ] } },
{ "type": "Feature", "properties": { "NO": 72, "ENTIDAD": "PUEBLA", "MUNICIPIO": "CHICHIQUILA", "PUEBLO INDIGENA O AFROMEXICANO": "NAHUA", "LOCALIDAD": "EL PALMAR", "CLAVE LOC": 210500027, "TIPO DE ASENTAMIENTO": "COMUNIDAD INDIGENA", "NOMBRE": "EL PALMAR", "MONTO ASIGNADO (PESOS)": 2264233, "LATITUD": 18.717702, "LONGITUD": -98.451891 }, "geometry": { "type": "Point", "coordinates": [ -98.451891, 18.717702 ] } },
{ "type": "Feature", "properties": { "NO": 73, "ENTIDAD": "PUEBLA", "MUNICIPIO": "CHICHIQUILA", "PUEBLO INDIGENA O AFROMEXICANO": "NAHUA", "LOCALIDAD": "EL PROGRESO", "CLAVE LOC": 210500013, "TIPO DE ASENTAMIENTO": "LOCALIDAD CON POBLACION\nINDIGENA", "NOMBRE": "EL PROGRESO", "MONTO ASIGNADO (PESOS)": 1692639, "LATITUD": 19.896609, "LONGITUD": -97.543987 }, "geometry": { "type": "Point", "coordinates": [ -97.543987, 19.896609 ] } },
{ "type": "Feature", "properties": { "NO": 74, "ENTIDAD": "PUEBLA", "MUNICIPIO": "CHICHIQUILA", "PUEBLO INDIGENA O AFROMEXICANO": "NAHUA", "LOCALIDAD": "EL ROSARIO", "CLAVE LOC": 210500035, "TIPO DE ASENTAMIENTO": "COMUNIDAD INDIGENA", "NOMBRE": "EL ROSARIO", "MONTO ASIGNADO (PESOS)": 899945, "LATITUD": 18.433489, "LONGITUD": -97.399039 }, "geometry": { "type": "Point", "coordinates": [ -97.399039, 18.433489 ] } },
{ "type": "Feature", "properties": { "NO": 75, "ENTIDAD": "PUEBLA", "MUNICIPIO": "CHICHIQUILA", "PUEBLO INDIGENA O AFROMEXICANO": "NAHUA", "LOCALIDAD": "EL TRIUNFO", "CLAVE LOC": 210500021, "TIPO DE ASENTAMIENTO": "COMUNIDAD INDIGENA", "NOMBRE": "EL TRIUNFO", "MONTO ASIGNADO (PESOS)": 1524772, "LATITUD": 19.200833, "LONGITUD": -97.538889 }, "geometry": { "type": "Point", "coordinates": [ -97.538889, 19.200833 ] } },
{ "type": "Feature", "properties": { "NO": 76, "ENTIDAD": "PUEBLA", "MUNICIPIO": "CHICHIQUILA", "PUEBLO INDIGENA O AFROMEXICANO": "NAHUA", "LOCALIDAD": "HUAXCALECA", "CLAVE LOC": 210500010, "TIPO DE ASENTAMIENTO": "COMUNIDAD INDIGENA", "NOMBRE": "HUAXCALECA", "MONTO ASIGNADO (PESOS)": 3195114, "LATITUD": 19.233851, "LONGITUD": -97.077741 }, "geometry": { "type": "Point", "coordinates": [ -97.077741, 19.233851 ] } },
{ "type": "Feature", "properties": { "NO": 77, "ENTIDAD": "PUEBLA", "MUNICIPIO": "CHICHIQUILA", "PUEBLO INDIGENA O AFROMEXICANO": "NAHUA", "LOCALIDAD": "JESUS MARIA ACATLA", "CLAVE LOC": 210500003, "TIPO DE ASENTAMIENTO": "COMUNIDAD INDIGENA", "NOMBRE": "JESÚS MARÍA ACATLA", "MONTO ASIGNADO (PESOS)": 667473, "LATITUD": 19.188518, "LONGITUD": -97.133075 }, "geometry": { "type": "Point", "coordinates": [ -97.133075, 19.188518 ] } },
{ "type": "Feature", "properties": { "NO": 78, "ENTIDAD": "PUEBLA", "MUNICIPIO": "CHICHIQUILA", "PUEBLO INDIGENA O AFROMEXICANO": "NAHUA", "LOCALIDAD": "LA PROVIDENCIA", "CLAVE LOC": 210500014, "TIPO DE ASENTAMIENTO": "LOCALIDAD CON POBLACION\nINDIGENA", "NOMBRE": "LA PROVIDENCIA", "MONTO ASIGNADO (PESOS)": 580858, "LATITUD": 20.404341, "LONGITUD": -97.839707 }, "geometry": { "type": "Point", "coordinates": [ -97.839707, 20.404341 ] } },
{ "type": "Feature", "properties": { "NO": 79, "ENTIDAD": "PUEBLA", "MUNICIPIO": "CHICHIQUILA", "PUEBLO INDIGENA O AFROMEXICANO": "NAHUA", "LOCALIDAD": "LA UNION", "CLAVE LOC": 210500022, "TIPO DE ASENTAMIENTO": "COMUNIDAD INDIGENA", "NOMBRE": "LA UNIÓN", "MONTO ASIGNADO (PESOS)": 387778, "LATITUD": 19.184556, "LONGITUD": -97.10245 }, "geometry": { "type": "Point", "coordinates": [ -97.10245, 19.184556 ] } },
{ "type": "Feature", "properties": { "NO": 80, "ENTIDAD": "PUEBLA", "MUNICIPIO": "CHICHIQUILA", "PUEBLO INDIGENA O AFROMEXICANO": "NAHUA", "LOCALIDAD": "LAS TRINCHERAS", "CLAVE LOC": 210500029, "TIPO DE ASENTAMIENTO": "COMUNIDAD INDIGENA", "NOMBRE": "LAS TRINCHERAS", "MONTO ASIGNADO (PESOS)": 461514, "LATITUD": 19.163768, "LONGITUD": -97.073163 }, "geometry": { "type": "Point", "coordinates": [ -97.073163, 19.163768 ] } },
{ "type": "Feature", "properties": { "NO": 81, "ENTIDAD": "PUEBLA", "MUNICIPIO": "CHICHIQUILA", "PUEBLO INDIGENA O AFROMEXICANO": "NAHUA", "LOCALIDAD": "NENEHUACA", "CLAVE LOC": 210500011, "TIPO DE ASENTAMIENTO": "COMUNIDAD INDIGENA", "NOMBRE": "NENEHUACA", "MONTO ASIGNADO (PESOS)": 1609727, "LATITUD": 19.144046, "LONGITUD": -97.042141 }, "geometry": { "type": "Point", "coordinates": [ -97.042141, 19.144046 ] } },
{ "type": "Feature", "properties": { "NO": 82, "ENTIDAD": "PUEBLA", "MUNICIPIO": "CHICHIQUILA", "PUEBLO INDIGENA O AFROMEXICANO": "NAHUA", "LOCALIDAD": "OJO DE AGUA", "CLAVE LOC": 210500012, "TIPO DE ASENTAMIENTO": "COMUNIDAD INDIGENA", "NOMBRE": "OJO DE AGUA", "MONTO ASIGNADO (PESOS)": 929384, "LATITUD": 20.377777, "LONGITUD": -97.751944 }, "geometry": { "type": "Point", "coordinates": [ -97.751944, 20.377777 ] } },
{ "type": "Feature", "properties": { "NO": 83, "ENTIDAD": "PUEBLA", "MUNICIPIO": "CHICHIQUILA", "PUEBLO INDIGENA O AFROMEXICANO": "NAHUA", "LOCALIDAD": "RANCHO NUEVO", "CLAVE LOC": 210500015, "TIPO DE ASENTAMIENTO": "COMUNIDAD INDIGENA", "NOMBRE": "RANCHO NUEVO", "MONTO ASIGNADO (PESOS)": 1265514, "LATITUD": 19.701641, "LONGITUD": -97.379863 }, "geometry": { "type": "Point", "coordinates": [ -97.379863, 19.701641 ] } },
{ "type": "Feature", "properties": { "NO": 84, "ENTIDAD": "PUEBLA", "MUNICIPIO": "CHICHIQUILA", "PUEBLO INDIGENA O AFROMEXICANO": "NAHUA", "LOCALIDAD": "SAN ANTONIO", "CLAVE LOC": 210500036, "TIPO DE ASENTAMIENTO": "COMUNIDAD INDIGENA", "NOMBRE": "SAN ANTONIO TLAMECAPAN", "MONTO ASIGNADO (PESOS)": 322071, "LATITUD": 19.757969, "LONGITUD": -97.35658 }, "geometry": { "type": "Point", "coordinates": [ -97.35658, 19.757969 ] } },
{ "type": "Feature", "properties": { "NO": 85, "ENTIDAD": "PUEBLA", "MUNICIPIO": "CHICHIQUILA", "PUEBLO INDIGENA O AFROMEXICANO": "NAHUA", "LOCALIDAD": "SAN JOSE ACATLA", "CLAVE LOC": 210500016, "TIPO DE ASENTAMIENTO": "COMUNIDAD INDIGENA", "NOMBRE": "SAN JOSÉ ACATLA", "MONTO ASIGNADO (PESOS)": 992908, "LATITUD": 19.19135, "LONGITUD": -97.120455 }, "geometry": { "type": "Point", "coordinates": [ -97.120455, 19.19135 ] } },
{ "type": "Feature", "properties": { "NO": 86, "ENTIDAD": "PUEBLA", "MUNICIPIO": "CHICHIQUILA", "PUEBLO INDIGENA O AFROMEXICANO": "NAHUA", "LOCALIDAD": "SAN LUIS ESPERANZA", "CLAVE LOC": 210500030, "TIPO DE ASENTAMIENTO": "COMUNIDAD INDIGENA", "NOMBRE": "SAN LUIS ESPERANZA", "MONTO ASIGNADO (PESOS)": 394933, "LATITUD": 19.223533, "LONGITUD": -97.044123 }, "geometry": { "type": "Point", "coordinates": [ -97.044123, 19.223533 ] } },
{ "type": "Feature", "properties": { "NO": 87, "ENTIDAD": "PUEBLA", "MUNICIPIO": "CHICHIQUILA", "PUEBLO INDIGENA O AFROMEXICANO": "NAHUA", "LOCALIDAD": "SAN MARTIN COMALAPA", "CLAVE LOC": 210500006, "TIPO DE ASENTAMIENTO": "COMUNIDAD INDIGENA", "NOMBRE": "SAN MARTÍN COMALAPA", "MONTO ASIGNADO (PESOS)": 749927, "LATITUD": 19.270582, "LONGITUD": -97.000714 }, "geometry": { "type": "Point", "coordinates": [ -97.000714, 19.270582 ] } },
{ "type": "Feature", "properties": { "NO": 88, "ENTIDAD": "PUEBLA", "MUNICIPIO": "CHICHIQUILA", "PUEBLO INDIGENA O AFROMEXICANO": "NAHUA", "LOCALIDAD": "SANTA CECILIA", "CLAVE LOC": 210500053, "TIPO DE ASENTAMIENTO": "COMUNIDAD INDIGENA", "NOMBRE": "SANTA CECILIA", "MONTO ASIGNADO (PESOS)": 402471, "LATITUD": 18.860332, "LONGITUD": -97.810978 }, "geometry": { "type": "Point", "coordinates": [ -97.810978, 18.860332 ] } },
{ "type": "Feature", "properties": { "NO": 89, "ENTIDAD": "PUEBLA", "MUNICIPIO": "CHICHIQUILA", "PUEBLO INDIGENA O AFROMEXICANO": "NAHUA", "LOCALIDAD": "TIZAPA", "CLAVE LOC": 210500020, "TIPO DE ASENTAMIENTO": "COMUNIDAD INDIGENA", "NOMBRE": "TIZAPA", "MONTO ASIGNADO (PESOS)": 1148683, "LATITUD": 19.17224, "LONGITUD": -97.074 }, "geometry": { "type": "Point", "coordinates": [ -97.074, 19.17224 ] } },
{ "type": "Feature", "properties": { "NO": 90, "ENTIDAD": "PUEBLA", "MUNICIPIO": "CHICHIQUILA", "PUEBLO INDIGENA O AFROMEXICANO": "NAHUA", "LOCALIDAD": "VISTA HERMOSA", "CLAVE LOC": 210500023, "TIPO DE ASENTAMIENTO": "COMUNIDAD INDIGENA", "NOMBRE": "VISTA HERMOSA", "MONTO ASIGNADO (PESOS)": 604727, "LATITUD": 19.764989, "LONGITUD": -97.325151 }, "geometry": { "type": "Point", "coordinates": [ -97.325151, 19.764989 ] } },
{ "type": "Feature", "properties": { "NO": 91, "ENTIDAD": "PUEBLA", "MUNICIPIO": "CHICHIQUILA", "PUEBLO INDIGENA O AFROMEXICANO": "NAHUA", "LOCALIDAD": "XOCHIMILCO", "CLAVE LOC": 210500026, "TIPO DE ASENTAMIENTO": "COMUNIDAD INDIGENA", "NOMBRE": "XOCHIMILCO", "MONTO ASIGNADO (PESOS)": 1328327, "LATITUD": 18.840504, "LONGITUD": -97.726216 }, "geometry": { "type": "Point", "coordinates": [ -97.726216, 18.840504 ] } },
{ "type": "Feature", "properties": { "NO": 92, "ENTIDAD": "PUEBLA", "MUNICIPIO": "CHICONCUAUTLA", "PUEBLO INDIGENA O AFROMEXICANO": "NAHUA", "LOCALIDAD": "ACALAMA", "CLAVE LOC": 210490002, "TIPO DE ASENTAMIENTO": "COMUNIDAD INDIGENA", "NOMBRE": "ZACATEPEC", "MONTO ASIGNADO (PESOS)": 678617, "LATITUD": 20.094953, "LONGITUD": -97.972796 }, "geometry": { "type": "Point", "coordinates": [ -97.972796, 20.094953 ] } },
{ "type": "Feature", "properties": { "NO": 93, "ENTIDAD": "PUEBLA", "MUNICIPIO": "CHICONCUAUTLA", "PUEBLO INDIGENA O AFROMEXICANO": "NAHUA", "LOCALIDAD": "AXOCOPACTLA", "CLAVE LOC": 210490003, "TIPO DE ASENTAMIENTO": "COMUNIDAD INDIGENA", "NOMBRE": "AXOCOPACTLA", "MONTO ASIGNADO (PESOS)": 212777, "LATITUD": 20.067171, "LONGITUD": -97.977465 }, "geometry": { "type": "Point", "coordinates": [ -97.977465, 20.067171 ] } },
{ "type": "Feature", "properties": { "NO": 94, "ENTIDAD": "PUEBLA", "MUNICIPIO": "CHICONCUAUTLA", "PUEBLO INDIGENA O AFROMEXICANO": "NAHUA", "LOCALIDAD": "AZACATLA", "CLAVE LOC": 210490020, "TIPO DE ASENTAMIENTO": "LOCALIDAD CON POBLACION\nINDIGENA", "NOMBRE": "AZACATLA", "MONTO ASIGNADO (PESOS)": 193933, "LATITUD": 20.102907, "LONGITUD": -97.969601 }, "geometry": { "type": "Point", "coordinates": [ -97.969601, 20.102907 ] } },
{ "type": "Feature", "properties": { "NO": 95, "ENTIDAD": "PUEBLA", "MUNICIPIO": "CHICONCUAUTLA", "PUEBLO INDIGENA O AFROMEXICANO": "NAHUA", "LOCALIDAD": "BENITO JUAREZ", "CLAVE LOC": 210490018, "TIPO DE ASENTAMIENTO": "COMUNIDAD INDIGENA", "NOMBRE": "BENITO JUÁREZ", "MONTO ASIGNADO (PESOS)": 335234, "LATITUD": 20.068845, "LONGITUD": -98.004042 }, "geometry": { "type": "Point", "coordinates": [ -98.004042, 20.068845 ] } },
{ "type": "Feature", "properties": { "NO": 96, "ENTIDAD": "PUEBLA", "MUNICIPIO": "CHICONCUAUTLA", "PUEBLO INDIGENA O AFROMEXICANO": "NAHUA", "LOCALIDAD": "CHICONCUAUTLA", "CLAVE LOC": 210490001, "TIPO DE ASENTAMIENTO": "COMUNIDAD INDIGENA", "NOMBRE": "CHICONCUAUTLA", "MONTO ASIGNADO (PESOS)": 3113596, "LATITUD": 20.086734, "LONGITUD": -97.941557 }, "geometry": { "type": "Point", "coordinates": [ -97.941557, 20.086734 ] } },
{ "type": "Feature", "properties": { "NO": 97, "ENTIDAD": "PUEBLA", "MUNICIPIO": "CHICONCUAUTLA", "PUEBLO INDIGENA O AFROMEXICANO": "NAHUA", "LOCALIDAD": "COSAMALOAPAN", "CLAVE LOC": 210490004, "TIPO DE ASENTAMIENTO": "COMUNIDAD INDIGENA", "NOMBRE": "COSAMALOAPAN", "MONTO ASIGNADO (PESOS)": 342171, "LATITUD": 20.042172, "LONGITUD": -97.999353 }, "geometry": { "type": "Point", "coordinates": [ -97.999353, 20.042172 ] } },
{ "type": "Feature", "properties": { "NO": 98, "ENTIDAD": "PUEBLA", "MUNICIPIO": "CHICONCUAUTLA", "PUEBLO INDIGENA O AFROMEXICANO": "NAHUA", "LOCALIDAD": "CUETZALINGO", "CLAVE LOC": 210490005, "TIPO DE ASENTAMIENTO": "COMUNIDAD INDIGENA", "NOMBRE": "CUETZALINGO", "MONTO ASIGNADO (PESOS)": 697383, "LATITUD": 20.314722, "LONGITUD": -97.969722 }, "geometry": { "type": "Point", "coordinates": [ -97.969722, 20.314722 ] } },
{ "type": "Feature", "properties": { "NO": 99, "ENTIDAD": "PUEBLA", "MUNICIPIO": "CHICONCUAUTLA", "PUEBLO INDIGENA O AFROMEXICANO": "NAHUA", "LOCALIDAD": "HUAUTLA", "CLAVE LOC": 210490006, "TIPO DE ASENTAMIENTO": "COMUNIDAD INDIGENA", "NOMBRE": "HUAUTLA", "MONTO ASIGNADO (PESOS)": 196194, "LATITUD": 20.123501, "LONGITUD": -97.937749 }, "geometry": { "type": "Point", "coordinates": [ -97.937749, 20.123501 ] } },
{ "type": "Feature", "properties": { "NO": 100, "ENTIDAD": "PUEBLA", "MUNICIPIO": "CHICONCUAUTLA", "PUEBLO INDIGENA O AFROMEXICANO": "NAHUA", "LOCALIDAD": "IXTACZOQUITLA", "CLAVE LOC": 210490008, "TIPO DE ASENTAMIENTO": "COMUNIDAD INDIGENA", "NOMBRE": "IXTACZOQUITLA", "MONTO ASIGNADO (PESOS)": 393677, "LATITUD": 20.119444, "LONGITUD": -98.015 }, "geometry": { "type": "Point", "coordinates": [ -98.015, 20.119444 ] } },
{ "type": "Feature", "properties": { "NO": 101, "ENTIDAD": "PUEBLA", "MUNICIPIO": "CHICONCUAUTLA", "PUEBLO INDIGENA O AFROMEXICANO": "NAHUA", "LOCALIDAD": "MACUILACATLA", "CLAVE LOC": 210490009, "TIPO DE ASENTAMIENTO": "COMUNIDAD INDIGENA", "NOMBRE": "MACUILACATLA", "MONTO ASIGNADO (PESOS)": 285639, "LATITUD": 20.073473, "LONGITUD": -97.992568 }, "geometry": { "type": "Point", "coordinates": [ -97.992568, 20.073473 ] } },
{ "type": "Feature", "properties": { "NO": 102, "ENTIDAD": "PUEBLA", "MUNICIPIO": "CHICONCUAUTLA", "PUEBLO INDIGENA O AFROMEXICANO": "NAHUA", "LOCALIDAD": "MIMITLA", "CLAVE LOC": 210490021, "TIPO DE ASENTAMIENTO": "COMUNIDAD INDIGENA", "NOMBRE": "MIMITLA", "MONTO ASIGNADO (PESOS)": 172752, "LATITUD": 20.079361, "LONGITUD": -97.953847 }, "geometry": { "type": "Point", "coordinates": [ -97.953847, 20.079361 ] } },
{ "type": "Feature", "properties": { "NO": 103, "ENTIDAD": "PUEBLA", "MUNICIPIO": "CHICONCUAUTLA", "PUEBLO INDIGENA O AFROMEXICANO": "NAHUA", "LOCALIDAD": "OJO DE AGUA", "CLAVE LOC": 210490029, "TIPO DE ASENTAMIENTO": "LOCALIDAD CON POBLACION\nINDIGENA", "NOMBRE": "OJO DE AGUA", "MONTO ASIGNADO (PESOS)": 152477, "LATITUD": 20.377777, "LONGITUD": -97.751944 }, "geometry": { "type": "Point", "coordinates": [ -97.751944, 20.377777 ] } },
{ "type": "Feature", "properties": { "NO": 104, "ENTIDAD": "PUEBLA", "MUNICIPIO": "CHICONCUAUTLA", "PUEBLO INDIGENA O AFROMEXICANO": "NAHUA", "LOCALIDAD": "PALZOQUITLA", "CLAVE LOC": 210490010, "TIPO DE ASENTAMIENTO": "COMUNIDAD INDIGENA", "NOMBRE": "PALZOQUITLA", "MONTO ASIGNADO (PESOS)": 529242, "LATITUD": 20.116956, "LONGITUD": -97.976274 }, "geometry": { "type": "Point", "coordinates": [ -97.976274, 20.116956 ] } },
{ "type": "Feature", "properties": { "NO": 105, "ENTIDAD": "PUEBLA", "MUNICIPIO": "CHICONCUAUTLA", "PUEBLO INDIGENA O AFROMEXICANO": "NAHUA", "LOCALIDAD": "SAN LORENZO TLAXIPEHUALA", "CLAVE LOC": 210490014, "TIPO DE ASENTAMIENTO": "COMUNIDAD INDIGENA", "NOMBRE": "SAN LORENZO TLAXIPEHUALA", "MONTO ASIGNADO (PESOS)": 2572014, "LATITUD": 20.130111, "LONGITUD": -97.973434 }, "geometry": { "type": "Point", "coordinates": [ -97.973434, 20.130111 ] } },
{ "type": "Feature", "properties": { "NO": 106, "ENTIDAD": "PUEBLA", "MUNICIPIO": "CHICONCUAUTLA", "PUEBLO INDIGENA O AFROMEXICANO": "NAHUA", "LOCALIDAD": "TLALHUAPAN", "CLAVE LOC": 210490011, "TIPO DE ASENTAMIENTO": "COMUNIDAD INDIGENA", "NOMBRE": "TLALHUAPAN", "MONTO ASIGNADO (PESOS)": 2154939, "LATITUD": 20.075963, "LONGITUD": -97.918027 }, "geometry": { "type": "Point", "coordinates": [ -97.918027, 20.075963 ] } },
{ "type": "Feature", "properties": { "NO": 107, "ENTIDAD": "PUEBLA", "MUNICIPIO": "CHICONCUAUTLA", "PUEBLO INDIGENA O AFROMEXICANO": "NAHUA", "LOCALIDAD": "TLALTENANGO", "CLAVE LOC": 210490012, "TIPO DE ASENTAMIENTO": "COMUNIDAD INDIGENA", "NOMBRE": "TLALTENANGO", "MONTO ASIGNADO (PESOS)": 644030, "LATITUD": 19.167646, "LONGITUD": -98.331904 }, "geometry": { "type": "Point", "coordinates": [ -98.331904, 19.167646 ] } },
{ "type": "Feature", "properties": { "NO": 108, "ENTIDAD": "PUEBLA", "MUNICIPIO": "CHICONCUAUTLA", "PUEBLO INDIGENA O AFROMEXICANO": "NAHUA", "LOCALIDAD": "TLAXCO (SANTIAGO TLAXCO)", "CLAVE LOC": 210490013, "TIPO DE ASENTAMIENTO": "COMUNIDAD INDIGENA", "NOMBRE": "TLAXCO", "MONTO ASIGNADO (PESOS)": 1656916, "LATITUD": 20.060562, "LONGITUD": -97.959115 }, "geometry": { "type": "Point", "coordinates": [ -97.959115, 20.060562 ] } },
{ "type": "Feature", "properties": { "NO": 109, "ENTIDAD": "PUEBLA", "MUNICIPIO": "CHICONCUAUTLA", "PUEBLO INDIGENA O AFROMEXICANO": "NAHUA", "LOCALIDAD": "TOXTLA", "CLAVE LOC": 210490015, "TIPO DE ASENTAMIENTO": "COMUNIDAD INDIGENA", "NOMBRE": "TOXTLA", "MONTO ASIGNADO (PESOS)": 2467745, "LATITUD": 20.064875, "LONGITUD": -97.94806 }, "geometry": { "type": "Point", "coordinates": [ -97.94806, 20.064875 ] } },
{ "type": "Feature", "properties": { "NO": 110, "ENTIDAD": "PUEBLA", "MUNICIPIO": "CHICONCUAUTLA", "PUEBLO INDIGENA O AFROMEXICANO": "NAHUA", "LOCALIDAD": "ZEMPOALA", "CLAVE LOC": 210490017, "TIPO DE ASENTAMIENTO": "COMUNIDAD INDIGENA", "NOMBRE": "ZEMPOALA", "MONTO ASIGNADO (PESOS)": 2190114, "LATITUD": 20.086253, "LONGITUD": -97.997972 }, "geometry": { "type": "Point", "coordinates": [ -97.997972, 20.086253 ] } },
{ "type": "Feature", "properties": { "NO": 111, "ENTIDAD": "PUEBLA", "MUNICIPIO": "CHIGMECATITLAN", "PUEBLO INDIGENA O AFROMEXICANO": "MIXTECO", "LOCALIDAD": "CHIGMECATITLAN", "CLAVE LOC": 210520001, "TIPO DE ASENTAMIENTO": "COMUNIDAD INDIGENA", "NOMBRE": "CHIGMECATITLÁN", "MONTO ASIGNADO (PESOS)": 1066807, "LATITUD": 18.645566, "LONGITUD": -98.07562 }, "geometry": { "type": "Point", "coordinates": [ -98.07562, 18.645566 ] } },
{ "type": "Feature", "properties": { "NO": 112, "ENTIDAD": "PUEBLA", "MUNICIPIO": "CHIGNAUTLA", "PUEBLO INDIGENA O AFROMEXICANO": "NAHUA", "LOCALIDAD": "EL ENCANTO", "CLAVE LOC": 210540003, "TIPO DE ASENTAMIENTO": "COMUNIDAD INDIGENA", "NOMBRE": "EL ENCANTO", "MONTO ASIGNADO (PESOS)": 84639, "LATITUD": 20.431944, "LONGITUD": -97.659444 }, "geometry": { "type": "Point", "coordinates": [ -97.659444, 20.431944 ] } },
{ "type": "Feature", "properties": { "NO": 113, "ENTIDAD": "PUEBLA", "MUNICIPIO": "CHIGNAUTLA", "PUEBLO INDIGENA O AFROMEXICANO": "NAHUA", "LOCALIDAD": "HUAPALTEPEC (ZACATAMANIX)", "CLAVE LOC": 210540026, "TIPO DE ASENTAMIENTO": "COMUNIDAD INDIGENA", "NOMBRE": "HUAPALTEPEC ZACATAMANIX", "MONTO ASIGNADO (PESOS)": 752964, "LATITUD": 19.780511, "LONGITUD": -97.417024 }, "geometry": { "type": "Point", "coordinates": [ -97.417024, 19.780511 ] } },
{ "type": "Feature", "properties": { "NO": 114, "ENTIDAD": "PUEBLA", "MUNICIPIO": "CHIGNAUTLA", "PUEBLO INDIGENA O AFROMEXICANO": "NAHUA", "LOCALIDAD": "LA AGUARDIENTERA", "CLAVE LOC": 210540007, "TIPO DE ASENTAMIENTO": "COMUNIDAD INDIGENA", "NOMBRE": "LA AGUARDIENTERA", "MONTO ASIGNADO (PESOS)": 484127, "LATITUD": 19.783954, "LONGITUD": -97.399781 }, "geometry": { "type": "Point", "coordinates": [ -97.399781, 19.783954 ] } },
{ "type": "Feature", "properties": { "NO": 115, "ENTIDAD": "PUEBLA", "MUNICIPIO": "CHIGNAUTLA", "PUEBLO INDIGENA O AFROMEXICANO": "NAHUA", "LOCALIDAD": "LOS HUMEROS", "CLAVE LOC": 210540008, "TIPO DE ASENTAMIENTO": "COMUNIDAD INDIGENA", "NOMBRE": "LOS HUMEROS", "MONTO ASIGNADO (PESOS)": 516308, "LATITUD": 19.679191, "LONGITUD": -97.456219 }, "geometry": { "type": "Point", "coordinates": [ -97.456219, 19.679191 ] } },
{ "type": "Feature", "properties": { "NO": 116, "ENTIDAD": "PUEBLA", "MUNICIPIO": "CHIGNAUTLA", "PUEBLO INDIGENA O AFROMEXICANO": "NAHUA", "LOCALIDAD": "LOS PARAJES (ZOMPANATENO)", "CLAVE LOC": 210540009, "TIPO DE ASENTAMIENTO": "COMUNIDAD INDIGENA", "NOMBRE": "LOS PARAJES", "MONTO ASIGNADO (PESOS)": 536889, "LATITUD": 19.781017, "LONGITUD": -97.433402 }, "geometry": { "type": "Point", "coordinates": [ -97.433402, 19.781017 ] } },
{ "type": "Feature", "properties": { "NO": 117, "ENTIDAD": "PUEBLA", "MUNICIPIO": "CHIGNAUTLA", "PUEBLO INDIGENA O AFROMEXICANO": "NAHUA", "LOCALIDAD": "SECCION TERCERA DE CHIGNAUTLA", "CLAVE LOC": 210540034, "TIPO DE ASENTAMIENTO": "COMUNIDAD INDIGENA", "NOMBRE": "EMILIANO ZAPATA", "MONTO ASIGNADO (PESOS)": 467806, "LATITUD": 19.657464, "LONGITUD": -97.641367 }, "geometry": { "type": "Point", "coordinates": [ -97.641367, 19.657464 ] } },
{ "type": "Feature", "properties": { "NO": 118, "ENTIDAD": "PUEBLA", "MUNICIPIO": "CHIGNAUTLA", "PUEBLO INDIGENA O AFROMEXICANO": "NAHUA", "LOCALIDAD": "TEZOHUATEPEC (TEZOTEPEC)", "CLAVE LOC": 210540027, "TIPO DE ASENTAMIENTO": "COMUNIDAD INDIGENA", "NOMBRE": "TEZOTEPEC", "MONTO ASIGNADO (PESOS)": 623013, "LATITUD": 19.809954, "LONGITUD": -97.399612 }, "geometry": { "type": "Point", "coordinates": [ -97.399612, 19.809954 ] } },
{ "type": "Feature", "properties": { "NO": 119, "ENTIDAD": "PUEBLA", "MUNICIPIO": "CHIGNAUTLA", "PUEBLO INDIGENA O AFROMEXICANO": "NAHUA", "LOCALIDAD": "UNIDAD LOS CABLES", "CLAVE LOC": 210540036, "TIPO DE ASENTAMIENTO": "COMUNIDAD INDIGENA", "NOMBRE": "UNIDAD LOS CABLES", "MONTO ASIGNADO (PESOS)": 310983, "LATITUD": 19.800543, "LONGITUD": -97.418302 }, "geometry": { "type": "Point", "coordinates": [ -97.418302, 19.800543 ] } },
{ "type": "Feature", "properties": { "NO": 120, "ENTIDAD": "PUEBLA", "MUNICIPIO": "CHILCHOTLA", "PUEBLO INDIGENA O AFROMEXICANO": "NAHUA", "LOCALIDAD": "ACOCOMOTLA", "CLAVE LOC": 210580002, "TIPO DE ASENTAMIENTO": "COMUNIDAD INDIGENA", "NOMBRE": "ACOCOMOTLA", "MONTO ASIGNADO (PESOS)": 745885, "LATITUD": 19.27634, "LONGITUD": -97.218203 }, "geometry": { "type": "Point", "coordinates": [ -97.218203, 19.27634 ] } },
{ "type": "Feature", "properties": { "NO": 121, "ENTIDAD": "PUEBLA", "MUNICIPIO": "CHILCHOTLA", "PUEBLO INDIGENA O AFROMEXICANO": "NAHUA", "LOCALIDAD": "CERRO DE GUADALUPE", "CLAVE LOC": 210580019, "TIPO DE ASENTAMIENTO": "COMUNIDAD INDIGENA", "NOMBRE": "CERRO DE GUADALUPE", "MONTO ASIGNADO (PESOS)": 124839, "LATITUD": 20.11529, "LONGITUD": -97.300606 }, "geometry": { "type": "Point", "coordinates": [ -97.300606, 20.11529 ] } },
{ "type": "Feature", "properties": { "NO": 122, "ENTIDAD": "PUEBLA", "MUNICIPIO": "CHILCHOTLA", "PUEBLO INDIGENA O AFROMEXICANO": "NAHUA", "LOCALIDAD": "EL CARMEN", "CLAVE LOC": 210580004, "TIPO DE ASENTAMIENTO": "COMUNIDAD INDIGENA", "NOMBRE": "EL CARMEN", "MONTO ASIGNADO (PESOS)": 1184021, "LATITUD": 20.465613, "LONGITUD": -97.629687 }, "geometry": { "type": "Point", "coordinates": [ -97.629687, 20.465613 ] } },
{ "type": "Feature", "properties": { "NO": 123, "ENTIDAD": "PUEBLA", "MUNICIPIO": "CHILCHOTLA", "PUEBLO INDIGENA O AFROMEXICANO": "NAHUA", "LOCALIDAD": "FRANCISCO I. MADERO", "CLAVE LOC": 210580007, "TIPO DE ASENTAMIENTO": "COMUNIDAD INDIGENA", "NOMBRE": "FRANCISCO I. MADERO", "MONTO ASIGNADO (PESOS)": 547835, "LATITUD": 19.793746, "LONGITUD": -97.59402 }, "geometry": { "type": "Point", "coordinates": [ -97.59402, 19.793746 ] } },
{ "type": "Feature", "properties": { "NO": 124, "ENTIDAD": "PUEBLA", "MUNICIPIO": "CHILCHOTLA", "PUEBLO INDIGENA O AFROMEXICANO": "NAHUA", "LOCALIDAD": "IGNACIO ZARAGOZA", "CLAVE LOC": 210580008, "TIPO DE ASENTAMIENTO": "COMUNIDAD INDIGENA", "NOMBRE": "IGNACIO ZARAGOZA", "MONTO ASIGNADO (PESOS)": 1608470, "LATITUD": 19.878524, "LONGITUD": -97.659276 }, "geometry": { "type": "Point", "coordinates": [ -97.659276, 19.878524 ] } },
{ "type": "Feature", "properties": { "NO": 125, "ENTIDAD": "PUEBLA", "MUNICIPIO": "CHILCHOTLA", "PUEBLO INDIGENA O AFROMEXICANO": "NAHUA", "LOCALIDAD": "IXTACAPA", "CLAVE LOC": 210580036, "TIPO DE ASENTAMIENTO": "COMUNIDAD INDIGENA", "NOMBRE": "IXTACAPA", "MONTO ASIGNADO (PESOS)": 133633, "LATITUD": 19.277774, "LONGITUD": -97.15475 }, "geometry": { "type": "Point", "coordinates": [ -97.15475, 19.277774 ] } },
{ "type": "Feature", "properties": { "NO": 126, "ENTIDAD": "PUEBLA", "MUNICIPIO": "CHILCHOTLA", "PUEBLO INDIGENA O AFROMEXICANO": "NAHUA", "LOCALIDAD": "LA REFORMA", "CLAVE LOC": 210580022, "TIPO DE ASENTAMIENTO": "COMUNIDAD INDIGENA", "NOMBRE": "LA REFORMA", "MONTO ASIGNADO (PESOS)": 348452, "LATITUD": 19.743757, "LONGITUD": -97.330365 }, "geometry": { "type": "Point", "coordinates": [ -97.330365, 19.743757 ] } },
{ "type": "Feature", "properties": { "NO": 127, "ENTIDAD": "PUEBLA", "MUNICIPIO": "CHILCHOTLA", "PUEBLO INDIGENA O AFROMEXICANO": "NAHUA", "LOCALIDAD": "SAN ANTONIO", "CLAVE LOC": 210580013, "TIPO DE ASENTAMIENTO": "COMUNIDAD INDIGENA", "NOMBRE": "SAN ANTONIO", "MONTO ASIGNADO (PESOS)": 1139560, "LATITUD": 19.757969, "LONGITUD": -97.35658 }, "geometry": { "type": "Point", "coordinates": [ -97.35658, 19.757969 ] } },
{ "type": "Feature", "properties": { "NO": 128, "ENTIDAD": "PUEBLA", "MUNICIPIO": "CHILCHOTLA", "PUEBLO INDIGENA O AFROMEXICANO": "NAHUA", "LOCALIDAD": "SAN JOSE CHICALOTLA", "CLAVE LOC": 210580005, "TIPO DE ASENTAMIENTO": "COMUNIDAD INDIGENA", "NOMBRE": "SAN JOSÉ CHICALOTLA", "MONTO ASIGNADO (PESOS)": 259247, "LATITUD": 19.259479, "LONGITUD": -97.166171 }, "geometry": { "type": "Point", "coordinates": [ -97.166171, 19.259479 ] } },
{ "type": "Feature", "properties": { "NO": 129, "ENTIDAD": "PUEBLA", "MUNICIPIO": "CHILCHOTLA", "PUEBLO INDIGENA O AFROMEXICANO": "NAHUA", "LOCALIDAD": "SAN JUAN DEL VALLE", "CLAVE LOC": 210580014, "TIPO DE ASENTAMIENTO": "COMUNIDAD INDIGENA", "NOMBRE": "SAN JUAN DEL VALLE", "MONTO ASIGNADO (PESOS)": 429004, "LATITUD": 19.260767, "LONGITUD": -97.195909 }, "geometry": { "type": "Point", "coordinates": [ -97.195909, 19.260767 ] } },
{ "type": "Feature", "properties": { "NO": 130, "ENTIDAD": "PUEBLA", "MUNICIPIO": "CHILCHOTLA", "PUEBLO INDIGENA O AFROMEXICANO": "NAHUA", "LOCALIDAD": "SAN MIGUEL CALIXITLA (MIGUEL HIDALGO)", "CLAVE LOC": 210580015, "TIPO DE ASENTAMIENTO": "COMUNIDAD INDIGENA", "NOMBRE": "SAN MIGUEL CALIXITLA", "MONTO ASIGNADO (PESOS)": 399095, "LATITUD": 19.271512, "LONGITUD": -97.199906 }, "geometry": { "type": "Point", "coordinates": [ -97.199906, 19.271512 ] } },
{ "type": "Feature", "properties": { "NO": 131, "ENTIDAD": "PUEBLA", "MUNICIPIO": "CHILCHOTLA", "PUEBLO INDIGENA O AFROMEXICANO": "NAHUA", "LOCALIDAD": "SANTA CRUZ LA JOYA", "CLAVE LOC": 210580025, "TIPO DE ASENTAMIENTO": "COMUNIDAD INDIGENA", "NOMBRE": "SANTA CRUZ LA JOYA", "MONTO ASIGNADO (PESOS)": 161271, "LATITUD": 19.280541, "LONGITUD": -97.153001 }, "geometry": { "type": "Point", "coordinates": [ -97.153001, 19.280541 ] } },
{ "type": "Feature", "properties": { "NO": 132, "ENTIDAD": "PUEBLA", "MUNICIPIO": "CHILCHOTLA", "PUEBLO INDIGENA O AFROMEXICANO": "NAHUA", "LOCALIDAD": "XALTEPEC", "CLAVE LOC": 210580029, "TIPO DE ASENTAMIENTO": "COMUNIDAD INDIGENA", "NOMBRE": "XALTEPEC", "MONTO ASIGNADO (PESOS)": 268947, "LATITUD": 18.345873, "LONGITUD": -96.93936 }, "geometry": { "type": "Point", "coordinates": [ -96.93936, 18.345873 ] } },
{ "type": "Feature", "properties": { "NO": 133, "ENTIDAD": "PUEBLA", "MUNICIPIO": "COATEPEC", "PUEBLO INDIGENA O AFROMEXICANO": "TOTONACO", "LOCALIDAD": "COATEPEC", "CLAVE LOC": 210300001, "TIPO DE ASENTAMIENTO": "COMUNIDAD INDIGENA", "NOMBRE": "COATEPEC", "MONTO ASIGNADO (PESOS)": 832753, "LATITUD": 20.055364, "LONGITUD": -97.725991 }, "geometry": { "type": "Point", "coordinates": [ -97.725991, 20.055364 ] } },
{ "type": "Feature", "properties": { "NO": 134, "ENTIDAD": "PUEBLA", "MUNICIPIO": "COHUECAN", "PUEBLO INDIGENA O AFROMEXICANO": "NAHUA", "LOCALIDAD": "LOS REYES TEOLCO", "CLAVE LOC": 210330004, "TIPO DE ASENTAMIENTO": "COMUNIDAD INDIGENA", "NOMBRE": "LOS REYES TEOLCO", "MONTO ASIGNADO (PESOS)": 953636, "LATITUD": 18.739129, "LONGITUD": -98.694444 }, "geometry": { "type": "Point", "coordinates": [ -98.694444, 18.739129 ] } },
{ "type": "Feature", "properties": { "NO": 135, "ENTIDAD": "PUEBLA", "MUNICIPIO": "COXCATLAN", "PUEBLO INDIGENA O AFROMEXICANO": "NAHUA", "LOCALIDAD": "CALPUHUACAN", "CLAVE LOC": 210350017, "TIPO DE ASENTAMIENTO": "COMUNIDAD INDIGENA", "NOMBRE": "CALPULHUACAN", "MONTO ASIGNADO (PESOS)": 264906, "LATITUD": 18.315948, "LONGITUD": -97.114624 }, "geometry": { "type": "Point", "coordinates": [ -97.114624, 18.315948 ] } },
{ "type": "Feature", "properties": { "NO": 136, "ENTIDAD": "PUEBLA", "MUNICIPIO": "COXCATLAN", "PUEBLO INDIGENA O AFROMEXICANO": "NAHUA", "LOCALIDAD": "COBATEPEC", "CLAVE LOC": 210350052, "TIPO DE ASENTAMIENTO": "LOCALIDAD CON POBLACION\nINDIGENA", "NOMBRE": "COBATEPEC", "MONTO ASIGNADO (PESOS)": 195189, "LATITUD": 18.292882, "LONGITUD": -97.097696 }, "geometry": { "type": "Point", "coordinates": [ -97.097696, 18.292882 ] } },
{ "type": "Feature", "properties": { "NO": 137, "ENTIDAD": "PUEBLA", "MUNICIPIO": "COXCATLAN", "PUEBLO INDIGENA O AFROMEXICANO": "NAHUA", "LOCALIDAD": "COXCATLAN", "CLAVE LOC": 210350001, "TIPO DE ASENTAMIENTO": "COMUNIDAD INDIGENA", "NOMBRE": "COXCATLÁN", "MONTO ASIGNADO (PESOS)": 5597485, "LATITUD": 18.266533, "LONGITUD": -97.147113 }, "geometry": { "type": "Point", "coordinates": [ -97.147113, 18.266533 ] } },
{ "type": "Feature", "properties": { "NO": 138, "ENTIDAD": "PUEBLA", "MUNICIPIO": "COXCATLAN", "PUEBLO INDIGENA O AFROMEXICANO": "NAHUA", "LOCALIDAD": "POTRERO", "CLAVE LOC": 210350007, "TIPO DE ASENTAMIENTO": "LOCALIDAD CON POBLACION\nINDIGENA", "NOMBRE": "POTRERO", "MONTO ASIGNADO (PESOS)": 214787, "LATITUD": 18.20829, "LONGITUD": -97.044359 }, "geometry": { "type": "Point", "coordinates": [ -97.044359, 18.20829 ] } },
{ "type": "Feature", "properties": { "NO": 139, "ENTIDAD": "PUEBLA", "MUNICIPIO": "COXCATLAN", "PUEBLO INDIGENA O AFROMEXICANO": "NAHUA", "LOCALIDAD": "SAN ANTONIO BARRANCA VIGAS", "CLAVE LOC": 210350016, "TIPO DE ASENTAMIENTO": "LOCALIDAD CON POBLACION\nINDIGENA", "NOMBRE": "SAN ANTONIO BARRANCA VIGAS", "MONTO ASIGNADO (PESOS)": 181371, "LATITUD": 18.194923, "LONGITUD": -97.073728 }, "geometry": { "type": "Point", "coordinates": [ -97.073728, 18.194923 ] } },
{ "type": "Feature", "properties": { "NO": 140, "ENTIDAD": "PUEBLA", "MUNICIPIO": "COXCATLAN", "PUEBLO INDIGENA O AFROMEXICANO": "NAHUA", "LOCALIDAD": "TECOLTEPEC", "CLAVE LOC": 210350010, "TIPO DE ASENTAMIENTO": "COMUNIDAD INDIGENA", "NOMBRE": "TECOLTEPEC", "MONTO ASIGNADO (PESOS)": 1742889, "LATITUD": 20.090322, "LONGITUD": -97.519788 }, "geometry": { "type": "Point", "coordinates": [ -97.519788, 20.090322 ] } },
{ "type": "Feature", "properties": { "NO": 141, "ENTIDAD": "PUEBLA", "MUNICIPIO": "COXCATLAN", "PUEBLO INDIGENA O AFROMEXICANO": "NAHUA", "LOCALIDAD": "TEPEYOLOC", "CLAVE LOC": 210350011, "TIPO DE ASENTAMIENTO": "LOCALIDAD CON POBLACION\nINDIGENA", "NOMBRE": "TEPEYOLOC", "MONTO ASIGNADO (PESOS)": 666283, "LATITUD": 18.303919, "LONGITUD": -97.088674 }, "geometry": { "type": "Point", "coordinates": [ -97.088674, 18.303919 ] } },
{ "type": "Feature", "properties": { "NO": 142, "ENTIDAD": "PUEBLA", "MUNICIPIO": "COXCATLAN", "PUEBLO INDIGENA O AFROMEXICANO": "NAHUA", "LOCALIDAD": "TRES OCOTES", "CLAVE LOC": 210350020, "TIPO DE ASENTAMIENTO": "LOCALIDAD CON POBLACION\nINDIGENA", "NOMBRE": "TRES OCOTES", "MONTO ASIGNADO (PESOS)": 152477, "LATITUD": 18.205821, "LONGITUD": -97.024679 }, "geometry": { "type": "Point", "coordinates": [ -97.024679, 18.205821 ] } },
{ "type": "Feature", "properties": { "NO": 143, "ENTIDAD": "PUEBLA", "MUNICIPIO": "COXCATLAN", "PUEBLO INDIGENA O AFROMEXICANO": "NAHUA", "LOCALIDAD": "VIGASTEPEC", "CLAVE LOC": 210350014, "TIPO DE ASENTAMIENTO": "LOCALIDAD CON POBLACION\nINDIGENA", "NOMBRE": "VIGASTEPEC", "MONTO ASIGNADO (PESOS)": 263027, "LATITUD": 18.180141, "LONGITUD": -97.036513 }, "geometry": { "type": "Point", "coordinates": [ -97.036513, 18.180141 ] } },
{ "type": "Feature", "properties": { "NO": 144, "ENTIDAD": "PUEBLA", "MUNICIPIO": "COXCATLAN", "PUEBLO INDIGENA O AFROMEXICANO": "NAHUA", "LOCALIDAD": "XACALCO", "CLAVE LOC": 210350015, "TIPO DE ASENTAMIENTO": "COMUNIDAD INDIGENA", "NOMBRE": "XACALCO", "MONTO ASIGNADO (PESOS)": 1264258, "LATITUD": 18.339087, "LONGITUD": -97.078252 }, "geometry": { "type": "Point", "coordinates": [ -97.078252, 18.339087 ] } },
{ "type": "Feature", "properties": { "NO": 145, "ENTIDAD": "PUEBLA", "MUNICIPIO": "COYOMEAPAN", "PUEBLO INDIGENA O AFROMEXICANO": "NAHUA", "LOCALIDAD": "ATEMPA", "CLAVE LOC": 210360004, "TIPO DE ASENTAMIENTO": "LOCALIDAD CON POBLACION\nINDIGENA", "NOMBRE": "ATEMPA", "MONTO ASIGNADO (PESOS)": 342171, "LATITUD": 18.126041, "LONGITUD": -98.32456 }, "geometry": { "type": "Point", "coordinates": [ -98.32456, 18.126041 ] } },
{ "type": "Feature", "properties": { "NO": 146, "ENTIDAD": "PUEBLA", "MUNICIPIO": "COYOMEAPAN", "PUEBLO INDIGENA O AFROMEXICANO": "NAHUA", "LOCALIDAD": "ATEMPANATL", "CLAVE LOC": 210360046, "TIPO DE ASENTAMIENTO": "LOCALIDAD CON POBLACION\nINDIGENA", "NOMBRE": "ATEMPANATL", "MONTO ASIGNADO (PESOS)": 329608, "LATITUD": 18.236527, "LONGITUD": -96.975848 }, "geometry": { "type": "Point", "coordinates": [ -96.975848, 18.236527 ] } },
{ "type": "Feature", "properties": { "NO": 147, "ENTIDAD": "PUEBLA", "MUNICIPIO": "COYOMEAPAN", "PUEBLO INDIGENA O AFROMEXICANO": "NAHUA", "LOCALIDAD": "BELLA VISTA", "CLAVE LOC": 210360021, "TIPO DE ASENTAMIENTO": "LOCALIDAD CON POBLACION\nINDIGENA", "NOMBRE": "BELLA VISTA", "MONTO ASIGNADO (PESOS)": 320814, "LATITUD": 18.560665, "LONGITUD": -97.479892 }, "geometry": { "type": "Point", "coordinates": [ -97.479892, 18.560665 ] } },
{ "type": "Feature", "properties": { "NO": 148, "ENTIDAD": "PUEBLA", "MUNICIPIO": "COYOMEAPAN", "PUEBLO INDIGENA O AFROMEXICANO": "NAHUA", "LOCALIDAD": "CHIMALHUACA", "CLAVE LOC": 210360007, "TIPO DE ASENTAMIENTO": "COMUNIDAD INDIGENA", "NOMBRE": "CHIMALHUACA", "MONTO ASIGNADO (PESOS)": 3217656, "LATITUD": 18.251801, "LONGITUD": -97.056756 }, "geometry": { "type": "Point", "coordinates": [ -97.056756, 18.251801 ] } },
{ "type": "Feature", "properties": { "NO": 149, "ENTIDAD": "PUEBLA", "MUNICIPIO": "COYOMEAPAN", "PUEBLO INDIGENA O AFROMEXICANO": "NAHUA", "LOCALIDAD": "HUILULCO", "CLAVE LOC": 210360023, "TIPO DE ASENTAMIENTO": "LOCALIDAD CON POBLACION\nINDIGENA", "NOMBRE": "HUILULCO", "MONTO ASIGNADO (PESOS)": 518046, "LATITUD": 18.255923, "LONGITUD": -96.982615 }, "geometry": { "type": "Point", "coordinates": [ -96.982615, 18.255923 ] } },
{ "type": "Feature", "properties": { "NO": 150, "ENTIDAD": "PUEBLA", "MUNICIPIO": "COYOMEAPAN", "PUEBLO INDIGENA O AFROMEXICANO": "NAHUA", "LOCALIDAD": "IXTLAHUAC", "CLAVE LOC": 210360022, "TIPO DE ASENTAMIENTO": "LOCALIDAD CON POBLACION\nINDIGENA", "NOMBRE": "IXTLAHUAC", "MONTO ASIGNADO (PESOS)": 626083, "LATITUD": 18.270568, "LONGITUD": -96.96247 }, "geometry": { "type": "Point", "coordinates": [ -96.96247, 18.270568 ] } },
{ "type": "Feature", "properties": { "NO": 151, "ENTIDAD": "PUEBLA", "MUNICIPIO": "COYOMEAPAN", "PUEBLO INDIGENA O AFROMEXICANO": "NAHUA", "LOCALIDAD": "SAN GABRIEL VISTA HERMOSA", "CLAVE LOC": 210360040, "TIPO DE ASENTAMIENTO": "LOCALIDAD CON POBLACION\nINDIGENA", "NOMBRE": "SAN GABRIEL VISTA HERMOSA", "MONTO ASIGNADO (PESOS)": 329608, "LATITUD": 18.261715, "LONGITUD": -96.976437 }, "geometry": { "type": "Point", "coordinates": [ -96.976437, 18.261715 ] } },
{ "type": "Feature", "properties": { "NO": 152, "ENTIDAD": "PUEBLA", "MUNICIPIO": "COYOMEAPAN", "PUEBLO INDIGENA O AFROMEXICANO": "NAHUA", "LOCALIDAD": "SAN JUAN CUAUTLA", "CLAVE LOC": 210360009, "TIPO DE ASENTAMIENTO": "LOCALIDAD CON POBLACION\nINDIGENA", "NOMBRE": "SAN JUAN CUAUTLA", "MONTO ASIGNADO (PESOS)": 1501689, "LATITUD": 18.244179, "LONGITUD": -96.956818 }, "geometry": { "type": "Point", "coordinates": [ -96.956818, 18.244179 ] } },
{ "type": "Feature", "properties": { "NO": 153, "ENTIDAD": "PUEBLA", "MUNICIPIO": "COYOMEAPAN", "PUEBLO INDIGENA O AFROMEXICANO": "NAHUA", "LOCALIDAD": "SAN MARCOS TLALTLALKILOTL", "CLAVE LOC": 210360041, "TIPO DE ASENTAMIENTO": "LOCALIDAD CON POBLACION\nINDIGENA", "NOMBRE": "SAN MARCOS TLALTLALKILOTL", "MONTO ASIGNADO (PESOS)": 306996, "LATITUD": 18.250279, "LONGITUD": -96.974045 }, "geometry": { "type": "Point", "coordinates": [ -96.974045, 18.250279 ] } },
{ "type": "Feature", "properties": { "NO": 154, "ENTIDAD": "PUEBLA", "MUNICIPIO": "COYOMEAPAN", "PUEBLO INDIGENA O AFROMEXICANO": "NAHUA", "LOCALIDAD": "SAN MIGUEL", "CLAVE LOC": 210360042, "TIPO DE ASENTAMIENTO": "LOCALIDAD CON POBLACION\nINDIGENA", "NOMBRE": "SAN MIGUEL", "MONTO ASIGNADO (PESOS)": 217802, "LATITUD": 20.544984, "LONGITUD": -97.625588 }, "geometry": { "type": "Point", "coordinates": [ -97.625588, 20.544984 ] } },
{ "type": "Feature", "properties": { "NO": 155, "ENTIDAD": "PUEBLA", "MUNICIPIO": "COYOMEAPAN", "PUEBLO INDIGENA O AFROMEXICANO": "NAHUA", "LOCALIDAD": "SAN PEDRO TEPEYAC", "CLAVE LOC": 210360043, "TIPO DE ASENTAMIENTO": "LOCALIDAD CON POBLACION\nINDIGENA", "NOMBRE": "SAN PEDRO TEPEYAC", "MONTO ASIGNADO (PESOS)": 244183, "LATITUD": 18.266478, "LONGITUD": -96.956775 }, "geometry": { "type": "Point", "coordinates": [ -96.956775, 18.266478 ] } },
{ "type": "Feature", "properties": { "NO": 156, "ENTIDAD": "PUEBLA", "MUNICIPIO": "COYOMEAPAN", "PUEBLO INDIGENA O AFROMEXICANO": "NAHUA", "LOCALIDAD": "SANTA MARIA COYOMEAPAN", "CLAVE LOC": 210360001, "TIPO DE ASENTAMIENTO": "COMUNIDAD INDIGENA", "NOMBRE": "SANTA MARÍA COYOMEAPAN", "MONTO ASIGNADO (PESOS)": 11380985, "LATITUD": 18.283748, "LONGITUD": -96.9925 }, "geometry": { "type": "Point", "coordinates": [ -96.9925, 18.283748 ] } },
{ "type": "Feature", "properties": { "NO": 157, "ENTIDAD": "PUEBLA", "MUNICIPIO": "COYOMEAPAN", "PUEBLO INDIGENA O AFROMEXICANO": "NAHUA", "LOCALIDAD": "TECUANTIOPA", "CLAVE LOC": 210360010, "TIPO DE ASENTAMIENTO": "LOCALIDAD CON POBLACION\nINDIGENA", "NOMBRE": "TECUANTIOPA", "MONTO ASIGNADO (PESOS)": 242927, "LATITUD": 18.2516, "LONGITUD": -96.90505 }, "geometry": { "type": "Point", "coordinates": [ -96.90505, 18.2516 ] } },
{ "type": "Feature", "properties": { "NO": 158, "ENTIDAD": "PUEBLA", "MUNICIPIO": "COYOMEAPAN", "PUEBLO INDIGENA O AFROMEXICANO": "NAHUA", "LOCALIDAD": "XOCHIAPA", "CLAVE LOC": 210360017, "TIPO DE ASENTAMIENTO": "LOCALIDAD CON POBLACION\nINDIGENA", "NOMBRE": "XOCHIAPA", "MONTO ASIGNADO (PESOS)": 312021, "LATITUD": 18.245604, "LONGITUD": -96.927202 }, "geometry": { "type": "Point", "coordinates": [ -96.927202, 18.245604 ] } },
{ "type": "Feature", "properties": { "NO": 159, "ENTIDAD": "PUEBLA", "MUNICIPIO": "COYOMEAPAN", "PUEBLO INDIGENA O AFROMEXICANO": "NAHUA", "LOCALIDAD": "XOCOTLA", "CLAVE LOC": 210360016, "TIPO DE ASENTAMIENTO": "COMUNIDAD INDIGENA", "NOMBRE": "XOCOTLA", "MONTO ASIGNADO (PESOS)": 670052, "LATITUD": 18.444997, "LONGITUD": -96.891633 }, "geometry": { "type": "Point", "coordinates": [ -96.891633, 18.444997 ] } },
{ "type": "Feature", "properties": { "NO": 160, "ENTIDAD": "PUEBLA", "MUNICIPIO": "COYOTEPEC", "PUEBLO INDIGENA O AFROMEXICANO": "POPOLOCA", "LOCALIDAD": "NATIVITAS CUAUTEMPAN", "CLAVE LOC": 210370002, "TIPO DE ASENTAMIENTO": "COMUNIDAD INDIGENA", "NOMBRE": "NATIVITAS CUAUTEMPAN", "MONTO ASIGNADO (PESOS)": 445980, "LATITUD": 18.425557, "LONGITUD": -97.862403 }, "geometry": { "type": "Point", "coordinates": [ -97.862403, 18.425557 ] } },
{ "type": "Feature", "properties": { "NO": 161, "ENTIDAD": "PUEBLA", "MUNICIPIO": "COYOTEPEC", "PUEBLO INDIGENA O AFROMEXICANO": "POPOLOCA", "LOCALIDAD": "SAN MATEO ZOYAMAZALCO", "CLAVE LOC": 210370003, "TIPO DE ASENTAMIENTO": "COMUNIDAD INDIGENA", "NOMBRE": "SAN MATEO ZOYAMAZALCO", "MONTO ASIGNADO (PESOS)": 568852, "LATITUD": 18.421422, "LONGITUD": -97.800128 }, "geometry": { "type": "Point", "coordinates": [ -97.800128, 18.421422 ] } },
{ "type": "Feature", "properties": { "NO": 162, "ENTIDAD": "PUEBLA", "MUNICIPIO": "CUAUTEMPAN", "PUEBLO INDIGENA O AFROMEXICANO": "NAHUA", "LOCALIDAD": "HUEYTENTAN", "CLAVE LOC": 210390003, "TIPO DE ASENTAMIENTO": "COMUNIDAD INDIGENA", "NOMBRE": "HUEYTENTAN", "MONTO ASIGNADO (PESOS)": 801662, "LATITUD": 19.880086, "LONGITUD": -97.822909 }, "geometry": { "type": "Point", "coordinates": [ -97.822909, 19.880086 ] } },
{ "type": "Feature", "properties": { "NO": 163, "ENTIDAD": "PUEBLA", "MUNICIPIO": "CUAUTEMPAN", "PUEBLO INDIGENA O AFROMEXICANO": "NAHUA", "LOCALIDAD": "IXTOLCO DE MORELOS", "CLAVE LOC": 210390004, "TIPO DE ASENTAMIENTO": "COMUNIDAD INDIGENA", "NOMBRE": "IXTOLCO DE MORELOS", "MONTO ASIGNADO (PESOS)": 1019113, "LATITUD": 19.904469, "LONGITUD": -97.818187 }, "geometry": { "type": "Point", "coordinates": [ -97.818187, 19.904469 ] } },
{ "type": "Feature", "properties": { "NO": 164, "ENTIDAD": "PUEBLA", "MUNICIPIO": "CUAUTEMPAN", "PUEBLO INDIGENA O AFROMEXICANO": "NAHUA", "LOCALIDAD": "PAPALOTLA", "CLAVE LOC": 210390012, "TIPO DE ASENTAMIENTO": "COMUNIDAD INDIGENA", "NOMBRE": "PAPALOTLA", "MONTO ASIGNADO (PESOS)": 385352, "LATITUD": 19.212008, "LONGITUD": -97.140067 }, "geometry": { "type": "Point", "coordinates": [ -97.140067, 19.212008 ] } },
{ "type": "Feature", "properties": { "NO": 165, "ENTIDAD": "PUEBLA", "MUNICIPIO": "CUAUTEMPAN", "PUEBLO INDIGENA O AFROMEXICANO": "NAHUA", "LOCALIDAD": "SAN ESTEBAN CUAUTEMPAN", "CLAVE LOC": 210390001, "TIPO DE ASENTAMIENTO": "COMUNIDAD INDIGENA", "NOMBRE": "SAN ESTEBAN CUAUTEMPAN", "MONTO ASIGNADO (PESOS)": 3397603, "LATITUD": 19.912638, "LONGITUD": -97.796241 }, "geometry": { "type": "Point", "coordinates": [ -97.796241, 19.912638 ] } },
{ "type": "Feature", "properties": { "NO": 166, "ENTIDAD": "PUEBLA", "MUNICIPIO": "CUAUTEMPAN", "PUEBLO INDIGENA O AFROMEXICANO": "NAHUA", "LOCALIDAD": "SAN JOSE RIO BRAVO", "CLAVE LOC": 210390011, "TIPO DE ASENTAMIENTO": "COMUNIDAD INDIGENA", "NOMBRE": "SAN JOSÉ RÍO BRAVO", "MONTO ASIGNADO (PESOS)": 411220, "LATITUD": 19.947591, "LONGITUD": -97.774589 }, "geometry": { "type": "Point", "coordinates": [ -97.774589, 19.947591 ] } },
{ "type": "Feature", "properties": { "NO": 167, "ENTIDAD": "PUEBLA", "MUNICIPIO": "CUAUTEMPAN", "PUEBLO INDIGENA O AFROMEXICANO": "NAHUA", "LOCALIDAD": "TECAPAGCO", "CLAVE LOC": 210390005, "TIPO DE ASENTAMIENTO": "COMUNIDAD INDIGENA", "NOMBRE": "TECAPAGCO", "MONTO ASIGNADO (PESOS)": 599702, "LATITUD": 19.902458, "LONGITUD": -97.768711 }, "geometry": { "type": "Point", "coordinates": [ -97.768711, 19.902458 ] } },
{ "type": "Feature", "properties": { "NO": 168, "ENTIDAD": "PUEBLA", "MUNICIPIO": "CUAUTEMPAN", "PUEBLO INDIGENA O AFROMEXICANO": "NAHUA", "LOCALIDAD": "TENEPANIGIA (SANTA ELENA)", "CLAVE LOC": 210390006, "TIPO DE ASENTAMIENTO": "COMUNIDAD INDIGENA", "NOMBRE": "TENEPANIGIA (SANTA ELENA)", "MONTO ASIGNADO (PESOS)": 804087, "LATITUD": 19.965558, "LONGITUD": -97.770518 }, "geometry": { "type": "Point", "coordinates": [ -97.770518, 19.965558 ] } },
{ "type": "Feature", "properties": { "NO": 169, "ENTIDAD": "PUEBLA", "MUNICIPIO": "CUAUTEMPAN", "PUEBLO INDIGENA O AFROMEXICANO": "NAHUA", "LOCALIDAD": "TEXAMANILA", "CLAVE LOC": 210390010, "TIPO DE ASENTAMIENTO": "COMUNIDAD INDIGENA", "NOMBRE": "TEXAMANILA", "MONTO ASIGNADO (PESOS)": 177602, "LATITUD": 19.880428, "LONGITUD": -97.780362 }, "geometry": { "type": "Point", "coordinates": [ -97.780362, 19.880428 ] } },
{ "type": "Feature", "properties": { "NO": 170, "ENTIDAD": "PUEBLA", "MUNICIPIO": "CUAUTEMPAN", "PUEBLO INDIGENA O AFROMEXICANO": "NAHUA", "LOCALIDAD": "TLAPACHOLOYA", "CLAVE LOC": 210390007, "TIPO DE ASENTAMIENTO": "COMUNIDAD INDIGENA", "NOMBRE": "TLAPACHOLOYA", "MONTO ASIGNADO (PESOS)": 562385, "LATITUD": 19.94151, "LONGITUD": -97.78851 }, "geometry": { "type": "Point", "coordinates": [ -97.78851, 19.94151 ] } },
{ "type": "Feature", "properties": { "NO": 171, "ENTIDAD": "PUEBLA", "MUNICIPIO": "CUAUTEMPAN", "PUEBLO INDIGENA O AFROMEXICANO": "NAHUA", "LOCALIDAD": "TOTOCUAUTLA", "CLAVE LOC": 210390008, "TIPO DE ASENTAMIENTO": "COMUNIDAD INDIGENA", "NOMBRE": "TOTOCUAUTLA", "MONTO ASIGNADO (PESOS)": 358502, "LATITUD": 19.931173, "LONGITUD": -97.773862 }, "geometry": { "type": "Point", "coordinates": [ -97.773862, 19.931173 ] } },
{ "type": "Feature", "properties": { "NO": 172, "ENTIDAD": "PUEBLA", "MUNICIPIO": "CUAUTEMPAN", "PUEBLO INDIGENA O AFROMEXICANO": "NAHUA", "LOCALIDAD": "TOTOMOXTLA", "CLAVE LOC": 210390009, "TIPO DE ASENTAMIENTO": "COMUNIDAD INDIGENA", "NOMBRE": "TOTOMOXTLA", "MONTO ASIGNADO (PESOS)": 694149, "LATITUD": 19.934262, "LONGITUD": -97.810374 }, "geometry": { "type": "Point", "coordinates": [ -97.810374, 19.934262 ] } },
{ "type": "Feature", "properties": { "NO": 173, "ENTIDAD": "PUEBLA", "MUNICIPIO": "CUETZALAN DEL PROGRESO", "PUEBLO INDIGENA O AFROMEXICANO": "NAHUA", "LOCALIDAD": "ACAXILOCO", "CLAVE LOC": 210430002, "TIPO DE ASENTAMIENTO": "COMUNIDAD INDIGENA", "NOMBRE": "ACAXILOCO", "MONTO ASIGNADO (PESOS)": 1360665, "LATITUD": 20.033823, "LONGITUD": -97.517934 }, "geometry": { "type": "Point", "coordinates": [ -97.517934, 20.033823 ] } },
{ "type": "Feature", "properties": { "NO": 174, "ENTIDAD": "PUEBLA", "MUNICIPIO": "CUETZALAN DEL PROGRESO", "PUEBLO INDIGENA O AFROMEXICANO": "NAHUA", "LOCALIDAD": "ALAHUACAPAN", "CLAVE LOC": 210430003, "TIPO DE ASENTAMIENTO": "LOCALIDAD CON POBLACION\nINDIGENA", "NOMBRE": "ALAHUACAPAN", "MONTO ASIGNADO (PESOS)": 332000, "LATITUD": 20.050815, "LONGITUD": -97.479063 }, "geometry": { "type": "Point", "coordinates": [ -97.479063, 20.050815 ] } },
{ "type": "Feature", "properties": { "NO": 175, "ENTIDAD": "PUEBLA", "MUNICIPIO": "CUETZALAN DEL PROGRESO", "PUEBLO INDIGENA O AFROMEXICANO": "NAHUA", "LOCALIDAD": "AMATENO", "CLAVE LOC": 210430126, "TIPO DE ASENTAMIENTO": "LOCALIDAD CON POBLACION\nINDIGENA", "NOMBRE": "AMATENO", "MONTO ASIGNADO (PESOS)": 180114, "LATITUD": 20.044241, "LONGITUD": -97.526066 }, "geometry": { "type": "Point", "coordinates": [ -97.526066, 20.044241 ] } },
{ "type": "Feature", "properties": { "NO": 176, "ENTIDAD": "PUEBLA", "MUNICIPIO": "CUETZALAN DEL PROGRESO", "PUEBLO INDIGENA O AFROMEXICANO": "NAHUA", "LOCALIDAD": "ATEQUIZA", "CLAVE LOC": 210430176, "TIPO DE ASENTAMIENTO": "COMUNIDAD INDIGENA", "NOMBRE": "ATEQUIZA", "MONTO ASIGNADO (PESOS)": 199428, "LATITUD": 19.834093, "LONGITUD": -97.861446 }, "geometry": { "type": "Point", "coordinates": [ -97.861446, 19.834093 ] } },
{ "type": "Feature", "properties": { "NO": 177, "ENTIDAD": "PUEBLA", "MUNICIPIO": "CUETZALAN DEL PROGRESO", "PUEBLO INDIGENA O AFROMEXICANO": "NAHUA", "LOCALIDAD": "AYOTZINAPAN", "CLAVE LOC": 210430004, "TIPO DE ASENTAMIENTO": "COMUNIDAD INDIGENA", "NOMBRE": "AYOTZINAPAN", "MONTO ASIGNADO (PESOS)": 1332207, "LATITUD": 20.056936, "LONGITUD": -97.536404 }, "geometry": { "type": "Point", "coordinates": [ -97.536404, 20.056936 ] } },
{ "type": "Feature", "properties": { "NO": 178, "ENTIDAD": "PUEBLA", "MUNICIPIO": "CUETZALAN DEL PROGRESO", "PUEBLO INDIGENA O AFROMEXICANO": "NAHUA", "LOCALIDAD": "CAPOLA", "CLAVE LOC": 210430085, "TIPO DE ASENTAMIENTO": "LOCALIDAD CON POBLACION\nINDIGENA", "NOMBRE": "CAPOLA", "MONTO ASIGNADO (PESOS)": 496689, "LATITUD": 20.070701, "LONGITUD": -97.507347 }, "geometry": { "type": "Point", "coordinates": [ -97.507347, 20.070701 ] } },
{ "type": "Feature", "properties": { "NO": 179, "ENTIDAD": "PUEBLA", "MUNICIPIO": "CUETZALAN DEL PROGRESO", "PUEBLO INDIGENA O AFROMEXICANO": "NAHUA", "LOCALIDAD": "CAXALTEPEC", "CLAVE LOC": 210430057, "TIPO DE ASENTAMIENTO": "COMUNIDAD INDIGENA", "NOMBRE": "CAXALTEPEC", "MONTO ASIGNADO (PESOS)": 268947, "LATITUD": 20.071133, "LONGITUD": -97.482734 }, "geometry": { "type": "Point", "coordinates": [ -97.482734, 20.071133 ] } },
{ "type": "Feature", "properties": { "NO": 180, "ENTIDAD": "PUEBLA", "MUNICIPIO": "CUETZALAN DEL PROGRESO", "PUEBLO INDIGENA O AFROMEXICANO": "NAHUA", "LOCALIDAD": "CIUDAD DE CUETZALAN", "CLAVE LOC": 210430001, "TIPO DE ASENTAMIENTO": "COMUNIDAD INDIGENA", "NOMBRE": "CIUDAD DE CUETZALAN", "MONTO ASIGNADO (PESOS)": 665433, "LATITUD": 20.01852, "LONGITUD": -97.52077 }, "geometry": { "type": "Point", "coordinates": [ -97.52077, 20.01852 ] } },
{ "type": "Feature", "properties": { "NO": 181, "ENTIDAD": "PUEBLA", "MUNICIPIO": "CUETZALAN DEL PROGRESO", "PUEBLO INDIGENA O AFROMEXICANO": "NAHUA", "LOCALIDAD": "CUAUHTAPANALOYAN", "CLAVE LOC": 210430006, "TIPO DE ASENTAMIENTO": "COMUNIDAD INDIGENA", "NOMBRE": "CUAUHTAPANALOYAN", "MONTO ASIGNADO (PESOS)": 1596709, "LATITUD": 20.072122, "LONGITUD": -97.457427 }, "geometry": { "type": "Point", "coordinates": [ -97.457427, 20.072122 ] } },
{ "type": "Feature", "properties": { "NO": 182, "ENTIDAD": "PUEBLA", "MUNICIPIO": "CUETZALAN DEL PROGRESO", "PUEBLO INDIGENA O AFROMEXICANO": "NAHUA", "LOCALIDAD": "IXTAHUATA", "CLAVE LOC": 210430011, "TIPO DE ASENTAMIENTO": "COMUNIDAD INDIGENA", "NOMBRE": "IXTAHUATA", "MONTO ASIGNADO (PESOS)": 399095, "LATITUD": 20.022547, "LONGITUD": -97.507652 }, "geometry": { "type": "Point", "coordinates": [ -97.507652, 20.022547 ] } },
{ "type": "Feature", "properties": { "NO": 183, "ENTIDAD": "PUEBLA", "MUNICIPIO": "CUETZALAN DEL PROGRESO", "PUEBLO INDIGENA O AFROMEXICANO": "NAHUA", "LOCALIDAD": "LIMONTITAN", "CLAVE LOC": 210430113, "TIPO DE ASENTAMIENTO": "COMUNIDAD INDIGENA", "NOMBRE": "LIMONTITAN", "MONTO ASIGNADO (PESOS)": 913284, "LATITUD": 20.042607, "LONGITUD": -97.439955 }, "geometry": { "type": "Point", "coordinates": [ -97.439955, 20.042607 ] } },
{ "type": "Feature", "properties": { "NO": 184, "ENTIDAD": "PUEBLA", "MUNICIPIO": "CUETZALAN DEL PROGRESO", "PUEBLO INDIGENA O AFROMEXICANO": "NAHUA", "LOCALIDAD": "MACUILACACO", "CLAVE LOC": 210430129, "TIPO DE ASENTAMIENTO": "COMUNIDAD INDIGENA", "NOMBRE": "MACUILACACO", "MONTO ASIGNADO (PESOS)": 176793, "LATITUD": 20.012046, "LONGITUD": -97.447233 }, "geometry": { "type": "Point", "coordinates": [ -97.447233, 20.012046 ] } },
{ "type": "Feature", "properties": { "NO": 185, "ENTIDAD": "PUEBLA", "MUNICIPIO": "CUETZALAN DEL PROGRESO", "PUEBLO INDIGENA O AFROMEXICANO": "NAHUA", "LOCALIDAD": "NAHUIOGPAN", "CLAVE LOC": 210430100, "TIPO DE ASENTAMIENTO": "COMUNIDAD INDIGENA", "NOMBRE": "NAHUIOGPAN", "MONTO ASIGNADO (PESOS)": 386969, "LATITUD": 20.029771, "LONGITUD": -97.525874 }, "geometry": { "type": "Point", "coordinates": [ -97.525874, 20.029771 ] } },
{ "type": "Feature", "properties": { "NO": 186, "ENTIDAD": "PUEBLA", "MUNICIPIO": "CUETZALAN DEL PROGRESO", "PUEBLO INDIGENA O AFROMEXICANO": "NAHUA", "LOCALIDAD": "NECTEPEC", "CLAVE LOC": 210430013, "TIPO DE ASENTAMIENTO": "COMUNIDAD INDIGENA", "NOMBRE": "NECTEPEC", "MONTO ASIGNADO (PESOS)": 1258972, "LATITUD": 20.030958, "LONGITUD": -97.441712 }, "geometry": { "type": "Point", "coordinates": [ -97.441712, 20.030958 ] } },
{ "type": "Feature", "properties": { "NO": 187, "ENTIDAD": "PUEBLA", "MUNICIPIO": "CUETZALAN DEL PROGRESO", "PUEBLO INDIGENA O AFROMEXICANO": "NAHUA", "LOCALIDAD": "PEPEXTA", "CLAVE LOC": 210430015, "TIPO DE ASENTAMIENTO": "COMUNIDAD INDIGENA", "NOMBRE": "PEPEXTA", "MONTO ASIGNADO (PESOS)": 1717634, "LATITUD": 20.040666, "LONGITUD": -97.46177 }, "geometry": { "type": "Point", "coordinates": [ -97.46177, 20.040666 ] } },
{ "type": "Feature", "properties": { "NO": 188, "ENTIDAD": "PUEBLA", "MUNICIPIO": "CUETZALAN DEL PROGRESO", "PUEBLO INDIGENA O AFROMEXICANO": "NAHUA", "LOCALIDAD": "PINAHUISTA", "CLAVE LOC": 210430016, "TIPO DE ASENTAMIENTO": "COMUNIDAD INDIGENA", "NOMBRE": "PINAHUISTA", "MONTO ASIGNADO (PESOS)": 2168959, "LATITUD": 20.073845, "LONGITUD": -97.519596 }, "geometry": { "type": "Point", "coordinates": [ -97.519596, 20.073845 ] } },
{ "type": "Feature", "properties": { "NO": 189, "ENTIDAD": "PUEBLA", "MUNICIPIO": "CUETZALAN DEL PROGRESO", "PUEBLO INDIGENA O AFROMEXICANO": "NAHUA", "LOCALIDAD": "REYESHOGPAN DE HIDALGO (EL MIRADOR)", "CLAVE LOC": 210430092, "TIPO DE ASENTAMIENTO": "COMUNIDAD INDIGENA", "NOMBRE": "REYESOGPAN DE HIDALGO", "MONTO ASIGNADO (PESOS)": 1740062, "LATITUD": 20.081742, "LONGITUD": -97.503497 }, "geometry": { "type": "Point", "coordinates": [ -97.503497, 20.081742 ] } },
{ "type": "Feature", "properties": { "NO": 190, "ENTIDAD": "PUEBLA", "MUNICIPIO": "CUETZALAN DEL PROGRESO", "PUEBLO INDIGENA O AFROMEXICANO": "NAHUA", "LOCALIDAD": "SANTIAGO YANCUITLALPAN", "CLAVE LOC": 210430037, "TIPO DE ASENTAMIENTO": "COMUNIDAD INDIGENA", "NOMBRE": "YANCUITLALPAN", "MONTO ASIGNADO (PESOS)": 1935557, "LATITUD": 20.060872, "LONGITUD": -97.471498 }, "geometry": { "type": "Point", "coordinates": [ -97.471498, 20.060872 ] } },
{ "type": "Feature", "properties": { "NO": 191, "ENTIDAD": "PUEBLA", "MUNICIPIO": "CUETZALAN DEL PROGRESO", "PUEBLO INDIGENA O AFROMEXICANO": "NAHUA", "LOCALIDAD": "TACOPIZACTA", "CLAVE LOC": 210430018, "TIPO DE ASENTAMIENTO": "COMUNIDAD INDIGENA", "NOMBRE": "TACOPITZACTA", "MONTO ASIGNADO (PESOS)": 134889, "LATITUD": 19.970479, "LONGITUD": -97.513036 }, "geometry": { "type": "Point", "coordinates": [ -97.513036, 19.970479 ] } },
{ "type": "Feature", "properties": { "NO": 192, "ENTIDAD": "PUEBLA", "MUNICIPIO": "CUETZALAN DEL PROGRESO", "PUEBLO INDIGENA O AFROMEXICANO": "NAHUA", "LOCALIDAD": "TACUAPAN", "CLAVE LOC": 210430019, "TIPO DE ASENTAMIENTO": "COMUNIDAD INDIGENA", "NOMBRE": "TACUAPAN", "MONTO ASIGNADO (PESOS)": 1045290, "LATITUD": 19.808348, "LONGITUD": -97.677132 }, "geometry": { "type": "Point", "coordinates": [ -97.677132, 19.808348 ] } },
{ "type": "Feature", "properties": { "NO": 193, "ENTIDAD": "PUEBLA", "MUNICIPIO": "CUETZALAN DEL PROGRESO", "PUEBLO INDIGENA O AFROMEXICANO": "NAHUA", "LOCALIDAD": "TENANGO", "CLAVE LOC": 210430047, "TIPO DE ASENTAMIENTO": "COMUNIDAD INDIGENA", "NOMBRE": "TENANGO TZICUILAN", "MONTO ASIGNADO (PESOS)": 398286, "LATITUD": 19.87233, "LONGITUD": -97.937736 }, "geometry": { "type": "Point", "coordinates": [ -97.937736, 19.87233 ] } },
{ "type": "Feature", "properties": { "NO": 194, "ENTIDAD": "PUEBLA", "MUNICIPIO": "CUETZALAN DEL PROGRESO", "PUEBLO INDIGENA O AFROMEXICANO": "NAHUA", "LOCALIDAD": "TENEXTEPEC", "CLAVE LOC": 210430021, "TIPO DE ASENTAMIENTO": "COMUNIDAD INDIGENA", "NOMBRE": "TENEXTEPEC", "MONTO ASIGNADO (PESOS)": 558104, "LATITUD": 19.795587, "LONGITUD": -97.402794 }, "geometry": { "type": "Point", "coordinates": [ -97.402794, 19.795587 ] } },
{ "type": "Feature", "properties": { "NO": 195, "ENTIDAD": "PUEBLA", "MUNICIPIO": "CUETZALAN DEL PROGRESO", "PUEBLO INDIGENA O AFROMEXICANO": "NAHUA", "LOCALIDAD": "TENKIKIZAPAN", "CLAVE LOC": 210430122, "TIPO DE ASENTAMIENTO": "LOCALIDAD CON POBLACION\nINDIGENA", "NOMBRE": "TENKIKIZAPAN", "MONTO ASIGNADO (PESOS)": 170064, "LATITUD": 20.061688, "LONGITUD": -97.507151 }, "geometry": { "type": "Point", "coordinates": [ -97.507151, 20.061688 ] } },
{ "type": "Feature", "properties": { "NO": 196, "ENTIDAD": "PUEBLA", "MUNICIPIO": "CUETZALAN DEL PROGRESO", "PUEBLO INDIGENA O AFROMEXICANO": "NAHUA", "LOCALIDAD": "TEPETITAN REYESHOGPAN DE HIDALGO", "CLAVE LOC": 210430146, "TIPO DE ASENTAMIENTO": "COMUNIDAD INDIGENA", "NOMBRE": "TEPETITAN", "MONTO ASIGNADO (PESOS)": 2392711, "LATITUD": 20.084271, "LONGITUD": -97.493257 }, "geometry": { "type": "Point", "coordinates": [ -97.493257, 20.084271 ] } },
{ "type": "Feature", "properties": { "NO": 197, "ENTIDAD": "PUEBLA", "MUNICIPIO": "CUETZALAN DEL PROGRESO", "PUEBLO INDIGENA O AFROMEXICANO": "NAHUA", "LOCALIDAD": "TEPETZALAN", "CLAVE LOC": 210430189, "TIPO DE ASENTAMIENTO": "LOCALIDAD CON POBLACION\nINDIGENA", "NOMBRE": "TEPETZALAN", "MONTO ASIGNADO (PESOS)": 148708, "LATITUD": 20.064083, "LONGITUD": -97.52133 }, "geometry": { "type": "Point", "coordinates": [ -97.52133, 20.064083 ] } },
{ "type": "Feature", "properties": { "NO": 198, "ENTIDAD": "PUEBLA", "MUNICIPIO": "CUETZALAN DEL PROGRESO", "PUEBLO INDIGENA O AFROMEXICANO": "NAHUA", "LOCALIDAD": "TEPETZALAN DE MIGUEL HIDALGO", "CLAVE LOC": 210430091, "TIPO DE ASENTAMIENTO": "LOCALIDAD CON POBLACION\nINDIGENA", "NOMBRE": "TEPETZALAN DE MIGUEL HIDALGO", "MONTO ASIGNADO (PESOS)": 159818, "LATITUD": 20.050158, "LONGITUD": -97.468369 }, "geometry": { "type": "Point", "coordinates": [ -97.468369, 20.050158 ] } },
{ "type": "Feature", "properties": { "NO": 199, "ENTIDAD": "PUEBLA", "MUNICIPIO": "CUETZALAN DEL PROGRESO", "PUEBLO INDIGENA O AFROMEXICANO": "NAHUA", "LOCALIDAD": "TEPETZINGO", "CLAVE LOC": 210430083, "TIPO DE ASENTAMIENTO": "LOCALIDAD CON POBLACION\nINDIGENA", "NOMBRE": "TEPETZINGO", "MONTO ASIGNADO (PESOS)": 289408, "LATITUD": 20.066136, "LONGITUD": -97.495022 }, "geometry": { "type": "Point", "coordinates": [ -97.495022, 20.066136 ] } },
{ "type": "Feature", "properties": { "NO": 200, "ENTIDAD": "PUEBLA", "MUNICIPIO": "CUETZALAN DEL PROGRESO", "PUEBLO INDIGENA O AFROMEXICANO": "NAHUA", "LOCALIDAD": "TEPETZINTAN", "CLAVE LOC": 210430024, "TIPO DE ASENTAMIENTO": "COMUNIDAD INDIGENA", "NOMBRE": "TEPETZINTAN", "MONTO ASIGNADO (PESOS)": 1352491, "LATITUD": 20.053435, "LONGITUD": -97.517778 }, "geometry": { "type": "Point", "coordinates": [ -97.517778, 20.053435 ] } },
{ "type": "Feature", "properties": { "NO": 201, "ENTIDAD": "PUEBLA", "MUNICIPIO": "CUETZALAN DEL PROGRESO", "PUEBLO INDIGENA O AFROMEXICANO": "NAHUA", "LOCALIDAD": "TUZAMAPAN", "CLAVE LOC": 210430068, "TIPO DE ASENTAMIENTO": "COMUNIDAD INDIGENA", "NOMBRE": "TUZAMAPAN XILOXOCHICO", "MONTO ASIGNADO (PESOS)": 543793, "LATITUD": 20.060036, "LONGITUD": -97.491606 }, "geometry": { "type": "Point", "coordinates": [ -97.491606, 20.060036 ] } },
{ "type": "Feature", "properties": { "NO": 202, "ENTIDAD": "PUEBLA", "MUNICIPIO": "CUETZALAN DEL PROGRESO", "PUEBLO INDIGENA O AFROMEXICANO": "NAHUA", "LOCALIDAD": "TZANATCO", "CLAVE LOC": 210430050, "TIPO DE ASENTAMIENTO": "LOCALIDAD CON POBLACION\nINDIGENA", "NOMBRE": "TZANATCO", "MONTO ASIGNADO (PESOS)": 218829, "LATITUD": 20.026776, "LONGITUD": -97.49379 }, "geometry": { "type": "Point", "coordinates": [ -97.49379, 20.026776 ] } },
{ "type": "Feature", "properties": { "NO": 203, "ENTIDAD": "PUEBLA", "MUNICIPIO": "CUETZALAN DEL PROGRESO", "PUEBLO INDIGENA O AFROMEXICANO": "NAHUA", "LOCALIDAD": "TZINACAPAN", "CLAVE LOC": 210430027, "TIPO DE ASENTAMIENTO": "COMUNIDAD INDIGENA", "NOMBRE": "TZINACAPAN", "MONTO ASIGNADO (PESOS)": 785825, "LATITUD": 20.02935, "LONGITUD": -97.540888 }, "geometry": { "type": "Point", "coordinates": [ -97.540888, 20.02935 ] } },
{ "type": "Feature", "properties": { "NO": 204, "ENTIDAD": "PUEBLA", "MUNICIPIO": "CUETZALAN DEL PROGRESO", "PUEBLO INDIGENA O AFROMEXICANO": "NAHUA", "LOCALIDAD": "XALTIPAN", "CLAVE LOC": 210430033, "TIPO DE ASENTAMIENTO": "COMUNIDAD INDIGENA", "NOMBRE": "XALTIPAN", "MONTO ASIGNADO (PESOS)": 649689, "LATITUD": 19.771714, "LONGITUD": -97.327207 }, "geometry": { "type": "Point", "coordinates": [ -97.327207, 19.771714 ] } },
{ "type": "Feature", "properties": { "NO": 205, "ENTIDAD": "PUEBLA", "MUNICIPIO": "CUETZALAN DEL PROGRESO", "PUEBLO INDIGENA O AFROMEXICANO": "NAHUA", "LOCALIDAD": "XILOXOCHICO DE RAFAEL AVILA CAMACHO", "CLAVE LOC": 210430034, "TIPO DE ASENTAMIENTO": "COMUNIDAD INDIGENA", "NOMBRE": "XILOXOCHICO DE RAFAEL ÁVILA CAMACHO", "MONTO ASIGNADO (PESOS)": 2246942, "LATITUD": 20.045243, "LONGITUD": -97.492201 }, "geometry": { "type": "Point", "coordinates": [ -97.492201, 20.045243 ] } },
{ "type": "Feature", "properties": { "NO": 206, "ENTIDAD": "PUEBLA", "MUNICIPIO": "CUETZALAN DEL PROGRESO", "PUEBLO INDIGENA O AFROMEXICANO": "NAHUA", "LOCALIDAD": "XOCOTA", "CLAVE LOC": 210430155, "TIPO DE ASENTAMIENTO": "LOCALIDAD CON POBLACION\nINDIGENA", "NOMBRE": "XOCOTA", "MONTO ASIGNADO (PESOS)": 399958, "LATITUD": 20.056709, "LONGITUD": -97.452339 }, "geometry": { "type": "Point", "coordinates": [ -97.452339, 20.056709 ] } },
{ "type": "Feature", "properties": { "NO": 207, "ENTIDAD": "PUEBLA", "MUNICIPIO": "CUETZALAN DEL PROGRESO", "PUEBLO INDIGENA O AFROMEXICANO": "NAHUA", "LOCALIDAD": "ZACATIPAN", "CLAVE LOC": 210430039, "TIPO DE ASENTAMIENTO": "COMUNIDAD INDIGENA", "NOMBRE": "ZACATIPAN", "MONTO ASIGNADO (PESOS)": 6043523, "LATITUD": 20.039294, "LONGITUD": -97.435844 }, "geometry": { "type": "Point", "coordinates": [ -97.435844, 20.039294 ] } },
{ "type": "Feature", "properties": { "NO": 208, "ENTIDAD": "PUEBLA", "MUNICIPIO": "ELOXOCHITLAN", "PUEBLO INDIGENA O AFROMEXICANO": "NAHUA", "LOCALIDAD": "ELOXOCHITLAN", "CLAVE LOC": 210610001, "TIPO DE ASENTAMIENTO": "COMUNIDAD INDIGENA", "NOMBRE": "ELOXOCHITLÁN", "MONTO ASIGNADO (PESOS)": 20233728, "LATITUD": 18.498947, "LONGITUD": -96.954837 }, "geometry": { "type": "Point", "coordinates": [ -96.954837, 18.498947 ] } },
{ "type": "Feature", "properties": { "NO": 209, "ENTIDAD": "PUEBLA", "MUNICIPIO": "FRANCISCO Z. MENA", "PUEBLO INDIGENA O AFROMEXICANO": "NAHUA", "LOCALIDAD": "EL LABERINTO", "CLAVE LOC": 210640014, "TIPO DE ASENTAMIENTO": "COMUNIDAD INDIGENA", "NOMBRE": "EL LABERINTO", "MONTO ASIGNADO (PESOS)": 175985, "LATITUD": 20.824283, "LONGITUD": -97.879284 }, "geometry": { "type": "Point", "coordinates": [ -97.879284, 20.824283 ] } },
{ "type": "Feature", "properties": { "NO": 210, "ENTIDAD": "PUEBLA", "MUNICIPIO": "FRANCISCO Z. MENA", "PUEBLO INDIGENA O AFROMEXICANO": "NAHUA", "LOCALIDAD": "LA MINA", "CLAVE LOC": 210640017, "TIPO DE ASENTAMIENTO": "COMUNIDAD INDIGENA", "NOMBRE": "LA MINA", "MONTO ASIGNADO (PESOS)": 437646, "LATITUD": 20.344803, "LONGITUD": -98.019606 }, "geometry": { "type": "Point", "coordinates": [ -98.019606, 20.344803 ] } },
{ "type": "Feature", "properties": { "NO": 211, "ENTIDAD": "PUEBLA", "MUNICIPIO": "FRANCISCO Z. MENA", "PUEBLO INDIGENA O AFROMEXICANO": "NAHUA", "LOCALIDAD": "LAS BALSAS", "CLAVE LOC": 210640003, "TIPO DE ASENTAMIENTO": "COMUNIDAD INDIGENA", "NOMBRE": "LAS BALSAS", "MONTO ASIGNADO (PESOS)": 553493, "LATITUD": 20.703427, "LONGITUD": -97.783911 }, "geometry": { "type": "Point", "coordinates": [ -97.783911, 20.703427 ] } },
{ "type": "Feature", "properties": { "NO": 212, "ENTIDAD": "PUEBLA", "MUNICIPIO": "FRANCISCO Z. MENA", "PUEBLO INDIGENA O AFROMEXICANO": "TOTONACO", "LOCALIDAD": "MARTIRES DE RANCHO NUEVO", "CLAVE LOC": 210640151, "TIPO DE ASENTAMIENTO": "COMUNIDAD INDIGENA", "NOMBRE": "MÁRTIRES DE RANCHO NUEVO", "MONTO ASIGNADO (PESOS)": 309366, "LATITUD": 20.754214, "LONGITUD": -97.830784 }, "geometry": { "type": "Point", "coordinates": [ -97.830784, 20.754214 ] } },
{ "type": "Feature", "properties": { "NO": 213, "ENTIDAD": "PUEBLA", "MUNICIPIO": "HERMENEGILDO GALEANA", "PUEBLO INDIGENA O AFROMEXICANO": "TOTONACO", "LOCALIDAD": "AGUA ZARCA", "CLAVE LOC": 210680021, "TIPO DE ASENTAMIENTO": "COMUNIDAD INDIGENA", "NOMBRE": "AGUA ZARCA", "MONTO ASIGNADO (PESOS)": 227721, "LATITUD": 19.985692, "LONGITUD": -98.081302 }, "geometry": { "type": "Point", "coordinates": [ -98.081302, 19.985692 ] } },
{ "type": "Feature", "properties": { "NO": 214, "ENTIDAD": "PUEBLA", "MUNICIPIO": "HERMENEGILDO GALEANA", "PUEBLO INDIGENA O AFROMEXICANO": "TOTONACO", "LOCALIDAD": "BIENVENIDO", "CLAVE LOC": 210680001, "TIPO DE ASENTAMIENTO": "COMUNIDAD INDIGENA", "NOMBRE": "BIENVENIDO", "MONTO ASIGNADO (PESOS)": 1277313, "LATITUD": 20.120995, "LONGITUD": -97.73569 }, "geometry": { "type": "Point", "coordinates": [ -97.73569, 20.120995 ] } },
{ "type": "Feature", "properties": { "NO": 215, "ENTIDAD": "PUEBLA", "MUNICIPIO": "HERMENEGILDO GALEANA", "PUEBLO INDIGENA O AFROMEXICANO": "TOTONACO", "LOCALIDAD": "CACATZALA", "CLAVE LOC": 210680008, "TIPO DE ASENTAMIENTO": "COMUNIDAD INDIGENA", "NOMBRE": "CACATZALA", "MONTO ASIGNADO (PESOS)": 607239, "LATITUD": 20.091306, "LONGITUD": -97.73451 }, "geometry": { "type": "Point", "coordinates": [ -97.73451, 20.091306 ] } },
{ "type": "Feature", "properties": { "NO": 216, "ENTIDAD": "PUEBLA", "MUNICIPIO": "HERMENEGILDO GALEANA", "PUEBLO INDIGENA O AFROMEXICANO": "TOTONACO", "LOCALIDAD": "CALPUHUAN", "CLAVE LOC": 210680009, "TIPO DE ASENTAMIENTO": "COMUNIDAD INDIGENA", "NOMBRE": "CALPUHUÁN", "MONTO ASIGNADO (PESOS)": 312491, "LATITUD": 20.077069, "LONGITUD": -97.768086 }, "geometry": { "type": "Point", "coordinates": [ -97.768086, 20.077069 ] } },
{ "type": "Feature", "properties": { "NO": 217, "ENTIDAD": "PUEBLA", "MUNICIPIO": "HERMENEGILDO GALEANA", "PUEBLO INDIGENA O AFROMEXICANO": "TOTONACO", "LOCALIDAD": "CAXTIYU", "CLAVE LOC": 210680011, "TIPO DE ASENTAMIENTO": "COMUNIDAD INDIGENA", "NOMBRE": "CAXTIYU.", "MONTO ASIGNADO (PESOS)": 180114, "LATITUD": 20.093277, "LONGITUD": -97.750911 }, "geometry": { "type": "Point", "coordinates": [ -97.750911, 20.093277 ] } },
{ "type": "Feature", "properties": { "NO": 218, "ENTIDAD": "PUEBLA", "MUNICIPIO": "HERMENEGILDO GALEANA", "PUEBLO INDIGENA O AFROMEXICANO": "TOTONACO", "LOCALIDAD": "COYAY", "CLAVE LOC": 210680002, "TIPO DE ASENTAMIENTO": "COMUNIDAD INDIGENA", "NOMBRE": "COYAY", "MONTO ASIGNADO (PESOS)": 630288, "LATITUD": 20.085363, "LONGITUD": -97.755782 }, "geometry": { "type": "Point", "coordinates": [ -97.755782, 20.085363 ] } },
{ "type": "Feature", "properties": { "NO": 219, "ENTIDAD": "PUEBLA", "MUNICIPIO": "HERMENEGILDO GALEANA", "PUEBLO INDIGENA O AFROMEXICANO": "TOTONACO", "LOCALIDAD": "COYOY", "CLAVE LOC": 210680022, "TIPO DE ASENTAMIENTO": "COMUNIDAD INDIGENA", "NOMBRE": "COYOY", "MONTO ASIGNADO (PESOS)": 589652, "LATITUD": 20.088577, "LONGITUD": -97.754485 }, "geometry": { "type": "Point", "coordinates": [ -97.754485, 20.088577 ] } },
{ "type": "Feature", "properties": { "NO": 220, "ENTIDAD": "PUEBLA", "MUNICIPIO": "HERMENEGILDO GALEANA", "PUEBLO INDIGENA O AFROMEXICANO": "TOTONACO", "LOCALIDAD": "CUANIXTEPEC", "CLAVE LOC": 210680003, "TIPO DE ASENTAMIENTO": "COMUNIDAD INDIGENA", "NOMBRE": "CUANIXTEPEC", "MONTO ASIGNADO (PESOS)": 334425, "LATITUD": 20.146111, "LONGITUD": -97.724314 }, "geometry": { "type": "Point", "coordinates": [ -97.724314, 20.146111 ] } },
{ "type": "Feature", "properties": { "NO": 221, "ENTIDAD": "PUEBLA", "MUNICIPIO": "HERMENEGILDO GALEANA", "PUEBLO INDIGENA O AFROMEXICANO": "TOTONACO", "LOCALIDAD": "EL PLAN", "CLAVE LOC": 210680031, "TIPO DE ASENTAMIENTO": "COMUNIDAD INDIGENA", "NOMBRE": "EL PLAN", "MONTO ASIGNADO (PESOS)": 419304, "LATITUD": 19.234221, "LONGITUD": -97.738518 }, "geometry": { "type": "Point", "coordinates": [ -97.738518, 19.234221 ] } },
{ "type": "Feature", "properties": { "NO": 222, "ENTIDAD": "PUEBLA", "MUNICIPIO": "HERMENEGILDO GALEANA", "PUEBLO INDIGENA O AFROMEXICANO": "TOTONACO", "LOCALIDAD": "EL ZECNA (EL PLATANAL)", "CLAVE LOC": 210680015, "TIPO DE ASENTAMIENTO": "COMUNIDAD INDIGENA", "NOMBRE": "EL ZECNA (EL PLATANAL)", "MONTO ASIGNADO (PESOS)": 349708, "LATITUD": 20.090001, "LONGITUD": -97.746032 }, "geometry": { "type": "Point", "coordinates": [ -97.746032, 20.090001 ] } },
{ "type": "Feature", "properties": { "NO": 223, "ENTIDAD": "PUEBLA", "MUNICIPIO": "HERMENEGILDO GALEANA", "PUEBLO INDIGENA O AFROMEXICANO": "TOTONACO", "LOCALIDAD": "FRANCISCO OSORNO", "CLAVE LOC": 210680004, "TIPO DE ASENTAMIENTO": "COMUNIDAD INDIGENA", "NOMBRE": "FRANCISCO OSORNO", "MONTO ASIGNADO (PESOS)": 896177, "LATITUD": 20.145084, "LONGITUD": -97.71535 }, "geometry": { "type": "Point", "coordinates": [ -97.71535, 20.145084 ] } },
{ "type": "Feature", "properties": { "NO": 224, "ENTIDAD": "PUEBLA", "MUNICIPIO": "HERMENEGILDO GALEANA", "PUEBLO INDIGENA O AFROMEXICANO": "TOTONACO", "LOCALIDAD": "IGNACIO RAMIREZ", "CLAVE LOC": 210680005, "TIPO DE ASENTAMIENTO": "COMUNIDAD INDIGENA", "NOMBRE": "IGNACIO RAMIREZ", "MONTO ASIGNADO (PESOS)": 849695, "LATITUD": 20.110241, "LONGITUD": -97.729456 }, "geometry": { "type": "Point", "coordinates": [ -97.729456, 20.110241 ] } },
{ "type": "Feature", "properties": { "NO": 225, "ENTIDAD": "PUEBLA", "MUNICIPIO": "HERMENEGILDO GALEANA", "PUEBLO INDIGENA O AFROMEXICANO": "TOTONACO", "LOCALIDAD": "LA CHINA", "CLAVE LOC": 210680033, "TIPO DE ASENTAMIENTO": "COMUNIDAD INDIGENA", "NOMBRE": "LA CHINA", "MONTO ASIGNADO (PESOS)": 150926, "LATITUD": 20.141733, "LONGITUD": -97.733913 }, "geometry": { "type": "Point", "coordinates": [ -97.733913, 20.141733 ] } },
{ "type": "Feature", "properties": { "NO": 226, "ENTIDAD": "PUEBLA", "MUNICIPIO": "HERMENEGILDO GALEANA", "PUEBLO INDIGENA O AFROMEXICANO": "TOTONACO", "LOCALIDAD": "LA FABRICA", "CLAVE LOC": 210680034, "TIPO DE ASENTAMIENTO": "COMUNIDAD INDIGENA", "NOMBRE": "LA FÁBRICA", "MONTO ASIGNADO (PESOS)": 234133, "LATITUD": 20.128985, "LONGITUD": -97.737097 }, "geometry": { "type": "Point", "coordinates": [ -97.737097, 20.128985 ] } },
{ "type": "Feature", "properties": { "NO": 227, "ENTIDAD": "PUEBLA", "MUNICIPIO": "HERMENEGILDO GALEANA", "PUEBLO INDIGENA O AFROMEXICANO": "TOTONACO", "LOCALIDAD": "LA PILA", "CLAVE LOC": 210680013, "TIPO DE ASENTAMIENTO": "COMUNIDAD INDIGENA", "NOMBRE": "LA PILA", "MONTO ASIGNADO (PESOS)": 314216, "LATITUD": 20.1728, "LONGITUD": -97.405602 }, "geometry": { "type": "Point", "coordinates": [ -97.405602, 20.1728 ] } },
{ "type": "Feature", "properties": { "NO": 228, "ENTIDAD": "PUEBLA", "MUNICIPIO": "HERMENEGILDO GALEANA", "PUEBLO INDIGENA O AFROMEXICANO": "TOTONACO", "LOCALIDAD": "LACANUY", "CLAVE LOC": 210680006, "TIPO DE ASENTAMIENTO": "COMUNIDAD INDIGENA", "NOMBRE": "LACANUY", "MONTO ASIGNADO (PESOS)": 310764, "LATITUD": 20.096724, "LONGITUD": -97.72389 }, "geometry": { "type": "Point", "coordinates": [ -97.72389, 20.096724 ] } },
{ "type": "Feature", "properties": { "NO": 229, "ENTIDAD": "PUEBLA", "MUNICIPIO": "HERMENEGILDO GALEANA", "PUEBLO INDIGENA O AFROMEXICANO": "TOTONACO", "LOCALIDAD": "SAN ANTONIO CUANIXTEPEC", "CLAVE LOC": 210680023, "TIPO DE ASENTAMIENTO": "COMUNIDAD INDIGENA", "NOMBRE": "SAN ANTONIO CUANIXTEPEC", "MONTO ASIGNADO (PESOS)": 489632, "LATITUD": 20.134194, "LONGITUD": -97.72618 }, "geometry": { "type": "Point", "coordinates": [ -97.72618, 20.134194 ] } },
{ "type": "Feature", "properties": { "NO": 230, "ENTIDAD": "PUEBLA", "MUNICIPIO": "HERMENEGILDO GALEANA", "PUEBLO INDIGENA O AFROMEXICANO": "TOTONACO", "LOCALIDAD": "SAN ANTONIO HERMENEGILDO GALEANA", "CLAVE LOC": 210680026, "TIPO DE ASENTAMIENTO": "COMUNIDAD INDIGENA", "NOMBRE": "SAN ANTONIO HERMENEGILDO GALEANA", "MONTO ASIGNADO (PESOS)": 382927, "LATITUD": 20.127473, "LONGITUD": -97.73007 }, "geometry": { "type": "Point", "coordinates": [ -97.73007, 20.127473 ] } },
{ "type": "Feature", "properties": { "NO": 231, "ENTIDAD": "PUEBLA", "MUNICIPIO": "HERMENEGILDO GALEANA", "PUEBLO INDIGENA O AFROMEXICANO": "TOTONACO", "LOCALIDAD": "TAMPATAPO", "CLAVE LOC": 210680007, "TIPO DE ASENTAMIENTO": "COMUNIDAD INDIGENA", "NOMBRE": "TAMPATAPO", "MONTO ASIGNADO (PESOS)": 239158, "LATITUD": 20.111041, "LONGITUD": -97.706362 }, "geometry": { "type": "Point", "coordinates": [ -97.706362, 20.111041 ] } },
{ "type": "Feature", "properties": { "NO": 232, "ENTIDAD": "PUEBLA", "MUNICIPIO": "HONEY", "PUEBLO INDIGENA O AFROMEXICANO": "OTOMÍ", "LOCALIDAD": "CHILA DE JUAREZ", "CLAVE LOC": 210570005, "TIPO DE ASENTAMIENTO": "COMUNIDAD INDIGENA", "NOMBRE": "CHILA DE JUÁREZ", "MONTO ASIGNADO (PESOS)": 1218541, "LATITUD": 20.278689, "LONGITUD": -98.212987 }, "geometry": { "type": "Point", "coordinates": [ -98.212987, 20.278689 ] } },
{ "type": "Feature", "properties": { "NO": 233, "ENTIDAD": "PUEBLA", "MUNICIPIO": "HUAQUECHULA", "PUEBLO INDIGENA O AFROMEXICANO": "NAHUA", "LOCALIDAD": "EL PROGRESO", "CLAVE LOC": 210690012, "TIPO DE ASENTAMIENTO": "COMUNIDAD INDIGENA", "NOMBRE": "EL PROGRESO", "MONTO ASIGNADO (PESOS)": 437896, "LATITUD": 19.896609, "LONGITUD": -97.543987 }, "geometry": { "type": "Point", "coordinates": [ -97.543987, 19.896609 ] } },
{ "type": "Feature", "properties": { "NO": 234, "ENTIDAD": "PUEBLA", "MUNICIPIO": "HUAQUECHULA", "PUEBLO INDIGENA O AFROMEXICANO": "NAHUA", "LOCALIDAD": "MORELOS MATLALA", "CLAVE LOC": 210690010, "TIPO DE ASENTAMIENTO": "COMUNIDAD INDIGENA", "NOMBRE": "MORELOS MATLALA", "MONTO ASIGNADO (PESOS)": 357868, "LATITUD": 18.694944, "LONGITUD": -98.596395 }, "geometry": { "type": "Point", "coordinates": [ -98.596395, 18.694944 ] } },
{ "type": "Feature", "properties": { "NO": 235, "ENTIDAD": "PUEBLA", "MUNICIPIO": "HUAQUECHULA", "PUEBLO INDIGENA O AFROMEXICANO": "NAHUA", "LOCALIDAD": "SAN ANTONIO CUAUTLA", "CLAVE LOC": 210690013, "TIPO DE ASENTAMIENTO": "COMUNIDAD INDIGENA", "NOMBRE": "SAN ANTONIO CUAUTLA", "MONTO ASIGNADO (PESOS)": 305324, "LATITUD": 18.80503, "LONGITUD": -98.553176 }, "geometry": { "type": "Point", "coordinates": [ -98.553176, 18.80503 ] } },
{ "type": "Feature", "properties": { "NO": 236, "ENTIDAD": "PUEBLA", "MUNICIPIO": "HUAQUECHULA", "PUEBLO INDIGENA O AFROMEXICANO": "NAHUA", "LOCALIDAD": "SAN DIEGO EL ORGANAL", "CLAVE LOC": 210690014, "TIPO DE ASENTAMIENTO": "COMUNIDAD INDIGENA", "NOMBRE": "SAN DIEGO EL ORGANAL", "MONTO ASIGNADO (PESOS)": 1876792, "LATITUD": 18.729154, "LONGITUD": -98.518116 }, "geometry": { "type": "Point", "coordinates": [ -98.518116, 18.729154 ] } },
{ "type": "Feature", "properties": { "NO": 237, "ENTIDAD": "PUEBLA", "MUNICIPIO": "HUAQUECHULA", "PUEBLO INDIGENA O AFROMEXICANO": "NAHUA", "LOCALIDAD": "SAN JUAN HUILUCO (HUILUCO)", "CLAVE LOC": 210690006, "TIPO DE ASENTAMIENTO": "COMUNIDAD INDIGENA", "NOMBRE": "SAN JUAN HUILUCO", "MONTO ASIGNADO (PESOS)": 1382071, "LATITUD": 18.789615, "LONGITUD": -98.449941 }, "geometry": { "type": "Point", "coordinates": [ -98.449941, 18.789615 ] } },
{ "type": "Feature", "properties": { "NO": 238, "ENTIDAD": "PUEBLA", "MUNICIPIO": "HUAQUECHULA", "PUEBLO INDIGENA O AFROMEXICANO": "NAHUA", "LOCALIDAD": "SANTA ANA COATEPEC", "CLAVE LOC": 210690019, "TIPO DE ASENTAMIENTO": "COMUNIDAD INDIGENA", "NOMBRE": "SANTA ANA COATEPEC", "MONTO ASIGNADO (PESOS)": 1176745, "LATITUD": 18.837436, "LONGITUD": -98.432643 }, "geometry": { "type": "Point", "coordinates": [ -98.432643, 18.837436 ] } },
{ "type": "Feature", "properties": { "NO": 239, "ENTIDAD": "PUEBLA", "MUNICIPIO": "HUAQUECHULA", "PUEBLO INDIGENA O AFROMEXICANO": "NAHUA", "LOCALIDAD": "SANTA CRUZ YANCUITLALPAN", "CLAVE LOC": 210690020, "TIPO DE ASENTAMIENTO": "COMUNIDAD INDIGENA", "NOMBRE": "SANTA CRUZ YANCUITLALPAN", "MONTO ASIGNADO (PESOS)": 240655, "LATITUD": 18.772454, "LONGITUD": -98.52462 }, "geometry": { "type": "Point", "coordinates": [ -98.52462, 18.772454 ] } },
{ "type": "Feature", "properties": { "NO": 240, "ENTIDAD": "PUEBLA", "MUNICIPIO": "HUAQUECHULA", "PUEBLO INDIGENA O AFROMEXICANO": "NAHUA", "LOCALIDAD": "SOTO Y GAMA", "CLAVE LOC": 210690023, "TIPO DE ASENTAMIENTO": "COMUNIDAD INDIGENA", "NOMBRE": "SOTO Y GAMA", "MONTO ASIGNADO (PESOS)": 571277, "LATITUD": 18.761459, "LONGITUD": -98.485826 }, "geometry": { "type": "Point", "coordinates": [ -98.485826, 18.761459 ] } },
{ "type": "Feature", "properties": { "NO": 241, "ENTIDAD": "PUEBLA", "MUNICIPIO": "HUAQUECHULA", "PUEBLO INDIGENA O AFROMEXICANO": "NAHUA", "LOCALIDAD": "TEACALCO DE DORANTES (SAN JOSE TEACALCO)", "CLAVE LOC": 210690024, "TIPO DE ASENTAMIENTO": "COMUNIDAD INDIGENA", "NOMBRE": "TEACALCO DE DORANTES", "MONTO ASIGNADO (PESOS)": 1556678, "LATITUD": 18.804481, "LONGITUD": -98.50818 }, "geometry": { "type": "Point", "coordinates": [ -98.50818, 18.804481 ] } },
{ "type": "Feature", "properties": { "NO": 242, "ENTIDAD": "PUEBLA", "MUNICIPIO": "HUAQUECHULA", "PUEBLO INDIGENA O AFROMEXICANO": "NAHUA", "LOCALIDAD": "TRONCONAL", "CLAVE LOC": 210690027, "TIPO DE ASENTAMIENTO": "COMUNIDAD INDIGENA", "NOMBRE": "TRONCONAL", "MONTO ASIGNADO (PESOS)": 1346503, "LATITUD": 18.805893, "LONGITUD": -98.483914 }, "geometry": { "type": "Point", "coordinates": [ -98.483914, 18.805893 ] } },
{ "type": "Feature", "properties": { "NO": 243, "ENTIDAD": "PUEBLA", "MUNICIPIO": "HUATLATLAUCA", "PUEBLO INDIGENA O AFROMEXICANO": "NAHUA", "LOCALIDAD": "AHUATEMPAN (SAN LUCAS AHUATEMPAN)", "CLAVE LOC": 210700002, "TIPO DE ASENTAMIENTO": "LOCALIDAD CON POBLACION\nINDIGENA", "NOMBRE": "AHUATEMPAN (SAN LUCAS AHUATEMPAN)", "MONTO ASIGNADO (PESOS)": 319875, "LATITUD": 18.721397, "LONGITUD": -98.063528 }, "geometry": { "type": "Point", "coordinates": [ -98.063528, 18.721397 ] } },
{ "type": "Feature", "properties": { "NO": 244, "ENTIDAD": "PUEBLA", "MUNICIPIO": "HUATLATLAUCA", "PUEBLO INDIGENA O AFROMEXICANO": "NAHUA", "LOCALIDAD": "ALVARO OBREGON", "CLAVE LOC": 210700003, "TIPO DE ASENTAMIENTO": "COMUNIDAD INDIGENA", "NOMBRE": "ÁLVARO OBREGÓN", "MONTO ASIGNADO (PESOS)": 159009, "LATITUD": 18.661649, "LONGITUD": -98.003544 }, "geometry": { "type": "Point", "coordinates": [ -98.003544, 18.661649 ] } },
{ "type": "Feature", "properties": { "NO": 245, "ENTIDAD": "PUEBLA", "MUNICIPIO": "HUATLATLAUCA", "PUEBLO INDIGENA O AFROMEXICANO": "NAHUA", "LOCALIDAD": "BARRANCA SAN MIGUEL", "CLAVE LOC": 210700031, "TIPO DE ASENTAMIENTO": "COMUNIDAD INDIGENA", "NOMBRE": "BARRANCA SAN MIGUEL", "MONTO ASIGNADO (PESOS)": 180835, "LATITUD": 18.651486, "LONGITUD": -97.989882 }, "geometry": { "type": "Point", "coordinates": [ -97.989882, 18.651486 ] } },
{ "type": "Feature", "properties": { "NO": 246, "ENTIDAD": "PUEBLA", "MUNICIPIO": "HUATLATLAUCA", "PUEBLO INDIGENA O AFROMEXICANO": "NAHUA", "LOCALIDAD": "CHIMALA", "CLAVE LOC": 210700018, "TIPO DE ASENTAMIENTO": "COMUNIDAD INDIGENA", "NOMBRE": "CHIMALA", "MONTO ASIGNADO (PESOS)": 238229, "LATITUD": 18.706121, "LONGITUD": -98.034574 }, "geometry": { "type": "Point", "coordinates": [ -98.034574, 18.706121 ] } },
{ "type": "Feature", "properties": { "NO": 247, "ENTIDAD": "PUEBLA", "MUNICIPIO": "HUATLATLAUCA", "PUEBLO INDIGENA O AFROMEXICANO": "NAHUA", "LOCALIDAD": "COPALCOTITLA", "CLAVE LOC": 210700006, "TIPO DE ASENTAMIENTO": "COMUNIDAD INDIGENA", "NOMBRE": "COPALCOTITLA", "MONTO ASIGNADO (PESOS)": 307749, "LATITUD": 18.693186, "LONGITUD": -98.013181 }, "geometry": { "type": "Point", "coordinates": [ -98.013181, 18.693186 ] } },
{ "type": "Feature", "properties": { "NO": 248, "ENTIDAD": "PUEBLA", "MUNICIPIO": "HUATLATLAUCA", "PUEBLO INDIGENA O AFROMEXICANO": "NAHUA", "LOCALIDAD": "EMILIANO ZAPATA", "CLAVE LOC": 210700008, "TIPO DE ASENTAMIENTO": "COMUNIDAD INDIGENA", "NOMBRE": "EMILIANO ZAPATA", "MONTO ASIGNADO (PESOS)": 399903, "LATITUD": 19.658291, "LONGITUD": -97.642032 }, "geometry": { "type": "Point", "coordinates": [ -97.642032, 19.658291 ] } },
{ "type": "Feature", "properties": { "NO": 249, "ENTIDAD": "PUEBLA", "MUNICIPIO": "HUATLATLAUCA", "PUEBLO INDIGENA O AFROMEXICANO": "NAHUA", "LOCALIDAD": "QUETZALAPA (SAN BALTAZAR QUETZALAPA)", "CLAVE LOC": 210700009, "TIPO DE ASENTAMIENTO": "COMUNIDAD INDIGENA", "NOMBRE": "SAN BALTAZAR QUETZALAPA", "MONTO ASIGNADO (PESOS)": 353826, "LATITUD": 18.707772, "LONGITUD": -98.056903 }, "geometry": { "type": "Point", "coordinates": [ -98.056903, 18.707772 ] } },
{ "type": "Feature", "properties": { "NO": 250, "ENTIDAD": "PUEBLA", "MUNICIPIO": "HUATLATLAUCA", "PUEBLO INDIGENA O AFROMEXICANO": "NAHUA", "LOCALIDAD": "SAN MIGUEL COSAHUATLA", "CLAVE LOC": 210700007, "TIPO DE ASENTAMIENTO": "COMUNIDAD INDIGENA", "NOMBRE": "SAN MIGUEL COSAHUATLA", "MONTO ASIGNADO (PESOS)": 341701, "LATITUD": 18.66499, "LONGITUD": -98.082466 }, "geometry": { "type": "Point", "coordinates": [ -98.082466, 18.66499 ] } },
{ "type": "Feature", "properties": { "NO": 251, "ENTIDAD": "PUEBLA", "MUNICIPIO": "HUATLATLAUCA", "PUEBLO INDIGENA O AFROMEXICANO": "NAHUA", "LOCALIDAD": "SAN NICOLAS ATLALPAN", "CLAVE LOC": 210700004, "TIPO DE ASENTAMIENTO": "COMUNIDAD INDIGENA", "NOMBRE": "SAN NICOLÁS ATLALPAN", "MONTO ASIGNADO (PESOS)": 417687, "LATITUD": 18.71791, "LONGITUD": -98.012976 }, "geometry": { "type": "Point", "coordinates": [ -98.012976, 18.71791 ] } },
{ "type": "Feature", "properties": { "NO": 252, "ENTIDAD": "PUEBLA", "MUNICIPIO": "HUATLATLAUCA", "PUEBLO INDIGENA O AFROMEXICANO": "NAHUA", "LOCALIDAD": "SAN PABLO ZOYATITLANAPAN", "CLAVE LOC": 210700014, "TIPO DE ASENTAMIENTO": "COMUNIDAD INDIGENA", "NOMBRE": "SAN PABLO ZOYATITLANAPAN", "MONTO ASIGNADO (PESOS)": 464573, "LATITUD": 18.656548, "LONGITUD": -98.150369 }, "geometry": { "type": "Point", "coordinates": [ -98.150369, 18.656548 ] } },
{ "type": "Feature", "properties": { "NO": 253, "ENTIDAD": "PUEBLA", "MUNICIPIO": "HUATLATLAUCA", "PUEBLO INDIGENA O AFROMEXICANO": "NAHUA", "LOCALIDAD": "SANTA MARIA COACUACAN", "CLAVE LOC": 210700005, "TIPO DE ASENTAMIENTO": "LOCALIDAD CON POBLACION\nINDIGENA", "NOMBRE": "SANTA MARIA COACUACAN", "MONTO ASIGNADO (PESOS)": 222870, "LATITUD": 18.665119, "LONGITUD": -98.1036 }, "geometry": { "type": "Point", "coordinates": [ -98.1036, 18.665119 ] } },
{ "type": "Feature", "properties": { "NO": 254, "ENTIDAD": "PUEBLA", "MUNICIPIO": "HUATLATLAUCA", "PUEBLO INDIGENA O AFROMEXICANO": "NAHUA", "LOCALIDAD": "SANTO TOMAS ATLIXILIHUIAN", "CLAVE LOC": 210700016, "TIPO DE ASENTAMIENTO": "COMUNIDAD INDIGENA", "NOMBRE": "SANTO TOMAS ATLIXILIHUIAN", "MONTO ASIGNADO (PESOS)": 130716, "LATITUD": 18.71366, "LONGITUD": -97.995642 }, "geometry": { "type": "Point", "coordinates": [ -97.995642, 18.71366 ] } },
{ "type": "Feature", "properties": { "NO": 255, "ENTIDAD": "PUEBLA", "MUNICIPIO": "HUATLATLAUCA", "PUEBLO INDIGENA O AFROMEXICANO": "NAHUA", "LOCALIDAD": "TEMPEXQUIXTLA", "CLAVE LOC": 210700010, "TIPO DE ASENTAMIENTO": "COMUNIDAD INDIGENA", "NOMBRE": "TEMPEXQUIXTLA", "MONTO ASIGNADO (PESOS)": 411484, "LATITUD": 18.687182, "LONGITUD": -98.007499 }, "geometry": { "type": "Point", "coordinates": [ -98.007499, 18.687182 ] } },
{ "type": "Feature", "properties": { "NO": 256, "ENTIDAD": "PUEBLA", "MUNICIPIO": "HUATLATLAUCA", "PUEBLO INDIGENA O AFROMEXICANO": "NAHUA", "LOCALIDAD": "TEPANACITLA (GUADALUPE TEPANACITLA)", "CLAVE LOC": 210700011, "TIPO DE ASENTAMIENTO": "COMUNIDAD INDIGENA", "NOMBRE": "TEPANACITLA (GUADALUPE - TEPANACITLA)", "MONTO ASIGNADO (PESOS)": 327958, "LATITUD": 18.727506, "LONGITUD": -98.02801 }, "geometry": { "type": "Point", "coordinates": [ -98.02801, 18.727506 ] } },
{ "type": "Feature", "properties": { "NO": 257, "ENTIDAD": "PUEBLA", "MUNICIPIO": "HUATLATLAUCA", "PUEBLO INDIGENA O AFROMEXICANO": "NAHUA", "LOCALIDAD": "TEPETZITZINTLA", "CLAVE LOC": 210700012, "TIPO DE ASENTAMIENTO": "COMUNIDAD INDIGENA", "NOMBRE": "SANTA CRUZ TEPETZITZINTLA", "MONTO ASIGNADO (PESOS)": 1177554, "LATITUD": 18.471535, "LONGITUD": -97.119014 }, "geometry": { "type": "Point", "coordinates": [ -97.119014, 18.471535 ] } },
{ "type": "Feature", "properties": { "NO": 258, "ENTIDAD": "PUEBLA", "MUNICIPIO": "HUATLATLAUCA", "PUEBLO INDIGENA O AFROMEXICANO": "NAHUA", "LOCALIDAD": "TOCHMATZINTLA", "CLAVE LOC": 210700013, "TIPO DE ASENTAMIENTO": "COMUNIDAD INDIGENA", "NOMBRE": "TOCHMATZINTLA", "MONTO ASIGNADO (PESOS)": 332569, "LATITUD": 18.7182, "LONGITUD": -98.04229 }, "geometry": { "type": "Point", "coordinates": [ -98.04229, 18.7182 ] } },
{ "type": "Feature", "properties": { "NO": 259, "ENTIDAD": "PUEBLA", "MUNICIPIO": "HUAUCHINANGO", "PUEBLO INDIGENA O AFROMEXICANO": "NAHUA", "LOCALIDAD": "AHUACATLAN", "CLAVE LOC": 210710002, "TIPO DE ASENTAMIENTO": "COMUNIDAD INDIGENA", "NOMBRE": "AHUACATLÁN.", "MONTO ASIGNADO (PESOS)": 2280564, "LATITUD": 20.138357, "LONGITUD": -98.006821 }, "geometry": { "type": "Point", "coordinates": [ -98.006821, 20.138357 ] } },
{ "type": "Feature", "properties": { "NO": 260, "ENTIDAD": "PUEBLA", "MUNICIPIO": "HUAUCHINANGO", "PUEBLO INDIGENA O AFROMEXICANO": "NAHUA", "LOCALIDAD": "ALSESECA", "CLAVE LOC": 210710003, "TIPO DE ASENTAMIENTO": "COMUNIDAD INDIGENA", "NOMBRE": "ALSESECA", "MONTO ASIGNADO (PESOS)": 466539, "LATITUD": 20.232254, "LONGITUD": -98.044683 }, "geometry": { "type": "Point", "coordinates": [ -98.044683, 20.232254 ] } },
{ "type": "Feature", "properties": { "NO": 261, "ENTIDAD": "PUEBLA", "MUNICIPIO": "HUAUCHINANGO", "PUEBLO INDIGENA O AFROMEXICANO": "NAHUA", "LOCALIDAD": "AYOHUIXCUAUTLA", "CLAVE LOC": 210710004, "TIPO DE ASENTAMIENTO": "COMUNIDAD INDIGENA", "NOMBRE": "AYOHUIXCUAUTLA", "MONTO ASIGNADO (PESOS)": 336042, "LATITUD": 20.25446, "LONGITUD": -98.059934 }, "geometry": { "type": "Point", "coordinates": [ -98.059934, 20.25446 ] } },
{ "type": "Feature", "properties": { "NO": 262, "ENTIDAD": "PUEBLA", "MUNICIPIO": "HUAUCHINANGO", "PUEBLO INDIGENA O AFROMEXICANO": "NAHUA", "LOCALIDAD": "CACAMOTLA", "CLAVE LOC": 210710074, "TIPO DE ASENTAMIENTO": "COMUNIDAD INDIGENA", "NOMBRE": "KAKAMOTLA", "MONTO ASIGNADO (PESOS)": 462771, "LATITUD": 20.131302, "LONGITUD": -98.055566 }, "geometry": { "type": "Point", "coordinates": [ -98.055566, 20.131302 ] } },
{ "type": "Feature", "properties": { "NO": 263, "ENTIDAD": "PUEBLA", "MUNICIPIO": "HUAUCHINANGO", "PUEBLO INDIGENA O AFROMEXICANO": "NAHUA", "LOCALIDAD": "CUAHUEYATLA", "CLAVE LOC": 210710010, "TIPO DE ASENTAMIENTO": "COMUNIDAD INDIGENA", "NOMBRE": "CUAHUEYATLA", "MONTO ASIGNADO (PESOS)": 406370, "LATITUD": 20.255331, "LONGITUD": -98.032487 }, "geometry": { "type": "Point", "coordinates": [ -98.032487, 20.255331 ] } },
{ "type": "Feature", "properties": { "NO": 264, "ENTIDAD": "PUEBLA", "MUNICIPIO": "HUAUCHINANGO", "PUEBLO INDIGENA O AFROMEXICANO": "NAHUA", "LOCALIDAD": "CUAUTLITA", "CLAVE LOC": 210710011, "TIPO DE ASENTAMIENTO": "COMUNIDAD INDIGENA", "NOMBRE": "CUAUTLITA", "MONTO ASIGNADO (PESOS)": 1954965, "LATITUD": 20.196406, "LONGITUD": -98.0241 }, "geometry": { "type": "Point", "coordinates": [ -98.0241, 20.196406 ] } },
{ "type": "Feature", "properties": { "NO": 265, "ENTIDAD": "PUEBLA", "MUNICIPIO": "HUAUCHINANGO", "PUEBLO INDIGENA O AFROMEXICANO": "NAHUA", "LOCALIDAD": "CUAUXINCA", "CLAVE LOC": 210710012, "TIPO DE ASENTAMIENTO": "COMUNIDAD INDIGENA", "NOMBRE": "CUAXINCA", "MONTO ASIGNADO (PESOS)": 276223, "LATITUD": 20.206724, "LONGITUD": -98.07328 }, "geometry": { "type": "Point", "coordinates": [ -98.07328, 20.206724 ] } },
{ "type": "Feature", "properties": { "NO": 266, "ENTIDAD": "PUEBLA", "MUNICIPIO": "HUAUCHINANGO", "PUEBLO INDIGENA O AFROMEXICANO": "NAHUA", "LOCALIDAD": "CUAXICALA", "CLAVE LOC": 210710013, "TIPO DE ASENTAMIENTO": "COMUNIDAD INDIGENA", "NOMBRE": "CUAXICALA", "MONTO ASIGNADO (PESOS)": 797620, "LATITUD": 20.237694, "LONGITUD": -98.025613 }, "geometry": { "type": "Point", "coordinates": [ -98.025613, 20.237694 ] } },
{ "type": "Feature", "properties": { "NO": 267, "ENTIDAD": "PUEBLA", "MUNICIPIO": "HUAUCHINANGO", "PUEBLO INDIGENA O AFROMEXICANO": "NAHUA", "LOCALIDAD": "HUILACAPIXTLA", "CLAVE LOC": 210710014, "TIPO DE ASENTAMIENTO": "COMUNIDAD INDIGENA", "NOMBRE": "HUILACAPIXTLA", "MONTO ASIGNADO (PESOS)": 1514643, "LATITUD": 20.205732, "LONGITUD": -98.083067 }, "geometry": { "type": "Point", "coordinates": [ -98.083067, 20.205732 ] } },
{ "type": "Feature", "properties": { "NO": 268, "ENTIDAD": "PUEBLA", "MUNICIPIO": "HUAUCHINANGO", "PUEBLO INDIGENA O AFROMEXICANO": "NAHUA", "LOCALIDAD": "LA PAZ", "CLAVE LOC": 210710077, "TIPO DE ASENTAMIENTO": "LOCALIDAD CON POBLACION\nINDIGENA", "NOMBRE": "LA PAZ", "MONTO ASIGNADO (PESOS)": 244696, "LATITUD": 19.157994, "LONGITUD": -97.635016 }, "geometry": { "type": "Point", "coordinates": [ -97.635016, 19.157994 ] } },
{ "type": "Feature", "properties": { "NO": 269, "ENTIDAD": "PUEBLA", "MUNICIPIO": "HUAUCHINANGO", "PUEBLO INDIGENA O AFROMEXICANO": "NAHUA", "LOCALIDAD": "LOS CAPULINES", "CLAVE LOC": 210710006, "TIPO DE ASENTAMIENTO": "LOCALIDAD CON POBLACION\nINDIGENA", "NOMBRE": "LOS CAPULINES", "MONTO ASIGNADO (PESOS)": 159818, "LATITUD": 19.231835, "LONGITUD": -97.764882 }, "geometry": { "type": "Point", "coordinates": [ -97.764882, 19.231835 ] } },
{ "type": "Feature", "properties": { "NO": 270, "ENTIDAD": "PUEBLA", "MUNICIPIO": "HUAUCHINANGO", "PUEBLO INDIGENA O AFROMEXICANO": "NAHUA", "LOCALIDAD": "MATLALUCA", "CLAVE LOC": 210710016, "TIPO DE ASENTAMIENTO": "COMUNIDAD INDIGENA", "NOMBRE": "MATLALUCA", "MONTO ASIGNADO (PESOS)": 239038, "LATITUD": 20.225719, "LONGITUD": -98.061795 }, "geometry": { "type": "Point", "coordinates": [ -98.061795, 20.225719 ] } },
{ "type": "Feature", "properties": { "NO": 271, "ENTIDAD": "PUEBLA", "MUNICIPIO": "HUAUCHINANGO", "PUEBLO INDIGENA O AFROMEXICANO": "NAHUA", "LOCALIDAD": "MESA DE CAPULINES", "CLAVE LOC": 210710017, "TIPO DE ASENTAMIENTO": "COMUNIDAD INDIGENA", "NOMBRE": "MESA DE CAPULINES", "MONTO ASIGNADO (PESOS)": 756394, "LATITUD": 20.111532, "LONGITUD": -98.111726 }, "geometry": { "type": "Point", "coordinates": [ -98.111726, 20.111532 ] } },
{ "type": "Feature", "properties": { "NO": 272, "ENTIDAD": "PUEBLA", "MUNICIPIO": "HUAUCHINANGO", "PUEBLO INDIGENA O AFROMEXICANO": "NAHUA", "LOCALIDAD": "MICHIUCA", "CLAVE LOC": 210710018, "TIPO DE ASENTAMIENTO": "COMUNIDAD INDIGENA", "NOMBRE": "MICHUCA", "MONTO ASIGNADO (PESOS)": 363527, "LATITUD": 20.199689, "LONGITUD": -98.037933 }, "geometry": { "type": "Point", "coordinates": [ -98.037933, 20.199689 ] } },
{ "type": "Feature", "properties": { "NO": 273, "ENTIDAD": "PUEBLA", "MUNICIPIO": "HUAUCHINANGO", "PUEBLO INDIGENA O AFROMEXICANO": "NAHUA", "LOCALIDAD": "NOPALA", "CLAVE LOC": 210710019, "TIPO DE ASENTAMIENTO": "COMUNIDAD INDIGENA", "NOMBRE": "NOPALA", "MONTO ASIGNADO (PESOS)": 533284, "LATITUD": 20.208013, "LONGITUD": -98.064981 }, "geometry": { "type": "Point", "coordinates": [ -98.064981, 20.208013 ] } },
{ "type": "Feature", "properties": { "NO": 274, "ENTIDAD": "PUEBLA", "MUNICIPIO": "HUAUCHINANGO", "PUEBLO INDIGENA O AFROMEXICANO": "NAHUA", "LOCALIDAD": "OCPACO", "CLAVE LOC": 210710042, "TIPO DE ASENTAMIENTO": "COMUNIDAD INDIGENA", "NOMBRE": "OCPACO.", "MONTO ASIGNADO (PESOS)": 1128583, "LATITUD": 20.147806, "LONGITUD": -98.034931 }, "geometry": { "type": "Point", "coordinates": [ -98.034931, 20.147806 ] } },
{ "type": "Feature", "properties": { "NO": 275, "ENTIDAD": "PUEBLA", "MUNICIPIO": "HUAUCHINANGO", "PUEBLO INDIGENA O AFROMEXICANO": "TOTONACO", "LOCALIDAD": "OZOMATLAN", "CLAVE LOC": 210710020, "TIPO DE ASENTAMIENTO": "COMUNIDAD INDIGENA", "NOMBRE": "OZOMATLAN", "MONTO ASIGNADO (PESOS)": 999189, "LATITUD": 20.280015, "LONGITUD": -98.037974 }, "geometry": { "type": "Point", "coordinates": [ -98.037974, 20.280015 ] } },
{ "type": "Feature", "properties": { "NO": 276, "ENTIDAD": "PUEBLA", "MUNICIPIO": "HUAUCHINANGO", "PUEBLO INDIGENA O AFROMEXICANO": "NAHUA", "LOCALIDAD": "PAPATLATLA", "CLAVE LOC": 210710021, "TIPO DE ASENTAMIENTO": "COMUNIDAD INDIGENA", "NOMBRE": "PAPATLATLA", "MONTO ASIGNADO (PESOS)": 519542, "LATITUD": 20.161999, "LONGITUD": -97.995165 }, "geometry": { "type": "Point", "coordinates": [ -97.995165, 20.161999 ] } },
{ "type": "Feature", "properties": { "NO": 277, "ENTIDAD": "PUEBLA", "MUNICIPIO": "HUAUCHINANGO", "PUEBLO INDIGENA O AFROMEXICANO": "NAHUA", "LOCALIDAD": "PAPATLAZOLCO", "CLAVE LOC": 210710022, "TIPO DE ASENTAMIENTO": "COMUNIDAD INDIGENA", "NOMBRE": "PAPATLAZOLCO", "MONTO ASIGNADO (PESOS)": 1924486, "LATITUD": 20.17618, "LONGITUD": -97.99216 }, "geometry": { "type": "Point", "coordinates": [ -97.99216, 20.17618 ] } },
{ "type": "Feature", "properties": { "NO": 278, "ENTIDAD": "PUEBLA", "MUNICIPIO": "HUAUCHINANGO", "PUEBLO INDIGENA O AFROMEXICANO": "NAHUA", "LOCALIDAD": "PATOLTECOYA", "CLAVE LOC": 210710023, "TIPO DE ASENTAMIENTO": "COMUNIDAD INDIGENA", "NOMBRE": "PATOLTECOYA", "MONTO ASIGNADO (PESOS)": 823488, "LATITUD": 20.207659, "LONGITUD": -98.032244 }, "geometry": { "type": "Point", "coordinates": [ -98.032244, 20.207659 ] } },
{ "type": "Feature", "properties": { "NO": 279, "ENTIDAD": "PUEBLA", "MUNICIPIO": "HUAUCHINANGO", "PUEBLO INDIGENA O AFROMEXICANO": "NAHUA", "LOCALIDAD": "PUGA", "CLAVE LOC": 210710025, "TIPO DE ASENTAMIENTO": "COMUNIDAD INDIGENA", "NOMBRE": "PUGA", "MONTO ASIGNADO (PESOS)": 803040, "LATITUD": 20.143944, "LONGITUD": -98.072414 }, "geometry": { "type": "Point", "coordinates": [ -98.072414, 20.143944 ] } },
{ "type": "Feature", "properties": { "NO": 280, "ENTIDAD": "PUEBLA", "MUNICIPIO": "HUAUCHINANGO", "PUEBLO INDIGENA O AFROMEXICANO": "NAHUA", "LOCALIDAD": "SAN MIGUEL ACUAUTLA", "CLAVE LOC": 210710026, "TIPO DE ASENTAMIENTO": "COMUNIDAD INDIGENA", "NOMBRE": "SAN MIGUEL ACUAUTLA", "MONTO ASIGNADO (PESOS)": 504991, "LATITUD": 20.216958, "LONGITUD": -98.024184 }, "geometry": { "type": "Point", "coordinates": [ -98.024184, 20.216958 ] } },
{ "type": "Feature", "properties": { "NO": 281, "ENTIDAD": "PUEBLA", "MUNICIPIO": "HUAUCHINANGO", "PUEBLO INDIGENA O AFROMEXICANO": "NAHUA", "LOCALIDAD": "TENANGO DE LAS FLORES", "CLAVE LOC": 210710027, "TIPO DE ASENTAMIENTO": "COMUNIDAD INDIGENA", "NOMBRE": "TENANGO DE LAS FLORES", "MONTO ASIGNADO (PESOS)": 1344976, "LATITUD": 20.203397, "LONGITUD": -97.98834 }, "geometry": { "type": "Point", "coordinates": [ -97.98834, 20.203397 ] } },
{ "type": "Feature", "properties": { "NO": 282, "ENTIDAD": "PUEBLA", "MUNICIPIO": "HUAUCHINANGO", "PUEBLO INDIGENA O AFROMEXICANO": "NAHUA", "LOCALIDAD": "TENOHUATLAN", "CLAVE LOC": 210710028, "TIPO DE ASENTAMIENTO": "COMUNIDAD INDIGENA", "NOMBRE": "TENOHUATLÁN", "MONTO ASIGNADO (PESOS)": 269308, "LATITUD": 20.203397, "LONGITUD": -97.98834 }, "geometry": { "type": "Point", "coordinates": [ -97.98834, 20.203397 ] } },
{ "type": "Feature", "properties": { "NO": 283, "ENTIDAD": "PUEBLA", "MUNICIPIO": "HUAUCHINANGO", "PUEBLO INDIGENA O AFROMEXICANO": "NAHUA", "LOCALIDAD": "TEOPANCINGO", "CLAVE LOC": 210710029, "TIPO DE ASENTAMIENTO": "COMUNIDAD INDIGENA", "NOMBRE": "TEOPANCINGO ALTO", "MONTO ASIGNADO (PESOS)": 952827, "LATITUD": 20.094564, "LONGITUD": -98.070273 }, "geometry": { "type": "Point", "coordinates": [ -98.070273, 20.094564 ] } },
{ "type": "Feature", "properties": { "NO": 284, "ENTIDAD": "PUEBLA", "MUNICIPIO": "HUAUCHINANGO", "PUEBLO INDIGENA O AFROMEXICANO": "NAHUA", "LOCALIDAD": "TEOPANCINGO", "CLAVE LOC": 210710029, "TIPO DE ASENTAMIENTO": "COMUNIDAD INDIGENA", "NOMBRE": "TEOPANCINGO BAJO", "MONTO ASIGNADO (PESOS)": 330898, "LATITUD": 20.094564, "LONGITUD": -98.070273 }, "geometry": { "type": "Point", "coordinates": [ -98.070273, 20.094564 ] } },
{ "type": "Feature", "properties": { "NO": 285, "ENTIDAD": "PUEBLA", "MUNICIPIO": "HUAUCHINANGO", "PUEBLO INDIGENA O AFROMEXICANO": "NAHUA", "LOCALIDAD": "TEPEHUAQUILA", "CLAVE LOC": 210710030, "TIPO DE ASENTAMIENTO": "COMUNIDAD INDIGENA", "NOMBRE": "TEPEHUAQUILA", "MONTO ASIGNADO (PESOS)": 171321, "LATITUD": 20.089844, "LONGITUD": -98.038411 }, "geometry": { "type": "Point", "coordinates": [ -98.038411, 20.089844 ] } },
{ "type": "Feature", "properties": { "NO": 286, "ENTIDAD": "PUEBLA", "MUNICIPIO": "HUAUCHINANGO", "PUEBLO INDIGENA O AFROMEXICANO": "TOTONACO", "LOCALIDAD": "TEPETZINTLA DE GALEANA", "CLAVE LOC": 210710031, "TIPO DE ASENTAMIENTO": "COMUNIDAD INDIGENA", "NOMBRE": "TEPETZINTLA DE GALEANA", "MONTO ASIGNADO (PESOS)": 969039, "LATITUD": 20.280515, "LONGITUD": -98.023107 }, "geometry": { "type": "Point", "coordinates": [ -98.023107, 20.280515 ] } },
{ "type": "Feature", "properties": { "NO": 287, "ENTIDAD": "PUEBLA", "MUNICIPIO": "HUAUCHINANGO", "PUEBLO INDIGENA O AFROMEXICANO": "NAHUA", "LOCALIDAD": "TLACOMULCO", "CLAVE LOC": 210710033, "TIPO DE ASENTAMIENTO": "COMUNIDAD INDIGENA", "NOMBRE": "TLACOMULCO", "MONTO ASIGNADO (PESOS)": 1595480, "LATITUD": 19.967777, "LONGITUD": -97.8475 }, "geometry": { "type": "Point", "coordinates": [ -97.8475, 19.967777 ] } },
{ "type": "Feature", "properties": { "NO": 288, "ENTIDAD": "PUEBLA", "MUNICIPIO": "HUAUCHINANGO", "PUEBLO INDIGENA O AFROMEXICANO": "NAHUA", "LOCALIDAD": "TLALMAYA", "CLAVE LOC": 210710035, "TIPO DE ASENTAMIENTO": "COMUNIDAD INDIGENA", "NOMBRE": "TLALMAYA", "MONTO ASIGNADO (PESOS)": 482357, "LATITUD": 20.158826, "LONGITUD": -97.984883 }, "geometry": { "type": "Point", "coordinates": [ -97.984883, 20.158826 ] } },
{ "type": "Feature", "properties": { "NO": 289, "ENTIDAD": "PUEBLA", "MUNICIPIO": "HUAUCHINANGO", "PUEBLO INDIGENA O AFROMEXICANO": "NAHUA", "LOCALIDAD": "XALTEPEC", "CLAVE LOC": 210710038, "TIPO DE ASENTAMIENTO": "COMUNIDAD INDIGENA", "NOMBRE": "NAHUAS", "MONTO ASIGNADO (PESOS)": 2167805, "LATITUD": 18.345873, "LONGITUD": -96.93936 }, "geometry": { "type": "Point", "coordinates": [ -96.93936, 18.345873 ] } },
{ "type": "Feature", "properties": { "NO": 290, "ENTIDAD": "PUEBLA", "MUNICIPIO": "HUAUCHINANGO", "PUEBLO INDIGENA O AFROMEXICANO": "NAHUA", "LOCALIDAD": "XILOCUAUTLA", "CLAVE LOC": 210710039, "TIPO DE ASENTAMIENTO": "LOCALIDAD CON POBLACION\nINDIGENA", "NOMBRE": "XILOCUAUTLA", "MONTO ASIGNADO (PESOS)": 1193721, "LATITUD": 20.138797, "LONGITUD": -98.022717 }, "geometry": { "type": "Point", "coordinates": [ -98.022717, 20.138797 ] } },
{ "type": "Feature", "properties": { "NO": 291, "ENTIDAD": "PUEBLA", "MUNICIPIO": "HUAUCHINANGO", "PUEBLO INDIGENA O AFROMEXICANO": "NAHUA", "LOCALIDAD": "XOPANAPA", "CLAVE LOC": 210710040, "TIPO DE ASENTAMIENTO": "LOCALIDAD CON POBLACION\nINDIGENA", "NOMBRE": "XOPANAPA", "MONTO ASIGNADO (PESOS)": 691408, "LATITUD": 18.530778, "LONGITUD": -97.202685 }, "geometry": { "type": "Point", "coordinates": [ -97.202685, 18.530778 ] } },
{ "type": "Feature", "properties": { "NO": 292, "ENTIDAD": "PUEBLA", "MUNICIPIO": "HUEHUETLA", "PUEBLO INDIGENA O AFROMEXICANO": "TOTONACO", "LOCALIDAD": "CHILOCOYO DEL CARMEN", "CLAVE LOC": 210720003, "TIPO DE ASENTAMIENTO": "COMUNIDAD INDIGENA", "NOMBRE": "CHILOCOYO EL CARMEN", "MONTO ASIGNADO (PESOS)": 1363502, "LATITUD": 20.080142, "LONGITUD": -97.654486 }, "geometry": { "type": "Point", "coordinates": [ -97.654486, 20.080142 ] } },
{ "type": "Feature", "properties": { "NO": 293, "ENTIDAD": "PUEBLA", "MUNICIPIO": "HUEHUETLA", "PUEBLO INDIGENA O AFROMEXICANO": "TOTONACO", "LOCALIDAD": "CHILOCOYO GUADALUPE", "CLAVE LOC": 210720012, "TIPO DE ASENTAMIENTO": "COMUNIDAD INDIGENA", "NOMBRE": "CHILOCOYO GUADALUPE", "MONTO ASIGNADO (PESOS)": 438705, "LATITUD": 20.086433, "LONGITUD": -97.647219 }, "geometry": { "type": "Point", "coordinates": [ -97.647219, 20.086433 ] } },
{ "type": "Feature", "properties": { "NO": 294, "ENTIDAD": "PUEBLA", "MUNICIPIO": "HUEHUETLA", "PUEBLO INDIGENA O AFROMEXICANO": "TOTONACO", "LOCALIDAD": "CINCO DE MAYO", "CLAVE LOC": 210720002, "TIPO DE ASENTAMIENTO": "COMUNIDAD INDIGENA", "NOMBRE": "CINCO DE MAYO", "MONTO ASIGNADO (PESOS)": 3061951, "LATITUD": 19.821218, "LONGITUD": -97.658699 }, "geometry": { "type": "Point", "coordinates": [ -97.658699, 19.821218 ] } },
{ "type": "Feature", "properties": { "NO": 295, "ENTIDAD": "PUEBLA", "MUNICIPIO": "HUEHUETLA", "PUEBLO INDIGENA O AFROMEXICANO": "TOTONACO", "LOCALIDAD": "FRANCISCO I. MADERO", "CLAVE LOC": 210720004, "TIPO DE ASENTAMIENTO": "COMUNIDAD INDIGENA", "NOMBRE": "FRANCISCO I. MADERO", "MONTO ASIGNADO (PESOS)": 842158, "LATITUD": 19.793746, "LONGITUD": -97.59402 }, "geometry": { "type": "Point", "coordinates": [ -97.59402, 19.793746 ] } },
{ "type": "Feature", "properties": { "NO": 296, "ENTIDAD": "PUEBLA", "MUNICIPIO": "HUEHUETLA", "PUEBLO INDIGENA O AFROMEXICANO": "TOTONACO", "LOCALIDAD": "KUWIK CHUCHUT", "CLAVE LOC": 210720013, "TIPO DE ASENTAMIENTO": "COMUNIDAD INDIGENA", "NOMBRE": "KUWIK CHUCHUT", "MONTO ASIGNADO (PESOS)": 1197677, "LATITUD": 20.111346, "LONGITUD": -97.609751 }, "geometry": { "type": "Point", "coordinates": [ -97.609751, 20.111346 ] } },
{ "type": "Feature", "properties": { "NO": 297, "ENTIDAD": "PUEBLA", "MUNICIPIO": "HUEHUETLA", "PUEBLO INDIGENA O AFROMEXICANO": "TOTONACO", "LOCALIDAD": "LEACAMAN", "CLAVE LOC": 210720005, "TIPO DE ASENTAMIENTO": "COMUNIDAD INDIGENA", "NOMBRE": "LEACAMAN", "MONTO ASIGNADO (PESOS)": 2540608, "LATITUD": 20.099303, "LONGITUD": -97.643503 }, "geometry": { "type": "Point", "coordinates": [ -97.643503, 20.099303 ] } },
{ "type": "Feature", "properties": { "NO": 298, "ENTIDAD": "PUEBLA", "MUNICIPIO": "HUEHUETLA", "PUEBLO INDIGENA O AFROMEXICANO": "TOTONACO", "LOCALIDAD": "LIPUNTAHUACA", "CLAVE LOC": 210720006, "TIPO DE ASENTAMIENTO": "COMUNIDAD INDIGENA", "NOMBRE": "LIPUNTAHUACA", "MONTO ASIGNADO (PESOS)": 2520508, "LATITUD": 20.090197, "LONGITUD": -97.628662 }, "geometry": { "type": "Point", "coordinates": [ -97.628662, 20.090197 ] } },
{ "type": "Feature", "properties": { "NO": 299, "ENTIDAD": "PUEBLA", "MUNICIPIO": "HUEHUETLA", "PUEBLO INDIGENA O AFROMEXICANO": "TOTONACO", "LOCALIDAD": "OZELONACAXTLA", "CLAVE LOC": 210720007, "TIPO DE ASENTAMIENTO": "COMUNIDAD INDIGENA", "NOMBRE": "OZELONACAXTLA", "MONTO ASIGNADO (PESOS)": 1603445, "LATITUD": 20.046929, "LONGITUD": -97.614139 }, "geometry": { "type": "Point", "coordinates": [ -97.614139, 20.046929 ] } },
{ "type": "Feature", "properties": { "NO": 300, "ENTIDAD": "PUEBLA", "MUNICIPIO": "HUEHUETLA", "PUEBLO INDIGENA O AFROMEXICANO": "TOTONACO", "LOCALIDAD": "PUTAXCAT", "CLAVE LOC": 210720008, "TIPO DE ASENTAMIENTO": "COMUNIDAD INDIGENA", "NOMBRE": "PUTAXCAT", "MONTO ASIGNADO (PESOS)": 753160, "LATITUD": 20.093845, "LONGITUD": -97.626053 }, "geometry": { "type": "Point", "coordinates": [ -97.626053, 20.093845 ] } },
{ "type": "Feature", "properties": { "NO": 301, "ENTIDAD": "PUEBLA", "MUNICIPIO": "HUEHUETLA", "PUEBLO INDIGENA O AFROMEXICANO": "TOTONACO", "LOCALIDAD": "PUTLUNICHUCHUT (VISTA HERMOSA)", "CLAVE LOC": 210720010, "TIPO DE ASENTAMIENTO": "COMUNIDAD INDIGENA", "NOMBRE": "PUTLUNICHUCHUT", "MONTO ASIGNADO (PESOS)": 1724045, "LATITUD": 20.155798, "LONGITUD": -97.615334 }, "geometry": { "type": "Point", "coordinates": [ -97.615334, 20.155798 ] } },
{ "type": "Feature", "properties": { "NO": 302, "ENTIDAD": "PUEBLA", "MUNICIPIO": "HUEHUETLA", "PUEBLO INDIGENA O AFROMEXICANO": "TOTONACO", "LOCALIDAD": "XONALPU", "CLAVE LOC": 210720009, "TIPO DE ASENTAMIENTO": "COMUNIDAD INDIGENA", "NOMBRE": "XONALPU", "MONTO ASIGNADO (PESOS)": 2649901, "LATITUD": 20.12761, "LONGITUD": -97.610411 }, "geometry": { "type": "Point", "coordinates": [ -97.610411, 20.12761 ] } },
{ "type": "Feature", "properties": { "NO": 303, "ENTIDAD": "PUEBLA", "MUNICIPIO": "HUEHUETLAN EL GRANDE", "PUEBLO INDIGENA O AFROMEXICANO": "NAHUA", "LOCALIDAD": "COLONIA AGRICOLA HIDALGO", "CLAVE LOC": 211500005, "TIPO DE ASENTAMIENTO": "COMUNIDAD INDIGENA", "NOMBRE": "COLONIA AGRICOLA HIDALGO ORIGINALMENTE\nSAN JOSÉ TLALLI IXTAC", "MONTO ASIGNADO (PESOS)": 177602, "LATITUD": 18.766769, "LONGITUD": -98.192998 }, "geometry": { "type": "Point", "coordinates": [ -98.192998, 18.766769 ] } },
{ "type": "Feature", "properties": { "NO": 304, "ENTIDAD": "PUEBLA", "MUNICIPIO": "HUEHUETLAN EL GRANDE", "PUEBLO INDIGENA O AFROMEXICANO": "NAHUA", "LOCALIDAD": "SAN JUAN COATETELCO", "CLAVE LOC": 211500004, "TIPO DE ASENTAMIENTO": "COMUNIDAD INDIGENA", "NOMBRE": "SAN JUAN COATETELCO", "MONTO ASIGNADO (PESOS)": 197811, "LATITUD": 18.716164, "LONGITUD": -98.075873 }, "geometry": { "type": "Point", "coordinates": [ -98.075873, 18.716164 ] } },
{ "type": "Feature", "properties": { "NO": 305, "ENTIDAD": "PUEBLA", "MUNICIPIO": "HUEYAPAN", "PUEBLO INDIGENA O AFROMEXICANO": "NAHUA", "LOCALIDAD": "AHUATEPEC", "CLAVE LOC": 210750002, "TIPO DE ASENTAMIENTO": "COMUNIDAD INDIGENA", "NOMBRE": "AHUATEPEC", "MONTO ASIGNADO (PESOS)": 1216520, "LATITUD": 19.892979, "LONGITUD": -97.598844 }, "geometry": { "type": "Point", "coordinates": [ -97.598844, 19.892979 ] } },
{ "type": "Feature", "properties": { "NO": 306, "ENTIDAD": "PUEBLA", "MUNICIPIO": "HUEYAPAN", "PUEBLO INDIGENA O AFROMEXICANO": "NAHUA", "LOCALIDAD": "ATMOLONI", "CLAVE LOC": 210750003, "TIPO DE ASENTAMIENTO": "COMUNIDAD INDIGENA", "NOMBRE": "ATMOLONI", "MONTO ASIGNADO (PESOS)": 139914, "LATITUD": 19.902539, "LONGITUD": -97.437265 }, "geometry": { "type": "Point", "coordinates": [ -97.437265, 19.902539 ] } },
{ "type": "Feature", "properties": { "NO": 307, "ENTIDAD": "PUEBLA", "MUNICIPIO": "HUEYAPAN", "PUEBLO INDIGENA O AFROMEXICANO": "NAHUA", "LOCALIDAD": "BARRIO ALTO", "CLAVE LOC": 210750027, "TIPO DE ASENTAMIENTO": "COMUNIDAD INDIGENA", "NOMBRE": "BARRIO ALTO", "MONTO ASIGNADO (PESOS)": 338467, "LATITUD": 19.876887, "LONGITUD": -97.446938 }, "geometry": { "type": "Point", "coordinates": [ -97.446938, 19.876887 ] } },
{ "type": "Feature", "properties": { "NO": 308, "ENTIDAD": "PUEBLA", "MUNICIPIO": "HUEYAPAN", "PUEBLO INDIGENA O AFROMEXICANO": "NAHUA", "LOCALIDAD": "BUENAVISTA", "CLAVE LOC": 210750028, "TIPO DE ASENTAMIENTO": "COMUNIDAD INDIGENA", "NOMBRE": "BUENAVISTA", "MONTO ASIGNADO (PESOS)": 180114, "LATITUD": 20.381592, "LONGITUD": -97.883822 }, "geometry": { "type": "Point", "coordinates": [ -97.883822, 20.381592 ] } },
{ "type": "Feature", "properties": { "NO": 309, "ENTIDAD": "PUEBLA", "MUNICIPIO": "HUEYAPAN", "PUEBLO INDIGENA O AFROMEXICANO": "NAHUA", "LOCALIDAD": "COLOSTITAN", "CLAVE LOC": 210750005, "TIPO DE ASENTAMIENTO": "COMUNIDAD INDIGENA", "NOMBRE": "COLOSTITÁN", "MONTO ASIGNADO (PESOS)": 237421, "LATITUD": 19.881349, "LONGITUD": -97.435079 }, "geometry": { "type": "Point", "coordinates": [ -97.435079, 19.881349 ] } },
{ "type": "Feature", "properties": { "NO": 310, "ENTIDAD": "PUEBLA", "MUNICIPIO": "HUEYAPAN", "PUEBLO INDIGENA O AFROMEXICANO": "NAHUA", "LOCALIDAD": "DOS RIOS", "CLAVE LOC": 210750025, "TIPO DE ASENTAMIENTO": "COMUNIDAD INDIGENA", "NOMBRE": "DOS RÍOS", "MONTO ASIGNADO (PESOS)": 129908, "LATITUD": 19.899695, "LONGITUD": -97.416987 }, "geometry": { "type": "Point", "coordinates": [ -97.416987, 19.899695 ] } },
{ "type": "Feature", "properties": { "NO": 311, "ENTIDAD": "PUEBLA", "MUNICIPIO": "HUEYAPAN", "PUEBLO INDIGENA O AFROMEXICANO": "NAHUA", "LOCALIDAD": "HUEYAPAN", "CLAVE LOC": 210750001, "TIPO DE ASENTAMIENTO": "COMUNIDAD INDIGENA", "NOMBRE": "SECCIÓN PRIMERA HUEYAPAN", "MONTO ASIGNADO (PESOS)": 5555678, "LATITUD": 19.994231, "LONGITUD": -97.957342 }, "geometry": { "type": "Point", "coordinates": [ -97.957342, 19.994231 ] } },
{ "type": "Feature", "properties": { "NO": 312, "ENTIDAD": "PUEBLA", "MUNICIPIO": "HUEYAPAN", "PUEBLO INDIGENA O AFROMEXICANO": "NAHUA", "LOCALIDAD": "HUEYAPAN", "CLAVE LOC": 210750001, "TIPO DE ASENTAMIENTO": "COMUNIDAD INDIGENA", "NOMBRE": "SECCIÓN SEGUNDA HUEYAPAN", "MONTO ASIGNADO (PESOS)": 191344, "LATITUD": 19.994231, "LONGITUD": -97.957342 }, "geometry": { "type": "Point", "coordinates": [ -97.957342, 19.994231 ] } },
{ "type": "Feature", "properties": { "NO": 313, "ENTIDAD": "PUEBLA", "MUNICIPIO": "HUEYAPAN", "PUEBLO INDIGENA O AFROMEXICANO": "NAHUA", "LOCALIDAD": "LA AURORA", "CLAVE LOC": 210750004, "TIPO DE ASENTAMIENTO": "COMUNIDAD INDIGENA", "NOMBRE": "LA AURORA", "MONTO ASIGNADO (PESOS)": 527966, "LATITUD": 19.097988, "LONGITUD": -97.670248 }, "geometry": { "type": "Point", "coordinates": [ -97.670248, 19.097988 ] } },
{ "type": "Feature", "properties": { "NO": 314, "ENTIDAD": "PUEBLA", "MUNICIPIO": "HUEYAPAN", "PUEBLO INDIGENA O AFROMEXICANO": "NAHUA", "LOCALIDAD": "NEXPAN", "CLAVE LOC": 210750007, "TIPO DE ASENTAMIENTO": "COMUNIDAD INDIGENA", "NOMBRE": "NEXPAN", "MONTO ASIGNADO (PESOS)": 1154111, "LATITUD": 19.883894, "LONGITUD": -97.42315 }, "geometry": { "type": "Point", "coordinates": [ -97.42315, 19.883894 ] } },
{ "type": "Feature", "properties": { "NO": 315, "ENTIDAD": "PUEBLA", "MUNICIPIO": "HUEYAPAN", "PUEBLO INDIGENA O AFROMEXICANO": "NAHUA", "LOCALIDAD": "PASO REAL", "CLAVE LOC": 210750010, "TIPO DE ASENTAMIENTO": "COMUNIDAD INDIGENA", "NOMBRE": "PASO REAL", "MONTO ASIGNADO (PESOS)": 165476, "LATITUD": 20.488894, "LONGITUD": -97.927783 }, "geometry": { "type": "Point", "coordinates": [ -97.927783, 20.488894 ] } },
{ "type": "Feature", "properties": { "NO": 316, "ENTIDAD": "PUEBLA", "MUNICIPIO": "HUEYAPAN", "PUEBLO INDIGENA O AFROMEXICANO": "NAHUA", "LOCALIDAD": "TALZINTAN", "CLAVE LOC": 210750032, "TIPO DE ASENTAMIENTO": "COMUNIDAD INDIGENA", "NOMBRE": "TALTZINTÁN", "MONTO ASIGNADO (PESOS)": 275589, "LATITUD": 19.889224, "LONGITUD": -97.41112 }, "geometry": { "type": "Point", "coordinates": [ -97.41112, 19.889224 ] } },
{ "type": "Feature", "properties": { "NO": 317, "ENTIDAD": "PUEBLA", "MUNICIPIO": "HUEYAPAN", "PUEBLO INDIGENA O AFROMEXICANO": "NAHUA", "LOCALIDAD": "TANAMACOYAN", "CLAVE LOC": 210750008, "TIPO DE ASENTAMIENTO": "COMUNIDAD INDIGENA", "NOMBRE": "TANAMACOYAN", "MONTO ASIGNADO (PESOS)": 1598714, "LATITUD": 19.890734, "LONGITUD": -97.429451 }, "geometry": { "type": "Point", "coordinates": [ -97.429451, 19.890734 ] } },
{ "type": "Feature", "properties": { "NO": 318, "ENTIDAD": "PUEBLA", "MUNICIPIO": "HUEYAPAN", "PUEBLO INDIGENA O AFROMEXICANO": "NAHUA", "LOCALIDAD": "TEPETITANAPAN", "CLAVE LOC": 210750030, "TIPO DE ASENTAMIENTO": "COMUNIDAD INDIGENA", "NOMBRE": "TEPETITANAPAN", "MONTO ASIGNADO (PESOS)": 236646, "LATITUD": 19.878525, "LONGITUD": -97.417438 }, "geometry": { "type": "Point", "coordinates": [ -97.417438, 19.878525 ] } },
{ "type": "Feature", "properties": { "NO": 319, "ENTIDAD": "PUEBLA", "MUNICIPIO": "HUEYAPAN", "PUEBLO INDIGENA O AFROMEXICANO": "NAHUA", "LOCALIDAD": "TETELILLA", "CLAVE LOC": 210750009, "TIPO DE ASENTAMIENTO": "COMUNIDAD INDIGENA", "NOMBRE": "TETELILLA", "MONTO ASIGNADO (PESOS)": 281073, "LATITUD": 19.919237, "LONGITUD": -97.399673 }, "geometry": { "type": "Point", "coordinates": [ -97.399673, 19.919237 ] } },
{ "type": "Feature", "properties": { "NO": 320, "ENTIDAD": "PUEBLA", "MUNICIPIO": "HUEYTAMALCO", "PUEBLO INDIGENA O AFROMEXICANO": "TOTONACO", "LOCALIDAD": "ARROYO BLANCO", "CLAVE LOC": 210760008, "TIPO DE ASENTAMIENTO": "COMUNIDAD INDIGENA", "NOMBRE": "ARROYO BLANCO", "MONTO ASIGNADO (PESOS)": 202661, "LATITUD": 20.196581, "LONGITUD": -97.385853 }, "geometry": { "type": "Point", "coordinates": [ -97.385853, 20.196581 ] } },
{ "type": "Feature", "properties": { "NO": 321, "ENTIDAD": "PUEBLA", "MUNICIPIO": "HUEYTAMALCO", "PUEBLO INDIGENA O AFROMEXICANO": "NAHUA", "LOCALIDAD": "CHILORNOS", "CLAVE LOC": 210760147, "TIPO DE ASENTAMIENTO": "COMUNIDAD INDIGENA", "NOMBRE": "CHILORNOS", "MONTO ASIGNADO (PESOS)": 138800, "LATITUD": 20.007927, "LONGITUD": -97.36785 }, "geometry": { "type": "Point", "coordinates": [ -97.36785, 20.007927 ] } },
{ "type": "Feature", "properties": { "NO": 322, "ENTIDAD": "PUEBLA", "MUNICIPIO": "HUEYTAMALCO", "PUEBLO INDIGENA O AFROMEXICANO": "NAHUA", "LOCALIDAD": "COLONIA DEL VALLE", "CLAVE LOC": 210760167, "TIPO DE ASENTAMIENTO": "COMUNIDAD INDIGENA", "NOMBRE": "COLONIA DEL VALLE", "MONTO ASIGNADO (PESOS)": 227852, "LATITUD": 20.032484, "LONGITUD": -97.350811 }, "geometry": { "type": "Point", "coordinates": [ -97.350811, 20.032484 ] } },
{ "type": "Feature", "properties": { "NO": 323, "ENTIDAD": "PUEBLA", "MUNICIPIO": "HUEYTAMALCO", "PUEBLO INDIGENA O AFROMEXICANO": "NAHUA", "LOCALIDAD": "EL PARAISO [UNIDAD HABITACIONAL]", "CLAVE LOC": 210760192, "TIPO DE ASENTAMIENTO": "COMUNIDAD INDIGENA", "NOMBRE": "UNIDAD HABITACIONAL EL PARAÍSO", "MONTO ASIGNADO (PESOS)": 193769, "LATITUD": 20.084301, "LONGITUD": -97.305026 }, "geometry": { "type": "Point", "coordinates": [ -97.305026, 20.084301 ] } },
{ "type": "Feature", "properties": { "NO": 324, "ENTIDAD": "PUEBLA", "MUNICIPIO": "HUEYTAMALCO", "PUEBLO INDIGENA O AFROMEXICANO": "NAHUA", "LOCALIDAD": "EL PROGRESO", "CLAVE LOC": 210760071, "TIPO DE ASENTAMIENTO": "COMUNIDAD INDIGENA", "NOMBRE": "EL PROGRESO.", "MONTO ASIGNADO (PESOS)": 1173512, "LATITUD": 19.896609, "LONGITUD": -97.543987 }, "geometry": { "type": "Point", "coordinates": [ -97.543987, 19.896609 ] } },
{ "type": "Feature", "properties": { "NO": 325, "ENTIDAD": "PUEBLA", "MUNICIPIO": "HUEYTAMALCO", "PUEBLO INDIGENA O AFROMEXICANO": "NAHUA", "LOCALIDAD": "JABALINCO", "CLAVE LOC": 210760148, "TIPO DE ASENTAMIENTO": "COMUNIDAD INDIGENA", "NOMBRE": "JABALINCO", "MONTO ASIGNADO (PESOS)": 153351, "LATITUD": 20.040012, "LONGITUD": -97.368527 }, "geometry": { "type": "Point", "coordinates": [ -97.368527, 20.040012 ] } },
{ "type": "Feature", "properties": { "NO": 326, "ENTIDAD": "PUEBLA", "MUNICIPIO": "HUEYTAMALCO", "PUEBLO INDIGENA O AFROMEXICANO": "NAHUA", "LOCALIDAD": "MONTECELLI", "CLAVE LOC": 210760130, "TIPO DE ASENTAMIENTO": "COMUNIDAD INDIGENA", "NOMBRE": "MONTECELI", "MONTO ASIGNADO (PESOS)": 399095, "LATITUD": 20.100581, "LONGITUD": -97.291325 }, "geometry": { "type": "Point", "coordinates": [ -97.291325, 20.100581 ] } },
{ "type": "Feature", "properties": { "NO": 327, "ENTIDAD": "PUEBLA", "MUNICIPIO": "HUEYTAMALCO", "PUEBLO INDIGENA O AFROMEXICANO": "NAHUA", "LOCALIDAD": "PUENTE DE PALO", "CLAVE LOC": 210760073, "TIPO DE ASENTAMIENTO": "COMUNIDAD INDIGENA", "NOMBRE": "PUENTE DE PALO", "MONTO ASIGNADO (PESOS)": 170326, "LATITUD": 19.989397, "LONGITUD": -97.299726 }, "geometry": { "type": "Point", "coordinates": [ -97.299726, 19.989397 ] } },
{ "type": "Feature", "properties": { "NO": 328, "ENTIDAD": "PUEBLA", "MUNICIPIO": "HUEYTAMALCO", "PUEBLO INDIGENA O AFROMEXICANO": "NAHUA", "LOCALIDAD": "SAN ANGEL", "CLAVE LOC": 210760078, "TIPO DE ASENTAMIENTO": "COMUNIDAD INDIGENA", "NOMBRE": "SAN ÁNGEL PUENTE ALTA", "MONTO ASIGNADO (PESOS)": 109699, "LATITUD": 19.927812, "LONGITUD": -97.283105 }, "geometry": { "type": "Point", "coordinates": [ -97.283105, 19.927812 ] } },
{ "type": "Feature", "properties": { "NO": 329, "ENTIDAD": "PUEBLA", "MUNICIPIO": "HUEYTAMALCO", "PUEBLO INDIGENA O AFROMEXICANO": "NAHUA", "LOCALIDAD": "SAN IGNACIO (SAN IGNACIO DEL PROGRESO)", "CLAVE LOC": 210760149, "TIPO DE ASENTAMIENTO": "COMUNIDAD INDIGENA", "NOMBRE": "SAN IGNACIO DEL PROGRESO.", "MONTO ASIGNADO (PESOS)": 230954, "LATITUD": 20.058237, "LONGITUD": -97.368094 }, "geometry": { "type": "Point", "coordinates": [ -97.368094, 20.058237 ] } },
{ "type": "Feature", "properties": { "NO": 330, "ENTIDAD": "PUEBLA", "MUNICIPIO": "HUEYTAMALCO", "PUEBLO INDIGENA O AFROMEXICANO": "NAHUA", "LOCALIDAD": "SAN LUIS", "CLAVE LOC": 210760152, "TIPO DE ASENTAMIENTO": "COMUNIDAD INDIGENA", "NOMBRE": "SAN LUIS CUAUXOCOTA", "MONTO ASIGNADO (PESOS)": 178410, "LATITUD": 20.246944, "LONGITUD": -97.965278 }, "geometry": { "type": "Point", "coordinates": [ -97.965278, 20.246944 ] } },
{ "type": "Feature", "properties": { "NO": 331, "ENTIDAD": "PUEBLA", "MUNICIPIO": "HUEYTAMALCO", "PUEBLO INDIGENA O AFROMEXICANO": "NAHUA", "LOCALIDAD": "VISTA HERMOSA", "CLAVE LOC": 210760140, "TIPO DE ASENTAMIENTO": "COMUNIDAD INDIGENA", "NOMBRE": "VISTA HERMOSA", "MONTO ASIGNADO (PESOS)": 218020, "LATITUD": 19.764989, "LONGITUD": -97.325151 }, "geometry": { "type": "Point", "coordinates": [ -97.325151, 19.764989 ] } },
{ "type": "Feature", "properties": { "NO": 332, "ENTIDAD": "PUEBLA", "MUNICIPIO": "HUEYTLALPAN", "PUEBLO INDIGENA O AFROMEXICANO": "TOTONACO", "LOCALIDAD": "CHILILIX", "CLAVE LOC": 210770005, "TIPO DE ASENTAMIENTO": "COMUNIDAD INDIGENA", "NOMBRE": "CHILILIX", "MONTO ASIGNADO (PESOS)": 559972, "LATITUD": 20.051005, "LONGITUD": -97.66314 }, "geometry": { "type": "Point", "coordinates": [ -97.66314, 20.051005 ] } },
{ "type": "Feature", "properties": { "NO": 333, "ENTIDAD": "PUEBLA", "MUNICIPIO": "HUEYTLALPAN", "PUEBLO INDIGENA O AFROMEXICANO": "TOTONACO", "LOCALIDAD": "EL ARENAL", "CLAVE LOC": 210770004, "TIPO DE ASENTAMIENTO": "COMUNIDAD INDIGENA", "NOMBRE": "EL ARENAL", "MONTO ASIGNADO (PESOS)": 312021, "LATITUD": 20.006718, "LONGITUD": -97.584581 }, "geometry": { "type": "Point", "coordinates": [ -97.584581, 20.006718 ] } },
{ "type": "Feature", "properties": { "NO": 334, "ENTIDAD": "PUEBLA", "MUNICIPIO": "HUEYTLALPAN", "PUEBLO INDIGENA O AFROMEXICANO": "TOTONACO", "LOCALIDAD": "EL CRUCERO", "CLAVE LOC": 210770006, "TIPO DE ASENTAMIENTO": "COMUNIDAD INDIGENA", "NOMBRE": "EL CRUCERO", "MONTO ASIGNADO (PESOS)": 858489, "LATITUD": 19.864393, "LONGITUD": -97.464413 }, "geometry": { "type": "Point", "coordinates": [ -97.464413, 19.864393 ] } },
{ "type": "Feature", "properties": { "NO": 335, "ENTIDAD": "PUEBLA", "MUNICIPIO": "HUEYTLALPAN", "PUEBLO INDIGENA O AFROMEXICANO": "TOTONACO", "LOCALIDAD": "HUEYTLALPAN", "CLAVE LOC": 210770001, "TIPO DE ASENTAMIENTO": "COMUNIDAD INDIGENA", "NOMBRE": "HUEYTLALPAN", "MONTO ASIGNADO (PESOS)": 2197664, "LATITUD": 20.025733, "LONGITUD": -97.698678 }, "geometry": { "type": "Point", "coordinates": [ -97.698678, 20.025733 ] } },
{ "type": "Feature", "properties": { "NO": 336, "ENTIDAD": "PUEBLA", "MUNICIPIO": "HUEYTLALPAN", "PUEBLO INDIGENA O AFROMEXICANO": "TOTONACO", "LOCALIDAD": "LA CRUZ DE CHACA", "CLAVE LOC": 210770007, "TIPO DE ASENTAMIENTO": "COMUNIDAD INDIGENA", "NOMBRE": "LA CRUZ DE CHACA", "MONTO ASIGNADO (PESOS)": 515533, "LATITUD": 20.033816, "LONGITUD": -97.717422 }, "geometry": { "type": "Point", "coordinates": [ -97.717422, 20.033816 ] } },
{ "type": "Feature", "properties": { "NO": 337, "ENTIDAD": "PUEBLA", "MUNICIPIO": "HUEYTLALPAN", "PUEBLO INDIGENA O AFROMEXICANO": "TOTONACO", "LOCALIDAD": "LA ESPERANZA", "CLAVE LOC": 210770010, "TIPO DE ASENTAMIENTO": "COMUNIDAD INDIGENA", "NOMBRE": "LA ESPERANZA", "MONTO ASIGNADO (PESOS)": 383627, "LATITUD": 20.406973, "LONGITUD": -97.830309 }, "geometry": { "type": "Point", "coordinates": [ -97.830309, 20.406973 ] } },
{ "type": "Feature", "properties": { "NO": 338, "ENTIDAD": "PUEBLA", "MUNICIPIO": "HUEYTLALPAN", "PUEBLO INDIGENA O AFROMEXICANO": "TOTONACO", "LOCALIDAD": "LA PALMA", "CLAVE LOC": 210770002, "TIPO DE ASENTAMIENTO": "COMUNIDAD INDIGENA", "NOMBRE": "LA PALMA", "MONTO ASIGNADO (PESOS)": 239038, "LATITUD": 19.738817, "LONGITUD": -97.326852 }, "geometry": { "type": "Point", "coordinates": [ -97.326852, 19.738817 ] } },
{ "type": "Feature", "properties": { "NO": 339, "ENTIDAD": "PUEBLA", "MUNICIPIO": "HUEYTLALPAN", "PUEBLO INDIGENA O AFROMEXICANO": "TOTONACO", "LOCALIDAD": "XANATL", "CLAVE LOC": 210770036, "TIPO DE ASENTAMIENTO": "COMUNIDAD INDIGENA", "NOMBRE": "XANAT", "MONTO ASIGNADO (PESOS)": 366510, "LATITUD": 20.05086, "LONGITUD": -97.67161 }, "geometry": { "type": "Point", "coordinates": [ -97.67161, 20.05086 ] } },
{ "type": "Feature", "properties": { "NO": 340, "ENTIDAD": "PUEBLA", "MUNICIPIO": "HUEYTLALPAN", "PUEBLO INDIGENA O AFROMEXICANO": "TOTONACO", "LOCALIDAD": "ZITLALA", "CLAVE LOC": 210770003, "TIPO DE ASENTAMIENTO": "COMUNIDAD INDIGENA", "NOMBRE": "ZITLALA", "MONTO ASIGNADO (PESOS)": 2366311, "LATITUD": 20.032734, "LONGITUD": -97.667996 }, "geometry": { "type": "Point", "coordinates": [ -97.667996, 20.032734 ] } },
{ "type": "Feature", "properties": { "NO": 341, "ENTIDAD": "PUEBLA", "MUNICIPIO": "HUITZILAN DE SERDAN", "PUEBLO INDIGENA O AFROMEXICANO": "NAHUA", "LOCALIDAD": "CHAGCHALOYAN DE ISIDRO BURGOS", "CLAVE LOC": 210780018, "TIPO DE ASENTAMIENTO": "COMUNIDAD INDIGENA", "NOMBRE": "CHAGCHALOYAN DE ISIDRO BURGOS", "MONTO ASIGNADO (PESOS)": 374035, "LATITUD": 19.937959, "LONGITUD": -97.709884 }, "geometry": { "type": "Point", "coordinates": [ -97.709884, 19.937959 ] } },
{ "type": "Feature", "properties": { "NO": 342, "ENTIDAD": "PUEBLA", "MUNICIPIO": "HUITZILAN DE SERDAN", "PUEBLO INDIGENA O AFROMEXICANO": "NAHUA", "LOCALIDAD": "CHAGCHALOYAN DE ZAPATA", "CLAVE LOC": 210780002, "TIPO DE ASENTAMIENTO": "COMUNIDAD INDIGENA", "NOMBRE": "CHAGCHALOYAN DE ZAPATA", "MONTO ASIGNADO (PESOS)": 443927, "LATITUD": 19.943626, "LONGITUD": -97.713526 }, "geometry": { "type": "Point", "coordinates": [ -97.713526, 19.943626 ] } },
{ "type": "Feature", "properties": { "NO": 343, "ENTIDAD": "PUEBLA", "MUNICIPIO": "HUITZILAN DE SERDAN", "PUEBLO INDIGENA O AFROMEXICANO": "NAHUA", "LOCALIDAD": "EL PARAISO", "CLAVE LOC": 210780015, "TIPO DE ASENTAMIENTO": "COMUNIDAD INDIGENA", "NOMBRE": "EL PARAÍSO", "MONTO ASIGNADO (PESOS)": 594677, "LATITUD": 19.992453, "LONGITUD": -97.686808 }, "geometry": { "type": "Point", "coordinates": [ -97.686808, 19.992453 ] } },
{ "type": "Feature", "properties": { "NO": 344, "ENTIDAD": "PUEBLA", "MUNICIPIO": "HUITZILAN DE SERDAN", "PUEBLO INDIGENA O AFROMEXICANO": "NAHUA", "LOCALIDAD": "HUITZILAN", "CLAVE LOC": 210780001, "TIPO DE ASENTAMIENTO": "COMUNIDAD INDIGENA", "NOMBRE": "HUITZILAN DE SERDÁN", "MONTO ASIGNADO (PESOS)": 9128222, "LATITUD": 19.966212, "LONGITUD": -97.693659 }, "geometry": { "type": "Point", "coordinates": [ -97.693659, 19.966212 ] } },
{ "type": "Feature", "properties": { "NO": 345, "ENTIDAD": "PUEBLA", "MUNICIPIO": "HUITZILAN DE SERDAN", "PUEBLO INDIGENA O AFROMEXICANO": "NAHUA", "LOCALIDAD": "PILACTITAN", "CLAVE LOC": 210780023, "TIPO DE ASENTAMIENTO": "COMUNIDAD INDIGENA", "NOMBRE": "PILACTITAN", "MONTO ASIGNADO (PESOS)": 154159, "LATITUD": 19.911625, "LONGITUD": -97.715984 }, "geometry": { "type": "Point", "coordinates": [ -97.715984, 19.911625 ] } },
{ "type": "Feature", "properties": { "NO": 346, "ENTIDAD": "PUEBLA", "MUNICIPIO": "HUITZILAN DE SERDAN", "PUEBLO INDIGENA O AFROMEXICANO": "NAHUA", "LOCALIDAD": "SAN ANTONIO TALTZINTAN", "CLAVE LOC": 210780003, "TIPO DE ASENTAMIENTO": "COMUNIDAD INDIGENA", "NOMBRE": "SAN ANTONIO TALTZINTAN", "MONTO ASIGNADO (PESOS)": 652114, "LATITUD": 19.908556, "LONGITUD": -97.731693 }, "geometry": { "type": "Point", "coordinates": [ -97.731693, 19.908556 ] } },
{ "type": "Feature", "properties": { "NO": 347, "ENTIDAD": "PUEBLA", "MUNICIPIO": "HUITZILAN DE SERDAN", "PUEBLO INDIGENA O AFROMEXICANO": "NAHUA", "LOCALIDAD": "SAN JOSE AOCOTZOTA", "CLAVE LOC": 210780009, "TIPO DE ASENTAMIENTO": "COMUNIDAD INDIGENA", "NOMBRE": "SAN JOSÉ AOCOTZOTA", "MONTO ASIGNADO (PESOS)": 585828, "LATITUD": 19.95024, "LONGITUD": -97.707457 }, "geometry": { "type": "Point", "coordinates": [ -97.707457, 19.95024 ] } },
{ "type": "Feature", "properties": { "NO": 348, "ENTIDAD": "PUEBLA", "MUNICIPIO": "HUITZILAN DE SERDAN", "PUEBLO INDIGENA O AFROMEXICANO": "NAHUA", "LOCALIDAD": "SAN MIGUEL DEL PROGRESO", "CLAVE LOC": 210780005, "TIPO DE ASENTAMIENTO": "COMUNIDAD INDIGENA", "NOMBRE": "SAN MIGUEL DEL PROGRESO.", "MONTO ASIGNADO (PESOS)": 3927507, "LATITUD": 19.987811, "LONGITUD": -97.665969 }, "geometry": { "type": "Point", "coordinates": [ -97.665969, 19.987811 ] } },
{ "type": "Feature", "properties": { "NO": 349, "ENTIDAD": "PUEBLA", "MUNICIPIO": "HUITZILAN DE SERDAN", "PUEBLO INDIGENA O AFROMEXICANO": "NAHUA", "LOCALIDAD": "TEPETZINTLA", "CLAVE LOC": 210780016, "TIPO DE ASENTAMIENTO": "COMUNIDAD INDIGENA", "NOMBRE": "TEPETZINTLA", "MONTO ASIGNADO (PESOS)": 357246, "LATITUD": 19.972654, "LONGITUD": -97.479203 }, "geometry": { "type": "Point", "coordinates": [ -97.479203, 19.972654 ] } },
{ "type": "Feature", "properties": { "NO": 350, "ENTIDAD": "PUEBLA", "MUNICIPIO": "HUITZILAN DE SERDAN", "PUEBLO INDIGENA O AFROMEXICANO": "NAHUA", "LOCALIDAD": "XINACHAPAN DE ALLENDE", "CLAVE LOC": 210780007, "TIPO DE ASENTAMIENTO": "COMUNIDAD INDIGENA", "NOMBRE": "XINACHAPA DE ALLENDE", "MONTO ASIGNADO (PESOS)": 708995, "LATITUD": 19.967738, "LONGITUD": -97.679978 }, "geometry": { "type": "Point", "coordinates": [ -97.679978, 19.967738 ] } },
{ "type": "Feature", "properties": { "NO": 351, "ENTIDAD": "PUEBLA", "MUNICIPIO": "HUITZILAN DE SERDAN", "PUEBLO INDIGENA O AFROMEXICANO": "NAHUA", "LOCALIDAD": "ZOYOTLA", "CLAVE LOC": 210780008, "TIPO DE ASENTAMIENTO": "COMUNIDAD INDIGENA", "NOMBRE": "LA MONERA", "MONTO ASIGNADO (PESOS)": 872308, "LATITUD": 19.927452, "LONGITUD": -97.693511 }, "geometry": { "type": "Point", "coordinates": [ -97.693511, 19.927452 ] } },
{ "type": "Feature", "properties": { "NO": 352, "ENTIDAD": "PUEBLA", "MUNICIPIO": "IXCAMILPA DE GUERRERO", "PUEBLO INDIGENA O AFROMEXICANO": "NAHUA", "LOCALIDAD": "CUAGUEXQUITEPEC", "CLAVE LOC": 210810015, "TIPO DE ASENTAMIENTO": "LOCALIDAD CON POBLACION\nINDIGENA", "NOMBRE": "CUAGUEXQUITEPEC", "MONTO ASIGNADO (PESOS)": 160014, "LATITUD": 17.966867, "LONGITUD": -98.692032 }, "geometry": { "type": "Point", "coordinates": [ -98.692032, 17.966867 ] } },
{ "type": "Feature", "properties": { "NO": 353, "ENTIDAD": "PUEBLA", "MUNICIPIO": "IXTACAMAXTITLAN", "PUEBLO INDIGENA O AFROMEXICANO": "NAHUA", "LOCALIDAD": "ACAYUCAN", "CLAVE LOC": 210830060, "TIPO DE ASENTAMIENTO": "COMUNIDAD INDIGENA", "NOMBRE": "ACAYUCAN", "MONTO ASIGNADO (PESOS)": 113741, "LATITUD": 19.688681, "LONGITUD": -97.916818 }, "geometry": { "type": "Point", "coordinates": [ -97.916818, 19.688681 ] } },
{ "type": "Feature", "properties": { "NO": 354, "ENTIDAD": "PUEBLA", "MUNICIPIO": "IXTACAMAXTITLAN", "PUEBLO INDIGENA O AFROMEXICANO": "NAHUA", "LOCALIDAD": "ALMEYA", "CLAVE LOC": 210830062, "TIPO DE ASENTAMIENTO": "COMUNIDAD INDIGENA", "NOMBRE": "ALMEYA", "MONTO ASIGNADO (PESOS)": 252780, "LATITUD": 19.917731, "LONGITUD": -98.026121 }, "geometry": { "type": "Point", "coordinates": [ -98.026121, 19.917731 ] } },
{ "type": "Feature", "properties": { "NO": 355, "ENTIDAD": "PUEBLA", "MUNICIPIO": "IXTACAMAXTITLAN", "PUEBLO INDIGENA O AFROMEXICANO": "NAHUA", "LOCALIDAD": "ANALCO (CHANCUAGCO)", "CLAVE LOC": 210830004, "TIPO DE ASENTAMIENTO": "COMUNIDAD INDIGENA", "NOMBRE": "ANALCO", "MONTO ASIGNADO (PESOS)": 284306, "LATITUD": 19.584977, "LONGITUD": -97.823371 }, "geometry": { "type": "Point", "coordinates": [ -97.823371, 19.584977 ] } },
{ "type": "Feature", "properties": { "NO": 356, "ENTIDAD": "PUEBLA", "MUNICIPIO": "IXTACAMAXTITLAN", "PUEBLO INDIGENA O AFROMEXICANO": "NAHUA", "LOCALIDAD": "CAPULUAPAN DE LAS AGUAS", "CLAVE LOC": 210830008, "TIPO DE ASENTAMIENTO": "COMUNIDAD INDIGENA", "NOMBRE": "CAPULUAPAN DE LAS AGUAS", "MONTO ASIGNADO (PESOS)": 277839, "LATITUD": 19.56522, "LONGITUD": -97.777224 }, "geometry": { "type": "Point", "coordinates": [ -97.777224, 19.56522 ] } },
{ "type": "Feature", "properties": { "NO": 357, "ENTIDAD": "PUEBLA", "MUNICIPIO": "IXTACAMAXTITLAN", "PUEBLO INDIGENA O AFROMEXICANO": "NAHUA", "LOCALIDAD": "CHIPILO (CUATEXMOLA)", "CLAVE LOC": 210830073, "TIPO DE ASENTAMIENTO": "LOCALIDAD CON POBLACION\nINDIGENA", "NOMBRE": "CHIPILO (CUATEXMOLA)", "MONTO ASIGNADO (PESOS)": 137183, "LATITUD": 19.497684, "LONGITUD": -97.847581 }, "geometry": { "type": "Point", "coordinates": [ -97.847581, 19.497684 ] } },
{ "type": "Feature", "properties": { "NO": 358, "ENTIDAD": "PUEBLA", "MUNICIPIO": "IXTACAMAXTITLAN", "PUEBLO INDIGENA O AFROMEXICANO": "NAHUA", "LOCALIDAD": "CORRAL DE PIEDRA", "CLAVE LOC": 210830153, "TIPO DE ASENTAMIENTO": "COMUNIDAD INDIGENA", "NOMBRE": "CORRAL DE PIEDRA", "MONTO ASIGNADO (PESOS)": 110507, "LATITUD": 19.6678, "LONGITUD": -97.925954 }, "geometry": { "type": "Point", "coordinates": [ -97.925954, 19.6678 ] } },
{ "type": "Feature", "properties": { "NO": 359, "ENTIDAD": "PUEBLA", "MUNICIPIO": "IXTACAMAXTITLAN", "PUEBLO INDIGENA O AFROMEXICANO": "NAHUA", "LOCALIDAD": "CRUZ DE OCOTE", "CLAVE LOC": 210830011, "TIPO DE ASENTAMIENTO": "COMUNIDAD INDIGENA", "NOMBRE": "CRUZ DE OCOTE", "MONTO ASIGNADO (PESOS)": 217802, "LATITUD": 19.723449, "LONGITUD": -97.855392 }, "geometry": { "type": "Point", "coordinates": [ -97.855392, 19.723449 ] } },
{ "type": "Feature", "properties": { "NO": 360, "ENTIDAD": "PUEBLA", "MUNICIPIO": "IXTACAMAXTITLAN", "PUEBLO INDIGENA O AFROMEXICANO": "NAHUA", "LOCALIDAD": "CUAHUIGTIC", "CLAVE LOC": 210830012, "TIPO DE ASENTAMIENTO": "COMUNIDAD INDIGENA", "NOMBRE": "CUAHUIGTIC", "MONTO ASIGNADO (PESOS)": 389908, "LATITUD": 19.676787, "LONGITUD": -97.807193 }, "geometry": { "type": "Point", "coordinates": [ -97.807193, 19.676787 ] } },
{ "type": "Feature", "properties": { "NO": 361, "ENTIDAD": "PUEBLA", "MUNICIPIO": "IXTACAMAXTITLAN", "PUEBLO INDIGENA O AFROMEXICANO": "NAHUA", "LOCALIDAD": "CUATEXMOLA (XONACATITLA)", "CLAVE LOC": 210830014, "TIPO DE ASENTAMIENTO": "COMUNIDAD INDIGENA", "NOMBRE": "CUATEXMOLA", "MONTO ASIGNADO (PESOS)": 1012168, "LATITUD": 19.502137, "LONGITUD": -97.828599 }, "geometry": { "type": "Point", "coordinates": [ -97.828599, 19.502137 ] } },
{ "type": "Feature", "properties": { "NO": 362, "ENTIDAD": "PUEBLA", "MUNICIPIO": "IXTACAMAXTITLAN", "PUEBLO INDIGENA O AFROMEXICANO": "NAHUA", "LOCALIDAD": "CUXAC (SAN ANTONIO)", "CLAVE LOC": 210830079, "TIPO DE ASENTAMIENTO": "COMUNIDAD INDIGENA", "NOMBRE": "CUXAC SAN ANTONIO DE LOS PINOS", "MONTO ASIGNADO (PESOS)": 204278, "LATITUD": 19.649614, "LONGITUD": -97.92713 }, "geometry": { "type": "Point", "coordinates": [ -97.92713, 19.649614 ] } },
{ "type": "Feature", "properties": { "NO": 363, "ENTIDAD": "PUEBLA", "MUNICIPIO": "IXTACAMAXTITLAN", "PUEBLO INDIGENA O AFROMEXICANO": "NAHUA", "LOCALIDAD": "EL CAPULIN OCOJALA", "CLAVE LOC": 210830070, "TIPO DE ASENTAMIENTO": "COMUNIDAD INDIGENA", "NOMBRE": "EL CAPULÍN OCOJALA", "MONTO ASIGNADO (PESOS)": 658432, "LATITUD": 19.698378, "LONGITUD": -97.938378 }, "geometry": { "type": "Point", "coordinates": [ -97.938378, 19.698378 ] } },
{ "type": "Feature", "properties": { "NO": 364, "ENTIDAD": "PUEBLA", "MUNICIPIO": "IXTACAMAXTITLAN", "PUEBLO INDIGENA O AFROMEXICANO": "NAHUA", "LOCALIDAD": "EL SABINAL (SAN PEDRO)", "CLAVE LOC": 210830106, "TIPO DE ASENTAMIENTO": "COMUNIDAD INDIGENA", "NOMBRE": "EL SABINAL (SAN PEDRO)", "MONTO ASIGNADO (PESOS)": 152542, "LATITUD": 19.57634, "LONGITUD": -97.816421 }, "geometry": { "type": "Point", "coordinates": [ -97.816421, 19.57634 ] } },
{ "type": "Feature", "properties": { "NO": 365, "ENTIDAD": "PUEBLA", "MUNICIPIO": "IXTACAMAXTITLAN", "PUEBLO INDIGENA O AFROMEXICANO": "NAHUA", "LOCALIDAD": "HUIXCOLOTLA", "CLAVE LOC": 210830016, "TIPO DE ASENTAMIENTO": "COMUNIDAD INDIGENA", "NOMBRE": "HUIXCOLOTLA", "MONTO ASIGNADO (PESOS)": 308557, "LATITUD": 19.581009, "LONGITUD": -97.775513 }, "geometry": { "type": "Point", "coordinates": [ -97.775513, 19.581009 ] } },
{ "type": "Feature", "properties": { "NO": 366, "ENTIDAD": "PUEBLA", "MUNICIPIO": "IXTACAMAXTITLAN", "PUEBLO INDIGENA O AFROMEXICANO": "NAHUA", "LOCALIDAD": "JALACINGO (JALACINGO TEXAS)", "CLAVE LOC": 210830057, "TIPO DE ASENTAMIENTO": "COMUNIDAD INDIGENA", "NOMBRE": "JALACINGO", "MONTO ASIGNADO (PESOS)": 123441, "LATITUD": 19.587779, "LONGITUD": -97.731094 }, "geometry": { "type": "Point", "coordinates": [ -97.731094, 19.587779 ] } },
{ "type": "Feature", "properties": { "NO": 367, "ENTIDAD": "PUEBLA", "MUNICIPIO": "IXTACAMAXTITLAN", "PUEBLO INDIGENA O AFROMEXICANO": "NAHUA", "LOCALIDAD": "LA MESA", "CLAVE LOC": 210830019, "TIPO DE ASENTAMIENTO": "COMUNIDAD INDIGENA", "NOMBRE": "LA MESA", "MONTO ASIGNADO (PESOS)": 330383, "LATITUD": 18.367115, "LONGITUD": -97.477508 }, "geometry": { "type": "Point", "coordinates": [ -97.477508, 18.367115 ] } },
{ "type": "Feature", "properties": { "NO": 368, "ENTIDAD": "PUEBLA", "MUNICIPIO": "IXTACAMAXTITLAN", "PUEBLO INDIGENA O AFROMEXICANO": "NAHUA", "LOCALIDAD": "LA VEGA", "CLAVE LOC": 210830125, "TIPO DE ASENTAMIENTO": "COMUNIDAD INDIGENA", "NOMBRE": "LA VEGA", "MONTO ASIGNADO (PESOS)": 131525, "LATITUD": 19.673815, "LONGITUD": -97.914394 }, "geometry": { "type": "Point", "coordinates": [ -97.914394, 19.673815 ] } },
{ "type": "Feature", "properties": { "NO": 369, "ENTIDAD": "PUEBLA", "MUNICIPIO": "IXTACAMAXTITLAN", "PUEBLO INDIGENA O AFROMEXICANO": "NAHUA", "LOCALIDAD": "LAGUNILLA PEDERNALES", "CLAVE LOC": 210830026, "TIPO DE ASENTAMIENTO": "COMUNIDAD INDIGENA", "NOMBRE": "LAGUNILLA PEDERNALES", "MONTO ASIGNADO (PESOS)": 923204, "LATITUD": 19.633666, "LONGITUD": -97.946199 }, "geometry": { "type": "Point", "coordinates": [ -97.946199, 19.633666 ] } },
{ "type": "Feature", "properties": { "NO": 370, "ENTIDAD": "PUEBLA", "MUNICIPIO": "IXTACAMAXTITLAN", "PUEBLO INDIGENA O AFROMEXICANO": "NAHUA", "LOCALIDAD": "LAS BARRANCAS", "CLAVE LOC": 210830006, "TIPO DE ASENTAMIENTO": "COMUNIDAD INDIGENA", "NOMBRE": "LAS BARRANCAS", "MONTO ASIGNADO (PESOS)": 270564, "LATITUD": 19.625666, "LONGITUD": -97.743141 }, "geometry": { "type": "Point", "coordinates": [ -97.743141, 19.625666 ] } },
{ "type": "Feature", "properties": { "NO": 371, "ENTIDAD": "PUEBLA", "MUNICIPIO": "IXTACAMAXTITLAN", "PUEBLO INDIGENA O AFROMEXICANO": "NAHUA", "LOCALIDAD": "MINILLAS (LA GARITA)", "CLAVE LOC": 210830059, "TIPO DE ASENTAMIENTO": "COMUNIDAD INDIGENA", "NOMBRE": "MINILLAS (LA GARITA)", "MONTO ASIGNADO (PESOS)": 237421, "LATITUD": 19.485928, "LONGITUD": -97.813886 }, "geometry": { "type": "Point", "coordinates": [ -97.813886, 19.485928 ] } },
{ "type": "Feature", "properties": { "NO": 372, "ENTIDAD": "PUEBLA", "MUNICIPIO": "IXTACAMAXTITLAN", "PUEBLO INDIGENA O AFROMEXICANO": "NAHUA", "LOCALIDAD": "OCOTLA", "CLAVE LOC": 210830024, "TIPO DE ASENTAMIENTO": "COMUNIDAD INDIGENA", "NOMBRE": "OCOTLA", "MONTO ASIGNADO (PESOS)": 247952, "LATITUD": 19.647328, "LONGITUD": -97.768717 }, "geometry": { "type": "Point", "coordinates": [ -97.768717, 19.647328 ] } },
{ "type": "Feature", "properties": { "NO": 373, "ENTIDAD": "PUEBLA", "MUNICIPIO": "IXTACAMAXTITLAN", "PUEBLO INDIGENA O AFROMEXICANO": "NAHUA", "LOCALIDAD": "OYAMETEPEC", "CLAVE LOC": 210830025, "TIPO DE ASENTAMIENTO": "COMUNIDAD INDIGENA", "NOMBRE": "OYAMETEPEC", "MONTO ASIGNADO (PESOS)": 530859, "LATITUD": 19.558194, "LONGITUD": -97.761769 }, "geometry": { "type": "Point", "coordinates": [ -97.761769, 19.558194 ] } },
{ "type": "Feature", "properties": { "NO": 374, "ENTIDAD": "PUEBLA", "MUNICIPIO": "IXTACAMAXTITLAN", "PUEBLO INDIGENA O AFROMEXICANO": "NAHUA", "LOCALIDAD": "PLAN DE LA FLOR", "CLAVE LOC": 210830028, "TIPO DE ASENTAMIENTO": "COMUNIDAD INDIGENA", "NOMBRE": "PLAN DE LA FLOR", "MONTO ASIGNADO (PESOS)": 256014, "LATITUD": 19.560634, "LONGITUD": -97.79532 }, "geometry": { "type": "Point", "coordinates": [ -97.79532, 19.560634 ] } },
{ "type": "Feature", "properties": { "NO": 375, "ENTIDAD": "PUEBLA", "MUNICIPIO": "IXTACAMAXTITLAN", "PUEBLO INDIGENA O AFROMEXICANO": "NAHUA", "LOCALIDAD": "RANCHITOS", "CLAVE LOC": 210830100, "TIPO DE ASENTAMIENTO": "LOCALIDAD CON POBLACION\nINDIGENA", "NOMBRE": "RANCHITOS", "MONTO ASIGNADO (PESOS)": 136375, "LATITUD": 19.541206, "LONGITUD": -97.815554 }, "geometry": { "type": "Point", "coordinates": [ -97.815554, 19.541206 ] } },
{ "type": "Feature", "properties": { "NO": 376, "ENTIDAD": "PUEBLA", "MUNICIPIO": "IXTACAMAXTITLAN", "PUEBLO INDIGENA O AFROMEXICANO": "NAHUA", "LOCALIDAD": "SANTA MARIA ZOTOLTEPEC", "CLAVE LOC": 210830029, "TIPO DE ASENTAMIENTO": "COMUNIDAD INDIGENA", "NOMBRE": "SANTA MARÍA SOTOLTEPEC", "MONTO ASIGNADO (PESOS)": 471040, "LATITUD": 19.658943, "LONGITUD": -97.868625 }, "geometry": { "type": "Point", "coordinates": [ -97.868625, 19.658943 ] } },
{ "type": "Feature", "properties": { "NO": 377, "ENTIDAD": "PUEBLA", "MUNICIPIO": "IXTACAMAXTITLAN", "PUEBLO INDIGENA O AFROMEXICANO": "NAHUA", "LOCALIDAD": "TAGCOTEPEC", "CLAVE LOC": 210830030, "TIPO DE ASENTAMIENTO": "COMUNIDAD INDIGENA", "NOMBRE": "TAGCOTEPEC", "MONTO ASIGNADO (PESOS)": 151734, "LATITUD": 19.735994, "LONGITUD": -97.633276 }, "geometry": { "type": "Point", "coordinates": [ -97.633276, 19.735994 ] } },
{ "type": "Feature", "properties": { "NO": 378, "ENTIDAD": "PUEBLA", "MUNICIPIO": "IXTACAMAXTITLAN", "PUEBLO INDIGENA O AFROMEXICANO": "NAHUA", "LOCALIDAD": "TATEMPANGO", "CLAVE LOC": 210830031, "TIPO DE ASENTAMIENTO": "COMUNIDAD INDIGENA", "NOMBRE": "TATEMPANGO", "MONTO ASIGNADO (PESOS)": 249208, "LATITUD": 19.62253, "LONGITUD": -97.774742 }, "geometry": { "type": "Point", "coordinates": [ -97.774742, 19.62253 ] } },
{ "type": "Feature", "properties": { "NO": 379, "ENTIDAD": "PUEBLA", "MUNICIPIO": "IXTACAMAXTITLAN", "PUEBLO INDIGENA O AFROMEXICANO": "NAHUA", "LOCALIDAD": "TECOLTEMIC", "CLAVE LOC": 210830034, "TIPO DE ASENTAMIENTO": "COMUNIDAD INDIGENA", "NOMBRE": "TECOLTEMIC", "MONTO ASIGNADO (PESOS)": 263027, "LATITUD": 19.651903, "LONGITUD": -97.782837 }, "geometry": { "type": "Point", "coordinates": [ -97.782837, 19.651903 ] } },
{ "type": "Feature", "properties": { "NO": 380, "ENTIDAD": "PUEBLA", "MUNICIPIO": "IXTACAMAXTITLAN", "PUEBLO INDIGENA O AFROMEXICANO": "NAHUA", "LOCALIDAD": "TENTZONCUAHUIGTIC", "CLAVE LOC": 210830038, "TIPO DE ASENTAMIENTO": "COMUNIDAD INDIGENA", "NOMBRE": "TENTZONCUAHUIGTIC", "MONTO ASIGNADO (PESOS)": 366760, "LATITUD": 19.683527, "LONGITUD": -97.799223 }, "geometry": { "type": "Point", "coordinates": [ -97.799223, 19.683527 ] } },
{ "type": "Feature", "properties": { "NO": 381, "ENTIDAD": "PUEBLA", "MUNICIPIO": "IXTACAMAXTITLAN", "PUEBLO INDIGENA O AFROMEXICANO": "NAHUA", "LOCALIDAD": "TEXOCUIXPAN", "CLAVE LOC": 210830040, "TIPO DE ASENTAMIENTO": "COMUNIDAD INDIGENA", "NOMBRE": "TEXOCUIXPAN", "MONTO ASIGNADO (PESOS)": 724059, "LATITUD": 19.601024, "LONGITUD": -97.838516 }, "geometry": { "type": "Point", "coordinates": [ -97.838516, 19.601024 ] } },
{ "type": "Feature", "properties": { "NO": 382, "ENTIDAD": "PUEBLA", "MUNICIPIO": "IXTACAMAXTITLAN", "PUEBLO INDIGENA O AFROMEXICANO": "NAHUA", "LOCALIDAD": "TONALAPA", "CLAVE LOC": 210830046, "TIPO DE ASENTAMIENTO": "COMUNIDAD INDIGENA", "NOMBRE": "TONALAPA", "MONTO ASIGNADO (PESOS)": 1566140, "LATITUD": 18.024064, "LONGITUD": -98.45058 }, "geometry": { "type": "Point", "coordinates": [ -98.45058, 18.024064 ] } },
{ "type": "Feature", "properties": { "NO": 383, "ENTIDAD": "PUEBLA", "MUNICIPIO": "IXTACAMAXTITLAN", "PUEBLO INDIGENA O AFROMEXICANO": "NAHUA", "LOCALIDAD": "VALLE DE GUADALUPE", "CLAVE LOC": 210830154, "TIPO DE ASENTAMIENTO": "COMUNIDAD INDIGENA", "NOMBRE": "VALLE DE GUADALUPE.", "MONTO ASIGNADO (PESOS)": 143683, "LATITUD": 19.697255, "LONGITUD": -97.779775 }, "geometry": { "type": "Point", "coordinates": [ -97.779775, 19.697255 ] } },
{ "type": "Feature", "properties": { "NO": 384, "ENTIDAD": "PUEBLA", "MUNICIPIO": "IXTACAMAXTITLAN", "PUEBLO INDIGENA O AFROMEXICANO": "NAHUA", "LOCALIDAD": "VISTA HERMOSA DE LAZARO CARDENAS", "CLAVE LOC": 210830049, "TIPO DE ASENTAMIENTO": "COMUNIDAD INDIGENA", "NOMBRE": "VISTA HERMOSA DE LÁZARO CÁRDENAS", "MONTO ASIGNADO (PESOS)": 355989, "LATITUD": 19.704791, "LONGITUD": -97.830449 }, "geometry": { "type": "Point", "coordinates": [ -97.830449, 19.704791 ] } },
{ "type": "Feature", "properties": { "NO": 385, "ENTIDAD": "PUEBLA", "MUNICIPIO": "IXTACAMAXTITLAN", "PUEBLO INDIGENA O AFROMEXICANO": "NAHUA", "LOCALIDAD": "VISTA HERMOSA DE MORELOS", "CLAVE LOC": 210830126, "TIPO DE ASENTAMIENTO": "COMUNIDAD INDIGENA", "NOMBRE": "VISTA HERMOSA DE MORELOS", "MONTO ASIGNADO (PESOS)": 241671, "LATITUD": 19.563361, "LONGITUD": -97.838608 }, "geometry": { "type": "Point", "coordinates": [ -97.838608, 19.563361 ] } },
{ "type": "Feature", "properties": { "NO": 386, "ENTIDAD": "PUEBLA", "MUNICIPIO": "IXTACAMAXTITLAN", "PUEBLO INDIGENA O AFROMEXICANO": "NAHUA", "LOCALIDAD": "XALCOMULCO", "CLAVE LOC": 210830050, "TIPO DE ASENTAMIENTO": "COMUNIDAD INDIGENA", "NOMBRE": "XALCOMULCO", "MONTO ASIGNADO (PESOS)": 266522, "LATITUD": 19.596434, "LONGITUD": -97.761972 }, "geometry": { "type": "Point", "coordinates": [ -97.761972, 19.596434 ] } },
{ "type": "Feature", "properties": { "NO": 387, "ENTIDAD": "PUEBLA", "MUNICIPIO": "IXTACAMAXTITLAN", "PUEBLO INDIGENA O AFROMEXICANO": "NAHUA", "LOCALIDAD": "XONACATLA", "CLAVE LOC": 210830054, "TIPO DE ASENTAMIENTO": "COMUNIDAD INDIGENA", "NOMBRE": "XONACATLA", "MONTO ASIGNADO (PESOS)": 242271, "LATITUD": 19.570777, "LONGITUD": -97.796224 }, "geometry": { "type": "Point", "coordinates": [ -97.796224, 19.570777 ] } },
{ "type": "Feature", "properties": { "NO": 388, "ENTIDAD": "PUEBLA", "MUNICIPIO": "IXTACAMAXTITLAN", "PUEBLO INDIGENA O AFROMEXICANO": "NAHUA", "LOCALIDAD": "XOPANAC", "CLAVE LOC": 210830055, "TIPO DE ASENTAMIENTO": "COMUNIDAD INDIGENA", "NOMBRE": "XOPANAC", "MONTO ASIGNADO (PESOS)": 220314, "LATITUD": 19.681098, "LONGITUD": -97.775009 }, "geometry": { "type": "Point", "coordinates": [ -97.775009, 19.681098 ] } },
{ "type": "Feature", "properties": { "NO": 389, "ENTIDAD": "PUEBLA", "MUNICIPIO": "IXTACAMAXTITLAN", "PUEBLO INDIGENA O AFROMEXICANO": "NAHUA", "LOCALIDAD": "ZARAGOZA", "CLAVE LOC": 210830056, "TIPO DE ASENTAMIENTO": "COMUNIDAD INDIGENA", "NOMBRE": "ZARAGOZA", "MONTO ASIGNADO (PESOS)": 388586, "LATITUD": 19.771434, "LONGITUD": -97.555648 }, "geometry": { "type": "Point", "coordinates": [ -97.555648, 19.771434 ] } },
{ "type": "Feature", "properties": { "NO": 390, "ENTIDAD": "PUEBLA", "MUNICIPIO": "IXTEPEC", "PUEBLO INDIGENA O AFROMEXICANO": "TOTONACO", "LOCALIDAD": "CAJINANIN (SAN RAFAEL)", "CLAVE LOC": 210840002, "TIPO DE ASENTAMIENTO": "COMUNIDAD INDIGENA", "NOMBRE": "CAJINANIN", "MONTO ASIGNADO (PESOS)": 125058, "LATITUD": 20.073408, "LONGITUD": -97.630703 }, "geometry": { "type": "Point", "coordinates": [ -97.630703, 20.073408 ] } },
{ "type": "Feature", "properties": { "NO": 391, "ENTIDAD": "PUEBLA", "MUNICIPIO": "IXTEPEC", "PUEBLO INDIGENA O AFROMEXICANO": "TOTONACO", "LOCALIDAD": "CAXTAMUSING", "CLAVE LOC": 210840005, "TIPO DE ASENTAMIENTO": "COMUNIDAD INDIGENA", "NOMBRE": "CAXTAMUSIN", "MONTO ASIGNADO (PESOS)": 322071, "LATITUD": 20.066118, "LONGITUD": -97.639621 }, "geometry": { "type": "Point", "coordinates": [ -97.639621, 20.066118 ] } },
{ "type": "Feature", "properties": { "NO": 392, "ENTIDAD": "PUEBLA", "MUNICIPIO": "IXTEPEC", "PUEBLO INDIGENA O AFROMEXICANO": "TOTONACO", "LOCALIDAD": "ESCATACHUCHUT", "CLAVE LOC": 210840004, "TIPO DE ASENTAMIENTO": "COMUNIDAD INDIGENA", "NOMBRE": "ESCATACHUCHUT", "MONTO ASIGNADO (PESOS)": 1232066, "LATITUD": 20.054171, "LONGITUD": -97.637627 }, "geometry": { "type": "Point", "coordinates": [ -97.637627, 20.054171 ] } },
{ "type": "Feature", "properties": { "NO": 393, "ENTIDAD": "PUEBLA", "MUNICIPIO": "IXTEPEC", "PUEBLO INDIGENA O AFROMEXICANO": "TOTONACO", "LOCALIDAD": "IXTEPEC", "CLAVE LOC": 210840012, "TIPO DE ASENTAMIENTO": "LOCALIDAD CON POBLACION\nINDIGENA", "NOMBRE": "IXTEPEC", "MONTO ASIGNADO (PESOS)": 1317020, "LATITUD": 20.337897, "LONGITUD": -97.935608 }, "geometry": { "type": "Point", "coordinates": [ -97.935608, 20.337897 ] } },
{ "type": "Feature", "properties": { "NO": 394, "ENTIDAD": "PUEBLA", "MUNICIPIO": "IXTEPEC", "PUEBLO INDIGENA O AFROMEXICANO": "TOTONACO", "LOCALIDAD": "SAN MARTIN", "CLAVE LOC": 210840003, "TIPO DE ASENTAMIENTO": "COMUNIDAD INDIGENA", "NOMBRE": "SAN MARTÍN", "MONTO ASIGNADO (PESOS)": 888639, "LATITUD": 18.717172, "LONGITUD": -98.260318 }, "geometry": { "type": "Point", "coordinates": [ -98.260318, 18.717172 ] } },
{ "type": "Feature", "properties": { "NO": 395, "ENTIDAD": "PUEBLA", "MUNICIPIO": "IXTEPEC", "PUEBLO INDIGENA O AFROMEXICANO": "TOTONACO", "LOCALIDAD": "TAKALTZAPS", "CLAVE LOC": 210840010, "TIPO DE ASENTAMIENTO": "COMUNIDAD INDIGENA", "NOMBRE": "TAKALTZAPS", "MONTO ASIGNADO (PESOS)": 358502, "LATITUD": 20.041529, "LONGITUD": -97.648909 }, "geometry": { "type": "Point", "coordinates": [ -97.648909, 20.041529 ] } },
{ "type": "Feature", "properties": { "NO": 396, "ENTIDAD": "PUEBLA", "MUNICIPIO": "IXTEPEC", "PUEBLO INDIGENA O AFROMEXICANO": "TOTONACO", "LOCALIDAD": "ZECNACHUCHUT", "CLAVE LOC": 210840011, "TIPO DE ASENTAMIENTO": "COMUNIDAD INDIGENA", "NOMBRE": "ZECNACHUCHUT", "MONTO ASIGNADO (PESOS)": 161271, "LATITUD": 20.053054, "LONGITUD": -97.647096 }, "geometry": { "type": "Point", "coordinates": [ -97.647096, 20.053054 ] } },
{ "type": "Feature", "properties": { "NO": 397, "ENTIDAD": "PUEBLA", "MUNICIPIO": "JALPAN", "PUEBLO INDIGENA O AFROMEXICANO": "TOTONACO", "LOCALIDAD": "EJIDO MUNIXKAN", "CLAVE LOC": 210860118, "TIPO DE ASENTAMIENTO": "COMUNIDAD INDIGENA", "NOMBRE": "EJIDO MUNIXKAN", "MONTO ASIGNADO (PESOS)": 365952, "LATITUD": 20.486424, "LONGITUD": -97.887301 }, "geometry": { "type": "Point", "coordinates": [ -97.887301, 20.486424 ] } },
{ "type": "Feature", "properties": { "NO": 398, "ENTIDAD": "PUEBLA", "MUNICIPIO": "JALPAN", "PUEBLO INDIGENA O AFROMEXICANO": "NAHUA", "LOCALIDAD": "EL PIÑAL", "CLAVE LOC": 210860027, "TIPO DE ASENTAMIENTO": "LOCALIDAD CON POBLACION\nINDIGENA", "NOMBRE": "EL PIÑAL", "MONTO ASIGNADO (PESOS)": 217212, "LATITUD": 20.457922, "LONGITUD": -97.84021 }, "geometry": { "type": "Point", "coordinates": [ -97.84021, 20.457922 ] } },
{ "type": "Feature", "properties": { "NO": 399, "ENTIDAD": "PUEBLA", "MUNICIPIO": "JALPAN", "PUEBLO INDIGENA O AFROMEXICANO": "OTOMÍ", "LOCALIDAD": "EL POCHOTE", "CLAVE LOC": 210860018, "TIPO DE ASENTAMIENTO": "COMUNIDAD INDIGENA", "NOMBRE": "EL POCHOTE", "MONTO ASIGNADO (PESOS)": 168710, "LATITUD": 18.092023, "LONGITUD": -98.302248 }, "geometry": { "type": "Point", "coordinates": [ -98.302248, 18.092023 ] } },
{ "type": "Feature", "properties": { "NO": 400, "ENTIDAD": "PUEBLA", "MUNICIPIO": "JALPAN", "PUEBLO INDIGENA O AFROMEXICANO": "TOTONACO", "LOCALIDAD": "LAS CAÑAS", "CLAVE LOC": 210860060, "TIPO DE ASENTAMIENTO": "COMUNIDAD INDIGENA", "NOMBRE": "LAS CAÑAS", "MONTO ASIGNADO (PESOS)": 172577, "LATITUD": 20.485291, "LONGITUD": -97.889627 }, "geometry": { "type": "Point", "coordinates": [ -97.889627, 20.485291 ] } },
{ "type": "Feature", "properties": { "NO": 401, "ENTIDAD": "PUEBLA", "MUNICIPIO": "JALPAN", "PUEBLO INDIGENA O AFROMEXICANO": "TOTONACO", "LOCALIDAD": "LINDA VISTA", "CLAVE LOC": 210860120, "TIPO DE ASENTAMIENTO": "LOCALIDAD CON POBLACION\nINDIGENA", "NOMBRE": "LINDA VISTA", "MONTO ASIGNADO (PESOS)": 137992, "LATITUD": 20.401425, "LONGITUD": -97.891764 }, "geometry": { "type": "Point", "coordinates": [ -97.891764, 20.401425 ] } },
{ "type": "Feature", "properties": { "NO": 402, "ENTIDAD": "PUEBLA", "MUNICIPIO": "JALPAN", "PUEBLO INDIGENA O AFROMEXICANO": "TOTONACO", "LOCALIDAD": "POZO DEL TIGRE", "CLAVE LOC": 210860104, "TIPO DE ASENTAMIENTO": "COMUNIDAD INDIGENA", "NOMBRE": "POZO DEL TIGRE", "MONTO ASIGNADO (PESOS)": 191421, "LATITUD": 20.425361, "LONGITUD": -97.886509 }, "geometry": { "type": "Point", "coordinates": [ -97.886509, 20.425361 ] } },
{ "type": "Feature", "properties": { "NO": 403, "ENTIDAD": "PUEBLA", "MUNICIPIO": "JALPAN", "PUEBLO INDIGENA O AFROMEXICANO": "TOTONACO", "LOCALIDAD": "SANTA MARIA", "CLAVE LOC": 210860020, "TIPO DE ASENTAMIENTO": "COMUNIDAD INDIGENA", "NOMBRE": "SANTA MARÍA", "MONTO ASIGNADO (PESOS)": 175985, "LATITUD": 20.436751, "LONGITUD": -97.831201 }, "geometry": { "type": "Point", "coordinates": [ -97.831201, 20.436751 ] } },
{ "type": "Feature", "properties": { "NO": 404, "ENTIDAD": "PUEBLA", "MUNICIPIO": "JOLALPAN", "PUEBLO INDIGENA O AFROMEXICANO": "NAHUA", "LOCALIDAD": "XOCHITEPEC", "CLAVE LOC": 210870010, "TIPO DE ASENTAMIENTO": "LOCALIDAD CON POBLACION\nINDIGENA", "NOMBRE": "XOCHITEPEC", "MONTO ASIGNADO (PESOS)": 1237877, "LATITUD": 19.922855, "LONGITUD": -97.562113 }, "geometry": { "type": "Point", "coordinates": [ -97.562113, 19.922855 ] } },
{ "type": "Feature", "properties": { "NO": 405, "ENTIDAD": "PUEBLA", "MUNICIPIO": "JONOTLA", "PUEBLO INDIGENA O AFROMEXICANO": "TOTONACO", "LOCALIDAD": "BUENA VISTA", "CLAVE LOC": 210880008, "TIPO DE ASENTAMIENTO": "COMUNIDAD INDIGENA", "NOMBRE": "BUENA VISTA", "MONTO ASIGNADO (PESOS)": 105657, "LATITUD": 19.737722, "LONGITUD": -97.7234 }, "geometry": { "type": "Point", "coordinates": [ -97.7234, 19.737722 ] } },
{ "type": "Feature", "properties": { "NO": 406, "ENTIDAD": "PUEBLA", "MUNICIPIO": "JONOTLA", "PUEBLO INDIGENA O AFROMEXICANO": "TOTONACO", "LOCALIDAD": "ECATLAN", "CLAVE LOC": 210880002, "TIPO DE ASENTAMIENTO": "COMUNIDAD INDIGENA", "NOMBRE": "SANTIAGO ECATLÁN", "MONTO ASIGNADO (PESOS)": 668281, "LATITUD": 20.052093, "LONGITUD": -97.556544 }, "geometry": { "type": "Point", "coordinates": [ -97.556544, 20.052093 ] } },
{ "type": "Feature", "properties": { "NO": 407, "ENTIDAD": "PUEBLA", "MUNICIPIO": "JONOTLA", "PUEBLO INDIGENA O AFROMEXICANO": "NAHUA", "LOCALIDAD": "PASO DEL JARDIN", "CLAVE LOC": 210880003, "TIPO DE ASENTAMIENTO": "COMUNIDAD INDIGENA", "NOMBRE": "PASO DEL JARDÍN", "MONTO ASIGNADO (PESOS)": 389394, "LATITUD": 20.143536, "LONGITUD": -97.46671 }, "geometry": { "type": "Point", "coordinates": [ -97.46671, 20.143536 ] } },
{ "type": "Feature", "properties": { "NO": 408, "ENTIDAD": "PUEBLA", "MUNICIPIO": "JONOTLA", "PUEBLO INDIGENA O AFROMEXICANO": "NAHUA", "LOCALIDAD": "SAN ANTONIO RAYON", "CLAVE LOC": 210880004, "TIPO DE ASENTAMIENTO": "COMUNIDAD INDIGENA", "NOMBRE": "SAN ANTONIO RAYÓN", "MONTO ASIGNADO (PESOS)": 1272824, "LATITUD": 20.112463, "LONGITUD": -97.48327 }, "geometry": { "type": "Point", "coordinates": [ -97.48327, 20.112463 ] } },
{ "type": "Feature", "properties": { "NO": 409, "ENTIDAD": "PUEBLA", "MUNICIPIO": "JONOTLA", "PUEBLO INDIGENA O AFROMEXICANO": "NAHUA", "LOCALIDAD": "TECPANTZINGO", "CLAVE LOC": 210880005, "TIPO DE ASENTAMIENTO": "COMUNIDAD INDIGENA", "NOMBRE": "TECPACTZINGO", "MONTO ASIGNADO (PESOS)": 449214, "LATITUD": 20.101693, "LONGITUD": -97.467027 }, "geometry": { "type": "Point", "coordinates": [ -97.467027, 20.101693 ] } },
{ "type": "Feature", "properties": { "NO": 410, "ENTIDAD": "PUEBLA", "MUNICIPIO": "JONOTLA", "PUEBLO INDIGENA O AFROMEXICANO": "NAHUA", "LOCALIDAD": "(SIN NOMBRE)", "CLAVE LOC": 210880000, "TIPO DE ASENTAMIENTO": "COMUNIDAD INDIGENA", "NOMBRE": "XILOXOCHITL", "MONTO ASIGNADO (PESOS)": 84639, "LATITUD": 20.029876, "LONGITUD": -97.575107 }, "geometry": { "type": "Point", "coordinates": [ -97.575107, 20.029876 ] } },
{ "type": "Feature", "properties": { "NO": 411, "ENTIDAD": "PUEBLA", "MUNICIPIO": "JOPALA", "PUEBLO INDIGENA O AFROMEXICANO": "TOTONACO", "LOCALIDAD": "BUENOS AIRES", "CLAVE LOC": 210890002, "TIPO DE ASENTAMIENTO": "LOCALIDAD CON POBLACION\nINDIGENA", "NOMBRE": "BUENOS AIRES", "MONTO ASIGNADO (PESOS)": 1365095, "LATITUD": 18.670253, "LONGITUD": -97.852068 }, "geometry": { "type": "Point", "coordinates": [ -97.852068, 18.670253 ] } },
{ "type": "Feature", "properties": { "NO": 412, "ENTIDAD": "PUEBLA", "MUNICIPIO": "JOPALA", "PUEBLO INDIGENA O AFROMEXICANO": "TOTONACO", "LOCALIDAD": "BUGAMBILIAS (LA CRUZ)", "CLAVE LOC": 210890032, "TIPO DE ASENTAMIENTO": "LOCALIDAD CON POBLACION\nINDIGENA", "NOMBRE": "BUGAMBILIAS (LA CRUZ)", "MONTO ASIGNADO (PESOS)": 596337, "LATITUD": 20.171764, "LONGITUD": -97.696321 }, "geometry": { "type": "Point", "coordinates": [ -97.696321, 20.171764 ] } },
{ "type": "Feature", "properties": { "NO": 413, "ENTIDAD": "PUEBLA", "MUNICIPIO": "JOPALA", "PUEBLO INDIGENA O AFROMEXICANO": "NAHUA", "LOCALIDAD": "EL ENCINAL", "CLAVE LOC": 210890005, "TIPO DE ASENTAMIENTO": "LOCALIDAD CON POBLACION\nINDIGENA", "NOMBRE": "EL ENCINAL", "MONTO ASIGNADO (PESOS)": 503374, "LATITUD": 20.318055, "LONGITUD": -97.832499 }, "geometry": { "type": "Point", "coordinates": [ -97.832499, 20.318055 ] } },
{ "type": "Feature", "properties": { "NO": 414, "ENTIDAD": "PUEBLA", "MUNICIPIO": "JOPALA", "PUEBLO INDIGENA O AFROMEXICANO": "TOTONACO", "LOCALIDAD": "IZQUIMPAN", "CLAVE LOC": 210890019, "TIPO DE ASENTAMIENTO": "LOCALIDAD CON POBLACION\nINDIGENA", "NOMBRE": "IZQUIMPAN", "MONTO ASIGNADO (PESOS)": 178858, "LATITUD": 20.148087, "LONGITUD": -97.668102 }, "geometry": { "type": "Point", "coordinates": [ -97.668102, 20.148087 ] } },
{ "type": "Feature", "properties": { "NO": 415, "ENTIDAD": "PUEBLA", "MUNICIPIO": "JOPALA", "PUEBLO INDIGENA O AFROMEXICANO": "TOTONACO", "LOCALIDAD": "PATLA", "CLAVE LOC": 210890006, "TIPO DE ASENTAMIENTO": "COMUNIDAD INDIGENA", "NOMBRE": "PATLA", "MONTO ASIGNADO (PESOS)": 1498237, "LATITUD": 20.247822, "LONGITUD": -97.853163 }, "geometry": { "type": "Point", "coordinates": [ -97.853163, 20.247822 ] } },
{ "type": "Feature", "properties": { "NO": 416, "ENTIDAD": "PUEBLA", "MUNICIPIO": "JOPALA", "PUEBLO INDIGENA O AFROMEXICANO": "TOTONACO", "LOCALIDAD": "SAN FRANCISCO", "CLAVE LOC": 210890038, "TIPO DE ASENTAMIENTO": "LOCALIDAD CON POBLACION\nINDIGENA", "NOMBRE": "SAN FRANCISCO", "MONTO ASIGNADO (PESOS)": 500141, "LATITUD": 19.776293, "LONGITUD": -97.328613 }, "geometry": { "type": "Point", "coordinates": [ -97.328613, 19.776293 ] } },
{ "type": "Feature", "properties": { "NO": 417, "ENTIDAD": "PUEBLA", "MUNICIPIO": "JOPALA", "PUEBLO INDIGENA O AFROMEXICANO": "TOTONACO", "LOCALIDAD": "SAN MARTIN", "CLAVE LOC": 210890036, "TIPO DE ASENTAMIENTO": "LOCALIDAD CON POBLACION\nINDIGENA", "NOMBRE": "SAN MARTIN", "MONTO ASIGNADO (PESOS)": 160014, "LATITUD": 18.717172, "LONGITUD": -98.260318 }, "geometry": { "type": "Point", "coordinates": [ -98.260318, 18.717172 ] } },
{ "type": "Feature", "properties": { "NO": 418, "ENTIDAD": "PUEBLA", "MUNICIPIO": "JOPALA", "PUEBLO INDIGENA O AFROMEXICANO": "TOTONACO", "LOCALIDAD": "SATASKAUAT", "CLAVE LOC": 210890033, "TIPO DE ASENTAMIENTO": "LOCALIDAD CON POBLACION\nINDIGENA", "NOMBRE": "SATASKAUAT", "MONTO ASIGNADO (PESOS)": 623571, "LATITUD": 20.156674, "LONGITUD": -97.688502 }, "geometry": { "type": "Point", "coordinates": [ -97.688502, 20.156674 ] } },
{ "type": "Feature", "properties": { "NO": 419, "ENTIDAD": "PUEBLA", "MUNICIPIO": "JOPALA", "PUEBLO INDIGENA O AFROMEXICANO": "TOTONACO", "LOCALIDAD": "TECUANTLA (LOS REYES)", "CLAVE LOC": 210890009, "TIPO DE ASENTAMIENTO": "LOCALIDAD CON POBLACION\nINDIGENA", "NOMBRE": "TECUANTLA (LOS REYES)", "MONTO ASIGNADO (PESOS)": 305739, "LATITUD": 20.26528, "LONGITUD": -97.776396 }, "geometry": { "type": "Point", "coordinates": [ -97.776396, 20.26528 ] } },
{ "type": "Feature", "properties": { "NO": 420, "ENTIDAD": "PUEBLA", "MUNICIPIO": "JOPALA", "PUEBLO INDIGENA O AFROMEXICANO": "TOTONACO", "LOCALIDAD": "TLAOLANTONGO", "CLAVE LOC": 210890007, "TIPO DE ASENTAMIENTO": "COMUNIDAD INDIGENA", "NOMBRE": "TLAOLANTONGO", "MONTO ASIGNADO (PESOS)": 894625, "LATITUD": 20.231665, "LONGITUD": -97.800332 }, "geometry": { "type": "Point", "coordinates": [ -97.800332, 20.231665 ] } },
{ "type": "Feature", "properties": { "NO": 421, "ENTIDAD": "PUEBLA", "MUNICIPIO": "JUAN GALINDO", "PUEBLO INDIGENA O AFROMEXICANO": "NAHUA", "LOCALIDAD": "NECAXALTEPETL", "CLAVE LOC": 210910004, "TIPO DE ASENTAMIENTO": "COMUNIDAD INDIGENA", "NOMBRE": "NECAXALTÉPETL", "MONTO ASIGNADO (PESOS)": 984354, "LATITUD": 20.232914, "LONGITUD": -97.99519 }, "geometry": { "type": "Point", "coordinates": [ -97.99519, 20.232914 ] } },
{ "type": "Feature", "properties": { "NO": 422, "ENTIDAD": "PUEBLA", "MUNICIPIO": "JUAN N. MENDEZ", "PUEBLO INDIGENA O AFROMEXICANO": "NAHUA", "LOCALIDAD": "ATENAYUCA", "CLAVE LOC": 210920001, "TIPO DE ASENTAMIENTO": "COMUNIDAD INDIGENA", "NOMBRE": "SANTA ISABEL ATENAYUCA", "MONTO ASIGNADO (PESOS)": 1561529, "LATITUD": 18.542819, "LONGITUD": -97.763698 }, "geometry": { "type": "Point", "coordinates": [ -97.763698, 18.542819 ] } },
{ "type": "Feature", "properties": { "NO": 423, "ENTIDAD": "PUEBLA", "MUNICIPIO": "JUAN N. MENDEZ", "PUEBLO INDIGENA O AFROMEXICANO": "NAHUA", "LOCALIDAD": "MAGDALENA ALQUIZAPAN", "CLAVE LOC": 210920002, "TIPO DE ASENTAMIENTO": "COMUNIDAD INDIGENA", "NOMBRE": "MAGDALENA ALQUIZAPAN", "MONTO ASIGNADO (PESOS)": 813788, "LATITUD": 18.482035, "LONGITUD": -97.759601 }, "geometry": { "type": "Point", "coordinates": [ -97.759601, 18.482035 ] } },
{ "type": "Feature", "properties": { "NO": 424, "ENTIDAD": "PUEBLA", "MUNICIPIO": "LAFRAGUA", "PUEBLO INDIGENA O AFROMEXICANO": "NAHUA", "LOCALIDAD": "GONZALEZ ORTEGA", "CLAVE LOC": 210930005, "TIPO DE ASENTAMIENTO": "COMUNIDAD INDIGENA", "NOMBRE": "GONZÁLEZ ORTEGA", "MONTO ASIGNADO (PESOS)": 1927480, "LATITUD": 19.341545, "LONGITUD": -97.269111 }, "geometry": { "type": "Point", "coordinates": [ -97.269111, 19.341545 ] } },
{ "type": "Feature", "properties": { "NO": 425, "ENTIDAD": "PUEBLA", "MUNICIPIO": "LIBRES", "PUEBLO INDIGENA O AFROMEXICANO": "NAHUA", "LOCALIDAD": "LAS CHAPAS", "CLAVE LOC": 210940012, "TIPO DE ASENTAMIENTO": "COMUNIDAD INDIGENA", "NOMBRE": "LAS CHAPAS", "MONTO ASIGNADO (PESOS)": 242271, "LATITUD": 19.71578, "LONGITUD": -97.386624 }, "geometry": { "type": "Point", "coordinates": [ -97.386624, 19.71578 ] } },
{ "type": "Feature", "properties": { "NO": 426, "ENTIDAD": "PUEBLA", "MUNICIPIO": "MOLCAXAC", "PUEBLO INDIGENA O AFROMEXICANO": "NAHUA", "LOCALIDAD": "SANTA CRUZ HUITZILTEPEC", "CLAVE LOC": 210980002, "TIPO DE ASENTAMIENTO": "COMUNIDAD INDIGENA", "NOMBRE": "SANTA CRUZ HUITZILTEPEC", "MONTO ASIGNADO (PESOS)": 1496859, "LATITUD": 18.732276, "LONGITUD": -97.873551 }, "geometry": { "type": "Point", "coordinates": [ -97.873551, 18.732276 ] } },
{ "type": "Feature", "properties": { "NO": 427, "ENTIDAD": "PUEBLA", "MUNICIPIO": "NAUPAN", "PUEBLO INDIGENA O AFROMEXICANO": "NAHUA", "LOCALIDAD": "CHACHAHUANTLA", "CLAVE LOC": 211000005, "TIPO DE ASENTAMIENTO": "COMUNIDAD INDIGENA", "NOMBRE": "CHACHAUANTLA", "MONTO ASIGNADO (PESOS)": 2013957, "LATITUD": 20.202796, "LONGITUD": -98.132901 }, "geometry": { "type": "Point", "coordinates": [ -98.132901, 20.202796 ] } },
{ "type": "Feature", "properties": { "NO": 428, "ENTIDAD": "PUEBLA", "MUNICIPIO": "NAUPAN", "PUEBLO INDIGENA O AFROMEXICANO": "NAHUA", "LOCALIDAD": "COPILA", "CLAVE LOC": 211000002, "TIPO DE ASENTAMIENTO": "COMUNIDAD INDIGENA", "NOMBRE": "COPILA", "MONTO ASIGNADO (PESOS)": 1275366, "LATITUD": 20.269208, "LONGITUD": -98.085833 }, "geometry": { "type": "Point", "coordinates": [ -98.085833, 20.269208 ] } },
{ "type": "Feature", "properties": { "NO": 429, "ENTIDAD": "PUEBLA", "MUNICIPIO": "NAUPAN", "PUEBLO INDIGENA O AFROMEXICANO": "NAHUA", "LOCALIDAD": "COZOLAPA", "CLAVE LOC": 211000020, "TIPO DE ASENTAMIENTO": "COMUNIDAD INDIGENA", "NOMBRE": "COZOLAPA", "MONTO ASIGNADO (PESOS)": 189727, "LATITUD": 20.251553, "LONGITUD": -98.107193 }, "geometry": { "type": "Point", "coordinates": [ -98.107193, 20.251553 ] } },
{ "type": "Feature", "properties": { "NO": 430, "ENTIDAD": "PUEBLA", "MUNICIPIO": "NAUPAN", "PUEBLO INDIGENA O AFROMEXICANO": "NAHUA", "LOCALIDAD": "CUEYATLA", "CLAVE LOC": 211000004, "TIPO DE ASENTAMIENTO": "COMUNIDAD INDIGENA", "NOMBRE": "CUHEYATLA", "MONTO ASIGNADO (PESOS)": 579361, "LATITUD": 20.291602, "LONGITUD": -98.084358 }, "geometry": { "type": "Point", "coordinates": [ -98.084358, 20.291602 ] } },
{ "type": "Feature", "properties": { "NO": 431, "ENTIDAD": "PUEBLA", "MUNICIPIO": "NAUPAN", "PUEBLO INDIGENA O AFROMEXICANO": "NAHUA", "LOCALIDAD": "ICZOTITLA", "CLAVE LOC": 211000007, "TIPO DE ASENTAMIENTO": "COMUNIDAD INDIGENA", "NOMBRE": "ICZOTITLA", "MONTO ASIGNADO (PESOS)": 1178362, "LATITUD": 20.245471, "LONGITUD": -98.104062 }, "geometry": { "type": "Point", "coordinates": [ -98.104062, 20.245471 ] } },
{ "type": "Feature", "properties": { "NO": 432, "ENTIDAD": "PUEBLA", "MUNICIPIO": "NAUPAN", "PUEBLO INDIGENA O AFROMEXICANO": "NAHUA", "LOCALIDAD": "METZTLA ARRIBA", "CLAVE LOC": 211000021, "TIPO DE ASENTAMIENTO": "COMUNIDAD INDIGENA", "NOMBRE": "METZTLA ARRIBA", "MONTO ASIGNADO (PESOS)": 326342, "LATITUD": 20.254429, "LONGITUD": -98.091833 }, "geometry": { "type": "Point", "coordinates": [ -98.091833, 20.254429 ] } },
{ "type": "Feature", "properties": { "NO": 433, "ENTIDAD": "PUEBLA", "MUNICIPIO": "NAUPAN", "PUEBLO INDIGENA O AFROMEXICANO": "NAHUA", "LOCALIDAD": "MEXTLA", "CLAVE LOC": 211000008, "TIPO DE ASENTAMIENTO": "COMUNIDAD INDIGENA", "NOMBRE": "MEXTLA ABAJO", "MONTO ASIGNADO (PESOS)": 415262, "LATITUD": 20.253565, "LONGITUD": -98.096227 }, "geometry": { "type": "Point", "coordinates": [ -98.096227, 20.253565 ] } },
{ "type": "Feature", "properties": { "NO": 434, "ENTIDAD": "PUEBLA", "MUNICIPIO": "NAUPAN", "PUEBLO INDIGENA O AFROMEXICANO": "NAHUA", "LOCALIDAD": "NAUPAN", "CLAVE LOC": 211000001, "TIPO DE ASENTAMIENTO": "COMUNIDAD INDIGENA", "NOMBRE": "NAUPAN", "MONTO ASIGNADO (PESOS)": 1380454, "LATITUD": 20.228471, "LONGITUD": -98.109733 }, "geometry": { "type": "Point", "coordinates": [ -98.109733, 20.228471 ] } },
{ "type": "Feature", "properties": { "NO": 435, "ENTIDAD": "PUEBLA", "MUNICIPIO": "NAUPAN", "PUEBLO INDIGENA O AFROMEXICANO": "NAHUA", "LOCALIDAD": "PRIMERA SECCION DE SAN JUAN", "CLAVE LOC": 211000023, "TIPO DE ASENTAMIENTO": "LOCALIDAD CON POBLACION\nINDIGENA", "NOMBRE": "PRIMERA SECCION DE SAN JUAN", "MONTO ASIGNADO (PESOS)": 184877, "LATITUD": 20.228471, "LONGITUD": -98.109733 }, "geometry": { "type": "Point", "coordinates": [ -98.109733, 20.228471 ] } },
{ "type": "Feature", "properties": { "NO": 436, "ENTIDAD": "PUEBLA", "MUNICIPIO": "NAUPAN", "PUEBLO INDIGENA O AFROMEXICANO": "NAHUA", "LOCALIDAD": "TENEXTITLA", "CLAVE LOC": 211000009, "TIPO DE ASENTAMIENTO": "COMUNIDAD INDIGENA", "NOMBRE": "TENEXTITLA", "MONTO ASIGNADO (PESOS)": 641158, "LATITUD": 20.295514, "LONGITUD": -98.064243 }, "geometry": { "type": "Point", "coordinates": [ -98.064243, 20.295514 ] } },
{ "type": "Feature", "properties": { "NO": 437, "ENTIDAD": "PUEBLA", "MUNICIPIO": "NAUPAN", "PUEBLO INDIGENA O AFROMEXICANO": "NAHUA", "LOCALIDAD": "TLAXPANALOYA", "CLAVE LOC": 211000010, "TIPO DE ASENTAMIENTO": "COMUNIDAD INDIGENA", "NOMBRE": "TLAXPANALOYA", "MONTO ASIGNADO (PESOS)": 1073274, "LATITUD": 20.223661, "LONGITUD": -98.116459 }, "geometry": { "type": "Point", "coordinates": [ -98.116459, 20.223661 ] } },
{ "type": "Feature", "properties": { "NO": 438, "ENTIDAD": "PUEBLA", "MUNICIPIO": "NAUZONTLA", "PUEBLO INDIGENA O AFROMEXICANO": "NAHUA", "LOCALIDAD": "NAUZONTLA", "CLAVE LOC": 211010001, "TIPO DE ASENTAMIENTO": "COMUNIDAD INDIGENA", "NOMBRE": "NAUZONTLA", "MONTO ASIGNADO (PESOS)": 1412071, "LATITUD": 19.959038, "LONGITUD": -97.60312 }, "geometry": { "type": "Point", "coordinates": [ -97.60312, 19.959038 ] } },
{ "type": "Feature", "properties": { "NO": 439, "ENTIDAD": "PUEBLA", "MUNICIPIO": "OCOTEPEC", "PUEBLO INDIGENA O AFROMEXICANO": "NAHUA", "LOCALIDAD": "BUENOS AIRES", "CLAVE LOC": 211050007, "TIPO DE ASENTAMIENTO": "COMUNIDAD INDIGENA", "NOMBRE": "BUENOS AIRES", "MONTO ASIGNADO (PESOS)": 165039, "LATITUD": 18.670253, "LONGITUD": -97.852068 }, "geometry": { "type": "Point", "coordinates": [ -97.852068, 18.670253 ] } },
{ "type": "Feature", "properties": { "NO": 440, "ENTIDAD": "PUEBLA", "MUNICIPIO": "OCOTEPEC", "PUEBLO INDIGENA O AFROMEXICANO": "NAHUA", "LOCALIDAD": "SAN NICOLAS CONTLA", "CLAVE LOC": 211050008, "TIPO DE ASENTAMIENTO": "COMUNIDAD INDIGENA", "NOMBRE": "SAN NICOLAS CONTLA", "MONTO ASIGNADO (PESOS)": 230364, "LATITUD": 19.546666, "LONGITUD": -97.693055 }, "geometry": { "type": "Point", "coordinates": [ -97.693055, 19.546666 ] } },
{ "type": "Feature", "properties": { "NO": 441, "ENTIDAD": "PUEBLA", "MUNICIPIO": "OCOTEPEC", "PUEBLO INDIGENA O AFROMEXICANO": "NAHUA", "LOCALIDAD": "TEZOQUITICPAC", "CLAVE LOC": 211050006, "TIPO DE ASENTAMIENTO": "COMUNIDAD INDIGENA", "NOMBRE": "TEZOQUITICPAC", "MONTO ASIGNADO (PESOS)": 206703, "LATITUD": 19.560251, "LONGITUD": -97.691059 }, "geometry": { "type": "Point", "coordinates": [ -97.691059, 19.560251 ] } },
{ "type": "Feature", "properties": { "NO": 442, "ENTIDAD": "PUEBLA", "MUNICIPIO": "OCOYUCAN", "PUEBLO INDIGENA O AFROMEXICANO": "NAHUA", "LOCALIDAD": "SAN HIPOLITO ACHIAPA", "CLAVE LOC": 211060011, "TIPO DE ASENTAMIENTO": "LOCALIDAD CON POBLACION\nINDIGENA", "NOMBRE": "SAN HIPOLITO ACHIAPA", "MONTO ASIGNADO (PESOS)": 376460, "LATITUD": 18.937004, "LONGITUD": -98.348426 }, "geometry": { "type": "Point", "coordinates": [ -98.348426, 18.937004 ] } },
{ "type": "Feature", "properties": { "NO": 443, "ENTIDAD": "PUEBLA", "MUNICIPIO": "OLINTLA", "PUEBLO INDIGENA O AFROMEXICANO": "TOTONACO", "LOCALIDAD": "BIBIANO HERNANDEZ", "CLAVE LOC": 211070002, "TIPO DE ASENTAMIENTO": "COMUNIDAD INDIGENA", "NOMBRE": "BIBIANO HERNÁNDEZ", "MONTO ASIGNADO (PESOS)": 814991, "LATITUD": 20.083128, "LONGITUD": -97.697931 }, "geometry": { "type": "Point", "coordinates": [ -97.697931, 20.083128 ] } },
{ "type": "Feature", "properties": { "NO": 444, "ENTIDAD": "PUEBLA", "MUNICIPIO": "OLINTLA", "PUEBLO INDIGENA O AFROMEXICANO": "TOTONACO", "LOCALIDAD": "CHIPAHUATLAN", "CLAVE LOC": 211070003, "TIPO DE ASENTAMIENTO": "COMUNIDAD INDIGENA", "NOMBRE": "CHIPAHUATLAN", "MONTO ASIGNADO (PESOS)": 1847158, "LATITUD": 20.063046, "LONGITUD": -97.689276 }, "geometry": { "type": "Point", "coordinates": [ -97.689276, 20.063046 ] } },
{ "type": "Feature", "properties": { "NO": 445, "ENTIDAD": "PUEBLA", "MUNICIPIO": "OLINTLA", "PUEBLO INDIGENA O AFROMEXICANO": "TOTONACO", "LOCALIDAD": "DIMAS LOPEZ", "CLAVE LOC": 211070004, "TIPO DE ASENTAMIENTO": "COMUNIDAD INDIGENA", "NOMBRE": "DIMAS LÓPEZ", "MONTO ASIGNADO (PESOS)": 2572325, "LATITUD": 20.160123, "LONGITUD": -97.636759 }, "geometry": { "type": "Point", "coordinates": [ -97.636759, 20.160123 ] } },
{ "type": "Feature", "properties": { "NO": 446, "ENTIDAD": "PUEBLA", "MUNICIPIO": "OLINTLA", "PUEBLO INDIGENA O AFROMEXICANO": "TOTONACO", "LOCALIDAD": "IGNACIO ZARAGOZA", "CLAVE LOC": 211070005, "TIPO DE ASENTAMIENTO": "COMUNIDAD INDIGENA", "NOMBRE": "LGNACIO ZARAGOZA", "MONTO ASIGNADO (PESOS)": 684495, "LATITUD": 19.878524, "LONGITUD": -97.659276 }, "geometry": { "type": "Point", "coordinates": [ -97.659276, 19.878524 ] } },
{ "type": "Feature", "properties": { "NO": 447, "ENTIDAD": "PUEBLA", "MUNICIPIO": "OLINTLA", "PUEBLO INDIGENA O AFROMEXICANO": "TOTONACO", "LOCALIDAD": "LACAPAN CAMALLAGNE", "CLAVE LOC": 211070013, "TIPO DE ASENTAMIENTO": "COMUNIDAD INDIGENA", "NOMBRE": "LACAPAN CAMALLAGNE", "MONTO ASIGNADO (PESOS)": 1490383, "LATITUD": 20.135702, "LONGITUD": -97.646994 }, "geometry": { "type": "Point", "coordinates": [ -97.646994, 20.135702 ] } },
{ "type": "Feature", "properties": { "NO": 448, "ENTIDAD": "PUEBLA", "MUNICIPIO": "OLINTLA", "PUEBLO INDIGENA O AFROMEXICANO": "TOTONACO", "LOCALIDAD": "LKUYUM CHUCHUT", "CLAVE LOC": 211070011, "TIPO DE ASENTAMIENTO": "COMUNIDAD INDIGENA", "NOMBRE": "LKUYUM CHUCHUT", "MONTO ASIGNADO (PESOS)": 1035620, "LATITUD": 20.141348, "LONGITUD": -97.647357 }, "geometry": { "type": "Point", "coordinates": [ -97.647357, 20.141348 ] } },
{ "type": "Feature", "properties": { "NO": 449, "ENTIDAD": "PUEBLA", "MUNICIPIO": "OLINTLA", "PUEBLO INDIGENA O AFROMEXICANO": "TOTONACO", "LOCALIDAD": "OLINTLA", "CLAVE LOC": 211070038, "TIPO DE ASENTAMIENTO": "COMUNIDAD INDIGENA", "NOMBRE": "MACHAT", "MONTO ASIGNADO (PESOS)": 198958, "LATITUD": 20.097341, "LONGITUD": -97.682137 }, "geometry": { "type": "Point", "coordinates": [ -97.682137, 20.097341 ] } },
{ "type": "Feature", "properties": { "NO": 450, "ENTIDAD": "PUEBLA", "MUNICIPIO": "OLINTLA", "PUEBLO INDIGENA O AFROMEXICANO": "TOTONACO", "LOCALIDAD": "OLINTLA", "CLAVE LOC": 211070001, "TIPO DE ASENTAMIENTO": "COMUNIDAD INDIGENA", "NOMBRE": "OLINTLA", "MONTO ASIGNADO (PESOS)": 2589549, "LATITUD": 20.097341, "LONGITUD": -97.682137 }, "geometry": { "type": "Point", "coordinates": [ -97.682137, 20.097341 ] } },
{ "type": "Feature", "properties": { "NO": 451, "ENTIDAD": "PUEBLA", "MUNICIPIO": "OLINTLA", "PUEBLO INDIGENA O AFROMEXICANO": "TOTONACO", "LOCALIDAD": "PUMACACHOCOCHUCHUT (PRIMERA SECCION)", "CLAVE LOC": 211070031, "TIPO DE ASENTAMIENTO": "COMUNIDAD INDIGENA", "NOMBRE": "PUMACACHOCOCHUCHUT (PRIMERA SECCIÓN)", "MONTO ASIGNADO (PESOS)": 1005470, "LATITUD": 20.116438, "LONGITUD": -97.64661 }, "geometry": { "type": "Point", "coordinates": [ -97.64661, 20.116438 ] } },
{ "type": "Feature", "properties": { "NO": 452, "ENTIDAD": "PUEBLA", "MUNICIPIO": "OLINTLA", "PUEBLO INDIGENA O AFROMEXICANO": "TOTONACO", "LOCALIDAD": "SANTA CATARINA", "CLAVE LOC": 211070015, "TIPO DE ASENTAMIENTO": "COMUNIDAD INDIGENA", "NOMBRE": "SANTA CATARINA", "MONTO ASIGNADO (PESOS)": 950195, "LATITUD": 20.388055, "LONGITUD": -97.836111 }, "geometry": { "type": "Point", "coordinates": [ -97.836111, 20.388055 ] } },
{ "type": "Feature", "properties": { "NO": 453, "ENTIDAD": "PUEBLA", "MUNICIPIO": "OLINTLA", "PUEBLO INDIGENA O AFROMEXICANO": "TOTONACO", "LOCALIDAD": "SUTIC", "CLAVE LOC": 211070007, "TIPO DE ASENTAMIENTO": "COMUNIDAD INDIGENA", "NOMBRE": "SUTIC", "MONTO ASIGNADO (PESOS)": 301971, "LATITUD": 20.106354, "LONGITUD": -97.663239 }, "geometry": { "type": "Point", "coordinates": [ -97.663239, 20.106354 ] } },
{ "type": "Feature", "properties": { "NO": 454, "ENTIDAD": "PUEBLA", "MUNICIPIO": "OLINTLA", "PUEBLO INDIGENA O AFROMEXICANO": "TOTONACO", "LOCALIDAD": "VICENTE GUERRERO", "CLAVE LOC": 211070008, "TIPO DE ASENTAMIENTO": "COMUNIDAD INDIGENA", "NOMBRE": "VICENTE GUERRERO", "MONTO ASIGNADO (PESOS)": 2518466, "LATITUD": 20.466388, "LONGITUD": -97.660114 }, "geometry": { "type": "Point", "coordinates": [ -97.660114, 20.466388 ] } },
{ "type": "Feature", "properties": { "NO": 455, "ENTIDAD": "PUEBLA", "MUNICIPIO": "PAHUATLAN", "PUEBLO INDIGENA O AFROMEXICANO": "NAHUA", "LOCALIDAD": "ATLA", "CLAVE LOC": 211090007, "TIPO DE ASENTAMIENTO": "COMUNIDAD INDIGENA", "NOMBRE": "ATLA", "MONTO ASIGNADO (PESOS)": 1846074, "LATITUD": 20.275579, "LONGITUD": -98.12549 }, "geometry": { "type": "Point", "coordinates": [ -98.12549, 20.275579 ] } },
{ "type": "Feature", "properties": { "NO": 456, "ENTIDAD": "PUEBLA", "MUNICIPIO": "PAHUATLAN", "PUEBLO INDIGENA O AFROMEXICANO": "NAHUA", "LOCALIDAD": "ATLANTONGO", "CLAVE LOC": 211090008, "TIPO DE ASENTAMIENTO": "COMUNIDAD INDIGENA", "NOMBRE": "ATLANTONGO", "MONTO ASIGNADO (PESOS)": 779836, "LATITUD": 20.263674, "LONGITUD": -98.118316 }, "geometry": { "type": "Point", "coordinates": [ -98.118316, 20.263674 ] } },
{ "type": "Feature", "properties": { "NO": 457, "ENTIDAD": "PUEBLA", "MUNICIPIO": "PAHUATLAN", "PUEBLO INDIGENA O AFROMEXICANO": "NAHUA", "LOCALIDAD": "MAMIQUETLA", "CLAVE LOC": 211090010, "TIPO DE ASENTAMIENTO": "COMUNIDAD INDIGENA", "NOMBRE": "MAMIQUETLA", "MONTO ASIGNADO (PESOS)": 597189, "LATITUD": 20.260849, "LONGITUD": -98.122649 }, "geometry": { "type": "Point", "coordinates": [ -98.122649, 20.260849 ] } },
{ "type": "Feature", "properties": { "NO": 458, "ENTIDAD": "PUEBLA", "MUNICIPIO": "PAHUATLAN", "PUEBLO INDIGENA O AFROMEXICANO": "OTOMÍ", "LOCALIDAD": "SAN PABLITO", "CLAVE LOC": 211090014, "TIPO DE ASENTAMIENTO": "COMUNIDAD INDIGENA", "NOMBRE": "SAN PABLITO", "MONTO ASIGNADO (PESOS)": 3446680, "LATITUD": 20.297957, "LONGITUD": -98.15735 }, "geometry": { "type": "Point", "coordinates": [ -98.15735, 20.297957 ] } },
{ "type": "Feature", "properties": { "NO": 459, "ENTIDAD": "PUEBLA", "MUNICIPIO": "PAHUATLAN", "PUEBLO INDIGENA O AFROMEXICANO": "OTOMÍ", "LOCALIDAD": "XOCHIMILCO", "CLAVE LOC": 211090020, "TIPO DE ASENTAMIENTO": "COMUNIDAD INDIGENA", "NOMBRE": "XOCHIMILCO", "MONTO ASIGNADO (PESOS)": 905942, "LATITUD": 18.840504, "LONGITUD": -97.726216 }, "geometry": { "type": "Point", "coordinates": [ -97.726216, 18.840504 ] } },
{ "type": "Feature", "properties": { "NO": 460, "ENTIDAD": "PUEBLA", "MUNICIPIO": "PAHUATLAN", "PUEBLO INDIGENA O AFROMEXICANO": "NAHUA", "LOCALIDAD": "XOLOTLA", "CLAVE LOC": 211090017, "TIPO DE ASENTAMIENTO": "COMUNIDAD INDIGENA", "NOMBRE": "XOLOTLA", "MONTO ASIGNADO (PESOS)": 2014215, "LATITUD": 20.262465, "LONGITUD": -98.132417 }, "geometry": { "type": "Point", "coordinates": [ -98.132417, 20.262465 ] } },
{ "type": "Feature", "properties": { "NO": 461, "ENTIDAD": "PUEBLA", "MUNICIPIO": "PAHUATLAN", "PUEBLO INDIGENA O AFROMEXICANO": "OTOMÍ", "LOCALIDAD": "ZACAPEHUAYA", "CLAVE LOC": 211090018, "TIPO DE ASENTAMIENTO": "COMUNIDAD INDIGENA", "NOMBRE": "ZACAPEHUAYA", "MONTO ASIGNADO (PESOS)": 235804, "LATITUD": 20.292132, "LONGITUD": -98.18011 }, "geometry": { "type": "Point", "coordinates": [ -98.18011, 20.292132 ] } },
{ "type": "Feature", "properties": { "NO": 462, "ENTIDAD": "PUEBLA", "MUNICIPIO": "PAHUATLAN", "PUEBLO INDIGENA O AFROMEXICANO": "NAHUA", "LOCALIDAD": "ZOYATLA DE GUERRERO", "CLAVE LOC": 211090019, "TIPO DE ASENTAMIENTO": "COMUNIDAD INDIGENA", "NOMBRE": "ZOYATLA DE GUERRERO", "MONTO ASIGNADO (PESOS)": 927768, "LATITUD": 20.302813, "LONGITUD": -98.129284 }, "geometry": { "type": "Point", "coordinates": [ -98.129284, 20.302813 ] } },
{ "type": "Feature", "properties": { "NO": 463, "ENTIDAD": "PUEBLA", "MUNICIPIO": "PANTEPEC", "PUEBLO INDIGENA O AFROMEXICANO": "OTOMÍ", "LOCALIDAD": "ACALMANCILLO", "CLAVE LOC": 211110002, "TIPO DE ASENTAMIENTO": "COMUNIDAD INDIGENA", "NOMBRE": "ACALMANCILLO", "MONTO ASIGNADO (PESOS)": 383627, "LATITUD": 20.54507, "LONGITUD": -97.972219 }, "geometry": { "type": "Point", "coordinates": [ -97.972219, 20.54507 ] } },
{ "type": "Feature", "properties": { "NO": 464, "ENTIDAD": "PUEBLA", "MUNICIPIO": "PANTEPEC", "PUEBLO INDIGENA O AFROMEXICANO": "TOTONACO", "LOCALIDAD": "AGUA LINDA", "CLAVE LOC": 211110003, "TIPO DE ASENTAMIENTO": "COMUNIDAD INDIGENA", "NOMBRE": "AGUA LINDA", "MONTO ASIGNADO (PESOS)": 747502, "LATITUD": 20.585516, "LONGITUD": -97.867108 }, "geometry": { "type": "Point", "coordinates": [ -97.867108, 20.585516 ] } },
{ "type": "Feature", "properties": { "NO": 465, "ENTIDAD": "PUEBLA", "MUNICIPIO": "PANTEPEC", "PUEBLO INDIGENA O AFROMEXICANO": "TOTONACO", "LOCALIDAD": "AMELUCA", "CLAVE LOC": 211110004, "TIPO DE ASENTAMIENTO": "COMUNIDAD INDIGENA", "NOMBRE": "AMELUCA", "MONTO ASIGNADO (PESOS)": 1047406, "LATITUD": 20.563624, "LONGITUD": -97.824973 }, "geometry": { "type": "Point", "coordinates": [ -97.824973, 20.563624 ] } },
{ "type": "Feature", "properties": { "NO": 466, "ENTIDAD": "PUEBLA", "MUNICIPIO": "PANTEPEC", "PUEBLO INDIGENA O AFROMEXICANO": "TOTONACO", "LOCALIDAD": "BUENA VISTA", "CLAVE LOC": 211110006, "TIPO DE ASENTAMIENTO": "COMUNIDAD INDIGENA", "NOMBRE": "BUENA VISTA", "MONTO ASIGNADO (PESOS)": 310764, "LATITUD": 19.737722, "LONGITUD": -97.7234 }, "geometry": { "type": "Point", "coordinates": [ -97.7234, 19.737722 ] } },
{ "type": "Feature", "properties": { "NO": 467, "ENTIDAD": "PUEBLA", "MUNICIPIO": "PANTEPEC", "PUEBLO INDIGENA O AFROMEXICANO": "TOTONACO", "LOCALIDAD": "CAÑADA DE COLOTLA", "CLAVE LOC": 211110036, "TIPO DE ASENTAMIENTO": "COMUNIDAD INDIGENA", "NOMBRE": "CAÑADA DE COLOTLA", "MONTO ASIGNADO (PESOS)": 476589, "LATITUD": 20.557224, "LONGITUD": -97.912893 }, "geometry": { "type": "Point", "coordinates": [ -97.912893, 20.557224 ] } },
{ "type": "Feature", "properties": { "NO": 468, "ENTIDAD": "PUEBLA", "MUNICIPIO": "PANTEPEC", "PUEBLO INDIGENA O AFROMEXICANO": "TOTONACO", "LOCALIDAD": "CAÑADA DE COLOTLA", "CLAVE LOC": 211110036, "TIPO DE ASENTAMIENTO": "COMUNIDAD INDIGENA", "NOMBRE": "SANTA CRUZ", "MONTO ASIGNADO (PESOS)": 350593, "LATITUD": 20.557224, "LONGITUD": -97.912893 }, "geometry": { "type": "Point", "coordinates": [ -97.912893, 20.557224 ] } },
{ "type": "Feature", "properties": { "NO": 469, "ENTIDAD": "PUEBLA", "MUNICIPIO": "PANTEPEC", "PUEBLO INDIGENA O AFROMEXICANO": "TOTONACO", "LOCALIDAD": "CAYHUAPAN", "CLAVE LOC": 211110009, "TIPO DE ASENTAMIENTO": "COMUNIDAD INDIGENA", "NOMBRE": "CAYHUAPAN", "MONTO ASIGNADO (PESOS)": 255205, "LATITUD": 20.513688, "LONGITUD": -97.868035 }, "geometry": { "type": "Point", "coordinates": [ -97.868035, 20.513688 ] } },
{ "type": "Feature", "properties": { "NO": 470, "ENTIDAD": "PUEBLA", "MUNICIPIO": "PANTEPEC", "PUEBLO INDIGENA O AFROMEXICANO": "TOTONACO", "LOCALIDAD": "CEBADILLAS", "CLAVE LOC": 211110010, "TIPO DE ASENTAMIENTO": "COMUNIDAD INDIGENA", "NOMBRE": "CEBADILLAS", "MONTO ASIGNADO (PESOS)": 277031, "LATITUD": 20.585319, "LONGITUD": -97.835578 }, "geometry": { "type": "Point", "coordinates": [ -97.835578, 20.585319 ] } },
{ "type": "Feature", "properties": { "NO": 471, "ENTIDAD": "PUEBLA", "MUNICIPIO": "PANTEPEC", "PUEBLO INDIGENA O AFROMEXICANO": "TOTONACO", "LOCALIDAD": "CINCO DE MAYO", "CLAVE LOC": 211110092, "TIPO DE ASENTAMIENTO": "LOCALIDAD CON POBLACION\nINDIGENA", "NOMBRE": "CINCO DE MAYO", "MONTO ASIGNADO (PESOS)": 166285, "LATITUD": 19.821218, "LONGITUD": -97.658699 }, "geometry": { "type": "Point", "coordinates": [ -97.658699, 19.821218 ] } },
{ "type": "Feature", "properties": { "NO": 472, "ENTIDAD": "PUEBLA", "MUNICIPIO": "PANTEPEC", "PUEBLO INDIGENA O AFROMEXICANO": "TOTONACO", "LOCALIDAD": "EJIDO AGUA LINDA (DOS ARROYOS)", "CLAVE LOC": 211110032, "TIPO DE ASENTAMIENTO": "COMUNIDAD INDIGENA", "NOMBRE": "DOS ARROYOS (EJIDO AGUA LINDA)", "MONTO ASIGNADO (PESOS)": 422537, "LATITUD": 20.529629, "LONGITUD": -97.817484 }, "geometry": { "type": "Point", "coordinates": [ -97.817484, 20.529629 ] } },
{ "type": "Feature", "properties": { "NO": 473, "ENTIDAD": "PUEBLA", "MUNICIPIO": "PANTEPEC", "PUEBLO INDIGENA O AFROMEXICANO": "TOTONACO", "LOCALIDAD": "EJIDO CAÑADA COLOTLA", "CLAVE LOC": 211110007, "TIPO DE ASENTAMIENTO": "COMUNIDAD INDIGENA", "NOMBRE": "EJIDO CAÑADA COLOTLA", "MONTO ASIGNADO (PESOS)": 1028083, "LATITUD": 20.565692, "LONGITUD": -97.918424 }, "geometry": { "type": "Point", "coordinates": [ -97.918424, 20.565692 ] } },
{ "type": "Feature", "properties": { "NO": 474, "ENTIDAD": "PUEBLA", "MUNICIPIO": "PANTEPEC", "PUEBLO INDIGENA O AFROMEXICANO": "TOTONACO", "LOCALIDAD": "EJIDO CARRIZAL VIEJO", "CLAVE LOC": 211110008, "TIPO DE ASENTAMIENTO": "COMUNIDAD INDIGENA", "NOMBRE": "EL CARRIZAL", "MONTO ASIGNADO (PESOS)": 598762, "LATITUD": 20.522228, "LONGITUD": -97.879179 }, "geometry": { "type": "Point", "coordinates": [ -97.879179, 20.522228 ] } },
{ "type": "Feature", "properties": { "NO": 475, "ENTIDAD": "PUEBLA", "MUNICIPIO": "PANTEPEC", "PUEBLO INDIGENA O AFROMEXICANO": "TOTONACO", "LOCALIDAD": "EL AGUACATE", "CLAVE LOC": 211110113, "TIPO DE ASENTAMIENTO": "LOCALIDAD CON POBLACION\nINDIGENA", "NOMBRE": "EL AGUACATE", "MONTO ASIGNADO (PESOS)": 157502, "LATITUD": 20.554144, "LONGITUD": -97.899114 }, "geometry": { "type": "Point", "coordinates": [ -97.899114, 20.554144 ] } },
{ "type": "Feature", "properties": { "NO": 476, "ENTIDAD": "PUEBLA", "MUNICIPIO": "PANTEPEC", "PUEBLO INDIGENA O AFROMEXICANO": "TOTONACO", "LOCALIDAD": "EL COYOL", "CLAVE LOC": 211110111, "TIPO DE ASENTAMIENTO": "LOCALIDAD CON POBLACION\nINDIGENA", "NOMBRE": "EL COYOL", "MONTO ASIGNADO (PESOS)": 170064, "LATITUD": 20.527179, "LONGITUD": -97.938623 }, "geometry": { "type": "Point", "coordinates": [ -97.938623, 20.527179 ] } },
{ "type": "Feature", "properties": { "NO": 477, "ENTIDAD": "PUEBLA", "MUNICIPIO": "PANTEPEC", "PUEBLO INDIGENA O AFROMEXICANO": "OTOMÍ", "LOCALIDAD": "EL LIMONAR", "CLAVE LOC": 211110018, "TIPO DE ASENTAMIENTO": "COMUNIDAD INDIGENA", "NOMBRE": "EJIDO EL LIMONAR", "MONTO ASIGNADO (PESOS)": 241463, "LATITUD": 20.522145, "LONGITUD": -97.644429 }, "geometry": { "type": "Point", "coordinates": [ -97.644429, 20.522145 ] } },
{ "type": "Feature", "properties": { "NO": 478, "ENTIDAD": "PUEBLA", "MUNICIPIO": "PANTEPEC", "PUEBLO INDIGENA O AFROMEXICANO": "TOTONACO", "LOCALIDAD": "EL PACIFICO", "CLAVE LOC": 211110022, "TIPO DE ASENTAMIENTO": "COMUNIDAD INDIGENA", "NOMBRE": "EL PACÍFICO", "MONTO ASIGNADO (PESOS)": 411220, "LATITUD": 20.547983, "LONGITUD": -97.838167 }, "geometry": { "type": "Point", "coordinates": [ -97.838167, 20.547983 ] } },
{ "type": "Feature", "properties": { "NO": 479, "ENTIDAD": "PUEBLA", "MUNICIPIO": "PANTEPEC", "PUEBLO INDIGENA O AFROMEXICANO": "OTOMÍ", "LOCALIDAD": "EL POZO", "CLAVE LOC": 211110024, "TIPO DE ASENTAMIENTO": "COMUNIDAD INDIGENA", "NOMBRE": "EL POZO", "MONTO ASIGNADO (PESOS)": 703850, "LATITUD": 18.529404, "LONGITUD": -98.124538 }, "geometry": { "type": "Point", "coordinates": [ -98.124538, 18.529404 ] } },
{ "type": "Feature", "properties": { "NO": 480, "ENTIDAD": "PUEBLA", "MUNICIPIO": "PANTEPEC", "PUEBLO INDIGENA O AFROMEXICANO": "TOTONACO", "LOCALIDAD": "EL TABLON (LA PLANADA)", "CLAVE LOC": 211110012, "TIPO DE ASENTAMIENTO": "COMUNIDAD INDIGENA", "NOMBRE": "EL TABLÓN", "MONTO ASIGNADO (PESOS)": 339275, "LATITUD": 20.594842, "LONGITUD": -97.79533 }, "geometry": { "type": "Point", "coordinates": [ -97.79533, 20.594842 ] } },
{ "type": "Feature", "properties": { "NO": 481, "ENTIDAD": "PUEBLA", "MUNICIPIO": "PANTEPEC", "PUEBLO INDIGENA O AFROMEXICANO": "TOTONACO", "LOCALIDAD": "EL TERRERO", "CLAVE LOC": 211110028, "TIPO DE ASENTAMIENTO": "COMUNIDAD INDIGENA", "NOMBRE": "EL TERRERO", "MONTO ASIGNADO (PESOS)": 441130, "LATITUD": 18.074444, "LONGITUD": -98.598055 }, "geometry": { "type": "Point", "coordinates": [ -98.598055, 18.074444 ] } },
{ "type": "Feature", "properties": { "NO": 482, "ENTIDAD": "PUEBLA", "MUNICIPIO": "PANTEPEC", "PUEBLO INDIGENA O AFROMEXICANO": "TOTONACO", "LOCALIDAD": "EL ZAPOTE", "CLAVE LOC": 211110030, "TIPO DE ASENTAMIENTO": "COMUNIDAD INDIGENA", "NOMBRE": "EL ZAPOTE", "MONTO ASIGNADO (PESOS)": 206703, "LATITUD": 19.773054, "LONGITUD": -97.334146 }, "geometry": { "type": "Point", "coordinates": [ -97.334146, 19.773054 ] } },
{ "type": "Feature", "properties": { "NO": 483, "ENTIDAD": "PUEBLA", "MUNICIPIO": "PANTEPEC", "PUEBLO INDIGENA O AFROMEXICANO": "TOTONACO", "LOCALIDAD": "GUADALUPE", "CLAVE LOC": 211110088, "TIPO DE ASENTAMIENTO": "LOCALIDAD CON POBLACION\nINDIGENA", "NOMBRE": "GUADALUPE", "MONTO ASIGNADO (PESOS)": 216403, "LATITUD": 18.69989, "LONGITUD": -97.789512 }, "geometry": { "type": "Point", "coordinates": [ -97.789512, 18.69989 ] } },
{ "type": "Feature", "properties": { "NO": 484, "ENTIDAD": "PUEBLA", "MUNICIPIO": "PANTEPEC", "PUEBLO INDIGENA O AFROMEXICANO": "TOTONACO", "LOCALIDAD": "IGNACIO ZARAGOZA", "CLAVE LOC": 211110016, "TIPO DE ASENTAMIENTO": "COMUNIDAD INDIGENA", "NOMBRE": "IGNACIO ZARAGOZA", "MONTO ASIGNADO (PESOS)": 413645, "LATITUD": 19.878524, "LONGITUD": -97.659276 }, "geometry": { "type": "Point", "coordinates": [ -97.659276, 19.878524 ] } },
{ "type": "Feature", "properties": { "NO": 485, "ENTIDAD": "PUEBLA", "MUNICIPIO": "PANTEPEC", "PUEBLO INDIGENA O AFROMEXICANO": "OTOMÍ", "LOCALIDAD": "IXTOLOLOYA", "CLAVE LOC": 211110017, "TIPO DE ASENTAMIENTO": "COMUNIDAD INDIGENA", "NOMBRE": "IXTOLOLOYA", "MONTO ASIGNADO (PESOS)": 786883, "LATITUD": 20.524314, "LONGITUD": -97.965187 }, "geometry": { "type": "Point", "coordinates": [ -97.965187, 20.524314 ] } },
{ "type": "Feature", "properties": { "NO": 486, "ENTIDAD": "PUEBLA", "MUNICIPIO": "PANTEPEC", "PUEBLO INDIGENA O AFROMEXICANO": "TOTONACO", "LOCALIDAD": "LA CEIBA CHICA", "CLAVE LOC": 211110011, "TIPO DE ASENTAMIENTO": "COMUNIDAD INDIGENA", "NOMBRE": "CEIBA CHICA", "MONTO ASIGNADO (PESOS)": 419304, "LATITUD": 20.541292, "LONGITUD": -97.886872 }, "geometry": { "type": "Point", "coordinates": [ -97.886872, 20.541292 ] } },
{ "type": "Feature", "properties": { "NO": 487, "ENTIDAD": "PUEBLA", "MUNICIPIO": "PANTEPEC", "PUEBLO INDIGENA O AFROMEXICANO": "TOTONACO", "LOCALIDAD": "MECAPALAPA", "CLAVE LOC": 211110019, "TIPO DE ASENTAMIENTO": "COMUNIDAD INDIGENA", "NOMBRE": "MECAPALAPA", "MONTO ASIGNADO (PESOS)": 495610, "LATITUD": 20.527254, "LONGITUD": -97.857277 }, "geometry": { "type": "Point", "coordinates": [ -97.857277, 20.527254 ] } },
{ "type": "Feature", "properties": { "NO": 488, "ENTIDAD": "PUEBLA", "MUNICIPIO": "PANTEPEC", "PUEBLO INDIGENA O AFROMEXICANO": "TOTONACO", "LOCALIDAD": "NUEVO CARRIZAL", "CLAVE LOC": 211110033, "TIPO DE ASENTAMIENTO": "COMUNIDAD INDIGENA", "NOMBRE": "EJIDO NUEVO CARRIZAL", "MONTO ASIGNADO (PESOS)": 616546, "LATITUD": 20.500571, "LONGITUD": -97.897982 }, "geometry": { "type": "Point", "coordinates": [ -97.897982, 20.500571 ] } },
{ "type": "Feature", "properties": { "NO": 489, "ENTIDAD": "PUEBLA", "MUNICIPIO": "PANTEPEC", "PUEBLO INDIGENA O AFROMEXICANO": "TOTONACO", "LOCALIDAD": "NUEVO JARDIN", "CLAVE LOC": 211110021, "TIPO DE ASENTAMIENTO": "COMUNIDAD INDIGENA", "NOMBRE": "NUEVO JARDÍN", "MONTO ASIGNADO (PESOS)": 224083, "LATITUD": 20.519425, "LONGITUD": -97.922062 }, "geometry": { "type": "Point", "coordinates": [ -97.922062, 20.519425 ] } },
{ "type": "Feature", "properties": { "NO": 490, "ENTIDAD": "PUEBLA", "MUNICIPIO": "PANTEPEC", "PUEBLO INDIGENA O AFROMEXICANO": "PLURICULTURAL", "LOCALIDAD": "PANTEPEC", "CLAVE LOC": 211110001, "TIPO DE ASENTAMIENTO": "COMUNIDAD PLURICULTURAL", "NOMBRE": "PANTEPEC", "MONTO ASIGNADO (PESOS)": 1724011, "LATITUD": 20.522526, "LONGITUD": -97.934431 }, "geometry": { "type": "Point", "coordinates": [ -97.934431, 20.522526 ] } },
{ "type": "Feature", "properties": { "NO": 491, "ENTIDAD": "PUEBLA", "MUNICIPIO": "PANTEPEC", "PUEBLO INDIGENA O AFROMEXICANO": "TOTONACO", "LOCALIDAD": "PROGRESO DE ALLENDE (RANCHO NUEVO)", "CLAVE LOC": 211110025, "TIPO DE ASENTAMIENTO": "COMUNIDAD INDIGENA", "NOMBRE": "PROGRESO DE ALLENDE (RANCHO NUEVO)", "MONTO ASIGNADO (PESOS)": 624630, "LATITUD": 20.619745, "LONGITUD": -97.894599 }, "geometry": { "type": "Point", "coordinates": [ -97.894599, 20.619745 ] } },
{ "type": "Feature", "properties": { "NO": 492, "ENTIDAD": "PUEBLA", "MUNICIPIO": "PANTEPEC", "PUEBLO INDIGENA O AFROMEXICANO": "TOTONACO", "LOCALIDAD": "SAN ANTONIO", "CLAVE LOC": 211110026, "TIPO DE ASENTAMIENTO": "COMUNIDAD INDIGENA", "NOMBRE": "SAN ANTONIO", "MONTO ASIGNADO (PESOS)": 402471, "LATITUD": 19.757969, "LONGITUD": -97.35658 }, "geometry": { "type": "Point", "coordinates": [ -97.35658, 19.757969 ] } },
{ "type": "Feature", "properties": { "NO": 493, "ENTIDAD": "PUEBLA", "MUNICIPIO": "PANTEPEC", "PUEBLO INDIGENA O AFROMEXICANO": "TOTONACO", "LOCALIDAD": "TEJERIA", "CLAVE LOC": 211110029, "TIPO DE ASENTAMIENTO": "COMUNIDAD INDIGENA", "NOMBRE": "TEJERÍA", "MONTO ASIGNADO (PESOS)": 486639, "LATITUD": 20.529456, "LONGITUD": -97.89495 }, "geometry": { "type": "Point", "coordinates": [ -97.89495, 20.529456 ] } },
{ "type": "Feature", "properties": { "NO": 494, "ENTIDAD": "PUEBLA", "MUNICIPIO": "PANTEPEC", "PUEBLO INDIGENA O AFROMEXICANO": "OTOMÍ", "LOCALIDAD": "TENEXCO", "CLAVE LOC": 211110027, "TIPO DE ASENTAMIENTO": "COMUNIDAD INDIGENA", "NOMBRE": "TENEXCO", "MONTO ASIGNADO (PESOS)": 243080, "LATITUD": 20.521388, "LONGITUD": -97.952778 }, "geometry": { "type": "Point", "coordinates": [ -97.952778, 20.521388 ] } },
{ "type": "Feature", "properties": { "NO": 495, "ENTIDAD": "PUEBLA", "MUNICIPIO": "PETLALCINGO", "PUEBLO INDIGENA O AFROMEXICANO": "MIXTECO", "LOCALIDAD": "EL ROSARIO MICALTEPEC", "CLAVE LOC": 211120005, "TIPO DE ASENTAMIENTO": "COMUNIDAD INDIGENA", "NOMBRE": "EL ROSARIO MICALTEPEC, MUNICIPIO DE\nPETLALCINGO, PUEBLA", "MONTO ASIGNADO (PESOS)": 306941, "LATITUD": 18.045998, "LONGITUD": -97.85007 }, "geometry": { "type": "Point", "coordinates": [ -97.85007, 18.045998 ] } },
{ "type": "Feature", "properties": { "NO": 496, "ENTIDAD": "PUEBLA", "MUNICIPIO": "PUEBLA", "PUEBLO INDIGENA O AFROMEXICANO": "NAHUA", "LOCALIDAD": "AMPLIACION LA RESURRECCION", "CLAVE LOC": 211140464, "TIPO DE ASENTAMIENTO": "LOCALIDAD CON POBLACION\nINDIGENA", "NOMBRE": "AMPLIACION LA RESURRECCION", "MONTO ASIGNADO (PESOS)": 725676, "LATITUD": 19.104862, "LONGITUD": -98.118214 }, "geometry": { "type": "Point", "coordinates": [ -98.118214, 19.104862 ] } },
{ "type": "Feature", "properties": { "NO": 497, "ENTIDAD": "PUEBLA", "MUNICIPIO": "PUEBLA", "PUEBLO INDIGENA O AFROMEXICANO": "NAHUA", "LOCALIDAD": "BUENOS AIRES", "CLAVE LOC": 211140504, "TIPO DE ASENTAMIENTO": "LOCALIDAD CON POBLACION\nINDIGENA", "NOMBRE": "BUENOS AIRES", "MONTO ASIGNADO (PESOS)": 247121, "LATITUD": 18.670253, "LONGITUD": -97.852068 }, "geometry": { "type": "Point", "coordinates": [ -97.852068, 18.670253 ] } },
{ "type": "Feature", "properties": { "NO": 498, "ENTIDAD": "PUEBLA", "MUNICIPIO": "PUEBLA", "PUEBLO INDIGENA O AFROMEXICANO": "NAHUA", "LOCALIDAD": "CERRO GORDO", "CLAVE LOC": 211140505, "TIPO DE ASENTAMIENTO": "LOCALIDAD CON POBLACION\nINDIGENA", "NOMBRE": "CERRO GORDO", "MONTO ASIGNADO (PESOS)": 332000, "LATITUD": 18.921145, "LONGITUD": -98.244764 }, "geometry": { "type": "Point", "coordinates": [ -98.244764, 18.921145 ] } },
{ "type": "Feature", "properties": { "NO": 499, "ENTIDAD": "PUEBLA", "MUNICIPIO": "PUEBLA", "PUEBLO INDIGENA O AFROMEXICANO": "NAHUA", "LOCALIDAD": "COCOYONOTLY", "CLAVE LOC": 211140496, "TIPO DE ASENTAMIENTO": "LOCALIDAD CON POBLACION\nINDIGENA", "NOMBRE": "COCOYONOTLY", "MONTO ASIGNADO (PESOS)": 162527, "LATITUD": 19.152894, "LONGITUD": -98.086399 }, "geometry": { "type": "Point", "coordinates": [ -98.086399, 19.152894 ] } },
{ "type": "Feature", "properties": { "NO": 500, "ENTIDAD": "PUEBLA", "MUNICIPIO": "PUEBLA", "PUEBLO INDIGENA O AFROMEXICANO": "NAHUA", "LOCALIDAD": "CUAZONTETLA", "CLAVE LOC": 211140453, "TIPO DE ASENTAMIENTO": "LOCALIDAD CON POBLACION\nINDIGENA", "NOMBRE": "CUAZONTETLA", "MONTO ASIGNADO (PESOS)": 179219, "LATITUD": 19.107918, "LONGITUD": -98.119609 }, "geometry": { "type": "Point", "coordinates": [ -98.119609, 19.107918 ] } },
{ "type": "Feature", "properties": { "NO": 501, "ENTIDAD": "PUEBLA", "MUNICIPIO": "PUEBLA", "PUEBLO INDIGENA O AFROMEXICANO": "NAHUA", "LOCALIDAD": "EMILIANO ZAPATA", "CLAVE LOC": 211140509, "TIPO DE ASENTAMIENTO": "LOCALIDAD CON POBLACION\nINDIGENA", "NOMBRE": "EMILIANO ZAPATA", "MONTO ASIGNADO (PESOS)": 156246, "LATITUD": 19.658291, "LONGITUD": -97.642032 }, "geometry": { "type": "Point", "coordinates": [ -97.642032, 19.658291 ] } },
{ "type": "Feature", "properties": { "NO": 502, "ENTIDAD": "PUEBLA", "MUNICIPIO": "PUEBLA", "PUEBLO INDIGENA O AFROMEXICANO": "NAHUA", "LOCALIDAD": "LA CARAQUEÑA", "CLAVE LOC": 211140404, "TIPO DE ASENTAMIENTO": "LOCALIDAD CON POBLACION\nINDIGENA", "NOMBRE": "LA CARAQUEÑA", "MONTO ASIGNADO (PESOS)": 148708, "LATITUD": 18.907374, "LONGITUD": -98.267024 }, "geometry": { "type": "Point", "coordinates": [ -98.267024, 18.907374 ] } },
{ "type": "Feature", "properties": { "NO": 503, "ENTIDAD": "PUEBLA", "MUNICIPIO": "PUEBLA", "PUEBLO INDIGENA O AFROMEXICANO": "NAHUA", "LOCALIDAD": "LA NORIA", "CLAVE LOC": 211140510, "TIPO DE ASENTAMIENTO": "LOCALIDAD CON POBLACION\nINDIGENA", "NOMBRE": "LA NORIA", "MONTO ASIGNADO (PESOS)": 320814, "LATITUD": 19.509648, "LONGITUD": -97.493059 }, "geometry": { "type": "Point", "coordinates": [ -97.493059, 19.509648 ] } },
{ "type": "Feature", "properties": { "NO": 504, "ENTIDAD": "PUEBLA", "MUNICIPIO": "PUEBLA", "PUEBLO INDIGENA O AFROMEXICANO": "NAHUA", "LOCALIDAD": "LA PALMILLA", "CLAVE LOC": 211140511, "TIPO DE ASENTAMIENTO": "LOCALIDAD CON POBLACION\nINDIGENA", "NOMBRE": "LA PALMILLA", "MONTO ASIGNADO (PESOS)": 294007, "LATITUD": 18.909905, "LONGITUD": -98.235909 }, "geometry": { "type": "Point", "coordinates": [ -98.235909, 18.909905 ] } },
{ "type": "Feature", "properties": { "NO": 505, "ENTIDAD": "PUEBLA", "MUNICIPIO": "PUEBLA", "PUEBLO INDIGENA O AFROMEXICANO": "NAHUA", "LOCALIDAD": "LA RESURRECCION", "CLAVE LOC": 211140462, "TIPO DE ASENTAMIENTO": "COMUNIDAD INDIGENA", "NOMBRE": "LA RESURRECIÓN", "MONTO ASIGNADO (PESOS)": 154967, "LATITUD": 19.097082, "LONGITUD": -98.139737 }, "geometry": { "type": "Point", "coordinates": [ -98.139737, 19.097082 ] } },
{ "type": "Feature", "properties": { "NO": 506, "ENTIDAD": "PUEBLA", "MUNICIPIO": "PUEBLA", "PUEBLO INDIGENA O AFROMEXICANO": "TOTONACO", "LOCALIDAD": "MATLALCUEYETL [COLONIA]", "CLAVE LOC": 211140514, "TIPO DE ASENTAMIENTO": "LOCALIDAD CON POBLACION\nINDIGENA", "NOMBRE": "MATLALCUEYETL [COLONIA]", "MONTO ASIGNADO (PESOS)": 178410, "LATITUD": 19.125457, "LONGITUD": -98.122815 }, "geometry": { "type": "Point", "coordinates": [ -98.122815, 19.125457 ] } },
{ "type": "Feature", "properties": { "NO": 507, "ENTIDAD": "PUEBLA", "MUNICIPIO": "PUEBLA", "PUEBLO INDIGENA O AFROMEXICANO": "NAHUA", "LOCALIDAD": "NANALCOPA", "CLAVE LOC": 211140460, "TIPO DE ASENTAMIENTO": "LOCALIDAD CON POBLACION\nINDIGENA", "NOMBRE": "NANALCOPA", "MONTO ASIGNADO (PESOS)": 1353452, "LATITUD": 19.145395, "LONGITUD": -98.099556 }, "geometry": { "type": "Point", "coordinates": [ -98.099556, 19.145395 ] } },
{ "type": "Feature", "properties": { "NO": 508, "ENTIDAD": "PUEBLA", "MUNICIPIO": "PUEBLA", "PUEBLO INDIGENA O AFROMEXICANO": "NAHUA", "LOCALIDAD": "OJOCOTLA", "CLAVE LOC": 211140412, "TIPO DE ASENTAMIENTO": "LOCALIDAD CON POBLACION\nINDIGENA", "NOMBRE": "OJOCOTLA", "MONTO ASIGNADO (PESOS)": 222827, "LATITUD": 19.149212, "LONGITUD": -98.093271 }, "geometry": { "type": "Point", "coordinates": [ -98.093271, 19.149212 ] } },
{ "type": "Feature", "properties": { "NO": 509, "ENTIDAD": "PUEBLA", "MUNICIPIO": "PUEBLA", "PUEBLO INDIGENA O AFROMEXICANO": "NAHUA", "LOCALIDAD": "SAN ISIDRO TLALCOSTEPETL", "CLAVE LOC": 211140263, "TIPO DE ASENTAMIENTO": "LOCALIDAD CON POBLACION\nINDIGENA", "NOMBRE": "SAN ISIDRO TLALCOSTEPETL", "MONTO ASIGNADO (PESOS)": 201471, "LATITUD": 19.133858, "LONGITUD": -98.060157 }, "geometry": { "type": "Point", "coordinates": [ -98.060157, 19.133858 ] } },
{ "type": "Feature", "properties": { "NO": 510, "ENTIDAD": "PUEBLA", "MUNICIPIO": "PUEBLA", "PUEBLO INDIGENA O AFROMEXICANO": "NAHUA", "LOCALIDAD": "SAN JOSE ZETINA", "CLAVE LOC": 211140322, "TIPO DE ASENTAMIENTO": "LOCALIDAD CON POBLACION\nINDIGENA", "NOMBRE": "SAN JOSE ZETINA", "MONTO ASIGNADO (PESOS)": 394933, "LATITUD": 18.921485, "LONGITUD": -98.276574 }, "geometry": { "type": "Point", "coordinates": [ -98.276574, 18.921485 ] } },
{ "type": "Feature", "properties": { "NO": 511, "ENTIDAD": "PUEBLA", "MUNICIPIO": "PUEBLA", "PUEBLO INDIGENA O AFROMEXICANO": "NAHUA", "LOCALIDAD": "SAN MIGUELITO", "CLAVE LOC": 211140418, "TIPO DE ASENTAMIENTO": "LOCALIDAD CON POBLACION\nINDIGENA", "NOMBRE": "SAN MIGUELITO", "MONTO ASIGNADO (PESOS)": 454872, "LATITUD": 19.153087, "LONGITUD": -98.094854 }, "geometry": { "type": "Point", "coordinates": [ -98.094854, 19.153087 ] } },
{ "type": "Feature", "properties": { "NO": 512, "ENTIDAD": "PUEBLA", "MUNICIPIO": "PUEBLA", "PUEBLO INDIGENA O AFROMEXICANO": "NAHUA", "LOCALIDAD": "SECCION DECIMA DE SAN MIGUEL CANOA", "CLAVE LOC": 211140389, "TIPO DE ASENTAMIENTO": "LOCALIDAD CON POBLACION\nINDIGENA", "NOMBRE": "SECCION DECIMA DE SAN MIGUEL CANOA", "MONTO ASIGNADO (PESOS)": 954444, "LATITUD": 19.161295, "LONGITUD": -98.095488 }, "geometry": { "type": "Point", "coordinates": [ -98.095488, 19.161295 ] } },
{ "type": "Feature", "properties": { "NO": 513, "ENTIDAD": "PUEBLA", "MUNICIPIO": "PUEBLA", "PUEBLO INDIGENA O AFROMEXICANO": "NAHUA", "LOCALIDAD": "SECCION SEXTA DE SAN MIGUEL CANOA (APANTENCO)", "CLAVE LOC": 211140390, "TIPO DE ASENTAMIENTO": "LOCALIDAD CON POBLACION\nINDIGENA", "NOMBRE": "SECCION SEXTA DE SAN MIGUEL CANOA\n(APANTENCO)", "MONTO ASIGNADO (PESOS)": 791153, "LATITUD": 19.135756, "LONGITUD": -98.115448 }, "geometry": { "type": "Point", "coordinates": [ -98.115448, 19.135756 ] } },
{ "type": "Feature", "properties": { "NO": 514, "ENTIDAD": "PUEBLA", "MUNICIPIO": "PUEBLA", "PUEBLO INDIGENA O AFROMEXICANO": "NAHUA", "LOCALIDAD": "TECAXTETL", "CLAVE LOC": 211140471, "TIPO DE ASENTAMIENTO": "LOCALIDAD CON POBLACION\nINDIGENA", "NOMBRE": "TECAXTETL", "MONTO ASIGNADO (PESOS)": 153733, "LATITUD": 19.114125, "LONGITUD": -98.11962 }, "geometry": { "type": "Point", "coordinates": [ -98.11962, 19.114125 ] } },
{ "type": "Feature", "properties": { "NO": 515, "ENTIDAD": "PUEBLA", "MUNICIPIO": "PUEBLA", "PUEBLO INDIGENA O AFROMEXICANO": "NAHUA", "LOCALIDAD": "TEPECALTECH (TLANCUAYA)", "CLAVE LOC": 211140422, "TIPO DE ASENTAMIENTO": "LOCALIDAD CON POBLACION\nINDIGENA", "NOMBRE": "TEPECALTECH (TLANCUAYA)", "MONTO ASIGNADO (PESOS)": 160014, "LATITUD": 18.916793, "LONGITUD": -98.259393 }, "geometry": { "type": "Point", "coordinates": [ -98.259393, 18.916793 ] } },
{ "type": "Feature", "properties": { "NO": 516, "ENTIDAD": "PUEBLA", "MUNICIPIO": "PUEBLA", "PUEBLO INDIGENA O AFROMEXICANO": "NAHUA", "LOCALIDAD": "TLAPACOYAN", "CLAVE LOC": 211140473, "TIPO DE ASENTAMIENTO": "LOCALIDAD CON POBLACION\nINDIGENA", "NOMBRE": "TLAPACOYAN", "MONTO ASIGNADO (PESOS)": 459722, "LATITUD": 19.13918, "LONGITUD": -98.103376 }, "geometry": { "type": "Point", "coordinates": [ -98.103376, 19.13918 ] } },
{ "type": "Feature", "properties": { "NO": 517, "ENTIDAD": "PUEBLA", "MUNICIPIO": "QUIMIXTLAN", "PUEBLO INDIGENA O AFROMEXICANO": "NAHUA", "LOCALIDAD": "AHUACAPAN", "CLAVE LOC": 211160002, "TIPO DE ASENTAMIENTO": "COMUNIDAD INDIGENA", "NOMBRE": "AHUACAPAN", "MONTO ASIGNADO (PESOS)": 508224, "LATITUD": 19.280116, "LONGITUD": -97.136425 }, "geometry": { "type": "Point", "coordinates": [ -97.136425, 19.280116 ] } },
{ "type": "Feature", "properties": { "NO": 518, "ENTIDAD": "PUEBLA", "MUNICIPIO": "QUIMIXTLAN", "PUEBLO INDIGENA O AFROMEXICANO": "NAHUA", "LOCALIDAD": "AHUATLA", "CLAVE LOC": 211160003, "TIPO DE ASENTAMIENTO": "COMUNIDAD INDIGENA", "NOMBRE": "AHUATLA", "MONTO ASIGNADO (PESOS)": 478315, "LATITUD": 19.252458, "LONGITUD": -97.155857 }, "geometry": { "type": "Point", "coordinates": [ -97.155857, 19.252458 ] } },
{ "type": "Feature", "properties": { "NO": 519, "ENTIDAD": "PUEBLA", "MUNICIPIO": "QUIMIXTLAN", "PUEBLO INDIGENA O AFROMEXICANO": "NAHUA", "LOCALIDAD": "ALTA LUZ", "CLAVE LOC": 211160004, "TIPO DE ASENTAMIENTO": "COMUNIDAD INDIGENA", "NOMBRE": "ALTA LUZ", "MONTO ASIGNADO (PESOS)": 226104, "LATITUD": 19.098605, "LONGITUD": -97.778959 }, "geometry": { "type": "Point", "coordinates": [ -97.778959, 19.098605 ] } },
{ "type": "Feature", "properties": { "NO": 520, "ENTIDAD": "PUEBLA", "MUNICIPIO": "QUIMIXTLAN", "PUEBLO INDIGENA O AFROMEXICANO": "NAHUA", "LOCALIDAD": "BUENAVISTA", "CLAVE LOC": 211160007, "TIPO DE ASENTAMIENTO": "COMUNIDAD INDIGENA", "NOMBRE": "BUENA VISTA", "MONTO ASIGNADO (PESOS)": 1700177, "LATITUD": 20.381592, "LONGITUD": -97.883822 }, "geometry": { "type": "Point", "coordinates": [ -97.883822, 20.381592 ] } },
{ "type": "Feature", "properties": { "NO": 521, "ENTIDAD": "PUEBLA", "MUNICIPIO": "QUIMIXTLAN", "PUEBLO INDIGENA O AFROMEXICANO": "NAHUA", "LOCALIDAD": "CHIMALECAN", "CLAVE LOC": 211160013, "TIPO DE ASENTAMIENTO": "COMUNIDAD INDIGENA", "NOMBRE": "CHIMALECAN", "MONTO ASIGNADO (PESOS)": 201853, "LATITUD": 19.295322, "LONGITUD": -97.085145 }, "geometry": { "type": "Point", "coordinates": [ -97.085145, 19.295322 ] } },
{ "type": "Feature", "properties": { "NO": 522, "ENTIDAD": "PUEBLA", "MUNICIPIO": "QUIMIXTLAN", "PUEBLO INDIGENA O AFROMEXICANO": "NAHUA", "LOCALIDAD": "EL TRIUNFO", "CLAVE LOC": 211160028, "TIPO DE ASENTAMIENTO": "COMUNIDAD INDIGENA", "NOMBRE": "EL TRIUNFO", "MONTO ASIGNADO (PESOS)": 784687, "LATITUD": 19.200833, "LONGITUD": -97.538889 }, "geometry": { "type": "Point", "coordinates": [ -97.538889, 19.200833 ] } },
{ "type": "Feature", "properties": { "NO": 523, "ENTIDAD": "PUEBLA", "MUNICIPIO": "QUIMIXTLAN", "PUEBLO INDIGENA O AFROMEXICANO": "NAHUA", "LOCALIDAD": "JESUS MARIA COMALAPA", "CLAVE LOC": 211160011, "TIPO DE ASENTAMIENTO": "COMUNIDAD INDIGENA", "NOMBRE": "JESÚS MARÍA COMALAPA", "MONTO ASIGNADO (PESOS)": 941840, "LATITUD": 19.289702, "LONGITUD": -97.009556 }, "geometry": { "type": "Point", "coordinates": [ -97.009556, 19.289702 ] } },
{ "type": "Feature", "properties": { "NO": 524, "ENTIDAD": "PUEBLA", "MUNICIPIO": "QUIMIXTLAN", "PUEBLO INDIGENA O AFROMEXICANO": "NAHUA", "LOCALIDAD": "LIMONTITLA", "CLAVE LOC": 211160040, "TIPO DE ASENTAMIENTO": "COMUNIDAD INDIGENA", "NOMBRE": "LIMONTITLA", "MONTO ASIGNADO (PESOS)": 679316, "LATITUD": 19.264698, "LONGITUD": -97.029838 }, "geometry": { "type": "Point", "coordinates": [ -97.029838, 19.264698 ] } },
{ "type": "Feature", "properties": { "NO": 525, "ENTIDAD": "PUEBLA", "MUNICIPIO": "QUIMIXTLAN", "PUEBLO INDIGENA O AFROMEXICANO": "NAHUA", "LOCALIDAD": "MALACAHUACAN", "CLAVE LOC": 211160014, "TIPO DE ASENTAMIENTO": "COMUNIDAD INDIGENA", "NOMBRE": "MALACAHUACAN", "MONTO ASIGNADO (PESOS)": 252780, "LATITUD": 19.28914, "LONGITUD": -97.094352 }, "geometry": { "type": "Point", "coordinates": [ -97.094352, 19.28914 ] } },
{ "type": "Feature", "properties": { "NO": 526, "ENTIDAD": "PUEBLA", "MUNICIPIO": "QUIMIXTLAN", "PUEBLO INDIGENA O AFROMEXICANO": "NAHUA", "LOCALIDAD": "NEXQUEXCAN", "CLAVE LOC": 211160015, "TIPO DE ASENTAMIENTO": "COMUNIDAD INDIGENA", "NOMBRE": "NEXQUEXCAN", "MONTO ASIGNADO (PESOS)": 217212, "LATITUD": 19.262606, "LONGITUD": -97.140249 }, "geometry": { "type": "Point", "coordinates": [ -97.140249, 19.262606 ] } },
{ "type": "Feature", "properties": { "NO": 527, "ENTIDAD": "PUEBLA", "MUNICIPIO": "QUIMIXTLAN", "PUEBLO INDIGENA O AFROMEXICANO": "NAHUA", "LOCALIDAD": "PATLANALAN", "CLAVE LOC": 211160016, "TIPO DE ASENTAMIENTO": "COMUNIDAD INDIGENA", "NOMBRE": "PATLANALÁN", "MONTO ASIGNADO (PESOS)": 968755, "LATITUD": 19.293596, "LONGITUD": -97.119226 }, "geometry": { "type": "Point", "coordinates": [ -97.119226, 19.293596 ] } },
{ "type": "Feature", "properties": { "NO": 528, "ENTIDAD": "PUEBLA", "MUNICIPIO": "QUIMIXTLAN", "PUEBLO INDIGENA O AFROMEXICANO": "NAHUA", "LOCALIDAD": "RINCON DE PATLANALAN", "CLAVE LOC": 211160044, "TIPO DE ASENTAMIENTO": "COMUNIDAD INDIGENA", "NOMBRE": "RINCÓN DE PATLANALÁN", "MONTO ASIGNADO (PESOS)": 303707, "LATITUD": 19.294117, "LONGITUD": -97.134039 }, "geometry": { "type": "Point", "coordinates": [ -97.134039, 19.294117 ] } },
{ "type": "Feature", "properties": { "NO": 529, "ENTIDAD": "PUEBLA", "MUNICIPIO": "QUIMIXTLAN", "PUEBLO INDIGENA O AFROMEXICANO": "NAHUA", "LOCALIDAD": "SAN ISIDRO REYNOSA", "CLAVE LOC": 211160034, "TIPO DE ASENTAMIENTO": "COMUNIDAD INDIGENA", "NOMBRE": "SAN ISIDRO REYNOSA", "MONTO ASIGNADO (PESOS)": 930095, "LATITUD": 19.25672, "LONGITUD": -97.067748 }, "geometry": { "type": "Point", "coordinates": [ -97.067748, 19.25672 ] } },
{ "type": "Feature", "properties": { "NO": 530, "ENTIDAD": "PUEBLA", "MUNICIPIO": "QUIMIXTLAN", "PUEBLO INDIGENA O AFROMEXICANO": "NAHUA", "LOCALIDAD": "TEAPA", "CLAVE LOC": 211160020, "TIPO DE ASENTAMIENTO": "COMUNIDAD INDIGENA", "NOMBRE": "TEAPA", "MONTO ASIGNADO (PESOS)": 310743, "LATITUD": 19.256111, "LONGITUD": -97.1475 }, "geometry": { "type": "Point", "coordinates": [ -97.1475, 19.256111 ] } },
{ "type": "Feature", "properties": { "NO": 531, "ENTIDAD": "PUEBLA", "MUNICIPIO": "QUIMIXTLAN", "PUEBLO INDIGENA O AFROMEXICANO": "NAHUA", "LOCALIDAD": "TEPATZIN", "CLAVE LOC": 211160021, "TIPO DE ASENTAMIENTO": "COMUNIDAD INDIGENA", "NOMBRE": "TEPATZIN", "MONTO ASIGNADO (PESOS)": 354634, "LATITUD": 19.282666, "LONGITUD": -97.111989 }, "geometry": { "type": "Point", "coordinates": [ -97.111989, 19.282666 ] } },
{ "type": "Feature", "properties": { "NO": 532, "ENTIDAD": "PUEBLA", "MUNICIPIO": "QUIMIXTLAN", "PUEBLO INDIGENA O AFROMEXICANO": "NAHUA", "LOCALIDAD": "TLAHUITOMPA", "CLAVE LOC": 211160069, "TIPO DE ASENTAMIENTO": "COMUNIDAD INDIGENA", "NOMBRE": "TLAHUITOMPA", "MONTO ASIGNADO (PESOS)": 425083, "LATITUD": 19.19239, "LONGITUD": -97.136546 }, "geometry": { "type": "Point", "coordinates": [ -97.136546, 19.19239 ] } },
{ "type": "Feature", "properties": { "NO": 533, "ENTIDAD": "PUEBLA", "MUNICIPIO": "QUIMIXTLAN", "PUEBLO INDIGENA O AFROMEXICANO": "NAHUA", "LOCALIDAD": "TLAMOLOAXTLA", "CLAVE LOC": 211160024, "TIPO DE ASENTAMIENTO": "COMUNIDAD INDIGENA", "NOMBRE": "TLAMOLOAXTLA", "MONTO ASIGNADO (PESOS)": 467806, "LATITUD": 19.28769, "LONGITUD": -97.082903 }, "geometry": { "type": "Point", "coordinates": [ -97.082903, 19.28769 ] } },
{ "type": "Feature", "properties": { "NO": 534, "ENTIDAD": "PUEBLA", "MUNICIPIO": "QUIMIXTLAN", "PUEBLO INDIGENA O AFROMEXICANO": "NAHUA", "LOCALIDAD": "TLANEPANTLA", "CLAVE LOC": 211160025, "TIPO DE ASENTAMIENTO": "COMUNIDAD INDIGENA", "NOMBRE": "TLANEPLANTLA", "MONTO ASIGNADO (PESOS)": 2995349, "LATITUD": 18.862511, "LONGITUD": -97.879539 }, "geometry": { "type": "Point", "coordinates": [ -97.879539, 18.862511 ] } },
{ "type": "Feature", "properties": { "NO": 535, "ENTIDAD": "PUEBLA", "MUNICIPIO": "QUIMIXTLAN", "PUEBLO INDIGENA O AFROMEXICANO": "NAHUA", "LOCALIDAD": "TOZIHUIC", "CLAVE LOC": 211160027, "TIPO DE ASENTAMIENTO": "COMUNIDAD INDIGENA", "NOMBRE": "TOZIHUIC", "MONTO ASIGNADO (PESOS)": 3676632, "LATITUD": 19.251589, "LONGITUD": -97.096559 }, "geometry": { "type": "Point", "coordinates": [ -97.096559, 19.251589 ] } },
{ "type": "Feature", "properties": { "NO": 536, "ENTIDAD": "PUEBLA", "MUNICIPIO": "QUIMIXTLAN", "PUEBLO INDIGENA O AFROMEXICANO": "NAHUA", "LOCALIDAD": "VILLA HERMOSA (SAN JOSE)", "CLAVE LOC": 211160047, "TIPO DE ASENTAMIENTO": "COMUNIDAD INDIGENA", "NOMBRE": "VILLA HERMOSA", "MONTO ASIGNADO (PESOS)": 933864, "LATITUD": 19.259754, "LONGITUD": -97.079885 }, "geometry": { "type": "Point", "coordinates": [ -97.079885, 19.259754 ] } },
{ "type": "Feature", "properties": { "NO": 537, "ENTIDAD": "PUEBLA", "MUNICIPIO": "SAN ANTONIO CAÑADA", "PUEBLO INDIGENA O AFROMEXICANO": "NAHUA", "LOCALIDAD": "SAN ANTONIO CAÑADA", "CLAVE LOC": 211200001, "TIPO DE ASENTAMIENTO": "COMUNIDAD INDIGENA", "NOMBRE": "SAN ANTONIO CAÑADA", "MONTO ASIGNADO (PESOS)": 3070070, "LATITUD": 18.49763, "LONGITUD": -97.282209 }, "geometry": { "type": "Point", "coordinates": [ -97.282209, 18.49763 ] } },
{ "type": "Feature", "properties": { "NO": 538, "ENTIDAD": "PUEBLA", "MUNICIPIO": "SAN ANTONIO CAÑADA", "PUEBLO INDIGENA O AFROMEXICANO": "NAHUA", "LOCALIDAD": "SAN ANTONIO CAÑADA", "CLAVE LOC": 211200009, "TIPO DE ASENTAMIENTO": "LOCALIDAD CON POBLACION\nINDIGENA", "NOMBRE": "SAN ANTONIO CAÑADA", "MONTO ASIGNADO (PESOS)": 133950, "LATITUD": 18.49763, "LONGITUD": -97.282209 }, "geometry": { "type": "Point", "coordinates": [ -97.282209, 18.49763 ] } },
{ "type": "Feature", "properties": { "NO": 539, "ENTIDAD": "PUEBLA", "MUNICIPIO": "SAN ANTONIO CAÑADA", "PUEBLO INDIGENA O AFROMEXICANO": "NAHUA", "LOCALIDAD": "SAN ESTEBAN NECOXCALCO", "CLAVE LOC": 211200003, "TIPO DE ASENTAMIENTO": "COMUNIDAD INDIGENA", "NOMBRE": "SAN ESTEBAN NECOXCALCO", "MONTO ASIGNADO (PESOS)": 2422366, "LATITUD": 18.463955, "LONGITUD": -97.297156 }, "geometry": { "type": "Point", "coordinates": [ -97.297156, 18.463955 ] } },
{ "type": "Feature", "properties": { "NO": 540, "ENTIDAD": "PUEBLA", "MUNICIPIO": "SAN FELIPE TEPATLAN", "PUEBLO INDIGENA O AFROMEXICANO": "TOTONACO", "LOCALIDAD": "AFRICA", "CLAVE LOC": 211230002, "TIPO DE ASENTAMIENTO": "COMUNIDAD INDIGENA", "NOMBRE": "ÁFRICA", "MONTO ASIGNADO (PESOS)": 813264, "LATITUD": 20.138758, "LONGITUD": -97.767388 }, "geometry": { "type": "Point", "coordinates": [ -97.767388, 20.138758 ] } },
{ "type": "Feature", "properties": { "NO": 541, "ENTIDAD": "PUEBLA", "MUNICIPIO": "SAN FELIPE TEPATLAN", "PUEBLO INDIGENA O AFROMEXICANO": "TOTONACO", "LOCALIDAD": "CALAPANA", "CLAVE LOC": 211230017, "TIPO DE ASENTAMIENTO": "COMUNIDAD INDIGENA", "NOMBRE": "CALAPANA", "MONTO ASIGNADO (PESOS)": 142427, "LATITUD": 20.139978, "LONGITUD": -97.784262 }, "geometry": { "type": "Point", "coordinates": [ -97.784262, 20.139978 ] } },
{ "type": "Feature", "properties": { "NO": 542, "ENTIDAD": "PUEBLA", "MUNICIPIO": "SAN FELIPE TEPATLAN", "PUEBLO INDIGENA O AFROMEXICANO": "TOTONACO", "LOCALIDAD": "JOJUPANGO (SAN MIGUEL JOJUPANGO)", "CLAVE LOC": 211230005, "TIPO DE ASENTAMIENTO": "COMUNIDAD INDIGENA", "NOMBRE": "JOJUPANGO (SAN MIGUEL JOJUPANGO)", "MONTO ASIGNADO (PESOS)": 1038133, "LATITUD": 20.095983, "LONGITUD": -97.771757 }, "geometry": { "type": "Point", "coordinates": [ -97.771757, 20.095983 ] } },
{ "type": "Feature", "properties": { "NO": 543, "ENTIDAD": "PUEBLA", "MUNICIPIO": "SAN FELIPE TEPATLAN", "PUEBLO INDIGENA O AFROMEXICANO": "TOTONACO", "LOCALIDAD": "LA GUADALUPANA", "CLAVE LOC": 211230004, "TIPO DE ASENTAMIENTO": "COMUNIDAD INDIGENA", "NOMBRE": "LA GUADALUPANA", "MONTO ASIGNADO (PESOS)": 329608, "LATITUD": 20.103078, "LONGITUD": -97.805693 }, "geometry": { "type": "Point", "coordinates": [ -97.805693, 20.103078 ] } },
{ "type": "Feature", "properties": { "NO": 544, "ENTIDAD": "PUEBLA", "MUNICIPIO": "SAN FELIPE TEPATLAN", "PUEBLO INDIGENA O AFROMEXICANO": "TOTONACO", "LOCALIDAD": "PACHOC", "CLAVE LOC": 211230007, "TIPO DE ASENTAMIENTO": "COMUNIDAD INDIGENA", "NOMBRE": "PACHOC", "MONTO ASIGNADO (PESOS)": 446788, "LATITUD": 20.108949, "LONGITUD": -97.761357 }, "geometry": { "type": "Point", "coordinates": [ -97.761357, 20.108949 ] } },
{ "type": "Feature", "properties": { "NO": 545, "ENTIDAD": "PUEBLA", "MUNICIPIO": "SAN FELIPE TEPATLAN", "PUEBLO INDIGENA O AFROMEXICANO": "TOTONACO", "LOCALIDAD": "SAN FELIPE TEPATLAN", "CLAVE LOC": 211230001, "TIPO DE ASENTAMIENTO": "COMUNIDAD INDIGENA", "NOMBRE": "SAN FELIPE TEPATLÁN", "MONTO ASIGNADO (PESOS)": 1044742, "LATITUD": 20.091335, "LONGITUD": -97.796167 }, "geometry": { "type": "Point", "coordinates": [ -97.796167, 20.091335 ] } },
{ "type": "Feature", "properties": { "NO": 546, "ENTIDAD": "PUEBLA", "MUNICIPIO": "SAN FELIPE TEPATLAN", "PUEBLO INDIGENA O AFROMEXICANO": "TOTONACO", "LOCALIDAD": "SAN MARTIN DEL PROGRESO (LA PUNTA)", "CLAVE LOC": 211230008, "TIPO DE ASENTAMIENTO": "COMUNIDAD INDIGENA", "NOMBRE": "SAN MARTÍN DEL PROGRESO.", "MONTO ASIGNADO (PESOS)": 644927, "LATITUD": 20.123935, "LONGITUD": -97.78056 }, "geometry": { "type": "Point", "coordinates": [ -97.78056, 20.123935 ] } },
{ "type": "Feature", "properties": { "NO": 547, "ENTIDAD": "PUEBLA", "MUNICIPIO": "SAN FELIPE TEPATLAN", "PUEBLO INDIGENA O AFROMEXICANO": "TOTONACO", "LOCALIDAD": "XOCHICUGTLA", "CLAVE LOC": 211230010, "TIPO DE ASENTAMIENTO": "COMUNIDAD INDIGENA", "NOMBRE": "XOCHICUGTLA", "MONTO ASIGNADO (PESOS)": 210264, "LATITUD": 20.102057, "LONGITUD": -97.835994 }, "geometry": { "type": "Point", "coordinates": [ -97.835994, 20.102057 ] } },
{ "type": "Feature", "properties": { "NO": 548, "ENTIDAD": "PUEBLA", "MUNICIPIO": "SAN FELIPE TEPATLAN", "PUEBLO INDIGENA O AFROMEXICANO": "TOTONACO", "LOCALIDAD": "XOCHIMILCO", "CLAVE LOC": 211230009, "TIPO DE ASENTAMIENTO": "COMUNIDAD INDIGENA", "NOMBRE": "XOCHIMILCO", "MONTO ASIGNADO (PESOS)": 241671, "LATITUD": 18.840504, "LONGITUD": -97.726216 }, "geometry": { "type": "Point", "coordinates": [ -97.726216, 18.840504 ] } },
{ "type": "Feature", "properties": { "NO": 549, "ENTIDAD": "PUEBLA", "MUNICIPIO": "SAN GABRIEL CHILAC", "PUEBLO INDIGENA O AFROMEXICANO": "NAHUA", "LOCALIDAD": "SAN GABRIEL CHILAC", "CLAVE LOC": 211240001, "TIPO DE ASENTAMIENTO": "COMUNIDAD INDIGENA", "NOMBRE": "SAN GABRIEL CHILAC", "MONTO ASIGNADO (PESOS)": 512673, "LATITUD": 18.318163, "LONGITUD": -97.342179 }, "geometry": { "type": "Point", "coordinates": [ -97.342179, 18.318163 ] } },
{ "type": "Feature", "properties": { "NO": 550, "ENTIDAD": "PUEBLA", "MUNICIPIO": "SAN GABRIEL CHILAC", "PUEBLO INDIGENA O AFROMEXICANO": "POPOLOCA", "LOCALIDAD": "SAN JUAN ATZINGO", "CLAVE LOC": 211240003, "TIPO DE ASENTAMIENTO": "COMUNIDAD INDIGENA", "NOMBRE": "SAN JUAN ATZINGO", "MONTO ASIGNADO (PESOS)": 1639132, "LATITUD": 18.296716, "LONGITUD": -97.384805 }, "geometry": { "type": "Point", "coordinates": [ -97.384805, 18.296716 ] } },
{ "type": "Feature", "properties": { "NO": 551, "ENTIDAD": "PUEBLA", "MUNICIPIO": "SAN JERONIMO XAYACATLAN", "PUEBLO INDIGENA O AFROMEXICANO": "MIXTECO", "LOCALIDAD": "BARRANCA SALADA", "CLAVE LOC": 211270005, "TIPO DE ASENTAMIENTO": "COMUNIDAD INDIGENA", "NOMBRE": "BARRANCA SALADA", "MONTO ASIGNADO (PESOS)": 259247, "LATITUD": 18.222781, "LONGITUD": -97.944831 }, "geometry": { "type": "Point", "coordinates": [ -97.944831, 18.222781 ] } },
{ "type": "Feature", "properties": { "NO": 552, "ENTIDAD": "PUEBLA", "MUNICIPIO": "SAN JERONIMO XAYACATLAN", "PUEBLO INDIGENA O AFROMEXICANO": "MIXTECO", "LOCALIDAD": "CAÑADA SAN MIGUEL", "CLAVE LOC": 211270006, "TIPO DE ASENTAMIENTO": "COMUNIDAD INDIGENA", "NOMBRE": "EL CUAJILOTE", "MONTO ASIGNADO (PESOS)": 362479, "LATITUD": 18.243907, "LONGITUD": -97.920327 }, "geometry": { "type": "Point", "coordinates": [ -97.920327, 18.243907 ] } },
{ "type": "Feature", "properties": { "NO": 553, "ENTIDAD": "PUEBLA", "MUNICIPIO": "SAN JERONIMO XAYACATLAN", "PUEBLO INDIGENA O AFROMEXICANO": "MIXTECO", "LOCALIDAD": "EL CARRIZAL", "CLAVE LOC": 211270010, "TIPO DE ASENTAMIENTO": "LOCALIDAD CON POBLACION\nINDIGENA", "NOMBRE": "EL CARRIZAL", "MONTO ASIGNADO (PESOS)": 149964, "LATITUD": 18.271987, "LONGITUD": -97.923766 }, "geometry": { "type": "Point", "coordinates": [ -97.923766, 18.271987 ] } },
{ "type": "Feature", "properties": { "NO": 554, "ENTIDAD": "PUEBLA", "MUNICIPIO": "SAN JERONIMO XAYACATLAN", "PUEBLO INDIGENA O AFROMEXICANO": "MIXTECO", "LOCALIDAD": "GABINO BARREDA", "CLAVE LOC": 211270002, "TIPO DE ASENTAMIENTO": "COMUNIDAD INDIGENA", "NOMBRE": "GABINO BARREDA", "MONTO ASIGNADO (PESOS)": 453255, "LATITUD": 18.168403, "LONGITUD": -97.953661 }, "geometry": { "type": "Point", "coordinates": [ -97.953661, 18.168403 ] } },
{ "type": "Feature", "properties": { "NO": 555, "ENTIDAD": "PUEBLA", "MUNICIPIO": "SAN JERONIMO XAYACATLAN", "PUEBLO INDIGENA O AFROMEXICANO": "MIXTECO", "LOCALIDAD": "SECCION CAÑADA SANDIA", "CLAVE LOC": 211270008, "TIPO DE ASENTAMIENTO": "LOCALIDAD CON POBLACION\nINDIGENA", "NOMBRE": "SECCION CAÑADA SANDIA", "MONTO ASIGNADO (PESOS)": 250355, "LATITUD": 18.139447, "LONGITUD": -97.977896 }, "geometry": { "type": "Point", "coordinates": [ -97.977896, 18.139447 ] } },
{ "type": "Feature", "properties": { "NO": 556, "ENTIDAD": "PUEBLA", "MUNICIPIO": "SAN JOSE MIAHUATLAN", "PUEBLO INDIGENA O AFROMEXICANO": "NAHUA", "LOCALIDAD": "SAN JERONIMO AXOCHITLAN", "CLAVE LOC": 211290002, "TIPO DE ASENTAMIENTO": "COMUNIDAD INDIGENA", "NOMBRE": "SAN JERÓNIMO AXOCHITLÁN", "MONTO ASIGNADO (PESOS)": 1025580, "LATITUD": 18.278822, "LONGITUD": -97.263054 }, "geometry": { "type": "Point", "coordinates": [ -97.263054, 18.278822 ] } },
{ "type": "Feature", "properties": { "NO": 557, "ENTIDAD": "PUEBLA", "MUNICIPIO": "SAN JOSE MIAHUATLAN", "PUEBLO INDIGENA O AFROMEXICANO": "NAHUA", "LOCALIDAD": "SAN JOSE AXUXCO", "CLAVE LOC": 211290003, "TIPO DE ASENTAMIENTO": "COMUNIDAD INDIGENA", "NOMBRE": "SAN JOSÉ AXUSCO", "MONTO ASIGNADO (PESOS)": 1605989, "LATITUD": 18.231212, "LONGITUD": -97.207544 }, "geometry": { "type": "Point", "coordinates": [ -97.207544, 18.231212 ] } },
{ "type": "Feature", "properties": { "NO": 558, "ENTIDAD": "PUEBLA", "MUNICIPIO": "SAN JOSE MIAHUATLAN", "PUEBLO INDIGENA O AFROMEXICANO": "NAHUA", "LOCALIDAD": "SAN JOSE MIAHUATLAN", "CLAVE LOC": 211290001, "TIPO DE ASENTAMIENTO": "COMUNIDAD INDIGENA", "NOMBRE": "SAN JOSÉ MIAHUATLÁN", "MONTO ASIGNADO (PESOS)": 91106, "LATITUD": 18.290238, "LONGITUD": -97.287655 }, "geometry": { "type": "Point", "coordinates": [ -97.287655, 18.290238 ] } },
{ "type": "Feature", "properties": { "NO": 559, "ENTIDAD": "PUEBLA", "MUNICIPIO": "SAN JOSE MIAHUATLAN", "PUEBLO INDIGENA O AFROMEXICANO": "NAHUA", "LOCALIDAD": "SAN MATEO TLACOXCALCO", "CLAVE LOC": 211290004, "TIPO DE ASENTAMIENTO": "COMUNIDAD INDIGENA", "NOMBRE": "SAN MATEO TLACOXCALCO", "MONTO ASIGNADO (PESOS)": 794387, "LATITUD": 18.288171, "LONGITUD": -97.327699 }, "geometry": { "type": "Point", "coordinates": [ -97.327699, 18.288171 ] } },
{ "type": "Feature", "properties": { "NO": 560, "ENTIDAD": "PUEBLA", "MUNICIPIO": "SAN JOSE MIAHUATLAN", "PUEBLO INDIGENA O AFROMEXICANO": "NAHUA", "LOCALIDAD": "SAN PEDRO TETITLAN", "CLAVE LOC": 211290005, "TIPO DE ASENTAMIENTO": "COMUNIDAD INDIGENA", "NOMBRE": "SAN PEDRO TETITLÁN", "MONTO ASIGNADO (PESOS)": 1090250, "LATITUD": 18.259564, "LONGITUD": -97.323248 }, "geometry": { "type": "Point", "coordinates": [ -97.323248, 18.259564 ] } },
{ "type": "Feature", "properties": { "NO": 561, "ENTIDAD": "PUEBLA", "MUNICIPIO": "SAN SEBASTIAN TLACOTEPEC", "PUEBLO INDIGENA O AFROMEXICANO": "MAZATECO", "LOCALIDAD": "MAZATZONGO DE GUERRERO", "CLAVE LOC": 211450007, "TIPO DE ASENTAMIENTO": "COMUNIDAD INDIGENA", "NOMBRE": "MAZATZONGO DE GUERRERO", "MONTO ASIGNADO (PESOS)": 6270058, "LATITUD": 18.286771, "LONGITUD": -96.834717 }, "geometry": { "type": "Point", "coordinates": [ -96.834717, 18.286771 ] } },
{ "type": "Feature", "properties": { "NO": 562, "ENTIDAD": "PUEBLA", "MUNICIPIO": "SAN SEBASTIAN TLACOTEPEC", "PUEBLO INDIGENA O AFROMEXICANO": "NAHUA", "LOCALIDAD": "TLACOTEPEC DE PORFIRIO DIAZ", "CLAVE LOC": 211450001, "TIPO DE ASENTAMIENTO": "COMUNIDAD INDIGENA", "NOMBRE": "TLACOTEPEC DE PORFIRIO DÍAZ", "MONTO ASIGNADO (PESOS)": 11829732, "LATITUD": 18.404646, "LONGITUD": -96.85061 }, "geometry": { "type": "Point", "coordinates": [ -96.85061, 18.404646 ] } },
{ "type": "Feature", "properties": { "NO": 563, "ENTIDAD": "PUEBLA", "MUNICIPIO": "SANTA CATARINA TLALTEMPAN", "PUEBLO INDIGENA O AFROMEXICANO": "MIXTECO", "LOCALIDAD": "SANTA CATARINA TLALTEMPAN", "CLAVE LOC": 211460001, "TIPO DE ASENTAMIENTO": "COMUNIDAD INDIGENA", "NOMBRE": "SANTA CATARINA TLALTEMPAN", "MONTO ASIGNADO (PESOS)": 690107, "LATITUD": 18.614263, "LONGITUD": -98.079899 }, "geometry": { "type": "Point", "coordinates": [ -98.079899, 18.614263 ] } },
{ "type": "Feature", "properties": { "NO": 564, "ENTIDAD": "PUEBLA", "MUNICIPIO": "SANTIAGO MIAHUATLAN", "PUEBLO INDIGENA O AFROMEXICANO": "MAZATECO", "LOCALIDAD": "12 DE DICIEMBRE", "CLAVE LOC": 211490020, "TIPO DE ASENTAMIENTO": "LOCALIDAD CON POBLACION\nINDIGENA", "NOMBRE": "12 DE DICIEMBRE", "MONTO ASIGNADO (PESOS)": 257630, "LATITUD": 18.512698, "LONGITUD": -97.431741 }, "geometry": { "type": "Point", "coordinates": [ -97.431741, 18.512698 ] } },
{ "type": "Feature", "properties": { "NO": 565, "ENTIDAD": "PUEBLA", "MUNICIPIO": "SANTIAGO MIAHUATLAN", "PUEBLO INDIGENA O AFROMEXICANO": "NAHUA", "LOCALIDAD": "VALLE DE TEHUACAN [PARQUE INDUSTRIAL]", "CLAVE LOC": 211490023, "TIPO DE ASENTAMIENTO": "LOCALIDAD CON POBLACION\nINDIGENA", "NOMBRE": "VALLE DE TEHUACAN [PARQUE INDUSTRIAL]", "MONTO ASIGNADO (PESOS)": 688896, "LATITUD": 18.506987, "LONGITUD": -97.432365 }, "geometry": { "type": "Point", "coordinates": [ -97.432365, 18.506987 ] } },
{ "type": "Feature", "properties": { "NO": 566, "ENTIDAD": "PUEBLA", "MUNICIPIO": "SANTIAGO MIAHUATLAN", "PUEBLO INDIGENA O AFROMEXICANO": "NAHUA", "LOCALIDAD": "VILLA ALEGRIA", "CLAVE LOC": 211490016, "TIPO DE ASENTAMIENTO": "LOCALIDAD CON POBLACION\nINDIGENA", "NOMBRE": "VILLA ALEGRIA", "MONTO ASIGNADO (PESOS)": 1456441, "LATITUD": 18.531138, "LONGITUD": -97.421425 }, "geometry": { "type": "Point", "coordinates": [ -97.421425, 18.531138 ] } },
{ "type": "Feature", "properties": { "NO": 567, "ENTIDAD": "PUEBLA", "MUNICIPIO": "TEHUACAN", "PUEBLO INDIGENA O AFROMEXICANO": "NAHUA", "LOCALIDAD": "EL ROSARIO", "CLAVE LOC": 211560225, "TIPO DE ASENTAMIENTO": "LOCALIDAD CON POBLACION\nINDIGENA", "NOMBRE": "EL ROSARIO", "MONTO ASIGNADO (PESOS)": 132333, "LATITUD": 18.433489, "LONGITUD": -97.399039 }, "geometry": { "type": "Point", "coordinates": [ -97.399039, 18.433489 ] } },
{ "type": "Feature", "properties": { "NO": 568, "ENTIDAD": "PUEBLA", "MUNICIPIO": "TEHUACAN", "PUEBLO INDIGENA O AFROMEXICANO": "NAHUA", "LOCALIDAD": "GRANJAS GUADALUPE", "CLAVE LOC": 211560222, "TIPO DE ASENTAMIENTO": "LOCALIDAD CON POBLACION\nINDIGENA", "NOMBRE": "GRANJAS GUADALUPE", "MONTO ASIGNADO (PESOS)": 145267, "LATITUD": 18.425368, "LONGITUD": -97.387086 }, "geometry": { "type": "Point", "coordinates": [ -97.387086, 18.425368 ] } },
{ "type": "Feature", "properties": { "NO": 569, "ENTIDAD": "PUEBLA", "MUNICIPIO": "TEHUACAN", "PUEBLO INDIGENA O AFROMEXICANO": "NAHUA", "LOCALIDAD": "RANCHO ATEMACO", "CLAVE LOC": 211560161, "TIPO DE ASENTAMIENTO": "LOCALIDAD CON POBLACION\nINDIGENA", "NOMBRE": "RANCHO ATEMACO", "MONTO ASIGNADO (PESOS)": 158201, "LATITUD": 18.423437, "LONGITUD": -97.38317 }, "geometry": { "type": "Point", "coordinates": [ -97.38317, 18.423437 ] } },
{ "type": "Feature", "properties": { "NO": 570, "ENTIDAD": "PUEBLA", "MUNICIPIO": "TEHUACAN", "PUEBLO INDIGENA O AFROMEXICANO": "NAHUA", "LOCALIDAD": "RANCHO CABRAS (SAN SALVADOR OTZOLOTEPEC)", "CLAVE LOC": 211560002, "TIPO DE ASENTAMIENTO": "COMUNIDAD INDIGENA", "NOMBRE": "RANCHO CABRAS", "MONTO ASIGNADO (PESOS)": 507416, "LATITUD": 18.592299, "LONGITUD": -97.233777 }, "geometry": { "type": "Point", "coordinates": [ -97.233777, 18.592299 ] } },
{ "type": "Feature", "properties": { "NO": 571, "ENTIDAD": "PUEBLA", "MUNICIPIO": "TEHUACAN", "PUEBLO INDIGENA O AFROMEXICANO": "NAHUA", "LOCALIDAD": "RANCHO SAN ANDRES SOCOTLA", "CLAVE LOC": 211560142, "TIPO DE ASENTAMIENTO": "LOCALIDAD CON POBLACION\nINDIGENA", "NOMBRE": "RANCHO SAN ANDRES SOCOTLA", "MONTO ASIGNADO (PESOS)": 142034, "LATITUD": 18.420309, "LONGITUD": -97.406079 }, "geometry": { "type": "Point", "coordinates": [ -97.406079, 18.420309 ] } },
{ "type": "Feature", "properties": { "NO": 572, "ENTIDAD": "PUEBLA", "MUNICIPIO": "TEHUACAN", "PUEBLO INDIGENA O AFROMEXICANO": "NAHUA", "LOCALIDAD": "SANTA CATARINA OTZOLOTEPEC", "CLAVE LOC": 211560023, "TIPO DE ASENTAMIENTO": "COMUNIDAD INDIGENA", "NOMBRE": "SANTA CATARINA OTZOLOTEPEC", "MONTO ASIGNADO (PESOS)": 2280345, "LATITUD": 18.574753, "LONGITUD": -97.266393 }, "geometry": { "type": "Point", "coordinates": [ -97.266393, 18.574753 ] } },
{ "type": "Feature", "properties": { "NO": 573, "ENTIDAD": "PUEBLA", "MUNICIPIO": "TENAMPULCO", "PUEBLO INDIGENA O AFROMEXICANO": "TOTONACO", "LOCALIDAD": "ARROYO BLANCO", "CLAVE LOC": 211580024, "TIPO DE ASENTAMIENTO": "COMUNIDAD INDIGENA", "NOMBRE": "ARROYO BLANCO", "MONTO ASIGNADO (PESOS)": 181644, "LATITUD": 20.196581, "LONGITUD": -97.385853 }, "geometry": { "type": "Point", "coordinates": [ -97.385853, 20.196581 ] } },
{ "type": "Feature", "properties": { "NO": 574, "ENTIDAD": "PUEBLA", "MUNICIPIO": "TENAMPULCO", "PUEBLO INDIGENA O AFROMEXICANO": "TOTONACO", "LOCALIDAD": "CARACOLES", "CLAVE LOC": 211580003, "TIPO DE ASENTAMIENTO": "COMUNIDAD INDIGENA", "NOMBRE": "CARACOLES", "MONTO ASIGNADO (PESOS)": 163783, "LATITUD": 20.191539, "LONGITUD": -97.372704 }, "geometry": { "type": "Point", "coordinates": [ -97.372704, 20.191539 ] } },
{ "type": "Feature", "properties": { "NO": 575, "ENTIDAD": "PUEBLA", "MUNICIPIO": "TENAMPULCO", "PUEBLO INDIGENA O AFROMEXICANO": "NAHUA", "LOCALIDAD": "CERRO DE LA CAMPANA", "CLAVE LOC": 211580025, "TIPO DE ASENTAMIENTO": "COMUNIDAD INDIGENA", "NOMBRE": "CERRO DE LA CAMPANA", "MONTO ASIGNADO (PESOS)": 231621, "LATITUD": 20.165173, "LONGITUD": -97.426578 }, "geometry": { "type": "Point", "coordinates": [ -97.426578, 20.165173 ] } },
{ "type": "Feature", "properties": { "NO": 576, "ENTIDAD": "PUEBLA", "MUNICIPIO": "TENAMPULCO", "PUEBLO INDIGENA O AFROMEXICANO": "NAHUA", "LOCALIDAD": "COLONIA MORELOS", "CLAVE LOC": 211580004, "TIPO DE ASENTAMIENTO": "COMUNIDAD INDIGENA", "NOMBRE": "COLONIA MORELOS", "MONTO ASIGNADO (PESOS)": 211553, "LATITUD": 20.161422, "LONGITUD": -97.479705 }, "geometry": { "type": "Point", "coordinates": [ -97.479705, 20.161422 ] } },
{ "type": "Feature", "properties": { "NO": 577, "ENTIDAD": "PUEBLA", "MUNICIPIO": "TENAMPULCO", "PUEBLO INDIGENA O AFROMEXICANO": "TOTONACO", "LOCALIDAD": "CUATRO CAMINOS", "CLAVE LOC": 211580029, "TIPO DE ASENTAMIENTO": "COMUNIDAD INDIGENA", "NOMBRE": "CUATRO CAMINOS", "MONTO ASIGNADO (PESOS)": 133950, "LATITUD": 18.490513, "LONGITUD": -97.128909 }, "geometry": { "type": "Point", "coordinates": [ -97.128909, 18.490513 ] } },
{ "type": "Feature", "properties": { "NO": 578, "ENTIDAD": "PUEBLA", "MUNICIPIO": "TENAMPULCO", "PUEBLO INDIGENA O AFROMEXICANO": "NAHUA", "LOCALIDAD": "EL CHACAL", "CLAVE LOC": 211580007, "TIPO DE ASENTAMIENTO": "COMUNIDAD INDIGENA", "NOMBRE": "EL CHACAL", "MONTO ASIGNADO (PESOS)": 1044981, "LATITUD": 20.220607, "LONGITUD": -97.460277 }, "geometry": { "type": "Point", "coordinates": [ -97.460277, 20.220607 ] } },
{ "type": "Feature", "properties": { "NO": 579, "ENTIDAD": "PUEBLA", "MUNICIPIO": "TENAMPULCO", "PUEBLO INDIGENA O AFROMEXICANO": "NAHUA", "LOCALIDAD": "EL CHACAL", "CLAVE LOC": 211580007, "TIPO DE ASENTAMIENTO": "COMUNIDAD INDIGENA", "NOMBRE": "EL ZAPOTE", "MONTO ASIGNADO (PESOS)": 239846, "LATITUD": 20.220607, "LONGITUD": -97.460277 }, "geometry": { "type": "Point", "coordinates": [ -97.460277, 20.220607 ] } },
{ "type": "Feature", "properties": { "NO": 580, "ENTIDAD": "PUEBLA", "MUNICIPIO": "TENAMPULCO", "PUEBLO INDIGENA O AFROMEXICANO": "NAHUA", "LOCALIDAD": "EL TECAJETE", "CLAVE LOC": 211580053, "TIPO DE ASENTAMIENTO": "COMUNIDAD INDIGENA", "NOMBRE": "TECAJETES", "MONTO ASIGNADO (PESOS)": 192152, "LATITUD": 20.168244, "LONGITUD": -97.408233 }, "geometry": { "type": "Point", "coordinates": [ -97.408233, 20.168244 ] } },
{ "type": "Feature", "properties": { "NO": 581, "ENTIDAD": "PUEBLA", "MUNICIPIO": "TENAMPULCO", "PUEBLO INDIGENA O AFROMEXICANO": "TOTONACO", "LOCALIDAD": "EL ZAPOTAL", "CLAVE LOC": 211580021, "TIPO DE ASENTAMIENTO": "COMUNIDAD INDIGENA", "NOMBRE": "EL ZAPOTAL", "MONTO ASIGNADO (PESOS)": 180835, "LATITUD": 20.164825, "LONGITUD": -97.387664 }, "geometry": { "type": "Point", "coordinates": [ -97.387664, 20.164825 ] } },
{ "type": "Feature", "properties": { "NO": 582, "ENTIDAD": "PUEBLA", "MUNICIPIO": "TENAMPULCO", "PUEBLO INDIGENA O AFROMEXICANO": "NAHUA", "LOCALIDAD": "LA FLORIDA", "CLAVE LOC": 211580008, "TIPO DE ASENTAMIENTO": "COMUNIDAD INDIGENA", "NOMBRE": "LA FLORIDA", "MONTO ASIGNADO (PESOS)": 212362, "LATITUD": 20.30577, "LONGITUD": -97.760829 }, "geometry": { "type": "Point", "coordinates": [ -97.760829, 20.30577 ] } },
{ "type": "Feature", "properties": { "NO": 583, "ENTIDAD": "PUEBLA", "MUNICIPIO": "TENAMPULCO", "PUEBLO INDIGENA O AFROMEXICANO": "NAHUA", "LOCALIDAD": "LA NUEVA JUNTA ARROYO ZARCO", "CLAVE LOC": 211580052, "TIPO DE ASENTAMIENTO": "COMUNIDAD INDIGENA", "NOMBRE": "LA NUEVA JUNTA ARROYO ZARCO.", "MONTO ASIGNADO (PESOS)": 329575, "LATITUD": 20.193548, "LONGITUD": -97.451902 }, "geometry": { "type": "Point", "coordinates": [ -97.451902, 20.193548 ] } },
{ "type": "Feature", "properties": { "NO": 584, "ENTIDAD": "PUEBLA", "MUNICIPIO": "TENAMPULCO", "PUEBLO INDIGENA O AFROMEXICANO": "TOTONACO", "LOCALIDAD": "LA SABANA", "CLAVE LOC": 211580048, "TIPO DE ASENTAMIENTO": "COMUNIDAD INDIGENA", "NOMBRE": "LA SABANA", "MONTO ASIGNADO (PESOS)": 167093, "LATITUD": 20.528055, "LONGITUD": -97.783611 }, "geometry": { "type": "Point", "coordinates": [ -97.783611, 20.528055 ] } },
{ "type": "Feature", "properties": { "NO": 585, "ENTIDAD": "PUEBLA", "MUNICIPIO": "TENAMPULCO", "PUEBLO INDIGENA O AFROMEXICANO": "NAHUA", "LOCALIDAD": "LAZARO CARDENAS (SAN DIEGO)", "CLAVE LOC": 211580045, "TIPO DE ASENTAMIENTO": "COMUNIDAD INDIGENA", "NOMBRE": "LÁZARO CÁRDENAS", "MONTO ASIGNADO (PESOS)": 323916, "LATITUD": 20.183121, "LONGITUD": -97.454201 }, "geometry": { "type": "Point", "coordinates": [ -97.454201, 20.183121 ] } },
{ "type": "Feature", "properties": { "NO": 586, "ENTIDAD": "PUEBLA", "MUNICIPIO": "TENAMPULCO", "PUEBLO INDIGENA O AFROMEXICANO": "NAHUA", "LOCALIDAD": "POZA VERDE", "CLAVE LOC": 211580014, "TIPO DE ASENTAMIENTO": "COMUNIDAD INDIGENA", "NOMBRE": "POZA VERDE", "MONTO ASIGNADO (PESOS)": 152542, "LATITUD": 20.190645, "LONGITUD": -97.408081 }, "geometry": { "type": "Point", "coordinates": [ -97.408081, 20.190645 ] } },
{ "type": "Feature", "properties": { "NO": 587, "ENTIDAD": "PUEBLA", "MUNICIPIO": "TENAMPULCO", "PUEBLO INDIGENA O AFROMEXICANO": "NAHUA", "LOCALIDAD": "SALSIPUEDES (CERRO DE LA CAMPANA)", "CLAVE LOC": 211580023, "TIPO DE ASENTAMIENTO": "COMUNIDAD INDIGENA", "NOMBRE": "SALSIPUEDES", "MONTO ASIGNADO (PESOS)": 159818, "LATITUD": 20.215296, "LONGITUD": -97.432874 }, "geometry": { "type": "Point", "coordinates": [ -97.432874, 20.215296 ] } },
{ "type": "Feature", "properties": { "NO": 588, "ENTIDAD": "PUEBLA", "MUNICIPIO": "TENAMPULCO", "PUEBLO INDIGENA O AFROMEXICANO": "TOTONACO", "LOCALIDAD": "SALTILLO", "CLAVE LOC": 211580015, "TIPO DE ASENTAMIENTO": "COMUNIDAD INDIGENA", "NOMBRE": "SALTILLO", "MONTO ASIGNADO (PESOS)": 167093, "LATITUD": 20.187767, "LONGITUD": -97.396687 }, "geometry": { "type": "Point", "coordinates": [ -97.396687, 20.187767 ] } },
{ "type": "Feature", "properties": { "NO": 589, "ENTIDAD": "PUEBLA", "MUNICIPIO": "TENAMPULCO", "PUEBLO INDIGENA O AFROMEXICANO": "TOTONACO", "LOCALIDAD": "SANTA CRUZ BUENA VISTA", "CLAVE LOC": 211580016, "TIPO DE ASENTAMIENTO": "COMUNIDAD INDIGENA", "NOMBRE": "SANTA CRUZ BUENA VISTA", "MONTO ASIGNADO (PESOS)": 137992, "LATITUD": 20.167364, "LONGITUD": -97.348682 }, "geometry": { "type": "Point", "coordinates": [ -97.348682, 20.167364 ] } },
{ "type": "Feature", "properties": { "NO": 590, "ENTIDAD": "PUEBLA", "MUNICIPIO": "TENAMPULCO", "PUEBLO INDIGENA O AFROMEXICANO": "TOTONACO", "LOCALIDAD": "TENAMPULCO VIEJO", "CLAVE LOC": 211580019, "TIPO DE ASENTAMIENTO": "COMUNIDAD INDIGENA", "NOMBRE": "TENAMPULCO VIEJO", "MONTO ASIGNADO (PESOS)": 218020, "LATITUD": 20.210394, "LONGITUD": -97.365141 }, "geometry": { "type": "Point", "coordinates": [ -97.365141, 20.210394 ] } },
{ "type": "Feature", "properties": { "NO": 591, "ENTIDAD": "PUEBLA", "MUNICIPIO": "TENAMPULCO", "PUEBLO INDIGENA O AFROMEXICANO": "NAHUA", "LOCALIDAD": "TENEXAPA DE ALLENDE", "CLAVE LOC": 211580020, "TIPO DE ASENTAMIENTO": "COMUNIDAD INDIGENA", "NOMBRE": "TENEXAPA DE ALLENDE", "MONTO ASIGNADO (PESOS)": 221571, "LATITUD": 20.161731, "LONGITUD": -97.335727 }, "geometry": { "type": "Point", "coordinates": [ -97.335727, 20.161731 ] } },
{ "type": "Feature", "properties": { "NO": 592, "ENTIDAD": "PUEBLA", "MUNICIPIO": "TENAMPULCO", "PUEBLO INDIGENA O AFROMEXICANO": "NAHUA", "LOCALIDAD": "TLACOTALPA", "CLAVE LOC": 211580018, "TIPO DE ASENTAMIENTO": "COMUNIDAD INDIGENA", "NOMBRE": "TACOTALPA CRUZ VERDE", "MONTO ASIGNADO (PESOS)": 240415, "LATITUD": 20.172572, "LONGITUD": -97.425187 }, "geometry": { "type": "Point", "coordinates": [ -97.425187, 20.172572 ] } },
{ "type": "Feature", "properties": { "NO": 593, "ENTIDAD": "PUEBLA", "MUNICIPIO": "TEOPANTLAN", "PUEBLO INDIGENA O AFROMEXICANO": "NAHUA", "LOCALIDAD": "EL ZAPOTE", "CLAVE LOC": 211590004, "TIPO DE ASENTAMIENTO": "LOCALIDAD CON POBLACION\nINDIGENA", "NOMBRE": "EL ZAPOTE", "MONTO ASIGNADO (PESOS)": 142034, "LATITUD": 19.773054, "LONGITUD": -97.334146 }, "geometry": { "type": "Point", "coordinates": [ -97.334146, 19.773054 ] } },
{ "type": "Feature", "properties": { "NO": 594, "ENTIDAD": "PUEBLA", "MUNICIPIO": "TEOPANTLAN", "PUEBLO INDIGENA O AFROMEXICANO": "NAHUA", "LOCALIDAD": "TEOPANTLAN", "CLAVE LOC": 211590001, "TIPO DE ASENTAMIENTO": "COMUNIDAD INDIGENA", "NOMBRE": "TEOPANTLÁN", "MONTO ASIGNADO (PESOS)": 2271276, "LATITUD": 18.713259, "LONGITUD": -98.262371 }, "geometry": { "type": "Point", "coordinates": [ -98.262371, 18.713259 ] } },
{ "type": "Feature", "properties": { "NO": 595, "ENTIDAD": "PUEBLA", "MUNICIPIO": "TEPANCO DE LOPEZ", "PUEBLO INDIGENA O AFROMEXICANO": "POPOLOCA", "LOCALIDAD": "SAN LUIS TEMALACAYUCA", "CLAVE LOC": 211610006, "TIPO DE ASENTAMIENTO": "COMUNIDAD INDIGENA", "NOMBRE": "SAN LUIS TEMALACAYUCA", "MONTO ASIGNADO (PESOS)": 84639, "LATITUD": 18.600954, "LONGITUD": -97.5598 }, "geometry": { "type": "Point", "coordinates": [ -97.5598, 18.600954 ] } },
{ "type": "Feature", "properties": { "NO": 596, "ENTIDAD": "PUEBLA", "MUNICIPIO": "TEPANGO DE RODRIGUEZ", "PUEBLO INDIGENA O AFROMEXICANO": "TOTONACO", "LOCALIDAD": "CALTUCHOCO (LAS LAMINAS)", "CLAVE LOC": 211620002, "TIPO DE ASENTAMIENTO": "COMUNIDAD INDIGENA", "NOMBRE": "CALTUCHOCO (LAS LAMINAS)", "MONTO ASIGNADO (PESOS)": 708995, "LATITUD": 19.997183, "LONGITUD": -97.747489 }, "geometry": { "type": "Point", "coordinates": [ -97.747489, 19.997183 ] } },
{ "type": "Feature", "properties": { "NO": 597, "ENTIDAD": "PUEBLA", "MUNICIPIO": "TEPANGO DE RODRIGUEZ", "PUEBLO INDIGENA O AFROMEXICANO": "TOTONACO", "LOCALIDAD": "TEPANGO DE RODRIGUEZ", "CLAVE LOC": 211620001, "TIPO DE ASENTAMIENTO": "COMUNIDAD INDIGENA", "NOMBRE": "TEPANGO DE RODRÍGUEZ", "MONTO ASIGNADO (PESOS)": 4667123, "LATITUD": 20.002813, "LONGITUD": -97.79627 }, "geometry": { "type": "Point", "coordinates": [ -97.79627, 20.002813 ] } },
{ "type": "Feature", "properties": { "NO": 598, "ENTIDAD": "PUEBLA", "MUNICIPIO": "TEPATLAXCO DE HIDALGO", "PUEBLO INDIGENA O AFROMEXICANO": "NAHUA", "LOCALIDAD": "SANTA CRUZ BUENOS AIRES", "CLAVE LOC": 211630029, "TIPO DE ASENTAMIENTO": "LOCALIDAD CON POBLACION\nINDIGENA", "NOMBRE": "SANTA CRUZ BUENOS AIRES", "MONTO ASIGNADO (PESOS)": 131525, "LATITUD": 19.082975, "LONGITUD": -97.960757 }, "geometry": { "type": "Point", "coordinates": [ -97.960757, 19.082975 ] } },
{ "type": "Feature", "properties": { "NO": 599, "ENTIDAD": "PUEBLA", "MUNICIPIO": "TEPEOJUMA", "PUEBLO INDIGENA O AFROMEXICANO": "NAHUA", "LOCALIDAD": "XOYATLA", "CLAVE LOC": 211660010, "TIPO DE ASENTAMIENTO": "COMUNIDAD INDIGENA", "NOMBRE": "SANTA MARÍA XOYATLA", "MONTO ASIGNADO (PESOS)": 686874, "LATITUD": 18.753884, "LONGITUD": -98.391086 }, "geometry": { "type": "Point", "coordinates": [ -98.391086, 18.753884 ] } },
{ "type": "Feature", "properties": { "NO": 600, "ENTIDAD": "PUEBLA", "MUNICIPIO": "TEPETZINTLA", "PUEBLO INDIGENA O AFROMEXICANO": "NAHUA", "LOCALIDAD": "CHACHAYOQUILA", "CLAVE LOC": 211670002, "TIPO DE ASENTAMIENTO": "COMUNIDAD INDIGENA", "NOMBRE": "CHACHAYOQUILA", "MONTO ASIGNADO (PESOS)": 343427, "LATITUD": 19.946539, "LONGITUD": -97.907782 }, "geometry": { "type": "Point", "coordinates": [ -97.907782, 19.946539 ] } },
{ "type": "Feature", "properties": { "NO": 601, "ENTIDAD": "PUEBLA", "MUNICIPIO": "TEPETZINTLA", "PUEBLO INDIGENA O AFROMEXICANO": "NAHUA", "LOCALIDAD": "CHICOMETEPEC (SAN SIMON)", "CLAVE LOC": 211670003, "TIPO DE ASENTAMIENTO": "COMUNIDAD INDIGENA", "NOMBRE": "CHICOMETEPEC (SAN SIMÓN)", "MONTO ASIGNADO (PESOS)": 1185114, "LATITUD": 19.962444, "LONGITUD": -97.828824 }, "geometry": { "type": "Point", "coordinates": [ -97.828824, 19.962444 ] } },
{ "type": "Feature", "properties": { "NO": 602, "ENTIDAD": "PUEBLA", "MUNICIPIO": "TEPETZINTLA", "PUEBLO INDIGENA O AFROMEXICANO": "NAHUA", "LOCALIDAD": "EJIDO EL MILAGRO", "CLAVE LOC": 211670017, "TIPO DE ASENTAMIENTO": "COMUNIDAD INDIGENA", "NOMBRE": "EJIDO EL MILAGRO", "MONTO ASIGNADO (PESOS)": 300714, "LATITUD": 19.964469, "LONGITUD": -97.793253 }, "geometry": { "type": "Point", "coordinates": [ -97.793253, 19.964469 ] } },
{ "type": "Feature", "properties": { "NO": 603, "ENTIDAD": "PUEBLA", "MUNICIPIO": "TEPETZINTLA", "PUEBLO INDIGENA O AFROMEXICANO": "NAHUA", "LOCALIDAD": "KOAKO", "CLAVE LOC": 211670022, "TIPO DE ASENTAMIENTO": "COMUNIDAD INDIGENA", "NOMBRE": "KOAKO", "MONTO ASIGNADO (PESOS)": 511764, "LATITUD": 19.929078, "LONGITUD": -97.870006 }, "geometry": { "type": "Point", "coordinates": [ -97.870006, 19.929078 ] } },
{ "type": "Feature", "properties": { "NO": 604, "ENTIDAD": "PUEBLA", "MUNICIPIO": "TEPETZINTLA", "PUEBLO INDIGENA O AFROMEXICANO": "NAHUA", "LOCALIDAD": "OMITLAN", "CLAVE LOC": 211670004, "TIPO DE ASENTAMIENTO": "COMUNIDAD INDIGENA", "NOMBRE": "OMITLÁN", "MONTO ASIGNADO (PESOS)": 491664, "LATITUD": 19.902344, "LONGITUD": -97.85347 }, "geometry": { "type": "Point", "coordinates": [ -97.85347, 19.902344 ] } },
{ "type": "Feature", "properties": { "NO": 605, "ENTIDAD": "PUEBLA", "MUNICIPIO": "TEPETZINTLA", "PUEBLO INDIGENA O AFROMEXICANO": "NAHUA", "LOCALIDAD": "TECPA", "CLAVE LOC": 211670023, "TIPO DE ASENTAMIENTO": "COMUNIDAD INDIGENA", "NOMBRE": "TECPA", "MONTO ASIGNADO (PESOS)": 251721, "LATITUD": 19.959648, "LONGITUD": -97.826261 }, "geometry": { "type": "Point", "coordinates": [ -97.826261, 19.959648 ] } },
{ "type": "Feature", "properties": { "NO": 606, "ENTIDAD": "PUEBLA", "MUNICIPIO": "TEPETZINTLA", "PUEBLO INDIGENA O AFROMEXICANO": "NAHUA", "LOCALIDAD": "TEMPEXTLA", "CLAVE LOC": 211670008, "TIPO DE ASENTAMIENTO": "COMUNIDAD INDIGENA", "NOMBRE": "TEMPEXTLA", "MONTO ASIGNADO (PESOS)": 388652, "LATITUD": 19.934015, "LONGITUD": -97.824659 }, "geometry": { "type": "Point", "coordinates": [ -97.824659, 19.934015 ] } },
{ "type": "Feature", "properties": { "NO": 607, "ENTIDAD": "PUEBLA", "MUNICIPIO": "TEPETZINTLA", "PUEBLO INDIGENA O AFROMEXICANO": "NAHUA", "LOCALIDAD": "TENANTITLA", "CLAVE LOC": 211670009, "TIPO DE ASENTAMIENTO": "COMUNIDAD INDIGENA", "NOMBRE": "TENANTITLA", "MONTO ASIGNADO (PESOS)": 1191395, "LATITUD": 19.936326, "LONGITUD": -97.889296 }, "geometry": { "type": "Point", "coordinates": [ -97.889296, 19.936326 ] } },
{ "type": "Feature", "properties": { "NO": 608, "ENTIDAD": "PUEBLA", "MUNICIPIO": "TEPETZINTLA", "PUEBLO INDIGENA O AFROMEXICANO": "NAHUA", "LOCALIDAD": "TEPETZINTLA", "CLAVE LOC": 211670001, "TIPO DE ASENTAMIENTO": "COMUNIDAD INDIGENA", "NOMBRE": "TEPETZINTLA", "MONTO ASIGNADO (PESOS)": 1218279, "LATITUD": 19.972654, "LONGITUD": -97.479203 }, "geometry": { "type": "Point", "coordinates": [ -97.479203, 19.972654 ] } },
{ "type": "Feature", "properties": { "NO": 609, "ENTIDAD": "PUEBLA", "MUNICIPIO": "TEPETZINTLA", "PUEBLO INDIGENA O AFROMEXICANO": "NAHUA", "LOCALIDAD": "TLAMANCA DE HERNANDEZ", "CLAVE LOC": 211670010, "TIPO DE ASENTAMIENTO": "COMUNIDAD INDIGENA", "NOMBRE": "TLAMANCA DE HERNÁNDEZ", "MONTO ASIGNADO (PESOS)": 2675026, "LATITUD": 19.953408, "LONGITUD": -97.812257 }, "geometry": { "type": "Point", "coordinates": [ -97.812257, 19.953408 ] } },
{ "type": "Feature", "properties": { "NO": 610, "ENTIDAD": "PUEBLA", "MUNICIPIO": "TEPETZINTLA", "PUEBLO INDIGENA O AFROMEXICANO": "NAHUA", "LOCALIDAD": "TLAQUIMPA", "CLAVE LOC": 211670007, "TIPO DE ASENTAMIENTO": "COMUNIDAD INDIGENA", "NOMBRE": "TLAQUIMPA", "MONTO ASIGNADO (PESOS)": 528434, "LATITUD": 19.962193, "LONGITUD": -97.880398 }, "geometry": { "type": "Point", "coordinates": [ -97.880398, 19.962193 ] } },
{ "type": "Feature", "properties": { "NO": 611, "ENTIDAD": "PUEBLA", "MUNICIPIO": "TEPETZINTLA", "PUEBLO INDIGENA O AFROMEXICANO": "TOTONACO", "LOCALIDAD": "TONALIXCO", "CLAVE LOC": 211670006, "TIPO DE ASENTAMIENTO": "COMUNIDAD INDIGENA", "NOMBRE": "TONALIXCO", "MONTO ASIGNADO (PESOS)": 1909970, "LATITUD": 19.981849, "LONGITUD": -97.839999 }, "geometry": { "type": "Point", "coordinates": [ -97.839999, 19.981849 ] } },
{ "type": "Feature", "properties": { "NO": 612, "ENTIDAD": "PUEBLA", "MUNICIPIO": "TEPETZINTLA", "PUEBLO INDIGENA O AFROMEXICANO": "NAHUA", "LOCALIDAD": "XICALAHUATLA", "CLAVE LOC": 211670011, "TIPO DE ASENTAMIENTO": "COMUNIDAD INDIGENA", "NOMBRE": "XICALAHUATLA", "MONTO ASIGNADO (PESOS)": 746683, "LATITUD": 19.949644, "LONGITUD": -97.839393 }, "geometry": { "type": "Point", "coordinates": [ -97.839393, 19.949644 ] } },
{ "type": "Feature", "properties": { "NO": 613, "ENTIDAD": "PUEBLA", "MUNICIPIO": "TEPETZINTLA", "PUEBLO INDIGENA O AFROMEXICANO": "NAHUA", "LOCALIDAD": "XOCHITLAXCO (SAN BALTAZAR)", "CLAVE LOC": 211670005, "TIPO DE ASENTAMIENTO": "COMUNIDAD INDIGENA", "NOMBRE": "XOCHITLAXCO (SAN BALTAZAR)", "MONTO ASIGNADO (PESOS)": 1732839, "LATITUD": 19.941832, "LONGITUD": -97.86312 }, "geometry": { "type": "Point", "coordinates": [ -97.86312, 19.941832 ] } },
{ "type": "Feature", "properties": { "NO": 614, "ENTIDAD": "PUEBLA", "MUNICIPIO": "TEPEXI DE RODRIGUEZ", "PUEBLO INDIGENA O AFROMEXICANO": "POPOLOCA", "LOCALIDAD": "ALMOLONGA (TODOS SANTOS)", "CLAVE LOC": 211690004, "TIPO DE ASENTAMIENTO": "COMUNIDAD INDIGENA", "NOMBRE": "TODOS SANTOS ALMOLONGA", "MONTO ASIGNADO (PESOS)": 1483686, "LATITUD": 18.473871, "LONGITUD": -97.965089 }, "geometry": { "type": "Point", "coordinates": [ -97.965089, 18.473871 ] } },
{ "type": "Feature", "properties": { "NO": 615, "ENTIDAD": "PUEBLA", "MUNICIPIO": "TEPEXI DE RODRIGUEZ", "PUEBLO INDIGENA O AFROMEXICANO": "NAHUA", "LOCALIDAD": "CHAPULTEPEC (SANTO DOMINGO)", "CLAVE LOC": 211690007, "TIPO DE ASENTAMIENTO": "COMUNIDAD INDIGENA", "NOMBRE": "SANTO DOMINGO CHAPULTEPEC", "MONTO ASIGNADO (PESOS)": 642414, "LATITUD": 18.487888, "LONGITUD": -97.990099 }, "geometry": { "type": "Point", "coordinates": [ -97.990099, 18.487888 ] } },
{ "type": "Feature", "properties": { "NO": 616, "ENTIDAD": "PUEBLA", "MUNICIPIO": "TEPEXI DE RODRIGUEZ", "PUEBLO INDIGENA O AFROMEXICANO": "POPOLOCA", "LOCALIDAD": "HUEJONAPAN (SAN ANTONIO)", "CLAVE LOC": 211690010, "TIPO DE ASENTAMIENTO": "COMUNIDAD INDIGENA", "NOMBRE": "HUEJONAPAN DE AQUILES SERDÁN", "MONTO ASIGNADO (PESOS)": 1603564, "LATITUD": 18.470356, "LONGITUD": -97.921151 }, "geometry": { "type": "Point", "coordinates": [ -97.921151, 18.470356 ] } },
{ "type": "Feature", "properties": { "NO": 617, "ENTIDAD": "PUEBLA", "MUNICIPIO": "TEPEXI DE RODRIGUEZ", "PUEBLO INDIGENA O AFROMEXICANO": "POPOLOCA", "LOCALIDAD": "SAN FELIPE OTLALTEPEC", "CLAVE LOC": 211690014, "TIPO DE ASENTAMIENTO": "COMUNIDAD INDIGENA", "NOMBRE": "SAN FELIPE OTLALTEPEC", "MONTO ASIGNADO (PESOS)": 1685209, "LATITUD": 18.401191, "LONGITUD": -97.907833 }, "geometry": { "type": "Point", "coordinates": [ -97.907833, 18.401191 ] } },
{ "type": "Feature", "properties": { "NO": 618, "ENTIDAD": "PUEBLA", "MUNICIPIO": "TETELA DE OCAMPO", "PUEBLO INDIGENA O AFROMEXICANO": "NAHUA", "LOCALIDAD": "ATENTI ORIENTE", "CLAVE LOC": 211720047, "TIPO DE ASENTAMIENTO": "COMUNIDAD INDIGENA", "NOMBRE": "ATENTI ORIENTE", "MONTO ASIGNADO (PESOS)": 319066, "LATITUD": 19.847664, "LONGITUD": -97.686769 }, "geometry": { "type": "Point", "coordinates": [ -97.686769, 19.847664 ] } },
{ "type": "Feature", "properties": { "NO": 619, "ENTIDAD": "PUEBLA", "MUNICIPIO": "TETELA DE OCAMPO", "PUEBLO INDIGENA O AFROMEXICANO": "NAHUA", "LOCALIDAD": "ATENTI PONIENTE (ATENTI ARRIBA)", "CLAVE LOC": 211720002, "TIPO DE ASENTAMIENTO": "COMUNIDAD INDIGENA", "NOMBRE": "ATENTI PONIENTE", "MONTO ASIGNADO (PESOS)": 185139, "LATITUD": 19.848835, "LONGITUD": -97.696191 }, "geometry": { "type": "Point", "coordinates": [ -97.696191, 19.848835 ] } },
{ "type": "Feature", "properties": { "NO": 620, "ENTIDAD": "PUEBLA", "MUNICIPIO": "TETELA DE OCAMPO", "PUEBLO INDIGENA O AFROMEXICANO": "NAHUA", "LOCALIDAD": "CARRERAGCO", "CLAVE LOC": 211720046, "TIPO DE ASENTAMIENTO": "COMUNIDAD INDIGENA", "NOMBRE": "CARRERAGCO", "MONTO ASIGNADO (PESOS)": 250355, "LATITUD": 19.865838, "LONGITUD": -97.699433 }, "geometry": { "type": "Point", "coordinates": [ -97.699433, 19.865838 ] } },
{ "type": "Feature", "properties": { "NO": 621, "ENTIDAD": "PUEBLA", "MUNICIPIO": "TETELA DE OCAMPO", "PUEBLO INDIGENA O AFROMEXICANO": "NAHUA", "LOCALIDAD": "CHALAHUICO", "CLAVE LOC": 211720008, "TIPO DE ASENTAMIENTO": "COMUNIDAD INDIGENA", "NOMBRE": "CHALAHUICO", "MONTO ASIGNADO (PESOS)": 206703, "LATITUD": 19.842527, "LONGITUD": -97.468488 }, "geometry": { "type": "Point", "coordinates": [ -97.468488, 19.842527 ] } },
{ "type": "Feature", "properties": { "NO": 622, "ENTIDAD": "PUEBLA", "MUNICIPIO": "TETELA DE OCAMPO", "PUEBLO INDIGENA O AFROMEXICANO": "NAHUA", "LOCALIDAD": "CUAUTACOMULCO", "CLAVE LOC": 211720072, "TIPO DE ASENTAMIENTO": "COMUNIDAD INDIGENA", "NOMBRE": "CUAUTACOMULCO", "MONTO ASIGNADO (PESOS)": 200236, "LATITUD": 19.816694, "LONGITUD": -97.72996 }, "geometry": { "type": "Point", "coordinates": [ -97.72996, 19.816694 ] } },
{ "type": "Feature", "properties": { "NO": 623, "ENTIDAD": "PUEBLA", "MUNICIPIO": "TETELA DE OCAMPO", "PUEBLO INDIGENA O AFROMEXICANO": "NAHUA", "LOCALIDAD": "CUXATENO", "CLAVE LOC": 211720007, "TIPO DE ASENTAMIENTO": "COMUNIDAD INDIGENA", "NOMBRE": "CUXATENO", "MONTO ASIGNADO (PESOS)": 435133, "LATITUD": 19.887606, "LONGITUD": -97.739433 }, "geometry": { "type": "Point", "coordinates": [ -97.739433, 19.887606 ] } },
{ "type": "Feature", "properties": { "NO": 624, "ENTIDAD": "PUEBLA", "MUNICIPIO": "TETELA DE OCAMPO", "PUEBLO INDIGENA O AFROMEXICANO": "NAHUA", "LOCALIDAD": "ELOXOXTLA", "CLAVE LOC": 211720041, "TIPO DE ASENTAMIENTO": "COMUNIDAD INDIGENA", "NOMBRE": "ELOXOXTLA", "MONTO ASIGNADO (PESOS)": 165039, "LATITUD": 19.834626, "LONGITUD": -97.685069 }, "geometry": { "type": "Point", "coordinates": [ -97.685069, 19.834626 ] } },
{ "type": "Feature", "properties": { "NO": 625, "ENTIDAD": "PUEBLA", "MUNICIPIO": "TETELA DE OCAMPO", "PUEBLO INDIGENA O AFROMEXICANO": "NAHUA", "LOCALIDAD": "GUADALUPE BUENA VISTA", "CLAVE LOC": 211720087, "TIPO DE ASENTAMIENTO": "COMUNIDAD INDIGENA", "NOMBRE": "GUADALUPE BUENA VISTA", "MONTO ASIGNADO (PESOS)": 234133, "LATITUD": 19.882279, "LONGITUD": -97.743411 }, "geometry": { "type": "Point", "coordinates": [ -97.743411, 19.882279 ] } },
{ "type": "Feature", "properties": { "NO": 626, "ENTIDAD": "PUEBLA", "MUNICIPIO": "TETELA DE OCAMPO", "PUEBLO INDIGENA O AFROMEXICANO": "NAHUA", "LOCALIDAD": "JALACINGO", "CLAVE LOC": 211720033, "TIPO DE ASENTAMIENTO": "COMUNIDAD INDIGENA", "NOMBRE": "JALACINGO", "MONTO ASIGNADO (PESOS)": 436389, "LATITUD": 19.876401, "LONGITUD": -97.755201 }, "geometry": { "type": "Point", "coordinates": [ -97.755201, 19.876401 ] } },
{ "type": "Feature", "properties": { "NO": 627, "ENTIDAD": "PUEBLA", "MUNICIPIO": "TETELA DE OCAMPO", "PUEBLO INDIGENA O AFROMEXICANO": "NAHUA", "LOCALIDAD": "LA LAGUNILLA", "CLAVE LOC": 211720010, "TIPO DE ASENTAMIENTO": "COMUNIDAD INDIGENA", "NOMBRE": "LA LAGUNILLA", "MONTO ASIGNADO (PESOS)": 407178, "LATITUD": 20.398312, "LONGITUD": -98.0033 }, "geometry": { "type": "Point", "coordinates": [ -98.0033, 20.398312 ] } },
{ "type": "Feature", "properties": { "NO": 628, "ENTIDAD": "PUEBLA", "MUNICIPIO": "TETELA DE OCAMPO", "PUEBLO INDIGENA O AFROMEXICANO": "NAHUA", "LOCALIDAD": "LOMA BONITA", "CLAVE LOC": 211720055, "TIPO DE ASENTAMIENTO": "LOCALIDAD CON POBLACION\nINDIGENA", "NOMBRE": "LOMA BONITA", "MONTO ASIGNADO (PESOS)": 165039, "LATITUD": 20.280382, "LONGITUD": -97.830863 }, "geometry": { "type": "Point", "coordinates": [ -97.830863, 20.280382 ] } },
{ "type": "Feature", "properties": { "NO": 629, "ENTIDAD": "PUEBLA", "MUNICIPIO": "TETELA DE OCAMPO", "PUEBLO INDIGENA O AFROMEXICANO": "NAHUA", "LOCALIDAD": "MATIXCO", "CLAVE LOC": 211720043, "TIPO DE ASENTAMIENTO": "LOCALIDAD CON POBLACION\nINDIGENA", "NOMBRE": "MATIXCO", "MONTO ASIGNADO (PESOS)": 156584, "LATITUD": 19.850869, "LONGITUD": -97.714001 }, "geometry": { "type": "Point", "coordinates": [ -97.714001, 19.850869 ] } },
{ "type": "Feature", "properties": { "NO": 630, "ENTIDAD": "PUEBLA", "MUNICIPIO": "TETELA DE OCAMPO", "PUEBLO INDIGENA O AFROMEXICANO": "NAHUA", "LOCALIDAD": "OMETEPETL", "CLAVE LOC": 211720011, "TIPO DE ASENTAMIENTO": "COMUNIDAD INDIGENA", "NOMBRE": "OMETEPETL", "MONTO ASIGNADO (PESOS)": 815691, "LATITUD": 19.838024, "LONGITUD": -97.723457 }, "geometry": { "type": "Point", "coordinates": [ -97.723457, 19.838024 ] } },
{ "type": "Feature", "properties": { "NO": 631, "ENTIDAD": "PUEBLA", "MUNICIPIO": "TETELA DE OCAMPO", "PUEBLO INDIGENA O AFROMEXICANO": "NAHUA", "LOCALIDAD": "RANCHO ALEGRE", "CLAVE LOC": 211720061, "TIPO DE ASENTAMIENTO": "COMUNIDAD INDIGENA", "NOMBRE": "RANCHO ALEGRE", "MONTO ASIGNADO (PESOS)": 264283, "LATITUD": 19.843207, "LONGITUD": -97.861574 }, "geometry": { "type": "Point", "coordinates": [ -97.861574, 19.843207 ] } },
{ "type": "Feature", "properties": { "NO": 632, "ENTIDAD": "PUEBLA", "MUNICIPIO": "TETELA DE OCAMPO", "PUEBLO INDIGENA O AFROMEXICANO": "NAHUA", "LOCALIDAD": "SAN NICOLAS (CUARTA SECCION)", "CLAVE LOC": 211720015, "TIPO DE ASENTAMIENTO": "COMUNIDAD INDIGENA", "NOMBRE": "SAN NICOLÁS (CUARTA SECCIÓN)", "MONTO ASIGNADO (PESOS)": 3008895, "LATITUD": 19.837638, "LONGITUD": -97.817792 }, "geometry": { "type": "Point", "coordinates": [ -97.817792, 19.837638 ] } },
{ "type": "Feature", "properties": { "NO": 633, "ENTIDAD": "PUEBLA", "MUNICIPIO": "TETELA DE OCAMPO", "PUEBLO INDIGENA O AFROMEXICANO": "NAHUA", "LOCALIDAD": "TALCOZAMAN", "CLAVE LOC": 211720045, "TIPO DE ASENTAMIENTO": "COMUNIDAD INDIGENA", "NOMBRE": "TALCOZAMAN", "MONTO ASIGNADO (PESOS)": 163860, "LATITUD": 19.905718, "LONGITUD": -97.646245 }, "geometry": { "type": "Point", "coordinates": [ -97.646245, 19.905718 ] } },
{ "type": "Feature", "properties": { "NO": 634, "ENTIDAD": "PUEBLA", "MUNICIPIO": "TETELA DE OCAMPO", "PUEBLO INDIGENA O AFROMEXICANO": "NAHUA", "LOCALIDAD": "TALICAN", "CLAVE LOC": 211720038, "TIPO DE ASENTAMIENTO": "COMUNIDAD INDIGENA", "NOMBRE": "TALICAN", "MONTO ASIGNADO (PESOS)": 339275, "LATITUD": 19.826213, "LONGITUD": -97.73843 }, "geometry": { "type": "Point", "coordinates": [ -97.73843, 19.826213 ] } },
{ "type": "Feature", "properties": { "NO": 635, "ENTIDAD": "PUEBLA", "MUNICIPIO": "TETELA DE OCAMPO", "PUEBLO INDIGENA O AFROMEXICANO": "NAHUA", "LOCALIDAD": "TAXCANTLA", "CLAVE LOC": 211720018, "TIPO DE ASENTAMIENTO": "COMUNIDAD INDIGENA", "NOMBRE": "TAXCANTLA", "MONTO ASIGNADO (PESOS)": 211521, "LATITUD": 19.812325, "LONGITUD": -97.690392 }, "geometry": { "type": "Point", "coordinates": [ -97.690392, 19.812325 ] } },
{ "type": "Feature", "properties": { "NO": 636, "ENTIDAD": "PUEBLA", "MUNICIPIO": "TETELA DE OCAMPO", "PUEBLO INDIGENA O AFROMEXICANO": "NAHUA", "LOCALIDAD": "TAXCO", "CLAVE LOC": 211720019, "TIPO DE ASENTAMIENTO": "COMUNIDAD INDIGENA", "NOMBRE": "TAXCO", "MONTO ASIGNADO (PESOS)": 765527, "LATITUD": 19.876988, "LONGITUD": -97.739624 }, "geometry": { "type": "Point", "coordinates": [ -97.739624, 19.876988 ] } },
{ "type": "Feature", "properties": { "NO": 637, "ENTIDAD": "PUEBLA", "MUNICIPIO": "TETELA DE OCAMPO", "PUEBLO INDIGENA O AFROMEXICANO": "NAHUA", "LOCALIDAD": "TECUANTA", "CLAVE LOC": 211720020, "TIPO DE ASENTAMIENTO": "COMUNIDAD INDIGENA", "NOMBRE": "TECUANTA", "MONTO ASIGNADO (PESOS)": 344683, "LATITUD": 19.840389, "LONGITUD": -97.756126 }, "geometry": { "type": "Point", "coordinates": [ -97.756126, 19.840389 ] } },
{ "type": "Feature", "properties": { "NO": 638, "ENTIDAD": "PUEBLA", "MUNICIPIO": "TETELA DE OCAMPO", "PUEBLO INDIGENA O AFROMEXICANO": "NAHUA", "LOCALIDAD": "TEPEXACATL", "CLAVE LOC": 211720034, "TIPO DE ASENTAMIENTO": "COMUNIDAD INDIGENA", "NOMBRE": "TEPEXÁCATL.", "MONTO ASIGNADO (PESOS)": 330864, "LATITUD": 19.867386, "LONGITUD": -97.708397 }, "geometry": { "type": "Point", "coordinates": [ -97.708397, 19.867386 ] } },
{ "type": "Feature", "properties": { "NO": 639, "ENTIDAD": "PUEBLA", "MUNICIPIO": "TETELA DE OCAMPO", "PUEBLO INDIGENA O AFROMEXICANO": "NAHUA", "LOCALIDAD": "TETELCO", "CLAVE LOC": 211720022, "TIPO DE ASENTAMIENTO": "COMUNIDAD INDIGENA", "NOMBRE": "TETELCO", "MONTO ASIGNADO (PESOS)": 230146, "LATITUD": 19.86602, "LONGITUD": -97.851682 }, "geometry": { "type": "Point", "coordinates": [ -97.851682, 19.86602 ] } },
{ "type": "Feature", "properties": { "NO": 640, "ENTIDAD": "PUEBLA", "MUNICIPIO": "TETELA DE OCAMPO", "PUEBLO INDIGENA O AFROMEXICANO": "NAHUA", "LOCALIDAD": "TOTOTZINAPAN", "CLAVE LOC": 211720025, "TIPO DE ASENTAMIENTO": "COMUNIDAD INDIGENA", "NOMBRE": "TOTOTZINAPAN", "MONTO ASIGNADO (PESOS)": 315833, "LATITUD": 19.822287, "LONGITUD": -97.74159 }, "geometry": { "type": "Point", "coordinates": [ -97.74159, 19.822287 ] } },
{ "type": "Feature", "properties": { "NO": 641, "ENTIDAD": "PUEBLA", "MUNICIPIO": "TETELA DE OCAMPO", "PUEBLO INDIGENA O AFROMEXICANO": "NAHUA", "LOCALIDAD": "XALPUENTE", "CLAVE LOC": 211720036, "TIPO DE ASENTAMIENTO": "COMUNIDAD INDIGENA", "NOMBRE": "XALPUENTE", "MONTO ASIGNADO (PESOS)": 237421, "LATITUD": 19.853895, "LONGITUD": -97.717885 }, "geometry": { "type": "Point", "coordinates": [ -97.717885, 19.853895 ] } },
{ "type": "Feature", "properties": { "NO": 642, "ENTIDAD": "PUEBLA", "MUNICIPIO": "TETELA DE OCAMPO", "PUEBLO INDIGENA O AFROMEXICANO": "NAHUA", "LOCALIDAD": "XALTATEMPA DE LUCAS", "CLAVE LOC": 211720026, "TIPO DE ASENTAMIENTO": "COMUNIDAD INDIGENA", "NOMBRE": "XALTATEMPA DE LUCAS", "MONTO ASIGNADO (PESOS)": 572086, "LATITUD": 19.878204, "LONGITUD": -97.846852 }, "geometry": { "type": "Point", "coordinates": [ -97.846852, 19.878204 ] } },
{ "type": "Feature", "properties": { "NO": 643, "ENTIDAD": "PUEBLA", "MUNICIPIO": "TETELA DE OCAMPO", "PUEBLO INDIGENA O AFROMEXICANO": "NAHUA", "LOCALIDAD": "XILITETITLA", "CLAVE LOC": 211720027, "TIPO DE ASENTAMIENTO": "COMUNIDAD INDIGENA", "NOMBRE": "XILITETITLA", "MONTO ASIGNADO (PESOS)": 519302, "LATITUD": 19.848027, "LONGITUD": -97.880425 }, "geometry": { "type": "Point", "coordinates": [ -97.880425, 19.848027 ] } },
{ "type": "Feature", "properties": { "NO": 644, "ENTIDAD": "PUEBLA", "MUNICIPIO": "TETELA DE OCAMPO", "PUEBLO INDIGENA O AFROMEXICANO": "NAHUA", "LOCALIDAD": "XOCHITITAN", "CLAVE LOC": 211720028, "TIPO DE ASENTAMIENTO": "COMUNIDAD INDIGENA", "NOMBRE": "XOCHITITAN", "MONTO ASIGNADO (PESOS)": 309508, "LATITUD": 19.887489, "LONGITUD": -97.758257 }, "geometry": { "type": "Point", "coordinates": [ -97.758257, 19.887489 ] } },
{ "type": "Feature", "properties": { "NO": 645, "ENTIDAD": "PUEBLA", "MUNICIPIO": "TETELA DE OCAMPO", "PUEBLO INDIGENA O AFROMEXICANO": "NAHUA", "LOCALIDAD": "XOCOYOLAPAN", "CLAVE LOC": 211720079, "TIPO DE ASENTAMIENTO": "LOCALIDAD CON POBLACION\nINDIGENA", "NOMBRE": "XOCOYOLAPAN", "MONTO ASIGNADO (PESOS)": 177602, "LATITUD": 19.847101, "LONGITUD": -97.711235 }, "geometry": { "type": "Point", "coordinates": [ -97.711235, 19.847101 ] } },
{ "type": "Feature", "properties": { "NO": 646, "ENTIDAD": "PUEBLA", "MUNICIPIO": "TETELA DE OCAMPO", "PUEBLO INDIGENA O AFROMEXICANO": "NAHUA", "LOCALIDAD": "ZACALOMA", "CLAVE LOC": 211720044, "TIPO DE ASENTAMIENTO": "COMUNIDAD INDIGENA", "NOMBRE": "ZACALOMA", "MONTO ASIGNADO (PESOS)": 188111, "LATITUD": 19.835989, "LONGITUD": -97.702302 }, "geometry": { "type": "Point", "coordinates": [ -97.702302, 19.835989 ] } },
{ "type": "Feature", "properties": { "NO": 647, "ENTIDAD": "PUEBLA", "MUNICIPIO": "TETELA DE OCAMPO", "PUEBLO INDIGENA O AFROMEXICANO": "NAHUA", "LOCALIDAD": "ZACATEPEC (LOS NOGALES)", "CLAVE LOC": 211720037, "TIPO DE ASENTAMIENTO": "COMUNIDAD INDIGENA", "NOMBRE": "ZACATEPEC (LOS NOGALES)", "MONTO ASIGNADO (PESOS)": 361910, "LATITUD": 19.840872, "LONGITUD": -97.727108 }, "geometry": { "type": "Point", "coordinates": [ -97.727108, 19.840872 ] } },
{ "type": "Feature", "properties": { "NO": 648, "ENTIDAD": "PUEBLA", "MUNICIPIO": "TETELA DE OCAMPO", "PUEBLO INDIGENA O AFROMEXICANO": "NAHUA", "LOCALIDAD": "ZONTECOMAPAN", "CLAVE LOC": 211720031, "TIPO DE ASENTAMIENTO": "COMUNIDAD INDIGENA", "NOMBRE": "ZONTECOMAPAN", "MONTO ASIGNADO (PESOS)": 580858, "LATITUD": 19.856021, "LONGITUD": -97.737876 }, "geometry": { "type": "Point", "coordinates": [ -97.737876, 19.856021 ] } },
{ "type": "Feature", "properties": { "NO": 649, "ENTIDAD": "PUEBLA", "MUNICIPIO": "TETELES DE AVILA CASTILLO", "PUEBLO INDIGENA O AFROMEXICANO": "NAHUA", "LOCALIDAD": "CHALAHUICO", "CLAVE LOC": 211730006, "TIPO DE ASENTAMIENTO": "COMUNIDAD INDIGENA", "NOMBRE": "CHALAHUICO", "MONTO ASIGNADO (PESOS)": 195386, "LATITUD": 19.842527, "LONGITUD": -97.468488 }, "geometry": { "type": "Point", "coordinates": [ -97.468488, 19.842527 ] } },
{ "type": "Feature", "properties": { "NO": 650, "ENTIDAD": "PUEBLA", "MUNICIPIO": "TETELES DE AVILA CASTILLO", "PUEBLO INDIGENA O AFROMEXICANO": "NAHUA", "LOCALIDAD": "COACALCO", "CLAVE LOC": 211730002, "TIPO DE ASENTAMIENTO": "COMUNIDAD INDIGENA", "NOMBRE": "COACALCO", "MONTO ASIGNADO (PESOS)": 562385, "LATITUD": 18.071926, "LONGITUD": -98.667384 }, "geometry": { "type": "Point", "coordinates": [ -98.667384, 18.071926 ] } },
{ "type": "Feature", "properties": { "NO": 651, "ENTIDAD": "PUEBLA", "MUNICIPIO": "TETELES DE AVILA CASTILLO", "PUEBLO INDIGENA O AFROMEXICANO": "NAHUA", "LOCALIDAD": "LA COLONIA", "CLAVE LOC": 211730007, "TIPO DE ASENTAMIENTO": "COMUNIDAD INDIGENA", "NOMBRE": "LA COLONIA", "MONTO ASIGNADO (PESOS)": 222062, "LATITUD": 19.849701, "LONGITUD": -97.447656 }, "geometry": { "type": "Point", "coordinates": [ -97.447656, 19.849701 ] } },
{ "type": "Feature", "properties": { "NO": 652, "ENTIDAD": "PUEBLA", "MUNICIPIO": "TETELES DE AVILA CASTILLO", "PUEBLO INDIGENA O AFROMEXICANO": "NAHUA", "LOCALIDAD": "TEXCALACO", "CLAVE LOC": 211730004, "TIPO DE ASENTAMIENTO": "COMUNIDAD INDIGENA", "NOMBRE": "SAN JOSE TEXCALACO", "MONTO ASIGNADO (PESOS)": 558343, "LATITUD": 19.854025, "LONGITUD": -97.446178 }, "geometry": { "type": "Point", "coordinates": [ -97.446178, 19.854025 ] } },
{ "type": "Feature", "properties": { "NO": 653, "ENTIDAD": "PUEBLA", "MUNICIPIO": "TEZIUTLAN", "PUEBLO INDIGENA O AFROMEXICANO": "NAHUA", "LOCALIDAD": "MEXCALCUAUTLA", "CLAVE LOC": 211740014, "TIPO DE ASENTAMIENTO": "COMUNIDAD INDIGENA", "NOMBRE": "MEXCALCUAUTLA", "MONTO ASIGNADO (PESOS)": 2362383, "LATITUD": 19.867229, "LONGITUD": -97.391342 }, "geometry": { "type": "Point", "coordinates": [ -97.391342, 19.867229 ] } },
{ "type": "Feature", "properties": { "NO": 654, "ENTIDAD": "PUEBLA", "MUNICIPIO": "TEZIUTLAN", "PUEBLO INDIGENA O AFROMEXICANO": "NAHUA", "LOCALIDAD": "SAN JUAN ACATENO", "CLAVE LOC": 211740016, "TIPO DE ASENTAMIENTO": "COMUNIDAD INDIGENA", "NOMBRE": "SAN JUAN ACATENO", "MONTO ASIGNADO (PESOS)": 642099, "LATITUD": 19.875147, "LONGITUD": -97.367109 }, "geometry": { "type": "Point", "coordinates": [ -97.367109, 19.875147 ] } },
{ "type": "Feature", "properties": { "NO": 655, "ENTIDAD": "PUEBLA", "MUNICIPIO": "TEZIUTLAN", "PUEBLO INDIGENA O AFROMEXICANO": "NAHUA", "LOCALIDAD": "SAN SEBASTIAN", "CLAVE LOC": 211740019, "TIPO DE ASENTAMIENTO": "COMUNIDAD INDIGENA", "NOMBRE": "SAN SEBASTIAN", "MONTO ASIGNADO (PESOS)": 3757866, "LATITUD": 19.855188, "LONGITUD": -97.3707 }, "geometry": { "type": "Point", "coordinates": [ -97.3707, 19.855188 ] } },
{ "type": "Feature", "properties": { "NO": 656, "ENTIDAD": "PUEBLA", "MUNICIPIO": "TEZIUTLAN", "PUEBLO INDIGENA O AFROMEXICANO": "NAHUA", "LOCALIDAD": "SAN SEBASTIAN (SECCION TERCERA)", "CLAVE LOC": 211740057, "TIPO DE ASENTAMIENTO": "COMUNIDAD INDIGENA", "NOMBRE": "SAN SEBASTIÁN TERCERA SECCIÓN", "MONTO ASIGNADO (PESOS)": 1361862, "LATITUD": 19.856499, "LONGITUD": -97.380138 }, "geometry": { "type": "Point", "coordinates": [ -97.380138, 19.856499 ] } },
{ "type": "Feature", "properties": { "NO": 657, "ENTIDAD": "PUEBLA", "MUNICIPIO": "TLACOTEPEC DE BENITO JUAREZ", "PUEBLO INDIGENA O AFROMEXICANO": "POPOLOCA", "LOCALIDAD": "SAN MARCOS TLACOYALCO", "CLAVE LOC": 211770016, "TIPO DE ASENTAMIENTO": "COMUNIDAD INDIGENA", "NOMBRE": "SAN MARCOS TLACOYALCO", "MONTO ASIGNADO (PESOS)": 16189688, "LATITUD": 18.682965, "LONGITUD": -97.607966 }, "geometry": { "type": "Point", "coordinates": [ -97.607966, 18.682965 ] } },
{ "type": "Feature", "properties": { "NO": 658, "ENTIDAD": "PUEBLA", "MUNICIPIO": "TLACUILOTEPEC", "PUEBLO INDIGENA O AFROMEXICANO": "TOTONACO", "LOCALIDAD": "CERRO PRIETO", "CLAVE LOC": 211780004, "TIPO DE ASENTAMIENTO": "COMUNIDAD INDIGENA", "NOMBRE": "CERRO PRIETO", "MONTO ASIGNADO (PESOS)": 190164, "LATITUD": 20.300806, "LONGITUD": -98.052366 }, "geometry": { "type": "Point", "coordinates": [ -98.052366, 20.300806 ] } },
{ "type": "Feature", "properties": { "NO": 659, "ENTIDAD": "PUEBLA", "MUNICIPIO": "TLACUILOTEPEC", "PUEBLO INDIGENA O AFROMEXICANO": "TOTONACO", "LOCALIDAD": "CUAUTEPEC", "CLAVE LOC": 211780005, "TIPO DE ASENTAMIENTO": "COMUNIDAD INDIGENA", "NOMBRE": "CUAUTEPEC", "MONTO ASIGNADO (PESOS)": 934235, "LATITUD": 20.338824, "LONGITUD": -98.042348 }, "geometry": { "type": "Point", "coordinates": [ -98.042348, 20.338824 ] } },
{ "type": "Feature", "properties": { "NO": 660, "ENTIDAD": "PUEBLA", "MUNICIPIO": "TLACUILOTEPEC", "PUEBLO INDIGENA O AFROMEXICANO": "OTOMÍ", "LOCALIDAD": "EL TEMAXCAL", "CLAVE LOC": 211780023, "TIPO DE ASENTAMIENTO": "COMUNIDAD INDIGENA", "NOMBRE": "TEMAXCAL", "MONTO ASIGNADO (PESOS)": 187652, "LATITUD": 20.456651, "LONGITUD": -98.003498 }, "geometry": { "type": "Point", "coordinates": [ -98.003498, 20.456651 ] } },
{ "type": "Feature", "properties": { "NO": 661, "ENTIDAD": "PUEBLA", "MUNICIPIO": "TLACUILOTEPEC", "PUEBLO INDIGENA O AFROMEXICANO": "TOTONACO", "LOCALIDAD": "HULA", "CLAVE LOC": 211780028, "TIPO DE ASENTAMIENTO": "COMUNIDAD INDIGENA", "NOMBRE": "HULA", "MONTO ASIGNADO (PESOS)": 341701, "LATITUD": 20.377339, "LONGITUD": -97.938413 }, "geometry": { "type": "Point", "coordinates": [ -97.938413, 20.377339 ] } },
{ "type": "Feature", "properties": { "NO": 662, "ENTIDAD": "PUEBLA", "MUNICIPIO": "TLACUILOTEPEC", "PUEBLO INDIGENA O AFROMEXICANO": "TOTONACO", "LOCALIDAD": "PAPALOCTIPAN", "CLAVE LOC": 211780012, "TIPO DE ASENTAMIENTO": "COMUNIDAD INDIGENA", "NOMBRE": "PAPALOCTIPAN", "MONTO ASIGNADO (PESOS)": 1407939, "LATITUD": 20.423844, "LONGITUD": -97.953087 }, "geometry": { "type": "Point", "coordinates": [ -97.953087, 20.423844 ] } },
{ "type": "Feature", "properties": { "NO": 663, "ENTIDAD": "PUEBLA", "MUNICIPIO": "TLACUILOTEPEC", "PUEBLO INDIGENA O AFROMEXICANO": "TOTONACO", "LOCALIDAD": "SAN ANDRES", "CLAVE LOC": 211780015, "TIPO DE ASENTAMIENTO": "COMUNIDAD INDIGENA", "NOMBRE": "SAN ANDRES", "MONTO ASIGNADO (PESOS)": 256014, "LATITUD": 20.360403, "LONGITUD": -98.085326 }, "geometry": { "type": "Point", "coordinates": [ -98.085326, 20.360403 ] } },
{ "type": "Feature", "properties": { "NO": 664, "ENTIDAD": "PUEBLA", "MUNICIPIO": "TLACUILOTEPEC", "PUEBLO INDIGENA O AFROMEXICANO": "TOTONACO", "LOCALIDAD": "SAN PEDRO PETLACOTLA", "CLAVE LOC": 211780017, "TIPO DE ASENTAMIENTO": "LOCALIDAD CON POBLACION\nINDIGENA", "NOMBRE": "SAN PEDRO PETLACOTLA", "MONTO ASIGNADO (PESOS)": 1132285, "LATITUD": 20.408211, "LONGITUD": -97.915491 }, "geometry": { "type": "Point", "coordinates": [ -97.915491, 20.408211 ] } },
{ "type": "Feature", "properties": { "NO": 665, "ENTIDAD": "PUEBLA", "MUNICIPIO": "TLACUILOTEPEC", "PUEBLO INDIGENA O AFROMEXICANO": "TOTONACO", "LOCALIDAD": "SANTA MARIA", "CLAVE LOC": 211780018, "TIPO DE ASENTAMIENTO": "COMUNIDAD INDIGENA", "NOMBRE": "SANTA MARÍA", "MONTO ASIGNADO (PESOS)": 665048, "LATITUD": 20.315235, "LONGITUD": -98.053959 }, "geometry": { "type": "Point", "coordinates": [ -98.053959, 20.315235 ] } },
{ "type": "Feature", "properties": { "NO": 666, "ENTIDAD": "PUEBLA", "MUNICIPIO": "TLACUILOTEPEC", "PUEBLO INDIGENA O AFROMEXICANO": "TOTONACO", "LOCALIDAD": "TETELOLOYA", "CLAVE LOC": 211780024, "TIPO DE ASENTAMIENTO": "COMUNIDAD INDIGENA", "NOMBRE": "TETELOLOYA", "MONTO ASIGNADO (PESOS)": 511764, "LATITUD": 20.361355, "LONGITUD": -97.952178 }, "geometry": { "type": "Point", "coordinates": [ -97.952178, 20.361355 ] } },
{ "type": "Feature", "properties": { "NO": 667, "ENTIDAD": "PUEBLA", "MUNICIPIO": "TLAOLA", "PUEBLO INDIGENA O AFROMEXICANO": "NAHUA", "LOCALIDAD": "AMANALCO", "CLAVE LOC": 211830002, "TIPO DE ASENTAMIENTO": "COMUNIDAD INDIGENA", "NOMBRE": "AMANALCO", "MONTO ASIGNADO (PESOS)": 251163, "LATITUD": 20.172592, "LONGITUD": -97.89489 }, "geometry": { "type": "Point", "coordinates": [ -97.89489, 20.172592 ] } },
{ "type": "Feature", "properties": { "NO": 668, "ENTIDAD": "PUEBLA", "MUNICIPIO": "TLAOLA", "PUEBLO INDIGENA O AFROMEXICANO": "NAHUA", "LOCALIDAD": "ATEQUEXQUITLA", "CLAVE LOC": 211830003, "TIPO DE ASENTAMIENTO": "COMUNIDAD INDIGENA", "NOMBRE": "ATEQUEXQUITLA", "MONTO ASIGNADO (PESOS)": 245439, "LATITUD": 20.264854, "LONGITUD": -97.891204 }, "geometry": { "type": "Point", "coordinates": [ -97.891204, 20.264854 ] } },
{ "type": "Feature", "properties": { "NO": 669, "ENTIDAD": "PUEBLA", "MUNICIPIO": "TLAOLA", "PUEBLO INDIGENA O AFROMEXICANO": "NAHUA", "LOCALIDAD": "CAXAPOTLA", "CLAVE LOC": 211830005, "TIPO DE ASENTAMIENTO": "COMUNIDAD INDIGENA", "NOMBRE": "CAXAPOTLA", "MONTO ASIGNADO (PESOS)": 416070, "LATITUD": 20.150686, "LONGITUD": -97.886329 }, "geometry": { "type": "Point", "coordinates": [ -97.886329, 20.150686 ] } },
{ "type": "Feature", "properties": { "NO": 670, "ENTIDAD": "PUEBLA", "MUNICIPIO": "TLAOLA", "PUEBLO INDIGENA O AFROMEXICANO": "NAHUA", "LOCALIDAD": "CHICAHUAXTLA", "CLAVE LOC": 211830011, "TIPO DE ASENTAMIENTO": "COMUNIDAD INDIGENA", "NOMBRE": "CHICAHUAXTLA", "MONTO ASIGNADO (PESOS)": 2695126, "LATITUD": 20.142444, "LONGITUD": -97.945209 }, "geometry": { "type": "Point", "coordinates": [ -97.945209, 20.142444 ] } },
{ "type": "Feature", "properties": { "NO": 671, "ENTIDAD": "PUEBLA", "MUNICIPIO": "TLAOLA", "PUEBLO INDIGENA O AFROMEXICANO": "NAHUA", "LOCALIDAD": "COCOLONGO", "CLAVE LOC": 211830006, "TIPO DE ASENTAMIENTO": "COMUNIDAD INDIGENA", "NOMBRE": "COCOLONGO", "MONTO ASIGNADO (PESOS)": 219058, "LATITUD": 20.15807, "LONGITUD": -97.844616 }, "geometry": { "type": "Point", "coordinates": [ -97.844616, 20.15807 ] } },
{ "type": "Feature", "properties": { "NO": 672, "ENTIDAD": "PUEBLA", "MUNICIPIO": "TLAOLA", "PUEBLO INDIGENA O AFROMEXICANO": "NAHUA", "LOCALIDAD": "CUAMILA", "CLAVE LOC": 211830009, "TIPO DE ASENTAMIENTO": "COMUNIDAD INDIGENA", "NOMBRE": "CUAMILA", "MONTO ASIGNADO (PESOS)": 906750, "LATITUD": 20.165658, "LONGITUD": -97.919429 }, "geometry": { "type": "Point", "coordinates": [ -97.919429, 20.165658 ] } },
{ "type": "Feature", "properties": { "NO": 673, "ENTIDAD": "PUEBLA", "MUNICIPIO": "TLAOLA", "PUEBLO INDIGENA O AFROMEXICANO": "NAHUA", "LOCALIDAD": "CUTZONTIPA", "CLAVE LOC": 211830010, "TIPO DE ASENTAMIENTO": "COMUNIDAD INDIGENA", "NOMBRE": "CUTZONTIPA", "MONTO ASIGNADO (PESOS)": 944744, "LATITUD": 20.109741, "LONGITUD": -97.903279 }, "geometry": { "type": "Point", "coordinates": [ -97.903279, 20.109741 ] } },
{ "type": "Feature", "properties": { "NO": 674, "ENTIDAD": "PUEBLA", "MUNICIPIO": "TLAOLA", "PUEBLO INDIGENA O AFROMEXICANO": "NAHUA", "LOCALIDAD": "EL NUEVO HUIXTLA", "CLAVE LOC": 211830061, "TIPO DE ASENTAMIENTO": "COMUNIDAD INDIGENA", "NOMBRE": "NUEVO HUIXTLA", "MONTO ASIGNADO (PESOS)": 426579, "LATITUD": 20.169503, "LONGITUD": -97.958488 }, "geometry": { "type": "Point", "coordinates": [ -97.958488, 20.169503 ] } },
{ "type": "Feature", "properties": { "NO": 675, "ENTIDAD": "PUEBLA", "MUNICIPIO": "TLAOLA", "PUEBLO INDIGENA O AFROMEXICANO": "NAHUA", "LOCALIDAD": "HUIXTLA", "CLAVE LOC": 211830014, "TIPO DE ASENTAMIENTO": "COMUNIDAD INDIGENA", "NOMBRE": "HUIXTLA", "MONTO ASIGNADO (PESOS)": 242271, "LATITUD": 20.180144, "LONGITUD": -97.934791 }, "geometry": { "type": "Point", "coordinates": [ -97.934791, 20.180144 ] } },
{ "type": "Feature", "properties": { "NO": 676, "ENTIDAD": "PUEBLA", "MUNICIPIO": "TLAOLA", "PUEBLO INDIGENA O AFROMEXICANO": "NAHUA", "LOCALIDAD": "IXPANCRUZ", "CLAVE LOC": 211830062, "TIPO DE ASENTAMIENTO": "LOCALIDAD CON POBLACION\nINDIGENA", "NOMBRE": "IXPANCRUZ", "MONTO ASIGNADO (PESOS)": 190536, "LATITUD": 20.156971, "LONGITUD": -97.980743 }, "geometry": { "type": "Point", "coordinates": [ -97.980743, 20.156971 ] } },
{ "type": "Feature", "properties": { "NO": 677, "ENTIDAD": "PUEBLA", "MUNICIPIO": "TLAOLA", "PUEBLO INDIGENA O AFROMEXICANO": "NAHUA", "LOCALIDAD": "LA PRESA", "CLAVE LOC": 211830063, "TIPO DE ASENTAMIENTO": "LOCALIDAD CON POBLACION\nINDIGENA", "NOMBRE": "LA PRESA", "MONTO ASIGNADO (PESOS)": 227852, "LATITUD": 17.97626, "LONGITUD": -98.347428 }, "geometry": { "type": "Point", "coordinates": [ -98.347428, 17.97626 ] } },
{ "type": "Feature", "properties": { "NO": 678, "ENTIDAD": "PUEBLA", "MUNICIPIO": "TLAOLA", "PUEBLO INDIGENA O AFROMEXICANO": "NAHUA", "LOCALIDAD": "NEXAPA AHILA", "CLAVE LOC": 211830033, "TIPO DE ASENTAMIENTO": "COMUNIDAD INDIGENA", "NOMBRE": "NEXAPA AHILA", "MONTO ASIGNADO (PESOS)": 129908, "LATITUD": 20.169297, "LONGITUD": -97.987166 }, "geometry": { "type": "Point", "coordinates": [ -97.987166, 20.169297 ] } },
{ "type": "Feature", "properties": { "NO": 679, "ENTIDAD": "PUEBLA", "MUNICIPIO": "TLAOLA", "PUEBLO INDIGENA O AFROMEXICANO": "NAHUA", "LOCALIDAD": "NUEVO COLIGQUE", "CLAVE LOC": 211830064, "TIPO DE ASENTAMIENTO": "LOCALIDAD CON POBLACION\nINDIGENA", "NOMBRE": "NUEVO COLIGQUE", "MONTO ASIGNADO (PESOS)": 150926, "LATITUD": 20.192568, "LONGITUD": -97.902535 }, "geometry": { "type": "Point", "coordinates": [ -97.902535, 20.192568 ] } },
{ "type": "Feature", "properties": { "NO": 680, "ENTIDAD": "PUEBLA", "MUNICIPIO": "TLAOLA", "PUEBLO INDIGENA O AFROMEXICANO": "NAHUA", "LOCALIDAD": "NUEVO HIDALGO", "CLAVE LOC": 211830013, "TIPO DE ASENTAMIENTO": "COMUNIDAD INDIGENA", "NOMBRE": "NUEVO HIDALGO", "MONTO ASIGNADO (PESOS)": 472821, "LATITUD": 20.175038, "LONGITUD": -97.873802 }, "geometry": { "type": "Point", "coordinates": [ -97.873802, 20.175038 ] } },
{ "type": "Feature", "properties": { "NO": 681, "ENTIDAD": "PUEBLA", "MUNICIPIO": "TLAOLA", "PUEBLO INDIGENA O AFROMEXICANO": "NAHUA", "LOCALIDAD": "SAN JOSE", "CLAVE LOC": 211830016, "TIPO DE ASENTAMIENTO": "COMUNIDAD INDIGENA", "NOMBRE": "SAN JOSÉ", "MONTO ASIGNADO (PESOS)": 168710, "LATITUD": 20.199569, "LONGITUD": -97.91599 }, "geometry": { "type": "Point", "coordinates": [ -97.91599, 20.199569 ] } },
{ "type": "Feature", "properties": { "NO": 682, "ENTIDAD": "PUEBLA", "MUNICIPIO": "TLAOLA", "PUEBLO INDIGENA O AFROMEXICANO": "NAHUA", "LOCALIDAD": "TLACOCUGTLA", "CLAVE LOC": 211830017, "TIPO DE ASENTAMIENTO": "COMUNIDAD INDIGENA", "NOMBRE": "TLACOCUGTLA", "MONTO ASIGNADO (PESOS)": 226596, "LATITUD": 20.170247, "LONGITUD": -97.862986 }, "geometry": { "type": "Point", "coordinates": [ -97.862986, 20.170247 ] } },
{ "type": "Feature", "properties": { "NO": 683, "ENTIDAD": "PUEBLA", "MUNICIPIO": "TLAOLA", "PUEBLO INDIGENA O AFROMEXICANO": "NAHUA", "LOCALIDAD": "TLALTEPANGO", "CLAVE LOC": 211830018, "TIPO DE ASENTAMIENTO": "COMUNIDAD INDIGENA", "NOMBRE": "TLALTEPANGO", "MONTO ASIGNADO (PESOS)": 2300664, "LATITUD": 20.143622, "LONGITUD": -97.877132 }, "geometry": { "type": "Point", "coordinates": [ -97.877132, 20.143622 ] } },
{ "type": "Feature", "properties": { "NO": 684, "ENTIDAD": "PUEBLA", "MUNICIPIO": "TLAOLA", "PUEBLO INDIGENA O AFROMEXICANO": "NAHUA", "LOCALIDAD": "TLAOLA", "CLAVE LOC": 211830001, "TIPO DE ASENTAMIENTO": "COMUNIDAD INDIGENA", "NOMBRE": "TLAOLA", "MONTO ASIGNADO (PESOS)": 1915740, "LATITUD": 20.137034, "LONGITUD": -97.924278 }, "geometry": { "type": "Point", "coordinates": [ -97.924278, 20.137034 ] } },
{ "type": "Feature", "properties": { "NO": 685, "ENTIDAD": "PUEBLA", "MUNICIPIO": "TLAOLA", "PUEBLO INDIGENA O AFROMEXICANO": "NAHUA", "LOCALIDAD": "TLAPITZALAPA", "CLAVE LOC": 211830019, "TIPO DE ASENTAMIENTO": "COMUNIDAD INDIGENA", "NOMBRE": "TLAPITZALAPA", "MONTO ASIGNADO (PESOS)": 587139, "LATITUD": 20.183747, "LONGITUD": -97.843459 }, "geometry": { "type": "Point", "coordinates": [ -97.843459, 20.183747 ] } },
{ "type": "Feature", "properties": { "NO": 686, "ENTIDAD": "PUEBLA", "MUNICIPIO": "TLAOLA", "PUEBLO INDIGENA O AFROMEXICANO": "NAHUA", "LOCALIDAD": "TLATLAPANALA", "CLAVE LOC": 211830020, "TIPO DE ASENTAMIENTO": "COMUNIDAD INDIGENA", "NOMBRE": "TLATLAPANALA", "MONTO ASIGNADO (PESOS)": 880882, "LATITUD": 20.172167, "LONGITUD": -97.927098 }, "geometry": { "type": "Point", "coordinates": [ -97.927098, 20.172167 ] } },
{ "type": "Feature", "properties": { "NO": 687, "ENTIDAD": "PUEBLA", "MUNICIPIO": "TLAOLA", "PUEBLO INDIGENA O AFROMEXICANO": "NAHUA", "LOCALIDAD": "TZITZICAZAPA", "CLAVE LOC": 211830021, "TIPO DE ASENTAMIENTO": "COMUNIDAD INDIGENA", "NOMBRE": "TZITZICAZAPA", "MONTO ASIGNADO (PESOS)": 679599, "LATITUD": 20.203731, "LONGITUD": -97.93778 }, "geometry": { "type": "Point", "coordinates": [ -97.93778, 20.203731 ] } },
{ "type": "Feature", "properties": { "NO": 688, "ENTIDAD": "PUEBLA", "MUNICIPIO": "TLAOLA", "PUEBLO INDIGENA O AFROMEXICANO": "NAHUA", "LOCALIDAD": "XALTEPUXTLA", "CLAVE LOC": 211830022, "TIPO DE ASENTAMIENTO": "COMUNIDAD INDIGENA", "NOMBRE": "XALTEPUXTLA", "MONTO ASIGNADO (PESOS)": 3509176, "LATITUD": 20.174989, "LONGITUD": -97.971412 }, "geometry": { "type": "Point", "coordinates": [ -97.971412, 20.174989 ] } },
{ "type": "Feature", "properties": { "NO": 689, "ENTIDAD": "PUEBLA", "MUNICIPIO": "TLAOLA", "PUEBLO INDIGENA O AFROMEXICANO": "NAHUA", "LOCALIDAD": "XOCHINANACATLAN", "CLAVE LOC": 211830023, "TIPO DE ASENTAMIENTO": "COMUNIDAD INDIGENA", "NOMBRE": "XOCHINANACATLAN", "MONTO ASIGNADO (PESOS)": 2183329, "LATITUD": 20.194227, "LONGITUD": -97.897882 }, "geometry": { "type": "Point", "coordinates": [ -97.897882, 20.194227 ] } },
{ "type": "Feature", "properties": { "NO": 690, "ENTIDAD": "PUEBLA", "MUNICIPIO": "TLAOLA", "PUEBLO INDIGENA O AFROMEXICANO": "NAHUA", "LOCALIDAD": "YETLA", "CLAVE LOC": 211830024, "TIPO DE ASENTAMIENTO": "COMUNIDAD INDIGENA", "NOMBRE": "YETLA", "MONTO ASIGNADO (PESOS)": 599702, "LATITUD": 20.119249, "LONGITUD": -97.919416 }, "geometry": { "type": "Point", "coordinates": [ -97.919416, 20.119249 ] } },
{ "type": "Feature", "properties": { "NO": 691, "ENTIDAD": "PUEBLA", "MUNICIPIO": "TLAPACOYA", "PUEBLO INDIGENA O AFROMEXICANO": "NAHUA", "LOCALIDAD": "AHUACATLAYA", "CLAVE LOC": 211840002, "TIPO DE ASENTAMIENTO": "COMUNIDAD INDIGENA", "NOMBRE": "AHUACATLAYA", "MONTO ASIGNADO (PESOS)": 714020, "LATITUD": 20.179506, "LONGITUD": -97.828115 }, "geometry": { "type": "Point", "coordinates": [ -97.828115, 20.179506 ] } },
{ "type": "Feature", "properties": { "NO": 692, "ENTIDAD": "PUEBLA", "MUNICIPIO": "TLAPACOYA", "PUEBLO INDIGENA O AFROMEXICANO": "NAHUA", "LOCALIDAD": "BENITO JUAREZ (XICALANGO)", "CLAVE LOC": 211840013, "TIPO DE ASENTAMIENTO": "COMUNIDAD INDIGENA", "NOMBRE": "BENITO JUÁREZ", "MONTO ASIGNADO (PESOS)": 264283, "LATITUD": 20.135466, "LONGITUD": -97.804509 }, "geometry": { "type": "Point", "coordinates": [ -97.804509, 20.135466 ] } },
{ "type": "Feature", "properties": { "NO": 693, "ENTIDAD": "PUEBLA", "MUNICIPIO": "TLAPACOYA", "PUEBLO INDIGENA O AFROMEXICANO": "NAHUA", "LOCALIDAD": "CUATEPALCATLA", "CLAVE LOC": 211840004, "TIPO DE ASENTAMIENTO": "COMUNIDAD INDIGENA", "NOMBRE": "CUATEPALCATLA", "MONTO ASIGNADO (PESOS)": 578346, "LATITUD": 20.114278, "LONGITUD": -97.861286 }, "geometry": { "type": "Point", "coordinates": [ -97.861286, 20.114278 ] } },
{ "type": "Feature", "properties": { "NO": 694, "ENTIDAD": "PUEBLA", "MUNICIPIO": "TLAPACOYA", "PUEBLO INDIGENA O AFROMEXICANO": "NAHUA", "LOCALIDAD": "LA CUMBRE", "CLAVE LOC": 211840023, "TIPO DE ASENTAMIENTO": "COMUNIDAD INDIGENA", "NOMBRE": "LA CUMBRE", "MONTO ASIGNADO (PESOS)": 877333, "LATITUD": 20.497765, "LONGITUD": -97.567957 }, "geometry": { "type": "Point", "coordinates": [ -97.567957, 20.497765 ] } },
{ "type": "Feature", "properties": { "NO": 695, "ENTIDAD": "PUEBLA", "MUNICIPIO": "TLAPACOYA", "PUEBLO INDIGENA O AFROMEXICANO": "NAHUA", "LOCALIDAD": "SAN ANDRES BUENAVISTA", "CLAVE LOC": 211840020, "TIPO DE ASENTAMIENTO": "COMUNIDAD INDIGENA", "NOMBRE": "SAN ANDRÉS BUENA VISTA", "MONTO ASIGNADO (PESOS)": 501714, "LATITUD": 20.162013, "LONGITUD": -97.790056 }, "geometry": { "type": "Point", "coordinates": [ -97.790056, 20.162013 ] } },
{ "type": "Feature", "properties": { "NO": 696, "ENTIDAD": "PUEBLA", "MUNICIPIO": "TLAPACOYA", "PUEBLO INDIGENA O AFROMEXICANO": "NAHUA", "LOCALIDAD": "SAN ANTONIO TLILAPA", "CLAVE LOC": 211840006, "TIPO DE ASENTAMIENTO": "COMUNIDAD INDIGENA", "NOMBRE": "SAN ANTONIO TLILAPA", "MONTO ASIGNADO (PESOS)": 386161, "LATITUD": 20.170336, "LONGITUD": -97.825208 }, "geometry": { "type": "Point", "coordinates": [ -97.825208, 20.170336 ] } },
{ "type": "Feature", "properties": { "NO": 697, "ENTIDAD": "PUEBLA", "MUNICIPIO": "TLAPACOYA", "PUEBLO INDIGENA O AFROMEXICANO": "NAHUA", "LOCALIDAD": "SAN MIGUEL TLILAPA", "CLAVE LOC": 211840007, "TIPO DE ASENTAMIENTO": "COMUNIDAD INDIGENA", "NOMBRE": "SAN MIGUEL TLILAPA", "MONTO ASIGNADO (PESOS)": 275414, "LATITUD": 20.156419, "LONGITUD": -97.83196 }, "geometry": { "type": "Point", "coordinates": [ -97.83196, 20.156419 ] } },
{ "type": "Feature", "properties": { "NO": 698, "ENTIDAD": "PUEBLA", "MUNICIPIO": "TLAPACOYA", "PUEBLO INDIGENA O AFROMEXICANO": "NAHUA", "LOCALIDAD": "TLAMAYA CHICO", "CLAVE LOC": 211840008, "TIPO DE ASENTAMIENTO": "COMUNIDAD INDIGENA", "NOMBRE": "TLAMAYA CHICO", "MONTO ASIGNADO (PESOS)": 781453, "LATITUD": 20.134893, "LONGITUD": -97.829147 }, "geometry": { "type": "Point", "coordinates": [ -97.829147, 20.134893 ] } },
{ "type": "Feature", "properties": { "NO": 699, "ENTIDAD": "PUEBLA", "MUNICIPIO": "TLAPACOYA", "PUEBLO INDIGENA O AFROMEXICANO": "NAHUA", "LOCALIDAD": "TLAMAYA GRANDE", "CLAVE LOC": 211840009, "TIPO DE ASENTAMIENTO": "COMUNIDAD INDIGENA", "NOMBRE": "TLAMAYA GRANDE", "MONTO ASIGNADO (PESOS)": 919684, "LATITUD": 20.146927, "LONGITUD": -97.803497 }, "geometry": { "type": "Point", "coordinates": [ -97.803497, 20.146927 ] } },
{ "type": "Feature", "properties": { "NO": 700, "ENTIDAD": "PUEBLA", "MUNICIPIO": "TLAPACOYA", "PUEBLO INDIGENA O AFROMEXICANO": "NAHUA", "LOCALIDAD": "TLAPACOYA", "CLAVE LOC": 211840001, "TIPO DE ASENTAMIENTO": "COMUNIDAD INDIGENA", "NOMBRE": "TLAPACOYA", "MONTO ASIGNADO (PESOS)": 643222, "LATITUD": 20.123815, "LONGITUD": -97.848969 }, "geometry": { "type": "Point", "coordinates": [ -97.848969, 20.123815 ] } },
{ "type": "Feature", "properties": { "NO": 701, "ENTIDAD": "PUEBLA", "MUNICIPIO": "TLAPACOYA", "PUEBLO INDIGENA O AFROMEXICANO": "NAHUA", "LOCALIDAD": "TLAPACOYA", "CLAVE LOC": 211840024, "TIPO DE ASENTAMIENTO": "LOCALIDAD CON POBLACION\nINDIGENA", "NOMBRE": "TLAPACOYA", "MONTO ASIGNADO (PESOS)": 146884, "LATITUD": 20.123815, "LONGITUD": -97.848969 }, "geometry": { "type": "Point", "coordinates": [ -97.848969, 20.123815 ] } },
{ "type": "Feature", "properties": { "NO": 702, "ENTIDAD": "PUEBLA", "MUNICIPIO": "TLAPACOYA", "PUEBLO INDIGENA O AFROMEXICANO": "NAHUA", "LOCALIDAD": "ZINTLAPAL", "CLAVE LOC": 211840011, "TIPO DE ASENTAMIENTO": "COMUNIDAD INDIGENA", "NOMBRE": "ZINTLAPAL", "MONTO ASIGNADO (PESOS)": 205086, "LATITUD": 20.14131, "LONGITUD": -97.848457 }, "geometry": { "type": "Point", "coordinates": [ -97.848457, 20.14131 ] } },
{ "type": "Feature", "properties": { "NO": 703, "ENTIDAD": "PUEBLA", "MUNICIPIO": "TLAPACOYA", "PUEBLO INDIGENA O AFROMEXICANO": "NAHUA", "LOCALIDAD": "ZOQUIAPA", "CLAVE LOC": 211840012, "TIPO DE ASENTAMIENTO": "COMUNIDAD INDIGENA", "NOMBRE": "ZOQUIAPA", "MONTO ASIGNADO (PESOS)": 410008, "LATITUD": 20.098144, "LONGITUD": -97.853623 }, "geometry": { "type": "Point", "coordinates": [ -97.853623, 20.098144 ] } },
{ "type": "Feature", "properties": { "NO": 704, "ENTIDAD": "PUEBLA", "MUNICIPIO": "TLATLAUQUITEPEC", "PUEBLO INDIGENA O AFROMEXICANO": "NAHUA", "LOCALIDAD": "ACOCOGTA", "CLAVE LOC": 211860056, "TIPO DE ASENTAMIENTO": "COMUNIDAD INDIGENA", "NOMBRE": "ACOCOGTA", "MONTO ASIGNADO (PESOS)": 577744, "LATITUD": 19.873764, "LONGITUD": -97.475887 }, "geometry": { "type": "Point", "coordinates": [ -97.475887, 19.873764 ] } },
{ "type": "Feature", "properties": { "NO": 705, "ENTIDAD": "PUEBLA", "MUNICIPIO": "TLATLAUQUITEPEC", "PUEBLO INDIGENA O AFROMEXICANO": "NAHUA", "LOCALIDAD": "AHUATAMIMILOL", "CLAVE LOC": 211860003, "TIPO DE ASENTAMIENTO": "COMUNIDAD INDIGENA", "NOMBRE": "AHUATAMIMILOL", "MONTO ASIGNADO (PESOS)": 244183, "LATITUD": 19.981859, "LONGITUD": -97.423805 }, "geometry": { "type": "Point", "coordinates": [ -97.423805, 19.981859 ] } },
{ "type": "Feature", "properties": { "NO": 706, "ENTIDAD": "PUEBLA", "MUNICIPIO": "TLATLAUQUITEPEC", "PUEBLO INDIGENA O AFROMEXICANO": "NAHUA", "LOCALIDAD": "AJOCOTZINGO", "CLAVE LOC": 211860004, "TIPO DE ASENTAMIENTO": "COMUNIDAD INDIGENA", "NOMBRE": "AJOCOTZINGO", "MONTO ASIGNADO (PESOS)": 639989, "LATITUD": 19.813389, "LONGITUD": -97.484169 }, "geometry": { "type": "Point", "coordinates": [ -97.484169, 19.813389 ] } },
{ "type": "Feature", "properties": { "NO": 707, "ENTIDAD": "PUEBLA", "MUNICIPIO": "TLATLAUQUITEPEC", "PUEBLO INDIGENA O AFROMEXICANO": "NAHUA", "LOCALIDAD": "ATIOYAN", "CLAVE LOC": 211860103, "TIPO DE ASENTAMIENTO": "COMUNIDAD INDIGENA", "NOMBRE": "ATIOYAN", "MONTO ASIGNADO (PESOS)": 753160, "LATITUD": 19.780419, "LONGITUD": -97.469158 }, "geometry": { "type": "Point", "coordinates": [ -97.469158, 19.780419 ] } },
{ "type": "Feature", "properties": { "NO": 708, "ENTIDAD": "PUEBLA", "MUNICIPIO": "TLATLAUQUITEPEC", "PUEBLO INDIGENA O AFROMEXICANO": "NAHUA", "LOCALIDAD": "BUENA VISTA", "CLAVE LOC": 211860081, "TIPO DE ASENTAMIENTO": "COMUNIDAD INDIGENA", "NOMBRE": "BUENA VISTA", "MONTO ASIGNADO (PESOS)": 522775, "LATITUD": 19.737722, "LONGITUD": -97.7234 }, "geometry": { "type": "Point", "coordinates": [ -97.7234, 19.737722 ] } },
{ "type": "Feature", "properties": { "NO": 709, "ENTIDAD": "PUEBLA", "MUNICIPIO": "TLATLAUQUITEPEC", "PUEBLO INDIGENA O AFROMEXICANO": "NAHUA", "LOCALIDAD": "CHINAMPA", "CLAVE LOC": 211860058, "TIPO DE ASENTAMIENTO": "COMUNIDAD INDIGENA", "NOMBRE": "CHINAMPA.", "MONTO ASIGNADO (PESOS)": 313408, "LATITUD": 19.740868, "LONGITUD": -97.699552 }, "geometry": { "type": "Point", "coordinates": [ -97.699552, 19.740868 ] } },
{ "type": "Feature", "properties": { "NO": 710, "ENTIDAD": "PUEBLA", "MUNICIPIO": "TLATLAUQUITEPEC", "PUEBLO INDIGENA O AFROMEXICANO": "NAHUA", "LOCALIDAD": "COATECTZIN ORIENTE", "CLAVE LOC": 211860104, "TIPO DE ASENTAMIENTO": "COMUNIDAD INDIGENA", "NOMBRE": "COATECZIN ORIENTE", "MONTO ASIGNADO (PESOS)": 247121, "LATITUD": 19.966366, "LONGITUD": -97.458002 }, "geometry": { "type": "Point", "coordinates": [ -97.458002, 19.966366 ] } },
{ "type": "Feature", "properties": { "NO": 711, "ENTIDAD": "PUEBLA", "MUNICIPIO": "TLATLAUQUITEPEC", "PUEBLO INDIGENA O AFROMEXICANO": "NAHUA", "LOCALIDAD": "CUACUALAXTLA", "CLAVE LOC": 211860009, "TIPO DE ASENTAMIENTO": "COMUNIDAD INDIGENA", "NOMBRE": "CUACUALAXTLA", "MONTO ASIGNADO (PESOS)": 294815, "LATITUD": 19.942353, "LONGITUD": -97.454463 }, "geometry": { "type": "Point", "coordinates": [ -97.454463, 19.942353 ] } },
{ "type": "Feature", "properties": { "NO": 712, "ENTIDAD": "PUEBLA", "MUNICIPIO": "TLATLAUQUITEPEC", "PUEBLO INDIGENA O AFROMEXICANO": "NAHUA", "LOCALIDAD": "CUAUTLAMINGO", "CLAVE LOC": 211860010, "TIPO DE ASENTAMIENTO": "COMUNIDAD INDIGENA", "NOMBRE": "CUAUTLAMINGO", "MONTO ASIGNADO (PESOS)": 670707, "LATITUD": 19.767437, "LONGITUD": -97.537972 }, "geometry": { "type": "Point", "coordinates": [ -97.537972, 19.767437 ] } },
{ "type": "Feature", "properties": { "NO": 713, "ENTIDAD": "PUEBLA", "MUNICIPIO": "TLATLAUQUITEPEC", "PUEBLO INDIGENA O AFROMEXICANO": "NAHUA", "LOCALIDAD": "EL DURAZNILLO", "CLAVE LOC": 211860014, "TIPO DE ASENTAMIENTO": "COMUNIDAD INDIGENA", "NOMBRE": "EL DURAZNILLO", "MONTO ASIGNADO (PESOS)": 211553, "LATITUD": 19.747269, "LONGITUD": -97.551818 }, "geometry": { "type": "Point", "coordinates": [ -97.551818, 19.747269 ] } },
{ "type": "Feature", "properties": { "NO": 714, "ENTIDAD": "PUEBLA", "MUNICIPIO": "TLATLAUQUITEPEC", "PUEBLO INDIGENA O AFROMEXICANO": "NAHUA", "LOCALIDAD": "EL POZO", "CLAVE LOC": 211860086, "TIPO DE ASENTAMIENTO": "COMUNIDAD INDIGENA", "NOMBRE": "EL POZO", "MONTO ASIGNADO (PESOS)": 218829, "LATITUD": 18.529404, "LONGITUD": -98.124538 }, "geometry": { "type": "Point", "coordinates": [ -98.124538, 18.529404 ] } },
{ "type": "Feature", "properties": { "NO": 715, "ENTIDAD": "PUEBLA", "MUNICIPIO": "TLATLAUQUITEPEC", "PUEBLO INDIGENA O AFROMEXICANO": "NAHUA", "LOCALIDAD": "GOMEZ ORIENTE", "CLAVE LOC": 211860016, "TIPO DE ASENTAMIENTO": "COMUNIDAD INDIGENA", "NOMBRE": "GÓMEZ ORIENTE", "MONTO ASIGNADO (PESOS)": 1101567, "LATITUD": 19.777673, "LONGITUD": -97.480678 }, "geometry": { "type": "Point", "coordinates": [ -97.480678, 19.777673 ] } },
{ "type": "Feature", "properties": { "NO": 716, "ENTIDAD": "PUEBLA", "MUNICIPIO": "TLATLAUQUITEPEC", "PUEBLO INDIGENA O AFROMEXICANO": "NAHUA", "LOCALIDAD": "GOMEZ PONIENTE", "CLAVE LOC": 211860054, "TIPO DE ASENTAMIENTO": "COMUNIDAD INDIGENA", "NOMBRE": "GOMEZ PONIENTE", "MONTO ASIGNADO (PESOS)": 1483925, "LATITUD": 19.773337, "LONGITUD": -97.487062 }, "geometry": { "type": "Point", "coordinates": [ -97.487062, 19.773337 ] } },
{ "type": "Feature", "properties": { "NO": 717, "ENTIDAD": "PUEBLA", "MUNICIPIO": "TLATLAUQUITEPEC", "PUEBLO INDIGENA O AFROMEXICANO": "NAHUA", "LOCALIDAD": "GOMEZ SUR", "CLAVE LOC": 211860055, "TIPO DE ASENTAMIENTO": "LOCALIDAD CON POBLACION\nINDIGENA", "NOMBRE": "GOMEZ SUR", "MONTO ASIGNADO (PESOS)": 146884, "LATITUD": 19.758164, "LONGITUD": -97.494806 }, "geometry": { "type": "Point", "coordinates": [ -97.494806, 19.758164 ] } },
{ "type": "Feature", "properties": { "NO": 718, "ENTIDAD": "PUEBLA", "MUNICIPIO": "TLATLAUQUITEPEC", "PUEBLO INDIGENA O AFROMEXICANO": "NAHUA", "LOCALIDAD": "JILOTEPEC", "CLAVE LOC": 211860020, "TIPO DE ASENTAMIENTO": "COMUNIDAD INDIGENA", "NOMBRE": "JILOTEPEC", "MONTO ASIGNADO (PESOS)": 170326, "LATITUD": 19.799959, "LONGITUD": -97.62927 }, "geometry": { "type": "Point", "coordinates": [ -97.62927, 19.799959 ] } },
{ "type": "Feature", "properties": { "NO": 719, "ENTIDAD": "PUEBLA", "MUNICIPIO": "TLATLAUQUITEPEC", "PUEBLO INDIGENA O AFROMEXICANO": "NAHUA", "LOCALIDAD": "LA PALMA (MAQUINAS)", "CLAVE LOC": 211860088, "TIPO DE ASENTAMIENTO": "COMUNIDAD INDIGENA", "NOMBRE": "LA PALMA (MAQUINAS)", "MONTO ASIGNADO (PESOS)": 189727, "LATITUD": 20.029162, "LONGITUD": -97.41583 }, "geometry": { "type": "Point", "coordinates": [ -97.41583, 20.029162 ] } },
{ "type": "Feature", "properties": { "NO": 720, "ENTIDAD": "PUEBLA", "MUNICIPIO": "TLATLAUQUITEPEC", "PUEBLO INDIGENA O AFROMEXICANO": "NAHUA", "LOCALIDAD": "LAS MESAS", "CLAVE LOC": 211860085, "TIPO DE ASENTAMIENTO": "COMUNIDAD INDIGENA", "NOMBRE": "LAS MESAS", "MONTO ASIGNADO (PESOS)": 159818, "LATITUD": 20.003224, "LONGITUD": -97.41401 }, "geometry": { "type": "Point", "coordinates": [ -97.41401, 20.003224 ] } },
{ "type": "Feature", "properties": { "NO": 721, "ENTIDAD": "PUEBLA", "MUNICIPIO": "TLATLAUQUITEPEC", "PUEBLO INDIGENA O AFROMEXICANO": "NAHUA", "LOCALIDAD": "LINDA TARDE", "CLAVE LOC": 211860106, "TIPO DE ASENTAMIENTO": "COMUNIDAD INDIGENA", "NOMBRE": "LINDA TARDE", "MONTO ASIGNADO (PESOS)": 173833, "LATITUD": 19.745297, "LONGITUD": -97.477835 }, "geometry": { "type": "Point", "coordinates": [ -97.477835, 19.745297 ] } },
{ "type": "Feature", "properties": { "NO": 722, "ENTIDAD": "PUEBLA", "MUNICIPIO": "TLATLAUQUITEPEC", "PUEBLO INDIGENA O AFROMEXICANO": "NAHUA", "LOCALIDAD": "OCOTA", "CLAVE LOC": 211860023, "TIPO DE ASENTAMIENTO": "COMUNIDAD INDIGENA", "NOMBRE": "OCOTA", "MONTO ASIGNADO (PESOS)": 857440, "LATITUD": 19.818828, "LONGITUD": -97.496868 }, "geometry": { "type": "Point", "coordinates": [ -97.496868, 19.818828 ] } },
{ "type": "Feature", "properties": { "NO": 723, "ENTIDAD": "PUEBLA", "MUNICIPIO": "TLATLAUQUITEPEC", "PUEBLO INDIGENA O AFROMEXICANO": "NAHUA", "LOCALIDAD": "OYAMELES", "CLAVE LOC": 211860025, "TIPO DE ASENTAMIENTO": "COMUNIDAD INDIGENA", "NOMBRE": "OYAMELES DE HIDALGO", "MONTO ASIGNADO (PESOS)": 1535709, "LATITUD": 19.696623, "LONGITUD": -97.53253 }, "geometry": { "type": "Point", "coordinates": [ -97.53253, 19.696623 ] } },
{ "type": "Feature", "properties": { "NO": 724, "ENTIDAD": "PUEBLA", "MUNICIPIO": "TLATLAUQUITEPEC", "PUEBLO INDIGENA O AFROMEXICANO": "NAHUA", "LOCALIDAD": "PABLOGCO", "CLAVE LOC": 211860095, "TIPO DE ASENTAMIENTO": "COMUNIDAD INDIGENA", "NOMBRE": "PABLOGCO", "MONTO ASIGNADO (PESOS)": 629480, "LATITUD": 19.801974, "LONGITUD": -97.485646 }, "geometry": { "type": "Point", "coordinates": [ -97.485646, 19.801974 ] } },
{ "type": "Feature", "properties": { "NO": 725, "ENTIDAD": "PUEBLA", "MUNICIPIO": "TLATLAUQUITEPEC", "PUEBLO INDIGENA O AFROMEXICANO": "NAHUA", "LOCALIDAD": "PLAN DE GUADALUPE", "CLAVE LOC": 211860027, "TIPO DE ASENTAMIENTO": "COMUNIDAD INDIGENA", "NOMBRE": "PLAN DE GUADALUPE", "MONTO ASIGNADO (PESOS)": 847739, "LATITUD": 19.804981, "LONGITUD": -97.550435 }, "geometry": { "type": "Point", "coordinates": [ -97.550435, 19.804981 ] } },
{ "type": "Feature", "properties": { "NO": 726, "ENTIDAD": "PUEBLA", "MUNICIPIO": "TLATLAUQUITEPEC", "PUEBLO INDIGENA O AFROMEXICANO": "NAHUA", "LOCALIDAD": "TANHUIXCO DEL CARMEN", "CLAVE LOC": 211860030, "TIPO DE ASENTAMIENTO": "COMUNIDAD INDIGENA", "NOMBRE": "TANHUIXCO DEL CARMEN", "MONTO ASIGNADO (PESOS)": 479123, "LATITUD": 19.811055, "LONGITUD": -97.474739 }, "geometry": { "type": "Point", "coordinates": [ -97.474739, 19.811055 ] } },
{ "type": "Feature", "properties": { "NO": 727, "ENTIDAD": "PUEBLA", "MUNICIPIO": "TLATLAUQUITEPEC", "PUEBLO INDIGENA O AFROMEXICANO": "NAHUA", "LOCALIDAD": "TATAUZOQUICO", "CLAVE LOC": 211860035, "TIPO DE ASENTAMIENTO": "COMUNIDAD INDIGENA", "NOMBRE": "TATAUZOQUICO", "MONTO ASIGNADO (PESOS)": 1861433, "LATITUD": 19.828504, "LONGITUD": -97.523999 }, "geometry": { "type": "Point", "coordinates": [ -97.523999, 19.828504 ] } },
{ "type": "Feature", "properties": { "NO": 728, "ENTIDAD": "PUEBLA", "MUNICIPIO": "TLATLAUQUITEPEC", "PUEBLO INDIGENA O AFROMEXICANO": "NAHUA", "LOCALIDAD": "TEHUAGCO", "CLAVE LOC": 211860031, "TIPO DE ASENTAMIENTO": "COMUNIDAD INDIGENA", "NOMBRE": "TEHUAGCO", "MONTO ASIGNADO (PESOS)": 491249, "LATITUD": 19.938268, "LONGITUD": -97.447722 }, "geometry": { "type": "Point", "coordinates": [ -97.447722, 19.938268 ] } },
{ "type": "Feature", "properties": { "NO": 729, "ENTIDAD": "PUEBLA", "MUNICIPIO": "TLATLAUQUITEPEC", "PUEBLO INDIGENA O AFROMEXICANO": "NAHUA", "LOCALIDAD": "TEPANTZOL", "CLAVE LOC": 211860032, "TIPO DE ASENTAMIENTO": "COMUNIDAD INDIGENA", "NOMBRE": "TEPANTZOL.", "MONTO ASIGNADO (PESOS)": 498524, "LATITUD": 19.889879, "LONGITUD": -97.477439 }, "geometry": { "type": "Point", "coordinates": [ -97.477439, 19.889879 ] } },
{ "type": "Feature", "properties": { "NO": 730, "ENTIDAD": "PUEBLA", "MUNICIPIO": "TLATLAUQUITEPEC", "PUEBLO INDIGENA O AFROMEXICANO": "NAHUA", "LOCALIDAD": "TEPETENO DE ITURBIDE", "CLAVE LOC": 211860034, "TIPO DE ASENTAMIENTO": "COMUNIDAD INDIGENA", "NOMBRE": "TEPETENO DE ITURBIDE", "MONTO ASIGNADO (PESOS)": 1298001, "LATITUD": 19.796126, "LONGITUD": -97.497077 }, "geometry": { "type": "Point", "coordinates": [ -97.497077, 19.796126 ] } },
{ "type": "Feature", "properties": { "NO": 731, "ENTIDAD": "PUEBLA", "MUNICIPIO": "TLATLAUQUITEPEC", "PUEBLO INDIGENA O AFROMEXICANO": "NAHUA", "LOCALIDAD": "TEZIUTANAPA", "CLAVE LOC": 211860053, "TIPO DE ASENTAMIENTO": "COMUNIDAD INDIGENA", "NOMBRE": "TEZIUTANAPA", "MONTO ASIGNADO (PESOS)": 298049, "LATITUD": 19.870211, "LONGITUD": -97.527879 }, "geometry": { "type": "Point", "coordinates": [ -97.527879, 19.870211 ] } },
{ "type": "Feature", "properties": { "NO": 732, "ENTIDAD": "PUEBLA", "MUNICIPIO": "TLATLAUQUITEPEC", "PUEBLO INDIGENA O AFROMEXICANO": "NAHUA", "LOCALIDAD": "TUNEL DOS", "CLAVE LOC": 211860070, "TIPO DE ASENTAMIENTO": "COMUNIDAD INDIGENA", "NOMBRE": "TÚNEL DOS", "MONTO ASIGNADO (PESOS)": 270564, "LATITUD": 19.964404, "LONGITUD": -97.444413 }, "geometry": { "type": "Point", "coordinates": [ -97.444413, 19.964404 ] } },
{ "type": "Feature", "properties": { "NO": 733, "ENTIDAD": "PUEBLA", "MUNICIPIO": "TLATLAUQUITEPEC", "PUEBLO INDIGENA O AFROMEXICANO": "NAHUA", "LOCALIDAD": "TZINACANTEPEC", "CLAVE LOC": 211860037, "TIPO DE ASENTAMIENTO": "COMUNIDAD INDIGENA", "NOMBRE": "TZINANCANTEPEC", "MONTO ASIGNADO (PESOS)": 871182, "LATITUD": 19.81529, "LONGITUD": -97.496084 }, "geometry": { "type": "Point", "coordinates": [ -97.496084, 19.81529 ] } },
{ "type": "Feature", "properties": { "NO": 734, "ENTIDAD": "PUEBLA", "MUNICIPIO": "TLAXCO", "PUEBLO INDIGENA O AFROMEXICANO": "OTOMÍ", "LOCALIDAD": "LOMA BONITA", "CLAVE LOC": 211870013, "TIPO DE ASENTAMIENTO": "LOCALIDAD CON POBLACION\nINDIGENA", "NOMBRE": "LOMA BONITA", "MONTO ASIGNADO (PESOS)": 270564, "LATITUD": 20.280382, "LONGITUD": -97.830863 }, "geometry": { "type": "Point", "coordinates": [ -97.830863, 20.280382 ] } },
{ "type": "Feature", "properties": { "NO": 735, "ENTIDAD": "PUEBLA", "MUNICIPIO": "TOCHIMILCO", "PUEBLO INDIGENA O AFROMEXICANO": "NAHUA", "LOCALIDAD": "LA MAGDALENA YANCUITLALPAN", "CLAVE LOC": 211880006, "TIPO DE ASENTAMIENTO": "COMUNIDAD INDIGENA", "NOMBRE": "LA MAGDALENA YANCUITLALPAN", "MONTO ASIGNADO (PESOS)": 2073226, "LATITUD": 18.909483, "LONGITUD": -98.588972 }, "geometry": { "type": "Point", "coordinates": [ -98.588972, 18.909483 ] } },
{ "type": "Feature", "properties": { "NO": 736, "ENTIDAD": "PUEBLA", "MUNICIPIO": "TUZAMAPAN DE GALEANA", "PUEBLO INDIGENA O AFROMEXICANO": "TOTONACO", "LOCALIDAD": "EL CATA", "CLAVE LOC": 211920016, "TIPO DE ASENTAMIENTO": "LOCALIDAD CON POBLACION\nINDIGENA", "NOMBRE": "EL CATA", "MONTO ASIGNADO (PESOS)": 135567, "LATITUD": 20.06653, "LONGITUD": -97.568642 }, "geometry": { "type": "Point", "coordinates": [ -97.568642, 20.06653 ] } },
{ "type": "Feature", "properties": { "NO": 737, "ENTIDAD": "PUEBLA", "MUNICIPIO": "TUZAMAPAN DE GALEANA", "PUEBLO INDIGENA O AFROMEXICANO": "NAHUA", "LOCALIDAD": "EL JAYAL", "CLAVE LOC": 211920011, "TIPO DE ASENTAMIENTO": "COMUNIDAD INDIGENA", "NOMBRE": "EL JAYAL", "MONTO ASIGNADO (PESOS)": 173560, "LATITUD": 20.151281, "LONGITUD": -97.478717 }, "geometry": { "type": "Point", "coordinates": [ -97.478717, 20.151281 ] } },
{ "type": "Feature", "properties": { "NO": 738, "ENTIDAD": "PUEBLA", "MUNICIPIO": "TUZAMAPAN DE GALEANA", "PUEBLO INDIGENA O AFROMEXICANO": "NAHUA", "LOCALIDAD": "EL TUTI", "CLAVE LOC": 211920009, "TIPO DE ASENTAMIENTO": "COMUNIDAD INDIGENA", "NOMBRE": "EL TUTI", "MONTO ASIGNADO (PESOS)": 332000, "LATITUD": 20.104042, "LONGITUD": -97.539462 }, "geometry": { "type": "Point", "coordinates": [ -97.539462, 20.104042 ] } },
{ "type": "Feature", "properties": { "NO": 739, "ENTIDAD": "PUEBLA", "MUNICIPIO": "TUZAMAPAN DE GALEANA", "PUEBLO INDIGENA O AFROMEXICANO": "NAHUA", "LOCALIDAD": "EL ZORRILLO", "CLAVE LOC": 211920008, "TIPO DE ASENTAMIENTO": "COMUNIDAD INDIGENA", "NOMBRE": "EL ZORRILLO", "MONTO ASIGNADO (PESOS)": 248738, "LATITUD": 20.093859, "LONGITUD": -97.540799 }, "geometry": { "type": "Point", "coordinates": [ -97.540799, 20.093859 ] } },
{ "type": "Feature", "properties": { "NO": 740, "ENTIDAD": "PUEBLA", "MUNICIPIO": "TUZAMAPAN DE GALEANA", "PUEBLO INDIGENA O AFROMEXICANO": "NAHUA", "LOCALIDAD": "HUITZILTEPEC", "CLAVE LOC": 211920002, "TIPO DE ASENTAMIENTO": "COMUNIDAD INDIGENA", "NOMBRE": "HUITZILTEPEC", "MONTO ASIGNADO (PESOS)": 419304, "LATITUD": 20.097647, "LONGITUD": -97.513968 }, "geometry": { "type": "Point", "coordinates": [ -97.513968, 20.097647 ] } },
{ "type": "Feature", "properties": { "NO": 741, "ENTIDAD": "PUEBLA", "MUNICIPIO": "TUZAMAPAN DE GALEANA", "PUEBLO INDIGENA O AFROMEXICANO": "NAHUA", "LOCALIDAD": "LA JUNTA POZA LARGA", "CLAVE LOC": 211920003, "TIPO DE ASENTAMIENTO": "COMUNIDAD INDIGENA", "NOMBRE": "LA JUNTA POZA LARGA", "MONTO ASIGNADO (PESOS)": 217212, "LATITUD": 20.156094, "LONGITUD": -97.489352 }, "geometry": { "type": "Point", "coordinates": [ -97.489352, 20.156094 ] } },
{ "type": "Feature", "properties": { "NO": 742, "ENTIDAD": "PUEBLA", "MUNICIPIO": "TUZAMAPAN DE GALEANA", "PUEBLO INDIGENA O AFROMEXICANO": "NAHUA", "LOCALIDAD": "MORELOS", "CLAVE LOC": 211920004, "TIPO DE ASENTAMIENTO": "COMUNIDAD INDIGENA", "NOMBRE": "RANCHERIA MORELOS", "MONTO ASIGNADO (PESOS)": 198619, "LATITUD": 19.755348, "LONGITUD": -97.577797 }, "geometry": { "type": "Point", "coordinates": [ -97.577797, 19.755348 ] } },
{ "type": "Feature", "properties": { "NO": 743, "ENTIDAD": "PUEBLA", "MUNICIPIO": "TUZAMAPAN DE GALEANA", "PUEBLO INDIGENA O AFROMEXICANO": "NAHUA", "LOCALIDAD": "REYES DE VALLARTA", "CLAVE LOC": 211920005, "TIPO DE ASENTAMIENTO": "COMUNIDAD INDIGENA", "NOMBRE": "REYES DE VALLARTA", "MONTO ASIGNADO (PESOS)": 558343, "LATITUD": 20.107132, "LONGITUD": -97.532377 }, "geometry": { "type": "Point", "coordinates": [ -97.532377, 20.107132 ] } },
{ "type": "Feature", "properties": { "NO": 744, "ENTIDAD": "PUEBLA", "MUNICIPIO": "TUZAMAPAN DE GALEANA", "PUEBLO INDIGENA O AFROMEXICANO": "NAHUA", "LOCALIDAD": "RICARDO FLORES MAGON", "CLAVE LOC": 211920006, "TIPO DE ASENTAMIENTO": "COMUNIDAD INDIGENA", "NOMBRE": "RICARDO FLORES MAGÓN", "MONTO ASIGNADO (PESOS)": 369185, "LATITUD": 20.11814, "LONGITUD": -97.500094 }, "geometry": { "type": "Point", "coordinates": [ -97.500094, 20.11814 ] } },
{ "type": "Feature", "properties": { "NO": 745, "ENTIDAD": "PUEBLA", "MUNICIPIO": "TUZAMAPAN DE GALEANA", "PUEBLO INDIGENA O AFROMEXICANO": "TOTONACO", "LOCALIDAD": "TETELILLA DE MIGUEL ISLAS", "CLAVE LOC": 211920007, "TIPO DE ASENTAMIENTO": "COMUNIDAD INDIGENA", "NOMBRE": "TETELILLA DE MIGUEL ISLAS", "MONTO ASIGNADO (PESOS)": 1584163, "LATITUD": 20.077939, "LONGITUD": -97.549075 }, "geometry": { "type": "Point", "coordinates": [ -97.549075, 20.077939 ] } },
{ "type": "Feature", "properties": { "NO": 746, "ENTIDAD": "PUEBLA", "MUNICIPIO": "VENUSTIANO CARRANZA", "PUEBLO INDIGENA O AFROMEXICANO": "NAHUA", "LOCALIDAD": "SAN BARTOLO DEL ESCOBAL", "CLAVE LOC": 211940059, "TIPO DE ASENTAMIENTO": "COMUNIDAD INDIGENA", "NOMBRE": "SAN BARTOLO DEL ESCOBAL", "MONTO ASIGNADO (PESOS)": 587445, "LATITUD": 20.430014, "LONGITUD": -97.662773 }, "geometry": { "type": "Point", "coordinates": [ -97.662773, 20.430014 ] } },
{ "type": "Feature", "properties": { "NO": 747, "ENTIDAD": "PUEBLA", "MUNICIPIO": "VICENTE GUERRERO", "PUEBLO INDIGENA O AFROMEXICANO": "NAHUA", "LOCALIDAD": "TELPATLAN", "CLAVE LOC": 211950014, "TIPO DE ASENTAMIENTO": "COMUNIDAD INDIGENA", "NOMBRE": "TELPATLÁN", "MONTO ASIGNADO (PESOS)": 5956336, "LATITUD": 18.481561, "LONGITUD": -97.151056 }, "geometry": { "type": "Point", "coordinates": [ -97.151056, 18.481561 ] } },
{ "type": "Feature", "properties": { "NO": 748, "ENTIDAD": "PUEBLA", "MUNICIPIO": "VICENTE GUERRERO", "PUEBLO INDIGENA O AFROMEXICANO": "NAHUA", "LOCALIDAD": "TEPETZITZINTLA", "CLAVE LOC": 211950016, "TIPO DE ASENTAMIENTO": "COMUNIDAD INDIGENA", "NOMBRE": "TEPETZITZINTLA", "MONTO ASIGNADO (PESOS)": 9456806, "LATITUD": 18.471535, "LONGITUD": -97.119014 }, "geometry": { "type": "Point", "coordinates": [ -97.119014, 18.471535 ] } },
{ "type": "Feature", "properties": { "NO": 749, "ENTIDAD": "PUEBLA", "MUNICIPIO": "XAYACATLAN DE BRAVO", "PUEBLO INDIGENA O AFROMEXICANO": "MIXTECO", "LOCALIDAD": "XAYACATLAN DE BRAVO", "CLAVE LOC": 211960001, "TIPO DE ASENTAMIENTO": "COMUNIDAD INDIGENA", "NOMBRE": "XAYACATLAN DE BRAVO", "MONTO ASIGNADO (PESOS)": 689390, "LATITUD": 18.235576, "LONGITUD": -97.975539 }, "geometry": { "type": "Point", "coordinates": [ -97.975539, 18.235576 ] } },
{ "type": "Feature", "properties": { "NO": 750, "ENTIDAD": "PUEBLA", "MUNICIPIO": "XICOTEPEC", "PUEBLO INDIGENA O AFROMEXICANO": "NAHUA", "LOCALIDAD": "AHUAXINTITLA", "CLAVE LOC": 211970002, "TIPO DE ASENTAMIENTO": "COMUNIDAD INDIGENA", "NOMBRE": "AHUAXINTITLA", "MONTO ASIGNADO (PESOS)": 1041748, "LATITUD": 20.252057, "LONGITUD": -97.894394 }, "geometry": { "type": "Point", "coordinates": [ -97.894394, 20.252057 ] } },
{ "type": "Feature", "properties": { "NO": 751, "ENTIDAD": "PUEBLA", "MUNICIPIO": "XICOTEPEC", "PUEBLO INDIGENA O AFROMEXICANO": "NAHUA", "LOCALIDAD": "ATEQUEXQUITLA", "CLAVE LOC": 211970003, "TIPO DE ASENTAMIENTO": "COMUNIDAD INDIGENA", "NOMBRE": "ATEQUEXQUITLA", "MONTO ASIGNADO (PESOS)": 725676, "LATITUD": 20.264854, "LONGITUD": -97.891204 }, "geometry": { "type": "Point", "coordinates": [ -97.891204, 20.264854 ] } },
{ "type": "Feature", "properties": { "NO": 752, "ENTIDAD": "PUEBLA", "MUNICIPIO": "XICOTEPEC", "PUEBLO INDIGENA O AFROMEXICANO": "NAHUA", "LOCALIDAD": "MECATLAN DE LAS FLORES", "CLAVE LOC": 211970010, "TIPO DE ASENTAMIENTO": "COMUNIDAD INDIGENA", "NOMBRE": "MECATLÁN DE LAS FLORES", "MONTO ASIGNADO (PESOS)": 397478, "LATITUD": 20.264854, "LONGITUD": -97.891204 }, "geometry": { "type": "Point", "coordinates": [ -97.891204, 20.264854 ] } },
{ "type": "Feature", "properties": { "NO": 753, "ENTIDAD": "PUEBLA", "MUNICIPIO": "XOCHIAPULCO", "PUEBLO INDIGENA O AFROMEXICANO": "NAHUA", "LOCALIDAD": "ATZALAN", "CLAVE LOC": 212000002, "TIPO DE ASENTAMIENTO": "COMUNIDAD INDIGENA", "NOMBRE": "ATZALAN", "MONTO ASIGNADO (PESOS)": 313408, "LATITUD": 19.896849, "LONGITUD": -97.621233 }, "geometry": { "type": "Point", "coordinates": [ -97.621233, 19.896849 ] } },
{ "type": "Feature", "properties": { "NO": 754, "ENTIDAD": "PUEBLA", "MUNICIPIO": "XOCHIAPULCO", "PUEBLO INDIGENA O AFROMEXICANO": "NAHUA", "LOCALIDAD": "CUAUHTECOMACO", "CLAVE LOC": 212000027, "TIPO DE ASENTAMIENTO": "LOCALIDAD CON POBLACION\nINDIGENA", "NOMBRE": "CUAUHTECOMACO", "MONTO ASIGNADO (PESOS)": 156584, "LATITUD": 19.860766, "LONGITUD": -97.642826 }, "geometry": { "type": "Point", "coordinates": [ -97.642826, 19.860766 ] } },
{ "type": "Feature", "properties": { "NO": 755, "ENTIDAD": "PUEBLA", "MUNICIPIO": "XOCHIAPULCO", "PUEBLO INDIGENA O AFROMEXICANO": "NAHUA", "LOCALIDAD": "CUAUTAMANIS", "CLAVE LOC": 212000028, "TIPO DE ASENTAMIENTO": "COMUNIDAD INDIGENA", "NOMBRE": "CUAUTAMANIS", "MONTO ASIGNADO (PESOS)": 349708, "LATITUD": 19.868795, "LONGITUD": -97.633537 }, "geometry": { "type": "Point", "coordinates": [ -97.633537, 19.868795 ] } },
{ "type": "Feature", "properties": { "NO": 756, "ENTIDAD": "PUEBLA", "MUNICIPIO": "XOCHIAPULCO", "PUEBLO INDIGENA O AFROMEXICANO": "NAHUA", "LOCALIDAD": "CUAUXIMALOYAN", "CLAVE LOC": 212000003, "TIPO DE ASENTAMIENTO": "COMUNIDAD INDIGENA", "NOMBRE": "CUAUXIMALOYAN", "MONTO ASIGNADO (PESOS)": 715759, "LATITUD": 19.871762, "LONGITUD": -97.661428 }, "geometry": { "type": "Point", "coordinates": [ -97.661428, 19.871762 ] } },
{ "type": "Feature", "properties": { "NO": 757, "ENTIDAD": "PUEBLA", "MUNICIPIO": "XOCHIAPULCO", "PUEBLO INDIGENA O AFROMEXICANO": "NAHUA", "LOCALIDAD": "IXEHUACO", "CLAVE LOC": 212000004, "TIPO DE ASENTAMIENTO": "COMUNIDAD INDIGENA", "NOMBRE": "IXEHUACO", "MONTO ASIGNADO (PESOS)": 201044, "LATITUD": 19.815313, "LONGITUD": -97.639241 }, "geometry": { "type": "Point", "coordinates": [ -97.639241, 19.815313 ] } },
{ "type": "Feature", "properties": { "NO": 758, "ENTIDAD": "PUEBLA", "MUNICIPIO": "XOCHIAPULCO", "PUEBLO INDIGENA O AFROMEXICANO": "NAHUA", "LOCALIDAD": "LA MANZANILLA", "CLAVE LOC": 212000005, "TIPO DE ASENTAMIENTO": "COMUNIDAD INDIGENA", "NOMBRE": "LA MANZANILLA", "MONTO ASIGNADO (PESOS)": 277839, "LATITUD": 19.839323, "LONGITUD": -97.641249 }, "geometry": { "type": "Point", "coordinates": [ -97.641249, 19.839323 ] } },
{ "type": "Feature", "properties": { "NO": 759, "ENTIDAD": "PUEBLA", "MUNICIPIO": "XOCHIAPULCO", "PUEBLO INDIGENA O AFROMEXICANO": "NAHUA", "LOCALIDAD": "YAUTETELCO", "CLAVE LOC": 212000006, "TIPO DE ASENTAMIENTO": "COMUNIDAD INDIGENA", "NOMBRE": "YAUTETELCO", "MONTO ASIGNADO (PESOS)": 458216, "LATITUD": 19.859667, "LONGITUD": -97.62994 }, "geometry": { "type": "Point", "coordinates": [ -97.62994, 19.859667 ] } },
{ "type": "Feature", "properties": { "NO": 760, "ENTIDAD": "PUEBLA", "MUNICIPIO": "XOCHITLAN DE VICENTE SUAREZ", "PUEBLO INDIGENA O AFROMEXICANO": "NAHUA", "LOCALIDAD": "AMATITAN", "CLAVE LOC": 212020002, "TIPO DE ASENTAMIENTO": "COMUNIDAD INDIGENA", "NOMBRE": "AMATITAN", "MONTO ASIGNADO (PESOS)": 523476, "LATITUD": 19.941328, "LONGITUD": -97.650946 }, "geometry": { "type": "Point", "coordinates": [ -97.650946, 19.941328 ] } },
{ "type": "Feature", "properties": { "NO": 761, "ENTIDAD": "PUEBLA", "MUNICIPIO": "XOCHITLAN DE VICENTE SUAREZ", "PUEBLO INDIGENA O AFROMEXICANO": "NAHUA", "LOCALIDAD": "BONILLAGCO", "CLAVE LOC": 212020020, "TIPO DE ASENTAMIENTO": "COMUNIDAD INDIGENA", "NOMBRE": "BONILLAGCO", "MONTO ASIGNADO (PESOS)": 586824, "LATITUD": 19.935535, "LONGITUD": -97.634067 }, "geometry": { "type": "Point", "coordinates": [ -97.634067, 19.935535 ] } },
{ "type": "Feature", "properties": { "NO": 762, "ENTIDAD": "PUEBLA", "MUNICIPIO": "XOCHITLAN DE VICENTE SUAREZ", "PUEBLO INDIGENA O AFROMEXICANO": "NAHUA", "LOCALIDAD": "HUAHUAXTLA", "CLAVE LOC": 212020003, "TIPO DE ASENTAMIENTO": "COMUNIDAD INDIGENA", "NOMBRE": "HUAHUAXTLA", "MONTO ASIGNADO (PESOS)": 2010173, "LATITUD": 19.915424, "LONGITUD": -97.637385 }, "geometry": { "type": "Point", "coordinates": [ -97.637385, 19.915424 ] } },
{ "type": "Feature", "properties": { "NO": 763, "ENTIDAD": "PUEBLA", "MUNICIPIO": "XOCHITLAN DE VICENTE SUAREZ", "PUEBLO INDIGENA O AFROMEXICANO": "NAHUA", "LOCALIDAD": "HUAPALEGCAN", "CLAVE LOC": 212020004, "TIPO DE ASENTAMIENTO": "COMUNIDAD INDIGENA", "NOMBRE": "HUAPALEGCAN", "MONTO ASIGNADO (PESOS)": 541368, "LATITUD": 19.951374, "LONGITUD": -97.66842 }, "geometry": { "type": "Point", "coordinates": [ -97.66842, 19.951374 ] } },
{ "type": "Feature", "properties": { "NO": 764, "ENTIDAD": "PUEBLA", "MUNICIPIO": "XOCHITLAN DE VICENTE SUAREZ", "PUEBLO INDIGENA O AFROMEXICANO": "NAHUA", "LOCALIDAD": "PAHUATA", "CLAVE LOC": 212020005, "TIPO DE ASENTAMIENTO": "COMUNIDAD INDIGENA", "NOMBRE": "PAHUATA", "MONTO ASIGNADO (PESOS)": 1708970, "LATITUD": 19.940189, "LONGITUD": -97.669955 }, "geometry": { "type": "Point", "coordinates": [ -97.669955, 19.940189 ] } },
{ "type": "Feature", "properties": { "NO": 765, "ENTIDAD": "PUEBLA", "MUNICIPIO": "XOCHITLAN DE VICENTE SUAREZ", "PUEBLO INDIGENA O AFROMEXICANO": "NAHUA", "LOCALIDAD": "SAN FRANCISCO OCOTEPEC (OCOTEPEC DE CARDENAS)", "CLAVE LOC": 212020006, "TIPO DE ASENTAMIENTO": "COMUNIDAD INDIGENA", "NOMBRE": "SAN FRANCISCO OCOTEPEC DE CÁRDENAS", "MONTO ASIGNADO (PESOS)": 588866, "LATITUD": 19.924208, "LONGITUD": -97.646505 }, "geometry": { "type": "Point", "coordinates": [ -97.646505, 19.924208 ] } },
{ "type": "Feature", "properties": { "NO": 766, "ENTIDAD": "PUEBLA", "MUNICIPIO": "XOCHITLAN DE VICENTE SUAREZ", "PUEBLO INDIGENA O AFROMEXICANO": "NAHUA", "LOCALIDAD": "TZONTECOMATA (CUAXUCHPAN)", "CLAVE LOC": 212020007, "TIPO DE ASENTAMIENTO": "COMUNIDAD INDIGENA", "NOMBRE": "TZONTECOMATAN", "MONTO ASIGNADO (PESOS)": 579602, "LATITUD": 19.985851, "LONGITUD": -97.661253 }, "geometry": { "type": "Point", "coordinates": [ -97.661253, 19.985851 ] } },
{ "type": "Feature", "properties": { "NO": 767, "ENTIDAD": "PUEBLA", "MUNICIPIO": "XOCHITLAN DE VICENTE SUAREZ", "PUEBLO INDIGENA O AFROMEXICANO": "NAHUA", "LOCALIDAD": "XALTIPAC", "CLAVE LOC": 212020008, "TIPO DE ASENTAMIENTO": "COMUNIDAD INDIGENA", "NOMBRE": "XALTICPAC", "MONTO ASIGNADO (PESOS)": 382119, "LATITUD": 19.975719, "LONGITUD": -97.653331 }, "geometry": { "type": "Point", "coordinates": [ -97.653331, 19.975719 ] } },
{ "type": "Feature", "properties": { "NO": 768, "ENTIDAD": "PUEBLA", "MUNICIPIO": "XOCHITLAN DE VICENTE SUAREZ", "PUEBLO INDIGENA O AFROMEXICANO": "NAHUA", "LOCALIDAD": "XOCHITLAN DE VICENTE SUAREZ", "CLAVE LOC": 212020001, "TIPO DE ASENTAMIENTO": "COMUNIDAD INDIGENA", "NOMBRE": "XOCHITLÁN DE VICENTE SUÁREZ", "MONTO ASIGNADO (PESOS)": 3027814, "LATITUD": 19.968325, "LONGITUD": -97.630093 }, "geometry": { "type": "Point", "coordinates": [ -97.630093, 19.968325 ] } },
{ "type": "Feature", "properties": { "NO": 769, "ENTIDAD": "PUEBLA", "MUNICIPIO": "XOCHITLAN DE VICENTE SUAREZ", "PUEBLO INDIGENA O AFROMEXICANO": "NAHUA", "LOCALIDAD": "XOCOYOLAPAN (SANTA ISABEL)", "CLAVE LOC": 212020019, "TIPO DE ASENTAMIENTO": "COMUNIDAD INDIGENA", "NOMBRE": "XOCOYOLAPAN", "MONTO ASIGNADO (PESOS)": 314216, "LATITUD": 19.927777, "LONGITUD": -97.636666 }, "geometry": { "type": "Point", "coordinates": [ -97.636666, 19.927777 ] } },
{ "type": "Feature", "properties": { "NO": 770, "ENTIDAD": "PUEBLA", "MUNICIPIO": "XOCHITLAN DE VICENTE SUAREZ", "PUEBLO INDIGENA O AFROMEXICANO": "NAHUA", "LOCALIDAD": "ZOATECPAN", "CLAVE LOC": 212020010, "TIPO DE ASENTAMIENTO": "COMUNIDAD INDIGENA", "NOMBRE": "APOLICAN", "MONTO ASIGNADO (PESOS)": 3708920, "LATITUD": 19.933569, "LONGITUD": -97.620466 }, "geometry": { "type": "Point", "coordinates": [ -97.620466, 19.933569 ] } },
{ "type": "Feature", "properties": { "NO": 771, "ENTIDAD": "PUEBLA", "MUNICIPIO": "YAONAHUAC", "PUEBLO INDIGENA O AFROMEXICANO": "NAHUA", "LOCALIDAD": "ACOCOGTA POCTAN", "CLAVE LOC": 212040021, "TIPO DE ASENTAMIENTO": "COMUNIDAD INDIGENA", "NOMBRE": "ACOCOGTA POCTAN", "MONTO ASIGNADO (PESOS)": 168710, "LATITUD": 19.869829, "LONGITUD": -97.472831 }, "geometry": { "type": "Point", "coordinates": [ -97.472831, 19.869829 ] } },
{ "type": "Feature", "properties": { "NO": 772, "ENTIDAD": "PUEBLA", "MUNICIPIO": "YAONAHUAC", "PUEBLO INDIGENA O AFROMEXICANO": "NAHUA", "LOCALIDAD": "AHUATA", "CLAVE LOC": 212040003, "TIPO DE ASENTAMIENTO": "COMUNIDAD INDIGENA", "NOMBRE": "AHUATA", "MONTO ASIGNADO (PESOS)": 405562, "LATITUD": 19.888968, "LONGITUD": -97.461176 }, "geometry": { "type": "Point", "coordinates": [ -97.461176, 19.888968 ] } },
{ "type": "Feature", "properties": { "NO": 773, "ENTIDAD": "PUEBLA", "MUNICIPIO": "YAONAHUAC", "PUEBLO INDIGENA O AFROMEXICANO": "NAHUA", "LOCALIDAD": "AHUEHUETES", "CLAVE LOC": 212040025, "TIPO DE ASENTAMIENTO": "COMUNIDAD INDIGENA", "NOMBRE": "AHUEHUETES", "MONTO ASIGNADO (PESOS)": 1028814, "LATITUD": 19.872097, "LONGITUD": -97.461776 }, "geometry": { "type": "Point", "coordinates": [ -97.461776, 19.872097 ] } },
{ "type": "Feature", "properties": { "NO": 774, "ENTIDAD": "PUEBLA", "MUNICIPIO": "YAONAHUAC", "PUEBLO INDIGENA O AFROMEXICANO": "NAHUA", "LOCALIDAD": "ATEMEYA", "CLAVE LOC": 212040013, "TIPO DE ASENTAMIENTO": "COMUNIDAD INDIGENA", "NOMBRE": "ATEMEYA", "MONTO ASIGNADO (PESOS)": 255205, "LATITUD": 19.886753, "LONGITUD": -97.47054 }, "geometry": { "type": "Point", "coordinates": [ -97.47054, 19.886753 ] } },
{ "type": "Feature", "properties": { "NO": 775, "ENTIDAD": "PUEBLA", "MUNICIPIO": "YAONAHUAC", "PUEBLO INDIGENA O AFROMEXICANO": "NAHUA", "LOCALIDAD": "ATOTOCOYAN", "CLAVE LOC": 212040004, "TIPO DE ASENTAMIENTO": "COMUNIDAD INDIGENA", "NOMBRE": "ATOTOCOYAN", "MONTO ASIGNADO (PESOS)": 396670, "LATITUD": 19.949444, "LONGITUD": -97.439166 }, "geometry": { "type": "Point", "coordinates": [ -97.439166, 19.949444 ] } },
{ "type": "Feature", "properties": { "NO": 776, "ENTIDAD": "PUEBLA", "MUNICIPIO": "YAONAHUAC", "PUEBLO INDIGENA O AFROMEXICANO": "NAHUA", "LOCALIDAD": "CONTZITZINTAN", "CLAVE LOC": 212040012, "TIPO DE ASENTAMIENTO": "COMUNIDAD INDIGENA", "NOMBRE": "CONTZINTZINTAN", "MONTO ASIGNADO (PESOS)": 189727, "LATITUD": 19.871635, "LONGITUD": -97.455973 }, "geometry": { "type": "Point", "coordinates": [ -97.455973, 19.871635 ] } },
{ "type": "Feature", "properties": { "NO": 777, "ENTIDAD": "PUEBLA", "MUNICIPIO": "YAONAHUAC", "PUEBLO INDIGENA O AFROMEXICANO": "NAHUA", "LOCALIDAD": "HUEYTEPEC", "CLAVE LOC": 212040023, "TIPO DE ASENTAMIENTO": "COMUNIDAD INDIGENA", "NOMBRE": "HUEYTEPEC", "MONTO ASIGNADO (PESOS)": 129100, "LATITUD": 19.962487, "LONGITUD": -97.438324 }, "geometry": { "type": "Point", "coordinates": [ -97.438324, 19.962487 ] } },
{ "type": "Feature", "properties": { "NO": 778, "ENTIDAD": "PUEBLA", "MUNICIPIO": "YAONAHUAC", "PUEBLO INDIGENA O AFROMEXICANO": "NAHUA", "LOCALIDAD": "MAZATONAL", "CLAVE LOC": 212040005, "TIPO DE ASENTAMIENTO": "COMUNIDAD INDIGENA", "NOMBRE": "MAZATONAL", "MONTO ASIGNADO (PESOS)": 155776, "LATITUD": 19.883346, "LONGITUD": -97.459861 }, "geometry": { "type": "Point", "coordinates": [ -97.459861, 19.883346 ] } },
{ "type": "Feature", "properties": { "NO": 779, "ENTIDAD": "PUEBLA", "MUNICIPIO": "YAONAHUAC", "PUEBLO INDIGENA O AFROMEXICANO": "NAHUA", "LOCALIDAD": "OCOTEPEC", "CLAVE LOC": 212040006, "TIPO DE ASENTAMIENTO": "COMUNIDAD INDIGENA", "NOMBRE": "OCOTEPEC", "MONTO ASIGNADO (PESOS)": 227852, "LATITUD": 20.011389, "LONGITUD": -97.606667 }, "geometry": { "type": "Point", "coordinates": [ -97.606667, 20.011389 ] } },
{ "type": "Feature", "properties": { "NO": 780, "ENTIDAD": "PUEBLA", "MUNICIPIO": "YAONAHUAC", "PUEBLO INDIGENA O AFROMEXICANO": "NAHUA", "LOCALIDAD": "TALCOZAMAN", "CLAVE LOC": 212040007, "TIPO DE ASENTAMIENTO": "COMUNIDAD INDIGENA", "NOMBRE": "TALCOZAMAN", "MONTO ASIGNADO (PESOS)": 198619, "LATITUD": 19.864067, "LONGITUD": -97.446854 }, "geometry": { "type": "Point", "coordinates": [ -97.446854, 19.864067 ] } },
{ "type": "Feature", "properties": { "NO": 781, "ENTIDAD": "PUEBLA", "MUNICIPIO": "YAONAHUAC", "PUEBLO INDIGENA O AFROMEXICANO": "NAHUA", "LOCALIDAD": "TATEMPAN", "CLAVE LOC": 212040010, "TIPO DE ASENTAMIENTO": "COMUNIDAD INDIGENA", "NOMBRE": "TATEMPAN.", "MONTO ASIGNADO (PESOS)": 524392, "LATITUD": 19.893917, "LONGITUD": -97.456581 }, "geometry": { "type": "Point", "coordinates": [ -97.456581, 19.893917 ] } },
{ "type": "Feature", "properties": { "NO": 782, "ENTIDAD": "PUEBLA", "MUNICIPIO": "YAONAHUAC", "PUEBLO INDIGENA O AFROMEXICANO": "NAHUA", "LOCALIDAD": "TEPANTILOYAN", "CLAVE LOC": 212040015, "TIPO DE ASENTAMIENTO": "COMUNIDAD INDIGENA", "NOMBRE": "TEPANTILOYAN", "MONTO ASIGNADO (PESOS)": 340084, "LATITUD": 19.869816, "LONGITUD": -97.470689 }, "geometry": { "type": "Point", "coordinates": [ -97.470689, 19.869816 ] } },
{ "type": "Feature", "properties": { "NO": 783, "ENTIDAD": "PUEBLA", "MUNICIPIO": "YAONAHUAC", "PUEBLO INDIGENA O AFROMEXICANO": "NAHUA", "LOCALIDAD": "TETELTIPAN", "CLAVE LOC": 212040009, "TIPO DE ASENTAMIENTO": "COMUNIDAD INDIGENA", "NOMBRE": "TETELTIPAN.", "MONTO ASIGNADO (PESOS)": 373577, "LATITUD": 19.953091, "LONGITUD": -97.428895 }, "geometry": { "type": "Point", "coordinates": [ -97.428895, 19.953091 ] } },
{ "type": "Feature", "properties": { "NO": 784, "ENTIDAD": "PUEBLA", "MUNICIPIO": "YAONAHUAC", "PUEBLO INDIGENA O AFROMEXICANO": "NAHUA", "LOCALIDAD": "TEXUACO", "CLAVE LOC": 212040011, "TIPO DE ASENTAMIENTO": "COMUNIDAD INDIGENA", "NOMBRE": "TEXUACO", "MONTO ASIGNADO (PESOS)": 129100, "LATITUD": 19.960687, "LONGITUD": -97.4205 }, "geometry": { "type": "Point", "coordinates": [ -97.4205, 19.960687 ] } },
{ "type": "Feature", "properties": { "NO": 785, "ENTIDAD": "PUEBLA", "MUNICIPIO": "ZACAPOAXTLA", "PUEBLO INDIGENA O AFROMEXICANO": "NAHUA", "LOCALIDAD": "CALCAHUALCO", "CLAVE LOC": 212070004, "TIPO DE ASENTAMIENTO": "COMUNIDAD INDIGENA", "NOMBRE": "CALCAHUALCO", "MONTO ASIGNADO (PESOS)": 389394, "LATITUD": 19.843845, "LONGITUD": -97.581093 }, "geometry": { "type": "Point", "coordinates": [ -97.581093, 19.843845 ] } },
{ "type": "Feature", "properties": { "NO": 786, "ENTIDAD": "PUEBLA", "MUNICIPIO": "ZACAPOAXTLA", "PUEBLO INDIGENA O AFROMEXICANO": "NAHUA", "LOCALIDAD": "COHUATZALPAN", "CLAVE LOC": 212070029, "TIPO DE ASENTAMIENTO": "COMUNIDAD INDIGENA", "NOMBRE": "COHUATZALPAN", "MONTO ASIGNADO (PESOS)": 414454, "LATITUD": 19.894573, "LONGITUD": -97.569202 }, "geometry": { "type": "Point", "coordinates": [ -97.569202, 19.894573 ] } },
{ "type": "Feature", "properties": { "NO": 787, "ENTIDAD": "PUEBLA", "MUNICIPIO": "ZACAPOAXTLA", "PUEBLO INDIGENA O AFROMEXICANO": "NAHUA", "LOCALIDAD": "CUACUILCO", "CLAVE LOC": 212070006, "TIPO DE ASENTAMIENTO": "COMUNIDAD INDIGENA", "NOMBRE": "CUACUILCO", "MONTO ASIGNADO (PESOS)": 479932, "LATITUD": 19.877514, "LONGITUD": -97.95759 }, "geometry": { "type": "Point", "coordinates": [ -97.95759, 19.877514 ] } },
{ "type": "Feature", "properties": { "NO": 788, "ENTIDAD": "PUEBLA", "MUNICIPIO": "ZACAPOAXTLA", "PUEBLO INDIGENA O AFROMEXICANO": "NAHUA", "LOCALIDAD": "EL MOLINO", "CLAVE LOC": 212070013, "TIPO DE ASENTAMIENTO": "COMUNIDAD INDIGENA", "NOMBRE": "EL MOLINO", "MONTO ASIGNADO (PESOS)": 1457249, "LATITUD": 19.812894, "LONGITUD": -97.580355 }, "geometry": { "type": "Point", "coordinates": [ -97.580355, 19.812894 ] } },
{ "type": "Feature", "properties": { "NO": 789, "ENTIDAD": "PUEBLA", "MUNICIPIO": "ZACAPOAXTLA", "PUEBLO INDIGENA O AFROMEXICANO": "NAHUA", "LOCALIDAD": "EL PROGRESO", "CLAVE LOC": 212070016, "TIPO DE ASENTAMIENTO": "COMUNIDAD INDIGENA", "NOMBRE": "EL PROGRESO", "MONTO ASIGNADO (PESOS)": 792770, "LATITUD": 19.896609, "LONGITUD": -97.543987 }, "geometry": { "type": "Point", "coordinates": [ -97.543987, 19.896609 ] } },
{ "type": "Feature", "properties": { "NO": 790, "ENTIDAD": "PUEBLA", "MUNICIPIO": "ZACAPOAXTLA", "PUEBLO INDIGENA O AFROMEXICANO": "NAHUA", "LOCALIDAD": "FRANCISCO I. MADERO", "CLAVE LOC": 212070007, "TIPO DE ASENTAMIENTO": "COMUNIDAD INDIGENA", "NOMBRE": "FRANCISCO I. MADERO", "MONTO ASIGNADO (PESOS)": 803279, "LATITUD": 19.793746, "LONGITUD": -97.59402 }, "geometry": { "type": "Point", "coordinates": [ -97.59402, 19.793746 ] } },
{ "type": "Feature", "properties": { "NO": 791, "ENTIDAD": "PUEBLA", "MUNICIPIO": "ZACAPOAXTLA", "PUEBLO INDIGENA O AFROMEXICANO": "NAHUA", "LOCALIDAD": "GONZALO BAUTISTA", "CLAVE LOC": 212070008, "TIPO DE ASENTAMIENTO": "COMUNIDAD INDIGENA", "NOMBRE": "GONZALO BAUTISTA", "MONTO ASIGNADO (PESOS)": 467806, "LATITUD": 19.727671, "LONGITUD": -97.593949 }, "geometry": { "type": "Point", "coordinates": [ -97.593949, 19.727671 ] } },
{ "type": "Feature", "properties": { "NO": 792, "ENTIDAD": "PUEBLA", "MUNICIPIO": "ZACAPOAXTLA", "PUEBLO INDIGENA O AFROMEXICANO": "NAHUA", "LOCALIDAD": "HEROES DEL CINCO DE MAYO", "CLAVE LOC": 212070026, "TIPO DE ASENTAMIENTO": "COMUNIDAD INDIGENA", "NOMBRE": "HÉROES DEL CINCO DE MAYO", "MONTO ASIGNADO (PESOS)": 405562, "LATITUD": 19.821684, "LONGITUD": -97.597349 }, "geometry": { "type": "Point", "coordinates": [ -97.597349, 19.821684 ] } },
{ "type": "Feature", "properties": { "NO": 793, "ENTIDAD": "PUEBLA", "MUNICIPIO": "ZACAPOAXTLA", "PUEBLO INDIGENA O AFROMEXICANO": "NAHUA", "LOCALIDAD": "IXTACAPAN", "CLAVE LOC": 212070009, "TIPO DE ASENTAMIENTO": "COMUNIDAD INDIGENA", "NOMBRE": "IXTACAPAN", "MONTO ASIGNADO (PESOS)": 441130, "LATITUD": 19.776777, "LONGITUD": -97.60121 }, "geometry": { "type": "Point", "coordinates": [ -97.60121, 19.776777 ] } },
{ "type": "Feature", "properties": { "NO": 794, "ENTIDAD": "PUEBLA", "MUNICIPIO": "ZACAPOAXTLA", "PUEBLO INDIGENA O AFROMEXICANO": "NAHUA", "LOCALIDAD": "JILOTEPEC", "CLAVE LOC": 212070010, "TIPO DE ASENTAMIENTO": "COMUNIDAD INDIGENA", "NOMBRE": "JILOTEPEC", "MONTO ASIGNADO (PESOS)": 510650, "LATITUD": 19.799959, "LONGITUD": -97.62927 }, "geometry": { "type": "Point", "coordinates": [ -97.62927, 19.799959 ] } },
{ "type": "Feature", "properties": { "NO": 795, "ENTIDAD": "PUEBLA", "MUNICIPIO": "ZACAPOAXTLA", "PUEBLO INDIGENA O AFROMEXICANO": "NAHUA", "LOCALIDAD": "LA LIBERTAD", "CLAVE LOC": 212070011, "TIPO DE ASENTAMIENTO": "COMUNIDAD INDIGENA", "NOMBRE": "LA LIBERTAD", "MONTO ASIGNADO (PESOS)": 2534804, "LATITUD": 20.291316, "LONGITUD": -97.763334 }, "geometry": { "type": "Point", "coordinates": [ -97.763334, 20.291316 ] } },
{ "type": "Feature", "properties": { "NO": 796, "ENTIDAD": "PUEBLA", "MUNICIPIO": "ZACAPOAXTLA", "PUEBLO INDIGENA O AFROMEXICANO": "NAHUA", "LOCALIDAD": "MAZAPA", "CLAVE LOC": 212070027, "TIPO DE ASENTAMIENTO": "COMUNIDAD INDIGENA", "NOMBRE": "MAZAPA", "MONTO ASIGNADO (PESOS)": 328767, "LATITUD": 19.732802, "LONGITUD": -97.592917 }, "geometry": { "type": "Point", "coordinates": [ -97.592917, 19.732802 ] } },
{ "type": "Feature", "properties": { "NO": 797, "ENTIDAD": "PUEBLA", "MUNICIPIO": "ZACAPOAXTLA", "PUEBLO INDIGENA O AFROMEXICANO": "NAHUA", "LOCALIDAD": "NEXPANATENO", "CLAVE LOC": 212070014, "TIPO DE ASENTAMIENTO": "COMUNIDAD INDIGENA", "NOMBRE": "NEXPANATENO", "MONTO ASIGNADO (PESOS)": 324725, "LATITUD": 19.872075, "LONGITUD": -97.614235 }, "geometry": { "type": "Point", "coordinates": [ -97.614235, 19.872075 ] } },
{ "type": "Feature", "properties": { "NO": 798, "ENTIDAD": "PUEBLA", "MUNICIPIO": "ZACAPOAXTLA", "PUEBLO INDIGENA O AFROMEXICANO": "NAHUA", "LOCALIDAD": "NEXTICAPAN", "CLAVE LOC": 212070015, "TIPO DE ASENTAMIENTO": "COMUNIDAD INDIGENA", "NOMBRE": "NEXTICAPAN", "MONTO ASIGNADO (PESOS)": 1056298, "LATITUD": 19.825909, "LONGITUD": -97.555846 }, "geometry": { "type": "Point", "coordinates": [ -97.555846, 19.825909 ] } },
{ "type": "Feature", "properties": { "NO": 799, "ENTIDAD": "PUEBLA", "MUNICIPIO": "ZACAPOAXTLA", "PUEBLO INDIGENA O AFROMEXICANO": "NAHUA", "LOCALIDAD": "SAN FRANCISCO ZACAPEXPAN", "CLAVE LOC": 212070025, "TIPO DE ASENTAMIENTO": "COMUNIDAD INDIGENA", "NOMBRE": "ZACAPEXPAN", "MONTO ASIGNADO (PESOS)": 1998856, "LATITUD": 19.880595, "LONGITUD": -97.595593 }, "geometry": { "type": "Point", "coordinates": [ -97.595593, 19.880595 ] } },
{ "type": "Feature", "properties": { "NO": 800, "ENTIDAD": "PUEBLA", "MUNICIPIO": "ZACAPOAXTLA", "PUEBLO INDIGENA O AFROMEXICANO": "NAHUA", "LOCALIDAD": "SAN JUAN TAHITIC", "CLAVE LOC": 212070017, "TIPO DE ASENTAMIENTO": "COMUNIDAD INDIGENA", "NOMBRE": "SAN JUAN TAHITIC", "MONTO ASIGNADO (PESOS)": 3127276, "LATITUD": 19.936061, "LONGITUD": -97.551398 }, "geometry": { "type": "Point", "coordinates": [ -97.551398, 19.936061 ] } },
{ "type": "Feature", "properties": { "NO": 801, "ENTIDAD": "PUEBLA", "MUNICIPIO": "ZACAPOAXTLA", "PUEBLO INDIGENA O AFROMEXICANO": "NAHUA", "LOCALIDAD": "SANTA CRUZ XALTETELA", "CLAVE LOC": 212070022, "TIPO DE ASENTAMIENTO": "COMUNIDAD INDIGENA", "NOMBRE": "XALTETELA", "MONTO ASIGNADO (PESOS)": 1562337, "LATITUD": 19.874496, "LONGITUD": -97.580774 }, "geometry": { "type": "Point", "coordinates": [ -97.580774, 19.874496 ] } },
{ "type": "Feature", "properties": { "NO": 802, "ENTIDAD": "PUEBLA", "MUNICIPIO": "ZACAPOAXTLA", "PUEBLO INDIGENA O AFROMEXICANO": "NAHUA", "LOCALIDAD": "TATZECUALA", "CLAVE LOC": 212070019, "TIPO DE ASENTAMIENTO": "COMUNIDAD INDIGENA", "NOMBRE": "TATZECUALA", "MONTO ASIGNADO (PESOS)": 752352, "LATITUD": 19.869414, "LONGITUD": -97.537072 }, "geometry": { "type": "Point", "coordinates": [ -97.537072, 19.869414 ] } },
{ "type": "Feature", "properties": { "NO": 803, "ENTIDAD": "PUEBLA", "MUNICIPIO": "ZACAPOAXTLA", "PUEBLO INDIGENA O AFROMEXICANO": "NAHUA", "LOCALIDAD": "TEXOCOYOHUAC", "CLAVE LOC": 212070020, "TIPO DE ASENTAMIENTO": "COMUNIDAD INDIGENA", "NOMBRE": "TEXOCOYOHUAC", "MONTO ASIGNADO (PESOS)": 963336, "LATITUD": 19.777742, "LONGITUD": -97.590342 }, "geometry": { "type": "Point", "coordinates": [ -97.590342, 19.777742 ] } },
{ "type": "Feature", "properties": { "NO": 804, "ENTIDAD": "PUEBLA", "MUNICIPIO": "ZACAPOAXTLA", "PUEBLO INDIGENA O AFROMEXICANO": "NAHUA", "LOCALIDAD": "XALTICPAC", "CLAVE LOC": 212070023, "TIPO DE ASENTAMIENTO": "COMUNIDAD INDIGENA", "NOMBRE": "XALTICPAC", "MONTO ASIGNADO (PESOS)": 962528, "LATITUD": 19.843321, "LONGITUD": -97.595258 }, "geometry": { "type": "Point", "coordinates": [ -97.595258, 19.843321 ] } },
{ "type": "Feature", "properties": { "NO": 805, "ENTIDAD": "PUEBLA", "MUNICIPIO": "ZACAPOAXTLA", "PUEBLO INDIGENA O AFROMEXICANO": "NAHUA", "LOCALIDAD": "XOCHITEPEC", "CLAVE LOC": 212070024, "TIPO DE ASENTAMIENTO": "COMUNIDAD INDIGENA", "NOMBRE": "XOCHITEPEC", "MONTO ASIGNADO (PESOS)": 802471, "LATITUD": 19.922855, "LONGITUD": -97.562113 }, "geometry": { "type": "Point", "coordinates": [ -97.562113, 19.922855 ] } },
{ "type": "Feature", "properties": { "NO": 806, "ENTIDAD": "PUEBLA", "MUNICIPIO": "ZACATLAN", "PUEBLO INDIGENA O AFROMEXICANO": "NAHUA", "LOCALIDAD": "CAMOTEPEC", "CLAVE LOC": 212080007, "TIPO DE ASENTAMIENTO": "COMUNIDAD INDIGENA", "NOMBRE": "CAMOTEPEC", "MONTO ASIGNADO (PESOS)": 343078, "LATITUD": 20.047377, "LONGITUD": -98.06842 }, "geometry": { "type": "Point", "coordinates": [ -98.06842, 20.047377 ] } },
{ "type": "Feature", "properties": { "NO": 807, "ENTIDAD": "PUEBLA", "MUNICIPIO": "ZACATLAN", "PUEBLO INDIGENA O AFROMEXICANO": "NAHUA", "LOCALIDAD": "CRUZTITLA", "CLAVE LOC": 212080008, "TIPO DE ASENTAMIENTO": "COMUNIDAD INDIGENA", "NOMBRE": "CRUZTITLA", "MONTO ASIGNADO (PESOS)": 351401, "LATITUD": 18.417977, "LONGITUD": -96.923627 }, "geometry": { "type": "Point", "coordinates": [ -96.923627, 18.417977 ] } },
{ "type": "Feature", "properties": { "NO": 808, "ENTIDAD": "PUEBLA", "MUNICIPIO": "ZACATLAN", "PUEBLO INDIGENA O AFROMEXICANO": "NAHUA", "LOCALIDAD": "CUACUILA", "CLAVE LOC": 212080009, "TIPO DE ASENTAMIENTO": "COMUNIDAD INDIGENA", "NOMBRE": "CUACUILA", "MONTO ASIGNADO (PESOS)": 875762, "LATITUD": 19.869596, "LONGITUD": -97.869173 }, "geometry": { "type": "Point", "coordinates": [ -97.869173, 19.869596 ] } },
{ "type": "Feature", "properties": { "NO": 809, "ENTIDAD": "PUEBLA", "MUNICIPIO": "ZACATLAN", "PUEBLO INDIGENA O AFROMEXICANO": "NAHUA", "LOCALIDAD": "CUACUILCO", "CLAVE LOC": 212080010, "TIPO DE ASENTAMIENTO": "COMUNIDAD INDIGENA", "NOMBRE": "CUACUILCO", "MONTO ASIGNADO (PESOS)": 162527, "LATITUD": 19.877514, "LONGITUD": -97.95759 }, "geometry": { "type": "Point", "coordinates": [ -97.95759, 19.877514 ] } },
{ "type": "Feature", "properties": { "NO": 810, "ENTIDAD": "PUEBLA", "MUNICIPIO": "ZACATLAN", "PUEBLO INDIGENA O AFROMEXICANO": "NAHUA", "LOCALIDAD": "EJIDO TULIMAN (POTRERO DE QUETZALAPA)", "CLAVE LOC": 212080047, "TIPO DE ASENTAMIENTO": "COMUNIDAD INDIGENA", "NOMBRE": "EJIDO TULIMÁN (POTRERO DE QUETZALAPA)", "MONTO ASIGNADO (PESOS)": 188919, "LATITUD": 19.862505, "LONGITUD": -97.986463 }, "geometry": { "type": "Point", "coordinates": [ -97.986463, 19.862505 ] } },
{ "type": "Feature", "properties": { "NO": 811, "ENTIDAD": "PUEBLA", "MUNICIPIO": "ZACATLAN", "PUEBLO INDIGENA O AFROMEXICANO": "NAHUA", "LOCALIDAD": "JILOTZINGO", "CLAVE LOC": 212080016, "TIPO DE ASENTAMIENTO": "COMUNIDAD INDIGENA", "NOMBRE": "JILOTZINGO", "MONTO ASIGNADO (PESOS)": 3823404, "LATITUD": 20.031627, "LONGITUD": -97.901475 }, "geometry": { "type": "Point", "coordinates": [ -97.901475, 20.031627 ] } },
{ "type": "Feature", "properties": { "NO": 812, "ENTIDAD": "PUEBLA", "MUNICIPIO": "ZACATLAN", "PUEBLO INDIGENA O AFROMEXICANO": "NAHUA", "LOCALIDAD": "OTLATLAN", "CLAVE LOC": 212080023, "TIPO DE ASENTAMIENTO": "COMUNIDAD INDIGENA", "NOMBRE": "OTLATLÁN", "MONTO ASIGNADO (PESOS)": 514277, "LATITUD": 19.854949, "LONGITUD": -97.938794 }, "geometry": { "type": "Point", "coordinates": [ -97.938794, 19.854949 ] } },
{ "type": "Feature", "properties": { "NO": 813, "ENTIDAD": "PUEBLA", "MUNICIPIO": "ZACATLAN", "PUEBLO INDIGENA O AFROMEXICANO": "NAHUA", "LOCALIDAD": "POPOTOHUILCO", "CLAVE LOC": 212080025, "TIPO DE ASENTAMIENTO": "COMUNIDAD INDIGENA", "NOMBRE": "POPOTOHUILCO", "MONTO ASIGNADO (PESOS)": 186396, "LATITUD": 19.863989, "LONGITUD": -97.916695 }, "geometry": { "type": "Point", "coordinates": [ -97.916695, 19.863989 ] } },
{ "type": "Feature", "properties": { "NO": 814, "ENTIDAD": "PUEBLA", "MUNICIPIO": "ZACATLAN", "PUEBLO INDIGENA O AFROMEXICANO": "NAHUA", "LOCALIDAD": "SAN CRISTOBAL XOCHIMILPA", "CLAVE LOC": 212080038, "TIPO DE ASENTAMIENTO": "COMUNIDAD INDIGENA", "NOMBRE": "SAN CRISTÓBAL XOCHIMILPA", "MONTO ASIGNADO (PESOS)": 1295336, "LATITUD": 20.066621, "LONGITUD": -97.907371 }, "geometry": { "type": "Point", "coordinates": [ -97.907371, 20.066621 ] } },
{ "type": "Feature", "properties": { "NO": 815, "ENTIDAD": "PUEBLA", "MUNICIPIO": "ZACATLAN", "PUEBLO INDIGENA O AFROMEXICANO": "NAHUA", "LOCALIDAD": "SAN LORENZO TEPEIXCO", "CLAVE LOC": 212080078, "TIPO DE ASENTAMIENTO": "COMUNIDAD INDIGENA", "NOMBRE": "SAN LORENZO TEPEIXCO", "MONTO ASIGNADO (PESOS)": 289965, "LATITUD": 20.029268, "LONGITUD": -97.931389 }, "geometry": { "type": "Point", "coordinates": [ -97.931389, 20.029268 ] } },
{ "type": "Feature", "properties": { "NO": 816, "ENTIDAD": "PUEBLA", "MUNICIPIO": "ZACATLAN", "PUEBLO INDIGENA O AFROMEXICANO": "NAHUA", "LOCALIDAD": "SAN MIGUEL TENANGO", "CLAVE LOC": 212080029, "TIPO DE ASENTAMIENTO": "COMUNIDAD INDIGENA", "NOMBRE": "SAN MIGUEL TENANGO", "MONTO ASIGNADO (PESOS)": 1650704, "LATITUD": 19.906415, "LONGITUD": -97.939912 }, "geometry": { "type": "Point", "coordinates": [ -97.939912, 19.906415 ] } },
{ "type": "Feature", "properties": { "NO": 817, "ENTIDAD": "PUEBLA", "MUNICIPIO": "ZACATLAN", "PUEBLO INDIGENA O AFROMEXICANO": "NAHUA", "LOCALIDAD": "SANTA CRUZ BUENAVISTA", "CLAVE LOC": 212080079, "TIPO DE ASENTAMIENTO": "COMUNIDAD INDIGENA", "NOMBRE": "SANTA CRUZ BUENA VISTA", "MONTO ASIGNADO (PESOS)": 338402, "LATITUD": 19.831924, "LONGITUD": -97.932163 }, "geometry": { "type": "Point", "coordinates": [ -97.932163, 19.831924 ] } },
{ "type": "Feature", "properties": { "NO": 818, "ENTIDAD": "PUEBLA", "MUNICIPIO": "ZACATLAN", "PUEBLO INDIGENA O AFROMEXICANO": "NAHUA", "LOCALIDAD": "TEPEIXCO", "CLAVE LOC": 212080030, "TIPO DE ASENTAMIENTO": "COMUNIDAD INDIGENA", "NOMBRE": "TEPEIXCO", "MONTO ASIGNADO (PESOS)": 1826195, "LATITUD": 20.028742, "LONGITUD": -97.957815 }, "geometry": { "type": "Point", "coordinates": [ -97.957815, 20.028742 ] } },
{ "type": "Feature", "properties": { "NO": 819, "ENTIDAD": "PUEBLA", "MUNICIPIO": "ZACATLAN", "PUEBLO INDIGENA O AFROMEXICANO": "NAHUA", "LOCALIDAD": "TEPETLA", "CLAVE LOC": 212080122, "TIPO DE ASENTAMIENTO": "COMUNIDAD INDIGENA", "NOMBRE": "TEPETLA", "MONTO ASIGNADO (PESOS)": 242927, "LATITUD": 20.053261, "LONGITUD": -97.948236 }, "geometry": { "type": "Point", "coordinates": [ -97.948236, 20.053261 ] } },
{ "type": "Feature", "properties": { "NO": 820, "ENTIDAD": "PUEBLA", "MUNICIPIO": "ZACATLAN", "PUEBLO INDIGENA O AFROMEXICANO": "NAHUA", "LOCALIDAD": "TETELANCINGO", "CLAVE LOC": 212080032, "TIPO DE ASENTAMIENTO": "COMUNIDAD INDIGENA", "NOMBRE": "TETELANCINGO", "MONTO ASIGNADO (PESOS)": 255489, "LATITUD": 19.891865, "LONGITUD": -97.870607 }, "geometry": { "type": "Point", "coordinates": [ -97.870607, 19.891865 ] } },
{ "type": "Feature", "properties": { "NO": 821, "ENTIDAD": "PUEBLA", "MUNICIPIO": "ZACATLAN", "PUEBLO INDIGENA O AFROMEXICANO": "NAHUA", "LOCALIDAD": "TLALIXTLIPA", "CLAVE LOC": 212080034, "TIPO DE ASENTAMIENTO": "COMUNIDAD INDIGENA", "NOMBRE": "TLALIXTLIPA", "MONTO ASIGNADO (PESOS)": 1534225, "LATITUD": 20.013109, "LONGITUD": -97.980956 }, "geometry": { "type": "Point", "coordinates": [ -97.980956, 20.013109 ] } },
{ "type": "Feature", "properties": { "NO": 822, "ENTIDAD": "PUEBLA", "MUNICIPIO": "ZACATLAN", "PUEBLO INDIGENA O AFROMEXICANO": "NAHUA", "LOCALIDAD": "TOMATLAN", "CLAVE LOC": 212080036, "TIPO DE ASENTAMIENTO": "COMUNIDAD INDIGENA", "NOMBRE": "TOMATLÁN", "MONTO ASIGNADO (PESOS)": 3847446, "LATITUD": 19.893895, "LONGITUD": -97.973544 }, "geometry": { "type": "Point", "coordinates": [ -97.973544, 19.893895 ] } },
{ "type": "Feature", "properties": { "NO": 823, "ENTIDAD": "PUEBLA", "MUNICIPIO": "ZACATLAN", "PUEBLO INDIGENA O AFROMEXICANO": "NAHUA", "LOCALIDAD": "TULIMAN", "CLAVE LOC": 212080037, "TIPO DE ASENTAMIENTO": "COMUNIDAD INDIGENA", "NOMBRE": "TULIMÁN", "MONTO ASIGNADO (PESOS)": 261771, "LATITUD": 19.917184, "LONGITUD": -97.902316 }, "geometry": { "type": "Point", "coordinates": [ -97.902316, 19.917184 ] } },
{ "type": "Feature", "properties": { "NO": 824, "ENTIDAD": "PUEBLA", "MUNICIPIO": "ZACATLAN", "PUEBLO INDIGENA O AFROMEXICANO": "NAHUA", "LOCALIDAD": "XONOTLA", "CLAVE LOC": 212080039, "TIPO DE ASENTAMIENTO": "COMUNIDAD INDIGENA", "NOMBRE": "XONOTLA", "MONTO ASIGNADO (PESOS)": 642414, "LATITUD": 19.917184, "LONGITUD": -97.902316 }, "geometry": { "type": "Point", "coordinates": [ -97.902316, 19.917184 ] } },
{ "type": "Feature", "properties": { "NO": 825, "ENTIDAD": "PUEBLA", "MUNICIPIO": "ZACATLAN", "PUEBLO INDIGENA O AFROMEXICANO": "NAHUA", "LOCALIDAD": "YEHUALA", "CLAVE LOC": 212080041, "TIPO DE ASENTAMIENTO": "COMUNIDAD INDIGENA", "NOMBRE": "YEHUALA", "MONTO ASIGNADO (PESOS)": 277839, "LATITUD": 19.898226, "LONGITUD": -97.891216 }, "geometry": { "type": "Point", "coordinates": [ -97.891216, 19.898226 ] } },
{ "type": "Feature", "properties": { "NO": 826, "ENTIDAD": "PUEBLA", "MUNICIPIO": "ZACATLAN", "PUEBLO INDIGENA O AFROMEXICANO": "NAHUA", "LOCALIDAD": "ZOQUITLA", "CLAVE LOC": 212080042, "TIPO DE ASENTAMIENTO": "COMUNIDAD INDIGENA", "NOMBRE": "ZOQUITLA", "MONTO ASIGNADO (PESOS)": 611008, "LATITUD": 19.887383, "LONGITUD": -97.906498 }, "geometry": { "type": "Point", "coordinates": [ -97.906498, 19.887383 ] } },
{ "type": "Feature", "properties": { "NO": 827, "ENTIDAD": "PUEBLA", "MUNICIPIO": "ZAPOTITLAN", "PUEBLO INDIGENA O AFROMEXICANO": "POPOLOCA", "LOCALIDAD": "LOS REYES METZONTLA", "CLAVE LOC": 212090007, "TIPO DE ASENTAMIENTO": "COMUNIDAD INDIGENA", "NOMBRE": "LOS REYES METZONTLA", "MONTO ASIGNADO (PESOS)": 1517728, "LATITUD": 18.225474, "LONGITUD": -97.487361 }, "geometry": { "type": "Point", "coordinates": [ -97.487361, 18.225474 ] } },
{ "type": "Feature", "properties": { "NO": 828, "ENTIDAD": "PUEBLA", "MUNICIPIO": "ZAPOTITLAN", "PUEBLO INDIGENA O AFROMEXICANO": "POPOLOCA", "LOCALIDAD": "SAN ANTONIO TEXCALA", "CLAVE LOC": 212090008, "TIPO DE ASENTAMIENTO": "COMUNIDAD INDIGENA", "NOMBRE": "SAN ANTONIO TEXCALA", "MONTO ASIGNADO (PESOS)": 1419017, "LATITUD": 18.396389, "LONGITUD": -97.44498 }, "geometry": { "type": "Point", "coordinates": [ -97.44498, 18.396389 ] } },
{ "type": "Feature", "properties": { "NO": 829, "ENTIDAD": "PUEBLA", "MUNICIPIO": "ZAPOTITLAN", "PUEBLO INDIGENA O AFROMEXICANO": "MIXTECO", "LOCALIDAD": "SAN PEDRO ATZUMBA", "CLAVE LOC": 212090011, "TIPO DE ASENTAMIENTO": "COMUNIDAD INDIGENA", "NOMBRE": "SAN PEDRO ATZUMBA", "MONTO ASIGNADO (PESOS)": 2112463, "LATITUD": 18.159197, "LONGITUD": -97.583245 }, "geometry": { "type": "Point", "coordinates": [ -97.583245, 18.159197 ] } },
{ "type": "Feature", "properties": { "NO": 830, "ENTIDAD": "PUEBLA", "MUNICIPIO": "ZAPOTITLAN", "PUEBLO INDIGENA O AFROMEXICANO": "NAHUA", "LOCALIDAD": "XOCHILTEPEC (SAN FRANCISCO)", "CLAVE LOC": 212090014, "TIPO DE ASENTAMIENTO": "COMUNIDAD INDIGENA", "NOMBRE": "SAN FRANCISCO XOCHILTEPEC", "MONTO ASIGNADO (PESOS)": 265539, "LATITUD": 18.244717, "LONGITUD": -97.445527 }, "geometry": { "type": "Point", "coordinates": [ -97.445527, 18.244717 ] } },
{ "type": "Feature", "properties": { "NO": 831, "ENTIDAD": "PUEBLA", "MUNICIPIO": "ZAPOTITLAN", "PUEBLO INDIGENA O AFROMEXICANO": "POPOLOCA", "LOCALIDAD": "ZAPOTITLAN SALINAS", "CLAVE LOC": 212090001, "TIPO DE ASENTAMIENTO": "COMUNIDAD INDIGENA", "NOMBRE": "ZAPOTITLÁN SALINAS", "MONTO ASIGNADO (PESOS)": 1293900, "LATITUD": 18.329708, "LONGITUD": -97.47542 }, "geometry": { "type": "Point", "coordinates": [ -97.47542, 18.329708 ] } },
{ "type": "Feature", "properties": { "NO": 832, "ENTIDAD": "PUEBLA", "MUNICIPIO": "ZAPOTITLAN DE MENDEZ", "PUEBLO INDIGENA O AFROMEXICANO": "TOTONACO", "LOCALIDAD": "NANACATLAN", "CLAVE LOC": 212100002, "TIPO DE ASENTAMIENTO": "COMUNIDAD INDIGENA", "NOMBRE": "NANACATLAN", "MONTO ASIGNADO (PESOS)": 1072466, "LATITUD": 20.003888, "LONGITUD": -97.676083 }, "geometry": { "type": "Point", "coordinates": [ -97.676083, 20.003888 ] } },
{ "type": "Feature", "properties": { "NO": 833, "ENTIDAD": "PUEBLA", "MUNICIPIO": "ZAPOTITLAN DE MENDEZ", "PUEBLO INDIGENA O AFROMEXICANO": "TOTONACO", "LOCALIDAD": "TUXTLA", "CLAVE LOC": 212100003, "TIPO DE ASENTAMIENTO": "COMUNIDAD INDIGENA", "NOMBRE": "TUXTLA", "MONTO ASIGNADO (PESOS)": 2077268, "LATITUD": 20.000757, "LONGITUD": -97.65534 }, "geometry": { "type": "Point", "coordinates": [ -97.65534, 20.000757 ] } },
{ "type": "Feature", "properties": { "NO": 834, "ENTIDAD": "PUEBLA", "MUNICIPIO": "ZAPOTITLAN DE MENDEZ", "PUEBLO INDIGENA O AFROMEXICANO": "TOTONACO", "LOCALIDAD": "ZAPOTITLAN DE MENDEZ", "CLAVE LOC": 212100004, "TIPO DE ASENTAMIENTO": "LOCALIDAD CON POBLACION\nINDIGENA", "NOMBRE": "ZAPOTITLAN DE MENDEZ", "MONTO ASIGNADO (PESOS)": 276223, "LATITUD": 20.001936, "LONGITUD": -97.716951 }, "geometry": { "type": "Point", "coordinates": [ -97.716951, 20.001936 ] } },
{ "type": "Feature", "properties": { "NO": 835, "ENTIDAD": "PUEBLA", "MUNICIPIO": "ZARAGOZA", "PUEBLO INDIGENA O AFROMEXICANO": "NAHUA", "LOCALIDAD": "MORELOS", "CLAVE LOC": 212110005, "TIPO DE ASENTAMIENTO": "COMUNIDAD INDIGENA", "NOMBRE": "MORELOS", "MONTO ASIGNADO (PESOS)": 1395005, "LATITUD": 19.755348, "LONGITUD": -97.577797 }, "geometry": { "type": "Point", "coordinates": [ -97.577797, 19.755348 ] } },
{ "type": "Feature", "properties": { "NO": 836, "ENTIDAD": "PUEBLA", "MUNICIPIO": "ZAUTLA", "PUEBLO INDIGENA O AFROMEXICANO": "NAHUA", "LOCALIDAD": "ACATZACATA", "CLAVE LOC": 212120002, "TIPO DE ASENTAMIENTO": "COMUNIDAD INDIGENA", "NOMBRE": "ACATZACATA", "MONTO ASIGNADO (PESOS)": 239846, "LATITUD": 19.727073, "LONGITUD": -97.680925 }, "geometry": { "type": "Point", "coordinates": [ -97.680925, 19.727073 ] } },
{ "type": "Feature", "properties": { "NO": 837, "ENTIDAD": "PUEBLA", "MUNICIPIO": "ZAUTLA", "PUEBLO INDIGENA O AFROMEXICANO": "NAHUA", "LOCALIDAD": "APANTZINGO", "CLAVE LOC": 212120003, "TIPO DE ASENTAMIENTO": "COMUNIDAD INDIGENA", "NOMBRE": "APANTZINGO", "MONTO ASIGNADO (PESOS)": 173833, "LATITUD": 19.68703, "LONGITUD": -97.669708 }, "geometry": { "type": "Point", "coordinates": [ -97.669708, 19.68703 ] } },
{ "type": "Feature", "properties": { "NO": 838, "ENTIDAD": "PUEBLA", "MUNICIPIO": "ZAUTLA", "PUEBLO INDIGENA O AFROMEXICANO": "NAHUA", "LOCALIDAD": "ATEMOLONI", "CLAVE LOC": 212120033, "TIPO DE ASENTAMIENTO": "COMUNIDAD INDIGENA", "NOMBRE": "ATEMOLONI", "MONTO ASIGNADO (PESOS)": 122633, "LATITUD": 19.695841, "LONGITUD": -97.659703 }, "geometry": { "type": "Point", "coordinates": [ -97.659703, 19.695841 ] } },
{ "type": "Feature", "properties": { "NO": 839, "ENTIDAD": "PUEBLA", "MUNICIPIO": "ZAUTLA", "PUEBLO INDIGENA O AFROMEXICANO": "NAHUA", "LOCALIDAD": "BUENA VISTA", "CLAVE LOC": 212120004, "TIPO DE ASENTAMIENTO": "COMUNIDAD INDIGENA", "NOMBRE": "BUENA VISTA", "MONTO ASIGNADO (PESOS)": 327096, "LATITUD": 19.737722, "LONGITUD": -97.7234 }, "geometry": { "type": "Point", "coordinates": [ -97.7234, 19.737722 ] } },
{ "type": "Feature", "properties": { "NO": 840, "ENTIDAD": "PUEBLA", "MUNICIPIO": "ZAUTLA", "PUEBLO INDIGENA O AFROMEXICANO": "NAHUA", "LOCALIDAD": "CRUZ BLANCA", "CLAVE LOC": 212120006, "TIPO DE ASENTAMIENTO": "COMUNIDAD INDIGENA", "NOMBRE": "CRUZ BLANCA", "MONTO ASIGNADO (PESOS)": 408795, "LATITUD": 19.718426, "LONGITUD": -97.608946 }, "geometry": { "type": "Point", "coordinates": [ -97.608946, 19.718426 ] } },
{ "type": "Feature", "properties": { "NO": 841, "ENTIDAD": "PUEBLA", "MUNICIPIO": "ZAUTLA", "PUEBLO INDIGENA O AFROMEXICANO": "NAHUA", "LOCALIDAD": "GUADALUPE HIDALGO", "CLAVE LOC": 212120011, "TIPO DE ASENTAMIENTO": "COMUNIDAD INDIGENA", "NOMBRE": "GUADALUPE HIDALGO", "MONTO ASIGNADO (PESOS)": 220314, "LATITUD": 19.766356, "LONGITUD": -97.73231 }, "geometry": { "type": "Point", "coordinates": [ -97.73231, 19.766356 ] } },
{ "type": "Feature", "properties": { "NO": 842, "ENTIDAD": "PUEBLA", "MUNICIPIO": "ZAUTLA", "PUEBLO INDIGENA O AFROMEXICANO": "NAHUA", "LOCALIDAD": "IXTACTENANGO", "CLAVE LOC": 212120013, "TIPO DE ASENTAMIENTO": "COMUNIDAD INDIGENA", "NOMBRE": "IXTACTENANGO", "MONTO ASIGNADO (PESOS)": 281871, "LATITUD": 19.754836, "LONGITUD": -97.715499 }, "geometry": { "type": "Point", "coordinates": [ -97.715499, 19.754836 ] } },
{ "type": "Feature", "properties": { "NO": 843, "ENTIDAD": "PUEBLA", "MUNICIPIO": "ZAUTLA", "PUEBLO INDIGENA O AFROMEXICANO": "NAHUA", "LOCALIDAD": "JALCOMULCO", "CLAVE LOC": 212120014, "TIPO DE ASENTAMIENTO": "COMUNIDAD INDIGENA", "NOMBRE": "JALCOMULCO", "MONTO ASIGNADO (PESOS)": 278648, "LATITUD": 19.784979, "LONGITUD": -97.683059 }, "geometry": { "type": "Point", "coordinates": [ -97.683059, 19.784979 ] } },
{ "type": "Feature", "properties": { "NO": 844, "ENTIDAD": "PUEBLA", "MUNICIPIO": "ZAUTLA", "PUEBLO INDIGENA O AFROMEXICANO": "NAHUA", "LOCALIDAD": "JUAN FRANCISCO LUCAS", "CLAVE LOC": 212120031, "TIPO DE ASENTAMIENTO": "COMUNIDAD INDIGENA", "NOMBRE": "JUAN FRANCISCO LUCAS", "MONTO ASIGNADO (PESOS)": 253588, "LATITUD": 19.79029, "LONGITUD": -97.71036 }, "geometry": { "type": "Point", "coordinates": [ -97.71036, 19.79029 ] } },
{ "type": "Feature", "properties": { "NO": 845, "ENTIDAD": "PUEBLA", "MUNICIPIO": "ZAUTLA", "PUEBLO INDIGENA O AFROMEXICANO": "NAHUA", "LOCALIDAD": "LOMA BONITA", "CLAVE LOC": 212120038, "TIPO DE ASENTAMIENTO": "COMUNIDAD INDIGENA", "NOMBRE": "LOMA BONITA", "MONTO ASIGNADO (PESOS)": 160014, "LATITUD": 20.280382, "LONGITUD": -97.830863 }, "geometry": { "type": "Point", "coordinates": [ -97.830863, 20.280382 ] } },
{ "type": "Feature", "properties": { "NO": 846, "ENTIDAD": "PUEBLA", "MUNICIPIO": "ZAUTLA", "PUEBLO INDIGENA O AFROMEXICANO": "NAHUA", "LOCALIDAD": "MICUAHUTLA (LA CUMBRE)", "CLAVE LOC": 212120048, "TIPO DE ASENTAMIENTO": "COMUNIDAD INDIGENA", "NOMBRE": "MICUAHUTLA", "MONTO ASIGNADO (PESOS)": 133633, "LATITUD": 19.655863, "LONGITUD": -97.625497 }, "geometry": { "type": "Point", "coordinates": [ -97.625497, 19.655863 ] } },
{ "type": "Feature", "properties": { "NO": 847, "ENTIDAD": "PUEBLA", "MUNICIPIO": "ZAUTLA", "PUEBLO INDIGENA O AFROMEXICANO": "NAHUA", "LOCALIDAD": "OCOTZINGO", "CLAVE LOC": 212120018, "TIPO DE ASENTAMIENTO": "COMUNIDAD INDIGENA", "NOMBRE": "OCOTZINGO", "MONTO ASIGNADO (PESOS)": 318302, "LATITUD": 19.755307, "LONGITUD": -97.684711 }, "geometry": { "type": "Point", "coordinates": [ -97.684711, 19.755307 ] } },
{ "type": "Feature", "properties": { "NO": 848, "ENTIDAD": "PUEBLA", "MUNICIPIO": "ZAUTLA", "PUEBLO INDIGENA O AFROMEXICANO": "NAHUA", "LOCALIDAD": "OXPANTLA", "CLAVE LOC": 212120019, "TIPO DE ASENTAMIENTO": "COMUNIDAD INDIGENA", "NOMBRE": "OXPANTA", "MONTO ASIGNADO (PESOS)": 327150, "LATITUD": 19.675853, "LONGITUD": -97.653841 }, "geometry": { "type": "Point", "coordinates": [ -97.653841, 19.675853 ] } },
{ "type": "Feature", "properties": { "NO": 849, "ENTIDAD": "PUEBLA", "MUNICIPIO": "ZAUTLA", "PUEBLO INDIGENA O AFROMEXICANO": "NAHUA", "LOCALIDAD": "PANTIJACAN", "CLAVE LOC": 212120020, "TIPO DE ASENTAMIENTO": "COMUNIDAD INDIGENA", "NOMBRE": "PANTIJACAN", "MONTO ASIGNADO (PESOS)": 134758, "LATITUD": 19.705808, "LONGITUD": -97.678712 }, "geometry": { "type": "Point", "coordinates": [ -97.678712, 19.705808 ] } },
{ "type": "Feature", "properties": { "NO": 850, "ENTIDAD": "PUEBLA", "MUNICIPIO": "ZAUTLA", "PUEBLO INDIGENA O AFROMEXICANO": "NAHUA", "LOCALIDAD": "ROSA DE CASTILLA", "CLAVE LOC": 212120021, "TIPO DE ASENTAMIENTO": "COMUNIDAD INDIGENA", "NOMBRE": "ROSA DE CASTILLA", "MONTO ASIGNADO (PESOS)": 740402, "LATITUD": 19.7875, "LONGITUD": -97.652778 }, "geometry": { "type": "Point", "coordinates": [ -97.652778, 19.7875 ] } },
{ "type": "Feature", "properties": { "NO": 851, "ENTIDAD": "PUEBLA", "MUNICIPIO": "ZAUTLA", "PUEBLO INDIGENA O AFROMEXICANO": "NAHUA", "LOCALIDAD": "SAN FRANCISCO DEL PROGRESO", "CLAVE LOC": 212120022, "TIPO DE ASENTAMIENTO": "COMUNIDAD INDIGENA", "NOMBRE": "SAN FRANCISCO DEL PROGRESO", "MONTO ASIGNADO (PESOS)": 130716, "LATITUD": 19.728878, "LONGITUD": -97.609117 }, "geometry": { "type": "Point", "coordinates": [ -97.609117, 19.728878 ] } },
{ "type": "Feature", "properties": { "NO": 852, "ENTIDAD": "PUEBLA", "MUNICIPIO": "ZAUTLA", "PUEBLO INDIGENA O AFROMEXICANO": "NAHUA", "LOCALIDAD": "SAN FRANCISCO DEL PROGRESO", "CLAVE LOC": 212120022, "TIPO DE ASENTAMIENTO": "COMUNIDAD INDIGENA", "NOMBRE": "ZAYOLAPAN", "MONTO ASIGNADO (PESOS)": 890583, "LATITUD": 19.728878, "LONGITUD": -97.609117 }, "geometry": { "type": "Point", "coordinates": [ -97.609117, 19.728878 ] } },
{ "type": "Feature", "properties": { "NO": 853, "ENTIDAD": "PUEBLA", "MUNICIPIO": "ZAUTLA", "PUEBLO INDIGENA O AFROMEXICANO": "NAHUA", "LOCALIDAD": "SANTA INES MORELOS", "CLAVE LOC": 212120017, "TIPO DE ASENTAMIENTO": "COMUNIDAD INDIGENA", "NOMBRE": "SANTA INÉS MORELOS", "MONTO ASIGNADO (PESOS)": 290664, "LATITUD": 19.761507, "LONGITUD": -97.691409 }, "geometry": { "type": "Point", "coordinates": [ -97.691409, 19.761507 ] } },
{ "type": "Feature", "properties": { "NO": 854, "ENTIDAD": "PUEBLA", "MUNICIPIO": "ZAUTLA", "PUEBLO INDIGENA O AFROMEXICANO": "NAHUA", "LOCALIDAD": "TAGCOTEPEC", "CLAVE LOC": 212120025, "TIPO DE ASENTAMIENTO": "COMUNIDAD INDIGENA", "NOMBRE": "TAGCOTEPEC", "MONTO ASIGNADO (PESOS)": 808239, "LATITUD": 19.735994, "LONGITUD": -97.633276 }, "geometry": { "type": "Point", "coordinates": [ -97.633276, 19.735994 ] } },
{ "type": "Feature", "properties": { "NO": 855, "ENTIDAD": "PUEBLA", "MUNICIPIO": "ZAUTLA", "PUEBLO INDIGENA O AFROMEXICANO": "NAHUA", "LOCALIDAD": "TENAMPULCO", "CLAVE LOC": 212120026, "TIPO DE ASENTAMIENTO": "COMUNIDAD INDIGENA", "NOMBRE": "TENAMPULCO", "MONTO ASIGNADO (PESOS)": 856153, "LATITUD": 19.72583, "LONGITUD": -97.693917 }, "geometry": { "type": "Point", "coordinates": [ -97.693917, 19.72583 ] } },
{ "type": "Feature", "properties": { "NO": 856, "ENTIDAD": "PUEBLA", "MUNICIPIO": "ZAUTLA", "PUEBLO INDIGENA O AFROMEXICANO": "NAHUA", "LOCALIDAD": "TIACO", "CLAVE LOC": 212120049, "TIPO DE ASENTAMIENTO": "LOCALIDAD CON POBLACION\nINDIGENA", "NOMBRE": "TIACO", "MONTO ASIGNADO (PESOS)": 157502, "LATITUD": 19.774544, "LONGITUD": -97.699603 }, "geometry": { "type": "Point", "coordinates": [ -97.699603, 19.774544 ] } },
{ "type": "Feature", "properties": { "NO": 857, "ENTIDAD": "PUEBLA", "MUNICIPIO": "ZAUTLA", "PUEBLO INDIGENA O AFROMEXICANO": "NAHUA", "LOCALIDAD": "TIHUAPAN", "CLAVE LOC": 212120052, "TIPO DE ASENTAMIENTO": "COMUNIDAD INDIGENA", "NOMBRE": "TIHUAPÁN", "MONTO ASIGNADO (PESOS)": 726583, "LATITUD": 19.703816, "LONGITUD": -97.607081 }, "geometry": { "type": "Point", "coordinates": [ -97.607081, 19.703816 ] } },
{ "type": "Feature", "properties": { "NO": 858, "ENTIDAD": "PUEBLA", "MUNICIPIO": "ZAUTLA", "PUEBLO INDIGENA O AFROMEXICANO": "NAHUA", "LOCALIDAD": "ZAYOLAPAN", "CLAVE LOC": 212120030, "TIPO DE ASENTAMIENTO": "LOCALIDAD CON POBLACION\nINDIGENA", "NOMBRE": "ZAYOLAPAN", "MONTO ASIGNADO (PESOS)": 392421, "LATITUD": 19.761111, "LONGITUD": -97.617496 }, "geometry": { "type": "Point", "coordinates": [ -97.617496, 19.761111 ] } },
{ "type": "Feature", "properties": { "NO": 859, "ENTIDAD": "PUEBLA", "MUNICIPIO": "ZIHUATEUTLA", "PUEBLO INDIGENA O AFROMEXICANO": "TOTONACO", "LOCALIDAD": "CACAHUATLAN", "CLAVE LOC": 212130003, "TIPO DE ASENTAMIENTO": "COMUNIDAD INDIGENA", "NOMBRE": "CACAHUATLÁN", "MONTO ASIGNADO (PESOS)": 274606, "LATITUD": 20.251129, "LONGITUD": -97.869965 }, "geometry": { "type": "Point", "coordinates": [ -97.869965, 20.251129 ] } },
{ "type": "Feature", "properties": { "NO": 860, "ENTIDAD": "PUEBLA", "MUNICIPIO": "ZIHUATEUTLA", "PUEBLO INDIGENA O AFROMEXICANO": "TOTONACO", "LOCALIDAD": "CUATECHALOTLA", "CLAVE LOC": 212130006, "TIPO DE ASENTAMIENTO": "COMUNIDAD INDIGENA", "NOMBRE": "CUATECHALOTLA", "MONTO ASIGNADO (PESOS)": 176793, "LATITUD": 20.243436, "LONGITUD": -97.86252 }, "geometry": { "type": "Point", "coordinates": [ -97.86252, 20.243436 ] } },
{ "type": "Feature", "properties": { "NO": 861, "ENTIDAD": "PUEBLA", "MUNICIPIO": "ZIHUATEUTLA", "PUEBLO INDIGENA O AFROMEXICANO": "NAHUA", "LOCALIDAD": "CUAUNEPIXCA (LA CUMBRE)", "CLAVE LOC": 212130007, "TIPO DE ASENTAMIENTO": "COMUNIDAD INDIGENA", "NOMBRE": "CUAUNEPIXCA", "MONTO ASIGNADO (PESOS)": 547835, "LATITUD": 20.309135, "LONGITUD": -97.842699 }, "geometry": { "type": "Point", "coordinates": [ -97.842699, 20.309135 ] } },
{ "type": "Feature", "properties": { "NO": 862, "ENTIDAD": "PUEBLA", "MUNICIPIO": "ZIHUATEUTLA", "PUEBLO INDIGENA O AFROMEXICANO": "NAHUA", "LOCALIDAD": "LA LAGUNA", "CLAVE LOC": 212130009, "TIPO DE ASENTAMIENTO": "COMUNIDAD INDIGENA", "NOMBRE": "LA LAGUNA", "MONTO ASIGNADO (PESOS)": 356251, "LATITUD": 20.368886, "LONGITUD": -97.759157 }, "geometry": { "type": "Point", "coordinates": [ -97.759157, 20.368886 ] } },
{ "type": "Feature", "properties": { "NO": 863, "ENTIDAD": "PUEBLA", "MUNICIPIO": "ZIHUATEUTLA", "PUEBLO INDIGENA O AFROMEXICANO": "TOTONACO", "LOCALIDAD": "LOS MANGUITOS", "CLAVE LOC": 212130045, "TIPO DE ASENTAMIENTO": "COMUNIDAD INDIGENA", "NOMBRE": "LOS MANGUITOS", "MONTO ASIGNADO (PESOS)": 276846, "LATITUD": 20.280773, "LONGITUD": -97.805136 }, "geometry": { "type": "Point", "coordinates": [ -97.805136, 20.280773 ] } },
{ "type": "Feature", "properties": { "NO": 864, "ENTIDAD": "PUEBLA", "MUNICIPIO": "ZIHUATEUTLA", "PUEBLO INDIGENA O AFROMEXICANO": "TOTONACO", "LOCALIDAD": "NANACATEPEC", "CLAVE LOC": 212130012, "TIPO DE ASENTAMIENTO": "COMUNIDAD INDIGENA", "NOMBRE": "NANACATEPEC", "MONTO ASIGNADO (PESOS)": 250464, "LATITUD": 20.31374, "LONGITUD": -97.750591 }, "geometry": { "type": "Point", "coordinates": [ -97.750591, 20.31374 ] } },
{ "type": "Feature", "properties": { "NO": 865, "ENTIDAD": "PUEBLA", "MUNICIPIO": "ZIHUATEUTLA", "PUEBLO INDIGENA O AFROMEXICANO": "TOTONACO", "LOCALIDAD": "OCOMANTLA", "CLAVE LOC": 212130013, "TIPO DE ASENTAMIENTO": "COMUNIDAD INDIGENA", "NOMBRE": "OCOMANTLA", "MONTO ASIGNADO (PESOS)": 564002, "LATITUD": 20.244338, "LONGITUD": -97.8951 }, "geometry": { "type": "Point", "coordinates": [ -97.8951, 20.244338 ] } },
{ "type": "Feature", "properties": { "NO": 866, "ENTIDAD": "PUEBLA", "MUNICIPIO": "ZIHUATEUTLA", "PUEBLO INDIGENA O AFROMEXICANO": "TOTONACO", "LOCALIDAD": "SAN ANDRES", "CLAVE LOC": 212130140, "TIPO DE ASENTAMIENTO": "COMUNIDAD INDIGENA", "NOMBRE": "SAN ANDRÉS DE LOS PUENTES", "MONTO ASIGNADO (PESOS)": 210264, "LATITUD": 20.279994, "LONGITUD": -97.808416 }, "geometry": { "type": "Point", "coordinates": [ -97.808416, 20.279994 ] } },
{ "type": "Feature", "properties": { "NO": 867, "ENTIDAD": "PUEBLA", "MUNICIPIO": "ZIHUATEUTLA", "PUEBLO INDIGENA O AFROMEXICANO": "TOTONACO", "LOCALIDAD": "TECPATLAN", "CLAVE LOC": 212130014, "TIPO DE ASENTAMIENTO": "COMUNIDAD INDIGENA", "NOMBRE": "TECPATLAN", "MONTO ASIGNADO (PESOS)": 597145, "LATITUD": 20.238903, "LONGITUD": -97.867446 }, "geometry": { "type": "Point", "coordinates": [ -97.867446, 20.238903 ] } },
{ "type": "Feature", "properties": { "NO": 868, "ENTIDAD": "PUEBLA", "MUNICIPIO": "ZIHUATEUTLA", "PUEBLO INDIGENA O AFROMEXICANO": "TOTONACO", "LOCALIDAD": "TECUANTLA", "CLAVE LOC": 212130131, "TIPO DE ASENTAMIENTO": "LOCALIDAD CON POBLACION\nINDIGENA", "NOMBRE": "TECUANTLA", "MONTO ASIGNADO (PESOS)": 158758, "LATITUD": 20.273055, "LONGITUD": -97.774444 }, "geometry": { "type": "Point", "coordinates": [ -97.774444, 20.273055 ] } },
{ "type": "Feature", "properties": { "NO": 869, "ENTIDAD": "PUEBLA", "MUNICIPIO": "ZIHUATEUTLA", "PUEBLO INDIGENA O AFROMEXICANO": "NAHUA", "LOCALIDAD": "TELOLOTLA", "CLAVE LOC": 212130015, "TIPO DE ASENTAMIENTO": "COMUNIDAD INDIGENA", "NOMBRE": "TELOLOTLA", "MONTO ASIGNADO (PESOS)": 833189, "LATITUD": 20.212585, "LONGITUD": -97.911822 }, "geometry": { "type": "Point", "coordinates": [ -97.911822, 20.212585 ] } },
{ "type": "Feature", "properties": { "NO": 870, "ENTIDAD": "PUEBLA", "MUNICIPIO": "ZIHUATEUTLA", "PUEBLO INDIGENA O AFROMEXICANO": "TOTONACO", "LOCALIDAD": "ZIHUATEUTLA", "CLAVE LOC": 212130001, "TIPO DE ASENTAMIENTO": "COMUNIDAD INDIGENA", "NOMBRE": "ZIHUATEUTLA", "MONTO ASIGNADO (PESOS)": 947169, "LATITUD": 20.249621, "LONGITUD": -97.886396 }, "geometry": { "type": "Point", "coordinates": [ -97.886396, 20.249621 ] } },
{ "type": "Feature", "properties": { "NO": 871, "ENTIDAD": "PUEBLA", "MUNICIPIO": "ZINACATEPEC", "PUEBLO INDIGENA O AFROMEXICANO": "NAHUA", "LOCALIDAD": "SAN SEBASTIAN ZINACATEPEC", "CLAVE LOC": 212140001, "TIPO DE ASENTAMIENTO": "COMUNIDAD INDIGENA", "NOMBRE": "SAN SEBASTIÁN ZINACATEPEC", "MONTO ASIGNADO (PESOS)": 650588, "LATITUD": 18.333268, "LONGITUD": -97.245413 }, "geometry": { "type": "Point", "coordinates": [ -97.245413, 18.333268 ] } },
{ "type": "Feature", "properties": { "NO": 872, "ENTIDAD": "PUEBLA", "MUNICIPIO": "ZONGOZOTLA", "PUEBLO INDIGENA O AFROMEXICANO": "TOTONACO", "LOCALIDAD": "ZONGOZOTLA", "CLAVE LOC": 212150004, "TIPO DE ASENTAMIENTO": "COMUNIDAD INDIGENA", "NOMBRE": "ZONGOZOTLA", "MONTO ASIGNADO (PESOS)": 3964571, "LATITUD": 19.976666, "LONGITUD": -97.723055 }, "geometry": { "type": "Point", "coordinates": [ -97.723055, 19.976666 ] } },
{ "type": "Feature", "properties": { "NO": 873, "ENTIDAD": "PUEBLA", "MUNICIPIO": "ZOQUIAPAN", "PUEBLO INDIGENA O AFROMEXICANO": "NAHUA", "LOCALIDAD": "AMATLAN", "CLAVE LOC": 212160002, "TIPO DE ASENTAMIENTO": "COMUNIDAD INDIGENA", "NOMBRE": "AMATLÁN", "MONTO ASIGNADO (PESOS)": 540320, "LATITUD": 20.124431, "LONGITUD": -97.471481 }, "geometry": { "type": "Point", "coordinates": [ -97.471481, 20.124431 ] } },
{ "type": "Feature", "properties": { "NO": 874, "ENTIDAD": "PUEBLA", "MUNICIPIO": "ZOQUIAPAN", "PUEBLO INDIGENA O AFROMEXICANO": "NAHUA", "LOCALIDAD": "AYOTOX", "CLAVE LOC": 212160018, "TIPO DE ASENTAMIENTO": "COMUNIDAD INDIGENA", "NOMBRE": "AYOTOX", "MONTO ASIGNADO (PESOS)": 324486, "LATITUD": 20.003617, "LONGITUD": -97.602008 }, "geometry": { "type": "Point", "coordinates": [ -97.602008, 20.003617 ] } },
{ "type": "Feature", "properties": { "NO": 875, "ENTIDAD": "PUEBLA", "MUNICIPIO": "ZOQUIAPAN", "PUEBLO INDIGENA O AFROMEXICANO": "NAHUA", "LOCALIDAD": "CALACUAHUTLA", "CLAVE LOC": 212160014, "TIPO DE ASENTAMIENTO": "COMUNIDAD INDIGENA", "NOMBRE": "CALACUAHUTLA.", "MONTO ASIGNADO (PESOS)": 159009, "LATITUD": 20.015289, "LONGITUD": -97.586017 }, "geometry": { "type": "Point", "coordinates": [ -97.586017, 20.015289 ] } },
{ "type": "Feature", "properties": { "NO": 876, "ENTIDAD": "PUEBLA", "MUNICIPIO": "ZOQUIAPAN", "PUEBLO INDIGENA O AFROMEXICANO": "NAHUA", "LOCALIDAD": "EL ARENAL", "CLAVE LOC": 212160008, "TIPO DE ASENTAMIENTO": "COMUNIDAD INDIGENA", "NOMBRE": "EL ARENAL.", "MONTO ASIGNADO (PESOS)": 162243, "LATITUD": 20.006718, "LONGITUD": -97.584581 }, "geometry": { "type": "Point", "coordinates": [ -97.584581, 20.006718 ] } },
{ "type": "Feature", "properties": { "NO": 877, "ENTIDAD": "PUEBLA", "MUNICIPIO": "ZOQUIAPAN", "PUEBLO INDIGENA O AFROMEXICANO": "NAHUA", "LOCALIDAD": "SAN ANTONIO BUENAVISTA", "CLAVE LOC": 212160003, "TIPO DE ASENTAMIENTO": "COMUNIDAD INDIGENA", "NOMBRE": "SAN ANTONIO BUENA VISTA.", "MONTO ASIGNADO (PESOS)": 224487, "LATITUD": 19.99437, "LONGITUD": -97.599311 }, "geometry": { "type": "Point", "coordinates": [ -97.599311, 19.99437 ] } },
{ "type": "Feature", "properties": { "NO": 878, "ENTIDAD": "PUEBLA", "MUNICIPIO": "ZOQUIAPAN", "PUEBLO INDIGENA O AFROMEXICANO": "NAHUA", "LOCALIDAD": "ZACATILIHUIC", "CLAVE LOC": 212160011, "TIPO DE ASENTAMIENTO": "COMUNIDAD INDIGENA", "NOMBRE": "ZACATILIHUIC.", "MONTO ASIGNADO (PESOS)": 387637, "LATITUD": 20.00583, "LONGITUD": -97.592401 }, "geometry": { "type": "Point", "coordinates": [ -97.592401, 20.00583 ] } },
{ "type": "Feature", "properties": { "NO": 879, "ENTIDAD": "PUEBLA", "MUNICIPIO": "ZOQUIAPAN", "PUEBLO INDIGENA O AFROMEXICANO": "NAHUA", "LOCALIDAD": "ZOQUIAPAN", "CLAVE LOC": 212160001, "TIPO DE ASENTAMIENTO": "COMUNIDAD INDIGENA", "NOMBRE": "ZOQUIAPAN", "MONTO ASIGNADO (PESOS)": 842889, "LATITUD": 20.009838, "LONGITUD": -97.595642 }, "geometry": { "type": "Point", "coordinates": [ -97.595642, 20.009838 ] } },
{ "type": "Feature", "properties": { "NO": 880, "ENTIDAD": "PUEBLA", "MUNICIPIO": "ZOQUITLAN", "PUEBLO INDIGENA O AFROMEXICANO": "NAHUA", "LOCALIDAD": "ZOQUITLAN", "CLAVE LOC": 212170001, "TIPO DE ASENTAMIENTO": "COMUNIDAD INDIGENA", "NOMBRE": "ZOQUITLÁN", "MONTO ASIGNADO (PESOS)": 28010669, "LATITUD": 18.335727, "LONGITUD": -97.017258 }, "geometry": { "type": "Point", "coordinates": [ -97.017258, 18.335727 ] } }
]
}
