{
"type": "FeatureCollection",
"name": "sanluispotosi_loc_monto",
"crs": { "type": "name", "properties": { "name": "urn:ogc:def:crs:OGC:1.3:CRS84" } },
"features": [
{ "type": "Feature", "properties": { "NO": 1, "ENTIDAD": "SAN LUIS POTOSI", "MUNICIPIO": "ALAQUINES", "PUEBLO INDIGENA O AFROMEXICANO": "PAME", "LOCALIDAD": "COLONIA INDIGENA (PASCUAL OSORIO ORTEGA)", "CLAVE LOC": 240020060, "TIPO DE ASENTAMIENTO": "COMUNIDAD INDIGENA", "NOMBRE": "COLONIA INDÍGENA", "MONTO ASIGNADO (PESOS)": 1402864, "LATITUD": 22.116722, "LONGITUD": -99.584643 }, "geometry": { "type": "Point", "coordinates": [ -99.584643, 22.116722 ] } },
{ "type": "Feature", "properties": { "NO": 2, "ENTIDAD": "SAN LUIS POTOSI", "MUNICIPIO": "ALAQUINES", "PUEBLO INDIGENA O AFROMEXICANO": "PAME", "LOCALIDAD": "EL SABINO", "CLAVE LOC": 240020027, "TIPO DE ASENTAMIENTO": "COMUNIDAD INDIGENA", "NOMBRE": "EL SABINO", "MONTO ASIGNADO (PESOS)": 462147, "LATITUD": 22.024549, "LONGITUD": -99.552433 }, "geometry": { "type": "Point", "coordinates": [ -99.552433, 22.024549 ] } },
{ "type": "Feature", "properties": { "NO": 3, "ENTIDAD": "SAN LUIS POTOSI", "MUNICIPIO": "ALAQUINES", "PUEBLO INDIGENA O AFROMEXICANO": "PAME", "LOCALIDAD": "OJO DE AGUA", "CLAVE LOC": 240020017, "TIPO DE ASENTAMIENTO": "COMUNIDAD INDIGENA", "NOMBRE": "OJO DE AGUA", "MONTO ASIGNADO (PESOS)": 970300, "LATITUD": 22.13724, "LONGITUD": -99.547038 }, "geometry": { "type": "Point", "coordinates": [ -99.547038, 22.13724 ] } },
{ "type": "Feature", "properties": { "NO": 4, "ENTIDAD": "SAN LUIS POTOSI", "MUNICIPIO": "ALAQUINES", "PUEBLO INDIGENA O AFROMEXICANO": "PAME", "LOCALIDAD": "SAN ANTONIO DE LAS TORTUGAS", "CLAVE LOC": 240020031, "TIPO DE ASENTAMIENTO": "COMUNIDAD INDIGENA", "NOMBRE": "SAN ANTONIO DE LAS TORTUGAS", "MONTO ASIGNADO (PESOS)": 389155, "LATITUD": 22.181197, "LONGITUD": -99.580902 }, "geometry": { "type": "Point", "coordinates": [ -99.580902, 22.181197 ] } },
{ "type": "Feature", "properties": { "NO": 5, "ENTIDAD": "SAN LUIS POTOSI", "MUNICIPIO": "ALAQUINES", "PUEBLO INDIGENA O AFROMEXICANO": "PAME", "LOCALIDAD": "SAN JOSE DEL CORITO", "CLAVE LOC": 240020029, "TIPO DE ASENTAMIENTO": "COMUNIDAD INDIGENA", "NOMBRE": "SAN JOSÉ DEL CORITO", "MONTO ASIGNADO (PESOS)": 2173213, "LATITUD": 22.008986, "LONGITUD": -99.507581 }, "geometry": { "type": "Point", "coordinates": [ -99.507581, 22.008986 ] } },
{ "type": "Feature", "properties": { "NO": 6, "ENTIDAD": "SAN LUIS POTOSI", "MUNICIPIO": "AQUISMON", "PUEBLO INDIGENA O AFROMEXICANO": "HUASTECO", "LOCALIDAD": "CAMARONES", "CLAVE LOC": 240030006, "TIPO DE ASENTAMIENTO": "COMUNIDAD INDIGENA", "NOMBRE": "CAMARONES", "MONTO ASIGNADO (PESOS)": 390707, "LATITUD": 21.891168, "LONGITUD": -99.200594 }, "geometry": { "type": "Point", "coordinates": [ -99.200594, 21.891168 ] } },
{ "type": "Feature", "properties": { "NO": 7, "ENTIDAD": "SAN LUIS POTOSI", "MUNICIPIO": "AQUISMON", "PUEBLO INDIGENA O AFROMEXICANO": "NAHUA", "LOCALIDAD": "EL JABALI", "CLAVE LOC": 240030010, "TIPO DE ASENTAMIENTO": "COMUNIDAD INDIGENA", "NOMBRE": "EL JABALI", "MONTO ASIGNADO (PESOS)": 588253, "LATITUD": 21.884681, "LONGITUD": -99.243925 }, "geometry": { "type": "Point", "coordinates": [ -99.243925, 21.884681 ] } },
{ "type": "Feature", "properties": { "NO": 8, "ENTIDAD": "SAN LUIS POTOSI", "MUNICIPIO": "AQUISMON", "PUEBLO INDIGENA O AFROMEXICANO": "NAHUA", "LOCALIDAD": "EL NARANJITO", "CLAVE LOC": 240030018, "TIPO DE ASENTAMIENTO": "COMUNIDAD INDIGENA", "NOMBRE": "EJIDO EL NARANJITO", "MONTO ASIGNADO (PESOS)": 477506, "LATITUD": 21.850504, "LONGITUD": -99.177789 }, "geometry": { "type": "Point", "coordinates": [ -99.177789, 21.850504 ] } },
{ "type": "Feature", "properties": { "NO": 9, "ENTIDAD": "SAN LUIS POTOSI", "MUNICIPIO": "AQUISMON", "PUEBLO INDIGENA O AFROMEXICANO": "HUASTECO", "LOCALIDAD": "EL SACRIFICIO (SECCION 26)", "CLAVE LOC": 240030289, "TIPO DE ASENTAMIENTO": "LOCALIDAD CON POBLACION INDIGENA", "NOMBRE": "EL SACRIFICIO (SECCION 26)", "MONTO ASIGNADO (PESOS)": 178858, "LATITUD": 21.75757, "LONGITUD": -99.058049 }, "geometry": { "type": "Point", "coordinates": [ -99.058049, 21.75757 ] } },
{ "type": "Feature", "properties": { "NO": 10, "ENTIDAD": "SAN LUIS POTOSI", "MUNICIPIO": "AQUISMON", "PUEBLO INDIGENA O AFROMEXICANO": "HUASTECO", "LOCALIDAD": "EL SAUZ (EL SAUCITO)", "CLAVE LOC": 240030096, "TIPO DE ASENTAMIENTO": "COMUNIDAD INDIGENA", "NOMBRE": "EL SAUZ", "MONTO ASIGNADO (PESOS)": 567083, "LATITUD": 21.934088, "LONGITUD": -99.206044 }, "geometry": { "type": "Point", "coordinates": [ -99.206044, 21.934088 ] } },
{ "type": "Feature", "properties": { "NO": 11, "ENTIDAD": "SAN LUIS POTOSI", "MUNICIPIO": "AQUISMON", "PUEBLO INDIGENA O AFROMEXICANO": "HUASTECO", "LOCALIDAD": "LA CALDERA", "CLAVE LOC": 240030005, "TIPO DE ASENTAMIENTO": "COMUNIDAD INDIGENA", "NOMBRE": "LA CALDERA", "MONTO ASIGNADO (PESOS)": 1470513, "LATITUD": 21.718699, "LONGITUD": -99.103696 }, "geometry": { "type": "Point", "coordinates": [ -99.103696, 21.718699 ] } },
{ "type": "Feature", "properties": { "NO": 12, "ENTIDAD": "SAN LUIS POTOSI", "MUNICIPIO": "AQUISMON", "PUEBLO INDIGENA O AFROMEXICANO": "NAHUA", "LOCALIDAD": "LA CAÑADA (LOS CORRALES)", "CLAVE LOC": 240030093, "TIPO DE ASENTAMIENTO": "COMUNIDAD INDIGENA", "NOMBRE": "EJIDO LA CAÑADA", "MONTO ASIGNADO (PESOS)": 181644, "LATITUD": 21.868824, "LONGITUD": -99.151944 }, "geometry": { "type": "Point", "coordinates": [ -99.151944, 21.868824 ] } },
{ "type": "Feature", "properties": { "NO": 13, "ENTIDAD": "SAN LUIS POTOSI", "MUNICIPIO": "AQUISMON", "PUEBLO INDIGENA O AFROMEXICANO": "HUASTECO", "LOCALIDAD": "LA MORENA", "CLAVE LOC": 240030016, "TIPO DE ASENTAMIENTO": "COMUNIDAD INDIGENA", "NOMBRE": "LA MORENA", "MONTO ASIGNADO (PESOS)": 345742, "LATITUD": 21.794279, "LONGITUD": -99.138367 }, "geometry": { "type": "Point", "coordinates": [ -99.138367, 21.794279 ] } },
{ "type": "Feature", "properties": { "NO": 14, "ENTIDAD": "SAN LUIS POTOSI", "MUNICIPIO": "AQUISMON", "PUEBLO INDIGENA O AFROMEXICANO": "NAHUA", "LOCALIDAD": "LOS OTATES", "CLAVE LOC": 240030020, "TIPO DE ASENTAMIENTO": "COMUNIDAD INDIGENA", "NOMBRE": "EJIDO LOS OTATES", "MONTO ASIGNADO (PESOS)": 627863, "LATITUD": 22.003728, "LONGITUD": -99.167585 }, "geometry": { "type": "Point", "coordinates": [ -99.167585, 22.003728 ] } },
{ "type": "Feature", "properties": { "NO": 15, "ENTIDAD": "SAN LUIS POTOSI", "MUNICIPIO": "AQUISMON", "PUEBLO INDIGENA O AFROMEXICANO": "NAHUA", "LOCALIDAD": "LOS REMEDIOS", "CLAVE LOC": 240030060, "TIPO DE ASENTAMIENTO": "COMUNIDAD INDIGENA", "NOMBRE": "EJIDO LOS REMEDIOS", "MONTO ASIGNADO (PESOS)": 313408, "LATITUD": 21.909885, "LONGITUD": -99.162807 }, "geometry": { "type": "Point", "coordinates": [ -99.162807, 21.909885 ] } },
{ "type": "Feature", "properties": { "NO": 16, "ENTIDAD": "SAN LUIS POTOSI", "MUNICIPIO": "AQUISMON", "PUEBLO INDIGENA O AFROMEXICANO": "NAHUA", "LOCALIDAD": "MOCTEZUMA", "CLAVE LOC": 240030062, "TIPO DE ASENTAMIENTO": "COMUNIDAD INDIGENA", "NOMBRE": "MOCTEZUMA", "MONTO ASIGNADO (PESOS)": 450830, "LATITUD": 21.851737, "LONGITUD": -99.236137 }, "geometry": { "type": "Point", "coordinates": [ -99.236137, 21.851737 ] } },
{ "type": "Feature", "properties": { "NO": 17, "ENTIDAD": "SAN LUIS POTOSI", "MUNICIPIO": "AQUISMON", "PUEBLO INDIGENA O AFROMEXICANO": "NAHUA", "LOCALIDAD": "PALO DE ARCO", "CLAVE LOC": 240030022, "TIPO DE ASENTAMIENTO": "COMUNIDAD INDIGENA", "NOMBRE": "PALO DE ARCO", "MONTO ASIGNADO (PESOS)": 368377, "LATITUD": 21.926457, "LONGITUD": -99.170212 }, "geometry": { "type": "Point", "coordinates": [ -99.170212, 21.926457 ] } },
{ "type": "Feature", "properties": { "NO": 18, "ENTIDAD": "SAN LUIS POTOSI", "MUNICIPIO": "AQUISMON", "PUEBLO INDIGENA O AFROMEXICANO": "HUASTECO", "LOCALIDAD": "PUERTO DE GUAYMAS", "CLAVE LOC": 240030129, "TIPO DE ASENTAMIENTO": "COMUNIDAD INDIGENA", "NOMBRE": "PUERTO DE GUAYMAS", "MONTO ASIGNADO (PESOS)": 324725, "LATITUD": 21.95252, "LONGITUD": -99.225963 }, "geometry": { "type": "Point", "coordinates": [ -99.225963, 21.95252 ] } },
{ "type": "Feature", "properties": { "NO": 19, "ENTIDAD": "SAN LUIS POTOSI", "MUNICIPIO": "AQUISMON", "PUEBLO INDIGENA O AFROMEXICANO": "HUASTECO", "LOCALIDAD": "PUHUITZE", "CLAVE LOC": 240030024, "TIPO DE ASENTAMIENTO": "COMUNIDAD INDIGENA", "NOMBRE": "PUHUITZE", "MONTO ASIGNADO (PESOS)": 982858, "LATITUD": 21.67603, "LONGITUD": -99.067404 }, "geometry": { "type": "Point", "coordinates": [ -99.067404, 21.67603 ] } },
{ "type": "Feature", "properties": { "NO": 20, "ENTIDAD": "SAN LUIS POTOSI", "MUNICIPIO": "AQUISMON", "PUEBLO INDIGENA O AFROMEXICANO": "HUASTECO", "LOCALIDAD": "SAN FRANCISCO DE ASIS", "CLAVE LOC": 240030026, "TIPO DE ASENTAMIENTO": "COMUNIDAD INDIGENA", "NOMBRE": "SAN FRANCISCO DE ASIS", "MONTO ASIGNADO (PESOS)": 262480, "LATITUD": 21.779981, "LONGITUD": -99.055795 }, "geometry": { "type": "Point", "coordinates": [ -99.055795, 21.779981 ] } },
{ "type": "Feature", "properties": { "NO": 21, "ENTIDAD": "SAN LUIS POTOSI", "MUNICIPIO": "AQUISMON", "PUEBLO INDIGENA O AFROMEXICANO": "HUASTECO", "LOCALIDAD": "SAN JOSE EL VIEJO", "CLAVE LOC": 240030027, "TIPO DE ASENTAMIENTO": "COMUNIDAD INDIGENA", "NOMBRE": "SAN JOSÉ EL VIEJO LATIGRA", "MONTO ASIGNADO (PESOS)": 201853, "LATITUD": 21.750736, "LONGITUD": -99.159143 }, "geometry": { "type": "Point", "coordinates": [ -99.159143, 21.750736 ] } },
{ "type": "Feature", "properties": { "NO": 22, "ENTIDAD": "SAN LUIS POTOSI", "MUNICIPIO": "AQUISMON", "PUEBLO INDIGENA O AFROMEXICANO": "HUASTECO", "LOCALIDAD": "SAN JOSE OIJA", "CLAVE LOC": 240030028, "TIPO DE ASENTAMIENTO": "COMUNIDAD INDIGENA", "NOMBRE": "SAN JOSE OIJA", "MONTO ASIGNADO (PESOS)": 443316, "LATITUD": 21.498632, "LONGITUD": -99.018374 }, "geometry": { "type": "Point", "coordinates": [ -99.018374, 21.498632 ] } },
{ "type": "Feature", "properties": { "NO": 23, "ENTIDAD": "SAN LUIS POTOSI", "MUNICIPIO": "AQUISMON", "PUEBLO INDIGENA O AFROMEXICANO": "HUASTECO", "LOCALIDAD": "SAN PEDRO DE LAS ANONAS", "CLAVE LOC": 240030029, "TIPO DE ASENTAMIENTO": "COMUNIDAD INDIGENA", "NOMBRE": "SAN PEDRO DE LAS ANONAS", "MONTO ASIGNADO (PESOS)": 1590851, "LATITUD": 21.748392, "LONGITUD": -99.056335 }, "geometry": { "type": "Point", "coordinates": [ -99.056335, 21.748392 ] } },
{ "type": "Feature", "properties": { "NO": 24, "ENTIDAD": "SAN LUIS POTOSI", "MUNICIPIO": "AQUISMON", "PUEBLO INDIGENA O AFROMEXICANO": "HUASTECO", "LOCALIDAD": "SANTA ANITA", "CLAVE LOC": 240030032, "TIPO DE ASENTAMIENTO": "COMUNIDAD INDIGENA", "NOMBRE": "SANTA ANITA TANCHANACO", "MONTO ASIGNADO (PESOS)": 725197, "LATITUD": 21.71459, "LONGITUD": -99.020808 }, "geometry": { "type": "Point", "coordinates": [ -99.020808, 21.71459 ] } },
{ "type": "Feature", "properties": { "NO": 25, "ENTIDAD": "SAN LUIS POTOSI", "MUNICIPIO": "AQUISMON", "PUEBLO INDIGENA O AFROMEXICANO": "HUASTECO", "LOCALIDAD": "SANTA ANITA DOS", "CLAVE LOC": 240030061, "TIPO DE ASENTAMIENTO": "COMUNIDAD INDIGENA", "NOMBRE": "SANTA ANITA 2", "MONTO ASIGNADO (PESOS)": 146075, "LATITUD": 21.975598, "LONGITUD": -99.193064 }, "geometry": { "type": "Point", "coordinates": [ -99.193064, 21.975598 ] } },
{ "type": "Feature", "properties": { "NO": 26, "ENTIDAD": "SAN LUIS POTOSI", "MUNICIPIO": "AQUISMON", "PUEBLO INDIGENA O AFROMEXICANO": "HUASTECO", "LOCALIDAD": "SANTA BARBARA", "CLAVE LOC": 240030033, "TIPO DE ASENTAMIENTO": "COMUNIDAD INDIGENA", "NOMBRE": "SANTA BARBARA", "MONTO ASIGNADO (PESOS)": 1713680, "LATITUD": 21.568295, "LONGITUD": -99.008814 }, "geometry": { "type": "Point", "coordinates": [ -99.008814, 21.568295 ] } },
{ "type": "Feature", "properties": { "NO": 27, "ENTIDAD": "SAN LUIS POTOSI", "MUNICIPIO": "AQUISMON", "PUEBLO INDIGENA O AFROMEXICANO": "HUASTECO", "LOCALIDAD": "SANTA CRUZ", "CLAVE LOC": 240030034, "TIPO DE ASENTAMIENTO": "COMUNIDAD INDIGENA", "NOMBRE": "SANTA CRUZ", "MONTO ASIGNADO (PESOS)": 1691646, "LATITUD": 21.702434, "LONGITUD": -99.041581 }, "geometry": { "type": "Point", "coordinates": [ -99.041581, 21.702434 ] } },
{ "type": "Feature", "properties": { "NO": 28, "ENTIDAD": "SAN LUIS POTOSI", "MUNICIPIO": "AQUISMON", "PUEBLO INDIGENA O AFROMEXICANO": "HUASTECO", "LOCALIDAD": "SANTA MARTHA", "CLAVE LOC": 240030255, "TIPO DE ASENTAMIENTO": "COMUNIDAD INDIGENA", "NOMBRE": "SANTA MARTHA", "MONTO ASIGNADO (PESOS)": 130716, "LATITUD": 21.955422, "LONGITUD": -99.186259 }, "geometry": { "type": "Point", "coordinates": [ -99.186259, 21.955422 ] } },
{ "type": "Feature", "properties": { "NO": 29, "ENTIDAD": "SAN LUIS POTOSI", "MUNICIPIO": "AQUISMON", "PUEBLO INDIGENA O AFROMEXICANO": "HUASTECO", "LOCALIDAD": "TAMAPATZ", "CLAVE LOC": 240030038, "TIPO DE ASENTAMIENTO": "COMUNIDAD INDIGENA", "NOMBRE": "TAMAPATZ", "MONTO ASIGNADO (PESOS)": 15142620, "LATITUD": 21.565728, "LONGITUD": -99.077893 }, "geometry": { "type": "Point", "coordinates": [ -99.077893, 21.565728 ] } },
{ "type": "Feature", "properties": { "NO": 30, "ENTIDAD": "SAN LUIS POTOSI", "MUNICIPIO": "AQUISMON", "PUEBLO INDIGENA O AFROMEXICANO": "HUASTECO", "LOCALIDAD": "TAMCUIME", "CLAVE LOC": 240030043, "TIPO DE ASENTAMIENTO": "COMUNIDAD INDIGENA", "NOMBRE": "TANCUIME", "MONTO ASIGNADO (PESOS)": 4305323, "LATITUD": 21.601667, "LONGITUD": -99.010556 }, "geometry": { "type": "Point", "coordinates": [ -99.010556, 21.601667 ] } },
{ "type": "Feature", "properties": { "NO": 31, "ENTIDAD": "SAN LUIS POTOSI", "MUNICIPIO": "AQUISMON", "PUEBLO INDIGENA O AFROMEXICANO": "HUASTECO", "LOCALIDAD": "TAMPATE", "CLAVE LOC": 240030039, "TIPO DE ASENTAMIENTO": "COMUNIDAD INDIGENA", "NOMBRE": "TAMPATEYEUREKA", "MONTO ASIGNADO (PESOS)": 8873761, "LATITUD": 21.637857, "LONGITUD": -99.026817 }, "geometry": { "type": "Point", "coordinates": [ -99.026817, 21.637857 ] } },
{ "type": "Feature", "properties": { "NO": 32, "ENTIDAD": "SAN LUIS POTOSI", "MUNICIPIO": "AQUISMON", "PUEBLO INDIGENA O AFROMEXICANO": "HUASTECO", "LOCALIDAD": "TAMPAXAL", "CLAVE LOC": 240030040, "TIPO DE ASENTAMIENTO": "COMUNIDAD INDIGENA", "NOMBRE": "EJIDOTAMPAXAL", "MONTO ASIGNADO (PESOS)": 7339460, "LATITUD": 21.520282, "LONGITUD": -99.053365 }, "geometry": { "type": "Point", "coordinates": [ -99.053365, 21.520282 ] } },
{ "type": "Feature", "properties": { "NO": 33, "ENTIDAD": "SAN LUIS POTOSI", "MUNICIPIO": "AQUISMON", "PUEBLO INDIGENA O AFROMEXICANO": "HUASTECO", "LOCALIDAD": "TAMPEMOCHE", "CLAVE LOC": 240030041, "TIPO DE ASENTAMIENTO": "COMUNIDAD INDIGENA", "NOMBRE": "EJIDOTAMPEMOCHE", "MONTO ASIGNADO (PESOS)": 1665340, "LATITUD": 21.689394, "LONGITUD": -99.081019 }, "geometry": { "type": "Point", "coordinates": [ -99.081019, 21.689394 ] } },
{ "type": "Feature", "properties": { "NO": 34, "ENTIDAD": "SAN LUIS POTOSI", "MUNICIPIO": "AQUISMON", "PUEBLO INDIGENA O AFROMEXICANO": "HUASTECO", "LOCALIDAD": "TANCHACHIN", "CLAVE LOC": 240030044, "TIPO DE ASENTAMIENTO": "COMUNIDAD INDIGENA", "NOMBRE": "TANCHACHÍN", "MONTO ASIGNADO (PESOS)": 867140, "LATITUD": 21.828093, "LONGITUD": -99.146062 }, "geometry": { "type": "Point", "coordinates": [ -99.146062, 21.828093 ] } },
{ "type": "Feature", "properties": { "NO": 35, "ENTIDAD": "SAN LUIS POTOSI", "MUNICIPIO": "AQUISMON", "PUEBLO INDIGENA O AFROMEXICANO": "HUASTECO", "LOCALIDAD": "TANCHANACO", "CLAVE LOC": 240030045, "TIPO DE ASENTAMIENTO": "COMUNIDAD INDIGENA", "NOMBRE": "MANJATANCHANACO", "MONTO ASIGNADO (PESOS)": 875224, "LATITUD": 21.666289, "LONGITUD": -99.048623 }, "geometry": { "type": "Point", "coordinates": [ -99.048623, 21.666289 ] } },
{ "type": "Feature", "properties": { "NO": 36, "ENTIDAD": "SAN LUIS POTOSI", "MUNICIPIO": "AQUISMON", "PUEBLO INDIGENA O AFROMEXICANO": "HUASTECO", "LOCALIDAD": "TANTZOTZOB", "CLAVE LOC": 240030047, "TIPO DE ASENTAMIENTO": "COMUNIDAD INDIGENA", "NOMBRE": "TANSOSOB", "MONTO ASIGNADO (PESOS)": 3023627, "LATITUD": 21.628267, "LONGITUD": -99.13259 }, "geometry": { "type": "Point", "coordinates": [ -99.13259, 21.628267 ] } },
{ "type": "Feature", "properties": { "NO": 37, "ENTIDAD": "SAN LUIS POTOSI", "MUNICIPIO": "AXTLA DE TERRAZAS", "PUEBLO INDIGENA O AFROMEXICANO": "NAHUA", "LOCALIDAD": "AHUACATITLA", "CLAVE LOC": 240530002, "TIPO DE ASENTAMIENTO": "COMUNIDAD INDIGENA", "NOMBRE": "AHUACATITLA", "MONTO ASIGNADO (PESOS)": 933995, "LATITUD": 21.422926, "LONGITUD": -98.859586 }, "geometry": { "type": "Point", "coordinates": [ -98.859586, 21.422926 ] } },
{ "type": "Feature", "properties": { "NO": 38, "ENTIDAD": "SAN LUIS POTOSI", "MUNICIPIO": "AXTLA DE TERRAZAS", "PUEBLO INDIGENA O AFROMEXICANO": "NAHUA", "LOCALIDAD": "ARROYO DE ENMEDIO", "CLAVE LOC": 240530005, "TIPO DE ASENTAMIENTO": "COMUNIDAD INDIGENA", "NOMBRE": "ARROYO DE ENMEDIO", "MONTO ASIGNADO (PESOS)": 591247, "LATITUD": 21.465214, "LONGITUD": -98.873368 }, "geometry": { "type": "Point", "coordinates": [ -98.873368, 21.465214 ] } },
{ "type": "Feature", "properties": { "NO": 39, "ENTIDAD": "SAN LUIS POTOSI", "MUNICIPIO": "AXTLA DE TERRAZAS", "PUEBLO INDIGENA O AFROMEXICANO": "NAHUA", "LOCALIDAD": "AXTLA DE TERRAZAS", "CLAVE LOC": 240530001, "TIPO DE ASENTAMIENTO": "COMUNIDAD INDIGENA", "NOMBRE": "COLONIA SANTO DOMINGO", "MONTO ASIGNADO (PESOS)": 2132237, "LATITUD": 21.436389, "LONGITUD": -98.874999 }, "geometry": { "type": "Point", "coordinates": [ -98.874999, 21.436389 ] } },
{ "type": "Feature", "properties": { "NO": 40, "ENTIDAD": "SAN LUIS POTOSI", "MUNICIPIO": "AXTLA DE TERRAZAS", "PUEBLO INDIGENA O AFROMEXICANO": "NAHUA", "LOCALIDAD": "CALCAHUAL", "CLAVE LOC": 240530009, "TIPO DE ASENTAMIENTO": "COMUNIDAD INDIGENA", "NOMBRE": "CALCAHUAL", "MONTO ASIGNADO (PESOS)": 226912, "LATITUD": 21.469184, "LONGITUD": -98.892735 }, "geometry": { "type": "Point", "coordinates": [ -98.892735, 21.469184 ] } },
{ "type": "Feature", "properties": { "NO": 41, "ENTIDAD": "SAN LUIS POTOSI", "MUNICIPIO": "AXTLA DE TERRAZAS", "PUEBLO INDIGENA O AFROMEXICANO": "NAHUA", "LOCALIDAD": "CHICAXTITLA", "CLAVE LOC": 240530024, "TIPO DE ASENTAMIENTO": "COMUNIDAD INDIGENA", "NOMBRE": "CHICAXTITLA", "MONTO ASIGNADO (PESOS)": 159818, "LATITUD": 21.425256, "LONGITUD": -98.917059 }, "geometry": { "type": "Point", "coordinates": [ -98.917059, 21.425256 ] } },
{ "type": "Feature", "properties": { "NO": 42, "ENTIDAD": "SAN LUIS POTOSI", "MUNICIPIO": "AXTLA DE TERRAZAS", "PUEBLO INDIGENA O AFROMEXICANO": "NAHUA", "LOCALIDAD": "CHIMALACO", "CLAVE LOC": 240530025, "TIPO DE ASENTAMIENTO": "COMUNIDAD INDIGENA", "NOMBRE": "CHIMALACO", "MONTO ASIGNADO (PESOS)": 887918, "LATITUD": 21.460748, "LONGITUD": -98.938375 }, "geometry": { "type": "Point", "coordinates": [ -98.938375, 21.460748 ] } },
{ "type": "Feature", "properties": { "NO": 43, "ENTIDAD": "SAN LUIS POTOSI", "MUNICIPIO": "AXTLA DE TERRAZAS", "PUEBLO INDIGENA O AFROMEXICANO": "NAHUA", "LOCALIDAD": "CHOTECO", "CLAVE LOC": 240530026, "TIPO DE ASENTAMIENTO": "COMUNIDAD INDIGENA", "NOMBRE": "CHOTECO", "MONTO ASIGNADO (PESOS)": 150117, "LATITUD": 21.44924, "LONGITUD": -98.853917 }, "geometry": { "type": "Point", "coordinates": [ -98.853917, 21.44924 ] } },
{ "type": "Feature", "properties": { "NO": 44, "ENTIDAD": "SAN LUIS POTOSI", "MUNICIPIO": "AXTLA DE TERRAZAS", "PUEBLO INDIGENA O AFROMEXICANO": "NAHUA", "LOCALIDAD": "COAMILA", "CLAVE LOC": 240530013, "TIPO DE ASENTAMIENTO": "COMUNIDAD INDIGENA", "NOMBRE": "EJIDO COAMILA", "MONTO ASIGNADO (PESOS)": 353826, "LATITUD": 21.448759, "LONGITUD": -98.882603 }, "geometry": { "type": "Point", "coordinates": [ -98.882603, 21.448759 ] } },
{ "type": "Feature", "properties": { "NO": 45, "ENTIDAD": "SAN LUIS POTOSI", "MUNICIPIO": "AXTLA DE TERRAZAS", "PUEBLO INDIGENA O AFROMEXICANO": "NAHUA", "LOCALIDAD": "COATZONTITLA", "CLAVE LOC": 240530014, "TIPO DE ASENTAMIENTO": "COMUNIDAD INDIGENA", "NOMBRE": "COATZONTITLA", "MONTO ASIGNADO (PESOS)": 749927, "LATITUD": 21.441417, "LONGITUD": -98.901764 }, "geometry": { "type": "Point", "coordinates": [ -98.901764, 21.441417 ] } },
{ "type": "Feature", "properties": { "NO": 46, "ENTIDAD": "SAN LUIS POTOSI", "MUNICIPIO": "AXTLA DE TERRAZAS", "PUEBLO INDIGENA O AFROMEXICANO": "NAHUA", "LOCALIDAD": "COMUNIDAD LA PURISIMA", "CLAVE LOC": 240530091, "TIPO DE ASENTAMIENTO": "COMUNIDAD INDIGENA", "NOMBRE": "COMUNIDAD LA PURÍSIMA", "MONTO ASIGNADO (PESOS)": 229337, "LATITUD": 21.46593, "LONGITUD": -98.897292 }, "geometry": { "type": "Point", "coordinates": [ -98.897292, 21.46593 ] } },
{ "type": "Feature", "properties": { "NO": 47, "ENTIDAD": "SAN LUIS POTOSI", "MUNICIPIO": "AXTLA DE TERRAZAS", "PUEBLO INDIGENA O AFROMEXICANO": "NAHUA", "LOCALIDAD": "COPALO(CHALCO)", "CLAVE LOC": 240530072, "TIPO DE ASENTAMIENTO": "COMUNIDAD INDIGENA", "NOMBRE": "EJIDO CHALCO", "MONTO ASIGNADO (PESOS)": 3445733, "LATITUD": 21.374012, "LONGITUD": -98.811589 }, "geometry": { "type": "Point", "coordinates": [ -98.811589, 21.374012 ] } },
{ "type": "Feature", "properties": { "NO": 48, "ENTIDAD": "SAN LUIS POTOSI", "MUNICIPIO": "AXTLA DE TERRAZAS", "PUEBLO INDIGENA O AFROMEXICANO": "NAHUA", "LOCALIDAD": "CUATECOYO", "CLAVE LOC": 240530017, "TIPO DE ASENTAMIENTO": "COMUNIDAD INDIGENA", "NOMBRE": "CUATECOYO", "MONTO ASIGNADO (PESOS)": 261672, "LATITUD": 21.466258, "LONGITUD": -98.868825 }, "geometry": { "type": "Point", "coordinates": [ -98.868825, 21.466258 ] } },
{ "type": "Feature", "properties": { "NO": 49, "ENTIDAD": "SAN LUIS POTOSI", "MUNICIPIO": "AXTLA DE TERRAZAS", "PUEBLO INDIGENA O AFROMEXICANO": "NAHUA", "LOCALIDAD": "CUAYO BUENAVISTA", "CLAVE LOC": 240530062, "TIPO DE ASENTAMIENTO": "COMUNIDAD INDIGENA", "NOMBRE": "CUAYO BUENAVISTA", "MONTO ASIGNADO (PESOS)": 654061, "LATITUD": 21.475762, "LONGITUD": -98.893711 }, "geometry": { "type": "Point", "coordinates": [ -98.893711, 21.475762 ] } },
{ "type": "Feature", "properties": { "NO": 50, "ENTIDAD": "SAN LUIS POTOSI", "MUNICIPIO": "AXTLA DE TERRAZAS", "PUEBLO INDIGENA O AFROMEXICANO": "NAHUA", "LOCALIDAD": "CUAYO CERRO", "CLAVE LOC": 240530019, "TIPO DE ASENTAMIENTO": "COMUNIDAD INDIGENA", "NOMBRE": "CUAYO CERRO", "MONTO ASIGNADO (PESOS)": 512266, "LATITUD": 21.463496, "LONGITUD": -98.91775 }, "geometry": { "type": "Point", "coordinates": [ -98.91775, 21.463496 ] } },
{ "type": "Feature", "properties": { "NO": 51, "ENTIDAD": "SAN LUIS POTOSI", "MUNICIPIO": "AXTLA DE TERRAZAS", "PUEBLO INDIGENA O AFROMEXICANO": "NAHUA", "LOCALIDAD": "ELAQUICHAL", "CLAVE LOC": 240530004, "TIPO DE ASENTAMIENTO": "COMUNIDAD INDIGENA", "NOMBRE": "ELAQUICHAL", "MONTO ASIGNADO (PESOS)": 453825, "LATITUD": 21.485466, "LONGITUD": -98.830807 }, "geometry": { "type": "Point", "coordinates": [ -98.830807, 21.485466 ] } },
{ "type": "Feature", "properties": { "NO": 52, "ENTIDAD": "SAN LUIS POTOSI", "MUNICIPIO": "AXTLA DE TERRAZAS", "PUEBLO INDIGENA O AFROMEXICANO": "NAHUA", "LOCALIDAD": "EL CERRO", "CLAVE LOC": 240530012, "TIPO DE ASENTAMIENTO": "COMUNIDAD INDIGENA", "NOMBRE": "EL CERRO", "MONTO ASIGNADO (PESOS)": 182452, "LATITUD": 21.437188, "LONGITUD": -98.836559 }, "geometry": { "type": "Point", "coordinates": [ -98.836559, 21.437188 ] } },
{ "type": "Feature", "properties": { "NO": 53, "ENTIDAD": "SAN LUIS POTOSI", "MUNICIPIO": "AXTLA DE TERRAZAS", "PUEBLO INDIGENA O AFROMEXICANO": "NAHUA", "LOCALIDAD": "JALPILLA", "CLAVE LOC": 240530031, "TIPO DE ASENTAMIENTO": "COMUNIDAD INDIGENA", "NOMBRE": "JALPILLA", "MONTO ASIGNADO (PESOS)": 1994006, "LATITUD": 21.3947, "LONGITUD": -98.871574 }, "geometry": { "type": "Point", "coordinates": [ -98.871574, 21.3947 ] } },
{ "type": "Feature", "properties": { "NO": 54, "ENTIDAD": "SAN LUIS POTOSI", "MUNICIPIO": "AXTLA DE TERRAZAS", "PUEBLO INDIGENA O AFROMEXICANO": "NAHUA", "LOCALIDAD": "LA LAJA", "CLAVE LOC": 240530032, "TIPO DE ASENTAMIENTO": "COMUNIDAD INDIGENA", "NOMBRE": "LA LAJA", "MONTO ASIGNADO (PESOS)": 192961, "LATITUD": 21.479366, "LONGITUD": -98.871497 }, "geometry": { "type": "Point", "coordinates": [ -98.871497, 21.479366 ] } },
{ "type": "Feature", "properties": { "NO": 55, "ENTIDAD": "SAN LUIS POTOSI", "MUNICIPIO": "AXTLA DE TERRAZAS", "PUEBLO INDIGENA O AFROMEXICANO": "NAHUA", "LOCALIDAD": "LA LIBERTAD (EJIDO LA LIBERTAD)", "CLAVE LOC": 240530033, "TIPO DE ASENTAMIENTO": "COMUNIDAD INDIGENA", "NOMBRE": "EJIDO LA LIBERTAD", "MONTO ASIGNADO (PESOS)": 396430, "LATITUD": 21.505769, "LONGITUD": -98.867838 }, "geometry": { "type": "Point", "coordinates": [ -98.867838, 21.505769 ] } },
{ "type": "Feature", "properties": { "NO": 56, "ENTIDAD": "SAN LUIS POTOSI", "MUNICIPIO": "AXTLA DE TERRAZAS", "PUEBLO INDIGENA O AFROMEXICANO": "NAHUA", "LOCALIDAD": "LA PURISIMA", "CLAVE LOC": 240530043, "TIPO DE ASENTAMIENTO": "COMUNIDAD INDIGENA", "NOMBRE": "EJIDO LA PURÍSIMA", "MONTO ASIGNADO (PESOS)": 753729, "LATITUD": 21.463863, "LONGITUD": -98.894521 }, "geometry": { "type": "Point", "coordinates": [ -98.894521, 21.463863 ] } },
{ "type": "Feature", "properties": { "NO": 57, "ENTIDAD": "SAN LUIS POTOSI", "MUNICIPIO": "AXTLA DE TERRAZAS", "PUEBLO INDIGENA O AFROMEXICANO": "NAHUA", "LOCALIDAD": "LAS CUEVAS", "CLAVE LOC": 240530020, "TIPO DE ASENTAMIENTO": "COMUNIDAD INDIGENA", "NOMBRE": "LAS CUEVAS", "MONTO ASIGNADO (PESOS)": 686874, "LATITUD": 21.363509, "LONGITUD": -98.874847 }, "geometry": { "type": "Point", "coordinates": [ -98.874847, 21.363509 ] } },
{ "type": "Feature", "properties": { "NO": 58, "ENTIDAD": "SAN LUIS POTOSI", "MUNICIPIO": "AXTLA DE TERRAZAS", "PUEBLO INDIGENA O AFROMEXICANO": "NAHUA", "LOCALIDAD": "MAPOTLA", "CLAVE LOC": 240530036, "TIPO DE ASENTAMIENTO": "COMUNIDAD INDIGENA", "NOMBRE": "MAPOTLA", "MONTO ASIGNADO (PESOS)": 243888, "LATITUD": 21.465107, "LONGITUD": -98.887298 }, "geometry": { "type": "Point", "coordinates": [ -98.887298, 21.465107 ] } },
{ "type": "Feature", "properties": { "NO": 59, "ENTIDAD": "SAN LUIS POTOSI", "MUNICIPIO": "AXTLA DE TERRAZAS", "PUEBLO INDIGENA O AFROMEXICANO": "NAHUA", "LOCALIDAD": "MATLALAPA", "CLAVE LOC": 240530037, "TIPO DE ASENTAMIENTO": "COMUNIDAD INDIGENA", "NOMBRE": "MATLALAPA", "MONTO ASIGNADO (PESOS)": 540081, "LATITUD": 21.431612, "LONGITUD": -98.894389 }, "geometry": { "type": "Point", "coordinates": [ -98.894389, 21.431612 ] } },
{ "type": "Feature", "properties": { "NO": 60, "ENTIDAD": "SAN LUIS POTOSI", "MUNICIPIO": "AXTLA DE TERRAZAS", "PUEBLO INDIGENA O AFROMEXICANO": "NAHUA", "LOCALIDAD": "NUEVO AYOTOXCO", "CLAVE LOC": 240530076, "TIPO DE ASENTAMIENTO": "COMUNIDAD INDIGENA", "NOMBRE": "NUEVO AYOTOXCO", "MONTO ASIGNADO (PESOS)": 555110, "LATITUD": 21.456442, "LONGITUD": -98.841222 }, "geometry": { "type": "Point", "coordinates": [ -98.841222, 21.456442 ] } },
{ "type": "Feature", "properties": { "NO": 61, "ENTIDAD": "SAN LUIS POTOSI", "MUNICIPIO": "AXTLA DE TERRAZAS", "PUEBLO INDIGENA O AFROMEXICANO": "NAHUA", "LOCALIDAD": "PAPATLAYO", "CLAVE LOC": 240530039, "TIPO DE ASENTAMIENTO": "COMUNIDAD INDIGENA", "NOMBRE": "PAPATLAYO", "MONTO ASIGNADO (PESOS)": 151734, "LATITUD": 21.451565, "LONGITUD": -98.90777 }, "geometry": { "type": "Point", "coordinates": [ -98.90777, 21.451565 ] } },
{ "type": "Feature", "properties": { "NO": 62, "ENTIDAD": "SAN LUIS POTOSI", "MUNICIPIO": "AXTLA DE TERRAZAS", "PUEBLO INDIGENA O AFROMEXICANO": "NAHUA", "LOCALIDAD": "PICHOLCO", "CLAVE LOC": 240530041, "TIPO DE ASENTAMIENTO": "COMUNIDAD INDIGENA", "NOMBRE": "PICHOLCO", "MONTO ASIGNADO (PESOS)": 1436910, "LATITUD": 21.387439, "LONGITUD": -98.85213 }, "geometry": { "type": "Point", "coordinates": [ -98.85213, 21.387439 ] } },
{ "type": "Feature", "properties": { "NO": 63, "ENTIDAD": "SAN LUIS POTOSI", "MUNICIPIO": "AXTLA DE TERRAZAS", "PUEBLO INDIGENA O AFROMEXICANO": "NAHUA", "LOCALIDAD": "RANCHO NUEVO", "CLAVE LOC": 240530044, "TIPO DE ASENTAMIENTO": "COMUNIDAD INDIGENA", "NOMBRE": "RANCHO NUEVO", "MONTO ASIGNADO (PESOS)": 769897, "LATITUD": 21.453502, "LONGITUD": -98.932906 }, "geometry": { "type": "Point", "coordinates": [ -98.932906, 21.453502 ] } },
{ "type": "Feature", "properties": { "NO": 64, "ENTIDAD": "SAN LUIS POTOSI", "MUNICIPIO": "AXTLA DE TERRAZAS", "PUEBLO INDIGENA O AFROMEXICANO": "NAHUA", "LOCALIDAD": "SANTA FE TEXACAL (CENTRO URBANO)", "CLAVE LOC": 240530049, "TIPO DE ASENTAMIENTO": "COMUNIDAD INDIGENA", "NOMBRE": "SANTA FE TEXACAL", "MONTO ASIGNADO (PESOS)": 1006509, "LATITUD": 21.435473, "LONGITUD": -98.923349 }, "geometry": { "type": "Point", "coordinates": [ -98.923349, 21.435473 ] } },
{ "type": "Feature", "properties": { "NO": 65, "ENTIDAD": "SAN LUIS POTOSI", "MUNICIPIO": "AXTLA DE TERRAZAS", "PUEBLO INDIGENA O AFROMEXICANO": "NAHUA", "LOCALIDAD": "TAMPOCHOCHO", "CLAVE LOC": 240530052, "TIPO DE ASENTAMIENTO": "COMUNIDAD INDIGENA", "NOMBRE": "TAMPOCHOCHO", "MONTO ASIGNADO (PESOS)": 779836, "LATITUD": 21.490858, "LONGITUD": -98.871464 }, "geometry": { "type": "Point", "coordinates": [ -98.871464, 21.490858 ] } },
{ "type": "Feature", "properties": { "NO": 66, "ENTIDAD": "SAN LUIS POTOSI", "MUNICIPIO": "AXTLA DE TERRAZAS", "PUEBLO INDIGENA O AFROMEXICANO": "NAHUA", "LOCALIDAD": "TEMALACACO", "CLAVE LOC": 240530053, "TIPO DE ASENTAMIENTO": "COMUNIDAD INDIGENA", "NOMBRE": "TEMALACACO", "MONTO ASIGNADO (PESOS)": 1763088, "LATITUD": 21.413739, "LONGITUD": -98.846842 }, "geometry": { "type": "Point", "coordinates": [ -98.846842, 21.413739 ] } },
{ "type": "Feature", "properties": { "NO": 67, "ENTIDAD": "SAN LUIS POTOSI", "MUNICIPIO": "AXTLA DE TERRAZAS", "PUEBLO INDIGENA O AFROMEXICANO": "NAHUA", "LOCALIDAD": "TENEXCALCO (LA CEIBA)", "CLAVE LOC": 240530010, "TIPO DE ASENTAMIENTO": "COMUNIDAD INDIGENA", "NOMBRE": "LA CEIBA TENEXCALCO", "MONTO ASIGNADO (PESOS)": 1344647, "LATITUD": 21.388073, "LONGITUD": -98.904266 }, "geometry": { "type": "Point", "coordinates": [ -98.904266, 21.388073 ] } },
{ "type": "Feature", "properties": { "NO": 68, "ENTIDAD": "SAN LUIS POTOSI", "MUNICIPIO": "AXTLA DE TERRAZAS", "PUEBLO INDIGENA O AFROMEXICANO": "NAHUA", "LOCALIDAD": "TENEXIO", "CLAVE LOC": 240530055, "TIPO DE ASENTAMIENTO": "COMUNIDAD INDIGENA", "NOMBRE": "TENEXIO", "MONTO ASIGNADO (PESOS)": 901900, "LATITUD": 21.376716, "LONGITUD": -98.879629 }, "geometry": { "type": "Point", "coordinates": [ -98.879629, 21.376716 ] } },
{ "type": "Feature", "properties": { "NO": 69, "ENTIDAD": "SAN LUIS POTOSI", "MUNICIPIO": "AXTLA DE TERRAZAS", "PUEBLO INDIGENA O AFROMEXICANO": "NAHUA", "LOCALIDAD": "VIEJO AYOTOXCO", "CLAVE LOC": 240530007, "TIPO DE ASENTAMIENTO": "COMUNIDAD INDIGENA", "NOMBRE": "COMUNIDAD AYOTOXCO VIEJO", "MONTO ASIGNADO (PESOS)": 437657, "LATITUD": 21.431468, "LONGITUD": -98.854508 }, "geometry": { "type": "Point", "coordinates": [ -98.854508, 21.431468 ] } },
{ "type": "Feature", "properties": { "NO": 70, "ENTIDAD": "SAN LUIS POTOSI", "MUNICIPIO": "AXTLA DE TERRAZAS", "PUEBLO INDIGENA O AFROMEXICANO": "NAHUA", "LOCALIDAD": "XOLOCO", "CLAVE LOC": 240530059, "TIPO DE ASENTAMIENTO": "COMUNIDAD INDIGENA", "NOMBRE": "XOLOCO", "MONTO ASIGNADO (PESOS)": 585020, "LATITUD": 21.47095, "LONGITUD": -98.896021 }, "geometry": { "type": "Point", "coordinates": [ -98.896021, 21.47095 ] } },
{ "type": "Feature", "properties": { "NO": 71, "ENTIDAD": "SAN LUIS POTOSI", "MUNICIPIO": "AXTLA DE TERRAZAS", "PUEBLO INDIGENA O AFROMEXICANO": "NAHUA", "LOCALIDAD": "ZACAYUHUAL", "CLAVE LOC": 240530060, "TIPO DE ASENTAMIENTO": "COMUNIDAD INDIGENA", "NOMBRE": "ZACAYUHUATL", "MONTO ASIGNADO (PESOS)": 186494, "LATITUD": 21.459174, "LONGITUD": -98.864618 }, "geometry": { "type": "Point", "coordinates": [ -98.864618, 21.459174 ] } },
{ "type": "Feature", "properties": { "NO": 72, "ENTIDAD": "SAN LUIS POTOSI", "MUNICIPIO": "CIUDAD DEL MAIZ", "PUEBLO INDIGENA O AFROMEXICANO": "PAME", "LOCALIDAD": "COLONIA LAGUNILLAS", "CLAVE LOC": 240100043, "TIPO DE ASENTAMIENTO": "COMUNIDAD INDIGENA", "NOMBRE": "COLONIA LAGUNILLAS", "MONTO ASIGNADO (PESOS)": 574511, "LATITUD": 22.32827, "LONGITUD": -99.567283 }, "geometry": { "type": "Point", "coordinates": [ -99.567283, 22.32827 ] } },
{ "type": "Feature", "properties": { "NO": 73, "ENTIDAD": "SAN LUIS POTOSI", "MUNICIPIO": "CIUDAD DEL MAIZ", "PUEBLO INDIGENA O AFROMEXICANO": "PAME", "LOCALIDAD": "EJIDO SAN JOSE", "CLAVE LOC": 240100260, "TIPO DE ASENTAMIENTO": "COMUNIDAD INDIGENA", "NOMBRE": "EJIDO SAN JOSÉ", "MONTO ASIGNADO (PESOS)": 822201, "LATITUD": 22.398531, "LONGITUD": -99.619689 }, "geometry": { "type": "Point", "coordinates": [ -99.619689, 22.398531 ] } },
{ "type": "Feature", "properties": { "NO": 74, "ENTIDAD": "SAN LUIS POTOSI", "MUNICIPIO": "CIUDAD DEL MAIZ", "PUEBLO INDIGENA O AFROMEXICANO": "PAME", "LOCALIDAD": "LA GUACAMAYA (LA LAGUNITA)", "CLAVE LOC": 240100041, "TIPO DE ASENTAMIENTO": "COMUNIDAD INDIGENA", "NOMBRE": "GUACAMAYA, LA LAGUNITA", "MONTO ASIGNADO (PESOS)": 204278, "LATITUD": 22.423727, "LONGITUD": -99.598205 }, "geometry": { "type": "Point", "coordinates": [ -99.598205, 22.423727 ] } },
{ "type": "Feature", "properties": { "NO": 75, "ENTIDAD": "SAN LUIS POTOSI", "MUNICIPIO": "CIUDAD DEL MAIZ", "PUEBLO INDIGENA O AFROMEXICANO": "PAME", "LOCALIDAD": "LAS GAVIAS", "CLAVE LOC": 240100039, "TIPO DE ASENTAMIENTO": "COMUNIDAD INDIGENA", "NOMBRE": "LAS GAVIAS", "MONTO ASIGNADO (PESOS)": 170326, "LATITUD": 22.229224, "LONGITUD": -99.509957 }, "geometry": { "type": "Point", "coordinates": [ -99.509957, 22.229224 ] } },
{ "type": "Feature", "properties": { "NO": 76, "ENTIDAD": "SAN LUIS POTOSI", "MUNICIPIO": "CIUDAD DEL MAIZ", "PUEBLO INDIGENA O AFROMEXICANO": "PAME", "LOCALIDAD": "POTRERITOS DE LOS LLANOS", "CLAVE LOC": 240100073, "TIPO DE ASENTAMIENTO": "COMUNIDAD INDIGENA", "NOMBRE": "POTRERITO DE LOS LLANOS", "MONTO ASIGNADO (PESOS)": 160626, "LATITUD": 22.247711, "LONGITUD": -99.448271 }, "geometry": { "type": "Point", "coordinates": [ -99.448271, 22.247711 ] } },
{ "type": "Feature", "properties": { "NO": 77, "ENTIDAD": "SAN LUIS POTOSI", "MUNICIPIO": "CIUDAD DEL MAIZ", "PUEBLO INDIGENA O AFROMEXICANO": "PAME", "LOCALIDAD": "SAN JUAN DEL LLANO", "CLAVE LOC": 240100086, "TIPO DE ASENTAMIENTO": "COMUNIDAD INDIGENA", "NOMBRE": "SAN JUAN DEL LLANO", "MONTO ASIGNADO (PESOS)": 424963, "LATITUD": 22.454682, "LONGITUD": -99.591448 }, "geometry": { "type": "Point", "coordinates": [ -99.591448, 22.454682 ] } },
{ "type": "Feature", "properties": { "NO": 78, "ENTIDAD": "SAN LUIS POTOSI", "MUNICIPIO": "CIUDAD DEL MAIZ", "PUEBLO INDIGENA O AFROMEXICANO": "PAME", "LOCALIDAD": "SAN RAFAEL CARRETERA", "CLAVE LOC": 240100091, "TIPO DE ASENTAMIENTO": "COMUNIDAD INDIGENA", "NOMBRE": "SAN RAFAEL CARRETERA", "MONTO ASIGNADO (PESOS)": 344126, "LATITUD": 22.630089, "LONGITUD": -99.879234 }, "geometry": { "type": "Point", "coordinates": [ -99.879234, 22.630089 ] } },
{ "type": "Feature", "properties": { "NO": 79, "ENTIDAD": "SAN LUIS POTOSI", "MUNICIPIO": "CIUDAD DEL MAIZ", "PUEBLO INDIGENA O AFROMEXICANO": "PAME", "LOCALIDAD": "ZAMACHIHUE", "CLAVE LOC": 240100104, "TIPO DE ASENTAMIENTO": "COMUNIDAD INDIGENA", "NOMBRE": "ZAMACHIHUE", "MONTO ASIGNADO (PESOS)": 1196954, "LATITUD": 22.50727, "LONGITUD": -99.655844 }, "geometry": { "type": "Point", "coordinates": [ -99.655844, 22.50727 ] } },
{ "type": "Feature", "properties": { "NO": 80, "ENTIDAD": "SAN LUIS POTOSI", "MUNICIPIO": "CIUDAD VALLES", "PUEBLO INDIGENA O AFROMEXICANO": "NAHUA", "LOCALIDAD": "ADOLFO LOPEZ MATEOS", "CLAVE LOC": 240130005, "TIPO DE ASENTAMIENTO": "COMUNIDAD INDIGENA", "NOMBRE": "ADOLFO LÓPEZ MATEOS", "MONTO ASIGNADO (PESOS)": 218020, "LATITUD": 21.885058, "LONGITUD": -98.903078 }, "geometry": { "type": "Point", "coordinates": [ -98.903078, 21.885058 ] } },
{ "type": "Feature", "properties": { "NO": 81, "ENTIDAD": "SAN LUIS POTOSI", "MUNICIPIO": "CIUDAD VALLES", "PUEBLO INDIGENA O AFROMEXICANO": "HUASTECO", "LOCALIDAD": "ALVARO OBREGON", "CLAVE LOC": 240130083, "TIPO DE ASENTAMIENTO": "COMUNIDAD INDIGENA", "NOMBRE": "EJIDO ÁLVARO OBREGÓN", "MONTO ASIGNADO (PESOS)": 1843352, "LATITUD": 21.909418, "LONGITUD": -98.951349 }, "geometry": { "type": "Point", "coordinates": [ -98.951349, 21.909418 ] } },
{ "type": "Feature", "properties": { "NO": 82, "ENTIDAD": "SAN LUIS POTOSI", "MUNICIPIO": "CIUDAD VALLES", "PUEBLO INDIGENA O AFROMEXICANO": "HUASTECO", "LOCALIDAD": "COMUNIDAD OJO DE AGUA", "CLAVE LOC": 240131207, "TIPO DE ASENTAMIENTO": "COMUNIDAD INDIGENA", "NOMBRE": "OJO DE AGUA ZONA NORTE", "MONTO ASIGNADO (PESOS)": 187652, "LATITUD": 22.351001, "LONGITUD": -99.182279 }, "geometry": { "type": "Point", "coordinates": [ -99.182279, 22.351001 ] } },
{ "type": "Feature", "properties": { "NO": 83, "ENTIDAD": "SAN LUIS POTOSI", "MUNICIPIO": "CIUDAD VALLES", "PUEBLO INDIGENA O AFROMEXICANO": "HUASTECO", "LOCALIDAD": "EJIDO EL CHUCHUPE", "CLAVE LOC": 240130061, "TIPO DE ASENTAMIENTO": "COMUNIDAD INDIGENA", "NOMBRE": "EL CHUCHUPE", "MONTO ASIGNADO (PESOS)": 188111, "LATITUD": 21.850599, "LONGITUD": -99.075539 }, "geometry": { "type": "Point", "coordinates": [ -99.075539, 21.850599 ] } },
{ "type": "Feature", "properties": { "NO": 84, "ENTIDAD": "SAN LUIS POTOSI", "MUNICIPIO": "CIUDAD VALLES", "PUEBLO INDIGENA O AFROMEXICANO": "NAHUA", "LOCALIDAD": "EJIDO EL LOBO", "CLAVE LOC": 240130264, "TIPO DE ASENTAMIENTO": "COMUNIDAD INDIGENA", "NOMBRE": "EJIDO EL LOBO YANEXAS", "MONTO ASIGNADO (PESOS)": 429813, "LATITUD": 21.811479, "LONGITUD": -98.880857 }, "geometry": { "type": "Point", "coordinates": [ -98.880857, 21.811479 ] } },
{ "type": "Feature", "properties": { "NO": 85, "ENTIDAD": "SAN LUIS POTOSI", "MUNICIPIO": "CIUDAD VALLES", "PUEBLO INDIGENA O AFROMEXICANO": "HUASTECO", "LOCALIDAD": "EJIDO EMILIANO ZAPATA", "CLAVE LOC": 240130594, "TIPO DE ASENTAMIENTO": "COMUNIDAD INDIGENA", "NOMBRE": "EJIDO EMILIANO ZAPATA", "MONTO ASIGNADO (PESOS)": 190536, "LATITUD": 21.811578, "LONGITUD": -98.914589 }, "geometry": { "type": "Point", "coordinates": [ -98.914589, 21.811578 ] } },
{ "type": "Feature", "properties": { "NO": 86, "ENTIDAD": "SAN LUIS POTOSI", "MUNICIPIO": "CIUDAD VALLES", "PUEBLO INDIGENA O AFROMEXICANO": "HUASTECO", "LOCALIDAD": "EL CHICAL DOS", "CLAVE LOC": 240130621, "TIPO DE ASENTAMIENTO": "COMUNIDAD INDIGENA", "NOMBRE": "EL CHICAL 2", "MONTO ASIGNADO (PESOS)": 193933, "LATITUD": 21.859184, "LONGITUD": -99.141651 }, "geometry": { "type": "Point", "coordinates": [ -99.141651, 21.859184 ] } },
{ "type": "Feature", "properties": { "NO": 87, "ENTIDAD": "SAN LUIS POTOSI", "MUNICIPIO": "CIUDAD VALLES", "PUEBLO INDIGENA O AFROMEXICANO": "HUASTECO", "LOCALIDAD": "EL CHICAL UNO", "CLAVE LOC": 240130620, "TIPO DE ASENTAMIENTO": "COMUNIDAD INDIGENA", "NOMBRE": "EL CHICAL UNO", "MONTO ASIGNADO (PESOS)": 157393, "LATITUD": 21.849125, "LONGITUD": -99.130938 }, "geometry": { "type": "Point", "coordinates": [ -99.130938, 21.849125 ] } },
{ "type": "Feature", "properties": { "NO": 88, "ENTIDAD": "SAN LUIS POTOSI", "MUNICIPIO": "CIUDAD VALLES", "PUEBLO INDIGENA O AFROMEXICANO": "HUASTECO", "LOCALIDAD": "EL SIDRAL (SAN MIGUEL EL SIDRAL)", "CLAVE LOC": 240130038, "TIPO DE ASENTAMIENTO": "COMUNIDAD INDIGENA", "NOMBRE": "EL SIDRAL (SAN MIGUEL EL SIDRAL)", "MONTO ASIGNADO (PESOS)": 804823, "LATITUD": 21.833606, "LONGITUD": -99.055568 }, "geometry": { "type": "Point", "coordinates": [ -99.055568, 21.833606 ] } },
{ "type": "Feature", "properties": { "NO": 89, "ENTIDAD": "SAN LUIS POTOSI", "MUNICIPIO": "CIUDAD VALLES", "PUEBLO INDIGENA O AFROMEXICANO": "NAHUA", "LOCALIDAD": "LA AGUAJE", "CLAVE LOC": 240131028, "TIPO DE ASENTAMIENTO": "COMUNIDAD INDIGENA", "NOMBRE": "LA AGUAJE", "MONTO ASIGNADO (PESOS)": 102227, "LATITUD": 22.056265, "LONGITUD": -98.918694 }, "geometry": { "type": "Point", "coordinates": [ -98.918694, 22.056265 ] } },
{ "type": "Feature", "properties": { "NO": 90, "ENTIDAD": "SAN LUIS POTOSI", "MUNICIPIO": "CIUDAD VALLES", "PUEBLO INDIGENA O AFROMEXICANO": "HUASTECO", "LOCALIDAD": "LA LIMA", "CLAVE LOC": 240130107, "TIPO DE ASENTAMIENTO": "COMUNIDAD INDIGENA", "NOMBRE": "EJIDO LA LIMA", "MONTO ASIGNADO (PESOS)": 1796591, "LATITUD": 21.924649, "LONGITUD": -99.101593 }, "geometry": { "type": "Point", "coordinates": [ -99.101593, 21.924649 ] } },
{ "type": "Feature", "properties": { "NO": 91, "ENTIDAD": "SAN LUIS POTOSI", "MUNICIPIO": "CIUDAD VALLES", "PUEBLO INDIGENA O AFROMEXICANO": "HUASTECO", "LOCALIDAD": "LA PILA", "CLAVE LOC": 240130141, "TIPO DE ASENTAMIENTO": "COMUNIDAD INDIGENA", "NOMBRE": "LA PILA", "MONTO ASIGNADO (PESOS)": 1332035, "LATITUD": 21.868461, "LONGITUD": -99.083619 }, "geometry": { "type": "Point", "coordinates": [ -99.083619, 21.868461 ] } },
{ "type": "Feature", "properties": { "NO": 92, "ENTIDAD": "SAN LUIS POTOSI", "MUNICIPIO": "CIUDAD VALLES", "PUEBLO INDIGENA O AFROMEXICANO": "HUASTECO", "LOCALIDAD": "LA PITAYA (LA PITAHAYA)", "CLAVE LOC": 240130143, "TIPO DE ASENTAMIENTO": "COMUNIDAD INDIGENA", "NOMBRE": "EJIDO LA PITAHAYA", "MONTO ASIGNADO (PESOS)": 293198, "LATITUD": 21.999886, "LONGITUD": -99.127326 }, "geometry": { "type": "Point", "coordinates": [ -99.127326, 21.999886 ] } },
{ "type": "Feature", "properties": { "NO": 93, "ENTIDAD": "SAN LUIS POTOSI", "MUNICIPIO": "CIUDAD VALLES", "PUEBLO INDIGENA O AFROMEXICANO": "HUASTECO", "LOCALIDAD": "LA SUBIDA", "CLAVE LOC": 240130210, "TIPO DE ASENTAMIENTO": "COMUNIDAD INDIGENA", "NOMBRE": "LA SUBIDA", "MONTO ASIGNADO (PESOS)": 1628714, "LATITUD": 21.904322, "LONGITUD": -99.098619 }, "geometry": { "type": "Point", "coordinates": [ -99.098619, 21.904322 ] } },
{ "type": "Feature", "properties": { "NO": 94, "ENTIDAD": "SAN LUIS POTOSI", "MUNICIPIO": "CIUDAD VALLES", "PUEBLO INDIGENA O AFROMEXICANO": "HUASTECO", "LOCALIDAD": "LAGUNA DEL MANTE", "CLAVE LOC": 240130244, "TIPO DE ASENTAMIENTO": "COMUNIDAD INDIGENA", "NOMBRE": "LAGUNA DEL MANTE", "MONTO ASIGNADO (PESOS)": 2290198, "LATITUD": 22.22002, "LONGITUD": -98.989652 }, "geometry": { "type": "Point", "coordinates": [ -98.989652, 22.22002 ] } },
{ "type": "Feature", "properties": { "NO": 95, "ENTIDAD": "SAN LUIS POTOSI", "MUNICIPIO": "CIUDAD VALLES", "PUEBLO INDIGENA O AFROMEXICANO": "HUASTECO", "LOCALIDAD": "LAS CHOCHAS", "CLAVE LOC": 240130315, "TIPO DE ASENTAMIENTO": "COMUNIDAD INDIGENA", "NOMBRE": "LAS CHOCHAS", "MONTO ASIGNADO (PESOS)": 131121, "LATITUD": 21.84966, "LONGITUD": -99.072474 }, "geometry": { "type": "Point", "coordinates": [ -99.072474, 21.84966 ] } },
{ "type": "Feature", "properties": { "NO": 96, "ENTIDAD": "SAN LUIS POTOSI", "MUNICIPIO": "CIUDAD VALLES", "PUEBLO INDIGENA O AFROMEXICANO": "HUASTECO", "LOCALIDAD": "LOMA DEL DESENGAÑO (EJIDO EL DESENGAÑO DOS)", "CLAVE LOC": 240130589, "TIPO DE ASENTAMIENTO": "COMUNIDAD INDIGENA", "NOMBRE": "EJIDO EL DESENGAÑO 2", "MONTO ASIGNADO (PESOS)": 380502, "LATITUD": 21.829784, "LONGITUD": -98.854594 }, "geometry": { "type": "Point", "coordinates": [ -98.854594, 21.829784 ] } },
{ "type": "Feature", "properties": { "NO": 97, "ENTIDAD": "SAN LUIS POTOSI", "MUNICIPIO": "CIUDAD VALLES", "PUEBLO INDIGENA O AFROMEXICANO": "NAHUA", "LOCALIDAD": "LOS SABINOS NUMERO DOS", "CLAVE LOC": 240130175, "TIPO DE ASENTAMIENTO": "COMUNIDAD INDIGENA", "NOMBRE": "LOS SABINOS NÚMERO DOS", "MONTO ASIGNADO (PESOS)": 620588, "LATITUD": 22.100043, "LONGITUD": -98.976019 }, "geometry": { "type": "Point", "coordinates": [ -98.976019, 22.100043 ] } },
{ "type": "Feature", "properties": { "NO": 98, "ENTIDAD": "SAN LUIS POTOSI", "MUNICIPIO": "CIUDAD VALLES", "PUEBLO INDIGENA O AFROMEXICANO": "HUASTECO", "LOCALIDAD": "OJO DE AGUA", "CLAVE LOC": 240130127, "TIPO DE ASENTAMIENTO": "COMUNIDAD INDIGENA", "NOMBRE": "OJO DE AGUA ZONA NORTE", "MONTO ASIGNADO (PESOS)": 2172985, "LATITUD": 21.961551, "LONGITUD": -99.115133 }, "geometry": { "type": "Point", "coordinates": [ -99.115133, 21.961551 ] } },
{ "type": "Feature", "properties": { "NO": 99, "ENTIDAD": "SAN LUIS POTOSI", "MUNICIPIO": "CIUDAD VALLES", "PUEBLO INDIGENA O AFROMEXICANO": "HUASTECO", "LOCALIDAD": "RANCHO NUEVO", "CLAVE LOC": 240130161, "TIPO DE ASENTAMIENTO": "COMUNIDAD INDIGENA", "NOMBRE": "EJIDO RANCHO NUEVO", "MONTO ASIGNADO (PESOS)": 1860402, "LATITUD": 21.87611, "LONGITUD": -99.088611 }, "geometry": { "type": "Point", "coordinates": [ -99.088611, 21.87611 ] } },
{ "type": "Feature", "properties": { "NO": 100, "ENTIDAD": "SAN LUIS POTOSI", "MUNICIPIO": "CIUDAD VALLES", "PUEBLO INDIGENA O AFROMEXICANO": "HUASTECO", "LOCALIDAD": "SAN ANTONIO HUICHIMAL", "CLAVE LOC": 240130180, "TIPO DE ASENTAMIENTO": "COMUNIDAD INDIGENA", "NOMBRE": "EJIDO SAN ANTONIO HUICHIMAL", "MONTO ASIGNADO (PESOS)": 1203751, "LATITUD": 21.938549, "LONGITUD": -99.107864 }, "geometry": { "type": "Point", "coordinates": [ -99.107864, 21.938549 ] } },
{ "type": "Feature", "properties": { "NO": 101, "ENTIDAD": "SAN LUIS POTOSI", "MUNICIPIO": "CIUDAD VALLES", "PUEBLO INDIGENA O AFROMEXICANO": "HUASTECO", "LOCALIDAD": "SAN JUAN", "CLAVE LOC": 240130461, "TIPO DE ASENTAMIENTO": "COMUNIDAD INDIGENA", "NOMBRE": "SAN JUAN", "MONTO ASIGNADO (PESOS)": 278102, "LATITUD": 21.804085, "LONGITUD": -98.994665 }, "geometry": { "type": "Point", "coordinates": [ -98.994665, 21.804085 ] } },
{ "type": "Feature", "properties": { "NO": 102, "ENTIDAD": "SAN LUIS POTOSI", "MUNICIPIO": "CIUDAD VALLES", "PUEBLO INDIGENA O AFROMEXICANO": "HUASTECO", "LOCALIDAD": "TANTOBAL", "CLAVE LOC": 240130224, "TIPO DE ASENTAMIENTO": "COMUNIDAD INDIGENA", "NOMBRE": "EJIDO TANTOBAL", "MONTO ASIGNADO (PESOS)": 548643, "LATITUD": 21.784017, "LONGITUD": -98.94065 }, "geometry": { "type": "Point", "coordinates": [ -98.94065, 21.784017 ] } },
{ "type": "Feature", "properties": { "NO": 103, "ENTIDAD": "SAN LUIS POTOSI", "MUNICIPIO": "COXCATLAN", "PUEBLO INDIGENA O AFROMEXICANO": "NAHUA", "LOCALIDAD": "AJACACO", "CLAVE LOC": 240140002, "TIPO DE ASENTAMIENTO": "COMUNIDAD INDIGENA", "NOMBRE": "AJACACO", "MONTO ASIGNADO (PESOS)": 251721, "LATITUD": 21.499076, "LONGITUD": -98.961146 }, "geometry": { "type": "Point", "coordinates": [ -98.961146, 21.499076 ] } },
{ "type": "Feature", "properties": { "NO": 104, "ENTIDAD": "SAN LUIS POTOSI", "MUNICIPIO": "COXCATLAN", "PUEBLO INDIGENA O AFROMEXICANO": "NAHUA", "LOCALIDAD": "AJUATITLA PRIMERA SECCION", "CLAVE LOC": 240140003, "TIPO DE ASENTAMIENTO": "COMUNIDAD INDIGENA", "NOMBRE": "AJUATITLA", "MONTO ASIGNADO (PESOS)": 770705, "LATITUD": 21.517522, "LONGITUD": -98.908071 }, "geometry": { "type": "Point", "coordinates": [ -98.908071, 21.517522 ] } },
{ "type": "Feature", "properties": { "NO": 105, "ENTIDAD": "SAN LUIS POTOSI", "MUNICIPIO": "COXCATLAN", "PUEBLO INDIGENA O AFROMEXICANO": "NAHUA", "LOCALIDAD": "AMAXAC", "CLAVE LOC": 240140004, "TIPO DE ASENTAMIENTO": "COMUNIDAD INDIGENA", "NOMBRE": "AMAXAC", "MONTO ASIGNADO (PESOS)": 899236, "LATITUD": 21.498232, "LONGITUD": -98.897251 }, "geometry": { "type": "Point", "coordinates": [ -98.897251, 21.498232 ] } },
{ "type": "Feature", "properties": { "NO": 106, "ENTIDAD": "SAN LUIS POTOSI", "MUNICIPIO": "COXCATLAN", "PUEBLO INDIGENA O AFROMEXICANO": "NAHUA", "LOCALIDAD": "ATLAPA", "CLAVE LOC": 240140005, "TIPO DE ASENTAMIENTO": "COMUNIDAD INDIGENA", "NOMBRE": "ATLAPA", "MONTO ASIGNADO (PESOS)": 161434, "LATITUD": 21.520678, "LONGITUD": -98.960054 }, "geometry": { "type": "Point", "coordinates": [ -98.960054, 21.520678 ] } },
{ "type": "Feature", "properties": { "NO": 107, "ENTIDAD": "SAN LUIS POTOSI", "MUNICIPIO": "COXCATLAN", "PUEBLO INDIGENA O AFROMEXICANO": "NAHUA", "LOCALIDAD": "BARRIO PANUHUAYA", "CLAVE LOC": 240140083, "TIPO DE ASENTAMIENTO": "COMUNIDAD INDIGENA", "NOMBRE": "PANUHUAYA", "MONTO ASIGNADO (PESOS)": 106465, "LATITUD": 21.53604, "LONGITUD": -98.918779 }, "geometry": { "type": "Point", "coordinates": [ -98.918779, 21.53604 ] } },
{ "type": "Feature", "properties": { "NO": 108, "ENTIDAD": "SAN LUIS POTOSI", "MUNICIPIO": "COXCATLAN", "PUEBLO INDIGENA O AFROMEXICANO": "NAHUA", "LOCALIDAD": "COAMILA", "CLAVE LOC": 240140008, "TIPO DE ASENTAMIENTO": "COMUNIDAD INDIGENA", "NOMBRE": "COAMILA", "MONTO ASIGNADO (PESOS)": 347196, "LATITUD": 21.488815, "LONGITUD": -98.91319 }, "geometry": { "type": "Point", "coordinates": [ -98.91319, 21.488815 ] } },
{ "type": "Feature", "properties": { "NO": 109, "ENTIDAD": "SAN LUIS POTOSI", "MUNICIPIO": "COXCATLAN", "PUEBLO INDIGENA O AFROMEXICANO": "NAHUA", "LOCALIDAD": "COLALTITLA", "CLAVE LOC": 240140009, "TIPO DE ASENTAMIENTO": "COMUNIDAD INDIGENA", "NOMBRE": "BARRIO ACAYOCOLALTITLA", "MONTO ASIGNADO (PESOS)": 162243, "LATITUD": 21.555201, "LONGITUD": -98.913873 }, "geometry": { "type": "Point", "coordinates": [ -98.913873, 21.555201 ] } },
{ "type": "Feature", "properties": { "NO": 110, "ENTIDAD": "SAN LUIS POTOSI", "MUNICIPIO": "COXCATLAN", "PUEBLO INDIGENA O AFROMEXICANO": "NAHUA", "LOCALIDAD": "COMUNIDAD CALMECAYO", "CLAVE LOC": 240140040, "TIPO DE ASENTAMIENTO": "COMUNIDAD INDIGENA", "NOMBRE": "CALMECAYO", "MONTO ASIGNADO (PESOS)": 538943, "LATITUD": 21.523567, "LONGITUD": -98.874087 }, "geometry": { "type": "Point", "coordinates": [ -98.874087, 21.523567 ] } },
{ "type": "Feature", "properties": { "NO": 111, "ENTIDAD": "SAN LUIS POTOSI", "MUNICIPIO": "COXCATLAN", "PUEBLO INDIGENA O AFROMEXICANO": "NAHUA", "LOCALIDAD": "COMUNIDAD MOYOTLA", "CLAVE LOC": 240140086, "TIPO DE ASENTAMIENTO": "COMUNIDAD INDIGENA", "NOMBRE": "COMUNIDAD MOYOTLA", "MONTO ASIGNADO (PESOS)": 543553, "LATITUD": 21.515076, "LONGITUD": -98.922407 }, "geometry": { "type": "Point", "coordinates": [ -98.922407, 21.515076 ] } },
{ "type": "Feature", "properties": { "NO": 112, "ENTIDAD": "SAN LUIS POTOSI", "MUNICIPIO": "COXCATLAN", "PUEBLO INDIGENA O AFROMEXICANO": "NAHUA", "LOCALIDAD": "COMUNIDAD TEPETZINTLA", "CLAVE LOC": 240140075, "TIPO DE ASENTAMIENTO": "COMUNIDAD INDIGENA", "NOMBRE": "TEPETZINTLA", "MONTO ASIGNADO (PESOS)": 99714, "LATITUD": 21.540594, "LONGITUD": -98.891775 }, "geometry": { "type": "Point", "coordinates": [ -98.891775, 21.540594 ] } },
{ "type": "Feature", "properties": { "NO": 113, "ENTIDAD": "SAN LUIS POTOSI", "MUNICIPIO": "COXCATLAN", "PUEBLO INDIGENA O AFROMEXICANO": "NAHUA", "LOCALIDAD": "CUILONICO", "CLAVE LOC": 240140010, "TIPO DE ASENTAMIENTO": "COMUNIDAD INDIGENA", "NOMBRE": "CUILONICO", "MONTO ASIGNADO (PESOS)": 692974, "LATITUD": 21.518155, "LONGITUD": -98.936721 }, "geometry": { "type": "Point", "coordinates": [ -98.936721, 21.518155 ] } },
{ "type": "Feature", "properties": { "NO": 114, "ENTIDAD": "SAN LUIS POTOSI", "MUNICIPIO": "COXCATLAN", "PUEBLO INDIGENA O AFROMEXICANO": "NAHUA", "LOCALIDAD": "EJIDO CALMECAYO", "CLAVE LOC": 240140007, "TIPO DE ASENTAMIENTO": "COMUNIDAD INDIGENA", "NOMBRE": "EJIDO CALMECAYO", "MONTO ASIGNADO (PESOS)": 370802, "LATITUD": 21.520357, "LONGITUD": -98.86285 }, "geometry": { "type": "Point", "coordinates": [ -98.86285, 21.520357 ] } },
{ "type": "Feature", "properties": { "NO": 115, "ENTIDAD": "SAN LUIS POTOSI", "MUNICIPIO": "COXCATLAN", "PUEBLO INDIGENA O AFROMEXICANO": "NAHUA", "LOCALIDAD": "EJIDO NUEVO CALMECAYO", "CLAVE LOC": 240140068, "TIPO DE ASENTAMIENTO": "COMUNIDAD INDIGENA", "NOMBRE": "EJIDO NUEVO CALMECAYO", "MONTO ASIGNADO (PESOS)": 197003, "LATITUD": 21.523077, "LONGITUD": -98.875508 }, "geometry": { "type": "Point", "coordinates": [ -98.875508, 21.523077 ] } },
{ "type": "Feature", "properties": { "NO": 116, "ENTIDAD": "SAN LUIS POTOSI", "MUNICIPIO": "COXCATLAN", "PUEBLO INDIGENA O AFROMEXICANO": "NAHUA", "LOCALIDAD": "EL JOPOY", "CLAVE LOC": 240140013, "TIPO DE ASENTAMIENTO": "LOCALIDAD CON POBLACION INDIGENA", "NOMBRE": "EL JOPOY", "MONTO ASIGNADO (PESOS)": 245439, "LATITUD": 21.483799, "LONGITUD": -98.896566 }, "geometry": { "type": "Point", "coordinates": [ -98.896566, 21.483799 ] } },
{ "type": "Feature", "properties": { "NO": 117, "ENTIDAD": "SAN LUIS POTOSI", "MUNICIPIO": "COXCATLAN", "PUEBLO INDIGENA O AFROMEXICANO": "NAHUA", "LOCALIDAD": "EL SABINO", "CLAVE LOC": 240140022, "TIPO DE ASENTAMIENTO": "COMUNIDAD INDIGENA", "NOMBRE": "EL SABINO", "MONTO ASIGNADO (PESOS)": 746368, "LATITUD": 21.548386, "LONGITUD": -98.893897 }, "geometry": { "type": "Point", "coordinates": [ -98.893897, 21.548386 ] } },
{ "type": "Feature", "properties": { "NO": 118, "ENTIDAD": "SAN LUIS POTOSI", "MUNICIPIO": "COXCATLAN", "PUEBLO INDIGENA O AFROMEXICANO": "NAHUA", "LOCALIDAD": "EL ZAPOTE", "CLAVE LOC": 240140039, "TIPO DE ASENTAMIENTO": "COMUNIDAD INDIGENA", "NOMBRE": "EL ZAPOTE", "MONTO ASIGNADO (PESOS)": 129100, "LATITUD": 21.529089, "LONGITUD": -98.928786 }, "geometry": { "type": "Point", "coordinates": [ -98.928786, 21.529089 ] } },
{ "type": "Feature", "properties": { "NO": 119, "ENTIDAD": "SAN LUIS POTOSI", "MUNICIPIO": "COXCATLAN", "PUEBLO INDIGENA O AFROMEXICANO": "NAHUA", "LOCALIDAD": "IXPATLACH", "CLAVE LOC": 240140011, "TIPO DE ASENTAMIENTO": "COMUNIDAD INDIGENA", "NOMBRE": "IXPATLACH", "MONTO ASIGNADO (PESOS)": 223679, "LATITUD": 21.529543, "LONGITUD": -98.935821 }, "geometry": { "type": "Point", "coordinates": [ -98.935821, 21.529543 ] } },
{ "type": "Feature", "properties": { "NO": 120, "ENTIDAD": "SAN LUIS POTOSI", "MUNICIPIO": "COXCATLAN", "PUEBLO INDIGENA O AFROMEXICANO": "NAHUA", "LOCALIDAD": "IXTIAMEL", "CLAVE LOC": 240140012, "TIPO DE ASENTAMIENTO": "COMUNIDAD INDIGENA", "NOMBRE": "IXTIAMEL", "MONTO ASIGNADO (PESOS)": 184069, "LATITUD": 21.524723, "LONGITUD": -98.892642 }, "geometry": { "type": "Point", "coordinates": [ -98.892642, 21.524723 ] } },
{ "type": "Feature", "properties": { "NO": 121, "ENTIDAD": "SAN LUIS POTOSI", "MUNICIPIO": "COXCATLAN", "PUEBLO INDIGENA O AFROMEXICANO": "NAHUA", "LOCALIDAD": "LASMESAS", "CLAVE LOC": 240140016, "TIPO DE ASENTAMIENTO": "COMUNIDAD INDIGENA", "NOMBRE": "LAS MESAS", "MONTO ASIGNADO (PESOS)": 527625, "LATITUD": 21.526983, "LONGITUD": -98.854044 }, "geometry": { "type": "Point", "coordinates": [ -98.854044, 21.526983 ] } },
{ "type": "Feature", "properties": { "NO": 122, "ENTIDAD": "SAN LUIS POTOSI", "MUNICIPIO": "COXCATLAN", "PUEBLO INDIGENA O AFROMEXICANO": "NAHUA", "LOCALIDAD": "MAHUAJCO", "CLAVE LOC": 240140014, "TIPO DE ASENTAMIENTO": "COMUNIDAD INDIGENA", "NOMBRE": "MAHUAJCO", "MONTO ASIGNADO (PESOS)": 407178, "LATITUD": 21.527601, "LONGITUD": -98.942702 }, "geometry": { "type": "Point", "coordinates": [ -98.942702, 21.527601 ] } },
{ "type": "Feature", "properties": { "NO": 123, "ENTIDAD": "SAN LUIS POTOSI", "MUNICIPIO": "COXCATLAN", "PUEBLO INDIGENA O AFROMEXICANO": "NAHUA", "LOCALIDAD": "MAYTLA (EL CIRUELO)", "CLAVE LOC": 240140046, "TIPO DE ASENTAMIENTO": "COMUNIDAD INDIGENA", "NOMBRE": "EJIDO MAYTLA", "MONTO ASIGNADO (PESOS)": 247930, "LATITUD": 21.556934, "LONGITUD": -98.899142 }, "geometry": { "type": "Point", "coordinates": [ -98.899142, 21.556934 ] } },
{ "type": "Feature", "properties": { "NO": 124, "ENTIDAD": "SAN LUIS POTOSI", "MUNICIPIO": "COXCATLAN", "PUEBLO INDIGENA O AFROMEXICANO": "NAHUA", "LOCALIDAD": "PETLACOYO", "CLAVE LOC": 240140020, "TIPO DE ASENTAMIENTO": "COMUNIDAD INDIGENA", "NOMBRE": "PETLACOYO", "MONTO ASIGNADO (PESOS)": 310174, "LATITUD": 21.498233, "LONGITUD": -98.910063 }, "geometry": { "type": "Point", "coordinates": [ -98.910063, 21.498233 ] } },
{ "type": "Feature", "properties": { "NO": 125, "ENTIDAD": "SAN LUIS POTOSI", "MUNICIPIO": "COXCATLAN", "PUEBLO INDIGENA O AFROMEXICANO": "NAHUA", "LOCALIDAD": "QUILICO", "CLAVE LOC": 240140021, "TIPO DE ASENTAMIENTO": "COMUNIDAD INDIGENA", "NOMBRE": "QUILICO", "MONTO ASIGNADO (PESOS)": 177602, "LATITUD": 21.53023, "LONGITUD": -98.917207 }, "geometry": { "type": "Point", "coordinates": [ -98.917207, 21.53023 ] } },
{ "type": "Feature", "properties": { "NO": 126, "ENTIDAD": "SAN LUIS POTOSI", "MUNICIPIO": "COXCATLAN", "PUEBLO INDIGENA O AFROMEXICANO": "NAHUA", "LOCALIDAD": "RANCHO COLALTITLA", "CLAVE LOC": 240140072, "TIPO DE ASENTAMIENTO": "LOCALIDAD CON POBLACION INDIGENA", "NOMBRE": "RANCHO COLALTITLA", "MONTO ASIGNADO (PESOS)": 154989, "LATITUD": 21.554262, "LONGITUD": -98.918996 }, "geometry": { "type": "Point", "coordinates": [ -98.918996, 21.554262 ] } },
{ "type": "Feature", "properties": { "NO": 127, "ENTIDAD": "SAN LUIS POTOSI", "MUNICIPIO": "COXCATLAN", "PUEBLO INDIGENA O AFROMEXICANO": "NAHUA", "LOCALIDAD": "RANCHO CUILONICO", "CLAVE LOC": 240140084, "TIPO DE ASENTAMIENTO": "COMUNIDAD INDIGENA", "NOMBRE": "RANCHO CUILONICO", "MONTO ASIGNADO (PESOS)": 162243, "LATITUD": 21.519977, "LONGITUD": -98.935147 }, "geometry": { "type": "Point", "coordinates": [ -98.935147, 21.519977 ] } },
{ "type": "Feature", "properties": { "NO": 128, "ENTIDAD": "SAN LUIS POTOSI", "MUNICIPIO": "COXCATLAN", "PUEBLO INDIGENA O AFROMEXICANO": "NAHUA", "LOCALIDAD": "RANCHO MOYOTLA", "CLAVE LOC": 240140057, "TIPO DE ASENTAMIENTO": "COMUNIDAD INDIGENA", "NOMBRE": "RANCHO MOYOTLA", "MONTO ASIGNADO (PESOS)": 197003, "LATITUD": 21.520578, "LONGITUD": -98.917169 }, "geometry": { "type": "Point", "coordinates": [ -98.917169, 21.520578 ] } },
{ "type": "Feature", "properties": { "NO": 129, "ENTIDAD": "SAN LUIS POTOSI", "MUNICIPIO": "COXCATLAN", "PUEBLO INDIGENA O AFROMEXICANO": "NAHUA", "LOCALIDAD": "SAN ANDRES", "CLAVE LOC": 240140023, "TIPO DE ASENTAMIENTO": "COMUNIDAD INDIGENA", "NOMBRE": "SAN ANDRÉS", "MONTO ASIGNADO (PESOS)": 1039860, "LATITUD": 21.535942, "LONGITUD": -98.888309 }, "geometry": { "type": "Point", "coordinates": [ -98.888309, 21.535942 ] } },
{ "type": "Feature", "properties": { "NO": 130, "ENTIDAD": "SAN LUIS POTOSI", "MUNICIPIO": "COXCATLAN", "PUEBLO INDIGENA O AFROMEXICANO": "NAHUA", "LOCALIDAD": "SAN BERNAL", "CLAVE LOC": 240140024, "TIPO DE ASENTAMIENTO": "COMUNIDAD INDIGENA", "NOMBRE": "SAN BERNAL", "MONTO ASIGNADO (PESOS)": 149964, "LATITUD": 21.518702, "LONGITUD": -98.893878 }, "geometry": { "type": "Point", "coordinates": [ -98.893878, 21.518702 ] } },
{ "type": "Feature", "properties": { "NO": 131, "ENTIDAD": "SAN LUIS POTOSI", "MUNICIPIO": "COXCATLAN", "PUEBLO INDIGENA O AFROMEXICANO": "NAHUA", "LOCALIDAD": "SAN PABLO PRIMERO", "CLAVE LOC": 240140025, "TIPO DE ASENTAMIENTO": "COMUNIDAD INDIGENA", "NOMBRE": "SAN PABLO", "MONTO ASIGNADO (PESOS)": 743790, "LATITUD": 21.54541, "LONGITUD": -98.938587 }, "geometry": { "type": "Point", "coordinates": [ -98.938587, 21.54541 ] } },
{ "type": "Feature", "properties": { "NO": 132, "ENTIDAD": "SAN LUIS POTOSI", "MUNICIPIO": "COXCATLAN", "PUEBLO INDIGENA O AFROMEXICANO": "NAHUA", "LOCALIDAD": "SESECAMEL", "CLAVE LOC": 240140028, "TIPO DE ASENTAMIENTO": "COMUNIDAD INDIGENA", "NOMBRE": "SESECAMEL", "MONTO ASIGNADO (PESOS)": 164668, "LATITUD": 21.48327, "LONGITUD": -98.914618 }, "geometry": { "type": "Point", "coordinates": [ -98.914618, 21.48327 ] } },
{ "type": "Feature", "properties": { "NO": 133, "ENTIDAD": "SAN LUIS POTOSI", "MUNICIPIO": "COXCATLAN", "PUEBLO INDIGENA O AFROMEXICANO": "NAHUA", "LOCALIDAD": "SUCHIACO", "CLAVE LOC": 240140029, "TIPO DE ASENTAMIENTO": "COMUNIDAD INDIGENA", "NOMBRE": "SUCHIACO", "MONTO ASIGNADO (PESOS)": 432238, "LATITUD": 21.507234, "LONGITUD": -98.932552 }, "geometry": { "type": "Point", "coordinates": [ -98.932552, 21.507234 ] } },
{ "type": "Feature", "properties": { "NO": 134, "ENTIDAD": "SAN LUIS POTOSI", "MUNICIPIO": "COXCATLAN", "PUEBLO INDIGENA O AFROMEXICANO": "NAHUA", "LOCALIDAD": "TAMPUCHON", "CLAVE LOC": 240140030, "TIPO DE ASENTAMIENTO": "COMUNIDAD INDIGENA", "NOMBRE": "TAMPUCHÓN", "MONTO ASIGNADO (PESOS)": 1180089, "LATITUD": 21.510963, "LONGITUD": -98.952108 }, "geometry": { "type": "Point", "coordinates": [ -98.952108, 21.510963 ] } },
{ "type": "Feature", "properties": { "NO": 135, "ENTIDAD": "SAN LUIS POTOSI", "MUNICIPIO": "COXCATLAN", "PUEBLO INDIGENA O AFROMEXICANO": "NAHUA", "LOCALIDAD": "TAZAQUIL", "CLAVE LOC": 240140033, "TIPO DE ASENTAMIENTO": "COMUNIDAD INDIGENA", "NOMBRE": "TAZAQUIL COMUNIDAD", "MONTO ASIGNADO (PESOS)": 1318277, "LATITUD": 21.490617, "LONGITUD": -98.940917 }, "geometry": { "type": "Point", "coordinates": [ -98.940917, 21.490617 ] } },
{ "type": "Feature", "properties": { "NO": 136, "ENTIDAD": "SAN LUIS POTOSI", "MUNICIPIO": "COXCATLAN", "PUEBLO INDIGENA O AFROMEXICANO": "NAHUA", "LOCALIDAD": "TAZAQUIL EJIDO", "CLAVE LOC": 240140031, "TIPO DE ASENTAMIENTO": "COMUNIDAD INDIGENA", "NOMBRE": "TAZAQUIL EJIDO", "MONTO ASIGNADO (PESOS)": 592295, "LATITUD": 21.472209, "LONGITUD": -98.95471 }, "geometry": { "type": "Point", "coordinates": [ -98.95471, 21.472209 ] } },
{ "type": "Feature", "properties": { "NO": 137, "ENTIDAD": "SAN LUIS POTOSI", "MUNICIPIO": "COXCATLAN", "PUEBLO INDIGENA O AFROMEXICANO": "NAHUA", "LOCALIDAD": "TEPOTZUAPA PRIMERA SECCION", "CLAVE LOC": 240140035, "TIPO DE ASENTAMIENTO": "COMUNIDAD INDIGENA", "NOMBRE": "TEPOZUAPA", "MONTO ASIGNADO (PESOS)": 1549757, "LATITUD": 21.480109, "LONGITUD": -98.925599 }, "geometry": { "type": "Point", "coordinates": [ -98.925599, 21.480109 ] } },
{ "type": "Feature", "properties": { "NO": 138, "ENTIDAD": "SAN LUIS POTOSI", "MUNICIPIO": "COXCATLAN", "PUEBLO INDIGENA O AFROMEXICANO": "NAHUA", "LOCALIDAD": "TIOAMEL", "CLAVE LOC": 240140036, "TIPO DE ASENTAMIENTO": "COMUNIDAD INDIGENA", "NOMBRE": "TIOAMEL", "MONTO ASIGNADO (PESOS)": 281073, "LATITUD": 21.541774, "LONGITUD": -98.921805 }, "geometry": { "type": "Point", "coordinates": [ -98.921805, 21.541774 ] } },
{ "type": "Feature", "properties": { "NO": 139, "ENTIDAD": "SAN LUIS POTOSI", "MUNICIPIO": "COXCATLAN", "PUEBLO INDIGENA O AFROMEXICANO": "NAHUA", "LOCALIDAD": "TLAXCO", "CLAVE LOC": 240140038, "TIPO DE ASENTAMIENTO": "COMUNIDAD INDIGENA", "NOMBRE": "TLAXCO", "MONTO ASIGNADO (PESOS)": 247930, "LATITUD": 21.524249, "LONGITUD": -98.950284 }, "geometry": { "type": "Point", "coordinates": [ -98.950284, 21.524249 ] } },
{ "type": "Feature", "properties": { "NO": 140, "ENTIDAD": "SAN LUIS POTOSI", "MUNICIPIO": "COXCATLAN", "PUEBLO INDIGENA O AFROMEXICANO": "NAHUA", "LOCALIDAD": "TOTOATL", "CLAVE LOC": 240140063, "TIPO DE ASENTAMIENTO": "COMUNIDAD INDIGENA", "NOMBRE": "TOTOATL", "MONTO ASIGNADO (PESOS)": 250355, "LATITUD": 21.507729, "LONGITUD": -98.892446 }, "geometry": { "type": "Point", "coordinates": [ -98.892446, 21.507729 ] } },
{ "type": "Feature", "properties": { "NO": 141, "ENTIDAD": "SAN LUIS POTOSI", "MUNICIPIO": "COXCATLAN", "PUEBLO INDIGENA O AFROMEXICANO": "NAHUA", "LOCALIDAD": "XOCOYO", "CLAVE LOC": 240140050, "TIPO DE ASENTAMIENTO": "COMUNIDAD INDIGENA", "NOMBRE": "XOCOYO", "MONTO ASIGNADO (PESOS)": 103483, "LATITUD": 21.536814, "LONGITUD": -98.865311 }, "geometry": { "type": "Point", "coordinates": [ -98.865311, 21.536814 ] } },
{ "type": "Feature", "properties": { "NO": 142, "ENTIDAD": "SAN LUIS POTOSI", "MUNICIPIO": "EBANO", "PUEBLO INDIGENA O AFROMEXICANO": "HUASTECO", "LOCALIDAD": "AURELIO MANRIQUE", "CLAVE LOC": 240160087, "TIPO DE ASENTAMIENTO": "COMUNIDAD INDIGENA", "NOMBRE": "NCPE AURELIO MANRIQUE", "MONTO ASIGNADO (PESOS)": 1848500, "LATITUD": 22.288721, "LONGITUD": -98.651337 }, "geometry": { "type": "Point", "coordinates": [ -98.651337, 22.288721 ] } },
{ "type": "Feature", "properties": { "NO": 143, "ENTIDAD": "SAN LUIS POTOSI", "MUNICIPIO": "EBANO", "PUEBLO INDIGENA O AFROMEXICANO": "NAHUA", "LOCALIDAD": "EJIDO AMPLIACION VELAZCO", "CLAVE LOC": 240160062, "TIPO DE ASENTAMIENTO": "COMUNIDAD INDIGENA", "NOMBRE": "AMPLIACIÓN VELAZCO", "MONTO ASIGNADO (PESOS)": 374035, "LATITUD": 22.189248, "LONGITUD": -98.436712 }, "geometry": { "type": "Point", "coordinates": [ -98.436712, 22.189248 ] } },
{ "type": "Feature", "properties": { "NO": 144, "ENTIDAD": "SAN LUIS POTOSI", "MUNICIPIO": "EBANO", "PUEBLO INDIGENA O AFROMEXICANO": "NAHUA", "LOCALIDAD": "PONCIANO ARRIAGA", "CLAVE LOC": 240160091, "TIPO DE ASENTAMIENTO": "COMUNIDAD INDIGENA", "NOMBRE": "NCPEPONCIANO ARRIAGA", "MONTO ASIGNADO (PESOS)": 85448, "LATITUD": 22.262173, "LONGITUD": -98.589591 }, "geometry": { "type": "Point", "coordinates": [ -98.589591, 22.262173 ] } },
{ "type": "Feature", "properties": { "NO": 145, "ENTIDAD": "SAN LUIS POTOSI", "MUNICIPIO": "EBANO", "PUEBLO INDIGENA O AFROMEXICANO": "NAHUA", "LOCALIDAD": "PUJALCOY", "CLAVE LOC": 240160005, "TIPO DE ASENTAMIENTO": "COMUNIDAD INDIGENA", "NOMBRE": "NCPEPUJALCOY", "MONTO ASIGNADO (PESOS)": 503943, "LATITUD": 22.176845, "LONGITUD": -98.505451 }, "geometry": { "type": "Point", "coordinates": [ -98.505451, 22.176845 ] } },
{ "type": "Feature", "properties": { "NO": 146, "ENTIDAD": "SAN LUIS POTOSI", "MUNICIPIO": "HUEHUETLAN", "PUEBLO INDIGENA O AFROMEXICANO": "HUASTECO", "LOCALIDAD": "ALAQUICH", "CLAVE LOC": 240180026, "TIPO DE ASENTAMIENTO": "COMUNIDAD INDIGENA", "NOMBRE": "ALAQUICH", "MONTO ASIGNADO (PESOS)": 284306, "LATITUD": 21.545567, "LONGITUD": -99.019004 }, "geometry": { "type": "Point", "coordinates": [ -99.019004, 21.545567 ] } },
{ "type": "Feature", "properties": { "NO": 147, "ENTIDAD": "SAN LUIS POTOSI", "MUNICIPIO": "HUEHUETLAN", "PUEBLO INDIGENA O AFROMEXICANO": "HUASTECO", "LOCALIDAD": "CHUNUNTZEN DOS SECCION UNO", "CLAVE LOC": 240180028, "TIPO DE ASENTAMIENTO": "COMUNIDAD INDIGENA", "NOMBRE": "CHUNUNTZEN DOS", "MONTO ASIGNADO (PESOS)": 3578235, "LATITUD": 21.519185, "LONGITUD": -98.977042 }, "geometry": { "type": "Point", "coordinates": [ -98.977042, 21.519185 ] } },
{ "type": "Feature", "properties": { "NO": 148, "ENTIDAD": "SAN LUIS POTOSI", "MUNICIPIO": "HUEHUETLAN", "PUEBLO INDIGENA O AFROMEXICANO": "HUASTECO", "LOCALIDAD": "CHUNUNTZEN UNO", "CLAVE LOC": 240180002, "TIPO DE ASENTAMIENTO": "COMUNIDAD INDIGENA", "NOMBRE": "CHUNUNTZEN UNO", "MONTO ASIGNADO (PESOS)": 1256534, "LATITUD": 21.4839, "LONGITUD": -98.972198 }, "geometry": { "type": "Point", "coordinates": [ -98.972198, 21.4839 ] } },
{ "type": "Feature", "properties": { "NO": 149, "ENTIDAD": "SAN LUIS POTOSI", "MUNICIPIO": "HUEHUETLAN", "PUEBLO INDIGENA O AFROMEXICANO": "HUASTECO", "LOCALIDAD": "CRUZ BLANCA", "CLAVE LOC": 240180013, "TIPO DE ASENTAMIENTO": "COMUNIDAD INDIGENA", "NOMBRE": "EJIDO CRUZ BLANCA", "MONTO ASIGNADO (PESOS)": 478315, "LATITUD": 21.540478, "LONGITUD": -99.002783 }, "geometry": { "type": "Point", "coordinates": [ -99.002783, 21.540478 ] } },
{ "type": "Feature", "properties": { "NO": 150, "ENTIDAD": "SAN LUIS POTOSI", "MUNICIPIO": "HUEHUETLAN", "PUEBLO INDIGENA O AFROMEXICANO": "HUASTECO", "LOCALIDAD": "EL NACIMIENTO", "CLAVE LOC": 240180006, "TIPO DE ASENTAMIENTO": "COMUNIDAD INDIGENA", "NOMBRE": "EL NACIMIENTO", "MONTO ASIGNADO (PESOS)": 434663, "LATITUD": 21.464873, "LONGITUD": -98.978423 }, "geometry": { "type": "Point", "coordinates": [ -98.978423, 21.464873 ] } },
{ "type": "Feature", "properties": { "NO": 151, "ENTIDAD": "SAN LUIS POTOSI", "MUNICIPIO": "HUEHUETLAN", "PUEBLO INDIGENA O AFROMEXICANO": "HUASTECO", "LOCALIDAD": "JILIMTANTOCOY TRES", "CLAVE LOC": 240180005, "TIPO DE ASENTAMIENTO": "COMUNIDAD INDIGENA", "NOMBRE": "JILIMTANTOCOY TRES", "MONTO ASIGNADO (PESOS)": 1611813, "LATITUD": 21.517792, "LONGITUD": -98.990506 }, "geometry": { "type": "Point", "coordinates": [ -98.990506, 21.517792 ] } },
{ "type": "Feature", "properties": { "NO": 152, "ENTIDAD": "SAN LUIS POTOSI", "MUNICIPIO": "HUEHUETLAN", "PUEBLO INDIGENA O AFROMEXICANO": "NAHUA", "LOCALIDAD": "LA PIMIENTA", "CLAVE LOC": 240180008, "TIPO DE ASENTAMIENTO": "COMUNIDAD INDIGENA", "NOMBRE": "LA PIMIENTA", "MONTO ASIGNADO (PESOS)": 910313, "LATITUD": 21.52552, "LONGITUD": -99.006737 }, "geometry": { "type": "Point", "coordinates": [ -99.006737, 21.52552 ] } },
{ "type": "Feature", "properties": { "NO": 153, "ENTIDAD": "SAN LUIS POTOSI", "MUNICIPIO": "HUEHUETLAN", "PUEBLO INDIGENA O AFROMEXICANO": "HUASTECO", "LOCALIDAD": "SAN JOSE", "CLAVE LOC": 240180009, "TIPO DE ASENTAMIENTO": "COMUNIDAD INDIGENA", "NOMBRE": "SAN JOSÉ", "MONTO ASIGNADO (PESOS)": 1165583, "LATITUD": 21.550146, "LONGITUD": -98.986152 }, "geometry": { "type": "Point", "coordinates": [ -98.986152, 21.550146 ] } },
{ "type": "Feature", "properties": { "NO": 154, "ENTIDAD": "SAN LUIS POTOSI", "MUNICIPIO": "HUEHUETLAN", "PUEBLO INDIGENA O AFROMEXICANO": "HUASTECO", "LOCALIDAD": "TANDZUMADZ", "CLAVE LOC": 240180010, "TIPO DE ASENTAMIENTO": "COMUNIDAD INDIGENA", "NOMBRE": "TANDZUMADZ", "MONTO ASIGNADO (PESOS)": 1519277, "LATITUD": 21.565637, "LONGITUD": -98.980514 }, "geometry": { "type": "Point", "coordinates": [ -98.980514, 21.565637 ] } },
{ "type": "Feature", "properties": { "NO": 155, "ENTIDAD": "SAN LUIS POTOSI", "MUNICIPIO": "HUEHUETLAN", "PUEBLO INDIGENA O AFROMEXICANO": "HUASTECO", "LOCALIDAD": "TANLEAB UNO", "CLAVE LOC": 240180011, "TIPO DE ASENTAMIENTO": "COMUNIDAD INDIGENA", "NOMBRE": "TANLEAB", "MONTO ASIGNADO (PESOS)": 846692, "LATITUD": 21.543979, "LONGITUD": -98.957094 }, "geometry": { "type": "Point", "coordinates": [ -98.957094, 21.543979 ] } },
{ "type": "Feature", "properties": { "NO": 156, "ENTIDAD": "SAN LUIS POTOSI", "MUNICIPIO": "HUEHUETLAN", "PUEBLO INDIGENA O AFROMEXICANO": "HUASTECO", "LOCALIDAD": "TANTOCOY UNO", "CLAVE LOC": 240180012, "TIPO DE ASENTAMIENTO": "COMUNIDAD INDIGENA", "NOMBRE": "TANTOCOY1", "MONTO ASIGNADO (PESOS)": 838847, "LATITUD": 21.529909, "LONGITUD": -98.991032 }, "geometry": { "type": "Point", "coordinates": [ -98.991032, 21.529909 ] } },
{ "type": "Feature", "properties": { "NO": 157, "ENTIDAD": "SAN LUIS POTOSI", "MUNICIPIO": "HUEHUETLAN", "PUEBLO INDIGENA O AFROMEXICANO": "HUASTECO", "LOCALIDAD": "TATACUATLA", "CLAVE LOC": 240180014, "TIPO DE ASENTAMIENTO": "COMUNIDAD INDIGENA", "NOMBRE": "TATACUATLA", "MONTO ASIGNADO (PESOS)": 299665, "LATITUD": 21.539023, "LONGITUD": -98.951368 }, "geometry": { "type": "Point", "coordinates": [ -98.951368, 21.539023 ] } },
{ "type": "Feature", "properties": { "NO": 158, "ENTIDAD": "SAN LUIS POTOSI", "MUNICIPIO": "HUEHUETLAN", "PUEBLO INDIGENA O AFROMEXICANO": "HUASTECO", "LOCALIDAD": "TIERRAS COLORADAS", "CLAVE LOC": 240180016, "TIPO DE ASENTAMIENTO": "COMUNIDAD INDIGENA", "NOMBRE": "TIERRAS COLORADAS", "MONTO ASIGNADO (PESOS)": 165476, "LATITUD": 21.50281, "LONGITUD": -98.978761 }, "geometry": { "type": "Point", "coordinates": [ -98.978761, 21.50281 ] } },
{ "type": "Feature", "properties": { "NO": 159, "ENTIDAD": "SAN LUIS POTOSI", "MUNICIPIO": "HUEHUETLAN", "PUEBLO INDIGENA O AFROMEXICANO": "HUASTECO", "LOCALIDAD": "TZINEJA DOS", "CLAVE LOC": 240180024, "TIPO DE ASENTAMIENTO": "COMUNIDAD INDIGENA", "NOMBRE": "TZINEJA SEGUNDA SECCIÓN", "MONTO ASIGNADO (PESOS)": 209937, "LATITUD": 21.556909, "LONGITUD": -98.959958 }, "geometry": { "type": "Point", "coordinates": [ -98.959958, 21.556909 ] } },
{ "type": "Feature", "properties": { "NO": 160, "ENTIDAD": "SAN LUIS POTOSI", "MUNICIPIO": "HUEHUETLAN", "PUEBLO INDIGENA O AFROMEXICANO": "HUASTECO", "LOCALIDAD": "TZINEJA UNO", "CLAVE LOC": 240180015, "TIPO DE ASENTAMIENTO": "COMUNIDAD INDIGENA", "NOMBRE": "TZINEJA PRIMERA SECCIÓN", "MONTO ASIGNADO (PESOS)": 520350, "LATITUD": 21.56728, "LONGITUD": -98.966969 }, "geometry": { "type": "Point", "coordinates": [ -98.966969, 21.56728 ] } },
{ "type": "Feature", "properties": { "NO": 161, "ENTIDAD": "SAN LUIS POTOSI", "MUNICIPIO": "MATLAPA", "PUEBLO INDIGENA O AFROMEXICANO": "NAHUA", "LOCALIDAD": "AHUEHUEYO SEGUNDO", "CLAVE LOC": 240570004, "TIPO DE ASENTAMIENTO": "COMUNIDAD INDIGENA", "NOMBRE": "MATLAPA INDÍGENA", "MONTO ASIGNADO (PESOS)": 4988588, "LATITUD": 21.357509, "LONGITUD": -98.8409 }, "geometry": { "type": "Point", "coordinates": [ -98.8409, 21.357509 ] } },
{ "type": "Feature", "properties": { "NO": 162, "ENTIDAD": "SAN LUIS POTOSI", "MUNICIPIO": "MATLAPA", "PUEBLO INDIGENA O AFROMEXICANO": "NAHUA", "LOCALIDAD": "ATLAMAXATL", "CLAVE LOC": 240570006, "TIPO DE ASENTAMIENTO": "COMUNIDAD INDIGENA", "NOMBRE": "ATLAMAXATL", "MONTO ASIGNADO (PESOS)": 1427682, "LATITUD": 21.310913, "LONGITUD": -98.825285 }, "geometry": { "type": "Point", "coordinates": [ -98.825285, 21.310913 ] } },
{ "type": "Feature", "properties": { "NO": 163, "ENTIDAD": "SAN LUIS POTOSI", "MUNICIPIO": "MATLAPA", "PUEBLO INDIGENA O AFROMEXICANO": "NAHUA", "LOCALIDAD": "BARRIO SAN ISIDRO (TLAJUMPAL)", "CLAVE LOC": 240570041, "TIPO DE ASENTAMIENTO": "COMUNIDAD INDIGENA", "NOMBRE": "TLAJUMPAL", "MONTO ASIGNADO (PESOS)": 821393, "LATITUD": 21.359004, "LONGITUD": -98.817342 }, "geometry": { "type": "Point", "coordinates": [ -98.817342, 21.359004 ] } },
{ "type": "Feature", "properties": { "NO": 164, "ENTIDAD": "SAN LUIS POTOSI", "MUNICIPIO": "MATLAPA", "PUEBLO INDIGENA O AFROMEXICANO": "NAHUA", "LOCALIDAD": "CHALCHITEPETL", "CLAVE LOC": 240570009, "TIPO DE ASENTAMIENTO": "COMUNIDAD INDIGENA", "NOMBRE": "CHALCHITEPETL", "MONTO ASIGNADO (PESOS)": 284306, "LATITUD": 21.352806, "LONGITUD": -98.842779 }, "geometry": { "type": "Point", "coordinates": [ -98.842779, 21.352806 ] } },
{ "type": "Feature", "properties": { "NO": 165, "ENTIDAD": "SAN LUIS POTOSI", "MUNICIPIO": "MATLAPA", "PUEBLO INDIGENA O AFROMEXICANO": "NAHUA", "LOCALIDAD": "CHALCHOCOYO", "CLAVE LOC": 240570010, "TIPO DE ASENTAMIENTO": "COMUNIDAD INDIGENA", "NOMBRE": "CHALCHOCOYO", "MONTO ASIGNADO (PESOS)": 3199143, "LATITUD": 21.316793, "LONGITUD": -98.790582 }, "geometry": { "type": "Point", "coordinates": [ -98.790582, 21.316793 ] } },
{ "type": "Feature", "properties": { "NO": 166, "ENTIDAD": "SAN LUIS POTOSI", "MUNICIPIO": "MATLAPA", "PUEBLO INDIGENA O AFROMEXICANO": "NAHUA", "LOCALIDAD": "COAQUENTLA", "CLAVE LOC": 240570065, "TIPO DE ASENTAMIENTO": "COMUNIDAD INDIGENA", "NOMBRE": "CUAQUENTLA", "MONTO ASIGNADO (PESOS)": 3535354, "LATITUD": 21.311799, "LONGITUD": -98.894152 }, "geometry": { "type": "Point", "coordinates": [ -98.894152, 21.311799 ] } },
{ "type": "Feature", "properties": { "NO": 167, "ENTIDAD": "SAN LUIS POTOSI", "MUNICIPIO": "MATLAPA", "PUEBLO INDIGENA O AFROMEXICANO": "NAHUA", "LOCALIDAD": "LA ISLA", "CLAVE LOC": 240570018, "TIPO DE ASENTAMIENTO": "COMUNIDAD INDIGENA", "NOMBRE": "LA ISLA", "MONTO ASIGNADO (PESOS)": 461100, "LATITUD": 21.350793, "LONGITUD": -98.779757 }, "geometry": { "type": "Point", "coordinates": [ -98.779757, 21.350793 ] } },
{ "type": "Feature", "properties": { "NO": 168, "ENTIDAD": "SAN LUIS POTOSI", "MUNICIPIO": "MATLAPA", "PUEBLO INDIGENA O AFROMEXICANO": "NAHUA", "LOCALIDAD": "NEXCUAYO", "CLAVE LOC": 240570019, "TIPO DE ASENTAMIENTO": "COMUNIDAD INDIGENA", "NOMBRE": "NEXCUAYO", "MONTO ASIGNADO (PESOS)": 2974642, "LATITUD": 21.328922, "LONGITUD": -98.793766 }, "geometry": { "type": "Point", "coordinates": [ -98.793766, 21.328922 ] } },
{ "type": "Feature", "properties": { "NO": 169, "ENTIDAD": "SAN LUIS POTOSI", "MUNICIPIO": "MATLAPA", "PUEBLO INDIGENA O AFROMEXICANO": "NAHUA", "LOCALIDAD": "PAPATLAS", "CLAVE LOC": 240570021, "TIPO DE ASENTAMIENTO": "COMUNIDAD INDIGENA", "NOMBRE": "PAPATLAS", "MONTO ASIGNADO (PESOS)": 741496, "LATITUD": 21.368045, "LONGITUD": -98.797221 }, "geometry": { "type": "Point", "coordinates": [ -98.797221, 21.368045 ] } },
{ "type": "Feature", "properties": { "NO": 170, "ENTIDAD": "SAN LUIS POTOSI", "MUNICIPIO": "MATLAPA", "PUEBLO INDIGENA O AFROMEXICANO": "NAHUA", "LOCALIDAD": "SAN ANTONIO", "CLAVE LOC": 240570024, "TIPO DE ASENTAMIENTO": "COMUNIDAD INDIGENA", "NOMBRE": "SAN ANTONIO", "MONTO ASIGNADO (PESOS)": 2910888, "LATITUD": 21.340721, "LONGITUD": -98.809428 }, "geometry": { "type": "Point", "coordinates": [ -98.809428, 21.340721 ] } },
{ "type": "Feature", "properties": { "NO": 171, "ENTIDAD": "SAN LUIS POTOSI", "MUNICIPIO": "MATLAPA", "PUEBLO INDIGENA O AFROMEXICANO": "NAHUA", "LOCALIDAD": "TEXQUITOTE PRIMERO", "CLAVE LOC": 240570031, "TIPO DE ASENTAMIENTO": "COMUNIDAD INDIGENA", "NOMBRE": "TEXQUITOTE1", "MONTO ASIGNADO (PESOS)": 1451112, "LATITUD": 21.297883, "LONGITUD": -98.801363 }, "geometry": { "type": "Point", "coordinates": [ -98.801363, 21.297883 ] } },
{ "type": "Feature", "properties": { "NO": 172, "ENTIDAD": "SAN LUIS POTOSI", "MUNICIPIO": "MATLAPA", "PUEBLO INDIGENA O AFROMEXICANO": "NAHUA", "LOCALIDAD": "XOCHICUATITLA", "CLAVE LOC": 240570055, "TIPO DE ASENTAMIENTO": "COMUNIDAD INDIGENA", "NOMBRE": "TERRERO COLORADO", "MONTO ASIGNADO (PESOS)": 517686, "LATITUD": 21.333039, "LONGITUD": -98.776331 }, "geometry": { "type": "Point", "coordinates": [ -98.776331, 21.333039 ] } },
{ "type": "Feature", "properties": { "NO": 173, "ENTIDAD": "SAN LUIS POTOSI", "MUNICIPIO": "MATLAPA", "PUEBLO INDIGENA O AFROMEXICANO": "NAHUA", "LOCALIDAD": "XOCHITITLA", "CLAVE LOC": 240570037, "TIPO DE ASENTAMIENTO": "COMUNIDAD INDIGENA", "NOMBRE": "XOCHITITLA", "MONTO ASIGNADO (PESOS)": 1272702, "LATITUD": 21.312824, "LONGITUD": -98.810175 }, "geometry": { "type": "Point", "coordinates": [ -98.810175, 21.312824 ] } },
{ "type": "Feature", "properties": { "NO": 174, "ENTIDAD": "SAN LUIS POTOSI", "MUNICIPIO": "RAYON", "PUEBLO INDIGENA O AFROMEXICANO": "PAME", "LOCALIDAD": "SANFELIPEDEJESUSGAMOTES", "CLAVE LOC": 240230041, "TIPO DE ASENTAMIENTO": "COMUNIDAD INDIGENA", "NOMBRE": "SANFELIPEDEJESÚSGAMOTES", "MONTO ASIGNADO (PESOS)": 461297, "LATITUD": 21.77361, "LONGITUD": -99.531035 }, "geometry": { "type": "Point", "coordinates": [ -99.531035, 21.77361 ] } },
{ "type": "Feature", "properties": { "NO": 175, "ENTIDAD": "SAN LUIS POTOSI", "MUNICIPIO": "SAN ANTONIO", "PUEBLO INDIGENA O AFROMEXICANO": "HUASTECO", "LOCALIDAD": "ALTZAJIB", "CLAVE LOC": 240260047, "TIPO DE ASENTAMIENTO": "LOCALIDAD CON POBLACION INDIGENA", "NOMBRE": "ALTZAJIB", "MONTO ASIGNADO (PESOS)": 355989, "LATITUD": 21.646704, "LONGITUD": -98.84936 }, "geometry": { "type": "Point", "coordinates": [ -98.84936, 21.646704 ] } },
{ "type": "Feature", "properties": { "NO": 176, "ENTIDAD": "SAN LUIS POTOSI", "MUNICIPIO": "SAN ANTONIO", "PUEBLO INDIGENA O AFROMEXICANO": "HUASTECO", "LOCALIDAD": "AQUICHE", "CLAVE LOC": 240260019, "TIPO DE ASENTAMIENTO": "COMUNIDAD INDIGENA", "NOMBRE": "ELAQUICHE", "MONTO ASIGNADO (PESOS)": 104040, "LATITUD": 21.617735, "LONGITUD": -98.887845 }, "geometry": { "type": "Point", "coordinates": [ -98.887845, 21.617735 ] } },
{ "type": "Feature", "properties": { "NO": 177, "ENTIDAD": "SAN LUIS POTOSI", "MUNICIPIO": "SAN ANTONIO", "PUEBLO INDIGENA O AFROMEXICANO": "HUASTECO", "LOCALIDAD": "COLONIA DOCE DE OCTUBRE", "CLAVE LOC": 240260085, "TIPO DE ASENTAMIENTO": "COMUNIDAD INDIGENA", "NOMBRE": "COLONIA DOCE DE OCTUBRE", "MONTO ASIGNADO (PESOS)": 137183, "LATITUD": 21.616117, "LONGITUD": -98.905217 }, "geometry": { "type": "Point", "coordinates": [ -98.905217, 21.616117 ] } },
{ "type": "Feature", "properties": { "NO": 178, "ENTIDAD": "SAN LUIS POTOSI", "MUNICIPIO": "SAN ANTONIO", "PUEBLO INDIGENA O AFROMEXICANO": "HUASTECO", "LOCALIDAD": "CUECHOD", "CLAVE LOC": 240260002, "TIPO DE ASENTAMIENTO": "COMUNIDAD INDIGENA", "NOMBRE": "CUECHOD", "MONTO ASIGNADO (PESOS)": 361101, "LATITUD": 21.624911, "LONGITUD": -98.911554 }, "geometry": { "type": "Point", "coordinates": [ -98.911554, 21.624911 ] } },
{ "type": "Feature", "properties": { "NO": 179, "ENTIDAD": "SAN LUIS POTOSI", "MUNICIPIO": "SAN ANTONIO", "PUEBLO INDIGENA O AFROMEXICANO": "HUASTECO", "LOCALIDAD": "ICTE(IPTE)", "CLAVE LOC": 240260003, "TIPO DE ASENTAMIENTO": "COMUNIDAD INDIGENA", "NOMBRE": "ELIPTE", "MONTO ASIGNADO (PESOS)": 152542, "LATITUD": 21.615687, "LONGITUD": -98.87925 }, "geometry": { "type": "Point", "coordinates": [ -98.87925, 21.615687 ] } },
{ "type": "Feature", "properties": { "NO": 180, "ENTIDAD": "SAN LUIS POTOSI", "MUNICIPIO": "SAN ANTONIO", "PUEBLO INDIGENA O AFROMEXICANO": "HUASTECO", "LOCALIDAD": "LA MURALLA DOS", "CLAVE LOC": 240260051, "TIPO DE ASENTAMIENTO": "COMUNIDAD INDIGENA", "NOMBRE": "LA MURALLA DOS", "MONTO ASIGNADO (PESOS)": 100971, "LATITUD": 21.629269, "LONGITUD": -98.916997 }, "geometry": { "type": "Point", "coordinates": [ -98.916997, 21.629269 ] } },
{ "type": "Feature", "properties": { "NO": 181, "ENTIDAD": "SAN LUIS POTOSI", "MUNICIPIO": "SAN ANTONIO", "PUEBLO INDIGENA O AFROMEXICANO": "HUASTECO", "LOCALIDAD": "LAS ADJUNTAS", "CLAVE LOC": 240260026, "TIPO DE ASENTAMIENTO": "COMUNIDAD INDIGENA", "NOMBRE": "BARRIO LAS ADJUNTAS", "MONTO ASIGNADO (PESOS)": 159009, "LATITUD": 21.607306, "LONGITUD": -98.873637 }, "geometry": { "type": "Point", "coordinates": [ -98.873637, 21.607306 ] } },
{ "type": "Feature", "properties": { "NO": 182, "ENTIDAD": "SAN LUIS POTOSI", "MUNICIPIO": "SAN ANTONIO", "PUEBLO INDIGENA O AFROMEXICANO": "HUASTECO", "LOCALIDAD": "LEJEM", "CLAVE LOC": 240260004, "TIPO DE ASENTAMIENTO": "COMUNIDAD INDIGENA", "NOMBRE": "LEJEM", "MONTO ASIGNADO (PESOS)": 2703976, "LATITUD": 21.609413, "LONGITUD": -98.866394 }, "geometry": { "type": "Point", "coordinates": [ -98.866394, 21.609413 ] } },
{ "type": "Feature", "properties": { "NO": 183, "ENTIDAD": "SAN LUIS POTOSI", "MUNICIPIO": "SAN ANTONIO", "PUEBLO INDIGENA O AFROMEXICANO": "HUASTECO", "LOCALIDAD": "MANTE", "CLAVE LOC": 240260023, "TIPO DE ASENTAMIENTO": "COMUNIDAD INDIGENA", "NOMBRE": "BARRIO EL MANTE", "MONTO ASIGNADO (PESOS)": 95957, "LATITUD": 21.627331, "LONGITUD": -98.909143 }, "geometry": { "type": "Point", "coordinates": [ -98.909143, 21.627331 ] } },
{ "type": "Feature", "properties": { "NO": 184, "ENTIDAD": "SAN LUIS POTOSI", "MUNICIPIO": "SAN ANTONIO", "PUEBLO INDIGENA O AFROMEXICANO": "HUASTECO", "LOCALIDAD": "PA'TNEL", "CLAVE LOC": 240260005, "TIPO DE ASENTAMIENTO": "COMUNIDAD INDIGENA", "NOMBRE": "PA'TNEL", "MONTO ASIGNADO (PESOS)": 401520, "LATITUD": 21.655081, "LONGITUD": -98.862167 }, "geometry": { "type": "Point", "coordinates": [ -98.862167, 21.655081 ] } },
{ "type": "Feature", "properties": { "NO": 185, "ENTIDAD": "SAN LUIS POTOSI", "MUNICIPIO": "SAN ANTONIO", "PUEBLO INDIGENA O AFROMEXICANO": "HUASTECO", "LOCALIDAD": "POKCHICH", "CLAVE LOC": 240260006, "TIPO DE ASENTAMIENTO": "COMUNIDAD INDIGENA", "NOMBRE": "POKCHICH", "MONTO ASIGNADO (PESOS)": 303707, "LATITUD": 21.647809, "LONGITUD": -98.810435 }, "geometry": { "type": "Point", "coordinates": [ -98.810435, 21.647809 ] } },
{ "type": "Feature", "properties": { "NO": 186, "ENTIDAD": "SAN LUIS POTOSI", "MUNICIPIO": "SAN ANTONIO", "PUEBLO INDIGENA O AFROMEXICANO": "HUASTECO", "LOCALIDAD": "POZO BLANCO", "CLAVE LOC": 240260029, "TIPO DE ASENTAMIENTO": "COMUNIDAD INDIGENA", "NOMBRE": "POZO BLANCO", "MONTO ASIGNADO (PESOS)": 129100, "LATITUD": 21.584609, "LONGITUD": -98.872266 }, "geometry": { "type": "Point", "coordinates": [ -98.872266, 21.584609 ] } },
{ "type": "Feature", "properties": { "NO": 187, "ENTIDAD": "SAN LUIS POTOSI", "MUNICIPIO": "SAN ANTONIO", "PUEBLO INDIGENA O AFROMEXICANO": "HUASTECO", "LOCALIDAD": "RANCHO PALMERAS", "CLAVE LOC": 240260073, "TIPO DE ASENTAMIENTO": "COMUNIDAD INDIGENA", "NOMBRE": "BARRIO LAS PALMERAS", "MONTO ASIGNADO (PESOS)": 96765, "LATITUD": 21.612334, "LONGITUD": -98.900521 }, "geometry": { "type": "Point", "coordinates": [ -98.900521, 21.612334 ] } },
{ "type": "Feature", "properties": { "NO": 188, "ENTIDAD": "SAN LUIS POTOSI", "MUNICIPIO": "SAN ANTONIO", "PUEBLO INDIGENA O AFROMEXICANO": "HUASTECO", "LOCALIDAD": "SAN PEDRO", "CLAVE LOC": 240260007, "TIPO DE ASENTAMIENTO": "COMUNIDAD INDIGENA", "NOMBRE": "SAN PEDRO", "MONTO ASIGNADO (PESOS)": 378886, "LATITUD": 21.661176, "LONGITUD": -98.822084 }, "geometry": { "type": "Point", "coordinates": [ -98.822084, 21.661176 ] } },
{ "type": "Feature", "properties": { "NO": 189, "ENTIDAD": "SAN LUIS POTOSI", "MUNICIPIO": "SAN ANTONIO", "PUEBLO INDIGENA O AFROMEXICANO": "HUASTECO", "LOCALIDAD": "SANTA MARTHA", "CLAVE LOC": 240260008, "TIPO DE ASENTAMIENTO": "COMUNIDAD INDIGENA", "NOMBRE": "EJIDO SANTA MARTHA", "MONTO ASIGNADO (PESOS)": 744914, "LATITUD": 21.650865, "LONGITUD": -98.750472 }, "geometry": { "type": "Point", "coordinates": [ -98.750472, 21.650865 ] } },
{ "type": "Feature", "properties": { "NO": 190, "ENTIDAD": "SAN LUIS POTOSI", "MUNICIPIO": "SAN ANTONIO", "PUEBLO INDIGENA O AFROMEXICANO": "HUASTECO", "LOCALIDAD": "TAND'HUYU(TANZUYO)", "CLAVE LOC": 240260018, "TIPO DE ASENTAMIENTO": "COMUNIDAD INDIGENA", "NOMBRE": "TANZUYO", "MONTO ASIGNADO (PESOS)": 135567, "LATITUD": 21.640556, "LONGITUD": -98.902625 }, "geometry": { "type": "Point", "coordinates": [ -98.902625, 21.640556 ] } },
{ "type": "Feature", "properties": { "NO": 191, "ENTIDAD": "SAN LUIS POTOSI", "MUNICIPIO": "SAN ANTONIO", "PUEBLO INDIGENA O AFROMEXICANO": "HUASTECO", "LOCALIDAD": "TANJAJNEC", "CLAVE LOC": 240260010, "TIPO DE ASENTAMIENTO": "COMUNIDAD INDIGENA", "NOMBRE": "TANJASNEC", "MONTO ASIGNADO (PESOS)": 1150576, "LATITUD": 21.634361, "LONGITUD": -98.894132 }, "geometry": { "type": "Point", "coordinates": [ -98.894132, 21.634361 ] } },
{ "type": "Feature", "properties": { "NO": 192, "ENTIDAD": "SAN LUIS POTOSI", "MUNICIPIO": "SAN ANTONIO", "PUEBLO INDIGENA O AFROMEXICANO": "HUASTECO", "LOCALIDAD": "TANCHAHUIL", "CLAVE LOC": 240260009, "TIPO DE ASENTAMIENTO": "COMUNIDAD INDIGENA", "NOMBRE": "TANCHAHUIL", "MONTO ASIGNADO (PESOS)": 2610538, "LATITUD": 21.59347, "LONGITUD": -98.900604 }, "geometry": { "type": "Point", "coordinates": [ -98.900604, 21.59347 ] } },
{ "type": "Feature", "properties": { "NO": 193, "ENTIDAD": "SAN LUIS POTOSI", "MUNICIPIO": "SAN ANTONIO", "PUEBLO INDIGENA O AFROMEXICANO": "HUASTECO", "LOCALIDAD": "TOCOY", "CLAVE LOC": 240260011, "TIPO DE ASENTAMIENTO": "COMUNIDAD INDIGENA", "NOMBRE": "ELTOCOY", "MONTO ASIGNADO (PESOS)": 1469750, "LATITUD": 21.638167, "LONGITUD": -98.871165 }, "geometry": { "type": "Point", "coordinates": [ -98.871165, 21.638167 ] } },
{ "type": "Feature", "properties": { "NO": 194, "ENTIDAD": "SAN LUIS POTOSI", "MUNICIPIO": "SAN ANTONIO", "PUEBLO INDIGENA O AFROMEXICANO": "HUASTECO", "LOCALIDAD": "TZABIT'ADH", "CLAVE LOC": 240260014, "TIPO DE ASENTAMIENTO": "COMUNIDAD INDIGENA", "NOMBRE": "TZABITAD", "MONTO ASIGNADO (PESOS)": 138658, "LATITUD": 21.631281, "LONGITUD": -98.886007 }, "geometry": { "type": "Point", "coordinates": [ -98.886007, 21.631281 ] } },
{ "type": "Feature", "properties": { "NO": 195, "ENTIDAD": "SAN LUIS POTOSI", "MUNICIPIO": "SAN ANTONIO", "PUEBLO INDIGENA O AFROMEXICANO": "HUASTECO", "LOCALIDAD": "XOLOL", "CLAVE LOC": 240260012, "TIPO DE ASENTAMIENTO": "COMUNIDAD INDIGENA", "NOMBRE": "XOLOL", "MONTO ASIGNADO (PESOS)": 512290, "LATITUD": 21.63394, "LONGITUD": -98.880373 }, "geometry": { "type": "Point", "coordinates": [ -98.880373, 21.63394 ] } },
{ "type": "Feature", "properties": { "NO": 196, "ENTIDAD": "SAN LUIS POTOSI", "MUNICIPIO": "SAN ANTONIO", "PUEBLO INDIGENA O AFROMEXICANO": "HUASTECO", "LOCALIDAD": "(SINNOMBRE)", "CLAVE LOC": 240260000, "TIPO DE ASENTAMIENTO": "COMUNIDAD INDIGENA", "NOMBRE": "COLONIA LAS LOMAS", "MONTO ASIGNADO (PESOS)": 84639, "LATITUD": 21.63394, "LONGITUD": -98.880373 }, "geometry": { "type": "Point", "coordinates": [ -98.880373, 21.63394 ] } },
{ "type": "Feature", "properties": { "NO": 197, "ENTIDAD": "SAN LUIS POTOSI", "MUNICIPIO": "SAN MARTIN CHALCHICUAUTLA", "PUEBLO INDIGENA O AFROMEXICANO": "NAHUA", "LOCALIDAD": "ACATITLA", "CLAVE LOC": 240290003, "TIPO DE ASENTAMIENTO": "COMUNIDAD INDIGENA", "NOMBRE": "ACATITLA", "MONTO ASIGNADO (PESOS)": 160626, "LATITUD": 21.358549, "LONGITUD": -98.656366 }, "geometry": { "type": "Point", "coordinates": [ -98.656366, 21.358549 ] } },
{ "type": "Feature", "properties": { "NO": 198, "ENTIDAD": "SAN LUIS POTOSI", "MUNICIPIO": "SAN MARTIN CHALCHICUAUTLA", "PUEBLO INDIGENA O AFROMEXICANO": "NAHUA", "LOCALIDAD": "ACAYO", "CLAVE LOC": 240290004, "TIPO DE ASENTAMIENTO": "COMUNIDAD INDIGENA", "NOMBRE": "ACAYO", "MONTO ASIGNADO (PESOS)": 398702, "LATITUD": 21.331363, "LONGITUD": -98.703611 }, "geometry": { "type": "Point", "coordinates": [ -98.703611, 21.331363 ] } },
{ "type": "Feature", "properties": { "NO": 199, "ENTIDAD": "SAN LUIS POTOSI", "MUNICIPIO": "SAN MARTIN CHALCHICUAUTLA", "PUEBLO INDIGENA O AFROMEXICANO": "NAHUA", "LOCALIDAD": "AGUAMOLO", "CLAVE LOC": 240290006, "TIPO DE ASENTAMIENTO": "COMUNIDAD INDIGENA", "NOMBRE": "AGUAMOLO", "MONTO ASIGNADO (PESOS)": 380502, "LATITUD": 21.230467, "LONGITUD": -98.659534 }, "geometry": { "type": "Point", "coordinates": [ -98.659534, 21.230467 ] } },
{ "type": "Feature", "properties": { "NO": 200, "ENTIDAD": "SAN LUIS POTOSI", "MUNICIPIO": "SAN MARTIN CHALCHICUAUTLA", "PUEBLO INDIGENA O AFROMEXICANO": "NAHUA", "LOCALIDAD": "APAXTIANTLA(APAXTIANTLAN)", "CLAVE LOC": 240290007, "TIPO DE ASENTAMIENTO": "COMUNIDAD INDIGENA", "NOMBRE": "APAXTIANTLA", "MONTO ASIGNADO (PESOS)": 162527, "LATITUD": 21.38065, "LONGITUD": -98.683243 }, "geometry": { "type": "Point", "coordinates": [ -98.683243, 21.38065 ] } },
{ "type": "Feature", "properties": { "NO": 201, "ENTIDAD": "SAN LUIS POTOSI", "MUNICIPIO": "SAN MARTIN CHALCHICUAUTLA", "PUEBLO INDIGENA O AFROMEXICANO": "NAHUA", "LOCALIDAD": "ATEMPA PRIMERO", "CLAVE LOC": 240290009, "TIPO DE ASENTAMIENTO": "COMUNIDAD INDIGENA", "NOMBRE": "ATEMPA I", "MONTO ASIGNADO (PESOS)": 153733, "LATITUD": 21.366629, "LONGITUD": -98.682229 }, "geometry": { "type": "Point", "coordinates": [ -98.682229, 21.366629 ] } },
{ "type": "Feature", "properties": { "NO": 202, "ENTIDAD": "SAN LUIS POTOSI", "MUNICIPIO": "SAN MARTIN CHALCHICUAUTLA", "PUEBLO INDIGENA O AFROMEXICANO": "NAHUA", "LOCALIDAD": "ATEMPA SEGUNDO", "CLAVE LOC": 240290010, "TIPO DE ASENTAMIENTO": "COMUNIDAD INDIGENA", "NOMBRE": "ATEMPA II", "MONTO ASIGNADO (PESOS)": 103483, "LATITUD": 21.395035, "LONGITUD": -98.660513 }, "geometry": { "type": "Point", "coordinates": [ -98.660513, 21.395035 ] } },
{ "type": "Feature", "properties": { "NO": 203, "ENTIDAD": "SAN LUIS POTOSI", "MUNICIPIO": "SAN MARTIN CHALCHICUAUTLA", "PUEBLO INDIGENA O AFROMEXICANO": "NAHUA", "LOCALIDAD": "BARRANQUILLAS(TEPETZINTLA)", "CLAVE LOC": 240290011, "TIPO DE ASENTAMIENTO": "COMUNIDAD INDIGENA", "NOMBRE": "TEPEZINTLABARRANQUILLAS", "MONTO ASIGNADO (PESOS)": 567936, "LATITUD": 21.412244, "LONGITUD": -98.541221 }, "geometry": { "type": "Point", "coordinates": [ -98.541221, 21.412244 ] } },
{ "type": "Feature", "properties": { "NO": 204, "ENTIDAD": "SAN LUIS POTOSI", "MUNICIPIO": "SAN MARTIN CHALCHICUAUTLA", "PUEBLO INDIGENA O AFROMEXICANO": "NAHUA", "LOCALIDAD": "BARRIO LACRUZ", "CLAVE LOC": 240290123, "TIPO DE ASENTAMIENTO": "COMUNIDAD INDIGENA", "NOMBRE": "LACRUZ", "MONTO ASIGNADO (PESOS)": 364783, "LATITUD": 21.487481, "LONGITUD": -98.680288 }, "geometry": { "type": "Point", "coordinates": [ -98.680288, 21.487481 ] } },
{ "type": "Feature", "properties": { "NO": 205, "ENTIDAD": "SAN LUIS POTOSI", "MUNICIPIO": "SAN MARTIN CHALCHICUAUTLA", "PUEBLO INDIGENA O AFROMEXICANO": "NAHUA", "LOCALIDAD": "BUENAVISTA(PALMARALTO)", "CLAVE LOC": 240290056, "TIPO DE ASENTAMIENTO": "COMUNIDAD INDIGENA", "NOMBRE": "BUENAVISTA PALMARALTO", "MONTO ASIGNADO (PESOS)": 456489, "LATITUD": 21.442392, "LONGITUD": -98.535024 }, "geometry": { "type": "Point", "coordinates": [ -98.535024, 21.442392 ] } },
{ "type": "Feature", "properties": { "NO": 206, "ENTIDAD": "SAN LUIS POTOSI", "MUNICIPIO": "SAN MARTIN CHALCHICUAUTLA", "PUEBLO INDIGENA O AFROMEXICANO": "NAHUA", "LOCALIDAD": "CERRO (CERRO DEL ACRUZ)", "CLAVE LOC": 240290019, "TIPO DE ASENTAMIENTO": "COMUNIDAD INDIGENA", "NOMBRE": "CERRO DE LA CRUZ", "MONTO ASIGNADO (PESOS)": 433877, "LATITUD": 21.466756, "LONGITUD": -98.681799 }, "geometry": { "type": "Point", "coordinates": [ -98.681799, 21.466756 ] } },
{ "type": "Feature", "properties": { "NO": 207, "ENTIDAD": "SAN LUIS POTOSI", "MUNICIPIO": "SAN MARTIN CHALCHICUAUTLA", "PUEBLO INDIGENA O AFROMEXICANO": "NAHUA", "LOCALIDAD": "CHACHATIPA", "CLAVE LOC": 240290025, "TIPO DE ASENTAMIENTO": "COMUNIDAD INDIGENA", "NOMBRE": "CHACHATIPA", "MONTO ASIGNADO (PESOS)": 290773, "LATITUD": 21.343844, "LONGITUD": -98.710407 }, "geometry": { "type": "Point", "coordinates": [ -98.710407, 21.343844 ] } },
{ "type": "Feature", "properties": { "NO": 208, "ENTIDAD": "SAN LUIS POTOSI", "MUNICIPIO": "SAN MARTIN CHALCHICUAUTLA", "PUEBLO INDIGENA O AFROMEXICANO": "NAHUA", "LOCALIDAD": "CHUPADERO DOS", "CLAVE LOC": 240290115, "TIPO DE ASENTAMIENTO": "COMUNIDAD INDIGENA", "NOMBRE": "EL CHUPADERO SEGUNDO", "MONTO ASIGNADO (PESOS)": 137183, "LATITUD": 21.324708, "LONGITUD": -98.67553 }, "geometry": { "type": "Point", "coordinates": [ -98.67553, 21.324708 ] } },
{ "type": "Feature", "properties": { "NO": 209, "ENTIDAD": "SAN LUIS POTOSI", "MUNICIPIO": "SAN MARTIN CHALCHICUAUTLA", "PUEBLO INDIGENA O AFROMEXICANO": "NAHUA", "LOCALIDAD": "COAMIXCO", "CLAVE LOC": 240290021, "TIPO DE ASENTAMIENTO": "COMUNIDAD INDIGENA", "NOMBRE": "COAMIXCO", "MONTO ASIGNADO (PESOS)": 186396, "LATITUD": 21.395621, "LONGITUD": -98.667058 }, "geometry": { "type": "Point", "coordinates": [ -98.667058, 21.395621 ] } },
{ "type": "Feature", "properties": { "NO": 210, "ENTIDAD": "SAN LUIS POTOSI", "MUNICIPIO": "SAN MARTIN CHALCHICUAUTLA", "PUEBLO INDIGENA O AFROMEXICANO": "NAHUA", "LOCALIDAD": "COAXOCOYO DOS (LA LAXTITLA)", "CLAVE LOC": 240290023, "TIPO DE ASENTAMIENTO": "COMUNIDAD INDIGENA", "NOMBRE": "CUAXOCOYO 2DO", "MONTO ASIGNADO (PESOS)": 99714, "LATITUD": 21.393283, "LONGITUD": -98.658118 }, "geometry": { "type": "Point", "coordinates": [ -98.658118, 21.393283 ] } },
{ "type": "Feature", "properties": { "NO": 211, "ENTIDAD": "SAN LUIS POTOSI", "MUNICIPIO": "SAN MARTIN CHALCHICUAUTLA", "PUEBLO INDIGENA O AFROMEXICANO": "NAHUA", "LOCALIDAD": "CUAXOCOYO UNO LIMONTITLA", "CLAVE LOC": 240290199, "TIPO DE ASENTAMIENTO": "COMUNIDAD INDIGENA", "NOMBRE": "COAXOCOYO 1° LIMONTITLA", "MONTO ASIGNADO (PESOS)": 196194, "LATITUD": 21.359639, "LONGITUD": -98.68875 }, "geometry": { "type": "Point", "coordinates": [ -98.68875, 21.359639 ] } },
{ "type": "Feature", "properties": { "NO": 212, "ENTIDAD": "SAN LUIS POTOSI", "MUNICIPIO": "SAN MARTIN CHALCHICUAUTLA", "PUEBLO INDIGENA O AFROMEXICANO": "NAHUA", "LOCALIDAD": "DOMINGO ZAPOYO", "CLAVE LOC": 240290029, "TIPO DE ASENTAMIENTO": "COMUNIDAD INDIGENA", "NOMBRE": "DOMINGO ZAPOYO", "MONTO ASIGNADO (PESOS)": 399095, "LATITUD": 21.262918, "LONGITUD": -98.639818 }, "geometry": { "type": "Point", "coordinates": [ -98.639818, 21.262918 ] } },
{ "type": "Feature", "properties": { "NO": 213, "ENTIDAD": "SAN LUIS POTOSI", "MUNICIPIO": "SAN MARTIN CHALCHICUAUTLA", "PUEBLO INDIGENA O AFROMEXICANO": "NAHUA", "LOCALIDAD": "EJIDO DOMINGO", "CLAVE LOC": 240290075, "TIPO DE ASENTAMIENTO": "COMUNIDAD INDIGENA", "NOMBRE": "EJIDO DOMINGO", "MONTO ASIGNADO (PESOS)": 172752, "LATITUD": 21.276679, "LONGITUD": -98.639959 }, "geometry": { "type": "Point", "coordinates": [ -98.639959, 21.276679 ] } },
{ "type": "Feature", "properties": { "NO": 214, "ENTIDAD": "SAN LUIS POTOSI", "MUNICIPIO": "SAN MARTIN CHALCHICUAUTLA", "PUEBLO INDIGENA O AFROMEXICANO": "NAHUA", "LOCALIDAD": "EJIDO LA PUERTA", "CLAVE LOC": 240290068, "TIPO DE ASENTAMIENTO": "COMUNIDAD INDIGENA", "NOMBRE": "LA PUERTA", "MONTO ASIGNADO (PESOS)": 369808, "LATITUD": 21.319902, "LONGITUD": -98.670572 }, "geometry": { "type": "Point", "coordinates": [ -98.670572, 21.319902 ] } },
{ "type": "Feature", "properties": { "NO": 215, "ENTIDAD": "SAN LUIS POTOSI", "MUNICIPIO": "SAN MARTIN CHALCHICUAUTLA", "PUEBLO INDIGENA O AFROMEXICANO": "NAHUA", "LOCALIDAD": "EL CARRIZO", "CLAVE LOC": 240290014, "TIPO DE ASENTAMIENTO": "COMUNIDAD INDIGENA", "NOMBRE": "EL CARRIZO", "MONTO ASIGNADO (PESOS)": 1377742, "LATITUD": 21.446609, "LONGITUD": -98.560055 }, "geometry": { "type": "Point", "coordinates": [ -98.560055, 21.446609 ] } },
{ "type": "Feature", "properties": { "NO": 216, "ENTIDAD": "SAN LUIS POTOSI", "MUNICIPIO": "SAN MARTIN CHALCHICUAUTLA", "PUEBLO INDIGENA O AFROMEXICANO": "NAHUA", "LOCALIDAD": "EL FRIJOLILLO", "CLAVE LOC": 240290032, "TIPO DE ASENTAMIENTO": "COMUNIDAD INDIGENA", "NOMBRE": "EL FRIJOLILLO", "MONTO ASIGNADO (PESOS)": 262480, "LATITUD": 21.244272, "LONGITUD": -98.603371 }, "geometry": { "type": "Point", "coordinates": [ -98.603371, 21.244272 ] } },
{ "type": "Feature", "properties": { "NO": 217, "ENTIDAD": "SAN LUIS POTOSI", "MUNICIPIO": "SAN MARTIN CHALCHICUAUTLA", "PUEBLO INDIGENA O AFROMEXICANO": "NAHUA", "LOCALIDAD": "EL HUAYAL", "CLAVE LOC": 240290035, "TIPO DE ASENTAMIENTO": "COMUNIDAD INDIGENA", "NOMBRE": "EL HUAYAL", "MONTO ASIGNADO (PESOS)": 1528237, "LATITUD": 21.481417, "LONGITUD": -98.598889 }, "geometry": { "type": "Point", "coordinates": [ -98.598889, 21.481417 ] } },
{ "type": "Feature", "properties": { "NO": 218, "ENTIDAD": "SAN LUIS POTOSI", "MUNICIPIO": "SAN MARTIN CHALCHICUAUTLA", "PUEBLO INDIGENA O AFROMEXICANO": "NAHUA", "LOCALIDAD": "EL PEMUCHE VIEJO", "CLAVE LOC": 240290060, "TIPO DE ASENTAMIENTO": "COMUNIDAD INDIGENA", "NOMBRE": "EL PEMUCHE VIEJO", "MONTO ASIGNADO (PESOS)": 128608, "LATITUD": 21.504621, "LONGITUD": -98.66871 }, "geometry": { "type": "Point", "coordinates": [ -98.66871, 21.504621 ] } },
{ "type": "Feature", "properties": { "NO": 219, "ENTIDAD": "SAN LUIS POTOSI", "MUNICIPIO": "SAN MARTIN CHALCHICUAUTLA", "PUEBLO INDIGENA O AFROMEXICANO": "NAHUA", "LOCALIDAD": "EL POTRERO", "CLAVE LOC": 240290065, "TIPO DE ASENTAMIENTO": "COMUNIDAD INDIGENA", "NOMBRE": "EL POTRERO", "MONTO ASIGNADO (PESOS)": 351401, "LATITUD": 21.241649, "LONGITUD": -98.631761 }, "geometry": { "type": "Point", "coordinates": [ -98.631761, 21.241649 ] } },
{ "type": "Feature", "properties": { "NO": 220, "ENTIDAD": "SAN LUIS POTOSI", "MUNICIPIO": "SAN MARTIN CHALCHICUAUTLA", "PUEBLO INDIGENA O AFROMEXICANO": "NAHUA", "LOCALIDAD": "EL RODEO DE LA CRUZ", "CLAVE LOC": 240290108, "TIPO DE ASENTAMIENTO": "COMUNIDAD INDIGENA", "NOMBRE": "EL RODEO DE LA CRUZ", "MONTO ASIGNADO (PESOS)": 167901, "LATITUD": 21.274591, "LONGITUD": -98.671912 }, "geometry": { "type": "Point", "coordinates": [ -98.671912, 21.274591 ] } },
{ "type": "Feature", "properties": { "NO": 221, "ENTIDAD": "SAN LUIS POTOSI", "MUNICIPIO": "SAN MARTIN CHALCHICUAUTLA", "PUEBLO INDIGENA O AFROMEXICANO": "NAHUA", "LOCALIDAD": "EL SACRIFICIO", "CLAVE LOC": 240290102, "TIPO DE ASENTAMIENTO": "COMUNIDAD INDIGENA", "NOMBRE": "EL SACRIFICIO", "MONTO ASIGNADO (PESOS)": 178410, "LATITUD": 21.287174, "LONGITUD": -98.638353 }, "geometry": { "type": "Point", "coordinates": [ -98.638353, 21.287174 ] } },
{ "type": "Feature", "properties": { "NO": 222, "ENTIDAD": "SAN LUIS POTOSI", "MUNICIPIO": "SAN MARTIN CHALCHICUAUTLA", "PUEBLO INDIGENA O AFROMEXICANO": "NAHUA", "LOCALIDAD": "ESCUATITLA", "CLAVE LOC": 240290030, "TIPO DE ASENTAMIENTO": "COMUNIDAD INDIGENA", "NOMBRE": "ESCUATITLA", "MONTO ASIGNADO (PESOS)": 636755, "LATITUD": 21.336356, "LONGITUD": -98.703191 }, "geometry": { "type": "Point", "coordinates": [ -98.703191, 21.336356 ] } },
{ "type": "Feature", "properties": { "NO": 223, "ENTIDAD": "SAN LUIS POTOSI", "MUNICIPIO": "SAN MARTIN CHALCHICUAUTLA", "PUEBLO INDIGENA O AFROMEXICANO": "NAHUA", "LOCALIDAD": "IXPATLACH", "CLAVE LOC": 240290037, "TIPO DE ASENTAMIENTO": "COMUNIDAD INDIGENA", "NOMBRE": "IXPATLACH", "MONTO ASIGNADO (PESOS)": 218020, "LATITUD": 21.351294, "LONGITUD": -98.697643 }, "geometry": { "type": "Point", "coordinates": [ -98.697643, 21.351294 ] } },
{ "type": "Feature", "properties": { "NO": 224, "ENTIDAD": "SAN LUIS POTOSI", "MUNICIPIO": "SAN MARTIN CHALCHICUAUTLA", "PUEBLO INDIGENA O AFROMEXICANO": "NAHUA", "LOCALIDAD": "LA CEIBITA", "CLAVE LOC": 240290017, "TIPO DE ASENTAMIENTO": "COMUNIDAD INDIGENA", "NOMBRE": "LA CEIBITA", "MONTO ASIGNADO (PESOS)": 99190, "LATITUD": 21.426158, "LONGITUD": -98.669877 }, "geometry": { "type": "Point", "coordinates": [ -98.669877, 21.426158 ] } },
{ "type": "Feature", "properties": { "NO": 225, "ENTIDAD": "SAN LUIS POTOSI", "MUNICIPIO": "SAN MARTIN CHALCHICUAUTLA", "PUEBLO INDIGENA O AFROMEXICANO": "NAHUA", "LOCALIDAD": "LA ESPERANZA", "CLAVE LOC": 240290031, "TIPO DE ASENTAMIENTO": "COMUNIDAD INDIGENA", "NOMBRE": "LA ESPERANZA", "MONTO ASIGNADO (PESOS)": 417687, "LATITUD": 21.202986, "LONGITUD": -98.609482 }, "geometry": { "type": "Point", "coordinates": [ -98.609482, 21.202986 ] } },
{ "type": "Feature", "properties": { "NO": 226, "ENTIDAD": "SAN LUIS POTOSI", "MUNICIPIO": "SAN MARTIN CHALCHICUAUTLA", "PUEBLO INDIGENA O AFROMEXICANO": "NAHUA", "LOCALIDAD": "LA MESA DEL TORO", "CLAVE LOC": 240290049, "TIPO DE ASENTAMIENTO": "COMUNIDAD INDIGENA", "NOMBRE": "MESA DEL TORO", "MONTO ASIGNADO (PESOS)": 196194, "LATITUD": 21.289134, "LONGITUD": -98.659821 }, "geometry": { "type": "Point", "coordinates": [ -98.659821, 21.289134 ] } },
{ "type": "Feature", "properties": { "NO": 227, "ENTIDAD": "SAN LUIS POTOSI", "MUNICIPIO": "SAN MARTIN CHALCHICUAUTLA", "PUEBLO INDIGENA O AFROMEXICANO": "NAHUA", "LOCALIDAD": "LA PIMIENTA", "CLAVE LOC": 240290109, "TIPO DE ASENTAMIENTO": "COMUNIDAD INDIGENA", "NOMBRE": "LA PIMIENTA", "MONTO ASIGNADO (PESOS)": 314216, "LATITUD": 21.281749, "LONGITUD": -98.690051 }, "geometry": { "type": "Point", "coordinates": [ -98.690051, 21.281749 ] } },
{ "type": "Feature", "properties": { "NO": 228, "ENTIDAD": "SAN LUIS POTOSI", "MUNICIPIO": "SAN MARTIN CHALCHICUAUTLA", "PUEBLO INDIGENA O AFROMEXICANO": "NAHUA", "LOCALIDAD": "LA SOLEDAD", "CLAVE LOC": 240290076, "TIPO DE ASENTAMIENTO": "COMUNIDAD INDIGENA", "NOMBRE": "LA SOLEDAD", "MONTO ASIGNADO (PESOS)": 295624, "LATITUD": 21.271065, "LONGITUD": -98.612109 }, "geometry": { "type": "Point", "coordinates": [ -98.612109, 21.271065 ] } },
{ "type": "Feature", "properties": { "NO": 229, "ENTIDAD": "SAN LUIS POTOSI", "MUNICIPIO": "SAN MARTIN CHALCHICUAUTLA", "PUEBLO INDIGENA O AFROMEXICANO": "NAHUA", "LOCALIDAD": "LA LAXO", "CLAVE LOC": 240290039, "TIPO DE ASENTAMIENTO": "COMUNIDAD INDIGENA", "NOMBRE": "LA LAXO", "MONTO ASIGNADO (PESOS)": 336850, "LATITUD": 21.327617, "LONGITUD": -98.722138 }, "geometry": { "type": "Point", "coordinates": [ -98.722138, 21.327617 ] } },
{ "type": "Feature", "properties": { "NO": 230, "ENTIDAD": "SAN LUIS POTOSI", "MUNICIPIO": "SAN MARTIN CHALCHICUAUTLA", "PUEBLO INDIGENA O AFROMEXICANO": "NAHUA", "LOCALIDAD": "LAS ACAMAYAS", "CLAVE LOC": 240290002, "TIPO DE ASENTAMIENTO": "COMUNIDAD INDIGENA", "NOMBRE": "LAS ACAMAYAS", "MONTO ASIGNADO (PESOS)": 270564, "LATITUD": 21.410257, "LONGITUD": -98.617929 }, "geometry": { "type": "Point", "coordinates": [ -98.617929, 21.410257 ] } },
{ "type": "Feature", "properties": { "NO": 231, "ENTIDAD": "SAN LUIS POTOSI", "MUNICIPIO": "SAN MARTIN CHALCHICUAUTLA", "PUEBLO INDIGENA O AFROMEXICANO": "NAHUA", "LOCALIDAD": "LLANO GRANDE", "CLAVE LOC": 240290041, "TIPO DE ASENTAMIENTO": "COMUNIDAD INDIGENA", "NOMBRE": "LLANO GRANDE", "MONTO ASIGNADO (PESOS)": 310743, "LATITUD": 21.305673, "LONGITUD": -98.642869 }, "geometry": { "type": "Point", "coordinates": [ -98.642869, 21.305673 ] } },
{ "type": "Feature", "properties": { "NO": 232, "ENTIDAD": "SAN LUIS POTOSI", "MUNICIPIO": "SAN MARTIN CHALCHICUAUTLA", "PUEBLO INDIGENA O AFROMEXICANO": "NAHUA", "LOCALIDAD": "LOS BORDONES", "CLAVE LOC": 240290012, "TIPO DE ASENTAMIENTO": "COMUNIDAD INDIGENA", "NOMBRE": "LOS BORDONES", "MONTO ASIGNADO (PESOS)": 309127, "LATITUD": 21.308018, "LONGITUD": -98.721953 }, "geometry": { "type": "Point", "coordinates": [ -98.721953, 21.308018 ] } },
{ "type": "Feature", "properties": { "NO": 233, "ENTIDAD": "SAN LUIS POTOSI", "MUNICIPIO": "SAN MARTIN CHALCHICUAUTLA", "PUEBLO INDIGENA O AFROMEXICANO": "NAHUA", "LOCALIDAD": "MANCHOC", "CLAVE LOC": 240290043, "TIPO DE ASENTAMIENTO": "COMUNIDAD INDIGENA", "NOMBRE": "MANCHOC", "MONTO ASIGNADO (PESOS)": 975320, "LATITUD": 21.343564, "LONGITUD": -98.6923 }, "geometry": { "type": "Point", "coordinates": [ -98.6923, 21.343564 ] } },
{ "type": "Feature", "properties": { "NO": 234, "ENTIDAD": "SAN LUIS POTOSI", "MUNICIPIO": "SAN MARTIN CHALCHICUAUTLA", "PUEBLO INDIGENA O AFROMEXICANO": "NAHUA", "LOCALIDAD": "MATLAPITA", "CLAVE LOC": 240290045, "TIPO DE ASENTAMIENTO": "COMUNIDAD INDIGENA", "NOMBRE": "MATLAPITA", "MONTO ASIGNADO (PESOS)": 207752, "LATITUD": 21.364984, "LONGITUD": -98.683885 }, "geometry": { "type": "Point", "coordinates": [ -98.683885, 21.364984 ] } },
{ "type": "Feature", "properties": { "NO": 235, "ENTIDAD": "SAN LUIS POTOSI", "MUNICIPIO": "SAN MARTIN CHALCHICUAUTLA", "PUEBLO INDIGENA O AFROMEXICANO": "NAHUA", "LOCALIDAD": "MESA DEL MACHO", "CLAVE LOC": 240290048, "TIPO DE ASENTAMIENTO": "COMUNIDAD INDIGENA", "NOMBRE": "MESA DEL MACHO", "MONTO ASIGNADO (PESOS)": 177602, "LATITUD": 21.425395, "LONGITUD": -98.630865 }, "geometry": { "type": "Point", "coordinates": [ -98.630865, 21.425395 ] } },
{ "type": "Feature", "properties": { "NO": 236, "ENTIDAD": "SAN LUIS POTOSI", "MUNICIPIO": "SAN MARTIN CHALCHICUAUTLA", "PUEBLO INDIGENA O AFROMEXICANO": "NAHUA", "LOCALIDAD": "NUEVO IXTEPEC (EJIDOS ILVANIETO)", "CLAVE LOC": 240290293, "TIPO DE ASENTAMIENTO": "COMUNIDAD INDIGENA", "NOMBRE": "IXTEPEC", "MONTO ASIGNADO (PESOS)": 123583, "LATITUD": 21.291702, "LONGITUD": -98.645457 }, "geometry": { "type": "Point", "coordinates": [ -98.645457, 21.291702 ] } },
{ "type": "Feature", "properties": { "NO": 237, "ENTIDAD": "SAN LUIS POTOSI", "MUNICIPIO": "SAN MARTIN CHALCHICUAUTLA", "PUEBLO INDIGENA O AFROMEXICANO": "NAHUA", "LOCALIDAD": "OCTLAMECAYO", "CLAVE LOC": 240290054, "TIPO DE ASENTAMIENTO": "COMUNIDAD INDIGENA", "NOMBRE": "OCTLAMECAYO", "MONTO ASIGNADO (PESOS)": 443316, "LATITUD": 21.247307, "LONGITUD": -98.616389 }, "geometry": { "type": "Point", "coordinates": [ -98.616389, 21.247307 ] } },
{ "type": "Feature", "properties": { "NO": 238, "ENTIDAD": "SAN LUIS POTOSI", "MUNICIPIO": "SAN MARTIN CHALCHICUAUTLA", "PUEBLO INDIGENA O AFROMEXICANO": "NAHUA", "LOCALIDAD": "OCUILTZAPOYO", "CLAVE LOC": 240290053, "TIPO DE ASENTAMIENTO": "COMUNIDAD INDIGENA", "NOMBRE": "OCUILTZAPOYO", "MONTO ASIGNADO (PESOS)": 1219033, "LATITUD": 21.325623, "LONGITUD": -98.727849 }, "geometry": { "type": "Point", "coordinates": [ -98.727849, 21.325623 ] } },
{ "type": "Feature", "properties": { "NO": 239, "ENTIDAD": "SAN LUIS POTOSI", "MUNICIPIO": "SAN MARTIN CHALCHICUAUTLA", "PUEBLO INDIGENA O AFROMEXICANO": "NAHUA", "LOCALIDAD": "PEMUCHE (EJIDO NUEVO)", "CLAVE LOC": 240290207, "TIPO DE ASENTAMIENTO": "COMUNIDAD INDIGENA", "NOMBRE": "EJIDO NUEVO PEMUCHE", "MONTO ASIGNADO (PESOS)": 403727, "LATITUD": 21.513812, "LONGITUD": -98.663978 }, "geometry": { "type": "Point", "coordinates": [ -98.663978, 21.513812 ] } },
{ "type": "Feature", "properties": { "NO": 240, "ENTIDAD": "SAN LUIS POTOSI", "MUNICIPIO": "SAN MARTIN CHALCHICUAUTLA", "PUEBLO INDIGENA O AFROMEXICANO": "NAHUA", "LOCALIDAD": "PITAGIO", "CLAVE LOC": 240290064, "TIPO DE ASENTAMIENTO": "COMUNIDAD INDIGENA", "NOMBRE": "PITAGIO", "MONTO ASIGNADO (PESOS)": 368377, "LATITUD": 21.210601, "LONGITUD": -98.616461 }, "geometry": { "type": "Point", "coordinates": [ -98.616461, 21.210601 ] } },
{ "type": "Feature", "properties": { "NO": 241, "ENTIDAD": "SAN LUIS POTOSI", "MUNICIPIO": "SAN MARTIN CHALCHICUAUTLA", "PUEBLO INDIGENA O AFROMEXICANO": "NAHUA", "LOCALIDAD": "RANCHO NUEVO", "CLAVE LOC": 240290098, "TIPO DE ASENTAMIENTO": "COMUNIDAD INDIGENA", "NOMBRE": "RANCHO NUEVO", "MONTO ASIGNADO (PESOS)": 379455, "LATITUD": 21.28323, "LONGITUD": -98.625288 }, "geometry": { "type": "Point", "coordinates": [ -98.625288, 21.28323 ] } },
{ "type": "Feature", "properties": { "NO": 242, "ENTIDAD": "SAN LUIS POTOSI", "MUNICIPIO": "SAN MARTIN CHALCHICUAUTLA", "PUEBLO INDIGENA O AFROMEXICANO": "NAHUA", "LOCALIDAD": "SAN JOSE DE LAS ADJUNTAS", "CLAVE LOC": 240290072, "TIPO DE ASENTAMIENTO": "COMUNIDAD INDIGENA", "NOMBRE": "SAN JOSÉ DE LAS ADJUNTAS", "MONTO ASIGNADO (PESOS)": 232571, "LATITUD": 21.456938, "LONGITUD": -98.521964 }, "geometry": { "type": "Point", "coordinates": [ -98.521964, 21.456938 ] } },
{ "type": "Feature", "properties": { "NO": 243, "ENTIDAD": "SAN LUIS POTOSI", "MUNICIPIO": "SAN MARTIN CHALCHICUAUTLA", "PUEBLO INDIGENA O AFROMEXICANO": "NAHUA", "LOCALIDAD": "SAN LUISITO", "CLAVE LOC": 240290073, "TIPO DE ASENTAMIENTO": "COMUNIDAD INDIGENA", "NOMBRE": "SAN LUISITO", "MONTO ASIGNADO (PESOS)": 294433, "LATITUD": 21.352108, "LONGITUD": -98.691538 }, "geometry": { "type": "Point", "coordinates": [ -98.691538, 21.352108 ] } },
{ "type": "Feature", "properties": { "NO": 244, "ENTIDAD": "SAN LUIS POTOSI", "MUNICIPIO": "SAN MARTIN CHALCHICUAUTLA", "PUEBLO INDIGENA O AFROMEXICANO": "NAHUA", "LOCALIDAD": "TAXICHO", "CLAVE LOC": 240290077, "TIPO DE ASENTAMIENTO": "COMUNIDAD INDIGENA", "NOMBRE": "TAXICHO", "MONTO ASIGNADO (PESOS)": 304516, "LATITUD": 21.231448, "LONGITUD": -98.60377 }, "geometry": { "type": "Point", "coordinates": [ -98.60377, 21.231448 ] } },
{ "type": "Feature", "properties": { "NO": 245, "ENTIDAD": "SAN LUIS POTOSI", "MUNICIPIO": "SAN MARTIN CHALCHICUAUTLA", "PUEBLO INDIGENA O AFROMEXICANO": "NAHUA", "LOCALIDAD": "TECOMALA", "CLAVE LOC": 240290078, "TIPO DE ASENTAMIENTO": "COMUNIDAD INDIGENA", "NOMBRE": "TECOMALA", "MONTO ASIGNADO (PESOS)": 131525, "LATITUD": 21.400073, "LONGITUD": -98.643815 }, "geometry": { "type": "Point", "coordinates": [ -98.643815, 21.400073 ] } },
{ "type": "Feature", "properties": { "NO": 246, "ENTIDAD": "SAN LUIS POTOSI", "MUNICIPIO": "SAN MARTIN CHALCHICUAUTLA", "PUEBLO INDIGENA O AFROMEXICANO": "NAHUA", "LOCALIDAD": "TEMPEXQUITITLA", "CLAVE LOC": 240290080, "TIPO DE ASENTAMIENTO": "COMUNIDAD INDIGENA", "NOMBRE": "TEMPEXQUITITLA", "MONTO ASIGNADO (PESOS)": 374844, "LATITUD": 21.226155, "LONGITUD": -98.620129 }, "geometry": { "type": "Point", "coordinates": [ -98.620129, 21.226155 ] } },
{ "type": "Feature", "properties": { "NO": 247, "ENTIDAD": "SAN LUIS POTOSI", "MUNICIPIO": "SAN MARTIN CHALCHICUAUTLA", "PUEBLO INDIGENA O AFROMEXICANO": "NAHUA", "LOCALIDAD": "TENEXAMEL", "CLAVE LOC": 240290081, "TIPO DE ASENTAMIENTO": "COMUNIDAD INDIGENA", "NOMBRE": "TENEXAMEL", "MONTO ASIGNADO (PESOS)": 181644, "LATITUD": 21.367697, "LONGITUD": -98.674115 }, "geometry": { "type": "Point", "coordinates": [ -98.674115, 21.367697 ] } },
{ "type": "Feature", "properties": { "NO": 248, "ENTIDAD": "SAN LUIS POTOSI", "MUNICIPIO": "SAN MARTIN CHALCHICUAUTLA", "PUEBLO INDIGENA O AFROMEXICANO": "NAHUA", "LOCALIDAD": "TEPETLAYO", "CLAVE LOC": 240290084, "TIPO DE ASENTAMIENTO": "COMUNIDAD INDIGENA", "NOMBRE": "TEPETLAYO", "MONTO ASIGNADO (PESOS)": 168710, "LATITUD": 21.378643, "LONGITUD": -98.667912 }, "geometry": { "type": "Point", "coordinates": [ -98.667912, 21.378643 ] } },
{ "type": "Feature", "properties": { "NO": 249, "ENTIDAD": "SAN LUIS POTOSI", "MUNICIPIO": "SAN MARTIN CHALCHICUAUTLA", "PUEBLO INDIGENA O AFROMEXICANO": "NAHUA", "LOCALIDAD": "TERRERITO", "CLAVE LOC": 240290086, "TIPO DE ASENTAMIENTO": "COMUNIDAD INDIGENA", "NOMBRE": "TERRERITO", "MONTO ASIGNADO (PESOS)": 187302, "LATITUD": 21.356213, "LONGITUD": -98.694146 }, "geometry": { "type": "Point", "coordinates": [ -98.694146, 21.356213 ] } },
{ "type": "Feature", "properties": { "NO": 250, "ENTIDAD": "SAN LUIS POTOSI", "MUNICIPIO": "SAN MARTIN CHALCHICUAUTLA", "PUEBLO INDIGENA O AFROMEXICANO": "NAHUA", "LOCALIDAD": "TLALTEPINGO", "CLAVE LOC": 240290087, "TIPO DE ASENTAMIENTO": "COMUNIDAD INDIGENA", "NOMBRE": "TLALTEPINGO", "MONTO ASIGNADO (PESOS)": 188908, "LATITUD": 21.387288, "LONGITUD": -98.677058 }, "geometry": { "type": "Point", "coordinates": [ -98.677058, 21.387288 ] } },
{ "type": "Feature", "properties": { "NO": 251, "ENTIDAD": "SAN LUIS POTOSI", "MUNICIPIO": "SAN MARTIN CHALCHICUAUTLA", "PUEBLO INDIGENA O AFROMEXICANO": "NAHUA", "LOCALIDAD": "TOTOLTEO", "CLAVE LOC": 240290088, "TIPO DE ASENTAMIENTO": "COMUNIDAD INDIGENA", "NOMBRE": "TOTOLTEO", "MONTO ASIGNADO (PESOS)": 352209, "LATITUD": 21.348922, "LONGITUD": -98.708305 }, "geometry": { "type": "Point", "coordinates": [ -98.708305, 21.348922 ] } },
{ "type": "Feature", "properties": { "NO": 252, "ENTIDAD": "SAN LUIS POTOSI", "MUNICIPIO": "SAN MARTIN CHALCHICUAUTLA", "PUEBLO INDIGENA O AFROMEXICANO": "NAHUA", "LOCALIDAD": "TRAPICHE VIEJO", "CLAVE LOC": 240290090, "TIPO DE ASENTAMIENTO": "COMUNIDAD INDIGENA", "NOMBRE": "TRAPICHE VIEJO", "MONTO ASIGNADO (PESOS)": 182627, "LATITUD": 21.408158, "LONGITUD": -98.670789 }, "geometry": { "type": "Point", "coordinates": [ -98.670789, 21.408158 ] } },
{ "type": "Feature", "properties": { "NO": 253, "ENTIDAD": "SAN LUIS POTOSI", "MUNICIPIO": "SAN MARTIN CHALCHICUAUTLA", "PUEBLO INDIGENA O AFROMEXICANO": "NAHUA", "LOCALIDAD": "XALAMATITLA", "CLAVE LOC": 240290091, "TIPO DE ASENTAMIENTO": "COMUNIDAD INDIGENA", "NOMBRE": "XALAMATITLA", "MONTO ASIGNADO (PESOS)": 163860, "LATITUD": 21.364522, "LONGITUD": -98.685482 }, "geometry": { "type": "Point", "coordinates": [ -98.685482, 21.364522 ] } },
{ "type": "Feature", "properties": { "NO": 254, "ENTIDAD": "SAN LUIS POTOSI", "MUNICIPIO": "SAN VICENTE TANCUAYALAB", "PUEBLO INDIGENA O AFROMEXICANO": "HUASTECO", "LOCALIDAD": "FRANCISCO VILLA", "CLAVE LOC": 240340047, "TIPO DE ASENTAMIENTO": "COMUNIDAD INDIGENA", "NOMBRE": "FRANCIS COVILLA", "MONTO ASIGNADO (PESOS)": 429813, "LATITUD": 21.824741, "LONGITUD": -98.663026 }, "geometry": { "type": "Point", "coordinates": [ -98.663026, 21.824741 ] } },
{ "type": "Feature", "properties": { "NO": 255, "ENTIDAD": "SAN LUIS POTOSI", "MUNICIPIO": "SAN VICENTE TANCUAYALAB", "PUEBLO INDIGENA O AFROMEXICANO": "HUASTECO", "LOCALIDAD": "GENERAL LEON MARTINEZ MHD", "CLAVE LOC": 240340233, "TIPO DE ASENTAMIENTO": "COMUNIDAD INDIGENA", "NOMBRE": "EJIDO GENERAL LEÓN MARTINEZ", "MONTO ASIGNADO (PESOS)": 460531, "LATITUD": 21.793826, "LONGITUD": -98.486632 }, "geometry": { "type": "Point", "coordinates": [ -98.486632, 21.793826 ] } },
{ "type": "Feature", "properties": { "NO": 256, "ENTIDAD": "SAN LUIS POTOSI", "MUNICIPIO": "SAN VICENTE TANCUAYALAB", "PUEBLO INDIGENA O AFROMEXICANO": "HUASTECO", "LOCALIDAD": "LAZARO CARDENAS", "CLAVE LOC": 240340050, "TIPO DE ASENTAMIENTO": "COMUNIDAD INDIGENA", "NOMBRE": "EJIDO LÁZARO CÁRDENAS", "MONTO ASIGNADO (PESOS)": 264097, "LATITUD": 21.813903, "LONGITUD": -98.666749 }, "geometry": { "type": "Point", "coordinates": [ -98.666749, 21.813903 ] } },
{ "type": "Feature", "properties": { "NO": 257, "ENTIDAD": "SAN LUIS POTOSI", "MUNICIPIO": "SAN VICENTE TANCUAYALAB", "PUEBLO INDIGENA O AFROMEXICANO": "HUASTECO", "LOCALIDAD": "NARCISO MENDOZA", "CLAVE LOC": 240340204, "TIPO DE ASENTAMIENTO": "COMUNIDAD INDIGENA", "NOMBRE": "NARCIZO MENDOZA", "MONTO ASIGNADO (PESOS)": 126675, "LATITUD": 21.789775, "LONGITUD": -98.527457 }, "geometry": { "type": "Point", "coordinates": [ -98.527457, 21.789775 ] } },
{ "type": "Feature", "properties": { "NO": 258, "ENTIDAD": "SAN LUIS POTOSI", "MUNICIPIO": "SAN VICENTE TANCUAYALAB", "PUEBLO INDIGENA O AFROMEXICANO": "HUASTECO", "LOCALIDAD": "NUEVO JOMTE (COLONIA HIDALGO)", "CLAVE LOC": 240340236, "TIPO DE ASENTAMIENTO": "COMUNIDAD INDIGENA", "NOMBRE": "COLONIA HIDALGO POBLADO NUEVO", "MONTO ASIGNADO (PESOS)": 237421, "LATITUD": 21.861008, "LONGITUD": -98.594585 }, "geometry": { "type": "Point", "coordinates": [ -98.594585, 21.861008 ] } },
{ "type": "Feature", "properties": { "NO": 259, "ENTIDAD": "SAN LUIS POTOSI", "MUNICIPIO": "SAN VICENTE TANCUAYALAB", "PUEBLO INDIGENA O AFROMEXICANO": "HUASTECO", "LOCALIDAD": "NUEVO JOMTE (EL CIRUELAR DOS)", "CLAVE LOC": 240340112, "TIPO DE ASENTAMIENTO": "COMUNIDAD INDIGENA", "NOMBRE": "NUEVO CENTO DE POBLACIÓN EJIDAL(NCPE) NUEVO", "MONTO ASIGNADO (PESOS)": 2025655, "LATITUD": 21.861451, "LONGITUD": -98.599385 }, "geometry": { "type": "Point", "coordinates": [ -98.599385, 21.861451 ] } },
{ "type": "Feature", "properties": { "NO": 260, "ENTIDAD": "SAN LUIS POTOSI", "MUNICIPIO": "SAN VICENTE TANCUAYALAB", "PUEBLO INDIGENA O AFROMEXICANO": "HUASTECO", "LOCALIDAD": "NUEVO JOMTE (EZEQUIEL AHUMADA)", "CLAVE LOC": 240340111, "TIPO DE ASENTAMIENTO": "COMUNIDAD INDIGENA", "NOMBRE": "EJIDO EZEQUIEL AHUAMADA NCPE POBLADO NUEVO", "MONTO ASIGNADO (PESOS)": 180835, "LATITUD": 21.856956, "LONGITUD": -98.596462 }, "geometry": { "type": "Point", "coordinates": [ -98.596462, 21.856956 ] } },
{ "type": "Feature", "properties": { "NO": 261, "ENTIDAD": "SAN LUIS POTOSI", "MUNICIPIO": "SAN VICENTE TANCUAYALAB", "PUEBLO INDIGENA O AFROMEXICANO": "HUASTECO", "LOCALIDAD": "NUEVO JOMTE (NUEVO MAY)", "CLAVE LOC": 240340115, "TIPO DE ASENTAMIENTO": "COMUNIDAD INDIGENA", "NOMBRE": "EJIDO NUEVO MAY, NCPE NUEVO JOMTE", "MONTO ASIGNADO (PESOS)": 251972, "LATITUD": 21.857085, "LONGITUD": -98.594711 }, "geometry": { "type": "Point", "coordinates": [ -98.594711, 21.857085 ] } },
{ "type": "Feature", "properties": { "NO": 262, "ENTIDAD": "SAN LUIS POTOSI", "MUNICIPIO": "SAN VICENTE TANCUAYALAB", "PUEBLO INDIGENA O AFROMEXICANO": "HUASTECO", "LOCALIDAD": "NUEVO JOMTE (TASAJERAS DOS)", "CLAVE LOC": 240340107, "TIPO DE ASENTAMIENTO": "COMUNIDAD INDIGENA", "NOMBRE": "TASAJERAS II", "MONTO ASIGNADO (PESOS)": 205086, "LATITUD": 21.85528, "LONGITUD": -98.59371 }, "geometry": { "type": "Point", "coordinates": [ -98.59371, 21.85528 ] } },
{ "type": "Feature", "properties": { "NO": 263, "ENTIDAD": "SAN LUIS POTOSI", "MUNICIPIO": "SAN VICENTE TANCUAYALAB", "PUEBLO INDIGENA O AFROMEXICANO": "HUASTECO", "LOCALIDAD": "SAGRADA FAMILIA", "CLAVE LOC": 240340249, "TIPO DE ASENTAMIENTO": "COMUNIDAD INDIGENA", "NOMBRE": "SAGRADA FAMILIA", "MONTO ASIGNADO (PESOS)": 116974, "LATITUD": 21.78819, "LONGITUD": -98.507308 }, "geometry": { "type": "Point", "coordinates": [ -98.507308, 21.78819 ] } },
{ "type": "Feature", "properties": { "NO": 264, "ENTIDAD": "SAN LUIS POTOSI", "MUNICIPIO": "SAN VICENTE TANCUAYALAB", "PUEBLO INDIGENA O AFROMEXICANO": "HUASTECO", "LOCALIDAD": "SAN FRANCIS COCUAYALAB", "CLAVE LOC": 240340028, "TIPO DE ASENTAMIENTO": "COMUNIDAD INDIGENA", "NOMBRE": "SAN FRANCISCO CUAYALAB", "MONTO ASIGNADO (PESOS)": 1936351, "LATITUD": 21.730324, "LONGITUD": -98.718233 }, "geometry": { "type": "Point", "coordinates": [ -98.718233, 21.730324 ] } },
{ "type": "Feature", "properties": { "NO": 265, "ENTIDAD": "SAN LUIS POTOSI", "MUNICIPIO": "SAN VICENTE TANCUAYALAB", "PUEBLO INDIGENA O AFROMEXICANO": "HUASTECO", "LOCALIDAD": "SAN JUAN DE LAS VEGAS", "CLAVE LOC": 240340074, "TIPO DE ASENTAMIENTO": "COMUNIDAD INDIGENA", "NOMBRE": "SAN JUAN DE LAS VEGAS", "MONTO ASIGNADO (PESOS)": 408795, "LATITUD": 21.793909, "LONGITUD": -98.638617 }, "geometry": { "type": "Point", "coordinates": [ -98.638617, 21.793909 ] } },
{ "type": "Feature", "properties": { "NO": 266, "ENTIDAD": "SAN LUIS POTOSI", "MUNICIPIO": "SAN VICENTE TANCUAYALAB", "PUEBLO INDIGENA O AFROMEXICANO": "HUASTECO", "LOCALIDAD": "TASAJERAS", "CLAVE LOC": 240340040, "TIPO DE ASENTAMIENTO": "COMUNIDAD INDIGENA", "NOMBRE": "EJIDO TASAJERASI", "MONTO ASIGNADO (PESOS)": 257630, "LATITUD": 21.777043, "LONGITUD": -98.630618 }, "geometry": { "type": "Point", "coordinates": [ -98.630618, 21.777043 ] } },
{ "type": "Feature", "properties": { "NO": 267, "ENTIDAD": "SAN LUIS POTOSI", "MUNICIPIO": "SANTA CATARINA", "PUEBLO INDIGENA O AFROMEXICANO": "PAME", "LOCALIDAD": "CHACUALA", "CLAVE LOC": 240310046, "TIPO DE ASENTAMIENTO": "COMUNIDAD INDIGENA", "NOMBRE": "LAGUNA DE CHACUALA", "MONTO ASIGNADO (PESOS)": 347196, "LATITUD": 21.567711, "LONGITUD": -99.332157 }, "geometry": { "type": "Point", "coordinates": [ -99.332157, 21.567711 ] } },
{ "type": "Feature", "properties": { "NO": 268, "ENTIDAD": "SAN LUIS POTOSI", "MUNICIPIO": "SANTA CATARINA", "PUEBLO INDIGENA O AFROMEXICANO": "PAME", "LOCALIDAD": "EL COCO", "CLAVE LOC": 240310044, "TIPO DE ASENTAMIENTO": "COMUNIDAD INDIGENA", "NOMBRE": "EL COCO", "MONTO ASIGNADO (PESOS)": 444363, "LATITUD": 21.626941, "LONGITUD": -99.391261 }, "geometry": { "type": "Point", "coordinates": [ -99.391261, 21.626941 ] } },
{ "type": "Feature", "properties": { "NO": 269, "ENTIDAD": "SAN LUIS POTOSI", "MUNICIPIO": "SANTA CATARINA", "PUEBLO INDIGENA O AFROMEXICANO": "PAME", "LOCALIDAD": "JOYA DEL GUAYABO", "CLAVE LOC": 240310051, "TIPO DE ASENTAMIENTO": "COMUNIDAD INDIGENA", "NOMBRE": "JOYA DEL GUAYABO", "MONTO ASIGNADO (PESOS)": 160014, "LATITUD": 21.638273, "LONGITUD": -99.367775 }, "geometry": { "type": "Point", "coordinates": [ -99.367775, 21.638273 ] } },
{ "type": "Feature", "properties": { "NO": 270, "ENTIDAD": "SAN LUIS POTOSI", "MUNICIPIO": "SANTA CATARINA", "PUEBLO INDIGENA O AFROMEXICANO": "PAME", "LOCALIDAD": "SANTA MARIA ACAPULCO", "CLAVE LOC": 240310032, "TIPO DE ASENTAMIENTO": "COMUNIDAD INDIGENA", "NOMBRE": "SANTA MARÍA ACAPULCO", "MONTO ASIGNADO (PESOS)": 10615234, "LATITUD": 21.471874, "LONGITUD": -99.441255 }, "geometry": { "type": "Point", "coordinates": [ -99.441255, 21.471874 ] } },
{ "type": "Feature", "properties": { "NO": 271, "ENTIDAD": "SAN LUIS POTOSI", "MUNICIPIO": "SANTA CATARINA", "PUEBLO INDIGENA O AFROMEXICANO": "PAME", "LOCALIDAD": "TANLACUT (LABOR ZAPATA)", "CLAVE LOC": 240310013, "TIPO DE ASENTAMIENTO": "COMUNIDAD INDIGENA", "NOMBRE": "TANLACUT (LABOR ZAPATA)", "MONTO ASIGNADO (PESOS)": 1977347, "LATITUD": 21.673352, "LONGITUD": -99.328638 }, "geometry": { "type": "Point", "coordinates": [ -99.328638, 21.673352 ] } },
{ "type": "Feature", "properties": { "NO": 272, "ENTIDAD": "SAN LUIS POTOSI", "MUNICIPIO": "SANTA CATARINA", "PUEBLO INDIGENA O AFROMEXICANO": "PAME", "LOCALIDAD": "TANLU", "CLAVE LOC": 240310038, "TIPO DE ASENTAMIENTO": "COMUNIDAD INDIGENA", "NOMBRE": "TANLÚ", "MONTO ASIGNADO (PESOS)": 452447, "LATITUD": 21.604965, "LONGITUD": -99.370781 }, "geometry": { "type": "Point", "coordinates": [ -99.370781, 21.604965 ] } },
{ "type": "Feature", "properties": { "NO": 273, "ENTIDAD": "SAN LUIS POTOSI", "MUNICIPIO": "SANTA CATARINA", "PUEBLO INDIGENA O AFROMEXICANO": "PAME", "LOCALIDAD": "VEINTE DE AGOSTO", "CLAVE LOC": 240310072, "TIPO DE ASENTAMIENTO": "COMUNIDAD INDIGENA", "NOMBRE": "VEINTE DE AGOSTO", "MONTO ASIGNADO (PESOS)": 121071, "LATITUD": 21.627777, "LONGITUD": -99.2375 }, "geometry": { "type": "Point", "coordinates": [ -99.2375, 21.627777 ] } },
{ "type": "Feature", "properties": { "NO": 274, "ENTIDAD": "SAN LUIS POTOSI", "MUNICIPIO": "TAMASOPO", "PUEBLO INDIGENA O AFROMEXICANO": "PAME", "LOCALIDAD": "EMILIANO ZAPATA (LA BOQUILLA)", "CLAVE LOC": 240360098, "TIPO DE ASENTAMIENTO": "COMUNIDAD INDIGENA", "NOMBRE": "EMILIANO ZAPATA \"LABOQUILLA\"", "MONTO ASIGNADO (PESOS)": 218829, "LATITUD": 21.665374, "LONGITUD": -99.220529 }, "geometry": { "type": "Point", "coordinates": [ -99.220529, 21.665374 ] } },
{ "type": "Feature", "properties": { "NO": 275, "ENTIDAD": "SAN LUIS POTOSI", "MUNICIPIO": "TAMASOPO", "PUEBLO INDIGENA O AFROMEXICANO": "PAME", "LOCALIDAD": "LA PALMA (VILLA DE LA PALMA)", "CLAVE LOC": 240360041, "TIPO DE ASENTAMIENTO": "COMUNIDAD INDIGENA", "NOMBRE": "LA PALMA", "MONTO ASIGNADO (PESOS)": 12226972, "LATITUD": 21.786171, "LONGITUD": -99.468429 }, "geometry": { "type": "Point", "coordinates": [ -99.468429, 21.786171 ] } },
{ "type": "Feature", "properties": { "NO": 276, "ENTIDAD": "SAN LUIS POTOSI", "MUNICIPIO": "TAMASOPO", "PUEBLO INDIGENA O AFROMEXICANO": "PAME", "LOCALIDAD": "LA TANTOLA", "CLAVE LOC": 240360280, "TIPO DE ASENTAMIENTO": "COMUNIDAD INDIGENA", "NOMBRE": "LA TANTOLA", "MONTO ASIGNADO (PESOS)": 102424, "LATITUD": 21.807043, "LONGITUD": -99.357979 }, "geometry": { "type": "Point", "coordinates": [ -99.357979, 21.807043 ] } },
{ "type": "Feature", "properties": { "NO": 277, "ENTIDAD": "SAN LUIS POTOSI", "MUNICIPIO": "TAMASOPO", "PUEBLO INDIGENA O AFROMEXICANO": "PAME", "LOCALIDAD": "LAGUNA DE GOMEZ", "CLAVE LOC": 240360030, "TIPO DE ASENTAMIENTO": "COMUNIDAD INDIGENA", "NOMBRE": "LAGUNA DE GÓMEZ", "MONTO ASIGNADO (PESOS)": 171321, "LATITUD": 21.825947, "LONGITUD": -99.382901 }, "geometry": { "type": "Point", "coordinates": [ -99.382901, 21.825947 ] } },
{ "type": "Feature", "properties": { "NO": 278, "ENTIDAD": "SAN LUIS POTOSI", "MUNICIPIO": "TAMASOPO", "PUEBLO INDIGENA O AFROMEXICANO": "PAME", "LOCALIDAD": "PROVIDENCIA", "CLAVE LOC": 240360047, "TIPO DE ASENTAMIENTO": "COMUNIDAD INDIGENA", "NOMBRE": "LA PROVIDENCIA", "MONTO ASIGNADO (PESOS)": 137992, "LATITUD": 21.852997, "LONGITUD": -99.391004 }, "geometry": { "type": "Point", "coordinates": [ -99.391004, 21.852997 ] } },
{ "type": "Feature", "properties": { "NO": 279, "ENTIDAD": "SAN LUIS POTOSI", "MUNICIPIO": "TAMASOPO", "PUEBLO INDIGENA O AFROMEXICANO": "PAME", "LOCALIDAD": "SAN ANDRES DE LOS LIMONES", "CLAVE LOC": 240360055, "TIPO DE ASENTAMIENTO": "COMUNIDAD INDIGENA", "NOMBRE": "SAN ANDRÉS DE LOS LIMONES", "MONTO ASIGNADO (PESOS)": 183260, "LATITUD": 21.716926, "LONGITUD": -99.340154 }, "geometry": { "type": "Point", "coordinates": [ -99.340154, 21.716926 ] } },
{ "type": "Feature", "properties": { "NO": 280, "ENTIDAD": "SAN LUIS POTOSI", "MUNICIPIO": "TAMASOPO", "PUEBLO INDIGENA O AFROMEXICANO": "PAME", "LOCALIDAD": "TAMPASQUIN", "CLAVE LOC": 240360121, "TIPO DE ASENTAMIENTO": "COMUNIDAD INDIGENA", "NOMBRE": "TAMPASQUÍN", "MONTO ASIGNADO (PESOS)": 133950, "LATITUD": 21.77821, "LONGITUD": -99.344207 }, "geometry": { "type": "Point", "coordinates": [ -99.344207, 21.77821 ] } },
{ "type": "Feature", "properties": { "NO": 281, "ENTIDAD": "SAN LUIS POTOSI", "MUNICIPIO": "TAMAZUNCHALE", "PUEBLO INDIGENA O AFROMEXICANO": "NAHUA", "LOCALIDAD": "ACHIQUICO", "CLAVE LOC": 240370003, "TIPO DE ASENTAMIENTO": "COMUNIDAD INDIGENA", "NOMBRE": "ACHIQUICO", "MONTO ASIGNADO (PESOS)": 165476, "LATITUD": 21.266215, "LONGITUD": -98.743031 }, "geometry": { "type": "Point", "coordinates": [ -98.743031, 21.266215 ] } },
{ "type": "Feature", "properties": { "NO": 282, "ENTIDAD": "SAN LUIS POTOSI", "MUNICIPIO": "TAMAZUNCHALE", "PUEBLO INDIGENA O AFROMEXICANO": "NAHUA", "LOCALIDAD": "AGUA ZARCA", "CLAVE LOC": 240370005, "TIPO DE ASENTAMIENTO": "COMUNIDAD INDIGENA", "NOMBRE": "AGUA ZARCA", "MONTO ASIGNADO (PESOS)": 2386394, "LATITUD": 21.286944, "LONGITUD": -98.923888 }, "geometry": { "type": "Point", "coordinates": [ -98.923888, 21.286944 ] } },
{ "type": "Feature", "properties": { "NO": 283, "ENTIDAD": "SAN LUIS POTOSI", "MUNICIPIO": "TAMAZUNCHALE", "PUEBLO INDIGENA O AFROMEXICANO": "NAHUA", "LOCALIDAD": "BARRIO SAN RAFAEL (EL SOL)", "CLAVE LOC": 240370369, "TIPO DE ASENTAMIENTO": "COMUNIDAD INDIGENA", "NOMBRE": "COMUNIDAD SAN RAFAEL", "MONTO ASIGNADO (PESOS)": 184638, "LATITUD": 21.273082, "LONGITUD": -98.771372 }, "geometry": { "type": "Point", "coordinates": [ -98.771372, 21.273082 ] } },
{ "type": "Feature", "properties": { "NO": 284, "ENTIDAD": "SAN LUIS POTOSI", "MUNICIPIO": "TAMAZUNCHALE", "PUEBLO INDIGENA O AFROMEXICANO": "NAHUA", "LOCALIDAD": "CHAPULHUACANITO", "CLAVE LOC": 240370033, "TIPO DE ASENTAMIENTO": "COMUNIDAD INDIGENA", "NOMBRE": "CHAPULHUACANITO", "MONTO ASIGNADO (PESOS)": 4047855, "LATITUD": 21.208601, "LONGITUD": -98.671575 }, "geometry": { "type": "Point", "coordinates": [ -98.671575, 21.208601 ] } },
{ "type": "Feature", "properties": { "NO": 285, "ENTIDAD": "SAN LUIS POTOSI", "MUNICIPIO": "TAMAZUNCHALE", "PUEBLO INDIGENA O AFROMEXICANO": "NAHUA", "LOCALIDAD": "COAXOCOTITLA", "CLAVE LOC": 240370028, "TIPO DE ASENTAMIENTO": "COMUNIDAD INDIGENA", "NOMBRE": "COAXOCOTITLA", "MONTO ASIGNADO (PESOS)": 739179, "LATITUD": 21.210838, "LONGITUD": -98.772712 }, "geometry": { "type": "Point", "coordinates": [ -98.772712, 21.210838 ] } },
{ "type": "Feature", "properties": { "NO": 286, "ENTIDAD": "SAN LUIS POTOSI", "MUNICIPIO": "TAMAZUNCHALE", "PUEBLO INDIGENA O AFROMEXICANO": "NAHUA", "LOCALIDAD": "CUIXCUATITLA", "CLAVE LOC": 240370030, "TIPO DE ASENTAMIENTO": "COMUNIDAD INDIGENA", "NOMBRE": "CUIXCUATITLA", "MONTO ASIGNADO (PESOS)": 947738, "LATITUD": 21.299111, "LONGITUD": -98.76723 }, "geometry": { "type": "Point", "coordinates": [ -98.76723, 21.299111 ] } },
{ "type": "Feature", "properties": { "NO": 287, "ENTIDAD": "SAN LUIS POTOSI", "MUNICIPIO": "TAMAZUNCHALE", "PUEBLO INDIGENA O AFROMEXICANO": "NAHUA", "LOCALIDAD": "EL PALMITO", "CLAVE LOC": 240370058, "TIPO DE ASENTAMIENTO": "COMUNIDAD INDIGENA", "NOMBRE": "EL PALMITO", "MONTO ASIGNADO (PESOS)": 967412, "LATITUD": 21.250154, "LONGITUD": -98.707935 }, "geometry": { "type": "Point", "coordinates": [ -98.707935, 21.250154 ] } },
{ "type": "Feature", "properties": { "NO": 288, "ENTIDAD": "SAN LUIS POTOSI", "MUNICIPIO": "TAMAZUNCHALE", "PUEBLO INDIGENA O AFROMEXICANO": "NAHUA", "LOCALIDAD": "EL TEPETATE", "CLAVE LOC": 240370088, "TIPO DE ASENTAMIENTO": "COMUNIDAD INDIGENA", "NOMBRE": "EL TEPETATE", "MONTO ASIGNADO (PESOS)": 496907, "LATITUD": 21.292964, "LONGITUD": -98.747337 }, "geometry": { "type": "Point", "coordinates": [ -98.747337, 21.292964 ] } },
{ "type": "Feature", "properties": { "NO": 289, "ENTIDAD": "SAN LUIS POTOSI", "MUNICIPIO": "TAMAZUNCHALE", "PUEBLO INDIGENA O AFROMEXICANO": "NAHUA", "LOCALIDAD": "IXTEAMEL", "CLAVE LOC": 240370046, "TIPO DE ASENTAMIENTO": "COMUNIDAD INDIGENA", "NOMBRE": "IXTEAMEL", "MONTO ASIGNADO (PESOS)": 2766188, "LATITUD": 21.282695, "LONGITUD": -98.796642 }, "geometry": { "type": "Point", "coordinates": [ -98.796642, 21.282695 ] } },
{ "type": "Feature", "properties": { "NO": 290, "ENTIDAD": "SAN LUIS POTOSI", "MUNICIPIO": "TAMAZUNCHALE", "PUEBLO INDIGENA O AFROMEXICANO": "NAHUA", "LOCALIDAD": "IXTLAPALACO", "CLAVE LOC": 240370217, "TIPO DE ASENTAMIENTO": "COMUNIDAD INDIGENA", "NOMBRE": "IXTLAPALACO", "MONTO ASIGNADO (PESOS)": 1170847, "LATITUD": 21.247707, "LONGITUD": -98.842376 }, "geometry": { "type": "Point", "coordinates": [ -98.842376, 21.247707 ] } },
{ "type": "Feature", "properties": { "NO": 291, "ENTIDAD": "SAN LUIS POTOSI", "MUNICIPIO": "TAMAZUNCHALE", "PUEBLO INDIGENA O AFROMEXICANO": "NAHUA", "LOCALIDAD": "LA CUCHILLA", "CLAVE LOC": 240370029, "TIPO DE ASENTAMIENTO": "COMUNIDAD INDIGENA", "NOMBRE": "LA CUCHILLA", "MONTO ASIGNADO (PESOS)": 810315, "LATITUD": 21.285611, "LONGITUD": -98.724313 }, "geometry": { "type": "Point", "coordinates": [ -98.724313, 21.285611 ] } },
{ "type": "Feature", "properties": { "NO": 292, "ENTIDAD": "SAN LUIS POTOSI", "MUNICIPIO": "TAMAZUNCHALE", "PUEBLO INDIGENA O AFROMEXICANO": "NAHUA", "LOCALIDAD": "LA LAGUNA", "CLAVE LOC": 240370049, "TIPO DE ASENTAMIENTO": "COMUNIDAD INDIGENA", "NOMBRE": "LA LAGUNA", "MONTO ASIGNADO (PESOS)": 1864757, "LATITUD": 21.247508, "LONGITUD": -98.728818 }, "geometry": { "type": "Point", "coordinates": [ -98.728818, 21.247508 ] } },
{ "type": "Feature", "properties": { "NO": 293, "ENTIDAD": "SAN LUIS POTOSI", "MUNICIPIO": "TAMAZUNCHALE", "PUEBLO INDIGENA O AFROMEXICANO": "NAHUA", "LOCALIDAD": "LAS CABAÑAS", "CLAVE LOC": 240370234, "TIPO DE ASENTAMIENTO": "COMUNIDAD INDIGENA", "NOMBRE": "LAS CABAÑAS", "MONTO ASIGNADO (PESOS)": 234996, "LATITUD": 21.224403, "LONGITUD": -98.673189 }, "geometry": { "type": "Point", "coordinates": [ -98.673189, 21.224403 ] } },
{ "type": "Feature", "properties": { "NO": 294, "ENTIDAD": "SAN LUIS POTOSI", "MUNICIPIO": "TAMAZUNCHALE", "PUEBLO INDIGENA O AFROMEXICANO": "NAHUA", "LOCALIDAD": "LAS PALOMAS", "CLAVE LOC": 240370059, "TIPO DE ASENTAMIENTO": "COMUNIDAD INDIGENA", "NOMBRE": "LAS PALOMAS", "MONTO ASIGNADO (PESOS)": 430382, "LATITUD": 21.273529, "LONGITUD": -98.700023 }, "geometry": { "type": "Point", "coordinates": [ -98.700023, 21.273529 ] } },
{ "type": "Feature", "properties": { "NO": 295, "ENTIDAD": "SAN LUIS POTOSI", "MUNICIPIO": "TAMAZUNCHALE", "PUEBLO INDIGENA O AFROMEXICANO": "NAHUA", "LOCALIDAD": "LOS CERRITOS", "CLAVE LOC": 240370306, "TIPO DE ASENTAMIENTO": "COMUNIDAD INDIGENA", "NOMBRE": "LOS CERRITOS", "MONTO ASIGNADO (PESOS)": 522297, "LATITUD": 21.301994, "LONGITUD": -98.688746 }, "geometry": { "type": "Point", "coordinates": [ -98.688746, 21.301994 ] } },
{ "type": "Feature", "properties": { "NO": 296, "ENTIDAD": "SAN LUIS POTOSI", "MUNICIPIO": "TAMAZUNCHALE", "PUEBLO INDIGENA O AFROMEXICANO": "NAHUA", "LOCALIDAD": "MECATLAN", "CLAVE LOC": 240370053, "TIPO DE ASENTAMIENTO": "COMUNIDAD INDIGENA", "NOMBRE": "MECATLAN", "MONTO ASIGNADO (PESOS)": 5545860, "LATITUD": 21.219171, "LONGITUD": -98.790754 }, "geometry": { "type": "Point", "coordinates": [ -98.790754, 21.219171 ] } },
{ "type": "Feature", "properties": { "NO": 297, "ENTIDAD": "SAN LUIS POTOSI", "MUNICIPIO": "TAMAZUNCHALE", "PUEBLO INDIGENA O AFROMEXICANO": "NAHUA", "LOCALIDAD": "PAHUAYOSANMIGUEL", "CLAVE LOC": 240370132, "TIPO DE ASENTAMIENTO": "COMUNIDAD INDIGENA", "NOMBRE": "PAHUAYOSANMIGUEL", "MONTO ASIGNADO (PESOS)": 260864, "LATITUD": 21.243195, "LONGITUD": -98.800517 }, "geometry": { "type": "Point", "coordinates": [ -98.800517, 21.243195 ] } },
{ "type": "Feature", "properties": { "NO": 298, "ENTIDAD": "SAN LUIS POTOSI", "MUNICIPIO": "TAMAZUNCHALE", "PUEBLO INDIGENA O AFROMEXICANO": "NAHUA", "LOCALIDAD": "PALICTLA", "CLAVE LOC": 240370057, "TIPO DE ASENTAMIENTO": "COMUNIDAD INDIGENA", "NOMBRE": "PALICTLA", "MONTO ASIGNADO (PESOS)": 719778, "LATITUD": 21.289544, "LONGITUD": -98.789023 }, "geometry": { "type": "Point", "coordinates": [ -98.789023, 21.289544 ] } },
{ "type": "Feature", "properties": { "NO": 299, "ENTIDAD": "SAN LUIS POTOSI", "MUNICIPIO": "TAMAZUNCHALE", "PUEBLO INDIGENA O AFROMEXICANO": "NAHUA", "LOCALIDAD": "PEMUCHO", "CLAVE LOC": 240370063, "TIPO DE ASENTAMIENTO": "COMUNIDAD INDIGENA", "NOMBRE": "PEMUCHO", "MONTO ASIGNADO (PESOS)": 2090303, "LATITUD": 21.196592, "LONGITUD": -98.832147 }, "geometry": { "type": "Point", "coordinates": [ -98.832147, 21.196592 ] } },
{ "type": "Feature", "properties": { "NO": 300, "ENTIDAD": "SAN LUIS POTOSI", "MUNICIPIO": "TAMAZUNCHALE", "PUEBLO INDIGENA O AFROMEXICANO": "NAHUA", "LOCALIDAD": "SAN ANDRES", "CLAVE LOC": 240370419, "TIPO DE ASENTAMIENTO": "COMUNIDAD INDIGENA", "NOMBRE": "SAN ANDRÉS", "MONTO ASIGNADO (PESOS)": 195189, "LATITUD": 21.233202, "LONGITUD": -98.747894 }, "geometry": { "type": "Point", "coordinates": [ -98.747894, 21.233202 ] } },
{ "type": "Feature", "properties": { "NO": 301, "ENTIDAD": "SAN LUIS POTOSI", "MUNICIPIO": "TAMAZUNCHALE", "PUEBLO INDIGENA O AFROMEXICANO": "NAHUA", "LOCALIDAD": "SAN FRANCISCO", "CLAVE LOC": 240370074, "TIPO DE ASENTAMIENTO": "COMUNIDAD INDIGENA", "NOMBRE": "SAN FRANCISCO", "MONTO ASIGNADO (PESOS)": 8507027, "LATITUD": 21.279229, "LONGITUD": -98.891009 }, "geometry": { "type": "Point", "coordinates": [ -98.891009, 21.279229 ] } },
{ "type": "Feature", "properties": { "NO": 302, "ENTIDAD": "SAN LUIS POTOSI", "MUNICIPIO": "TAMAZUNCHALE", "PUEBLO INDIGENA O AFROMEXICANO": "NAHUA", "LOCALIDAD": "SAN SEBASTIAN", "CLAVE LOC": 240370020, "TIPO DE ASENTAMIENTO": "COMUNIDAD INDIGENA", "NOMBRE": "SAN SEBASTIÁN", "MONTO ASIGNADO (PESOS)": 164668, "LATITUD": 21.30007, "LONGITUD": -98.692754 }, "geometry": { "type": "Point", "coordinates": [ -98.692754, 21.30007 ] } },
{ "type": "Feature", "properties": { "NO": 303, "ENTIDAD": "SAN LUIS POTOSI", "MUNICIPIO": "TAMAZUNCHALE", "PUEBLO INDIGENA O AFROMEXICANO": "NAHUA", "LOCALIDAD": "SANTA MARIA PICULA", "CLAVE LOC": 240370076, "TIPO DE ASENTAMIENTO": "COMUNIDAD INDIGENA", "NOMBRE": "SANTA MARÍA PICULA", "MONTO ASIGNADO (PESOS)": 1586110, "LATITUD": 21.202768, "LONGITUD": -98.74354 }, "geometry": { "type": "Point", "coordinates": [ -98.74354, 21.202768 ] } },
{ "type": "Feature", "properties": { "NO": 304, "ENTIDAD": "SAN LUIS POTOSI", "MUNICIPIO": "TAMAZUNCHALE", "PUEBLO INDIGENA O AFROMEXICANO": "NAHUA", "LOCALIDAD": "SANTIAGO CENTRO", "CLAVE LOC": 240370078, "TIPO DE ASENTAMIENTO": "COMUNIDAD INDIGENA", "NOMBRE": "SANTIAGO CENTRO", "MONTO ASIGNADO (PESOS)": 13326123, "LATITUD": 21.205206, "LONGITUD": -98.863641 }, "geometry": { "type": "Point", "coordinates": [ -98.863641, 21.205206 ] } },
{ "type": "Feature", "properties": { "NO": 305, "ENTIDAD": "SAN LUIS POTOSI", "MUNICIPIO": "TAMAZUNCHALE", "PUEBLO INDIGENA O AFROMEXICANO": "NAHUA", "LOCALIDAD": "TACIAL", "CLAVE LOC": 240370079, "TIPO DE ASENTAMIENTO": "COMUNIDAD INDIGENA", "NOMBRE": "TLAPEXHUACANTACIAL", "MONTO ASIGNADO (PESOS)": 820015, "LATITUD": 21.256161, "LONGITUD": -98.810343 }, "geometry": { "type": "Point", "coordinates": [ -98.810343, 21.256161 ] } },
{ "type": "Feature", "properties": { "NO": 306, "ENTIDAD": "SAN LUIS POTOSI", "MUNICIPIO": "TAMAZUNCHALE", "PUEBLO INDIGENA O AFROMEXICANO": "NAHUA", "LOCALIDAD": "TAMAN", "CLAVE LOC": 240370082, "TIPO DE ASENTAMIENTO": "COMUNIDAD INDIGENA", "NOMBRE": "TAMÁN", "MONTO ASIGNADO (PESOS)": 7542269, "LATITUD": 21.232004, "LONGITUD": -98.879369 }, "geometry": { "type": "Point", "coordinates": [ -98.879369, 21.232004 ] } },
{ "type": "Feature", "properties": { "NO": 307, "ENTIDAD": "SAN LUIS POTOSI", "MUNICIPIO": "TAMAZUNCHALE", "PUEBLO INDIGENA O AFROMEXICANO": "NAHUA", "LOCALIDAD": "TECOMATE UNO", "CLAVE LOC": 240370122, "TIPO DE ASENTAMIENTO": "COMUNIDAD INDIGENA", "NOMBRE": "TECOMATEI", "MONTO ASIGNADO (PESOS)": 290773, "LATITUD": 21.196141, "LONGITUD": -98.712535 }, "geometry": { "type": "Point", "coordinates": [ -98.712535, 21.196141 ] } },
{ "type": "Feature", "properties": { "NO": 308, "ENTIDAD": "SAN LUIS POTOSI", "MUNICIPIO": "TAMAZUNCHALE", "PUEBLO INDIGENA O AFROMEXICANO": "NAHUA", "LOCALIDAD": "TEMACUIL", "CLAVE LOC": 240370084, "TIPO DE ASENTAMIENTO": "COMUNIDAD INDIGENA", "NOMBRE": "TEMACUIL", "MONTO ASIGNADO (PESOS)": 265714, "LATITUD": 21.165199, "LONGITUD": -98.700246 }, "geometry": { "type": "Point", "coordinates": [ -98.700246, 21.165199 ] } },
{ "type": "Feature", "properties": { "NO": 309, "ENTIDAD": "SAN LUIS POTOSI", "MUNICIPIO": "TAMAZUNCHALE", "PUEBLO INDIGENA O AFROMEXICANO": "NAHUA", "LOCALIDAD": "TEMAMATLA", "CLAVE LOC": 240370085, "TIPO DE ASENTAMIENTO": "COMUNIDAD INDIGENA", "NOMBRE": "TEMAMATLA", "MONTO ASIGNADO (PESOS)": 874415, "LATITUD": 21.234087, "LONGITUD": -98.760437 }, "geometry": { "type": "Point", "coordinates": [ -98.760437, 21.234087 ] } },
{ "type": "Feature", "properties": { "NO": 310, "ENTIDAD": "SAN LUIS POTOSI", "MUNICIPIO": "TAMAZUNCHALE", "PUEBLO INDIGENA O AFROMEXICANO": "NAHUA", "LOCALIDAD": "TENCAXAPA", "CLAVE LOC": 240370198, "TIPO DE ASENTAMIENTO": "COMUNIDAD INDIGENA", "NOMBRE": "TENCAXAPA", "MONTO ASIGNADO (PESOS)": 125058, "LATITUD": 21.24274, "LONGITUD": -98.78544 }, "geometry": { "type": "Point", "coordinates": [ -98.78544, 21.24274 ] } },
{ "type": "Feature", "properties": { "NO": 311, "ENTIDAD": "SAN LUIS POTOSI", "MUNICIPIO": "TAMAZUNCHALE", "PUEBLO INDIGENA O AFROMEXICANO": "NAHUA", "LOCALIDAD": "TENEXCO", "CLAVE LOC": 240370086, "TIPO DE ASENTAMIENTO": "COMUNIDAD INDIGENA", "NOMBRE": "TENEXCO", "MONTO ASIGNADO (PESOS)": 335234, "LATITUD": 21.215278, "LONGITUD": -98.738333 }, "geometry": { "type": "Point", "coordinates": [ -98.738333, 21.215278 ] } },
{ "type": "Feature", "properties": { "NO": 312, "ENTIDAD": "SAN LUIS POTOSI", "MUNICIPIO": "TAMAZUNCHALE", "PUEBLO INDIGENA O AFROMEXICANO": "NAHUA", "LOCALIDAD": "TENEXTIPA", "CLAVE LOC": 240370087, "TIPO DE ASENTAMIENTO": "COMUNIDAD INDIGENA", "NOMBRE": "TENEXTIPA", "MONTO ASIGNADO (PESOS)": 442507, "LATITUD": 21.252422, "LONGITUD": -98.815287 }, "geometry": { "type": "Point", "coordinates": [ -98.815287, 21.252422 ] } },
{ "type": "Feature", "properties": { "NO": 313, "ENTIDAD": "SAN LUIS POTOSI", "MUNICIPIO": "TAMAZUNCHALE", "PUEBLO INDIGENA O AFROMEXICANO": "NAHUA", "LOCALIDAD": "TEPETZINTLA", "CLAVE LOC": 240370258, "TIPO DE ASENTAMIENTO": "COMUNIDAD INDIGENA", "NOMBRE": "TEPETZINTLA", "MONTO ASIGNADO (PESOS)": 240655, "LATITUD": 21.229476, "LONGITUD": -98.733142 }, "geometry": { "type": "Point", "coordinates": [ -98.733142, 21.229476 ] } },
{ "type": "Feature", "properties": { "NO": 314, "ENTIDAD": "SAN LUIS POTOSI", "MUNICIPIO": "TAMAZUNCHALE", "PUEBLO INDIGENA O AFROMEXICANO": "NAHUA", "LOCALIDAD": "TETLAMA", "CLAVE LOC": 240370093, "TIPO DE ASENTAMIENTO": "COMUNIDAD INDIGENA", "NOMBRE": "TETLAMA", "MONTO ASIGNADO (PESOS)": 1819764, "LATITUD": 21.238499, "LONGITUD": -98.814495 }, "geometry": { "type": "Point", "coordinates": [ -98.814495, 21.238499 ] } },
{ "type": "Feature", "properties": { "NO": 315, "ENTIDAD": "SAN LUIS POTOSI", "MUNICIPIO": "TAMAZUNCHALE", "PUEBLO INDIGENA O AFROMEXICANO": "NAHUA", "LOCALIDAD": "TEZAPOTLA", "CLAVE LOC": 240370096, "TIPO DE ASENTAMIENTO": "COMUNIDAD INDIGENA", "NOMBRE": "TEZAPOTLA", "MONTO ASIGNADO (PESOS)": 5240434, "LATITUD": 21.175081, "LONGITUD": -98.813491 }, "geometry": { "type": "Point", "coordinates": [ -98.813491, 21.175081 ] } },
{ "type": "Feature", "properties": { "NO": 316, "ENTIDAD": "SAN LUIS POTOSI", "MUNICIPIO": "TAMAZUNCHALE", "PUEBLO INDIGENA O AFROMEXICANO": "NAHUA", "LOCALIDAD": "TEZONTLA", "CLAVE LOC": 240370098, "TIPO DE ASENTAMIENTO": "COMUNIDAD INDIGENA", "NOMBRE": "TEZONTLA", "MONTO ASIGNADO (PESOS)": 987108, "LATITUD": 21.239722, "LONGITUD": -98.696667 }, "geometry": { "type": "Point", "coordinates": [ -98.696667, 21.239722 ] } },
{ "type": "Feature", "properties": { "NO": 317, "ENTIDAD": "SAN LUIS POTOSI", "MUNICIPIO": "TAMAZUNCHALE", "PUEBLO INDIGENA O AFROMEXICANO": "NAHUA", "LOCALIDAD": "TIANGUISPICULA", "CLAVE LOC": 240370099, "TIPO DE ASENTAMIENTO": "COMUNIDAD INDIGENA", "NOMBRE": "TIANGUISPICULA", "MONTO ASIGNADO (PESOS)": 1144980, "LATITUD": 21.190431, "LONGITUD": -98.706779 }, "geometry": { "type": "Point", "coordinates": [ -98.706779, 21.190431 ] } },
{ "type": "Feature", "properties": { "NO": 318, "ENTIDAD": "SAN LUIS POTOSI", "MUNICIPIO": "TAMAZUNCHALE", "PUEBLO INDIGENA O AFROMEXICANO": "NAHUA", "LOCALIDAD": "VEGA LARGA", "CLAVE LOC": 240370106, "TIPO DE ASENTAMIENTO": "COMUNIDAD INDIGENA", "NOMBRE": "VEGA LARGA", "MONTO ASIGNADO (PESOS)": 3093469, "LATITUD": 21.257042, "LONGITUD": -98.838431 }, "geometry": { "type": "Point", "coordinates": [ -98.838431, 21.257042 ] } },
{ "type": "Feature", "properties": { "NO": 319, "ENTIDAD": "SAN LUIS POTOSI", "MUNICIPIO": "TAMAZUNCHALE", "PUEBLO INDIGENA O AFROMEXICANO": "NAHUA", "LOCALIDAD": "ZOQUITIPA", "CLAVE LOC": 240370113, "TIPO DE ASENTAMIENTO": "COMUNIDAD INDIGENA", "NOMBRE": "ZOQUITIPA", "MONTO ASIGNADO (PESOS)": 1212404, "LATITUD": 21.214467, "LONGITUD": -98.768575 }, "geometry": { "type": "Point", "coordinates": [ -98.768575, 21.214467 ] } },
{ "type": "Feature", "properties": { "NO": 320, "ENTIDAD": "SAN LUIS POTOSI", "MUNICIPIO": "TAMPACAN", "PUEBLO INDIGENA O AFROMEXICANO": "NAHUA", "LOCALIDAD": "AMPLIACION DE TEMALACACO", "CLAVE LOC": 240380083, "TIPO DE ASENTAMIENTO": "COMUNIDAD INDIGENA", "NOMBRE": "AMPLIACIÓN TEMALACACO", "MONTO ASIGNADO (PESOS)": 167093, "LATITUD": 21.424165, "LONGITUD": -98.805272 }, "geometry": { "type": "Point", "coordinates": [ -98.805272, 21.424165 ] } },
{ "type": "Feature", "properties": { "NO": 321, "ENTIDAD": "SAN LUIS POTOSI", "MUNICIPIO": "TAMPACAN", "PUEBLO INDIGENA O AFROMEXICANO": "NAHUA", "LOCALIDAD": "BARRIO DE COYOLO", "CLAVE LOC": 240380061, "TIPO DE ASENTAMIENTO": "COMUNIDAD INDIGENA", "NOMBRE": "BARRIO COYOLO", "MONTO ASIGNADO (PESOS)": 377346, "LATITUD": 21.358191, "LONGITUD": -98.719505 }, "geometry": { "type": "Point", "coordinates": [ -98.719505, 21.358191 ] } },
{ "type": "Feature", "properties": { "NO": 322, "ENTIDAD": "SAN LUIS POTOSI", "MUNICIPIO": "TAMPACAN", "PUEBLO INDIGENA O AFROMEXICANO": "NAHUA", "LOCALIDAD": "BARRIO VIBORITAS", "CLAVE LOC": 240380090, "TIPO DE ASENTAMIENTO": "COMUNIDAD INDIGENA", "NOMBRE": "BARRIO VIBORITAS", "MONTO ASIGNADO (PESOS)": 197003, "LATITUD": 21.457141, "LONGITUD": -98.701979 }, "geometry": { "type": "Point", "coordinates": [ -98.701979, 21.457141 ] } },
{ "type": "Feature", "properties": { "NO": 323, "ENTIDAD": "SAN LUIS POTOSI", "MUNICIPIO": "TAMPACAN", "PUEBLO INDIGENA O AFROMEXICANO": "NAHUA", "LOCALIDAD": "CHICONAMEL", "CLAVE LOC": 240380011, "TIPO DE ASENTAMIENTO": "COMUNIDAD INDIGENA", "NOMBRE": "CHICONAMEL", "MONTO ASIGNADO (PESOS)": 1426314, "LATITUD": 21.36821, "LONGITUD": -98.718866 }, "geometry": { "type": "Point", "coordinates": [ -98.718866, 21.36821 ] } },
{ "type": "Feature", "properties": { "NO": 324, "ENTIDAD": "SAN LUIS POTOSI", "MUNICIPIO": "TAMPACAN", "PUEBLO INDIGENA O AFROMEXICANO": "NAHUA", "LOCALIDAD": "CHILILILLO", "CLAVE LOC": 240380012, "TIPO DE ASENTAMIENTO": "COMUNIDAD INDIGENA", "NOMBRE": "CHILILILLO", "MONTO ASIGNADO (PESOS)": 598064, "LATITUD": 21.397628, "LONGITUD": -98.752639 }, "geometry": { "type": "Point", "coordinates": [ -98.752639, 21.397628 ] } },
{ "type": "Feature", "properties": { "NO": 325, "ENTIDAD": "SAN LUIS POTOSI", "MUNICIPIO": "TAMPACAN", "PUEBLO INDIGENA O AFROMEXICANO": "NAHUA", "LOCALIDAD": "CHIMIMEXCO", "CLAVE LOC": 240380013, "TIPO DE ASENTAMIENTO": "COMUNIDAD INDIGENA", "NOMBRE": "CHIMIMEXCO", "MONTO ASIGNADO (PESOS)": 291342, "LATITUD": 21.402498, "LONGITUD": -98.799511 }, "geometry": { "type": "Point", "coordinates": [ -98.799511, 21.402498 ] } },
{ "type": "Feature", "properties": { "NO": 326, "ENTIDAD": "SAN LUIS POTOSI", "MUNICIPIO": "TAMPACAN", "PUEBLO INDIGENA O AFROMEXICANO": "NAHUA", "LOCALIDAD": "CHUPADERO", "CLAVE LOC": 240380014, "TIPO DE ASENTAMIENTO": "COMUNIDAD INDIGENA", "NOMBRE": "CHUPADERO", "MONTO ASIGNADO (PESOS)": 255205, "LATITUD": 21.408308, "LONGITUD": -98.74682 }, "geometry": { "type": "Point", "coordinates": [ -98.74682, 21.408308 ] } },
{ "type": "Feature", "properties": { "NO": 327, "ENTIDAD": "SAN LUIS POTOSI", "MUNICIPIO": "TAMPACAN", "PUEBLO INDIGENA O AFROMEXICANO": "NAHUA", "LOCALIDAD": "CUAYAHUAL", "CLAVE LOC": 240380007, "TIPO DE ASENTAMIENTO": "COMUNIDAD INDIGENA", "NOMBRE": "CUAYAHUAL", "MONTO ASIGNADO (PESOS)": 359485, "LATITUD": 21.401107, "LONGITUD": -98.781674 }, "geometry": { "type": "Point", "coordinates": [ -98.781674, 21.401107 ] } },
{ "type": "Feature", "properties": { "NO": 328, "ENTIDAD": "SAN LUIS POTOSI", "MUNICIPIO": "TAMPACAN", "PUEBLO INDIGENA O AFROMEXICANO": "NAHUA", "LOCALIDAD": "DOCTOR SALVADOR NAVA MARTINEZ (NUEVO SANTA RITA)", "CLAVE LOC": 240380116, "TIPO DE ASENTAMIENTO": "COMUNIDAD INDIGENA", "NOMBRE": "DOCTOR SALVADOR NAVA MARTÍNEZ", "MONTO ASIGNADO (PESOS)": 180114, "LATITUD": 21.421761, "LONGITUD": -98.698694 }, "geometry": { "type": "Point", "coordinates": [ -98.698694, 21.421761 ] } },
{ "type": "Feature", "properties": { "NO": 329, "ENTIDAD": "SAN LUIS POTOSI", "MUNICIPIO": "TAMPACAN", "PUEBLO INDIGENA O AFROMEXICANO": "NAHUA", "LOCALIDAD": "EL CEDRAL", "CLAVE LOC": 240380005, "TIPO DE ASENTAMIENTO": "COMUNIDAD INDIGENA", "NOMBRE": "ELCEDRAL", "MONTO ASIGNADO (PESOS)": 401520, "LATITUD": 21.470673, "LONGITUD": -98.723736 }, "geometry": { "type": "Point", "coordinates": [ -98.723736, 21.470673 ] } },
{ "type": "Feature", "properties": { "NO": 330, "ENTIDAD": "SAN LUIS POTOSI", "MUNICIPIO": "TAMPACAN", "PUEBLO INDIGENA O AFROMEXICANO": "NAHUA", "LOCALIDAD": "EL HUEXCO", "CLAVE LOC": 240380017, "TIPO DE ASENTAMIENTO": "COMUNIDAD INDIGENA", "NOMBRE": "HUEXCO", "MONTO ASIGNADO (PESOS)": 1211596, "LATITUD": 21.341367, "LONGITUD": -98.754051 }, "geometry": { "type": "Point", "coordinates": [ -98.754051, 21.341367 ] } },
{ "type": "Feature", "properties": { "NO": 331, "ENTIDAD": "SAN LUIS POTOSI", "MUNICIPIO": "TAMPACAN", "PUEBLO INDIGENA O AFROMEXICANO": "NAHUA", "LOCALIDAD": "EL HULERO", "CLAVE LOC": 240380018, "TIPO DE ASENTAMIENTO": "COMUNIDAD INDIGENA", "NOMBRE": "EL HULERO", "MONTO ASIGNADO (PESOS)": 1111870, "LATITUD": 21.441289, "LONGITUD": -98.80312 }, "geometry": { "type": "Point", "coordinates": [ -98.80312, 21.441289 ] } },
{ "type": "Feature", "properties": { "NO": 332, "ENTIDAD": "SAN LUIS POTOSI", "MUNICIPIO": "TAMPACAN", "PUEBLO INDIGENA O AFROMEXICANO": "NAHUA", "LOCALIDAD": "EL REFUGIO", "CLAVE LOC": 240380040, "TIPO DE ASENTAMIENTO": "COMUNIDAD INDIGENA", "NOMBRE": "EL REFUGIO", "MONTO ASIGNADO (PESOS)": 306941, "LATITUD": 21.33675, "LONGITUD": -98.757389 }, "geometry": { "type": "Point", "coordinates": [ -98.757389, 21.33675 ] } },
{ "type": "Feature", "properties": { "NO": 333, "ENTIDAD": "SAN LUIS POTOSI", "MUNICIPIO": "TAMPACAN", "PUEBLO INDIGENA O AFROMEXICANO": "NAHUA", "LOCALIDAD": "LA FIN CAMIRA FLORES", "CLAVE LOC": 240380028, "TIPO DE ASENTAMIENTO": "COMUNIDAD INDIGENA", "NOMBRE": "LAFINCAMIRAFLORES", "MONTO ASIGNADO (PESOS)": 485590, "LATITUD": 21.489277, "LONGITUD": -98.779243 }, "geometry": { "type": "Point", "coordinates": [ -98.779243, 21.489277 ] } },
{ "type": "Feature", "properties": { "NO": 334, "ENTIDAD": "SAN LUIS POTOSI", "MUNICIPIO": "TAMPACAN", "PUEBLO INDIGENA O AFROMEXICANO": "NAHUA", "LOCALIDAD": "LA MATA", "CLAVE LOC": 240380026, "TIPO DE ASENTAMIENTO": "COMUNIDAD INDIGENA", "NOMBRE": "LA MATA", "MONTO ASIGNADO (PESOS)": 869460, "LATITUD": 21.439461, "LONGITUD": -98.667159 }, "geometry": { "type": "Point", "coordinates": [ -98.667159, 21.439461 ] } },
{ "type": "Feature", "properties": { "NO": 335, "ENTIDAD": "SAN LUIS POTOSI", "MUNICIPIO": "TAMPACAN", "PUEBLO INDIGENA O AFROMEXICANO": "NAHUA", "LOCALIDAD": "LA SOLEDAD", "CLAVE LOC": 240380046, "TIPO DE ASENTAMIENTO": "COMUNIDAD INDIGENA", "NOMBRE": "LA SOLEDAD", "MONTO ASIGNADO (PESOS)": 620588, "LATITUD": 21.392026, "LONGITUD": -98.721823 }, "geometry": { "type": "Point", "coordinates": [ -98.721823, 21.392026 ] } },
{ "type": "Feature", "properties": { "NO": 336, "ENTIDAD": "SAN LUIS POTOSI", "MUNICIPIO": "TAMPACAN", "PUEBLO INDIGENA O AFROMEXICANO": "NAHUA", "LOCALIDAD": "LAGUNILLAS", "CLAVE LOC": 240380020, "TIPO DE ASENTAMIENTO": "COMUNIDAD INDIGENA", "NOMBRE": "LAGUNILLAS", "MONTO ASIGNADO (PESOS)": 295624, "LATITUD": 21.447335, "LONGITUD": -98.721936 }, "geometry": { "type": "Point", "coordinates": [ -98.721936, 21.447335 ] } },
{ "type": "Feature", "properties": { "NO": 337, "ENTIDAD": "SAN LUIS POTOSI", "MUNICIPIO": "TAMPACAN", "PUEBLO INDIGENA O AFROMEXICANO": "NAHUA", "LOCALIDAD": "LAS MESAS", "CLAVE LOC": 240380027, "TIPO DE ASENTAMIENTO": "COMUNIDAD INDIGENA", "NOMBRE": "LAS MESAS", "MONTO ASIGNADO (PESOS)": 361101, "LATITUD": 21.427704, "LONGITUD": -98.804248 }, "geometry": { "type": "Point", "coordinates": [ -98.804248, 21.427704 ] } },
{ "type": "Feature", "properties": { "NO": 338, "ENTIDAD": "SAN LUIS POTOSI", "MUNICIPIO": "TAMPACAN", "PUEBLO INDIGENA O AFROMEXICANO": "NAHUA", "LOCALIDAD": "LAZARO CARDENAS", "CLAVE LOC": 240380071, "TIPO DE ASENTAMIENTO": "COMUNIDAD INDIGENA", "NOMBRE": "LÁZARO CÁRDENAS", "MONTO ASIGNADO (PESOS)": 247121, "LATITUD": 21.397886, "LONGITUD": -98.686812 }, "geometry": { "type": "Point", "coordinates": [ -98.686812, 21.397886 ] } },
{ "type": "Feature", "properties": { "NO": 339, "ENTIDAD": "SAN LUIS POTOSI", "MUNICIPIO": "TAMPACAN", "PUEBLO INDIGENA O AFROMEXICANO": "NAHUA", "LOCALIDAD": "LOS CUES", "CLAVE LOC": 240380008, "TIPO DE ASENTAMIENTO": "COMUNIDAD INDIGENA", "NOMBRE": "LOS CUES", "MONTO ASIGNADO (PESOS)": 332000, "LATITUD": 21.445015, "LONGITUD": -98.716279 }, "geometry": { "type": "Point", "coordinates": [ -98.716279, 21.445015 ] } },
{ "type": "Feature", "properties": { "NO": 340, "ENTIDAD": "SAN LUIS POTOSI", "MUNICIPIO": "TAMPACAN", "PUEBLO INDIGENA O AFROMEXICANO": "NAHUA", "LOCALIDAD": "LOS SABINOS", "CLAVE LOC": 240380057, "TIPO DE ASENTAMIENTO": "COMUNIDAD INDIGENA", "NOMBRE": "LOS SABINOS", "MONTO ASIGNADO (PESOS)": 142427, "LATITUD": 21.443003, "LONGITUD": -98.701222 }, "geometry": { "type": "Point", "coordinates": [ -98.701222, 21.443003 ] } },
{ "type": "Feature", "properties": { "NO": 341, "ENTIDAD": "SAN LUIS POTOSI", "MUNICIPIO": "TAMPACAN", "PUEBLO INDIGENA O AFROMEXICANO": "NAHUA", "LOCALIDAD": "MACUILOCATL", "CLAVE LOC": 240380024, "TIPO DE ASENTAMIENTO": "COMUNIDAD INDIGENA", "NOMBRE": "MACUILOCATL", "MONTO ASIGNADO (PESOS)": 481548, "LATITUD": 21.386877, "LONGITUD": -98.736052 }, "geometry": { "type": "Point", "coordinates": [ -98.736052, 21.386877 ] } },
{ "type": "Feature", "properties": { "NO": 342, "ENTIDAD": "SAN LUIS POTOSI", "MUNICIPIO": "TAMPACAN", "PUEBLO INDIGENA O AFROMEXICANO": "NAHUA", "LOCALIDAD": "MIXCOTLA", "CLAVE LOC": 240380066, "TIPO DE ASENTAMIENTO": "COMUNIDAD INDIGENA", "NOMBRE": "MIXCOTLA", "MONTO ASIGNADO (PESOS)": 390532, "LATITUD": 21.325591, "LONGITUD": -98.748745 }, "geometry": { "type": "Point", "coordinates": [ -98.748745, 21.325591 ] } },
{ "type": "Feature", "properties": { "NO": 343, "ENTIDAD": "SAN LUIS POTOSI", "MUNICIPIO": "TAMPACAN", "PUEBLO INDIGENA O AFROMEXICANO": "NAHUA", "LOCALIDAD": "NUEVO JALPILLA", "CLAVE LOC": 240380033, "TIPO DE ASENTAMIENTO": "COMUNIDAD INDIGENA", "NOMBRE": "NUEVO JALPILLA", "MONTO ASIGNADO (PESOS)": 300474, "LATITUD": 21.463604, "LONGITUD": -98.734319 }, "geometry": { "type": "Point", "coordinates": [ -98.734319, 21.463604 ] } },
{ "type": "Feature", "properties": { "NO": 344, "ENTIDAD": "SAN LUIS POTOSI", "MUNICIPIO": "TAMPACAN", "PUEBLO INDIGENA O AFROMEXICANO": "NAHUA", "LOCALIDAD": "NUEVO LA BAJADA", "CLAVE LOC": 240380118, "TIPO DE ASENTAMIENTO": "COMUNIDAD INDIGENA", "NOMBRE": "NUEVO LA BAJADA", "MONTO ASIGNADO (PESOS)": 149964, "LATITUD": 21.434416, "LONGITUD": -98.689143 }, "geometry": { "type": "Point", "coordinates": [ -98.689143, 21.434416 ] } },
{ "type": "Feature", "properties": { "NO": 345, "ENTIDAD": "SAN LUIS POTOSI", "MUNICIPIO": "TAMPACAN", "PUEBLO INDIGENA O AFROMEXICANO": "NAHUA", "LOCALIDAD": "PALOLCO", "CLAVE LOC": 240380036, "TIPO DE ASENTAMIENTO": "COMUNIDAD INDIGENA", "NOMBRE": "PALOLCO", "MONTO ASIGNADO (PESOS)": 450591, "LATITUD": 21.397272, "LONGITUD": -98.706469 }, "geometry": { "type": "Point", "coordinates": [ -98.706469, 21.397272 ] } },
{ "type": "Feature", "properties": { "NO": 346, "ENTIDAD": "SAN LUIS POTOSI", "MUNICIPIO": "TAMPACAN", "PUEBLO INDIGENA O AFROMEXICANO": "NAHUA", "LOCALIDAD": "PUYECATL", "CLAVE LOC": 240380039, "TIPO DE ASENTAMIENTO": "COMUNIDAD INDIGENA", "NOMBRE": "PUYECATL", "MONTO ASIGNADO (PESOS)": 209128, "LATITUD": 21.390305, "LONGITUD": -98.756858 }, "geometry": { "type": "Point", "coordinates": [ -98.756858, 21.390305 ] } },
{ "type": "Feature", "properties": { "NO": 347, "ENTIDAD": "SAN LUIS POTOSI", "MUNICIPIO": "TAMPACAN", "PUEBLO INDIGENA O AFROMEXICANO": "NAHUA", "LOCALIDAD": "SANTO MILA", "CLAVE LOC": 240380045, "TIPO DE ASENTAMIENTO": "COMUNIDAD INDIGENA", "NOMBRE": "SANTO MILA", "MONTO ASIGNADO (PESOS)": 202661, "LATITUD": 21.399854, "LONGITUD": -98.687606 }, "geometry": { "type": "Point", "coordinates": [ -98.687606, 21.399854 ] } },
{ "type": "Feature", "properties": { "NO": 348, "ENTIDAD": "SAN LUIS POTOSI", "MUNICIPIO": "TAMPACAN", "PUEBLO INDIGENA O AFROMEXICANO": "NAHUA", "LOCALIDAD": "TENEXTITLA DOS", "CLAVE LOC": 240380048, "TIPO DE ASENTAMIENTO": "COMUNIDAD INDIGENA", "NOMBRE": "TENEXTITLAII", "MONTO ASIGNADO (PESOS)": 470231, "LATITUD": 21.3705, "LONGITUD": -98.70761 }, "geometry": { "type": "Point", "coordinates": [ -98.70761, 21.3705 ] } },
{ "type": "Feature", "properties": { "NO": 349, "ENTIDAD": "SAN LUIS POTOSI", "MUNICIPIO": "TAMPACAN", "PUEBLO INDIGENA O AFROMEXICANO": "NAHUA", "LOCALIDAD": "TENEXTITLA UNO", "CLAVE LOC": 240380047, "TIPO DE ASENTAMIENTO": "COMUNIDAD INDIGENA", "NOMBRE": "TENEXTITLAI", "MONTO ASIGNADO (PESOS)": 462147, "LATITUD": 21.380832, "LONGITUD": -98.717777 }, "geometry": { "type": "Point", "coordinates": [ -98.717777, 21.380832 ] } },
{ "type": "Feature", "properties": { "NO": 350, "ENTIDAD": "SAN LUIS POTOSI", "MUNICIPIO": "TAMPACAN", "PUEBLO INDIGENA O AFROMEXICANO": "NAHUA", "LOCALIDAD": "TOTOMOXTLA (LA CEIBA)", "CLAVE LOC": 240380050, "TIPO DE ASENTAMIENTO": "COMUNIDAD INDIGENA", "NOMBRE": "TOTOMOXTLA", "MONTO ASIGNADO (PESOS)": 462956, "LATITUD": 21.377054, "LONGITUD": -98.764518 }, "geometry": { "type": "Point", "coordinates": [ -98.764518, 21.377054 ] } },
{ "type": "Feature", "properties": { "NO": 351, "ENTIDAD": "SAN LUIS POTOSI", "MUNICIPIO": "TAMPACAN", "PUEBLO INDIGENA O AFROMEXICANO": "NAHUA", "LOCALIDAD": "XOCHIAYO", "CLAVE LOC": 240380052, "TIPO DE ASENTAMIENTO": "COMUNIDAD INDIGENA", "NOMBRE": "XOCHIAYO", "MONTO ASIGNADO (PESOS)": 302899, "LATITUD": 21.376508, "LONGITUD": -98.729124 }, "geometry": { "type": "Point", "coordinates": [ -98.729124, 21.376508 ] } },
{ "type": "Feature", "properties": { "NO": 352, "ENTIDAD": "SAN LUIS POTOSI", "MUNICIPIO": "TAMPACAN", "PUEBLO INDIGENA O AFROMEXICANO": "NAHUA", "LOCALIDAD": "XOCHICUATLA", "CLAVE LOC": 240380053, "TIPO DE ASENTAMIENTO": "COMUNIDAD INDIGENA", "NOMBRE": "XOCHICUATLA", "MONTO ASIGNADO (PESOS)": 631097, "LATITUD": 21.358171, "LONGITUD": -98.734636 }, "geometry": { "type": "Point", "coordinates": [ -98.734636, 21.358171 ] } },
{ "type": "Feature", "properties": { "NO": 353, "ENTIDAD": "SAN LUIS POTOSI", "MUNICIPIO": "TAMPAMOLON CORONA", "PUEBLO INDIGENA O AFROMEXICANO": "NAHUA", "LOCALIDAD": "ARROYO GRANDE", "CLAVE LOC": 240390004, "TIPO DE ASENTAMIENTO": "COMUNIDAD INDIGENA", "NOMBRE": "ARROYO GRANDE", "MONTO ASIGNADO (PESOS)": 208320, "LATITUD": 21.546504, "LONGITUD": -98.823888 }, "geometry": { "type": "Point", "coordinates": [ -98.823888, 21.546504 ] } },
{ "type": "Feature", "properties": { "NO": 354, "ENTIDAD": "SAN LUIS POTOSI", "MUNICIPIO": "TAMPAMOLON CORONA", "PUEBLO INDIGENA O AFROMEXICANO": "NAHUA", "LOCALIDAD": "CHIQUINTECO", "CLAVE LOC": 240390026, "TIPO DE ASENTAMIENTO": "COMUNIDAD INDIGENA", "NOMBRE": "CHIQUINTECO", "MONTO ASIGNADO (PESOS)": 387778, "LATITUD": 21.506727, "LONGITUD": -98.797563 }, "geometry": { "type": "Point", "coordinates": [ -98.797563, 21.506727 ] } },
{ "type": "Feature", "properties": { "NO": 355, "ENTIDAD": "SAN LUIS POTOSI", "MUNICIPIO": "TAMPAMOLON CORONA", "PUEBLO INDIGENA O AFROMEXICANO": "HUASTECO", "LOCALIDAD": "COATIXTALAB", "CLAVE LOC": 240390023, "TIPO DE ASENTAMIENTO": "COMUNIDAD INDIGENA", "NOMBRE": "CUATIXTALAB", "MONTO ASIGNADO (PESOS)": 258439, "LATITUD": 21.584, "LONGITUD": -98.831962 }, "geometry": { "type": "Point", "coordinates": [ -98.831962, 21.584 ] } },
{ "type": "Feature", "properties": { "NO": 356, "ENTIDAD": "SAN LUIS POTOSI", "MUNICIPIO": "TAMPAMOLON CORONA", "PUEBLO INDIGENA O AFROMEXICANO": "NAHUA", "LOCALIDAD": "COAXINQUILA", "CLAVE LOC": 240390016, "TIPO DE ASENTAMIENTO": "COMUNIDAD INDIGENA", "NOMBRE": "COAXINQUILA", "MONTO ASIGNADO (PESOS)": 466189, "LATITUD": 21.557723, "LONGITUD": -98.862336 }, "geometry": { "type": "Point", "coordinates": [ -98.862336, 21.557723 ] } },
{ "type": "Feature", "properties": { "NO": 357, "ENTIDAD": "SAN LUIS POTOSI", "MUNICIPIO": "TAMPAMOLON CORONA", "PUEBLO INDIGENA O AFROMEXICANO": "NAHUA", "LOCALIDAD": "COAXOCOYO", "CLAVE LOC": 240390017, "TIPO DE ASENTAMIENTO": "COMUNIDAD INDIGENA", "NOMBRE": "COAXOCOYO", "MONTO ASIGNADO (PESOS)": 254397, "LATITUD": 21.56148, "LONGITUD": -98.87473 }, "geometry": { "type": "Point", "coordinates": [ -98.87473, 21.56148 ] } },
{ "type": "Feature", "properties": { "NO": 358, "ENTIDAD": "SAN LUIS POTOSI", "MUNICIPIO": "TAMPAMOLON CORONA", "PUEBLO INDIGENA O AFROMEXICANO": "NAHUA", "LOCALIDAD": "COLONIA GONZALEZ MAZO", "CLAVE LOC": 240390184, "TIPO DE ASENTAMIENTO": "COMUNIDAD INDIGENA", "NOMBRE": "GONZÁLEZ MAZO", "MONTO ASIGNADO (PESOS)": 306035, "LATITUD": 21.573845, "LONGITUD": -98.796001 }, "geometry": { "type": "Point", "coordinates": [ -98.796001, 21.573845 ] } },
{ "type": "Feature", "properties": { "NO": 359, "ENTIDAD": "SAN LUIS POTOSI", "MUNICIPIO": "TAMPAMOLON CORONA", "PUEBLO INDIGENA O AFROMEXICANO": "HUASTECO", "LOCALIDAD": "COMUNIDAD EL NARANJ", "CLAVE LOC": 240390057, "TIPO DE ASENTAMIENTO": "COMUNIDAD INDIGENA", "NOMBRE": "EL NARANJO", "MONTO ASIGNADO (PESOS)": 372419, "LATITUD": 21.622124, "LONGITUD": -98.785532 }, "geometry": { "type": "Point", "coordinates": [ -98.785532, 21.622124 ] } },
{ "type": "Feature", "properties": { "NO": 360, "ENTIDAD": "SAN LUIS POTOSI", "MUNICIPIO": "TAMPAMOLON CORONA", "PUEBLO INDIGENA O AFROMEXICANO": "HUASTECO", "LOCALIDAD": "COMUNIDAD TIERRA BLANCA", "CLAVE LOC": 240390210, "TIPO DE ASENTAMIENTO": "COMUNIDAD INDIGENA", "NOMBRE": "TIERRA BLANCA", "MONTO ASIGNADO (PESOS)": 318258, "LATITUD": 21.510294, "LONGITUD": -98.722002 }, "geometry": { "type": "Point", "coordinates": [ -98.722002, 21.510294 ] } },
{ "type": "Feature", "properties": { "NO": 361, "ENTIDAD": "SAN LUIS POTOSI", "MUNICIPIO": "TAMPAMOLON CORONA", "PUEBLO INDIGENA O AFROMEXICANO": "HUASTECO", "LOCALIDAD": "C'OYOBTUJUB", "CLAVE LOC": 240390019, "TIPO DE ASENTAMIENTO": "COMUNIDAD INDIGENA", "NOMBRE": "COYOBTUJUB", "MONTO ASIGNADO (PESOS)": 377346, "LATITUD": 21.61744, "LONGITUD": -98.767023 }, "geometry": { "type": "Point", "coordinates": [ -98.767023, 21.61744 ] } },
{ "type": "Feature", "properties": { "NO": 362, "ENTIDAD": "SAN LUIS POTOSI", "MUNICIPIO": "TAMPAMOLON CORONA", "PUEBLO INDIGENA O AFROMEXICANO": "HUASTECO", "LOCALIDAD": "CUATZAJIN(COATZAJIN)", "CLAVE LOC": 240390024, "TIPO DE ASENTAMIENTO": "COMUNIDAD INDIGENA", "NOMBRE": "COATZAJIN", "MONTO ASIGNADO (PESOS)": 180027, "LATITUD": 21.623877, "LONGITUD": -98.749366 }, "geometry": { "type": "Point", "coordinates": [ -98.749366, 21.623877 ] } },
{ "type": "Feature", "properties": { "NO": 363, "ENTIDAD": "SAN LUIS POTOSI", "MUNICIPIO": "TAMPAMOLON CORONA", "PUEBLO INDIGENA O AFROMEXICANO": "NAHUA", "LOCALIDAD": "DOS PIEDRAS", "CLAVE LOC": 240390031, "TIPO DE ASENTAMIENTO": "COMUNIDAD INDIGENA", "NOMBRE": "DOS PIEDRAS", "MONTO ASIGNADO (PESOS)": 133633, "LATITUD": 21.559727, "LONGITUD": -98.885444 }, "geometry": { "type": "Point", "coordinates": [ -98.885444, 21.559727 ] } },
{ "type": "Feature", "properties": { "NO": 364, "ENTIDAD": "SAN LUIS POTOSI", "MUNICIPIO": "TAMPAMOLON CORONA", "PUEBLO INDIGENA O AFROMEXICANO": "NAHUA", "LOCALIDAD": "EJIDO EL PUENTE (SAN ANDRES)", "CLAVE LOC": 240390120, "TIPO DE ASENTAMIENTO": "COMUNIDAD INDIGENA", "NOMBRE": "EJIDO EL PUENTE", "MONTO ASIGNADO (PESOS)": 406700, "LATITUD": 21.574424, "LONGITUD": -98.881967 }, "geometry": { "type": "Point", "coordinates": [ -98.881967, 21.574424 ] } },
{ "type": "Feature", "properties": { "NO": 365, "ENTIDAD": "SAN LUIS POTOSI", "MUNICIPIO": "TAMPAMOLON CORONA", "PUEBLO INDIGENA O AFROMEXICANO": "HUASTECO", "LOCALIDAD": "EL CARRIZAL", "CLAVE LOC": 240390012, "TIPO DE ASENTAMIENTO": "COMUNIDAD INDIGENA", "NOMBRE": "EJIDO EL CARRIZAL", "MONTO ASIGNADO (PESOS)": 565619, "LATITUD": 21.603318, "LONGITUD": -98.744569 }, "geometry": { "type": "Point", "coordinates": [ -98.744569, 21.603318 ] } },
{ "type": "Feature", "properties": { "NO": 366, "ENTIDAD": "SAN LUIS POTOSI", "MUNICIPIO": "TAMPAMOLON CORONA", "PUEBLO INDIGENA O AFROMEXICANO": "HUASTECO", "LOCALIDAD": "EL CHIJOL", "CLAVE LOC": 240390025, "TIPO DE ASENTAMIENTO": "COMUNIDAD INDIGENA", "NOMBRE": "EL CHIJOL", "MONTO ASIGNADO (PESOS)": 273077, "LATITUD": 21.575628, "LONGITUD": -98.85592 }, "geometry": { "type": "Point", "coordinates": [ -98.85592, 21.575628 ] } },
{ "type": "Feature", "properties": { "NO": 367, "ENTIDAD": "SAN LUIS POTOSI", "MUNICIPIO": "TAMPAMOLON CORONA", "PUEBLO INDIGENA O AFROMEXICANO": "NAHUA", "LOCALIDAD": "EL CHOTE", "CLAVE LOC": 240390027, "TIPO DE ASENTAMIENTO": "COMUNIDAD INDIGENA", "NOMBRE": "EL CHOTE", "MONTO ASIGNADO (PESOS)": 124839, "LATITUD": 21.564441, "LONGITUD": -98.891925 }, "geometry": { "type": "Point", "coordinates": [ -98.891925, 21.564441 ] } },
{ "type": "Feature", "properties": { "NO": 368, "ENTIDAD": "SAN LUIS POTOSI", "MUNICIPIO": "TAMPAMOLON CORONA", "PUEBLO INDIGENA O AFROMEXICANO": "HUASTECO", "LOCALIDAD": "EL CHUCHE", "CLAVE LOC": 240390029, "TIPO DE ASENTAMIENTO": "COMUNIDAD INDIGENA", "NOMBRE": "EL CHUCHE", "MONTO ASIGNADO (PESOS)": 185685, "LATITUD": 21.588821, "LONGITUD": -98.846319 }, "geometry": { "type": "Point", "coordinates": [ -98.846319, 21.588821 ] } },
{ "type": "Feature", "properties": { "NO": 369, "ENTIDAD": "SAN LUIS POTOSI", "MUNICIPIO": "TAMPAMOLON CORONA", "PUEBLO INDIGENA O AFROMEXICANO": "HUASTECO", "LOCALIDAD": "ELCIRUELO", "CLAVE LOC": 240390015, "TIPO DE ASENTAMIENTO": "COMUNIDAD INDIGENA", "NOMBRE": "EL CIRUELO", "MONTO ASIGNADO (PESOS)": 124249, "LATITUD": 21.568297, "LONGITUD": -98.850377 }, "geometry": { "type": "Point", "coordinates": [ -98.850377, 21.568297 ] } },
{ "type": "Feature", "properties": { "NO": 370, "ENTIDAD": "SAN LUIS POTOSI", "MUNICIPIO": "TAMPAMOLON CORONA", "PUEBLO INDIGENA O AFROMEXICANO": "NAHUA", "LOCALIDAD": "EL FRIJOLILLO", "CLAVE LOC": 240390035, "TIPO DE ASENTAMIENTO": "COMUNIDAD INDIGENA", "NOMBRE": "EL FRIJOLILLO", "MONTO ASIGNADO (PESOS)": 138800, "LATITUD": 21.560648, "LONGITUD": -98.860509 }, "geometry": { "type": "Point", "coordinates": [ -98.860509, 21.560648 ] } },
{ "type": "Feature", "properties": { "NO": 371, "ENTIDAD": "SAN LUIS POTOSI", "MUNICIPIO": "TAMPAMOLON CORONA", "PUEBLO INDIGENA O AFROMEXICANO": "HUASTECO", "LOCALIDAD": "EL NARANJO TAYABTZEN (TRES PALMAS)", "CLAVE LOC": 240390141, "TIPO DE ASENTAMIENTO": "COMUNIDAD INDIGENA", "NOMBRE": "EJIDO EL NARANJO TAYABTZEN", "MONTO ASIGNADO (PESOS)": 316641, "LATITUD": 21.602858, "LONGITUD": -98.765278 }, "geometry": { "type": "Point", "coordinates": [ -98.765278, 21.602858 ] } },
{ "type": "Feature", "properties": { "NO": 372, "ENTIDAD": "SAN LUIS POTOSI", "MUNICIPIO": "TAMPAMOLON CORONA", "PUEBLO INDIGENA O AFROMEXICANO": "NAHUA", "LOCALIDAD": "EL TAMARINDO MEXICANO", "CLAVE LOC": 240390158, "TIPO DE ASENTAMIENTO": "COMUNIDAD INDIGENA", "NOMBRE": "TAMARINDO MEXICANO", "MONTO ASIGNADO (PESOS)": 150926, "LATITUD": 21.565299, "LONGITUD": -98.869336 }, "geometry": { "type": "Point", "coordinates": [ -98.869336, 21.565299 ] } },
{ "type": "Feature", "properties": { "NO": 373, "ENTIDAD": "SAN LUIS POTOSI", "MUNICIPIO": "TAMPAMOLON CORONA", "PUEBLO INDIGENA O AFROMEXICANO": "HUASTECO", "LOCALIDAD": "LA CANDELARIA", "CLAVE LOC": 240390010, "TIPO DE ASENTAMIENTO": "COMUNIDAD INDIGENA", "NOMBRE": "LA CANDELARIA", "MONTO ASIGNADO (PESOS)": 142842, "LATITUD": 21.628447, "LONGITUD": -98.808155 }, "geometry": { "type": "Point", "coordinates": [ -98.808155, 21.628447 ] } },
{ "type": "Feature", "properties": { "NO": 374, "ENTIDAD": "SAN LUIS POTOSI", "MUNICIPIO": "TAMPAMOLON CORONA", "PUEBLO INDIGENA O AFROMEXICANO": "NAHUA", "LOCALIDAD": "LA CRUZ GRANDE", "CLAVE LOC": 240390021, "TIPO DE ASENTAMIENTO": "COMUNIDAD INDIGENA", "NOMBRE": "CRUZ GRANDE", "MONTO ASIGNADO (PESOS)": 122633, "LATITUD": 21.577512, "LONGITUD": -98.809895 }, "geometry": { "type": "Point", "coordinates": [ -98.809895, 21.577512 ] } },
{ "type": "Feature", "properties": { "NO": 375, "ENTIDAD": "SAN LUIS POTOSI", "MUNICIPIO": "TAMPAMOLON CORONA", "PUEBLO INDIGENA O AFROMEXICANO": "HUASTECO", "LOCALIDAD": "LA PALIZADA", "CLAVE LOC": 240390059, "TIPO DE ASENTAMIENTO": "COMUNIDAD INDIGENA", "NOMBRE": "PALIZADA", "MONTO ASIGNADO (PESOS)": 211553, "LATITUD": 21.57036, "LONGITUD": -98.846734 }, "geometry": { "type": "Point", "coordinates": [ -98.846734, 21.57036 ] } },
{ "type": "Feature", "properties": { "NO": 376, "ENTIDAD": "SAN LUIS POTOSI", "MUNICIPIO": "TAMPAMOLON CORONA", "PUEBLO INDIGENA O AFROMEXICANO": "HUASTECO", "LOCALIDAD": "LANIM", "CLAVE LOC": 240390046, "TIPO DE ASENTAMIENTO": "COMUNIDAD INDIGENA", "NOMBRE": "LANIM", "MONTO ASIGNADO (PESOS)": 147452, "LATITUD": 21.620295, "LONGITUD": -98.806087 }, "geometry": { "type": "Point", "coordinates": [ -98.806087, 21.620295 ] } },
{ "type": "Feature", "properties": { "NO": 377, "ENTIDAD": "SAN LUIS POTOSI", "MUNICIPIO": "TAMPAMOLON CORONA", "PUEBLO INDIGENA O AFROMEXICANO": "NAHUA", "LOCALIDAD": "LAS MESITAS", "CLAVE LOC": 240390054, "TIPO DE ASENTAMIENTO": "COMUNIDAD INDIGENA", "NOMBRE": "LAS MESITAS", "MONTO ASIGNADO (PESOS)": 155776, "LATITUD": 21.521718, "LONGITUD": -98.829097 }, "geometry": { "type": "Point", "coordinates": [ -98.829097, 21.521718 ] } },
{ "type": "Feature", "properties": { "NO": 378, "ENTIDAD": "SAN LUIS POTOSI", "MUNICIPIO": "TAMPAMOLON CORONA", "PUEBLO INDIGENA O AFROMEXICANO": "HUASTECO", "LOCALIDAD": "LAS VIBORAS", "CLAVE LOC": 240390103, "TIPO DE ASENTAMIENTO": "COMUNIDAD INDIGENA", "NOMBRE": "EJIDO LAS VÍBORAS", "MONTO ASIGNADO (PESOS)": 593103, "LATITUD": 21.464466, "LONGITUD": -98.71122 }, "geometry": { "type": "Point", "coordinates": [ -98.71122, 21.464466 ] } },
{ "type": "Feature", "properties": { "NO": 379, "ENTIDAD": "SAN LUIS POTOSI", "MUNICIPIO": "TAMPAMOLON CORONA", "PUEBLO INDIGENA O AFROMEXICANO": "HUASTECO", "LOCALIDAD": "LIMON", "CLAVE LOC": 240390047, "TIPO DE ASENTAMIENTO": "COMUNIDAD INDIGENA", "NOMBRE": "EL LIMÓN", "MONTO ASIGNADO (PESOS)": 102227, "LATITUD": 21.564711, "LONGITUD": -98.848477 }, "geometry": { "type": "Point", "coordinates": [ -98.848477, 21.564711 ] } },
{ "type": "Feature", "properties": { "NO": 380, "ENTIDAD": "SAN LUIS POTOSI", "MUNICIPIO": "TAMPAMOLON CORONA", "PUEBLO INDIGENA O AFROMEXICANO": "NAHUA", "LOCALIDAD": "LOS SABINOS", "CLAVE LOC": 240390114, "TIPO DE ASENTAMIENTO": "COMUNIDAD INDIGENA", "NOMBRE": "SABINOS", "MONTO ASIGNADO (PESOS)": 188111, "LATITUD": 21.564439, "LONGITUD": -98.869901 }, "geometry": { "type": "Point", "coordinates": [ -98.869901, 21.564439 ] } },
{ "type": "Feature", "properties": { "NO": 381, "ENTIDAD": "SAN LUIS POTOSI", "MUNICIPIO": "TAMPAMOLON CORONA", "PUEBLO INDIGENA O AFROMEXICANO": "NAHUA", "LOCALIDAD": "MANCORNADERO", "CLAVE LOC": 240390050, "TIPO DE ASENTAMIENTO": "COMUNIDAD INDIGENA", "NOMBRE": "MANCORNADERO", "MONTO ASIGNADO (PESOS)": 217212, "LATITUD": 21.546659, "LONGITUD": -98.845115 }, "geometry": { "type": "Point", "coordinates": [ -98.845115, 21.546659 ] } },
{ "type": "Feature", "properties": { "NO": 382, "ENTIDAD": "SAN LUIS POTOSI", "MUNICIPIO": "TAMPAMOLON CORONA", "PUEBLO INDIGENA O AFROMEXICANO": "HUASTECO", "LOCALIDAD": "MAPULTZEN", "CLAVE LOC": 240390051, "TIPO DE ASENTAMIENTO": "COMUNIDAD INDIGENA", "NOMBRE": "MAPULTZEN", "MONTO ASIGNADO (PESOS)": 119814, "LATITUD": 21.611454, "LONGITUD": -98.837365 }, "geometry": { "type": "Point", "coordinates": [ -98.837365, 21.611454 ] } },
{ "type": "Feature", "properties": { "NO": 383, "ENTIDAD": "SAN LUIS POTOSI", "MUNICIPIO": "TAMPAMOLON CORONA", "PUEBLO INDIGENA O AFROMEXICANO": "HUASTECO", "LOCALIDAD": "PAXQUID", "CLAVE LOC": 240390061, "TIPO DE ASENTAMIENTO": "COMUNIDAD INDIGENA", "NOMBRE": "PAXQUID", "MONTO ASIGNADO (PESOS)": 468932, "LATITUD": 21.583243, "LONGITUD": -98.812707 }, "geometry": { "type": "Point", "coordinates": [ -98.812707, 21.583243 ] } },
{ "type": "Feature", "properties": { "NO": 384, "ENTIDAD": "SAN LUIS POTOSI", "MUNICIPIO": "TAMPAMOLON CORONA", "PUEBLO INDIGENA O AFROMEXICANO": "HUASTECO", "LOCALIDAD": "POYQUID", "CLAVE LOC": 240390062, "TIPO DE ASENTAMIENTO": "COMUNIDAD INDIGENA", "NOMBRE": "POYQUID", "MONTO ASIGNADO (PESOS)": 240414, "LATITUD": 21.619125, "LONGITUD": -98.81333 }, "geometry": { "type": "Point", "coordinates": [ -98.81333, 21.619125 ] } },
{ "type": "Feature", "properties": { "NO": 385, "ENTIDAD": "SAN LUIS POTOSI", "MUNICIPIO": "TAMPAMOLON CORONA", "PUEBLO INDIGENA O AFROMEXICANO": "HUASTECO", "LOCALIDAD": "PUCTE", "CLAVE LOC": 240390065, "TIPO DE ASENTAMIENTO": "COMUNIDAD INDIGENA", "NOMBRE": "EXTENSIÓNPUKTE", "MONTO ASIGNADO (PESOS)": 428852, "LATITUD": 21.600481, "LONGITUD": -98.805023 }, "geometry": { "type": "Point", "coordinates": [ -98.805023, 21.600481 ] } },
{ "type": "Feature", "properties": { "NO": 386, "ENTIDAD": "SAN LUIS POTOSI", "MUNICIPIO": "TAMPAMOLON CORONA", "PUEBLO INDIGENA O AFROMEXICANO": "HUASTECO", "LOCALIDAD": "PUNCHUMU", "CLAVE LOC": 240390069, "TIPO DE ASENTAMIENTO": "COMUNIDAD INDIGENA", "NOMBRE": "PUNCHUMU", "MONTO ASIGNADO (PESOS)": 231762, "LATITUD": 21.577792, "LONGITUD": -98.848056 }, "geometry": { "type": "Point", "coordinates": [ -98.848056, 21.577792 ] } },
{ "type": "Feature", "properties": { "NO": 387, "ENTIDAD": "SAN LUIS POTOSI", "MUNICIPIO": "TAMPAMOLON CORONA", "PUEBLO INDIGENA O AFROMEXICANO": "NAHUA", "LOCALIDAD": "RIO FLORIDO", "CLAVE LOC": 240390076, "TIPO DE ASENTAMIENTO": "COMUNIDAD INDIGENA", "NOMBRE": "RIO FLORIDO", "MONTO ASIGNADO (PESOS)": 306941, "LATITUD": 21.549191, "LONGITUD": -98.806853 }, "geometry": { "type": "Point", "coordinates": [ -98.806853, 21.549191 ] } },
{ "type": "Feature", "properties": { "NO": 388, "ENTIDAD": "SAN LUIS POTOSI", "MUNICIPIO": "TAMPAMOLON CORONA", "PUEBLO INDIGENA O AFROMEXICANO": "NAHUA", "LOCALIDAD": "SAN BARTOLO", "CLAVE LOC": 240390078, "TIPO DE ASENTAMIENTO": "COMUNIDAD INDIGENA", "NOMBRE": "SAN BARTOLO", "MONTO ASIGNADO (PESOS)": 205895, "LATITUD": 21.540405, "LONGITUD": -98.8311 }, "geometry": { "type": "Point", "coordinates": [ -98.8311, 21.540405 ] } },
{ "type": "Feature", "properties": { "NO": 389, "ENTIDAD": "SAN LUIS POTOSI", "MUNICIPIO": "TAMPAMOLON CORONA", "PUEBLO INDIGENA O AFROMEXICANO": "HUASTECO", "LOCALIDAD": "SAN JOSE DE LA CRUZ", "CLAVE LOC": 240390136, "TIPO DE ASENTAMIENTO": "COMUNIDAD INDIGENA", "NOMBRE": "SAN JOSÉ DE LA CRUZ", "MONTO ASIGNADO (PESOS)": 225296, "LATITUD": 21.592825, "LONGITUD": -98.800312 }, "geometry": { "type": "Point", "coordinates": [ -98.800312, 21.592825 ] } },
{ "type": "Feature", "properties": { "NO": 390, "ENTIDAD": "SAN LUIS POTOSI", "MUNICIPIO": "TAMPAMOLON CORONA", "PUEBLO INDIGENA O AFROMEXICANO": "HUASTECO", "LOCALIDAD": "TAJINAB", "CLAVE LOC": 240390090, "TIPO DE ASENTAMIENTO": "COMUNIDAD INDIGENA", "NOMBRE": "TAJINAB", "MONTO ASIGNADO (PESOS)": 323108, "LATITUD": 21.611915, "LONGITUD": -98.829629 }, "geometry": { "type": "Point", "coordinates": [ -98.829629, 21.611915 ] } },
{ "type": "Feature", "properties": { "NO": 391, "ENTIDAD": "SAN LUIS POTOSI", "MUNICIPIO": "TAMPAMOLON CORONA", "PUEBLO INDIGENA O AFROMEXICANO": "HUASTECO", "LOCALIDAD": "TALLABTZEN", "CLAVE LOC": 240390094, "TIPO DE ASENTAMIENTO": "COMUNIDAD INDIGENA", "NOMBRE": "TAYABTZEN", "MONTO ASIGNADO (PESOS)": 379858, "LATITUD": 21.641543, "LONGITUD": -98.805513 }, "geometry": { "type": "Point", "coordinates": [ -98.805513, 21.641543 ] } },
{ "type": "Feature", "properties": { "NO": 392, "ENTIDAD": "SAN LUIS POTOSI", "MUNICIPIO": "TAMPAMOLON CORONA", "PUEBLO INDIGENA O AFROMEXICANO": "HUASTECO", "LOCALIDAD": "TAMARINDO HUASTECO", "CLAVE LOC": 240390091, "TIPO DE ASENTAMIENTO": "COMUNIDAD INDIGENA", "NOMBRE": "TAMARINDO HUASTECO", "MONTO ASIGNADO (PESOS)": 412521, "LATITUD": 21.593432, "LONGITUD": -98.830781 }, "geometry": { "type": "Point", "coordinates": [ -98.830781, 21.593432 ] } },
{ "type": "Feature", "properties": { "NO": 393, "ENTIDAD": "SAN LUIS POTOSI", "MUNICIPIO": "TAMPAMOLON CORONA", "PUEBLO INDIGENA O AFROMEXICANO": "NAHUA", "LOCALIDAD": "TEAXIL", "CLAVE LOC": 240390095, "TIPO DE ASENTAMIENTO": "COMUNIDAD INDIGENA", "NOMBRE": "TEAXIL", "MONTO ASIGNADO (PESOS)": 251163, "LATITUD": 21.532198, "LONGITUD": -98.828247 }, "geometry": { "type": "Point", "coordinates": [ -98.828247, 21.532198 ] } },
{ "type": "Feature", "properties": { "NO": 394, "ENTIDAD": "SAN LUIS POTOSI", "MUNICIPIO": "TAMPAMOLON CORONA", "PUEBLO INDIGENA O AFROMEXICANO": "NAHUA", "LOCALIDAD": "TENEXO", "CLAVE LOC": 240390096, "TIPO DE ASENTAMIENTO": "COMUNIDAD INDIGENA", "NOMBRE": "TENEXO", "MONTO ASIGNADO (PESOS)": 274606, "LATITUD": 21.550344, "LONGITUD": -98.85356 }, "geometry": { "type": "Point", "coordinates": [ -98.85356, 21.550344 ] } },
{ "type": "Feature", "properties": { "NO": 395, "ENTIDAD": "SAN LUIS POTOSI", "MUNICIPIO": "TAMPAMOLON CORONA", "PUEBLO INDIGENA O AFROMEXICANO": "NAHUA", "LOCALIDAD": "TONATICO", "CLAVE LOC": 240390098, "TIPO DE ASENTAMIENTO": "COMUNIDAD INDIGENA", "NOMBRE": "TONATICO", "MONTO ASIGNADO (PESOS)": 717592, "LATITUD": 21.490721, "LONGITUD": -98.812646 }, "geometry": { "type": "Point", "coordinates": [ -98.812646, 21.490721 ] } },
{ "type": "Feature", "properties": { "NO": 396, "ENTIDAD": "SAN LUIS POTOSI", "MUNICIPIO": "TAMPAMOLON CORONA", "PUEBLO INDIGENA O AFROMEXICANO": "HUASTECO", "LOCALIDAD": "TUTTZEN(TIUTZEN)", "CLAVE LOC": 240390092, "TIPO DE ASENTAMIENTO": "COMUNIDAD INDIGENA", "NOMBRE": "TIUTZEN", "MONTO ASIGNADO (PESOS)": 286732, "LATITUD": 21.600691, "LONGITUD": -98.836002 }, "geometry": { "type": "Point", "coordinates": [ -98.836002, 21.600691 ] } },
{ "type": "Feature", "properties": { "NO": 397, "ENTIDAD": "SAN LUIS POTOSI", "MUNICIPIO": "TAMPAMOLON CORONA", "PUEBLO INDIGENA O AFROMEXICANO": "HUASTECO", "LOCALIDAD": "TZAPUWJA(TZAPUJA)", "CLAVE LOC": 240390101, "TIPO DE ASENTAMIENTO": "COMUNIDAD INDIGENA", "NOMBRE": "TZAPUJA", "MONTO ASIGNADO (PESOS)": 360293, "LATITUD": 21.6276, "LONGITUD": -98.814291 }, "geometry": { "type": "Point", "coordinates": [ -98.814291, 21.6276 ] } },
{ "type": "Feature", "properties": { "NO": 398, "ENTIDAD": "SAN LUIS POTOSI", "MUNICIPIO": "TAMPAMOLON CORONA", "PUEBLO INDIGENA O AFROMEXICANO": "NAHUA", "LOCALIDAD": "YOHUALA", "CLAVE LOC": 240390105, "TIPO DE ASENTAMIENTO": "COMUNIDAD INDIGENA", "NOMBRE": "YOHUALA", "MONTO ASIGNADO (PESOS)": 296432, "LATITUD": 21.555015, "LONGITUD": -98.848679 }, "geometry": { "type": "Point", "coordinates": [ -98.848679, 21.555015 ] } },
{ "type": "Feature", "properties": { "NO": 399, "ENTIDAD": "SAN LUIS POTOSI", "MUNICIPIO": "TAMUIN", "PUEBLO INDIGENA O AFROMEXICANO": "HUASTECO", "LOCALIDAD": "DOLORES (TANCHIPA)", "CLAVE LOC": 240400544, "TIPO DE ASENTAMIENTO": "COMUNIDAD INDIGENA", "NOMBRE": "TANCHIPA", "MONTO ASIGNADO (PESOS)": 99714, "LATITUD": 22.072777, "LONGITUD": -98.869999 }, "geometry": { "type": "Point", "coordinates": [ -98.869999, 22.072777 ] } },
{ "type": "Feature", "properties": { "NO": 400, "ENTIDAD": "SAN LUIS POTOSI", "MUNICIPIO": "TAMUIN", "PUEBLO INDIGENA O AFROMEXICANO": "HUASTECO", "LOCALIDAD": "EJIDO GRACIANO SANCHEZ", "CLAVE LOC": 240400462, "TIPO DE ASENTAMIENTO": "COMUNIDAD INDIGENA", "NOMBRE": "EJIDO GRACIANO SANCHEZ", "MONTO ASIGNADO (PESOS)": 221254, "LATITUD": 22.136975, "LONGITUD": -98.677989 }, "geometry": { "type": "Point", "coordinates": [ -98.677989, 22.136975 ] } },
{ "type": "Feature", "properties": { "NO": 401, "ENTIDAD": "SAN LUIS POTOSI", "MUNICIPIO": "TAMUIN", "PUEBLO INDIGENA O AFROMEXICANO": "HUASTECO", "LOCALIDAD": "EJIDO LAS PALMAS", "CLAVE LOC": 240400232, "TIPO DE ASENTAMIENTO": "COMUNIDAD INDIGENA", "NOMBRE": "LAS PALMAS", "MONTO ASIGNADO (PESOS)": 242032, "LATITUD": 22.148138, "LONGITUD": -98.82837 }, "geometry": { "type": "Point", "coordinates": [ -98.82837, 22.148138 ] } },
{ "type": "Feature", "properties": { "NO": 402, "ENTIDAD": "SAN LUIS POTOSI", "MUNICIPIO": "TAMUIN", "PUEBLO INDIGENA O AFROMEXICANO": "HUASTECO", "LOCALIDAD": "EJIDO LOS HUASTECOS", "CLAVE LOC": 240400318, "TIPO DE ASENTAMIENTO": "COMUNIDAD INDIGENA", "NOMBRE": "NC PELOS HUASTECOS", "MONTO ASIGNADO (PESOS)": 1275366, "LATITUD": 21.960928, "LONGITUD": -98.651603 }, "geometry": { "type": "Point", "coordinates": [ -98.651603, 21.960928 ] } },
{ "type": "Feature", "properties": { "NO": 403, "ENTIDAD": "SAN LUIS POTOSI", "MUNICIPIO": "TAMUIN", "PUEBLO INDIGENA O AFROMEXICANO": "HUASTECO", "LOCALIDAD": "EL CARRIZO", "CLAVE LOC": 240400429, "TIPO DE ASENTAMIENTO": "COMUNIDAD INDIGENA", "NOMBRE": "EJIDO EL CARRIZO", "MONTO ASIGNADO (PESOS)": 483973, "LATITUD": 21.784894, "LONGITUD": -98.781557 }, "geometry": { "type": "Point", "coordinates": [ -98.781557, 21.784894 ] } },
{ "type": "Feature", "properties": { "NO": 404, "ENTIDAD": "SAN LUIS POTOSI", "MUNICIPIO": "TAMUIN", "PUEBLO INDIGENA O AFROMEXICANO": "NAHUA", "LOCALIDAD": "EL CENTINELA", "CLAVE LOC": 240400372, "TIPO DE ASENTAMIENTO": "COMUNIDAD INDIGENA", "NOMBRE": "NCPE EL CENTINELA", "MONTO ASIGNADO (PESOS)": 1106178, "LATITUD": 22.072695, "LONGITUD": -98.653413 }, "geometry": { "type": "Point", "coordinates": [ -98.653413, 22.072695 ] } },
{ "type": "Feature", "properties": { "NO": 405, "ENTIDAD": "SAN LUIS POTOSI", "MUNICIPIO": "TAMUIN", "PUEBLO INDIGENA O AFROMEXICANO": "HUASTECO", "LOCALIDAD": "EL PALMAR", "CLAVE LOC": 240400085, "TIPO DE ASENTAMIENTO": "COMUNIDAD INDIGENA", "NOMBRE": "EL PALMAR", "MONTO ASIGNADO (PESOS)": 531428, "LATITUD": 22.004575, "LONGITUD": -98.683979 }, "geometry": { "type": "Point", "coordinates": [ -98.683979, 22.004575 ] } },
{ "type": "Feature", "properties": { "NO": 406, "ENTIDAD": "SAN LUIS POTOSI", "MUNICIPIO": "TAMUIN", "PUEBLO INDIGENA O AFROMEXICANO": "HUASTECO", "LOCALIDAD": "EMILIANO ZAPATA", "CLAVE LOC": 240400781, "TIPO DE ASENTAMIENTO": "COMUNIDAD INDIGENA", "NOMBRE": "NCPE EMILIANO ZAPATA", "MONTO ASIGNADO (PESOS)": 666665, "LATITUD": 22.172842, "LONGITUD": -98.828995 }, "geometry": { "type": "Point", "coordinates": [ -98.828995, 22.172842 ] } },
{ "type": "Feature", "properties": { "NO": 407, "ENTIDAD": "SAN LUIS POTOSI", "MUNICIPIO": "TAMUIN", "PUEBLO INDIGENA O AFROMEXICANO": "HUASTECO", "LOCALIDAD": "ESTACION EL COCO", "CLAVE LOC": 240400022, "TIPO DE ASENTAMIENTO": "COMUNIDAD INDIGENA", "NOMBRE": "ESTACIÓN EL COCO", "MONTO ASIGNADO (PESOS)": 122633, "LATITUD": 22.126277, "LONGITUD": -98.730666 }, "geometry": { "type": "Point", "coordinates": [ -98.730666, 22.126277 ] } },
{ "type": "Feature", "properties": { "NO": 408, "ENTIDAD": "SAN LUIS POTOSI", "MUNICIPIO": "TAMUIN", "PUEBLO INDIGENA O AFROMEXICANO": "HUASTECO", "LOCALIDAD": "ESTACION TAMUIN", "CLAVE LOC": 240400135, "TIPO DE ASENTAMIENTO": "COMUNIDAD INDIGENA", "NOMBRE": "ESTACIÓN TAMUIN", "MONTO ASIGNADO (PESOS)": 1525003, "LATITUD": 22.077465, "LONGITUD": -98.811004 }, "geometry": { "type": "Point", "coordinates": [ -98.811004, 22.077465 ] } },
{ "type": "Feature", "properties": { "NO": 409, "ENTIDAD": "SAN LUIS POTOSI", "MUNICIPIO": "TAMUIN", "PUEBLO INDIGENA O AFROMEXICANO": "HUASTECO", "LOCALIDAD": "LA CEIBA", "CLAVE LOC": 240400016, "TIPO DE ASENTAMIENTO": "COMUNIDAD INDIGENA", "NOMBRE": "NCPE LA CEIBA", "MONTO ASIGNADO (PESOS)": 399095, "LATITUD": 22.167734, "LONGITUD": -98.827188 }, "geometry": { "type": "Point", "coordinates": [ -98.827188, 22.167734 ] } },
{ "type": "Feature", "properties": { "NO": 410, "ENTIDAD": "SAN LUIS POTOSI", "MUNICIPIO": "TAMUIN", "PUEBLO INDIGENA O AFROMEXICANO": "HUASTECO", "LOCALIDAD": "LUIS DONALDO COLOSIO", "CLAVE LOC": 240400617, "TIPO DE ASENTAMIENTO": "COMUNIDAD INDIGENA", "NOMBRE": "NCPE LUIS DONALDO COLOSIO", "MONTO ASIGNADO (PESOS)": 365143, "LATITUD": 22.13277, "LONGITUD": -98.679082 }, "geometry": { "type": "Point", "coordinates": [ -98.679082, 22.13277 ] } },
{ "type": "Feature", "properties": { "NO": 411, "ENTIDAD": "SAN LUIS POTOSI", "MUNICIPIO": "TAMUIN", "PUEBLO INDIGENA O AFROMEXICANO": "HUASTECO", "LOCALIDAD": "MANUEL AVILA CAMACHO", "CLAVE LOC": 240400072, "TIPO DE ASENTAMIENTO": "COMUNIDAD INDIGENA", "NOMBRE": "EJIDO MANUEL AVILA CAMACHO", "MONTO ASIGNADO (PESOS)": 279456, "LATITUD": 22.009697, "LONGITUD": -98.661367 }, "geometry": { "type": "Point", "coordinates": [ -98.661367, 22.009697 ] } },
{ "type": "Feature", "properties": { "NO": 412, "ENTIDAD": "SAN LUIS POTOSI", "MUNICIPIO": "TAMUIN", "PUEBLO INDIGENA O AFROMEXICANO": "HUASTECO", "LOCALIDAD": "NUEVA PRIMAVERA", "CLAVE LOC": 240400676, "TIPO DE ASENTAMIENTO": "COMUNIDAD INDIGENA", "NOMBRE": "NUEVA PRIMAVERA", "MONTO ASIGNADO (PESOS)": 1371652, "LATITUD": 21.914123, "LONGITUD": -98.857762 }, "geometry": { "type": "Point", "coordinates": [ -98.857762, 21.914123 ] } },
{ "type": "Feature", "properties": { "NO": 413, "ENTIDAD": "SAN LUIS POTOSI", "MUNICIPIO": "TAMUIN", "PUEBLO INDIGENA O AFROMEXICANO": "NAHUA", "LOCALIDAD": "NUEVO AHUACATITLA", "CLAVE LOC": 240400160, "TIPO DE ASENTAMIENTO": "COMUNIDAD INDIGENA", "NOMBRE": "NUEVO AHUACATITLA", "MONTO ASIGNADO (PESOS)": 789537, "LATITUD": 21.926657, "LONGITUD": -98.649465 }, "geometry": { "type": "Point", "coordinates": [ -98.649465, 21.926657 ] } },
{ "type": "Feature", "properties": { "NO": 414, "ENTIDAD": "SAN LUIS POTOSI", "MUNICIPIO": "TAMUIN", "PUEBLO INDIGENA O AFROMEXICANO": "HUASTECO", "LOCALIDAD": "NUEVO AQUISMON", "CLAVE LOC": 240400386, "TIPO DE ASENTAMIENTO": "COMUNIDAD INDIGENA", "NOMBRE": "NCPE NUEVO AQUISMÓN", "MONTO ASIGNADO (PESOS)": 565619, "LATITUD": 22.326162, "LONGITUD": -98.819465 }, "geometry": { "type": "Point", "coordinates": [ -98.819465, 22.326162 ] } },
{ "type": "Feature", "properties": { "NO": 415, "ENTIDAD": "SAN LUIS POTOSI", "MUNICIPIO": "TAMUIN", "PUEBLO INDIGENA O AFROMEXICANO": "HUASTECO", "LOCALIDAD": "NUEVO TAMPAON", "CLAVE LOC": 240400157, "TIPO DE ASENTAMIENTO": "COMUNIDAD INDIGENA", "NOMBRE": "EL PORVENIR", "MONTO ASIGNADO (PESOS)": 417687, "LATITUD": 22.062264, "LONGITUD": -98.564381 }, "geometry": { "type": "Point", "coordinates": [ -98.564381, 22.062264 ] } },
{ "type": "Feature", "properties": { "NO": 416, "ENTIDAD": "SAN LUIS POTOSI", "MUNICIPIO": "TAMUIN", "PUEBLO INDIGENA O AFROMEXICANO": "NAHUA", "LOCALIDAD": "NUEVO TAMPAON", "CLAVE LOC": 240400157, "TIPO DE ASENTAMIENTO": "COMUNIDAD INDIGENA", "NOMBRE": "NCPE NUEVO TAMPAÓN", "MONTO ASIGNADO (PESOS)": 84639, "LATITUD": 22.062264, "LONGITUD": -98.564381 }, "geometry": { "type": "Point", "coordinates": [ -98.564381, 22.062264 ] } },
{ "type": "Feature", "properties": { "NO": 417, "ENTIDAD": "SAN LUIS POTOSI", "MUNICIPIO": "TAMUIN", "PUEBLO INDIGENA O AFROMEXICANO": "HUASTECO", "LOCALIDAD": "SANTA MARTHA", "CLAVE LOC": 240400126, "TIPO DE ASENTAMIENTO": "COMUNIDAD INDIGENA", "NOMBRE": "SANTA MARTHA", "MONTO ASIGNADO (PESOS)": 1602755, "LATITUD": 22.343036, "LONGITUD": -98.706228 }, "geometry": { "type": "Point", "coordinates": [ -98.706228, 22.343036 ] } },
{ "type": "Feature", "properties": { "NO": 418, "ENTIDAD": "SAN LUIS POTOSI", "MUNICIPIO": "TAMUIN", "PUEBLO INDIGENA O AFROMEXICANO": "HUASTECO", "LOCALIDAD": "TAMPACOY", "CLAVE LOC": 240400133, "TIPO DE ASENTAMIENTO": "COMUNIDAD INDIGENA", "NOMBRE": "EJIDO TAMPACOY", "MONTO ASIGNADO (PESOS)": 342509, "LATITUD": 21.886389, "LONGITUD": -98.819166 }, "geometry": { "type": "Point", "coordinates": [ -98.819166, 21.886389 ] } },
{ "type": "Feature", "properties": { "NO": 419, "ENTIDAD": "SAN LUIS POTOSI", "MUNICIPIO": "TAMUIN", "PUEBLO INDIGENA O AFROMEXICANO": "HUASTECO", "LOCALIDAD": "VENUSTIANO CARRANZA", "CLAVE LOC": 240400433, "TIPO DE ASENTAMIENTO": "COMUNIDAD INDIGENA", "NOMBRE": "VENUSTIANO CARRANZA", "MONTO ASIGNADO (PESOS)": 208320, "LATITUD": 21.828233, "LONGITUD": -98.750214 }, "geometry": { "type": "Point", "coordinates": [ -98.750214, 21.828233 ] } },
{ "type": "Feature", "properties": { "NO": 420, "ENTIDAD": "SAN LUIS POTOSI", "MUNICIPIO": "TANCANHUITZ", "PUEBLO INDIGENA O AFROMEXICANO": "HUASTECO", "LOCALIDAD": "ALDZULUP", "CLAVE LOC": 240120003, "TIPO DE ASENTAMIENTO": "COMUNIDAD INDIGENA", "NOMBRE": "ALDZULUP", "MONTO ASIGNADO (PESOS)": 352209, "LATITUD": 21.617175, "LONGITUD": -98.926725 }, "geometry": { "type": "Point", "coordinates": [ -98.926725, 21.617175 ] } },
{ "type": "Feature", "properties": { "NO": 421, "ENTIDAD": "SAN LUIS POTOSI", "MUNICIPIO": "TANCANHUITZ", "PUEBLO INDIGENA O AFROMEXICANO": "HUASTECO", "LOCALIDAD": "ALDZULUPPOYTZEN", "CLAVE LOC": 240120023, "TIPO DE ASENTAMIENTO": "COMUNIDAD INDIGENA", "NOMBRE": "ALDZULUPPOYTZEN", "MONTO ASIGNADO (PESOS)": 390203, "LATITUD": 21.67212, "LONGITUD": -98.987614 }, "geometry": { "type": "Point", "coordinates": [ -98.987614, 21.67212 ] } },
{ "type": "Feature", "properties": { "NO": 422, "ENTIDAD": "SAN LUIS POTOSI", "MUNICIPIO": "TANCANHUITZ", "PUEBLO INDIGENA O AFROMEXICANO": "HUASTECO", "LOCALIDAD": "ALHUITOT(THIMANTZEN)", "CLAVE LOC": 240120002, "TIPO DE ASENTAMIENTO": "COMUNIDAD INDIGENA", "NOMBRE": "ALHUITOT", "MONTO ASIGNADO (PESOS)": 271821, "LATITUD": 21.623269, "LONGITUD": -98.947847 }, "geometry": { "type": "Point", "coordinates": [ -98.947847, 21.623269 ] } },
{ "type": "Feature", "properties": { "NO": 423, "ENTIDAD": "SAN LUIS POTOSI", "MUNICIPIO": "TANCANHUITZ", "PUEBLO INDIGENA O AFROMEXICANO": "NAHUA", "LOCALIDAD": "CHACATITLA PRIMERA SECCION", "CLAVE LOC": 240120148, "TIPO DE ASENTAMIENTO": "COMUNIDAD INDIGENA", "NOMBRE": "CHACATITLA", "MONTO ASIGNADO (PESOS)": 964956, "LATITUD": 21.588801, "LONGITUD": -98.951014 }, "geometry": { "type": "Point", "coordinates": [ -98.951014, 21.588801 ] } },
{ "type": "Feature", "properties": { "NO": 424, "ENTIDAD": "SAN LUIS POTOSI", "MUNICIPIO": "TANCANHUITZ", "PUEBLO INDIGENA O AFROMEXICANO": "NAHUA", "LOCALIDAD": "COLONIA LAZARO CARDENAS", "CLAVE LOC": 240120290, "TIPO DE ASENTAMIENTO": "COMUNIDAD INDIGENA", "NOMBRE": "PIAXTLA", "MONTO ASIGNADO (PESOS)": 7640356, "LATITUD": 21.566115, "LONGITUD": -98.94197 }, "geometry": { "type": "Point", "coordinates": [ -98.94197, 21.566115 ] } },
{ "type": "Feature", "properties": { "NO": 425, "ENTIDAD": "SAN LUIS POTOSI", "MUNICIPIO": "TANCANHUITZ", "PUEBLO INDIGENA O AFROMEXICANO": "HUASTECO", "LOCALIDAD": "COPALITOS", "CLAVE LOC": 240120297, "TIPO DE ASENTAMIENTO": "COMUNIDAD INDIGENA", "NOMBRE": "OCTZEN-COPALITOS", "MONTO ASIGNADO (PESOS)": 143650, "LATITUD": 21.619565, "LONGITUD": -98.958446 }, "geometry": { "type": "Point", "coordinates": [ -98.958446, 21.619565 ] } },
{ "type": "Feature", "properties": { "NO": 426, "ENTIDAD": "SAN LUIS POTOSI", "MUNICIPIO": "TANCANHUITZ", "PUEBLO INDIGENA O AFROMEXICANO": "HUASTECO", "LOCALIDAD": "CRUZTUJUB", "CLAVE LOC": 240120007, "TIPO DE ASENTAMIENTO": "COMUNIDAD INDIGENA", "NOMBRE": "CRUZTUJUB", "MONTO ASIGNADO (PESOS)": 348452, "LATITUD": 21.635454, "LONGITUD": -98.92481 }, "geometry": { "type": "Point", "coordinates": [ -98.92481, 21.635454 ] } },
{ "type": "Feature", "properties": { "NO": 427, "ENTIDAD": "SAN LUIS POTOSI", "MUNICIPIO": "TANCANHUITZ", "PUEBLO INDIGENA O AFROMEXICANO": "NAHUA", "LOCALIDAD": "CUAJENCO PRIMERA SECCION", "CLAVE LOC": 240120143, "TIPO DE ASENTAMIENTO": "COMUNIDAD INDIGENA", "NOMBRE": "CUAJENCO", "MONTO ASIGNADO (PESOS)": 745647, "LATITUD": 21.575827, "LONGITUD": -98.954433 }, "geometry": { "type": "Point", "coordinates": [ -98.954433, 21.575827 ] } },
{ "type": "Feature", "properties": { "NO": 428, "ENTIDAD": "SAN LUIS POTOSI", "MUNICIPIO": "TANCANHUITZ", "PUEBLO INDIGENA O AFROMEXICANO": "NAHUA", "LOCALIDAD": "CUATLAMAYAN", "CLAVE LOC": 240120009, "TIPO DE ASENTAMIENTO": "COMUNIDAD INDIGENA", "NOMBRE": "CUATLAMAYAN", "MONTO ASIGNADO (PESOS)": 4096845, "LATITUD": 21.588503, "LONGITUD": -98.936901 }, "geometry": { "type": "Point", "coordinates": [ -98.936901, 21.588503 ] } },
{ "type": "Feature", "properties": { "NO": 429, "ENTIDAD": "SAN LUIS POTOSI", "MUNICIPIO": "TANCANHUITZ", "PUEBLO INDIGENA O AFROMEXICANO": "HUASTECO", "LOCALIDAD": "EJIDO LA CEIBA", "CLAVE LOC": 240120134, "TIPO DE ASENTAMIENTO": "COMUNIDAD INDIGENA", "NOMBRE": "EJIDO LA CEIBA", "MONTO ASIGNADO (PESOS)": 194578, "LATITUD": 21.687222, "LONGITUD": -98.997029 }, "geometry": { "type": "Point", "coordinates": [ -98.997029, 21.687222 ] } },
{ "type": "Feature", "properties": { "NO": 430, "ENTIDAD": "SAN LUIS POTOSI", "MUNICIPIO": "TANCANHUITZ", "PUEBLO INDIGENA O AFROMEXICANO": "HUASTECO", "LOCALIDAD": "FRACCIONO'CTZEN", "CLAVE LOC": 240120018, "TIPO DE ASENTAMIENTO": "COMUNIDAD INDIGENA", "NOMBRE": "O'CTZEN", "MONTO ASIGNADO (PESOS)": 239038, "LATITUD": 21.616228, "LONGITUD": -98.955513 }, "geometry": { "type": "Point", "coordinates": [ -98.955513, 21.616228 ] } },
{ "type": "Feature", "properties": { "NO": 431, "ENTIDAD": "SAN LUIS POTOSI", "MUNICIPIO": "TANCANHUITZ", "PUEBLO INDIGENA O AFROMEXICANO": "HUASTECO", "LOCALIDAD": "GUADALUPE VICTORIA", "CLAVE LOC": 240120014, "TIPO DE ASENTAMIENTO": "COMUNIDAD INDIGENA", "NOMBRE": "GUADALUPE VICTORIA", "MONTO ASIGNADO (PESOS)": 480358, "LATITUD": 21.62117, "LONGITUD": -98.944216 }, "geometry": { "type": "Point", "coordinates": [ -98.944216, 21.62117 ] } },
{ "type": "Feature", "properties": { "NO": 432, "ENTIDAD": "SAN LUIS POTOSI", "MUNICIPIO": "TANCANHUITZ", "PUEBLO INDIGENA O AFROMEXICANO": "HUASTECO", "LOCALIDAD": "JOPOYMOM PRIMERA SECCION", "CLAVE LOC": 240120015, "TIPO DE ASENTAMIENTO": "COMUNIDAD INDIGENA", "NOMBRE": "JOPOYMON", "MONTO ASIGNADO (PESOS)": 281609, "LATITUD": 21.667395, "LONGITUD": -98.949915 }, "geometry": { "type": "Point", "coordinates": [ -98.949915, 21.667395 ] } },
{ "type": "Feature", "properties": { "NO": 433, "ENTIDAD": "SAN LUIS POTOSI", "MUNICIPIO": "TANCANHUITZ", "PUEBLO INDIGENA O AFROMEXICANO": "HUASTECO", "LOCALIDAD": "LAGARZA(PEQUETZENDELAGARZA)", "CLAVE LOC": 240120013, "TIPO DE ASENTAMIENTO": "COMUNIDAD INDIGENA", "NOMBRE": "LA GARZA", "MONTO ASIGNADO (PESOS)": 627339, "LATITUD": 21.64151, "LONGITUD": -98.935267 }, "geometry": { "type": "Point", "coordinates": [ -98.935267, 21.64151 ] } },
{ "type": "Feature", "properties": { "NO": 434, "ENTIDAD": "SAN LUIS POTOSI", "MUNICIPIO": "TANCANHUITZ", "PUEBLO INDIGENA O AFROMEXICANO": "HUASTECO", "LOCALIDAD": "LAS ARMAS", "CLAVE LOC": 240120004, "TIPO DE ASENTAMIENTO": "COMUNIDAD INDIGENA", "NOMBRE": "LASARMAS", "MONTO ASIGNADO (PESOS)": 939085, "LATITUD": 21.697616, "LONGITUD": -98.967224 }, "geometry": { "type": "Point", "coordinates": [ -98.967224, 21.697616 ] } },
{ "type": "Feature", "properties": { "NO": 435, "ENTIDAD": "SAN LUIS POTOSI", "MUNICIPIO": "TANCANHUITZ", "PUEBLO INDIGENA O AFROMEXICANO": "HUASTECO", "LOCALIDAD": "LINARES", "CLAVE LOC": 240120016, "TIPO DE ASENTAMIENTO": "COMUNIDAD INDIGENA", "NOMBRE": "LINARES", "MONTO ASIGNADO (PESOS)": 344126, "LATITUD": 21.660616, "LONGITUD": -98.940315 }, "geometry": { "type": "Point", "coordinates": [ -98.940315, 21.660616 ] } },
{ "type": "Feature", "properties": { "NO": 436, "ENTIDAD": "SAN LUIS POTOSI", "MUNICIPIO": "TANCANHUITZ", "PUEBLO INDIGENA O AFROMEXICANO": "HUASTECO", "LOCALIDAD": "MEXCALA", "CLAVE LOC": 240120017, "TIPO DE ASENTAMIENTO": "COMUNIDAD INDIGENA", "NOMBRE": "MEXCALA", "MONTO ASIGNADO (PESOS)": 218589, "LATITUD": 21.579427, "LONGITUD": -98.977185 }, "geometry": { "type": "Point", "coordinates": [ -98.977185, 21.579427 ] } },
{ "type": "Feature", "properties": { "NO": 437, "ENTIDAD": "SAN LUIS POTOSI", "MUNICIPIO": "TANCANHUITZ", "PUEBLO INDIGENA O AFROMEXICANO": "HUASTECO", "LOCALIDAD": "OCTZENSANAGUSTIN", "CLAVE LOC": 240120019, "TIPO DE ASENTAMIENTO": "COMUNIDAD INDIGENA", "NOMBRE": "EJIDOOCTZEN", "MONTO ASIGNADO (PESOS)": 335234, "LATITUD": 21.674359, "LONGITUD": -99.011325 }, "geometry": { "type": "Point", "coordinates": [ -99.011325, 21.674359 ] } },
{ "type": "Feature", "properties": { "NO": 438, "ENTIDAD": "SAN LUIS POTOSI", "MUNICIPIO": "TANCANHUITZ", "PUEBLO INDIGENA O AFROMEXICANO": "HUASTECO", "LOCALIDAD": "PALMIRA VIEJO", "CLAVE LOC": 240120021, "TIPO DE ASENTAMIENTO": "COMUNIDAD INDIGENA", "NOMBRE": "EJIDOPALMIRAVIEJO", "MONTO ASIGNADO (PESOS)": 348976, "LATITUD": 21.690723, "LONGITUD": -99.005366 }, "geometry": { "type": "Point", "coordinates": [ -99.005366, 21.690723 ] } },
{ "type": "Feature", "properties": { "NO": 439, "ENTIDAD": "SAN LUIS POTOSI", "MUNICIPIO": "TANCANHUITZ", "PUEBLO INDIGENA O AFROMEXICANO": "HUASTECO", "LOCALIDAD": "SANJOSEPEQUETZEN", "CLAVE LOC": 240120024, "TIPO DE ASENTAMIENTO": "COMUNIDAD INDIGENA", "NOMBRE": "EJIDO SAN JOSÉ PEQUETZEN", "MONTO ASIGNADO (PESOS)": 664240, "LATITUD": 21.629568, "LONGITUD": -98.959471 }, "geometry": { "type": "Point", "coordinates": [ -98.959471, 21.629568 ] } },
{ "type": "Feature", "properties": { "NO": 440, "ENTIDAD": "SAN LUIS POTOSI", "MUNICIPIO": "TANCANHUITZ", "PUEBLO INDIGENA O AFROMEXICANO": "HUASTECO", "LOCALIDAD": "TAMALETOM PRIMERA SECCION", "CLAVE LOC": 240120087, "TIPO DE ASENTAMIENTO": "COMUNIDAD INDIGENA", "NOMBRE": "TAMALETOM", "MONTO ASIGNADO (PESOS)": 3770573, "LATITUD": 21.603661, "LONGITUD": -98.936207 }, "geometry": { "type": "Point", "coordinates": [ -98.936207, 21.603661 ] } },
{ "type": "Feature", "properties": { "NO": 441, "ENTIDAD": "SAN LUIS POTOSI", "MUNICIPIO": "TANCANHUITZ", "PUEBLO INDIGENA O AFROMEXICANO": "HUASTECO", "LOCALIDAD": "TAMARINDO", "CLAVE LOC": 240120026, "TIPO DE ASENTAMIENTO": "COMUNIDAD INDIGENA", "NOMBRE": "EL TAMARINDO", "MONTO ASIGNADO (PESOS)": 275414, "LATITUD": 21.65982, "LONGITUD": -98.938487 }, "geometry": { "type": "Point", "coordinates": [ -98.938487, 21.65982 ] } },
{ "type": "Feature", "properties": { "NO": 442, "ENTIDAD": "SAN LUIS POTOSI", "MUNICIPIO": "TANCANHUITZ", "PUEBLO INDIGENA O AFROMEXICANO": "HUASTECO", "LOCALIDAD": "TANCOLTZE PRIMERA SECCION", "CLAVE LOC": 240120027, "TIPO DE ASENTAMIENTO": "COMUNIDAD INDIGENA", "NOMBRE": "TANCOLTZE", "MONTO ASIGNADO (PESOS)": 717922, "LATITUD": 21.583301, "LONGITUD": -98.979095 }, "geometry": { "type": "Point", "coordinates": [ -98.979095, 21.583301 ] } },
{ "type": "Feature", "properties": { "NO": 443, "ENTIDAD": "SAN LUIS POTOSI", "MUNICIPIO": "TANCANHUITZ", "PUEBLO INDIGENA O AFROMEXICANO": "HUASTECO", "LOCALIDAD": "TZACANAM", "CLAVE LOC": 240120106, "TIPO DE ASENTAMIENTO": "COMUNIDAD INDIGENA", "NOMBRE": "TZACANAM", "MONTO ASIGNADO (PESOS)": 516725, "LATITUD": 21.611681, "LONGITUD": -98.968484 }, "geometry": { "type": "Point", "coordinates": [ -98.968484, 21.611681 ] } },
{ "type": "Feature", "properties": { "NO": 444, "ENTIDAD": "SAN LUIS POTOSI", "MUNICIPIO": "TANCANHUITZ", "PUEBLO INDIGENA O AFROMEXICANO": "HUASTECO", "LOCALIDAD": "TZEPAKAB PRIMERA SECCION", "CLAVE LOC": 240120030, "TIPO DE ASENTAMIENTO": "COMUNIDAD INDIGENA", "NOMBRE": "TZEPACAB", "MONTO ASIGNADO (PESOS)": 1651681, "LATITUD": 21.589926, "LONGITUD": -98.905268 }, "geometry": { "type": "Point", "coordinates": [ -98.905268, 21.589926 ] } },
{ "type": "Feature", "properties": { "NO": 445, "ENTIDAD": "SAN LUIS POTOSI", "MUNICIPIO": "TANLAJAS", "PUEBLO INDIGENA O AFROMEXICANO": "HUASTECO", "LOCALIDAD": "AGUA HEDIONDA", "CLAVE LOC": 240410002, "TIPO DE ASENTAMIENTO": "COMUNIDAD INDIGENA", "NOMBRE": "AGUA HEDIONDA", "MONTO ASIGNADO (PESOS)": 284636, "LATITUD": 21.728127, "LONGITUD": -98.963877 }, "geometry": { "type": "Point", "coordinates": [ -98.963877, 21.728127 ] } },
{ "type": "Feature", "properties": { "NO": 446, "ENTIDAD": "SAN LUIS POTOSI", "MUNICIPIO": "TANLAJAS", "PUEBLO INDIGENA O AFROMEXICANO": "HUASTECO", "LOCALIDAD": "AGUALOJA", "CLAVE LOC": 240410003, "TIPO DE ASENTAMIENTO": "COMUNIDAD INDIGENA", "NOMBRE": "AGUALOJA", "MONTO ASIGNADO (PESOS)": 464333, "LATITUD": 21.688591, "LONGITUD": -98.848664 }, "geometry": { "type": "Point", "coordinates": [ -98.848664, 21.688591 ] } },
{ "type": "Feature", "properties": { "NO": 447, "ENTIDAD": "SAN LUIS POTOSI", "MUNICIPIO": "TANLAJAS", "PUEBLO INDIGENA O AFROMEXICANO": "HUASTECO", "LOCALIDAD": "ANEXO QUELABITAD CALABAZAS", "CLAVE LOC": 240410026, "TIPO DE ASENTAMIENTO": "COMUNIDAD INDIGENA", "NOMBRE": "ANEXO QUELABITADZ CALABAZAS", "MONTO ASIGNADO (PESOS)": 236646, "LATITUD": 21.687414, "LONGITUD": -98.915471 }, "geometry": { "type": "Point", "coordinates": [ -98.915471, 21.687414 ] } },
{ "type": "Feature", "properties": { "NO": 448, "ENTIDAD": "SAN LUIS POTOSI", "MUNICIPIO": "TANLAJAS", "PUEBLO INDIGENA O AFROMEXICANO": "HUASTECO", "LOCALIDAD": "BARRIO HUALITZE", "CLAVE LOC": 240410174, "TIPO DE ASENTAMIENTO": "COMUNIDAD INDIGENA", "NOMBRE": "BARRIO HUALITZE", "MONTO ASIGNADO (PESOS)": 178410, "LATITUD": 21.672038, "LONGITUD": -98.884723 }, "geometry": { "type": "Point", "coordinates": [ -98.884723, 21.672038 ] } },
{ "type": "Feature", "properties": { "NO": 449, "ENTIDAD": "SAN LUIS POTOSI", "MUNICIPIO": "TANLAJAS", "PUEBLO INDIGENA O AFROMEXICANO": "HUASTECO", "LOCALIDAD": "BARRIO TOCOYMOHOM", "CLAVE LOC": 240410176, "TIPO DE ASENTAMIENTO": "COMUNIDAD INDIGENA", "NOMBRE": "BARRIO TOCOYMOHOM", "MONTO ASIGNADO (PESOS)": 123441, "LATITUD": 21.675292, "LONGITUD": -98.904924 }, "geometry": { "type": "Point", "coordinates": [ -98.904924, 21.675292 ] } },
{ "type": "Feature", "properties": { "NO": 450, "ENTIDAD": "SAN LUIS POTOSI", "MUNICIPIO": "TANLAJAS", "PUEBLO INDIGENA O AFROMEXICANO": "HUASTECO", "LOCALIDAD": "COROMOHOM(TOCOYMOHOM)", "CLAVE LOC": 240410037, "TIPO DE ASENTAMIENTO": "COMUNIDAD INDIGENA", "NOMBRE": "COROMOHÓM,CUEYTZÉNYTOCOYMOHÓM", "MONTO ASIGNADO (PESOS)": 1404088, "LATITUD": 21.67831, "LONGITUD": -98.889899 }, "geometry": { "type": "Point", "coordinates": [ -98.889899, 21.67831 ] } },
{ "type": "Feature", "properties": { "NO": 451, "ENTIDAD": "SAN LUIS POTOSI", "MUNICIPIO": "TANLAJAS", "PUEBLO INDIGENA O AFROMEXICANO": "HUASTECO", "LOCALIDAD": "DHOKOB", "CLAVE LOC": 240410108, "TIPO DE ASENTAMIENTO": "COMUNIDAD INDIGENA", "NOMBRE": "DHOKOB", "MONTO ASIGNADO (PESOS)": 285115, "LATITUD": 21.664272, "LONGITUD": -98.91033 }, "geometry": { "type": "Point", "coordinates": [ -98.91033, 21.664272 ] } },
{ "type": "Feature", "properties": { "NO": 452, "ENTIDAD": "SAN LUIS POTOSI", "MUNICIPIO": "TANLAJAS", "PUEBLO INDIGENA O AFROMEXICANO": "HUASTECO", "LOCALIDAD": "EJIDO EL BARRANCON", "CLAVE LOC": 240410006, "TIPO DE ASENTAMIENTO": "COMUNIDAD INDIGENA", "NOMBRE": "EL BARRANCÓN", "MONTO ASIGNADO (PESOS)": 588253, "LATITUD": 21.672306, "LONGITUD": -98.860906 }, "geometry": { "type": "Point", "coordinates": [ -98.860906, 21.672306 ] } },
{ "type": "Feature", "properties": { "NO": 453, "ENTIDAD": "SAN LUIS POTOSI", "MUNICIPIO": "TANLAJAS", "PUEBLO INDIGENA O AFROMEXICANO": "HUASTECO", "LOCALIDAD": "EJIDO EL TZAJIB", "CLAVE LOC": 240410102, "TIPO DE ASENTAMIENTO": "COMUNIDAD INDIGENA", "NOMBRE": "ELTZAJIB", "MONTO ASIGNADO (PESOS)": 251721, "LATITUD": 21.730869, "LONGITUD": -98.82694 }, "geometry": { "type": "Point", "coordinates": [ -98.82694, 21.730869 ] } },
{ "type": "Feature", "properties": { "NO": 454, "ENTIDAD": "SAN LUIS POTOSI", "MUNICIPIO": "TANLAJAS", "PUEBLO INDIGENA O AFROMEXICANO": "HUASTECO", "LOCALIDAD": "EJIDO LA ARGENTINA", "CLAVE LOC": 240410004, "TIPO DE ASENTAMIENTO": "COMUNIDAD INDIGENA", "NOMBRE": "LA ARGENTINA", "MONTO ASIGNADO (PESOS)": 664240, "LATITUD": 21.720245, "LONGITUD": -98.878169 }, "geometry": { "type": "Point", "coordinates": [ -98.878169, 21.720245 ] } },
{ "type": "Feature", "properties": { "NO": 455, "ENTIDAD": "SAN LUIS POTOSI", "MUNICIPIO": "TANLAJAS", "PUEBLO INDIGENA O AFROMEXICANO": "HUASTECO", "LOCALIDAD": "EJIDO LA CEBADILLA", "CLAVE LOC": 240410010, "TIPO DE ASENTAMIENTO": "COMUNIDAD INDIGENA", "NOMBRE": "LA CEBADILLA", "MONTO ASIGNADO (PESOS)": 624630, "LATITUD": 21.669139, "LONGITUD": -98.717642 }, "geometry": { "type": "Point", "coordinates": [ -98.717642, 21.669139 ] } },
{ "type": "Feature", "properties": { "NO": 456, "ENTIDAD": "SAN LUIS POTOSI", "MUNICIPIO": "TANLAJAS", "PUEBLO INDIGENA O AFROMEXICANO": "HUASTECO", "LOCALIDAD": "EJIDO LA CONCEPCION", "CLAVE LOC": 240410011, "TIPO DE ASENTAMIENTO": "COMUNIDAD INDIGENA", "NOMBRE": "EJIDO LA CONCEPCIÓN", "MONTO ASIGNADO (PESOS)": 1156735, "LATITUD": 21.689746, "LONGITUD": -98.801343 }, "geometry": { "type": "Point", "coordinates": [ -98.801343, 21.689746 ] } },
{ "type": "Feature", "properties": { "NO": 457, "ENTIDAD": "SAN LUIS POTOSI", "MUNICIPIO": "TANLAJAS", "PUEBLO INDIGENA O AFROMEXICANO": "HUASTECO", "LOCALIDAD": "EJIDO NIÑOS HEROES", "CLAVE LOC": 240410115, "TIPO DE ASENTAMIENTO": "COMUNIDAD INDIGENA", "NOMBRE": "EJIDO NIÑOS HÉROES", "MONTO ASIGNADO (PESOS)": 274606, "LATITUD": 21.714588, "LONGITUD": -98.941186 }, "geometry": { "type": "Point", "coordinates": [ -98.941186, 21.714588 ] } },
{ "type": "Feature", "properties": { "NO": 458, "ENTIDAD": "SAN LUIS POTOSI", "MUNICIPIO": "TANLAJAS", "PUEBLO INDIGENA O AFROMEXICANO": "HUASTECO", "LOCALIDAD": "EJIDO SAN JOSE XILATZEN", "CLAVE LOC": 240410030, "TIPO DE ASENTAMIENTO": "COMUNIDAD INDIGENA", "NOMBRE": "SAN JOSÉ XILATZEN", "MONTO ASIGNADO (PESOS)": 1312324, "LATITUD": 21.674971, "LONGITUD": -98.92751 }, "geometry": { "type": "Point", "coordinates": [ -98.92751, 21.674971 ] } },
{ "type": "Feature", "properties": { "NO": 459, "ENTIDAD": "SAN LUIS POTOSI", "MUNICIPIO": "TANLAJAS", "PUEBLO INDIGENA O AFROMEXICANO": "HUASTECO", "LOCALIDAD": "EJIDO SERAPIO GUTIERREZ", "CLAVE LOC": 240410160, "TIPO DE ASENTAMIENTO": "COMUNIDAD INDIGENA", "NOMBRE": "EJIDO SERAPIO GUTIERREZ", "MONTO ASIGNADO (PESOS)": 220314, "LATITUD": 21.740872, "LONGITUD": -98.837982 }, "geometry": { "type": "Point", "coordinates": [ -98.837982, 21.740872 ] } },
{ "type": "Feature", "properties": { "NO": 460, "ENTIDAD": "SAN LUIS POTOSI", "MUNICIPIO": "TANLAJAS", "PUEBLO INDIGENA O AFROMEXICANO": "HUASTECO", "LOCALIDAD": "EL CHUCHE", "CLAVE LOC": 240410082, "TIPO DE ASENTAMIENTO": "COMUNIDAD INDIGENA", "NOMBRE": "EL CHUCHE", "MONTO ASIGNADO (PESOS)": 205086, "LATITUD": 21.68339, "LONGITUD": -98.911123 }, "geometry": { "type": "Point", "coordinates": [ -98.911123, 21.68339 ] } },
{ "type": "Feature", "properties": { "NO": 461, "ENTIDAD": "SAN LUIS POTOSI", "MUNICIPIO": "TANLAJAS", "PUEBLO INDIGENA O AFROMEXICANO": "HUASTECO", "LOCALIDAD": "EL CIRUELO", "CLAVE LOC": 240410079, "TIPO DE ASENTAMIENTO": "COMUNIDAD INDIGENA", "NOMBRE": "EL CIRUELO", "MONTO ASIGNADO (PESOS)": 128291, "LATITUD": 21.693408, "LONGITUD": -98.914392 }, "geometry": { "type": "Point", "coordinates": [ -98.914392, 21.693408 ] } },
{ "type": "Feature", "properties": { "NO": 462, "ENTIDAD": "SAN LUIS POTOSI", "MUNICIPIO": "TANLAJAS", "PUEBLO INDIGENA O AFROMEXICANO": "HUASTECO", "LOCALIDAD": "EL JOMTE", "CLAVE LOC": 240410015, "TIPO DE ASENTAMIENTO": "COMUNIDAD INDIGENA", "NOMBRE": "EL JOMTÉ", "MONTO ASIGNADO (PESOS)": 400711, "LATITUD": 21.657253, "LONGITUD": -98.911426 }, "geometry": { "type": "Point", "coordinates": [ -98.911426, 21.657253 ] } },
{ "type": "Feature", "properties": { "NO": 463, "ENTIDAD": "SAN LUIS POTOSI", "MUNICIPIO": "TANLAJAS", "PUEBLO INDIGENA O AFROMEXICANO": "HUASTECO", "LOCALIDAD": "EL LAUREL", "CLAVE LOC": 240410187, "TIPO DE ASENTAMIENTO": "COMUNIDAD INDIGENA", "NOMBRE": "EL LAUREL", "MONTO ASIGNADO (PESOS)": 299458, "LATITUD": 21.65073, "LONGITUD": -98.921247 }, "geometry": { "type": "Point", "coordinates": [ -98.921247, 21.65073 ] } },
{ "type": "Feature", "properties": { "NO": 464, "ENTIDAD": "SAN LUIS POTOSI", "MUNICIPIO": "TANLAJAS", "PUEBLO INDIGENA O AFROMEXICANO": "HUASTECO", "LOCALIDAD": "EL MANTE", "CLAVE LOC": 240410098, "TIPO DE ASENTAMIENTO": "COMUNIDAD INDIGENA", "NOMBRE": "EL MANTE", "MONTO ASIGNADO (PESOS)": 212362, "LATITUD": 21.693864, "LONGITUD": -98.877075 }, "geometry": { "type": "Point", "coordinates": [ -98.877075, 21.693864 ] } },
{ "type": "Feature", "properties": { "NO": 465, "ENTIDAD": "SAN LUIS POTOSI", "MUNICIPIO": "TANLAJAS", "PUEBLO INDIGENA O AFROMEXICANO": "HUASTECO", "LOCALIDAD": "EL MAY", "CLAVE LOC": 240410020, "TIPO DE ASENTAMIENTO": "COMUNIDAD INDIGENA", "NOMBRE": "EL MAY", "MONTO ASIGNADO (PESOS)": 1090110, "LATITUD": 21.71742, "LONGITUD": -98.833502 }, "geometry": { "type": "Point", "coordinates": [ -98.833502, 21.71742 ] } },
{ "type": "Feature", "properties": { "NO": 466, "ENTIDAD": "SAN LUIS POTOSI", "MUNICIPIO": "TANLAJAS", "PUEBLO INDIGENA O AFROMEXICANO": "HUASTECO", "LOCALIDAD": "EL MUHU", "CLAVE LOC": 240410175, "TIPO DE ASENTAMIENTO": "COMUNIDAD INDIGENA", "NOMBRE": "BARRIO NUEVO COROMOHOMTOCOYMOM", "MONTO ASIGNADO (PESOS)": 138800, "LATITUD": 21.67432, "LONGITUD": -98.894389 }, "geometry": { "type": "Point", "coordinates": [ -98.894389, 21.67432 ] } },
{ "type": "Feature", "properties": { "NO": 467, "ENTIDAD": "SAN LUIS POTOSI", "MUNICIPIO": "TANLAJAS", "PUEBLO INDIGENA O AFROMEXICANO": "HUASTECO", "LOCALIDAD": "EL NARANJAL", "CLAVE LOC": 240410042, "TIPO DE ASENTAMIENTO": "COMUNIDAD INDIGENA", "NOMBRE": "EL NARANJAL", "MONTO ASIGNADO (PESOS)": 168808, "LATITUD": 21.671301, "LONGITUD": -98.874448 }, "geometry": { "type": "Point", "coordinates": [ -98.874448, 21.671301 ] } },
{ "type": "Feature", "properties": { "NO": 468, "ENTIDAD": "SAN LUIS POTOSI", "MUNICIPIO": "TANLAJAS", "PUEBLO INDIGENA O AFROMEXICANO": "HUASTECO", "LOCALIDAD": "EL PANDO", "CLAVE LOC": 240410023, "TIPO DE ASENTAMIENTO": "COMUNIDAD INDIGENA", "NOMBRE": "EL PANDO", "MONTO ASIGNADO (PESOS)": 450022, "LATITUD": 21.731094, "LONGITUD": -98.813536 }, "geometry": { "type": "Point", "coordinates": [ -98.813536, 21.731094 ] } },
{ "type": "Feature", "properties": { "NO": 469, "ENTIDAD": "SAN LUIS POTOSI", "MUNICIPIO": "TANLAJAS", "PUEBLO INDIGENA O AFROMEXICANO": "HUASTECO", "LOCALIDAD": "EL ZAPOTE", "CLAVE LOC": 240410188, "TIPO DE ASENTAMIENTO": "COMUNIDAD INDIGENA", "NOMBRE": "EL ZAPOTE", "MONTO ASIGNADO (PESOS)": 126675, "LATITUD": 21.678821, "LONGITUD": -98.906472 }, "geometry": { "type": "Point", "coordinates": [ -98.906472, 21.678821 ] } },
{ "type": "Feature", "properties": { "NO": 470, "ENTIDAD": "SAN LUIS POTOSI", "MUNICIPIO": "TANLAJAS", "PUEBLO INDIGENA O AFROMEXICANO": "HUASTECO", "LOCALIDAD": "LA BODEGA", "CLAVE LOC": 240410192, "TIPO DE ASENTAMIENTO": "COMUNIDAD INDIGENA", "NOMBRE": "BARRIO LA BODEGA", "MONTO ASIGNADO (PESOS)": 130716, "LATITUD": 21.647219, "LONGITUD": -98.895979 }, "geometry": { "type": "Point", "coordinates": [ -98.895979, 21.647219 ] } },
{ "type": "Feature", "properties": { "NO": 471, "ENTIDAD": "SAN LUIS POTOSI", "MUNICIPIO": "TANLAJAS", "PUEBLO INDIGENA O AFROMEXICANO": "HUASTECO", "LOCALIDAD": "LA LABOR", "CLAVE LOC": 240410016, "TIPO DE ASENTAMIENTO": "COMUNIDAD INDIGENA", "NOMBRE": "LA LABOR", "MONTO ASIGNADO (PESOS)": 316641, "LATITUD": 21.660302, "LONGITUD": -98.829894 }, "geometry": { "type": "Point", "coordinates": [ -98.829894, 21.660302 ] } },
{ "type": "Feature", "properties": { "NO": 472, "ENTIDAD": "SAN LUIS POTOSI", "MUNICIPIO": "TANLAJAS", "PUEBLO INDIGENA O AFROMEXICANO": "HUASTECO", "LOCALIDAD": "MALILIJA", "CLAVE LOC": 240410018, "TIPO DE ASENTAMIENTO": "COMUNIDAD INDIGENA", "NOMBRE": "MALILIJA", "MONTO ASIGNADO (PESOS)": 399095, "LATITUD": 21.737952, "LONGITUD": -98.7931 }, "geometry": { "type": "Point", "coordinates": [ -98.7931, 21.737952 ] } },
{ "type": "Feature", "properties": { "NO": 473, "ENTIDAD": "SAN LUIS POTOSI", "MUNICIPIO": "TANLAJAS", "PUEBLO INDIGENA O AFROMEXICANO": "HUASTECO", "LOCALIDAD": "MONEC", "CLAVE LOC": 240410019, "TIPO DE ASENTAMIENTO": "COMUNIDAD INDIGENA", "NOMBRE": "ELMONEC", "MONTO ASIGNADO (PESOS)": 360293, "LATITUD": 21.696357, "LONGITUD": -98.86932 }, "geometry": { "type": "Point", "coordinates": [ -98.86932, 21.696357 ] } },
{ "type": "Feature", "properties": { "NO": 474, "ENTIDAD": "SAN LUIS POTOSI", "MUNICIPIO": "TANLAJAS", "PUEBLO INDIGENA O AFROMEXICANO": "HUASTECO", "LOCALIDAD": "MULULTZEN", "CLAVE LOC": 240410129, "TIPO DE ASENTAMIENTO": "COMUNIDAD INDIGENA", "NOMBRE": "MULULTZÉN", "MONTO ASIGNADO (PESOS)": 157393, "LATITUD": 21.664219, "LONGITUD": -98.919147 }, "geometry": { "type": "Point", "coordinates": [ -98.919147, 21.664219 ] } },
{ "type": "Feature", "properties": { "NO": 475, "ENTIDAD": "SAN LUIS POTOSI", "MUNICIPIO": "TANLAJAS", "PUEBLO INDIGENA O AFROMEXICANO": "HUASTECO", "LOCALIDAD": "NUEVO CUEYTZEN", "CLAVE LOC": 240410116, "TIPO DE ASENTAMIENTO": "COMUNIDAD INDIGENA", "NOMBRE": "NUEVO CUEYTZÉN", "MONTO ASIGNADO (PESOS)": 646456, "LATITUD": 21.695304, "LONGITUD": -98.873399 }, "geometry": { "type": "Point", "coordinates": [ -98.873399, 21.695304 ] } },
{ "type": "Feature", "properties": { "NO": 476, "ENTIDAD": "SAN LUIS POTOSI", "MUNICIPIO": "TANLAJAS", "PUEBLO INDIGENA O AFROMEXICANO": "HUASTECO", "LOCALIDAD": "OJOX", "CLAVE LOC": 240410022, "TIPO DE ASENTAMIENTO": "COMUNIDAD INDIGENA", "NOMBRE": "EL OJOX", "MONTO ASIGNADO (PESOS)": 360293, "LATITUD": 21.654939, "LONGITUD": -98.879121 }, "geometry": { "type": "Point", "coordinates": [ -98.879121, 21.654939 ] } },
{ "type": "Feature", "properties": { "NO": 477, "ENTIDAD": "SAN LUIS POTOSI", "MUNICIPIO": "TANLAJAS", "PUEBLO INDIGENA O AFROMEXICANO": "HUASTECO", "LOCALIDAD": "PAIXTZAN", "CLAVE LOC": 240410120, "TIPO DE ASENTAMIENTO": "COMUNIDAD INDIGENA", "NOMBRE": "PAIXTZAN", "MONTO ASIGNADO (PESOS)": 413645, "LATITUD": 21.65739, "LONGITUD": -98.923852 }, "geometry": { "type": "Point", "coordinates": [ -98.923852, 21.65739 ] } },
{ "type": "Feature", "properties": { "NO": 478, "ENTIDAD": "SAN LUIS POTOSI", "MUNICIPIO": "TANLAJAS", "PUEBLO INDIGENA O AFROMEXICANO": "HUASTECO", "LOCALIDAD": "PATALJA", "CLAVE LOC": 240410146, "TIPO DE ASENTAMIENTO": "COMUNIDAD INDIGENA", "NOMBRE": "PATALJÁ", "MONTO ASIGNADO (PESOS)": 182452, "LATITUD": 21.650408, "LONGITUD": -98.919173 }, "geometry": { "type": "Point", "coordinates": [ -98.919173, 21.650408 ] } },
{ "type": "Feature", "properties": { "NO": 479, "ENTIDAD": "SAN LUIS POTOSI", "MUNICIPIO": "TANLAJAS", "PUEBLO INDIGENA O AFROMEXICANO": "HUASTECO", "LOCALIDAD": "QUELABITAD", "CLAVE LOC": 240410095, "TIPO DE ASENTAMIENTO": "COMUNIDAD INDIGENA", "NOMBRE": "QUELABITADZ CALABAZAS", "MONTO ASIGNADO (PESOS)": 272181, "LATITUD": 21.710713, "LONGITUD": -98.96252 }, "geometry": { "type": "Point", "coordinates": [ -98.96252, 21.710713 ] } },
{ "type": "Feature", "properties": { "NO": 480, "ENTIDAD": "SAN LUIS POTOSI", "MUNICIPIO": "TANLAJAS", "PUEBLO INDIGENA O AFROMEXICANO": "HUASTECO", "LOCALIDAD": "QUELABITAD COMUNAL", "CLAVE LOC": 240410117, "TIPO DE ASENTAMIENTO": "COMUNIDAD INDIGENA", "NOMBRE": "QUELABITADZ COMUNAL", "MONTO ASIGNADO (PESOS)": 234188, "LATITUD": 21.649742, "LONGITUD": -98.903323 }, "geometry": { "type": "Point", "coordinates": [ -98.903323, 21.649742 ] } },
{ "type": "Feature", "properties": { "NO": 481, "ENTIDAD": "SAN LUIS POTOSI", "MUNICIPIO": "TANLAJAS", "PUEBLO INDIGENA O AFROMEXICANO": "HUASTECO", "LOCALIDAD": "QUELABITAD CUARESMA", "CLAVE LOC": 240410025, "TIPO DE ASENTAMIENTO": "COMUNIDAD INDIGENA", "NOMBRE": "BARRIO LAS LOMAS", "MONTO ASIGNADO (PESOS)": 341701, "LATITUD": 21.652994, "LONGITUD": -98.906946 }, "geometry": { "type": "Point", "coordinates": [ -98.906946, 21.652994 ] } },
{ "type": "Feature", "properties": { "NO": 482, "ENTIDAD": "SAN LUIS POTOSI", "MUNICIPIO": "TANLAJAS", "PUEBLO INDIGENA O AFROMEXICANO": "HUASTECO", "LOCALIDAD": "SAN BENITO", "CLAVE LOC": 240410053, "TIPO DE ASENTAMIENTO": "COMUNIDAD INDIGENA", "NOMBRE": "SAN BENITO", "MONTO ASIGNADO (PESOS)": 426340, "LATITUD": 21.778519, "LONGITUD": -98.838931 }, "geometry": { "type": "Point", "coordinates": [ -98.838931, 21.778519 ] } },
{ "type": "Feature", "properties": { "NO": 483, "ENTIDAD": "SAN LUIS POTOSI", "MUNICIPIO": "TANLAJAS", "PUEBLO INDIGENA O AFROMEXICANO": "HUASTECO", "LOCALIDAD": "SAN JOSE DEL TINTO (LA GLORIA)", "CLAVE LOC": 240410029, "TIPO DE ASENTAMIENTO": "COMUNIDAD INDIGENA", "NOMBRE": "SAN JOSÉ DEL TINTO (LA GLORIA)", "MONTO ASIGNADO (PESOS)": 438705, "LATITUD": 21.816855, "LONGITUD": -98.800866 }, "geometry": { "type": "Point", "coordinates": [ -98.800866, 21.816855 ] } },
{ "type": "Feature", "properties": { "NO": 484, "ENTIDAD": "SAN LUIS POTOSI", "MUNICIPIO": "TANLAJAS", "PUEBLO INDIGENA O AFROMEXICANO": "HUASTECO", "LOCALIDAD": "SAN NICOLAS", "CLAVE LOC": 240410032, "TIPO DE ASENTAMIENTO": "COMUNIDAD INDIGENA", "NOMBRE": "EJIDO SAN NICOLÁS", "MONTO ASIGNADO (PESOS)": 766094, "LATITUD": 21.677324, "LONGITUD": -98.781005 }, "geometry": { "type": "Point", "coordinates": [ -98.781005, 21.677324 ] } },
{ "type": "Feature", "properties": { "NO": 485, "ENTIDAD": "SAN LUIS POTOSI", "MUNICIPIO": "TANLAJAS", "PUEBLO INDIGENA O AFROMEXICANO": "HUASTECO", "LOCALIDAD": "SANTA ELENA", "CLAVE LOC": 240410033, "TIPO DE ASENTAMIENTO": "COMUNIDAD INDIGENA", "NOMBRE": "SANTA ELENA", "MONTO ASIGNADO (PESOS)": 536517, "LATITUD": 21.688147, "LONGITUD": -98.681506 }, "geometry": { "type": "Point", "coordinates": [ -98.681506, 21.688147 ] } },
{ "type": "Feature", "properties": { "NO": 486, "ENTIDAD": "SAN LUIS POTOSI", "MUNICIPIO": "TANLAJAS", "PUEBLO INDIGENA O AFROMEXICANO": "HUASTECO", "LOCALIDAD": "SANTA ROSA", "CLAVE LOC": 240410034, "TIPO DE ASENTAMIENTO": "COMUNIDAD INDIGENA", "NOMBRE": "SANTA ROSA", "MONTO ASIGNADO (PESOS)": 616546, "LATITUD": 21.740107, "LONGITUD": -98.873412 }, "geometry": { "type": "Point", "coordinates": [ -98.873412, 21.740107 ] } },
{ "type": "Feature", "properties": { "NO": 487, "ENTIDAD": "SAN LUIS POTOSI", "MUNICIPIO": "TANLAJAS", "PUEBLO INDIGENA O AFROMEXICANO": "HUASTECO", "LOCALIDAD": "TANCOLOL", "CLAVE LOC": 240410036, "TIPO DE ASENTAMIENTO": "COMUNIDAD INDIGENA", "NOMBRE": "EJIDO TANCOLOL", "MONTO ASIGNADO (PESOS)": 319875, "LATITUD": 21.692146, "LONGITUD": -98.923723 }, "geometry": { "type": "Point", "coordinates": [ -98.923723, 21.692146 ] } },
{ "type": "Feature", "properties": { "NO": 488, "ENTIDAD": "SAN LUIS POTOSI", "MUNICIPIO": "TANLAJAS", "PUEBLO INDIGENA O AFROMEXICANO": "HUASTECO", "LOCALIDAD": "TANLAJAS", "CLAVE LOC": 240410001, "TIPO DE ASENTAMIENTO": "COMUNIDAD INDIGENA", "NOMBRE": "COLONIA ENRIQUE OLIVER", "MONTO ASIGNADO (PESOS)": 1247882, "LATITUD": 21.665664, "LONGITUD": -98.88807 }, "geometry": { "type": "Point", "coordinates": [ -98.88807, 21.665664 ] } },
{ "type": "Feature", "properties": { "NO": 489, "ENTIDAD": "SAN LUIS POTOSI", "MUNICIPIO": "TANLAJAS", "PUEBLO INDIGENA O AFROMEXICANO": "HUASTECO", "LOCALIDAD": "TIZOAPATZ", "CLAVE LOC": 240410076, "TIPO DE ASENTAMIENTO": "COMUNIDAD INDIGENA", "NOMBRE": "TIZOAPATZ", "MONTO ASIGNADO (PESOS)": 268947, "LATITUD": 21.670382, "LONGITUD": -98.897332 }, "geometry": { "type": "Point", "coordinates": [ -98.897332, 21.670382 ] } },
{ "type": "Feature", "properties": { "NO": 490, "ENTIDAD": "SAN LUIS POTOSI", "MUNICIPIO": "TANLAJAS", "PUEBLO INDIGENA O AFROMEXICANO": "HUASTECO", "LOCALIDAD": "TRES CRUCES", "CLAVE LOC": 240410154, "TIPO DE ASENTAMIENTO": "COMUNIDAD INDIGENA", "NOMBRE": "TRES CRUCES", "MONTO ASIGNADO (PESOS)": 405562, "LATITUD": 21.654709, "LONGITUD": -98.890825 }, "geometry": { "type": "Point", "coordinates": [ -98.890825, 21.654709 ] } },
{ "type": "Feature", "properties": { "NO": 491, "ENTIDAD": "SAN LUIS POTOSI", "MUNICIPIO": "TANQUIAN DE ESCOBEDO", "PUEBLO INDIGENA O AFROMEXICANO": "HUASTECO", "LOCALIDAD": "EL CERRITO", "CLAVE LOC": 240420006, "TIPO DE ASENTAMIENTO": "COMUNIDAD INDIGENA", "NOMBRE": "EL CERRITO", "MONTO ASIGNADO (PESOS)": 308557, "LATITUD": 21.600717, "LONGITUD": -98.720064 }, "geometry": { "type": "Point", "coordinates": [ -98.720064, 21.600717 ] } },
{ "type": "Feature", "properties": { "NO": 492, "ENTIDAD": "SAN LUIS POTOSI", "MUNICIPIO": "TANQUIAN DE ESCOBEDO", "PUEBLO INDIGENA O AFROMEXICANO": "HUASTECO", "LOCALIDAD": "LAS LOMAS", "CLAVE LOC": 240420011, "TIPO DE ASENTAMIENTO": "COMUNIDAD INDIGENA", "NOMBRE": "EJIDO LAS LOMAS", "MONTO ASIGNADO (PESOS)": 754777, "LATITUD": 21.634637, "LONGITUD": -98.697155 }, "geometry": { "type": "Point", "coordinates": [ -98.697155, 21.634637 ] } },
{ "type": "Feature", "properties": { "NO": 493, "ENTIDAD": "SAN LUIS POTOSI", "MUNICIPIO": "TANQUIAN DE ESCOBEDO", "PUEBLO INDIGENA O AFROMEXICANO": "HUASTECO", "LOCALIDAD": "SAGRADA FAMILIA", "CLAVE LOC": 240420016, "TIPO DE ASENTAMIENTO": "COMUNIDAD INDIGENA", "NOMBRE": "LA SAGRADA FAMILIA", "MONTO ASIGNADO (PESOS)": 685257, "LATITUD": 21.656736, "LONGITUD": -98.660677 }, "geometry": { "type": "Point", "coordinates": [ -98.660677, 21.656736 ] } },
{ "type": "Feature", "properties": { "NO": 494, "ENTIDAD": "SAN LUIS POTOSI", "MUNICIPIO": "TANQUIAN DE ESCOBEDO", "PUEBLO INDIGENA O AFROMEXICANO": "HUASTECO", "LOCALIDAD": "TAMPICOL", "CLAVE LOC": 240420019, "TIPO DE ASENTAMIENTO": "COMUNIDAD INDIGENA", "NOMBRE": "TAMPICOL", "MONTO ASIGNADO (PESOS)": 315024, "LATITUD": 21.660833, "LONGITUD": -98.636389 }, "geometry": { "type": "Point", "coordinates": [ -98.636389, 21.660833 ] } },
{ "type": "Feature", "properties": { "NO": 495, "ENTIDAD": "SAN LUIS POTOSI", "MUNICIPIO": "TANQUIAN DE ESCOBEDO", "PUEBLO INDIGENA O AFROMEXICANO": "NAHUA", "LOCALIDAD": "TANQUIAN DE ESCOBEDO", "CLAVE LOC": 240420001, "TIPO DE ASENTAMIENTO": "COMUNIDAD INDIGENA", "NOMBRE": "EJIDO TANQUIÁN", "MONTO ASIGNADO (PESOS)": 1562342, "LATITUD": 21.598088, "LONGITUD": -98.662063 }, "geometry": { "type": "Point", "coordinates": [ -98.662063, 21.598088 ] } },
{ "type": "Feature", "properties": { "NO": 496, "ENTIDAD": "SAN LUIS POTOSI", "MUNICIPIO": "XILITLA", "PUEBLO INDIGENA O AFROMEXICANO": "NAHUA", "LOCALIDAD": "AHUAYO", "CLAVE LOC": 240540002, "TIPO DE ASENTAMIENTO": "COMUNIDAD INDIGENA", "NOMBRE": "AGUAYO", "MONTO ASIGNADO (PESOS)": 355443, "LATITUD": 21.412329, "LONGITUD": -99.01083 }, "geometry": { "type": "Point", "coordinates": [ -99.01083, 21.412329 ] } },
{ "type": "Feature", "properties": { "NO": 497, "ENTIDAD": "SAN LUIS POTOSI", "MUNICIPIO": "XILITLA", "PUEBLO INDIGENA O AFROMEXICANO": "NAHUA", "LOCALIDAD": "AMAYO DE ZARAGOZA (PUERTO DE AMAYO)", "CLAVE LOC": 240540006, "TIPO DE ASENTAMIENTO": "COMUNIDAD INDIGENA", "NOMBRE": "AMAYO DE ZARAGOZA", "MONTO ASIGNADO (PESOS)": 1477083, "LATITUD": 21.327776, "LONGITUD": -98.997164 }, "geometry": { "type": "Point", "coordinates": [ -98.997164, 21.327776 ] } },
{ "type": "Feature", "properties": { "NO": 498, "ENTIDAD": "SAN LUIS POTOSI", "MUNICIPIO": "XILITLA", "PUEBLO INDIGENA O AFROMEXICANO": "NAHUA", "LOCALIDAD": "APETZCO", "CLAVE LOC": 240540008, "TIPO DE ASENTAMIENTO": "COMUNIDAD INDIGENA", "NOMBRE": "APETZCO", "MONTO ASIGNADO (PESOS)": 1566469, "LATITUD": 21.393611, "LONGITUD": -99.010833 }, "geometry": { "type": "Point", "coordinates": [ -99.010833, 21.393611 ] } },
{ "type": "Feature", "properties": { "NO": 499, "ENTIDAD": "SAN LUIS POTOSI", "MUNICIPIO": "XILITLA", "PUEBLO INDIGENA O AFROMEXICANO": "NAHUA", "LOCALIDAD": "BUENAVISTA", "CLAVE LOC": 240540248, "TIPO DE ASENTAMIENTO": "COMUNIDAD INDIGENA", "NOMBRE": "CRUZTITLA", "MONTO ASIGNADO (PESOS)": 472309, "LATITUD": 21.380325, "LONGITUD": -98.961804 }, "geometry": { "type": "Point", "coordinates": [ -98.961804, 21.380325 ] } },
{ "type": "Feature", "properties": { "NO": 500, "ENTIDAD": "SAN LUIS POTOSI", "MUNICIPIO": "XILITLA", "PUEBLO INDIGENA O AFROMEXICANO": "NAHUA", "LOCALIDAD": "CERRO QUEBRADO", "CLAVE LOC": 240540181, "TIPO DE ASENTAMIENTO": "COMUNIDAD INDIGENA", "NOMBRE": "CERRO QUEBRADO", "MONTO ASIGNADO (PESOS)": 547356, "LATITUD": 21.406426, "LONGITUD": -99.038093 }, "geometry": { "type": "Point", "coordinates": [ -99.038093, 21.406426 ] } },
{ "type": "Feature", "properties": { "NO": 501, "ENTIDAD": "SAN LUIS POTOSI", "MUNICIPIO": "XILITLA", "PUEBLO INDIGENA O AFROMEXICANO": "NAHUA", "LOCALIDAD": "CHICHIMIXTITLA", "CLAVE LOC": 240540021, "TIPO DE ASENTAMIENTO": "COMUNIDAD INDIGENA", "NOMBRE": "CHICHIMIXTITLA", "MONTO ASIGNADO (PESOS)": 406370, "LATITUD": 21.397313, "LONGITUD": -98.974892 }, "geometry": { "type": "Point", "coordinates": [ -98.974892, 21.397313 ] } },
{ "type": "Feature", "properties": { "NO": 502, "ENTIDAD": "SAN LUIS POTOSI", "MUNICIPIO": "XILITLA", "PUEBLO INDIGENA O AFROMEXICANO": "NAHUA", "LOCALIDAD": "CUARTILLO NUEVO", "CLAVE LOC": 240540038, "TIPO DE ASENTAMIENTO": "COMUNIDAD INDIGENA", "NOMBRE": "EJIDO EL CUARTILLO", "MONTO ASIGNADO (PESOS)": 752964, "LATITUD": 21.354347, "LONGITUD": -98.942034 }, "geometry": { "type": "Point", "coordinates": [ -98.942034, 21.354347 ] } },
{ "type": "Feature", "properties": { "NO": 503, "ENTIDAD": "SAN LUIS POTOSI", "MUNICIPIO": "XILITLA", "PUEBLO INDIGENA O AFROMEXICANO": "NAHUA", "LOCALIDAD": "CUARTILLO VIEJO", "CLAVE LOC": 240540122, "TIPO DE ASENTAMIENTO": "COMUNIDAD INDIGENA", "NOMBRE": "CUARTILLO VIEJO", "MONTO ASIGNADO (PESOS)": 252780, "LATITUD": 21.357139, "LONGITUD": -98.958739 }, "geometry": { "type": "Point", "coordinates": [ -98.958739, 21.357139 ] } },
{ "type": "Feature", "properties": { "NO": 504, "ENTIDAD": "SAN LUIS POTOSI", "MUNICIPIO": "XILITLA", "PUEBLO INDIGENA O AFROMEXICANO": "NAHUA", "LOCALIDAD": "EJIDO PEÑA BLANCA LIMONTITLA", "CLAVE LOC": 240540032, "TIPO DE ASENTAMIENTO": "COMUNIDAD INDIGENA", "NOMBRE": "EJIDO PEÑA BLANCA LIMONTITLA", "MONTO ASIGNADO (PESOS)": 682593, "LATITUD": 21.454016, "LONGITUD": -98.96379 }, "geometry": { "type": "Point", "coordinates": [ -98.96379, 21.454016 ] } },
{ "type": "Feature", "properties": { "NO": 505, "ENTIDAD": "SAN LUIS POTOSI", "MUNICIPIO": "XILITLA", "PUEBLO INDIGENA O AFROMEXICANO": "NAHUA", "LOCALIDAD": "EJIDO XILITLILLA", "CLAVE LOC": 240540086, "TIPO DE ASENTAMIENTO": "COMUNIDAD INDIGENA", "NOMBRE": "EJIDO XILITLILLA", "MONTO ASIGNADO (PESOS)": 207511, "LATITUD": 21.364456, "LONGITUD": -99.044974 }, "geometry": { "type": "Point", "coordinates": [ -99.044974, 21.364456 ] } },
{ "type": "Feature", "properties": { "NO": 506, "ENTIDAD": "SAN LUIS POTOSI", "MUNICIPIO": "XILITLA", "PUEBLO INDIGENA O AFROMEXICANO": "NAHUA", "LOCALIDAD": "EL CAÑON", "CLAVE LOC": 240540013, "TIPO DE ASENTAMIENTO": "COMUNIDAD INDIGENA", "NOMBRE": "EL CAÑÓN", "MONTO ASIGNADO (PESOS)": 462147, "LATITUD": 21.437337, "LONGITUD": -99.003889 }, "geometry": { "type": "Point", "coordinates": [ -99.003889, 21.437337 ] } },
{ "type": "Feature", "properties": { "NO": 507, "ENTIDAD": "SAN LUIS POTOSI", "MUNICIPIO": "XILITLA", "PUEBLO INDIGENA O AFROMEXICANO": "NAHUA", "LOCALIDAD": "EL NACIMIENTO", "CLAVE LOC": 240540036, "TIPO DE ASENTAMIENTO": "COMUNIDAD INDIGENA", "NOMBRE": "EL NACIMIENTO II", "MONTO ASIGNADO (PESOS)": 289157, "LATITUD": 21.457566, "LONGITUD": -98.978914 }, "geometry": { "type": "Point", "coordinates": [ -98.978914, 21.457566 ] } },
{ "type": "Feature", "properties": { "NO": 508, "ENTIDAD": "SAN LUIS POTOSI", "MUNICIPIO": "XILITLA", "PUEBLO INDIGENA O AFROMEXICANO": "NAHUA", "LOCALIDAD": "EL NARANJAL (LA CEIBA)", "CLAVE LOC": 240540037, "TIPO DE ASENTAMIENTO": "COMUNIDAD INDIGENA", "NOMBRE": "EJIDO EL CRISTIANO", "MONTO ASIGNADO (PESOS)": 9722715, "LATITUD": 21.388286, "LONGITUD": -98.933247 }, "geometry": { "type": "Point", "coordinates": [ -98.933247, 21.388286 ] } },
{ "type": "Feature", "properties": { "NO": 509, "ENTIDAD": "SAN LUIS POTOSI", "MUNICIPIO": "XILITLA", "PUEBLO INDIGENA O AFROMEXICANO": "NAHUA", "LOCALIDAD": "EL RINCON DE ZACATIPA", "CLAVE LOC": 240540222, "TIPO DE ASENTAMIENTO": "COMUNIDAD INDIGENA", "NOMBRE": "RINCÓN DE ZACATIPA", "MONTO ASIGNADO (PESOS)": 192152, "LATITUD": 21.368427, "LONGITUD": -99.057849 }, "geometry": { "type": "Point", "coordinates": [ -99.057849, 21.368427 ] } },
{ "type": "Feature", "properties": { "NO": 510, "ENTIDAD": "SAN LUIS POTOSI", "MUNICIPIO": "XILITLA", "PUEBLO INDIGENA O AFROMEXICANO": "NAHUA", "LOCALIDAD": "EL SABINO", "CLAVE LOC": 240540062, "TIPO DE ASENTAMIENTO": "COMUNIDAD INDIGENA", "NOMBRE": "EL SABINO", "MONTO ASIGNADO (PESOS)": 1454982, "LATITUD": 21.318993, "LONGITUD": -98.969555 }, "geometry": { "type": "Point", "coordinates": [ -98.969555, 21.318993 ] } },
{ "type": "Feature", "properties": { "NO": 511, "ENTIDAD": "SAN LUIS POTOSI", "MUNICIPIO": "XILITLA", "PUEBLO INDIGENA O AFROMEXICANO": "NAHUA", "LOCALIDAD": "IXTACAM EL BUENOS AIRES", "CLAVE LOC": 240540012, "TIPO DE ASENTAMIENTO": "COMUNIDAD INDIGENA", "NOMBRE": "ITZTACAM EL BUENOS AIRES", "MONTO ASIGNADO (PESOS)": 647769, "LATITUD": 21.409214, "LONGITUD": -98.960204 }, "geometry": { "type": "Point", "coordinates": [ -98.960204, 21.409214 ] } },
{ "type": "Feature", "properties": { "NO": 512, "ENTIDAD": "SAN LUIS POTOSI", "MUNICIPIO": "XILITLA", "PUEBLO INDIGENA O AFROMEXICANO": "NAHUA", "LOCALIDAD": "LA HERRADURA", "CLAVE LOC": 240540022, "TIPO DE ASENTAMIENTO": "COMUNIDAD INDIGENA", "NOMBRE": "IXTACAMEL", "MONTO ASIGNADO (PESOS)": 3282965, "LATITUD": 21.441958, "LONGITUD": -98.949164 }, "geometry": { "type": "Point", "coordinates": [ -98.949164, 21.441958 ] } },
{ "type": "Feature", "properties": { "NO": 513, "ENTIDAD": "SAN LUIS POTOSI", "MUNICIPIO": "XILITLA", "PUEBLO INDIGENA O AFROMEXICANO": "NAHUA", "LOCALIDAD": "LAJOYA", "CLAVE LOC": 240540028, "TIPO DE ASENTAMIENTO": "COMUNIDAD INDIGENA", "NOMBRE": "LA JOYA", "MONTO ASIGNADO (PESOS)": 254397, "LATITUD": 21.418169, "LONGITUD": -99.001189 }, "geometry": { "type": "Point", "coordinates": [ -99.001189, 21.418169 ] } },
{ "type": "Feature", "properties": { "NO": 514, "ENTIDAD": "SAN LUIS POTOSI", "MUNICIPIO": "XILITLA", "PUEBLO INDIGENA O AFROMEXICANO": "NAHUA", "LOCALIDAD": "LAJOYADETLALETLA", "CLAVE LOC": 240540198, "TIPO DE ASENTAMIENTO": "COMUNIDAD INDIGENA", "NOMBRE": "TLALETLA", "MONTO ASIGNADO (PESOS)": 1705360, "LATITUD": 21.343021, "LONGITUD": -98.986522 }, "geometry": { "type": "Point", "coordinates": [ -98.986522, 21.343021 ] } },
{ "type": "Feature", "properties": { "NO": 515, "ENTIDAD": "SAN LUIS POTOSI", "MUNICIPIO": "XILITLA", "PUEBLO INDIGENA O AFROMEXICANO": "NAHUA", "LOCALIDAD": "LA SILLETA", "CLAVE LOC": 240540071, "TIPO DE ASENTAMIENTO": "COMUNIDAD INDIGENA", "NOMBRE": "CORONELJOSÉCASTILLO", "MONTO ASIGNADO (PESOS)": 1422243, "LATITUD": 21.451547, "LONGITUD": -99.06009 }, "geometry": { "type": "Point", "coordinates": [ -99.06009, 21.451547 ] } },
{ "type": "Feature", "properties": { "NO": 516, "ENTIDAD": "SAN LUIS POTOSI", "MUNICIPIO": "XILITLA", "PUEBLO INDIGENA O AFROMEXICANO": "NAHUA", "LOCALIDAD": "LA TRINIDAD", "CLAVE LOC": 240540084, "TIPO DE ASENTAMIENTO": "COMUNIDAD INDIGENA", "NOMBRE": "LA TRINIDAD", "MONTO ASIGNADO (PESOS)": 162243, "LATITUD": 21.404734, "LONGITUD": -99.071499 }, "geometry": { "type": "Point", "coordinates": [ -99.071499, 21.404734 ] } },
{ "type": "Feature", "properties": { "NO": 517, "ENTIDAD": "SAN LUIS POTOSI", "MUNICIPIO": "XILITLA", "PUEBLO INDIGENA O AFROMEXICANO": "NAHUA", "LOCALIDAD": "LA VICTORIA", "CLAVE LOC": 240540085, "TIPO DE ASENTAMIENTO": "COMUNIDAD INDIGENA", "NOMBRE": "EJIDO LA VICTORIA", "MONTO ASIGNADO (PESOS)": 588014, "LATITUD": 21.316698, "LONGITUD": -99.016305 }, "geometry": { "type": "Point", "coordinates": [ -99.016305, 21.316698 ] } },
{ "type": "Feature", "properties": { "NO": 518, "ENTIDAD": "SAN LUIS POTOSI", "MUNICIPIO": "XILITLA", "PUEBLO INDIGENA O AFROMEXICANO": "NAHUA", "LOCALIDAD": "LAS CRUCITAS", "CLAVE LOC": 240540111, "TIPO DE ASENTAMIENTO": "COMUNIDAD INDIGENA", "NOMBRE": "LAS CRUCITAS", "MONTO ASIGNADO (PESOS)": 348168, "LATITUD": 21.422081, "LONGITUD": -98.967733 }, "geometry": { "type": "Point", "coordinates": [ -98.967733, 21.422081 ] } },
{ "type": "Feature", "properties": { "NO": 519, "ENTIDAD": "SAN LUIS POTOSI", "MUNICIPIO": "XILITLA", "PUEBLO INDIGENA O AFROMEXICANO": "NAHUA", "LOCALIDAD": "NUEVO MIRAMAR", "CLAVE LOC": 240540152, "TIPO DE ASENTAMIENTO": "COMUNIDAD INDIGENA", "NOMBRE": "MIRAMAR", "MONTO ASIGNADO (PESOS)": 1050970, "LATITUD": 21.38123, "LONGITUD": -99.033377 }, "geometry": { "type": "Point", "coordinates": [ -99.033377, 21.38123 ] } },
{ "type": "Feature", "properties": { "NO": 520, "ENTIDAD": "SAN LUIS POTOSI", "MUNICIPIO": "XILITLA", "PUEBLO INDIGENA O AFROMEXICANO": "NAHUA", "LOCALIDAD": "PEÑA BLANCA", "CLAVE LOC": 240540044, "TIPO DE ASENTAMIENTO": "COMUNIDAD INDIGENA", "NOMBRE": "PEÑA BLANCA", "MONTO ASIGNADO (PESOS)": 687682, "LATITUD": 21.428968, "LONGITUD": -98.981576 }, "geometry": { "type": "Point", "coordinates": [ -98.981576, 21.428968 ] } },
{ "type": "Feature", "properties": { "NO": 521, "ENTIDAD": "SAN LUIS POTOSI", "MUNICIPIO": "XILITLA", "PUEBLO INDIGENA O AFROMEXICANO": "NAHUA", "LOCALIDAD": "PETATILLO", "CLAVE LOC": 240540045, "TIPO DE ASENTAMIENTO": "COMUNIDAD INDIGENA", "NOMBRE": "EL PETATILLO", "MONTO ASIGNADO (PESOS)": 1229709, "LATITUD": 21.332519, "LONGITUD": -98.992434 }, "geometry": { "type": "Point", "coordinates": [ -98.992434, 21.332519 ] } },
{ "type": "Feature", "properties": { "NO": 522, "ENTIDAD": "SAN LUIS POTOSI", "MUNICIPIO": "XILITLA", "PUEBLO INDIGENA O AFROMEXICANO": "NAHUA", "LOCALIDAD": "PILATENO", "CLAVE LOC": 240540046, "TIPO DE ASENTAMIENTO": "COMUNIDAD INDIGENA", "NOMBRE": "PILATENO", "MONTO ASIGNADO (PESOS)": 954719, "LATITUD": 21.331676, "LONGITUD": -98.968957 }, "geometry": { "type": "Point", "coordinates": [ -98.968957, 21.331676 ] } },
{ "type": "Feature", "properties": { "NO": 523, "ENTIDAD": "SAN LUIS POTOSI", "MUNICIPIO": "XILITLA", "PUEBLO INDIGENA O AFROMEXICANO": "NAHUA", "LOCALIDAD": "PLAN DE JUAREZ", "CLAVE LOC": 240540049, "TIPO DE ASENTAMIENTO": "COMUNIDAD INDIGENA", "NOMBRE": "PLAN DE JUÁREZ", "MONTO ASIGNADO (PESOS)": 282690, "LATITUD": 21.365856, "LONGITUD": -98.991798 }, "geometry": { "type": "Point", "coordinates": [ -98.991798, 21.365856 ] } },
{ "type": "Feature", "properties": { "NO": 524, "ENTIDAD": "SAN LUIS POTOSI", "MUNICIPIO": "XILITLA", "PUEBLO INDIGENA O AFROMEXICANO": "NAHUA", "LOCALIDAD": "POXTLA (LA EMPRESA)", "CLAVE LOC": 240540053, "TIPO DE ASENTAMIENTO": "COMUNIDAD INDIGENA", "NOMBRE": "EJIDO POXTLA", "MONTO ASIGNADO (PESOS)": 2268870, "LATITUD": 21.339917, "LONGITUD": -98.950396 }, "geometry": { "type": "Point", "coordinates": [ -98.950396, 21.339917 ] } },
{ "type": "Feature", "properties": { "NO": 525, "ENTIDAD": "SAN LUIS POTOSI", "MUNICIPIO": "XILITLA", "PUEBLO INDIGENA O AFROMEXICANO": "NAHUA", "LOCALIDAD": "SAN ANTONIO HUITZQUILICO (BARRIO CENTRO)", "CLAVE LOC": 240540063, "TIPO DE ASENTAMIENTO": "COMUNIDAD INDIGENA", "NOMBRE": "SAN ANTONIO HUITZQUILICO", "MONTO ASIGNADO (PESOS)": 2316037, "LATITUD": 21.476133, "LONGITUD": -99.00022 }, "geometry": { "type": "Point", "coordinates": [ -99.00022, 21.476133 ] } },
{ "type": "Feature", "properties": { "NO": 526, "ENTIDAD": "SAN LUIS POTOSI", "MUNICIPIO": "XILITLA", "PUEBLO INDIGENA O AFROMEXICANO": "NAHUA", "LOCALIDAD": "SAN ANTONIO XALCUAYO DOS", "CLAVE LOC": 240540065, "TIPO DE ASENTAMIENTO": "COMUNIDAD INDIGENA", "NOMBRE": "SAN ANTONIO XALCUAYO 2", "MONTO ASIGNADO (PESOS)": 571846, "LATITUD": 21.366254, "LONGITUD": -99.013206 }, "geometry": { "type": "Point", "coordinates": [ -99.013206, 21.366254 ] } },
{ "type": "Feature", "properties": { "NO": 527, "ENTIDAD": "SAN LUIS POTOSI", "MUNICIPIO": "XILITLA", "PUEBLO INDIGENA O AFROMEXICANO": "NAHUA", "LOCALIDAD": "SAN PEDRO HUITZQUILICO", "CLAVE LOC": 240540066, "TIPO DE ASENTAMIENTO": "COMUNIDAD INDIGENA", "NOMBRE": "SAN PEDRO HUITZQUILICO", "MONTO ASIGNADO (PESOS)": 3302865, "LATITUD": 21.456096, "LONGITUD": -99.010879 }, "geometry": { "type": "Point", "coordinates": [ -99.010879, 21.456096 ] } },
{ "type": "Feature", "properties": { "NO": 528, "ENTIDAD": "SAN LUIS POTOSI", "MUNICIPIO": "XILITLA", "PUEBLO INDIGENA O AFROMEXICANO": "NAHUA", "LOCALIDAD": "SAN RAFAEL", "CLAVE LOC": 240540067, "TIPO DE ASENTAMIENTO": "COMUNIDAD INDIGENA", "NOMBRE": "SAN RAFAEL", "MONTO ASIGNADO (PESOS)": 323916, "LATITUD": 21.391336, "LONGITUD": -98.980208 }, "geometry": { "type": "Point", "coordinates": [ -98.980208, 21.391336 ] } },
{ "type": "Feature", "properties": { "NO": 529, "ENTIDAD": "SAN LUIS POTOSI", "MUNICIPIO": "XILITLA", "PUEBLO INDIGENA O AFROMEXICANO": "NAHUA", "LOCALIDAD": "SUCHIAYO", "CLAVE LOC": 240540074, "TIPO DE ASENTAMIENTO": "COMUNIDAD INDIGENA", "NOMBRE": "SUCHIAYO", "MONTO ASIGNADO (PESOS)": 200236, "LATITUD": 21.417043, "LONGITUD": -98.991629 }, "geometry": { "type": "Point", "coordinates": [ -98.991629, 21.417043 ] } },
{ "type": "Feature", "properties": { "NO": 530, "ENTIDAD": "SAN LUIS POTOSI", "MUNICIPIO": "XILITLA", "PUEBLO INDIGENA O AFROMEXICANO": "NAHUA", "LOCALIDAD": "TIERRA BLANCA EJIDO", "CLAVE LOC": 240540077, "TIPO DE ASENTAMIENTO": "COMUNIDAD INDIGENA", "NOMBRE": "TIERRA BLANCA", "MONTO ASIGNADO (PESOS)": 637260, "LATITUD": 21.348133, "LONGITUD": -98.990497 }, "geometry": { "type": "Point", "coordinates": [ -98.990497, 21.348133 ] } },
{ "type": "Feature", "properties": { "NO": 531, "ENTIDAD": "SAN LUIS POTOSI", "MUNICIPIO": "XILITLA", "PUEBLO INDIGENA O AFROMEXICANO": "NAHUA", "LOCALIDAD": "TLAHUILAPA", "CLAVE LOC": 240540105, "TIPO DE ASENTAMIENTO": "COMUNIDAD INDIGENA", "NOMBRE": "TLAHUILAPA", "MONTO ASIGNADO (PESOS)": 529811, "LATITUD": 21.42121, "LONGITUD": -98.971375 }, "geometry": { "type": "Point", "coordinates": [ -98.971375, 21.42121 ] } },
{ "type": "Feature", "properties": { "NO": 532, "ENTIDAD": "SAN LUIS POTOSI", "MUNICIPIO": "XILITLA", "PUEBLO INDIGENA O AFROMEXICANO": "NAHUA", "LOCALIDAD": "TLAMAYA", "CLAVE LOC": 240540081, "TIPO DE ASENTAMIENTO": "COMUNIDAD INDIGENA", "NOMBRE": "TLAMAYA", "MONTO ASIGNADO (PESOS)": 1388852, "LATITUD": 21.421097, "LONGITUD": -99.014346 }, "geometry": { "type": "Point", "coordinates": [ -99.014346, 21.421097 ] } },
{ "type": "Feature", "properties": { "NO": 533, "ENTIDAD": "SAN LUIS POTOSI", "MUNICIPIO": "XILITLA", "PUEBLO INDIGENA O AFROMEXICANO": "NAHUA", "LOCALIDAD": "TLAMIMIL", "CLAVE LOC": 240540082, "TIPO DE ASENTAMIENTO": "COMUNIDAD INDIGENA", "NOMBRE": "TLAMIMIL", "MONTO ASIGNADO (PESOS)": 251163, "LATITUD": 21.415533, "LONGITUD": -98.964197 }, "geometry": { "type": "Point", "coordinates": [ -98.964197, 21.415533 ] } },
{ "type": "Feature", "properties": { "NO": 534, "ENTIDAD": "SAN LUIS POTOSI", "MUNICIPIO": "XILITLA", "PUEBLO INDIGENA O AFROMEXICANO": "NAHUA", "LOCALIDAD": "TLAPEXMECAYO", "CLAVE LOC": 240540120, "TIPO DE ASENTAMIENTO": "COMUNIDAD INDIGENA", "NOMBRE": "TLAPEXMECAYO", "MONTO ASIGNADO (PESOS)": 164668, "LATITUD": 21.410938, "LONGITUD": -98.971451 }, "geometry": { "type": "Point", "coordinates": [ -98.971451, 21.410938 ] } },
{ "type": "Feature", "properties": { "NO": 535, "ENTIDAD": "SAN LUIS POTOSI", "MUNICIPIO": "XILITLA", "PUEBLO INDIGENA O AFROMEXICANO": "NAHUA", "LOCALIDAD": "TRES POZOS (SAN ANTONIO XALCUAYO UNO)", "CLAVE LOC": 240540230, "TIPO DE ASENTAMIENTO": "COMUNIDAD INDIGENA", "NOMBRE": "SAN ANTONIO XALCUAYO 1", "MONTO ASIGNADO (PESOS)": 386730, "LATITUD": 21.377824, "LONGITUD": -99.007278 }, "geometry": { "type": "Point", "coordinates": [ -99.007278, 21.377824 ] } },
{ "type": "Feature", "properties": { "NO": 536, "ENTIDAD": "SAN LUIS POTOSI", "MUNICIPIO": "XILITLA", "PUEBLO INDIGENA O AFROMEXICANO": "NAHUA", "LOCALIDAD": "UXTUAPAN", "CLAVE LOC": 240540112, "TIPO DE ASENTAMIENTO": "COMUNIDAD INDIGENA", "NOMBRE": "EJIDO XILOSUCHICO", "MONTO ASIGNADO (PESOS)": 1099801, "LATITUD": 21.361837, "LONGITUD": -98.97629 }, "geometry": { "type": "Point", "coordinates": [ -98.97629, 21.361837 ] } },
{ "type": "Feature", "properties": { "NO": null, "ENTIDAD": null, "MUNICIPIO": null, "PUEBLO INDIGENA O AFROMEXICANO": null, "LOCALIDAD": null, "CLAVE LOC": null, "TIPO DE ASENTAMIENTO": null, "NOMBRE": null, "MONTO ASIGNADO (PESOS)": null, "LATITUD": null, "LONGITUD": null }, "geometry": null },
{ "type": "Feature", "properties": { "NO": null, "ENTIDAD": null, "MUNICIPIO": null, "PUEBLO INDIGENA O AFROMEXICANO": null, "LOCALIDAD": null, "CLAVE LOC": null, "TIPO DE ASENTAMIENTO": null, "NOMBRE": null, "MONTO ASIGNADO (PESOS)": null, "LATITUD": null, "LONGITUD": null }, "geometry": null },
{ "type": "Feature", "properties": { "NO": null, "ENTIDAD": null, "MUNICIPIO": null, "PUEBLO INDIGENA O AFROMEXICANO": null, "LOCALIDAD": null, "CLAVE LOC": null, "TIPO DE ASENTAMIENTO": null, "NOMBRE": null, "MONTO ASIGNADO (PESOS)": null, "LATITUD": null, "LONGITUD": null }, "geometry": null },
{ "type": "Feature", "properties": { "NO": null, "ENTIDAD": null, "MUNICIPIO": null, "PUEBLO INDIGENA O AFROMEXICANO": null, "LOCALIDAD": null, "CLAVE LOC": null, "TIPO DE ASENTAMIENTO": null, "NOMBRE": null, "MONTO ASIGNADO (PESOS)": null, "LATITUD": null, "LONGITUD": null }, "geometry": null },
{ "type": "Feature", "properties": { "NO": null, "ENTIDAD": null, "MUNICIPIO": null, "PUEBLO INDIGENA O AFROMEXICANO": null, "LOCALIDAD": null, "CLAVE LOC": null, "TIPO DE ASENTAMIENTO": null, "NOMBRE": null, "MONTO ASIGNADO (PESOS)": null, "LATITUD": null, "LONGITUD": null }, "geometry": null },
{ "type": "Feature", "properties": { "NO": null, "ENTIDAD": null, "MUNICIPIO": null, "PUEBLO INDIGENA O AFROMEXICANO": null, "LOCALIDAD": null, "CLAVE LOC": null, "TIPO DE ASENTAMIENTO": null, "NOMBRE": null, "MONTO ASIGNADO (PESOS)": null, "LATITUD": null, "LONGITUD": null }, "geometry": null },
{ "type": "Feature", "properties": { "NO": null, "ENTIDAD": null, "MUNICIPIO": null, "PUEBLO INDIGENA O AFROMEXICANO": null, "LOCALIDAD": null, "CLAVE LOC": null, "TIPO DE ASENTAMIENTO": null, "NOMBRE": null, "MONTO ASIGNADO (PESOS)": null, "LATITUD": null, "LONGITUD": null }, "geometry": null },
{ "type": "Feature", "properties": { "NO": null, "ENTIDAD": null, "MUNICIPIO": null, "PUEBLO INDIGENA O AFROMEXICANO": null, "LOCALIDAD": null, "CLAVE LOC": null, "TIPO DE ASENTAMIENTO": null, "NOMBRE": null, "MONTO ASIGNADO (PESOS)": null, "LATITUD": null, "LONGITUD": null }, "geometry": null },
{ "type": "Feature", "properties": { "NO": null, "ENTIDAD": null, "MUNICIPIO": null, "PUEBLO INDIGENA O AFROMEXICANO": null, "LOCALIDAD": null, "CLAVE LOC": null, "TIPO DE ASENTAMIENTO": null, "NOMBRE": null, "MONTO ASIGNADO (PESOS)": null, "LATITUD": null, "LONGITUD": null }, "geometry": null },
{ "type": "Feature", "properties": { "NO": null, "ENTIDAD": null, "MUNICIPIO": null, "PUEBLO INDIGENA O AFROMEXICANO": null, "LOCALIDAD": null, "CLAVE LOC": null, "TIPO DE ASENTAMIENTO": null, "NOMBRE": null, "MONTO ASIGNADO (PESOS)": null, "LATITUD": null, "LONGITUD": null }, "geometry": null },
{ "type": "Feature", "properties": { "NO": null, "ENTIDAD": null, "MUNICIPIO": null, "PUEBLO INDIGENA O AFROMEXICANO": null, "LOCALIDAD": null, "CLAVE LOC": null, "TIPO DE ASENTAMIENTO": null, "NOMBRE": null, "MONTO ASIGNADO (PESOS)": null, "LATITUD": null, "LONGITUD": null }, "geometry": null },
{ "type": "Feature", "properties": { "NO": null, "ENTIDAD": null, "MUNICIPIO": null, "PUEBLO INDIGENA O AFROMEXICANO": null, "LOCALIDAD": null, "CLAVE LOC": null, "TIPO DE ASENTAMIENTO": null, "NOMBRE": null, "MONTO ASIGNADO (PESOS)": null, "LATITUD": null, "LONGITUD": null }, "geometry": null },
{ "type": "Feature", "properties": { "NO": null, "ENTIDAD": null, "MUNICIPIO": null, "PUEBLO INDIGENA O AFROMEXICANO": null, "LOCALIDAD": null, "CLAVE LOC": null, "TIPO DE ASENTAMIENTO": null, "NOMBRE": null, "MONTO ASIGNADO (PESOS)": null, "LATITUD": null, "LONGITUD": null }, "geometry": null },
{ "type": "Feature", "properties": { "NO": null, "ENTIDAD": null, "MUNICIPIO": null, "PUEBLO INDIGENA O AFROMEXICANO": null, "LOCALIDAD": null, "CLAVE LOC": null, "TIPO DE ASENTAMIENTO": null, "NOMBRE": null, "MONTO ASIGNADO (PESOS)": null, "LATITUD": null, "LONGITUD": null }, "geometry": null },
{ "type": "Feature", "properties": { "NO": null, "ENTIDAD": null, "MUNICIPIO": null, "PUEBLO INDIGENA O AFROMEXICANO": null, "LOCALIDAD": null, "CLAVE LOC": null, "TIPO DE ASENTAMIENTO": null, "NOMBRE": null, "MONTO ASIGNADO (PESOS)": null, "LATITUD": null, "LONGITUD": null }, "geometry": null },
{ "type": "Feature", "properties": { "NO": null, "ENTIDAD": null, "MUNICIPIO": null, "PUEBLO INDIGENA O AFROMEXICANO": null, "LOCALIDAD": null, "CLAVE LOC": null, "TIPO DE ASENTAMIENTO": null, "NOMBRE": null, "MONTO ASIGNADO (PESOS)": null, "LATITUD": null, "LONGITUD": null }, "geometry": null },
{ "type": "Feature", "properties": { "NO": null, "ENTIDAD": null, "MUNICIPIO": null, "PUEBLO INDIGENA O AFROMEXICANO": null, "LOCALIDAD": null, "CLAVE LOC": null, "TIPO DE ASENTAMIENTO": null, "NOMBRE": null, "MONTO ASIGNADO (PESOS)": null, "LATITUD": null, "LONGITUD": null }, "geometry": null },
{ "type": "Feature", "properties": { "NO": null, "ENTIDAD": null, "MUNICIPIO": null, "PUEBLO INDIGENA O AFROMEXICANO": null, "LOCALIDAD": null, "CLAVE LOC": null, "TIPO DE ASENTAMIENTO": null, "NOMBRE": null, "MONTO ASIGNADO (PESOS)": null, "LATITUD": null, "LONGITUD": null }, "geometry": null },
{ "type": "Feature", "properties": { "NO": null, "ENTIDAD": null, "MUNICIPIO": null, "PUEBLO INDIGENA O AFROMEXICANO": null, "LOCALIDAD": null, "CLAVE LOC": null, "TIPO DE ASENTAMIENTO": null, "NOMBRE": null, "MONTO ASIGNADO (PESOS)": null, "LATITUD": null, "LONGITUD": null }, "geometry": null },
{ "type": "Feature", "properties": { "NO": null, "ENTIDAD": null, "MUNICIPIO": null, "PUEBLO INDIGENA O AFROMEXICANO": null, "LOCALIDAD": null, "CLAVE LOC": null, "TIPO DE ASENTAMIENTO": null, "NOMBRE": null, "MONTO ASIGNADO (PESOS)": null, "LATITUD": null, "LONGITUD": null }, "geometry": null },
{ "type": "Feature", "properties": { "NO": null, "ENTIDAD": null, "MUNICIPIO": null, "PUEBLO INDIGENA O AFROMEXICANO": null, "LOCALIDAD": null, "CLAVE LOC": null, "TIPO DE ASENTAMIENTO": null, "NOMBRE": null, "MONTO ASIGNADO (PESOS)": null, "LATITUD": null, "LONGITUD": null }, "geometry": null },
{ "type": "Feature", "properties": { "NO": null, "ENTIDAD": null, "MUNICIPIO": null, "PUEBLO INDIGENA O AFROMEXICANO": null, "LOCALIDAD": null, "CLAVE LOC": null, "TIPO DE ASENTAMIENTO": null, "NOMBRE": null, "MONTO ASIGNADO (PESOS)": null, "LATITUD": null, "LONGITUD": null }, "geometry": null },
{ "type": "Feature", "properties": { "NO": null, "ENTIDAD": null, "MUNICIPIO": null, "PUEBLO INDIGENA O AFROMEXICANO": null, "LOCALIDAD": null, "CLAVE LOC": null, "TIPO DE ASENTAMIENTO": null, "NOMBRE": null, "MONTO ASIGNADO (PESOS)": null, "LATITUD": null, "LONGITUD": null }, "geometry": null },
{ "type": "Feature", "properties": { "NO": null, "ENTIDAD": null, "MUNICIPIO": null, "PUEBLO INDIGENA O AFROMEXICANO": null, "LOCALIDAD": null, "CLAVE LOC": null, "TIPO DE ASENTAMIENTO": null, "NOMBRE": null, "MONTO ASIGNADO (PESOS)": null, "LATITUD": null, "LONGITUD": null }, "geometry": null },
{ "type": "Feature", "properties": { "NO": null, "ENTIDAD": null, "MUNICIPIO": null, "PUEBLO INDIGENA O AFROMEXICANO": null, "LOCALIDAD": null, "CLAVE LOC": null, "TIPO DE ASENTAMIENTO": null, "NOMBRE": null, "MONTO ASIGNADO (PESOS)": null, "LATITUD": null, "LONGITUD": null }, "geometry": null },
{ "type": "Feature", "properties": { "NO": null, "ENTIDAD": null, "MUNICIPIO": null, "PUEBLO INDIGENA O AFROMEXICANO": null, "LOCALIDAD": null, "CLAVE LOC": null, "TIPO DE ASENTAMIENTO": null, "NOMBRE": null, "MONTO ASIGNADO (PESOS)": null, "LATITUD": null, "LONGITUD": null }, "geometry": null },
{ "type": "Feature", "properties": { "NO": null, "ENTIDAD": null, "MUNICIPIO": null, "PUEBLO INDIGENA O AFROMEXICANO": null, "LOCALIDAD": null, "CLAVE LOC": null, "TIPO DE ASENTAMIENTO": null, "NOMBRE": null, "MONTO ASIGNADO (PESOS)": null, "LATITUD": null, "LONGITUD": null }, "geometry": null },
{ "type": "Feature", "properties": { "NO": null, "ENTIDAD": null, "MUNICIPIO": null, "PUEBLO INDIGENA O AFROMEXICANO": null, "LOCALIDAD": null, "CLAVE LOC": null, "TIPO DE ASENTAMIENTO": null, "NOMBRE": null, "MONTO ASIGNADO (PESOS)": null, "LATITUD": null, "LONGITUD": null }, "geometry": null },
{ "type": "Feature", "properties": { "NO": null, "ENTIDAD": null, "MUNICIPIO": null, "PUEBLO INDIGENA O AFROMEXICANO": null, "LOCALIDAD": null, "CLAVE LOC": null, "TIPO DE ASENTAMIENTO": null, "NOMBRE": null, "MONTO ASIGNADO (PESOS)": null, "LATITUD": null, "LONGITUD": null }, "geometry": null },
{ "type": "Feature", "properties": { "NO": null, "ENTIDAD": null, "MUNICIPIO": null, "PUEBLO INDIGENA O AFROMEXICANO": null, "LOCALIDAD": null, "CLAVE LOC": null, "TIPO DE ASENTAMIENTO": null, "NOMBRE": null, "MONTO ASIGNADO (PESOS)": null, "LATITUD": null, "LONGITUD": null }, "geometry": null },
{ "type": "Feature", "properties": { "NO": null, "ENTIDAD": null, "MUNICIPIO": null, "PUEBLO INDIGENA O AFROMEXICANO": null, "LOCALIDAD": null, "CLAVE LOC": null, "TIPO DE ASENTAMIENTO": null, "NOMBRE": null, "MONTO ASIGNADO (PESOS)": null, "LATITUD": null, "LONGITUD": null }, "geometry": null },
{ "type": "Feature", "properties": { "NO": null, "ENTIDAD": null, "MUNICIPIO": null, "PUEBLO INDIGENA O AFROMEXICANO": null, "LOCALIDAD": null, "CLAVE LOC": null, "TIPO DE ASENTAMIENTO": null, "NOMBRE": null, "MONTO ASIGNADO (PESOS)": null, "LATITUD": null, "LONGITUD": null }, "geometry": null },
{ "type": "Feature", "properties": { "NO": null, "ENTIDAD": null, "MUNICIPIO": null, "PUEBLO INDIGENA O AFROMEXICANO": null, "LOCALIDAD": null, "CLAVE LOC": null, "TIPO DE ASENTAMIENTO": null, "NOMBRE": null, "MONTO ASIGNADO (PESOS)": null, "LATITUD": null, "LONGITUD": null }, "geometry": null },
{ "type": "Feature", "properties": { "NO": null, "ENTIDAD": null, "MUNICIPIO": null, "PUEBLO INDIGENA O AFROMEXICANO": null, "LOCALIDAD": null, "CLAVE LOC": null, "TIPO DE ASENTAMIENTO": null, "NOMBRE": null, "MONTO ASIGNADO (PESOS)": null, "LATITUD": null, "LONGITUD": null }, "geometry": null },
{ "type": "Feature", "properties": { "NO": null, "ENTIDAD": null, "MUNICIPIO": null, "PUEBLO INDIGENA O AFROMEXICANO": null, "LOCALIDAD": null, "CLAVE LOC": null, "TIPO DE ASENTAMIENTO": null, "NOMBRE": null, "MONTO ASIGNADO (PESOS)": null, "LATITUD": null, "LONGITUD": null }, "geometry": null },
{ "type": "Feature", "properties": { "NO": null, "ENTIDAD": null, "MUNICIPIO": null, "PUEBLO INDIGENA O AFROMEXICANO": null, "LOCALIDAD": null, "CLAVE LOC": null, "TIPO DE ASENTAMIENTO": null, "NOMBRE": null, "MONTO ASIGNADO (PESOS)": null, "LATITUD": null, "LONGITUD": null }, "geometry": null },
{ "type": "Feature", "properties": { "NO": null, "ENTIDAD": null, "MUNICIPIO": null, "PUEBLO INDIGENA O AFROMEXICANO": null, "LOCALIDAD": null, "CLAVE LOC": null, "TIPO DE ASENTAMIENTO": null, "NOMBRE": null, "MONTO ASIGNADO (PESOS)": null, "LATITUD": null, "LONGITUD": null }, "geometry": null },
{ "type": "Feature", "properties": { "NO": null, "ENTIDAD": null, "MUNICIPIO": null, "PUEBLO INDIGENA O AFROMEXICANO": null, "LOCALIDAD": null, "CLAVE LOC": null, "TIPO DE ASENTAMIENTO": null, "NOMBRE": null, "MONTO ASIGNADO (PESOS)": null, "LATITUD": null, "LONGITUD": null }, "geometry": null },
{ "type": "Feature", "properties": { "NO": null, "ENTIDAD": null, "MUNICIPIO": null, "PUEBLO INDIGENA O AFROMEXICANO": null, "LOCALIDAD": null, "CLAVE LOC": null, "TIPO DE ASENTAMIENTO": null, "NOMBRE": null, "MONTO ASIGNADO (PESOS)": null, "LATITUD": null, "LONGITUD": null }, "geometry": null },
{ "type": "Feature", "properties": { "NO": null, "ENTIDAD": null, "MUNICIPIO": null, "PUEBLO INDIGENA O AFROMEXICANO": null, "LOCALIDAD": null, "CLAVE LOC": null, "TIPO DE ASENTAMIENTO": null, "NOMBRE": null, "MONTO ASIGNADO (PESOS)": null, "LATITUD": null, "LONGITUD": null }, "geometry": null },
{ "type": "Feature", "properties": { "NO": null, "ENTIDAD": null, "MUNICIPIO": null, "PUEBLO INDIGENA O AFROMEXICANO": null, "LOCALIDAD": null, "CLAVE LOC": null, "TIPO DE ASENTAMIENTO": null, "NOMBRE": null, "MONTO ASIGNADO (PESOS)": null, "LATITUD": null, "LONGITUD": null }, "geometry": null },
{ "type": "Feature", "properties": { "NO": null, "ENTIDAD": null, "MUNICIPIO": null, "PUEBLO INDIGENA O AFROMEXICANO": null, "LOCALIDAD": null, "CLAVE LOC": null, "TIPO DE ASENTAMIENTO": null, "NOMBRE": null, "MONTO ASIGNADO (PESOS)": null, "LATITUD": null, "LONGITUD": null }, "geometry": null },
{ "type": "Feature", "properties": { "NO": null, "ENTIDAD": null, "MUNICIPIO": null, "PUEBLO INDIGENA O AFROMEXICANO": null, "LOCALIDAD": null, "CLAVE LOC": null, "TIPO DE ASENTAMIENTO": null, "NOMBRE": null, "MONTO ASIGNADO (PESOS)": null, "LATITUD": null, "LONGITUD": null }, "geometry": null },
{ "type": "Feature", "properties": { "NO": null, "ENTIDAD": null, "MUNICIPIO": null, "PUEBLO INDIGENA O AFROMEXICANO": null, "LOCALIDAD": null, "CLAVE LOC": null, "TIPO DE ASENTAMIENTO": null, "NOMBRE": null, "MONTO ASIGNADO (PESOS)": null, "LATITUD": null, "LONGITUD": null }, "geometry": null },
{ "type": "Feature", "properties": { "NO": null, "ENTIDAD": null, "MUNICIPIO": null, "PUEBLO INDIGENA O AFROMEXICANO": null, "LOCALIDAD": null, "CLAVE LOC": null, "TIPO DE ASENTAMIENTO": null, "NOMBRE": null, "MONTO ASIGNADO (PESOS)": null, "LATITUD": null, "LONGITUD": null }, "geometry": null },
{ "type": "Feature", "properties": { "NO": null, "ENTIDAD": null, "MUNICIPIO": null, "PUEBLO INDIGENA O AFROMEXICANO": null, "LOCALIDAD": null, "CLAVE LOC": null, "TIPO DE ASENTAMIENTO": null, "NOMBRE": null, "MONTO ASIGNADO (PESOS)": null, "LATITUD": null, "LONGITUD": null }, "geometry": null },
{ "type": "Feature", "properties": { "NO": null, "ENTIDAD": null, "MUNICIPIO": null, "PUEBLO INDIGENA O AFROMEXICANO": null, "LOCALIDAD": null, "CLAVE LOC": null, "TIPO DE ASENTAMIENTO": null, "NOMBRE": null, "MONTO ASIGNADO (PESOS)": null, "LATITUD": null, "LONGITUD": null }, "geometry": null },
{ "type": "Feature", "properties": { "NO": null, "ENTIDAD": null, "MUNICIPIO": null, "PUEBLO INDIGENA O AFROMEXICANO": null, "LOCALIDAD": null, "CLAVE LOC": null, "TIPO DE ASENTAMIENTO": null, "NOMBRE": null, "MONTO ASIGNADO (PESOS)": null, "LATITUD": null, "LONGITUD": null }, "geometry": null },
{ "type": "Feature", "properties": { "NO": null, "ENTIDAD": null, "MUNICIPIO": null, "PUEBLO INDIGENA O AFROMEXICANO": null, "LOCALIDAD": null, "CLAVE LOC": null, "TIPO DE ASENTAMIENTO": null, "NOMBRE": null, "MONTO ASIGNADO (PESOS)": null, "LATITUD": null, "LONGITUD": null }, "geometry": null },
{ "type": "Feature", "properties": { "NO": null, "ENTIDAD": null, "MUNICIPIO": null, "PUEBLO INDIGENA O AFROMEXICANO": null, "LOCALIDAD": null, "CLAVE LOC": null, "TIPO DE ASENTAMIENTO": null, "NOMBRE": null, "MONTO ASIGNADO (PESOS)": null, "LATITUD": null, "LONGITUD": null }, "geometry": null },
{ "type": "Feature", "properties": { "NO": null, "ENTIDAD": null, "MUNICIPIO": null, "PUEBLO INDIGENA O AFROMEXICANO": null, "LOCALIDAD": null, "CLAVE LOC": null, "TIPO DE ASENTAMIENTO": null, "NOMBRE": null, "MONTO ASIGNADO (PESOS)": null, "LATITUD": null, "LONGITUD": null }, "geometry": null },
{ "type": "Feature", "properties": { "NO": null, "ENTIDAD": null, "MUNICIPIO": null, "PUEBLO INDIGENA O AFROMEXICANO": null, "LOCALIDAD": null, "CLAVE LOC": null, "TIPO DE ASENTAMIENTO": null, "NOMBRE": null, "MONTO ASIGNADO (PESOS)": null, "LATITUD": null, "LONGITUD": null }, "geometry": null },
{ "type": "Feature", "properties": { "NO": null, "ENTIDAD": null, "MUNICIPIO": null, "PUEBLO INDIGENA O AFROMEXICANO": null, "LOCALIDAD": null, "CLAVE LOC": null, "TIPO DE ASENTAMIENTO": null, "NOMBRE": null, "MONTO ASIGNADO (PESOS)": null, "LATITUD": null, "LONGITUD": null }, "geometry": null },
{ "type": "Feature", "properties": { "NO": null, "ENTIDAD": null, "MUNICIPIO": null, "PUEBLO INDIGENA O AFROMEXICANO": null, "LOCALIDAD": null, "CLAVE LOC": null, "TIPO DE ASENTAMIENTO": null, "NOMBRE": null, "MONTO ASIGNADO (PESOS)": null, "LATITUD": null, "LONGITUD": null }, "geometry": null },
{ "type": "Feature", "properties": { "NO": null, "ENTIDAD": null, "MUNICIPIO": null, "PUEBLO INDIGENA O AFROMEXICANO": null, "LOCALIDAD": null, "CLAVE LOC": null, "TIPO DE ASENTAMIENTO": null, "NOMBRE": null, "MONTO ASIGNADO (PESOS)": null, "LATITUD": null, "LONGITUD": null }, "geometry": null },
{ "type": "Feature", "properties": { "NO": null, "ENTIDAD": null, "MUNICIPIO": null, "PUEBLO INDIGENA O AFROMEXICANO": null, "LOCALIDAD": null, "CLAVE LOC": null, "TIPO DE ASENTAMIENTO": null, "NOMBRE": null, "MONTO ASIGNADO (PESOS)": null, "LATITUD": null, "LONGITUD": null }, "geometry": null },
{ "type": "Feature", "properties": { "NO": null, "ENTIDAD": null, "MUNICIPIO": null, "PUEBLO INDIGENA O AFROMEXICANO": null, "LOCALIDAD": null, "CLAVE LOC": null, "TIPO DE ASENTAMIENTO": null, "NOMBRE": null, "MONTO ASIGNADO (PESOS)": null, "LATITUD": null, "LONGITUD": null }, "geometry": null },
{ "type": "Feature", "properties": { "NO": null, "ENTIDAD": null, "MUNICIPIO": null, "PUEBLO INDIGENA O AFROMEXICANO": null, "LOCALIDAD": null, "CLAVE LOC": null, "TIPO DE ASENTAMIENTO": null, "NOMBRE": null, "MONTO ASIGNADO (PESOS)": null, "LATITUD": null, "LONGITUD": null }, "geometry": null },
{ "type": "Feature", "properties": { "NO": null, "ENTIDAD": null, "MUNICIPIO": null, "PUEBLO INDIGENA O AFROMEXICANO": null, "LOCALIDAD": null, "CLAVE LOC": null, "TIPO DE ASENTAMIENTO": null, "NOMBRE": null, "MONTO ASIGNADO (PESOS)": null, "LATITUD": null, "LONGITUD": null }, "geometry": null },
{ "type": "Feature", "properties": { "NO": null, "ENTIDAD": null, "MUNICIPIO": null, "PUEBLO INDIGENA O AFROMEXICANO": null, "LOCALIDAD": null, "CLAVE LOC": null, "TIPO DE ASENTAMIENTO": null, "NOMBRE": null, "MONTO ASIGNADO (PESOS)": null, "LATITUD": null, "LONGITUD": null }, "geometry": null },
{ "type": "Feature", "properties": { "NO": null, "ENTIDAD": null, "MUNICIPIO": null, "PUEBLO INDIGENA O AFROMEXICANO": null, "LOCALIDAD": null, "CLAVE LOC": null, "TIPO DE ASENTAMIENTO": null, "NOMBRE": null, "MONTO ASIGNADO (PESOS)": null, "LATITUD": null, "LONGITUD": null }, "geometry": null },
{ "type": "Feature", "properties": { "NO": null, "ENTIDAD": null, "MUNICIPIO": null, "PUEBLO INDIGENA O AFROMEXICANO": null, "LOCALIDAD": null, "CLAVE LOC": null, "TIPO DE ASENTAMIENTO": null, "NOMBRE": null, "MONTO ASIGNADO (PESOS)": null, "LATITUD": null, "LONGITUD": null }, "geometry": null },
{ "type": "Feature", "properties": { "NO": null, "ENTIDAD": null, "MUNICIPIO": null, "PUEBLO INDIGENA O AFROMEXICANO": null, "LOCALIDAD": null, "CLAVE LOC": null, "TIPO DE ASENTAMIENTO": null, "NOMBRE": null, "MONTO ASIGNADO (PESOS)": null, "LATITUD": null, "LONGITUD": null }, "geometry": null },
{ "type": "Feature", "properties": { "NO": null, "ENTIDAD": null, "MUNICIPIO": null, "PUEBLO INDIGENA O AFROMEXICANO": null, "LOCALIDAD": null, "CLAVE LOC": null, "TIPO DE ASENTAMIENTO": null, "NOMBRE": null, "MONTO ASIGNADO (PESOS)": null, "LATITUD": null, "LONGITUD": null }, "geometry": null },
{ "type": "Feature", "properties": { "NO": null, "ENTIDAD": null, "MUNICIPIO": null, "PUEBLO INDIGENA O AFROMEXICANO": null, "LOCALIDAD": null, "CLAVE LOC": null, "TIPO DE ASENTAMIENTO": null, "NOMBRE": null, "MONTO ASIGNADO (PESOS)": null, "LATITUD": null, "LONGITUD": null }, "geometry": null },
{ "type": "Feature", "properties": { "NO": null, "ENTIDAD": null, "MUNICIPIO": null, "PUEBLO INDIGENA O AFROMEXICANO": null, "LOCALIDAD": null, "CLAVE LOC": null, "TIPO DE ASENTAMIENTO": null, "NOMBRE": null, "MONTO ASIGNADO (PESOS)": null, "LATITUD": null, "LONGITUD": null }, "geometry": null },
{ "type": "Feature", "properties": { "NO": null, "ENTIDAD": null, "MUNICIPIO": null, "PUEBLO INDIGENA O AFROMEXICANO": null, "LOCALIDAD": null, "CLAVE LOC": null, "TIPO DE ASENTAMIENTO": null, "NOMBRE": null, "MONTO ASIGNADO (PESOS)": null, "LATITUD": null, "LONGITUD": null }, "geometry": null },
{ "type": "Feature", "properties": { "NO": null, "ENTIDAD": null, "MUNICIPIO": null, "PUEBLO INDIGENA O AFROMEXICANO": null, "LOCALIDAD": null, "CLAVE LOC": null, "TIPO DE ASENTAMIENTO": null, "NOMBRE": null, "MONTO ASIGNADO (PESOS)": null, "LATITUD": null, "LONGITUD": null }, "geometry": null },
{ "type": "Feature", "properties": { "NO": null, "ENTIDAD": null, "MUNICIPIO": null, "PUEBLO INDIGENA O AFROMEXICANO": null, "LOCALIDAD": null, "CLAVE LOC": null, "TIPO DE ASENTAMIENTO": null, "NOMBRE": null, "MONTO ASIGNADO (PESOS)": null, "LATITUD": null, "LONGITUD": null }, "geometry": null },
{ "type": "Feature", "properties": { "NO": null, "ENTIDAD": null, "MUNICIPIO": null, "PUEBLO INDIGENA O AFROMEXICANO": null, "LOCALIDAD": null, "CLAVE LOC": null, "TIPO DE ASENTAMIENTO": null, "NOMBRE": null, "MONTO ASIGNADO (PESOS)": null, "LATITUD": null, "LONGITUD": null }, "geometry": null },
{ "type": "Feature", "properties": { "NO": null, "ENTIDAD": null, "MUNICIPIO": null, "PUEBLO INDIGENA O AFROMEXICANO": null, "LOCALIDAD": null, "CLAVE LOC": null, "TIPO DE ASENTAMIENTO": null, "NOMBRE": null, "MONTO ASIGNADO (PESOS)": null, "LATITUD": null, "LONGITUD": null }, "geometry": null },
{ "type": "Feature", "properties": { "NO": null, "ENTIDAD": null, "MUNICIPIO": null, "PUEBLO INDIGENA O AFROMEXICANO": null, "LOCALIDAD": null, "CLAVE LOC": null, "TIPO DE ASENTAMIENTO": null, "NOMBRE": null, "MONTO ASIGNADO (PESOS)": null, "LATITUD": null, "LONGITUD": null }, "geometry": null },
{ "type": "Feature", "properties": { "NO": null, "ENTIDAD": null, "MUNICIPIO": null, "PUEBLO INDIGENA O AFROMEXICANO": null, "LOCALIDAD": null, "CLAVE LOC": null, "TIPO DE ASENTAMIENTO": null, "NOMBRE": null, "MONTO ASIGNADO (PESOS)": null, "LATITUD": null, "LONGITUD": null }, "geometry": null },
{ "type": "Feature", "properties": { "NO": null, "ENTIDAD": null, "MUNICIPIO": null, "PUEBLO INDIGENA O AFROMEXICANO": null, "LOCALIDAD": null, "CLAVE LOC": null, "TIPO DE ASENTAMIENTO": null, "NOMBRE": null, "MONTO ASIGNADO (PESOS)": null, "LATITUD": null, "LONGITUD": null }, "geometry": null },
{ "type": "Feature", "properties": { "NO": null, "ENTIDAD": null, "MUNICIPIO": null, "PUEBLO INDIGENA O AFROMEXICANO": null, "LOCALIDAD": null, "CLAVE LOC": null, "TIPO DE ASENTAMIENTO": null, "NOMBRE": null, "MONTO ASIGNADO (PESOS)": null, "LATITUD": null, "LONGITUD": null }, "geometry": null },
{ "type": "Feature", "properties": { "NO": null, "ENTIDAD": null, "MUNICIPIO": null, "PUEBLO INDIGENA O AFROMEXICANO": null, "LOCALIDAD": null, "CLAVE LOC": null, "TIPO DE ASENTAMIENTO": null, "NOMBRE": null, "MONTO ASIGNADO (PESOS)": null, "LATITUD": null, "LONGITUD": null }, "geometry": null },
{ "type": "Feature", "properties": { "NO": null, "ENTIDAD": null, "MUNICIPIO": null, "PUEBLO INDIGENA O AFROMEXICANO": null, "LOCALIDAD": null, "CLAVE LOC": null, "TIPO DE ASENTAMIENTO": null, "NOMBRE": null, "MONTO ASIGNADO (PESOS)": null, "LATITUD": null, "LONGITUD": null }, "geometry": null },
{ "type": "Feature", "properties": { "NO": null, "ENTIDAD": null, "MUNICIPIO": null, "PUEBLO INDIGENA O AFROMEXICANO": null, "LOCALIDAD": null, "CLAVE LOC": null, "TIPO DE ASENTAMIENTO": null, "NOMBRE": null, "MONTO ASIGNADO (PESOS)": null, "LATITUD": null, "LONGITUD": null }, "geometry": null },
{ "type": "Feature", "properties": { "NO": null, "ENTIDAD": null, "MUNICIPIO": null, "PUEBLO INDIGENA O AFROMEXICANO": null, "LOCALIDAD": null, "CLAVE LOC": null, "TIPO DE ASENTAMIENTO": null, "NOMBRE": null, "MONTO ASIGNADO (PESOS)": null, "LATITUD": null, "LONGITUD": null }, "geometry": null },
{ "type": "Feature", "properties": { "NO": null, "ENTIDAD": null, "MUNICIPIO": null, "PUEBLO INDIGENA O AFROMEXICANO": null, "LOCALIDAD": null, "CLAVE LOC": null, "TIPO DE ASENTAMIENTO": null, "NOMBRE": null, "MONTO ASIGNADO (PESOS)": null, "LATITUD": null, "LONGITUD": null }, "geometry": null },
{ "type": "Feature", "properties": { "NO": null, "ENTIDAD": null, "MUNICIPIO": null, "PUEBLO INDIGENA O AFROMEXICANO": null, "LOCALIDAD": null, "CLAVE LOC": null, "TIPO DE ASENTAMIENTO": null, "NOMBRE": null, "MONTO ASIGNADO (PESOS)": null, "LATITUD": null, "LONGITUD": null }, "geometry": null },
{ "type": "Feature", "properties": { "NO": null, "ENTIDAD": null, "MUNICIPIO": null, "PUEBLO INDIGENA O AFROMEXICANO": null, "LOCALIDAD": null, "CLAVE LOC": null, "TIPO DE ASENTAMIENTO": null, "NOMBRE": null, "MONTO ASIGNADO (PESOS)": null, "LATITUD": null, "LONGITUD": null }, "geometry": null },
{ "type": "Feature", "properties": { "NO": null, "ENTIDAD": null, "MUNICIPIO": null, "PUEBLO INDIGENA O AFROMEXICANO": null, "LOCALIDAD": null, "CLAVE LOC": null, "TIPO DE ASENTAMIENTO": null, "NOMBRE": null, "MONTO ASIGNADO (PESOS)": null, "LATITUD": null, "LONGITUD": null }, "geometry": null },
{ "type": "Feature", "properties": { "NO": null, "ENTIDAD": null, "MUNICIPIO": null, "PUEBLO INDIGENA O AFROMEXICANO": null, "LOCALIDAD": null, "CLAVE LOC": null, "TIPO DE ASENTAMIENTO": null, "NOMBRE": null, "MONTO ASIGNADO (PESOS)": null, "LATITUD": null, "LONGITUD": null }, "geometry": null },
{ "type": "Feature", "properties": { "NO": null, "ENTIDAD": null, "MUNICIPIO": null, "PUEBLO INDIGENA O AFROMEXICANO": null, "LOCALIDAD": null, "CLAVE LOC": null, "TIPO DE ASENTAMIENTO": null, "NOMBRE": null, "MONTO ASIGNADO (PESOS)": null, "LATITUD": null, "LONGITUD": null }, "geometry": null },
{ "type": "Feature", "properties": { "NO": null, "ENTIDAD": null, "MUNICIPIO": null, "PUEBLO INDIGENA O AFROMEXICANO": null, "LOCALIDAD": null, "CLAVE LOC": null, "TIPO DE ASENTAMIENTO": null, "NOMBRE": null, "MONTO ASIGNADO (PESOS)": null, "LATITUD": null, "LONGITUD": null }, "geometry": null },
{ "type": "Feature", "properties": { "NO": null, "ENTIDAD": null, "MUNICIPIO": null, "PUEBLO INDIGENA O AFROMEXICANO": null, "LOCALIDAD": null, "CLAVE LOC": null, "TIPO DE ASENTAMIENTO": null, "NOMBRE": null, "MONTO ASIGNADO (PESOS)": null, "LATITUD": null, "LONGITUD": null }, "geometry": null },
{ "type": "Feature", "properties": { "NO": null, "ENTIDAD": null, "MUNICIPIO": null, "PUEBLO INDIGENA O AFROMEXICANO": null, "LOCALIDAD": null, "CLAVE LOC": null, "TIPO DE ASENTAMIENTO": null, "NOMBRE": null, "MONTO ASIGNADO (PESOS)": null, "LATITUD": null, "LONGITUD": null }, "geometry": null },
{ "type": "Feature", "properties": { "NO": null, "ENTIDAD": null, "MUNICIPIO": null, "PUEBLO INDIGENA O AFROMEXICANO": null, "LOCALIDAD": null, "CLAVE LOC": null, "TIPO DE ASENTAMIENTO": null, "NOMBRE": null, "MONTO ASIGNADO (PESOS)": null, "LATITUD": null, "LONGITUD": null }, "geometry": null },
{ "type": "Feature", "properties": { "NO": null, "ENTIDAD": null, "MUNICIPIO": null, "PUEBLO INDIGENA O AFROMEXICANO": null, "LOCALIDAD": null, "CLAVE LOC": null, "TIPO DE ASENTAMIENTO": null, "NOMBRE": null, "MONTO ASIGNADO (PESOS)": null, "LATITUD": null, "LONGITUD": null }, "geometry": null },
{ "type": "Feature", "properties": { "NO": null, "ENTIDAD": null, "MUNICIPIO": null, "PUEBLO INDIGENA O AFROMEXICANO": null, "LOCALIDAD": null, "CLAVE LOC": null, "TIPO DE ASENTAMIENTO": null, "NOMBRE": null, "MONTO ASIGNADO (PESOS)": null, "LATITUD": null, "LONGITUD": null }, "geometry": null },
{ "type": "Feature", "properties": { "NO": null, "ENTIDAD": null, "MUNICIPIO": null, "PUEBLO INDIGENA O AFROMEXICANO": null, "LOCALIDAD": null, "CLAVE LOC": null, "TIPO DE ASENTAMIENTO": null, "NOMBRE": null, "MONTO ASIGNADO (PESOS)": null, "LATITUD": null, "LONGITUD": null }, "geometry": null },
{ "type": "Feature", "properties": { "NO": null, "ENTIDAD": null, "MUNICIPIO": null, "PUEBLO INDIGENA O AFROMEXICANO": null, "LOCALIDAD": null, "CLAVE LOC": null, "TIPO DE ASENTAMIENTO": null, "NOMBRE": null, "MONTO ASIGNADO (PESOS)": null, "LATITUD": null, "LONGITUD": null }, "geometry": null },
{ "type": "Feature", "properties": { "NO": null, "ENTIDAD": null, "MUNICIPIO": null, "PUEBLO INDIGENA O AFROMEXICANO": null, "LOCALIDAD": null, "CLAVE LOC": null, "TIPO DE ASENTAMIENTO": null, "NOMBRE": null, "MONTO ASIGNADO (PESOS)": null, "LATITUD": null, "LONGITUD": null }, "geometry": null },
{ "type": "Feature", "properties": { "NO": null, "ENTIDAD": null, "MUNICIPIO": null, "PUEBLO INDIGENA O AFROMEXICANO": null, "LOCALIDAD": null, "CLAVE LOC": null, "TIPO DE ASENTAMIENTO": null, "NOMBRE": null, "MONTO ASIGNADO (PESOS)": null, "LATITUD": null, "LONGITUD": null }, "geometry": null },
{ "type": "Feature", "properties": { "NO": null, "ENTIDAD": null, "MUNICIPIO": null, "PUEBLO INDIGENA O AFROMEXICANO": null, "LOCALIDAD": null, "CLAVE LOC": null, "TIPO DE ASENTAMIENTO": null, "NOMBRE": null, "MONTO ASIGNADO (PESOS)": null, "LATITUD": null, "LONGITUD": null }, "geometry": null },
{ "type": "Feature", "properties": { "NO": null, "ENTIDAD": null, "MUNICIPIO": null, "PUEBLO INDIGENA O AFROMEXICANO": null, "LOCALIDAD": null, "CLAVE LOC": null, "TIPO DE ASENTAMIENTO": null, "NOMBRE": null, "MONTO ASIGNADO (PESOS)": null, "LATITUD": null, "LONGITUD": null }, "geometry": null },
{ "type": "Feature", "properties": { "NO": null, "ENTIDAD": null, "MUNICIPIO": null, "PUEBLO INDIGENA O AFROMEXICANO": null, "LOCALIDAD": null, "CLAVE LOC": null, "TIPO DE ASENTAMIENTO": null, "NOMBRE": null, "MONTO ASIGNADO (PESOS)": null, "LATITUD": null, "LONGITUD": null }, "geometry": null },
{ "type": "Feature", "properties": { "NO": null, "ENTIDAD": null, "MUNICIPIO": null, "PUEBLO INDIGENA O AFROMEXICANO": null, "LOCALIDAD": null, "CLAVE LOC": null, "TIPO DE ASENTAMIENTO": null, "NOMBRE": null, "MONTO ASIGNADO (PESOS)": null, "LATITUD": null, "LONGITUD": null }, "geometry": null },
{ "type": "Feature", "properties": { "NO": null, "ENTIDAD": null, "MUNICIPIO": null, "PUEBLO INDIGENA O AFROMEXICANO": null, "LOCALIDAD": null, "CLAVE LOC": null, "TIPO DE ASENTAMIENTO": null, "NOMBRE": null, "MONTO ASIGNADO (PESOS)": null, "LATITUD": null, "LONGITUD": null }, "geometry": null },
{ "type": "Feature", "properties": { "NO": null, "ENTIDAD": null, "MUNICIPIO": null, "PUEBLO INDIGENA O AFROMEXICANO": null, "LOCALIDAD": null, "CLAVE LOC": null, "TIPO DE ASENTAMIENTO": null, "NOMBRE": null, "MONTO ASIGNADO (PESOS)": null, "LATITUD": null, "LONGITUD": null }, "geometry": null },
{ "type": "Feature", "properties": { "NO": null, "ENTIDAD": null, "MUNICIPIO": null, "PUEBLO INDIGENA O AFROMEXICANO": null, "LOCALIDAD": null, "CLAVE LOC": null, "TIPO DE ASENTAMIENTO": null, "NOMBRE": null, "MONTO ASIGNADO (PESOS)": null, "LATITUD": null, "LONGITUD": null }, "geometry": null },
{ "type": "Feature", "properties": { "NO": null, "ENTIDAD": null, "MUNICIPIO": null, "PUEBLO INDIGENA O AFROMEXICANO": null, "LOCALIDAD": null, "CLAVE LOC": null, "TIPO DE ASENTAMIENTO": null, "NOMBRE": null, "MONTO ASIGNADO (PESOS)": null, "LATITUD": null, "LONGITUD": null }, "geometry": null },
{ "type": "Feature", "properties": { "NO": null, "ENTIDAD": null, "MUNICIPIO": null, "PUEBLO INDIGENA O AFROMEXICANO": null, "LOCALIDAD": null, "CLAVE LOC": null, "TIPO DE ASENTAMIENTO": null, "NOMBRE": null, "MONTO ASIGNADO (PESOS)": null, "LATITUD": null, "LONGITUD": null }, "geometry": null },
{ "type": "Feature", "properties": { "NO": null, "ENTIDAD": null, "MUNICIPIO": null, "PUEBLO INDIGENA O AFROMEXICANO": null, "LOCALIDAD": null, "CLAVE LOC": null, "TIPO DE ASENTAMIENTO": null, "NOMBRE": null, "MONTO ASIGNADO (PESOS)": null, "LATITUD": null, "LONGITUD": null }, "geometry": null },
{ "type": "Feature", "properties": { "NO": null, "ENTIDAD": null, "MUNICIPIO": null, "PUEBLO INDIGENA O AFROMEXICANO": null, "LOCALIDAD": null, "CLAVE LOC": null, "TIPO DE ASENTAMIENTO": null, "NOMBRE": null, "MONTO ASIGNADO (PESOS)": null, "LATITUD": null, "LONGITUD": null }, "geometry": null },
{ "type": "Feature", "properties": { "NO": null, "ENTIDAD": null, "MUNICIPIO": null, "PUEBLO INDIGENA O AFROMEXICANO": null, "LOCALIDAD": null, "CLAVE LOC": null, "TIPO DE ASENTAMIENTO": null, "NOMBRE": null, "MONTO ASIGNADO (PESOS)": null, "LATITUD": null, "LONGITUD": null }, "geometry": null },
{ "type": "Feature", "properties": { "NO": null, "ENTIDAD": null, "MUNICIPIO": null, "PUEBLO INDIGENA O AFROMEXICANO": null, "LOCALIDAD": null, "CLAVE LOC": null, "TIPO DE ASENTAMIENTO": null, "NOMBRE": null, "MONTO ASIGNADO (PESOS)": null, "LATITUD": null, "LONGITUD": null }, "geometry": null },
{ "type": "Feature", "properties": { "NO": null, "ENTIDAD": null, "MUNICIPIO": null, "PUEBLO INDIGENA O AFROMEXICANO": null, "LOCALIDAD": null, "CLAVE LOC": null, "TIPO DE ASENTAMIENTO": null, "NOMBRE": null, "MONTO ASIGNADO (PESOS)": null, "LATITUD": null, "LONGITUD": null }, "geometry": null },
{ "type": "Feature", "properties": { "NO": null, "ENTIDAD": null, "MUNICIPIO": null, "PUEBLO INDIGENA O AFROMEXICANO": null, "LOCALIDAD": null, "CLAVE LOC": null, "TIPO DE ASENTAMIENTO": null, "NOMBRE": null, "MONTO ASIGNADO (PESOS)": null, "LATITUD": null, "LONGITUD": null }, "geometry": null },
{ "type": "Feature", "properties": { "NO": null, "ENTIDAD": null, "MUNICIPIO": null, "PUEBLO INDIGENA O AFROMEXICANO": null, "LOCALIDAD": null, "CLAVE LOC": null, "TIPO DE ASENTAMIENTO": null, "NOMBRE": null, "MONTO ASIGNADO (PESOS)": null, "LATITUD": null, "LONGITUD": null }, "geometry": null },
{ "type": "Feature", "properties": { "NO": null, "ENTIDAD": null, "MUNICIPIO": null, "PUEBLO INDIGENA O AFROMEXICANO": null, "LOCALIDAD": null, "CLAVE LOC": null, "TIPO DE ASENTAMIENTO": null, "NOMBRE": null, "MONTO ASIGNADO (PESOS)": null, "LATITUD": null, "LONGITUD": null }, "geometry": null },
{ "type": "Feature", "properties": { "NO": null, "ENTIDAD": null, "MUNICIPIO": null, "PUEBLO INDIGENA O AFROMEXICANO": null, "LOCALIDAD": null, "CLAVE LOC": null, "TIPO DE ASENTAMIENTO": null, "NOMBRE": null, "MONTO ASIGNADO (PESOS)": null, "LATITUD": null, "LONGITUD": null }, "geometry": null },
{ "type": "Feature", "properties": { "NO": null, "ENTIDAD": null, "MUNICIPIO": null, "PUEBLO INDIGENA O AFROMEXICANO": null, "LOCALIDAD": null, "CLAVE LOC": null, "TIPO DE ASENTAMIENTO": null, "NOMBRE": null, "MONTO ASIGNADO (PESOS)": null, "LATITUD": null, "LONGITUD": null }, "geometry": null },
{ "type": "Feature", "properties": { "NO": null, "ENTIDAD": null, "MUNICIPIO": null, "PUEBLO INDIGENA O AFROMEXICANO": null, "LOCALIDAD": null, "CLAVE LOC": null, "TIPO DE ASENTAMIENTO": null, "NOMBRE": null, "MONTO ASIGNADO (PESOS)": null, "LATITUD": null, "LONGITUD": null }, "geometry": null },
{ "type": "Feature", "properties": { "NO": null, "ENTIDAD": null, "MUNICIPIO": null, "PUEBLO INDIGENA O AFROMEXICANO": null, "LOCALIDAD": null, "CLAVE LOC": null, "TIPO DE ASENTAMIENTO": null, "NOMBRE": null, "MONTO ASIGNADO (PESOS)": null, "LATITUD": null, "LONGITUD": null }, "geometry": null },
{ "type": "Feature", "properties": { "NO": null, "ENTIDAD": null, "MUNICIPIO": null, "PUEBLO INDIGENA O AFROMEXICANO": null, "LOCALIDAD": null, "CLAVE LOC": null, "TIPO DE ASENTAMIENTO": null, "NOMBRE": null, "MONTO ASIGNADO (PESOS)": null, "LATITUD": null, "LONGITUD": null }, "geometry": null },
{ "type": "Feature", "properties": { "NO": null, "ENTIDAD": null, "MUNICIPIO": null, "PUEBLO INDIGENA O AFROMEXICANO": null, "LOCALIDAD": null, "CLAVE LOC": null, "TIPO DE ASENTAMIENTO": null, "NOMBRE": null, "MONTO ASIGNADO (PESOS)": null, "LATITUD": null, "LONGITUD": null }, "geometry": null },
{ "type": "Feature", "properties": { "NO": null, "ENTIDAD": null, "MUNICIPIO": null, "PUEBLO INDIGENA O AFROMEXICANO": null, "LOCALIDAD": null, "CLAVE LOC": null, "TIPO DE ASENTAMIENTO": null, "NOMBRE": null, "MONTO ASIGNADO (PESOS)": null, "LATITUD": null, "LONGITUD": null }, "geometry": null },
{ "type": "Feature", "properties": { "NO": null, "ENTIDAD": null, "MUNICIPIO": null, "PUEBLO INDIGENA O AFROMEXICANO": null, "LOCALIDAD": null, "CLAVE LOC": null, "TIPO DE ASENTAMIENTO": null, "NOMBRE": null, "MONTO ASIGNADO (PESOS)": null, "LATITUD": null, "LONGITUD": null }, "geometry": null },
{ "type": "Feature", "properties": { "NO": null, "ENTIDAD": null, "MUNICIPIO": null, "PUEBLO INDIGENA O AFROMEXICANO": null, "LOCALIDAD": null, "CLAVE LOC": null, "TIPO DE ASENTAMIENTO": null, "NOMBRE": null, "MONTO ASIGNADO (PESOS)": null, "LATITUD": null, "LONGITUD": null }, "geometry": null },
{ "type": "Feature", "properties": { "NO": null, "ENTIDAD": null, "MUNICIPIO": null, "PUEBLO INDIGENA O AFROMEXICANO": null, "LOCALIDAD": null, "CLAVE LOC": null, "TIPO DE ASENTAMIENTO": null, "NOMBRE": null, "MONTO ASIGNADO (PESOS)": null, "LATITUD": null, "LONGITUD": null }, "geometry": null },
{ "type": "Feature", "properties": { "NO": null, "ENTIDAD": null, "MUNICIPIO": null, "PUEBLO INDIGENA O AFROMEXICANO": null, "LOCALIDAD": null, "CLAVE LOC": null, "TIPO DE ASENTAMIENTO": null, "NOMBRE": null, "MONTO ASIGNADO (PESOS)": null, "LATITUD": null, "LONGITUD": null }, "geometry": null },
{ "type": "Feature", "properties": { "NO": null, "ENTIDAD": null, "MUNICIPIO": null, "PUEBLO INDIGENA O AFROMEXICANO": null, "LOCALIDAD": null, "CLAVE LOC": null, "TIPO DE ASENTAMIENTO": null, "NOMBRE": null, "MONTO ASIGNADO (PESOS)": null, "LATITUD": null, "LONGITUD": null }, "geometry": null },
{ "type": "Feature", "properties": { "NO": null, "ENTIDAD": null, "MUNICIPIO": null, "PUEBLO INDIGENA O AFROMEXICANO": null, "LOCALIDAD": null, "CLAVE LOC": null, "TIPO DE ASENTAMIENTO": null, "NOMBRE": null, "MONTO ASIGNADO (PESOS)": null, "LATITUD": null, "LONGITUD": null }, "geometry": null },
{ "type": "Feature", "properties": { "NO": null, "ENTIDAD": null, "MUNICIPIO": null, "PUEBLO INDIGENA O AFROMEXICANO": null, "LOCALIDAD": null, "CLAVE LOC": null, "TIPO DE ASENTAMIENTO": null, "NOMBRE": null, "MONTO ASIGNADO (PESOS)": null, "LATITUD": null, "LONGITUD": null }, "geometry": null },
{ "type": "Feature", "properties": { "NO": null, "ENTIDAD": null, "MUNICIPIO": null, "PUEBLO INDIGENA O AFROMEXICANO": null, "LOCALIDAD": null, "CLAVE LOC": null, "TIPO DE ASENTAMIENTO": null, "NOMBRE": null, "MONTO ASIGNADO (PESOS)": null, "LATITUD": null, "LONGITUD": null }, "geometry": null },
{ "type": "Feature", "properties": { "NO": null, "ENTIDAD": null, "MUNICIPIO": null, "PUEBLO INDIGENA O AFROMEXICANO": null, "LOCALIDAD": null, "CLAVE LOC": null, "TIPO DE ASENTAMIENTO": null, "NOMBRE": null, "MONTO ASIGNADO (PESOS)": null, "LATITUD": null, "LONGITUD": null }, "geometry": null },
{ "type": "Feature", "properties": { "NO": null, "ENTIDAD": null, "MUNICIPIO": null, "PUEBLO INDIGENA O AFROMEXICANO": null, "LOCALIDAD": null, "CLAVE LOC": null, "TIPO DE ASENTAMIENTO": null, "NOMBRE": null, "MONTO ASIGNADO (PESOS)": null, "LATITUD": null, "LONGITUD": null }, "geometry": null },
{ "type": "Feature", "properties": { "NO": null, "ENTIDAD": null, "MUNICIPIO": null, "PUEBLO INDIGENA O AFROMEXICANO": null, "LOCALIDAD": null, "CLAVE LOC": null, "TIPO DE ASENTAMIENTO": null, "NOMBRE": null, "MONTO ASIGNADO (PESOS)": null, "LATITUD": null, "LONGITUD": null }, "geometry": null },
{ "type": "Feature", "properties": { "NO": null, "ENTIDAD": null, "MUNICIPIO": null, "PUEBLO INDIGENA O AFROMEXICANO": null, "LOCALIDAD": null, "CLAVE LOC": null, "TIPO DE ASENTAMIENTO": null, "NOMBRE": null, "MONTO ASIGNADO (PESOS)": null, "LATITUD": null, "LONGITUD": null }, "geometry": null },
{ "type": "Feature", "properties": { "NO": null, "ENTIDAD": null, "MUNICIPIO": null, "PUEBLO INDIGENA O AFROMEXICANO": null, "LOCALIDAD": null, "CLAVE LOC": null, "TIPO DE ASENTAMIENTO": null, "NOMBRE": null, "MONTO ASIGNADO (PESOS)": null, "LATITUD": null, "LONGITUD": null }, "geometry": null },
{ "type": "Feature", "properties": { "NO": null, "ENTIDAD": null, "MUNICIPIO": null, "PUEBLO INDIGENA O AFROMEXICANO": null, "LOCALIDAD": null, "CLAVE LOC": null, "TIPO DE ASENTAMIENTO": null, "NOMBRE": null, "MONTO ASIGNADO (PESOS)": null, "LATITUD": null, "LONGITUD": null }, "geometry": null },
{ "type": "Feature", "properties": { "NO": null, "ENTIDAD": null, "MUNICIPIO": null, "PUEBLO INDIGENA O AFROMEXICANO": null, "LOCALIDAD": null, "CLAVE LOC": null, "TIPO DE ASENTAMIENTO": null, "NOMBRE": null, "MONTO ASIGNADO (PESOS)": null, "LATITUD": null, "LONGITUD": null }, "geometry": null },
{ "type": "Feature", "properties": { "NO": null, "ENTIDAD": null, "MUNICIPIO": null, "PUEBLO INDIGENA O AFROMEXICANO": null, "LOCALIDAD": null, "CLAVE LOC": null, "TIPO DE ASENTAMIENTO": null, "NOMBRE": null, "MONTO ASIGNADO (PESOS)": null, "LATITUD": null, "LONGITUD": null }, "geometry": null },
{ "type": "Feature", "properties": { "NO": null, "ENTIDAD": null, "MUNICIPIO": null, "PUEBLO INDIGENA O AFROMEXICANO": null, "LOCALIDAD": null, "CLAVE LOC": null, "TIPO DE ASENTAMIENTO": null, "NOMBRE": null, "MONTO ASIGNADO (PESOS)": null, "LATITUD": null, "LONGITUD": null }, "geometry": null },
{ "type": "Feature", "properties": { "NO": null, "ENTIDAD": null, "MUNICIPIO": null, "PUEBLO INDIGENA O AFROMEXICANO": null, "LOCALIDAD": null, "CLAVE LOC": null, "TIPO DE ASENTAMIENTO": null, "NOMBRE": null, "MONTO ASIGNADO (PESOS)": null, "LATITUD": null, "LONGITUD": null }, "geometry": null },
{ "type": "Feature", "properties": { "NO": null, "ENTIDAD": null, "MUNICIPIO": null, "PUEBLO INDIGENA O AFROMEXICANO": null, "LOCALIDAD": null, "CLAVE LOC": null, "TIPO DE ASENTAMIENTO": null, "NOMBRE": null, "MONTO ASIGNADO (PESOS)": null, "LATITUD": null, "LONGITUD": null }, "geometry": null },
{ "type": "Feature", "properties": { "NO": null, "ENTIDAD": null, "MUNICIPIO": null, "PUEBLO INDIGENA O AFROMEXICANO": null, "LOCALIDAD": null, "CLAVE LOC": null, "TIPO DE ASENTAMIENTO": null, "NOMBRE": null, "MONTO ASIGNADO (PESOS)": null, "LATITUD": null, "LONGITUD": null }, "geometry": null },
{ "type": "Feature", "properties": { "NO": null, "ENTIDAD": null, "MUNICIPIO": null, "PUEBLO INDIGENA O AFROMEXICANO": null, "LOCALIDAD": null, "CLAVE LOC": null, "TIPO DE ASENTAMIENTO": null, "NOMBRE": null, "MONTO ASIGNADO (PESOS)": null, "LATITUD": null, "LONGITUD": null }, "geometry": null },
{ "type": "Feature", "properties": { "NO": null, "ENTIDAD": null, "MUNICIPIO": null, "PUEBLO INDIGENA O AFROMEXICANO": null, "LOCALIDAD": null, "CLAVE LOC": null, "TIPO DE ASENTAMIENTO": null, "NOMBRE": null, "MONTO ASIGNADO (PESOS)": null, "LATITUD": null, "LONGITUD": null }, "geometry": null },
{ "type": "Feature", "properties": { "NO": null, "ENTIDAD": null, "MUNICIPIO": null, "PUEBLO INDIGENA O AFROMEXICANO": null, "LOCALIDAD": null, "CLAVE LOC": null, "TIPO DE ASENTAMIENTO": null, "NOMBRE": null, "MONTO ASIGNADO (PESOS)": null, "LATITUD": null, "LONGITUD": null }, "geometry": null },
{ "type": "Feature", "properties": { "NO": null, "ENTIDAD": null, "MUNICIPIO": null, "PUEBLO INDIGENA O AFROMEXICANO": null, "LOCALIDAD": null, "CLAVE LOC": null, "TIPO DE ASENTAMIENTO": null, "NOMBRE": null, "MONTO ASIGNADO (PESOS)": null, "LATITUD": null, "LONGITUD": null }, "geometry": null },
{ "type": "Feature", "properties": { "NO": null, "ENTIDAD": null, "MUNICIPIO": null, "PUEBLO INDIGENA O AFROMEXICANO": null, "LOCALIDAD": null, "CLAVE LOC": null, "TIPO DE ASENTAMIENTO": null, "NOMBRE": null, "MONTO ASIGNADO (PESOS)": null, "LATITUD": null, "LONGITUD": null }, "geometry": null },
{ "type": "Feature", "properties": { "NO": null, "ENTIDAD": null, "MUNICIPIO": null, "PUEBLO INDIGENA O AFROMEXICANO": null, "LOCALIDAD": null, "CLAVE LOC": null, "TIPO DE ASENTAMIENTO": null, "NOMBRE": null, "MONTO ASIGNADO (PESOS)": null, "LATITUD": null, "LONGITUD": null }, "geometry": null },
{ "type": "Feature", "properties": { "NO": null, "ENTIDAD": null, "MUNICIPIO": null, "PUEBLO INDIGENA O AFROMEXICANO": null, "LOCALIDAD": null, "CLAVE LOC": null, "TIPO DE ASENTAMIENTO": null, "NOMBRE": null, "MONTO ASIGNADO (PESOS)": null, "LATITUD": null, "LONGITUD": null }, "geometry": null },
{ "type": "Feature", "properties": { "NO": null, "ENTIDAD": null, "MUNICIPIO": null, "PUEBLO INDIGENA O AFROMEXICANO": null, "LOCALIDAD": null, "CLAVE LOC": null, "TIPO DE ASENTAMIENTO": null, "NOMBRE": null, "MONTO ASIGNADO (PESOS)": null, "LATITUD": null, "LONGITUD": null }, "geometry": null },
{ "type": "Feature", "properties": { "NO": null, "ENTIDAD": null, "MUNICIPIO": null, "PUEBLO INDIGENA O AFROMEXICANO": null, "LOCALIDAD": null, "CLAVE LOC": null, "TIPO DE ASENTAMIENTO": null, "NOMBRE": null, "MONTO ASIGNADO (PESOS)": null, "LATITUD": null, "LONGITUD": null }, "geometry": null },
{ "type": "Feature", "properties": { "NO": null, "ENTIDAD": null, "MUNICIPIO": null, "PUEBLO INDIGENA O AFROMEXICANO": null, "LOCALIDAD": null, "CLAVE LOC": null, "TIPO DE ASENTAMIENTO": null, "NOMBRE": null, "MONTO ASIGNADO (PESOS)": null, "LATITUD": null, "LONGITUD": null }, "geometry": null },
{ "type": "Feature", "properties": { "NO": null, "ENTIDAD": null, "MUNICIPIO": null, "PUEBLO INDIGENA O AFROMEXICANO": null, "LOCALIDAD": null, "CLAVE LOC": null, "TIPO DE ASENTAMIENTO": null, "NOMBRE": null, "MONTO ASIGNADO (PESOS)": null, "LATITUD": null, "LONGITUD": null }, "geometry": null },
{ "type": "Feature", "properties": { "NO": null, "ENTIDAD": null, "MUNICIPIO": null, "PUEBLO INDIGENA O AFROMEXICANO": null, "LOCALIDAD": null, "CLAVE LOC": null, "TIPO DE ASENTAMIENTO": null, "NOMBRE": null, "MONTO ASIGNADO (PESOS)": null, "LATITUD": null, "LONGITUD": null }, "geometry": null },
{ "type": "Feature", "properties": { "NO": null, "ENTIDAD": null, "MUNICIPIO": null, "PUEBLO INDIGENA O AFROMEXICANO": null, "LOCALIDAD": null, "CLAVE LOC": null, "TIPO DE ASENTAMIENTO": null, "NOMBRE": null, "MONTO ASIGNADO (PESOS)": null, "LATITUD": null, "LONGITUD": null }, "geometry": null },
{ "type": "Feature", "properties": { "NO": null, "ENTIDAD": null, "MUNICIPIO": null, "PUEBLO INDIGENA O AFROMEXICANO": null, "LOCALIDAD": null, "CLAVE LOC": null, "TIPO DE ASENTAMIENTO": null, "NOMBRE": null, "MONTO ASIGNADO (PESOS)": null, "LATITUD": null, "LONGITUD": null }, "geometry": null },
{ "type": "Feature", "properties": { "NO": null, "ENTIDAD": null, "MUNICIPIO": null, "PUEBLO INDIGENA O AFROMEXICANO": null, "LOCALIDAD": null, "CLAVE LOC": null, "TIPO DE ASENTAMIENTO": null, "NOMBRE": null, "MONTO ASIGNADO (PESOS)": null, "LATITUD": null, "LONGITUD": null }, "geometry": null },
{ "type": "Feature", "properties": { "NO": null, "ENTIDAD": null, "MUNICIPIO": null, "PUEBLO INDIGENA O AFROMEXICANO": null, "LOCALIDAD": null, "CLAVE LOC": null, "TIPO DE ASENTAMIENTO": null, "NOMBRE": null, "MONTO ASIGNADO (PESOS)": null, "LATITUD": null, "LONGITUD": null }, "geometry": null },
{ "type": "Feature", "properties": { "NO": null, "ENTIDAD": null, "MUNICIPIO": null, "PUEBLO INDIGENA O AFROMEXICANO": null, "LOCALIDAD": null, "CLAVE LOC": null, "TIPO DE ASENTAMIENTO": null, "NOMBRE": null, "MONTO ASIGNADO (PESOS)": null, "LATITUD": null, "LONGITUD": null }, "geometry": null },
{ "type": "Feature", "properties": { "NO": null, "ENTIDAD": null, "MUNICIPIO": null, "PUEBLO INDIGENA O AFROMEXICANO": null, "LOCALIDAD": null, "CLAVE LOC": null, "TIPO DE ASENTAMIENTO": null, "NOMBRE": null, "MONTO ASIGNADO (PESOS)": null, "LATITUD": null, "LONGITUD": null }, "geometry": null },
{ "type": "Feature", "properties": { "NO": null, "ENTIDAD": null, "MUNICIPIO": null, "PUEBLO INDIGENA O AFROMEXICANO": null, "LOCALIDAD": null, "CLAVE LOC": null, "TIPO DE ASENTAMIENTO": null, "NOMBRE": null, "MONTO ASIGNADO (PESOS)": null, "LATITUD": null, "LONGITUD": null }, "geometry": null },
{ "type": "Feature", "properties": { "NO": null, "ENTIDAD": null, "MUNICIPIO": null, "PUEBLO INDIGENA O AFROMEXICANO": null, "LOCALIDAD": null, "CLAVE LOC": null, "TIPO DE ASENTAMIENTO": null, "NOMBRE": null, "MONTO ASIGNADO (PESOS)": null, "LATITUD": null, "LONGITUD": null }, "geometry": null },
{ "type": "Feature", "properties": { "NO": null, "ENTIDAD": null, "MUNICIPIO": null, "PUEBLO INDIGENA O AFROMEXICANO": null, "LOCALIDAD": null, "CLAVE LOC": null, "TIPO DE ASENTAMIENTO": null, "NOMBRE": null, "MONTO ASIGNADO (PESOS)": null, "LATITUD": null, "LONGITUD": null }, "geometry": null },
{ "type": "Feature", "properties": { "NO": null, "ENTIDAD": null, "MUNICIPIO": null, "PUEBLO INDIGENA O AFROMEXICANO": null, "LOCALIDAD": null, "CLAVE LOC": null, "TIPO DE ASENTAMIENTO": null, "NOMBRE": null, "MONTO ASIGNADO (PESOS)": null, "LATITUD": null, "LONGITUD": null }, "geometry": null },
{ "type": "Feature", "properties": { "NO": null, "ENTIDAD": null, "MUNICIPIO": null, "PUEBLO INDIGENA O AFROMEXICANO": null, "LOCALIDAD": null, "CLAVE LOC": null, "TIPO DE ASENTAMIENTO": null, "NOMBRE": null, "MONTO ASIGNADO (PESOS)": null, "LATITUD": null, "LONGITUD": null }, "geometry": null },
{ "type": "Feature", "properties": { "NO": null, "ENTIDAD": null, "MUNICIPIO": null, "PUEBLO INDIGENA O AFROMEXICANO": null, "LOCALIDAD": null, "CLAVE LOC": null, "TIPO DE ASENTAMIENTO": null, "NOMBRE": null, "MONTO ASIGNADO (PESOS)": null, "LATITUD": null, "LONGITUD": null }, "geometry": null },
{ "type": "Feature", "properties": { "NO": null, "ENTIDAD": null, "MUNICIPIO": null, "PUEBLO INDIGENA O AFROMEXICANO": null, "LOCALIDAD": null, "CLAVE LOC": null, "TIPO DE ASENTAMIENTO": null, "NOMBRE": null, "MONTO ASIGNADO (PESOS)": null, "LATITUD": null, "LONGITUD": null }, "geometry": null },
{ "type": "Feature", "properties": { "NO": null, "ENTIDAD": null, "MUNICIPIO": null, "PUEBLO INDIGENA O AFROMEXICANO": null, "LOCALIDAD": null, "CLAVE LOC": null, "TIPO DE ASENTAMIENTO": null, "NOMBRE": null, "MONTO ASIGNADO (PESOS)": null, "LATITUD": null, "LONGITUD": null }, "geometry": null },
{ "type": "Feature", "properties": { "NO": null, "ENTIDAD": null, "MUNICIPIO": null, "PUEBLO INDIGENA O AFROMEXICANO": null, "LOCALIDAD": null, "CLAVE LOC": null, "TIPO DE ASENTAMIENTO": null, "NOMBRE": null, "MONTO ASIGNADO (PESOS)": null, "LATITUD": null, "LONGITUD": null }, "geometry": null },
{ "type": "Feature", "properties": { "NO": null, "ENTIDAD": null, "MUNICIPIO": null, "PUEBLO INDIGENA O AFROMEXICANO": null, "LOCALIDAD": null, "CLAVE LOC": null, "TIPO DE ASENTAMIENTO": null, "NOMBRE": null, "MONTO ASIGNADO (PESOS)": null, "LATITUD": null, "LONGITUD": null }, "geometry": null },
{ "type": "Feature", "properties": { "NO": null, "ENTIDAD": null, "MUNICIPIO": null, "PUEBLO INDIGENA O AFROMEXICANO": null, "LOCALIDAD": null, "CLAVE LOC": null, "TIPO DE ASENTAMIENTO": null, "NOMBRE": null, "MONTO ASIGNADO (PESOS)": null, "LATITUD": null, "LONGITUD": null }, "geometry": null },
{ "type": "Feature", "properties": { "NO": null, "ENTIDAD": null, "MUNICIPIO": null, "PUEBLO INDIGENA O AFROMEXICANO": null, "LOCALIDAD": null, "CLAVE LOC": null, "TIPO DE ASENTAMIENTO": null, "NOMBRE": null, "MONTO ASIGNADO (PESOS)": null, "LATITUD": null, "LONGITUD": null }, "geometry": null },
{ "type": "Feature", "properties": { "NO": null, "ENTIDAD": null, "MUNICIPIO": null, "PUEBLO INDIGENA O AFROMEXICANO": null, "LOCALIDAD": null, "CLAVE LOC": null, "TIPO DE ASENTAMIENTO": null, "NOMBRE": null, "MONTO ASIGNADO (PESOS)": null, "LATITUD": null, "LONGITUD": null }, "geometry": null },
{ "type": "Feature", "properties": { "NO": null, "ENTIDAD": null, "MUNICIPIO": null, "PUEBLO INDIGENA O AFROMEXICANO": null, "LOCALIDAD": null, "CLAVE LOC": null, "TIPO DE ASENTAMIENTO": null, "NOMBRE": null, "MONTO ASIGNADO (PESOS)": null, "LATITUD": null, "LONGITUD": null }, "geometry": null },
{ "type": "Feature", "properties": { "NO": null, "ENTIDAD": null, "MUNICIPIO": null, "PUEBLO INDIGENA O AFROMEXICANO": null, "LOCALIDAD": null, "CLAVE LOC": null, "TIPO DE ASENTAMIENTO": null, "NOMBRE": null, "MONTO ASIGNADO (PESOS)": null, "LATITUD": null, "LONGITUD": null }, "geometry": null },
{ "type": "Feature", "properties": { "NO": null, "ENTIDAD": null, "MUNICIPIO": null, "PUEBLO INDIGENA O AFROMEXICANO": null, "LOCALIDAD": null, "CLAVE LOC": null, "TIPO DE ASENTAMIENTO": null, "NOMBRE": null, "MONTO ASIGNADO (PESOS)": null, "LATITUD": null, "LONGITUD": null }, "geometry": null },
{ "type": "Feature", "properties": { "NO": null, "ENTIDAD": null, "MUNICIPIO": null, "PUEBLO INDIGENA O AFROMEXICANO": null, "LOCALIDAD": null, "CLAVE LOC": null, "TIPO DE ASENTAMIENTO": null, "NOMBRE": null, "MONTO ASIGNADO (PESOS)": null, "LATITUD": null, "LONGITUD": null }, "geometry": null },
{ "type": "Feature", "properties": { "NO": null, "ENTIDAD": null, "MUNICIPIO": null, "PUEBLO INDIGENA O AFROMEXICANO": null, "LOCALIDAD": null, "CLAVE LOC": null, "TIPO DE ASENTAMIENTO": null, "NOMBRE": null, "MONTO ASIGNADO (PESOS)": null, "LATITUD": null, "LONGITUD": null }, "geometry": null },
{ "type": "Feature", "properties": { "NO": null, "ENTIDAD": null, "MUNICIPIO": null, "PUEBLO INDIGENA O AFROMEXICANO": null, "LOCALIDAD": null, "CLAVE LOC": null, "TIPO DE ASENTAMIENTO": null, "NOMBRE": null, "MONTO ASIGNADO (PESOS)": null, "LATITUD": null, "LONGITUD": null }, "geometry": null },
{ "type": "Feature", "properties": { "NO": null, "ENTIDAD": null, "MUNICIPIO": null, "PUEBLO INDIGENA O AFROMEXICANO": null, "LOCALIDAD": null, "CLAVE LOC": null, "TIPO DE ASENTAMIENTO": null, "NOMBRE": null, "MONTO ASIGNADO (PESOS)": null, "LATITUD": null, "LONGITUD": null }, "geometry": null },
{ "type": "Feature", "properties": { "NO": null, "ENTIDAD": null, "MUNICIPIO": null, "PUEBLO INDIGENA O AFROMEXICANO": null, "LOCALIDAD": null, "CLAVE LOC": null, "TIPO DE ASENTAMIENTO": null, "NOMBRE": null, "MONTO ASIGNADO (PESOS)": null, "LATITUD": null, "LONGITUD": null }, "geometry": null },
{ "type": "Feature", "properties": { "NO": null, "ENTIDAD": null, "MUNICIPIO": null, "PUEBLO INDIGENA O AFROMEXICANO": null, "LOCALIDAD": null, "CLAVE LOC": null, "TIPO DE ASENTAMIENTO": null, "NOMBRE": null, "MONTO ASIGNADO (PESOS)": null, "LATITUD": null, "LONGITUD": null }, "geometry": null },
{ "type": "Feature", "properties": { "NO": null, "ENTIDAD": null, "MUNICIPIO": null, "PUEBLO INDIGENA O AFROMEXICANO": null, "LOCALIDAD": null, "CLAVE LOC": null, "TIPO DE ASENTAMIENTO": null, "NOMBRE": null, "MONTO ASIGNADO (PESOS)": null, "LATITUD": null, "LONGITUD": null }, "geometry": null },
{ "type": "Feature", "properties": { "NO": null, "ENTIDAD": null, "MUNICIPIO": null, "PUEBLO INDIGENA O AFROMEXICANO": null, "LOCALIDAD": null, "CLAVE LOC": null, "TIPO DE ASENTAMIENTO": null, "NOMBRE": null, "MONTO ASIGNADO (PESOS)": null, "LATITUD": null, "LONGITUD": null }, "geometry": null },
{ "type": "Feature", "properties": { "NO": null, "ENTIDAD": null, "MUNICIPIO": null, "PUEBLO INDIGENA O AFROMEXICANO": null, "LOCALIDAD": null, "CLAVE LOC": null, "TIPO DE ASENTAMIENTO": null, "NOMBRE": null, "MONTO ASIGNADO (PESOS)": null, "LATITUD": null, "LONGITUD": null }, "geometry": null },
{ "type": "Feature", "properties": { "NO": null, "ENTIDAD": null, "MUNICIPIO": null, "PUEBLO INDIGENA O AFROMEXICANO": null, "LOCALIDAD": null, "CLAVE LOC": null, "TIPO DE ASENTAMIENTO": null, "NOMBRE": null, "MONTO ASIGNADO (PESOS)": null, "LATITUD": null, "LONGITUD": null }, "geometry": null },
{ "type": "Feature", "properties": { "NO": null, "ENTIDAD": null, "MUNICIPIO": null, "PUEBLO INDIGENA O AFROMEXICANO": null, "LOCALIDAD": null, "CLAVE LOC": null, "TIPO DE ASENTAMIENTO": null, "NOMBRE": null, "MONTO ASIGNADO (PESOS)": null, "LATITUD": null, "LONGITUD": null }, "geometry": null },
{ "type": "Feature", "properties": { "NO": null, "ENTIDAD": null, "MUNICIPIO": null, "PUEBLO INDIGENA O AFROMEXICANO": null, "LOCALIDAD": null, "CLAVE LOC": null, "TIPO DE ASENTAMIENTO": null, "NOMBRE": null, "MONTO ASIGNADO (PESOS)": null, "LATITUD": null, "LONGITUD": null }, "geometry": null },
{ "type": "Feature", "properties": { "NO": null, "ENTIDAD": null, "MUNICIPIO": null, "PUEBLO INDIGENA O AFROMEXICANO": null, "LOCALIDAD": null, "CLAVE LOC": null, "TIPO DE ASENTAMIENTO": null, "NOMBRE": null, "MONTO ASIGNADO (PESOS)": null, "LATITUD": null, "LONGITUD": null }, "geometry": null },
{ "type": "Feature", "properties": { "NO": null, "ENTIDAD": null, "MUNICIPIO": null, "PUEBLO INDIGENA O AFROMEXICANO": null, "LOCALIDAD": null, "CLAVE LOC": null, "TIPO DE ASENTAMIENTO": null, "NOMBRE": null, "MONTO ASIGNADO (PESOS)": null, "LATITUD": null, "LONGITUD": null }, "geometry": null },
{ "type": "Feature", "properties": { "NO": null, "ENTIDAD": null, "MUNICIPIO": null, "PUEBLO INDIGENA O AFROMEXICANO": null, "LOCALIDAD": null, "CLAVE LOC": null, "TIPO DE ASENTAMIENTO": null, "NOMBRE": null, "MONTO ASIGNADO (PESOS)": null, "LATITUD": null, "LONGITUD": null }, "geometry": null },
{ "type": "Feature", "properties": { "NO": null, "ENTIDAD": null, "MUNICIPIO": null, "PUEBLO INDIGENA O AFROMEXICANO": null, "LOCALIDAD": null, "CLAVE LOC": null, "TIPO DE ASENTAMIENTO": null, "NOMBRE": null, "MONTO ASIGNADO (PESOS)": null, "LATITUD": null, "LONGITUD": null }, "geometry": null },
{ "type": "Feature", "properties": { "NO": null, "ENTIDAD": null, "MUNICIPIO": null, "PUEBLO INDIGENA O AFROMEXICANO": null, "LOCALIDAD": null, "CLAVE LOC": null, "TIPO DE ASENTAMIENTO": null, "NOMBRE": null, "MONTO ASIGNADO (PESOS)": null, "LATITUD": null, "LONGITUD": null }, "geometry": null },
{ "type": "Feature", "properties": { "NO": null, "ENTIDAD": null, "MUNICIPIO": null, "PUEBLO INDIGENA O AFROMEXICANO": null, "LOCALIDAD": null, "CLAVE LOC": null, "TIPO DE ASENTAMIENTO": null, "NOMBRE": null, "MONTO ASIGNADO (PESOS)": null, "LATITUD": null, "LONGITUD": null }, "geometry": null },
{ "type": "Feature", "properties": { "NO": null, "ENTIDAD": null, "MUNICIPIO": null, "PUEBLO INDIGENA O AFROMEXICANO": null, "LOCALIDAD": null, "CLAVE LOC": null, "TIPO DE ASENTAMIENTO": null, "NOMBRE": null, "MONTO ASIGNADO (PESOS)": null, "LATITUD": null, "LONGITUD": null }, "geometry": null },
{ "type": "Feature", "properties": { "NO": null, "ENTIDAD": null, "MUNICIPIO": null, "PUEBLO INDIGENA O AFROMEXICANO": null, "LOCALIDAD": null, "CLAVE LOC": null, "TIPO DE ASENTAMIENTO": null, "NOMBRE": null, "MONTO ASIGNADO (PESOS)": null, "LATITUD": null, "LONGITUD": null }, "geometry": null },
{ "type": "Feature", "properties": { "NO": null, "ENTIDAD": null, "MUNICIPIO": null, "PUEBLO INDIGENA O AFROMEXICANO": null, "LOCALIDAD": null, "CLAVE LOC": null, "TIPO DE ASENTAMIENTO": null, "NOMBRE": null, "MONTO ASIGNADO (PESOS)": null, "LATITUD": null, "LONGITUD": null }, "geometry": null },
{ "type": "Feature", "properties": { "NO": null, "ENTIDAD": null, "MUNICIPIO": null, "PUEBLO INDIGENA O AFROMEXICANO": null, "LOCALIDAD": null, "CLAVE LOC": null, "TIPO DE ASENTAMIENTO": null, "NOMBRE": null, "MONTO ASIGNADO (PESOS)": null, "LATITUD": null, "LONGITUD": null }, "geometry": null },
{ "type": "Feature", "properties": { "NO": null, "ENTIDAD": null, "MUNICIPIO": null, "PUEBLO INDIGENA O AFROMEXICANO": null, "LOCALIDAD": null, "CLAVE LOC": null, "TIPO DE ASENTAMIENTO": null, "NOMBRE": null, "MONTO ASIGNADO (PESOS)": null, "LATITUD": null, "LONGITUD": null }, "geometry": null },
{ "type": "Feature", "properties": { "NO": null, "ENTIDAD": null, "MUNICIPIO": null, "PUEBLO INDIGENA O AFROMEXICANO": null, "LOCALIDAD": null, "CLAVE LOC": null, "TIPO DE ASENTAMIENTO": null, "NOMBRE": null, "MONTO ASIGNADO (PESOS)": null, "LATITUD": null, "LONGITUD": null }, "geometry": null },
{ "type": "Feature", "properties": { "NO": null, "ENTIDAD": null, "MUNICIPIO": null, "PUEBLO INDIGENA O AFROMEXICANO": null, "LOCALIDAD": null, "CLAVE LOC": null, "TIPO DE ASENTAMIENTO": null, "NOMBRE": null, "MONTO ASIGNADO (PESOS)": null, "LATITUD": null, "LONGITUD": null }, "geometry": null },
{ "type": "Feature", "properties": { "NO": null, "ENTIDAD": null, "MUNICIPIO": null, "PUEBLO INDIGENA O AFROMEXICANO": null, "LOCALIDAD": null, "CLAVE LOC": null, "TIPO DE ASENTAMIENTO": null, "NOMBRE": null, "MONTO ASIGNADO (PESOS)": null, "LATITUD": null, "LONGITUD": null }, "geometry": null },
{ "type": "Feature", "properties": { "NO": null, "ENTIDAD": null, "MUNICIPIO": null, "PUEBLO INDIGENA O AFROMEXICANO": null, "LOCALIDAD": null, "CLAVE LOC": null, "TIPO DE ASENTAMIENTO": null, "NOMBRE": null, "MONTO ASIGNADO (PESOS)": null, "LATITUD": null, "LONGITUD": null }, "geometry": null },
{ "type": "Feature", "properties": { "NO": null, "ENTIDAD": null, "MUNICIPIO": null, "PUEBLO INDIGENA O AFROMEXICANO": null, "LOCALIDAD": null, "CLAVE LOC": null, "TIPO DE ASENTAMIENTO": null, "NOMBRE": null, "MONTO ASIGNADO (PESOS)": null, "LATITUD": null, "LONGITUD": null }, "geometry": null },
{ "type": "Feature", "properties": { "NO": null, "ENTIDAD": null, "MUNICIPIO": null, "PUEBLO INDIGENA O AFROMEXICANO": null, "LOCALIDAD": null, "CLAVE LOC": null, "TIPO DE ASENTAMIENTO": null, "NOMBRE": null, "MONTO ASIGNADO (PESOS)": null, "LATITUD": null, "LONGITUD": null }, "geometry": null },
{ "type": "Feature", "properties": { "NO": null, "ENTIDAD": null, "MUNICIPIO": null, "PUEBLO INDIGENA O AFROMEXICANO": null, "LOCALIDAD": null, "CLAVE LOC": null, "TIPO DE ASENTAMIENTO": null, "NOMBRE": null, "MONTO ASIGNADO (PESOS)": null, "LATITUD": null, "LONGITUD": null }, "geometry": null },
{ "type": "Feature", "properties": { "NO": null, "ENTIDAD": null, "MUNICIPIO": null, "PUEBLO INDIGENA O AFROMEXICANO": null, "LOCALIDAD": null, "CLAVE LOC": null, "TIPO DE ASENTAMIENTO": null, "NOMBRE": null, "MONTO ASIGNADO (PESOS)": null, "LATITUD": null, "LONGITUD": null }, "geometry": null },
{ "type": "Feature", "properties": { "NO": null, "ENTIDAD": null, "MUNICIPIO": null, "PUEBLO INDIGENA O AFROMEXICANO": null, "LOCALIDAD": null, "CLAVE LOC": null, "TIPO DE ASENTAMIENTO": null, "NOMBRE": null, "MONTO ASIGNADO (PESOS)": null, "LATITUD": null, "LONGITUD": null }, "geometry": null },
{ "type": "Feature", "properties": { "NO": null, "ENTIDAD": null, "MUNICIPIO": null, "PUEBLO INDIGENA O AFROMEXICANO": null, "LOCALIDAD": null, "CLAVE LOC": null, "TIPO DE ASENTAMIENTO": null, "NOMBRE": null, "MONTO ASIGNADO (PESOS)": null, "LATITUD": null, "LONGITUD": null }, "geometry": null },
{ "type": "Feature", "properties": { "NO": null, "ENTIDAD": null, "MUNICIPIO": null, "PUEBLO INDIGENA O AFROMEXICANO": null, "LOCALIDAD": null, "CLAVE LOC": null, "TIPO DE ASENTAMIENTO": null, "NOMBRE": null, "MONTO ASIGNADO (PESOS)": null, "LATITUD": null, "LONGITUD": null }, "geometry": null },
{ "type": "Feature", "properties": { "NO": null, "ENTIDAD": null, "MUNICIPIO": null, "PUEBLO INDIGENA O AFROMEXICANO": null, "LOCALIDAD": null, "CLAVE LOC": null, "TIPO DE ASENTAMIENTO": null, "NOMBRE": null, "MONTO ASIGNADO (PESOS)": null, "LATITUD": null, "LONGITUD": null }, "geometry": null },
{ "type": "Feature", "properties": { "NO": null, "ENTIDAD": null, "MUNICIPIO": null, "PUEBLO INDIGENA O AFROMEXICANO": null, "LOCALIDAD": null, "CLAVE LOC": null, "TIPO DE ASENTAMIENTO": null, "NOMBRE": null, "MONTO ASIGNADO (PESOS)": null, "LATITUD": null, "LONGITUD": null }, "geometry": null },
{ "type": "Feature", "properties": { "NO": null, "ENTIDAD": null, "MUNICIPIO": null, "PUEBLO INDIGENA O AFROMEXICANO": null, "LOCALIDAD": null, "CLAVE LOC": null, "TIPO DE ASENTAMIENTO": null, "NOMBRE": null, "MONTO ASIGNADO (PESOS)": null, "LATITUD": null, "LONGITUD": null }, "geometry": null },
{ "type": "Feature", "properties": { "NO": null, "ENTIDAD": null, "MUNICIPIO": null, "PUEBLO INDIGENA O AFROMEXICANO": null, "LOCALIDAD": null, "CLAVE LOC": null, "TIPO DE ASENTAMIENTO": null, "NOMBRE": null, "MONTO ASIGNADO (PESOS)": null, "LATITUD": null, "LONGITUD": null }, "geometry": null },
{ "type": "Feature", "properties": { "NO": null, "ENTIDAD": null, "MUNICIPIO": null, "PUEBLO INDIGENA O AFROMEXICANO": null, "LOCALIDAD": null, "CLAVE LOC": null, "TIPO DE ASENTAMIENTO": null, "NOMBRE": null, "MONTO ASIGNADO (PESOS)": null, "LATITUD": null, "LONGITUD": null }, "geometry": null },
{ "type": "Feature", "properties": { "NO": null, "ENTIDAD": null, "MUNICIPIO": null, "PUEBLO INDIGENA O AFROMEXICANO": null, "LOCALIDAD": null, "CLAVE LOC": null, "TIPO DE ASENTAMIENTO": null, "NOMBRE": null, "MONTO ASIGNADO (PESOS)": null, "LATITUD": null, "LONGITUD": null }, "geometry": null },
{ "type": "Feature", "properties": { "NO": null, "ENTIDAD": null, "MUNICIPIO": null, "PUEBLO INDIGENA O AFROMEXICANO": null, "LOCALIDAD": null, "CLAVE LOC": null, "TIPO DE ASENTAMIENTO": null, "NOMBRE": null, "MONTO ASIGNADO (PESOS)": null, "LATITUD": null, "LONGITUD": null }, "geometry": null },
{ "type": "Feature", "properties": { "NO": null, "ENTIDAD": null, "MUNICIPIO": null, "PUEBLO INDIGENA O AFROMEXICANO": null, "LOCALIDAD": null, "CLAVE LOC": null, "TIPO DE ASENTAMIENTO": null, "NOMBRE": null, "MONTO ASIGNADO (PESOS)": null, "LATITUD": null, "LONGITUD": null }, "geometry": null },
{ "type": "Feature", "properties": { "NO": null, "ENTIDAD": null, "MUNICIPIO": null, "PUEBLO INDIGENA O AFROMEXICANO": null, "LOCALIDAD": null, "CLAVE LOC": null, "TIPO DE ASENTAMIENTO": null, "NOMBRE": null, "MONTO ASIGNADO (PESOS)": null, "LATITUD": null, "LONGITUD": null }, "geometry": null },
{ "type": "Feature", "properties": { "NO": null, "ENTIDAD": null, "MUNICIPIO": null, "PUEBLO INDIGENA O AFROMEXICANO": null, "LOCALIDAD": null, "CLAVE LOC": null, "TIPO DE ASENTAMIENTO": null, "NOMBRE": null, "MONTO ASIGNADO (PESOS)": null, "LATITUD": null, "LONGITUD": null }, "geometry": null },
{ "type": "Feature", "properties": { "NO": null, "ENTIDAD": null, "MUNICIPIO": null, "PUEBLO INDIGENA O AFROMEXICANO": null, "LOCALIDAD": null, "CLAVE LOC": null, "TIPO DE ASENTAMIENTO": null, "NOMBRE": null, "MONTO ASIGNADO (PESOS)": null, "LATITUD": null, "LONGITUD": null }, "geometry": null },
{ "type": "Feature", "properties": { "NO": null, "ENTIDAD": null, "MUNICIPIO": null, "PUEBLO INDIGENA O AFROMEXICANO": null, "LOCALIDAD": null, "CLAVE LOC": null, "TIPO DE ASENTAMIENTO": null, "NOMBRE": null, "MONTO ASIGNADO (PESOS)": null, "LATITUD": null, "LONGITUD": null }, "geometry": null },
{ "type": "Feature", "properties": { "NO": null, "ENTIDAD": null, "MUNICIPIO": null, "PUEBLO INDIGENA O AFROMEXICANO": null, "LOCALIDAD": null, "CLAVE LOC": null, "TIPO DE ASENTAMIENTO": null, "NOMBRE": null, "MONTO ASIGNADO (PESOS)": null, "LATITUD": null, "LONGITUD": null }, "geometry": null },
{ "type": "Feature", "properties": { "NO": null, "ENTIDAD": null, "MUNICIPIO": null, "PUEBLO INDIGENA O AFROMEXICANO": null, "LOCALIDAD": null, "CLAVE LOC": null, "TIPO DE ASENTAMIENTO": null, "NOMBRE": null, "MONTO ASIGNADO (PESOS)": null, "LATITUD": null, "LONGITUD": null }, "geometry": null },
{ "type": "Feature", "properties": { "NO": null, "ENTIDAD": null, "MUNICIPIO": null, "PUEBLO INDIGENA O AFROMEXICANO": null, "LOCALIDAD": null, "CLAVE LOC": null, "TIPO DE ASENTAMIENTO": null, "NOMBRE": null, "MONTO ASIGNADO (PESOS)": null, "LATITUD": null, "LONGITUD": null }, "geometry": null },
{ "type": "Feature", "properties": { "NO": null, "ENTIDAD": null, "MUNICIPIO": null, "PUEBLO INDIGENA O AFROMEXICANO": null, "LOCALIDAD": null, "CLAVE LOC": null, "TIPO DE ASENTAMIENTO": null, "NOMBRE": null, "MONTO ASIGNADO (PESOS)": null, "LATITUD": null, "LONGITUD": null }, "geometry": null },
{ "type": "Feature", "properties": { "NO": null, "ENTIDAD": null, "MUNICIPIO": null, "PUEBLO INDIGENA O AFROMEXICANO": null, "LOCALIDAD": null, "CLAVE LOC": null, "TIPO DE ASENTAMIENTO": null, "NOMBRE": null, "MONTO ASIGNADO (PESOS)": null, "LATITUD": null, "LONGITUD": null }, "geometry": null },
{ "type": "Feature", "properties": { "NO": null, "ENTIDAD": null, "MUNICIPIO": null, "PUEBLO INDIGENA O AFROMEXICANO": null, "LOCALIDAD": null, "CLAVE LOC": null, "TIPO DE ASENTAMIENTO": null, "NOMBRE": null, "MONTO ASIGNADO (PESOS)": null, "LATITUD": null, "LONGITUD": null }, "geometry": null },
{ "type": "Feature", "properties": { "NO": null, "ENTIDAD": null, "MUNICIPIO": null, "PUEBLO INDIGENA O AFROMEXICANO": null, "LOCALIDAD": null, "CLAVE LOC": null, "TIPO DE ASENTAMIENTO": null, "NOMBRE": null, "MONTO ASIGNADO (PESOS)": null, "LATITUD": null, "LONGITUD": null }, "geometry": null },
{ "type": "Feature", "properties": { "NO": null, "ENTIDAD": null, "MUNICIPIO": null, "PUEBLO INDIGENA O AFROMEXICANO": null, "LOCALIDAD": null, "CLAVE LOC": null, "TIPO DE ASENTAMIENTO": null, "NOMBRE": null, "MONTO ASIGNADO (PESOS)": null, "LATITUD": null, "LONGITUD": null }, "geometry": null },
{ "type": "Feature", "properties": { "NO": null, "ENTIDAD": null, "MUNICIPIO": null, "PUEBLO INDIGENA O AFROMEXICANO": null, "LOCALIDAD": null, "CLAVE LOC": null, "TIPO DE ASENTAMIENTO": null, "NOMBRE": null, "MONTO ASIGNADO (PESOS)": null, "LATITUD": null, "LONGITUD": null }, "geometry": null },
{ "type": "Feature", "properties": { "NO": null, "ENTIDAD": null, "MUNICIPIO": null, "PUEBLO INDIGENA O AFROMEXICANO": null, "LOCALIDAD": null, "CLAVE LOC": null, "TIPO DE ASENTAMIENTO": null, "NOMBRE": null, "MONTO ASIGNADO (PESOS)": null, "LATITUD": null, "LONGITUD": null }, "geometry": null },
{ "type": "Feature", "properties": { "NO": null, "ENTIDAD": null, "MUNICIPIO": null, "PUEBLO INDIGENA O AFROMEXICANO": null, "LOCALIDAD": null, "CLAVE LOC": null, "TIPO DE ASENTAMIENTO": null, "NOMBRE": null, "MONTO ASIGNADO (PESOS)": null, "LATITUD": null, "LONGITUD": null }, "geometry": null },
{ "type": "Feature", "properties": { "NO": null, "ENTIDAD": null, "MUNICIPIO": null, "PUEBLO INDIGENA O AFROMEXICANO": null, "LOCALIDAD": null, "CLAVE LOC": null, "TIPO DE ASENTAMIENTO": null, "NOMBRE": null, "MONTO ASIGNADO (PESOS)": null, "LATITUD": null, "LONGITUD": null }, "geometry": null },
{ "type": "Feature", "properties": { "NO": null, "ENTIDAD": null, "MUNICIPIO": null, "PUEBLO INDIGENA O AFROMEXICANO": null, "LOCALIDAD": null, "CLAVE LOC": null, "TIPO DE ASENTAMIENTO": null, "NOMBRE": null, "MONTO ASIGNADO (PESOS)": null, "LATITUD": null, "LONGITUD": null }, "geometry": null },
{ "type": "Feature", "properties": { "NO": null, "ENTIDAD": null, "MUNICIPIO": null, "PUEBLO INDIGENA O AFROMEXICANO": null, "LOCALIDAD": null, "CLAVE LOC": null, "TIPO DE ASENTAMIENTO": null, "NOMBRE": null, "MONTO ASIGNADO (PESOS)": null, "LATITUD": null, "LONGITUD": null }, "geometry": null },
{ "type": "Feature", "properties": { "NO": null, "ENTIDAD": null, "MUNICIPIO": null, "PUEBLO INDIGENA O AFROMEXICANO": null, "LOCALIDAD": null, "CLAVE LOC": null, "TIPO DE ASENTAMIENTO": null, "NOMBRE": null, "MONTO ASIGNADO (PESOS)": null, "LATITUD": null, "LONGITUD": null }, "geometry": null },
{ "type": "Feature", "properties": { "NO": null, "ENTIDAD": null, "MUNICIPIO": null, "PUEBLO INDIGENA O AFROMEXICANO": null, "LOCALIDAD": null, "CLAVE LOC": null, "TIPO DE ASENTAMIENTO": null, "NOMBRE": null, "MONTO ASIGNADO (PESOS)": null, "LATITUD": null, "LONGITUD": null }, "geometry": null },
{ "type": "Feature", "properties": { "NO": null, "ENTIDAD": null, "MUNICIPIO": null, "PUEBLO INDIGENA O AFROMEXICANO": null, "LOCALIDAD": null, "CLAVE LOC": null, "TIPO DE ASENTAMIENTO": null, "NOMBRE": null, "MONTO ASIGNADO (PESOS)": null, "LATITUD": null, "LONGITUD": null }, "geometry": null },
{ "type": "Feature", "properties": { "NO": null, "ENTIDAD": null, "MUNICIPIO": null, "PUEBLO INDIGENA O AFROMEXICANO": null, "LOCALIDAD": null, "CLAVE LOC": null, "TIPO DE ASENTAMIENTO": null, "NOMBRE": null, "MONTO ASIGNADO (PESOS)": null, "LATITUD": null, "LONGITUD": null }, "geometry": null },
{ "type": "Feature", "properties": { "NO": null, "ENTIDAD": null, "MUNICIPIO": null, "PUEBLO INDIGENA O AFROMEXICANO": null, "LOCALIDAD": null, "CLAVE LOC": null, "TIPO DE ASENTAMIENTO": null, "NOMBRE": null, "MONTO ASIGNADO (PESOS)": null, "LATITUD": null, "LONGITUD": null }, "geometry": null },
{ "type": "Feature", "properties": { "NO": null, "ENTIDAD": null, "MUNICIPIO": null, "PUEBLO INDIGENA O AFROMEXICANO": null, "LOCALIDAD": null, "CLAVE LOC": null, "TIPO DE ASENTAMIENTO": null, "NOMBRE": null, "MONTO ASIGNADO (PESOS)": null, "LATITUD": null, "LONGITUD": null }, "geometry": null },
{ "type": "Feature", "properties": { "NO": null, "ENTIDAD": null, "MUNICIPIO": null, "PUEBLO INDIGENA O AFROMEXICANO": null, "LOCALIDAD": null, "CLAVE LOC": null, "TIPO DE ASENTAMIENTO": null, "NOMBRE": null, "MONTO ASIGNADO (PESOS)": null, "LATITUD": null, "LONGITUD": null }, "geometry": null },
{ "type": "Feature", "properties": { "NO": null, "ENTIDAD": null, "MUNICIPIO": null, "PUEBLO INDIGENA O AFROMEXICANO": null, "LOCALIDAD": null, "CLAVE LOC": null, "TIPO DE ASENTAMIENTO": null, "NOMBRE": null, "MONTO ASIGNADO (PESOS)": null, "LATITUD": null, "LONGITUD": null }, "geometry": null },
{ "type": "Feature", "properties": { "NO": null, "ENTIDAD": null, "MUNICIPIO": null, "PUEBLO INDIGENA O AFROMEXICANO": null, "LOCALIDAD": null, "CLAVE LOC": null, "TIPO DE ASENTAMIENTO": null, "NOMBRE": null, "MONTO ASIGNADO (PESOS)": null, "LATITUD": null, "LONGITUD": null }, "geometry": null },
{ "type": "Feature", "properties": { "NO": null, "ENTIDAD": null, "MUNICIPIO": null, "PUEBLO INDIGENA O AFROMEXICANO": null, "LOCALIDAD": null, "CLAVE LOC": null, "TIPO DE ASENTAMIENTO": null, "NOMBRE": null, "MONTO ASIGNADO (PESOS)": null, "LATITUD": null, "LONGITUD": null }, "geometry": null },
{ "type": "Feature", "properties": { "NO": null, "ENTIDAD": null, "MUNICIPIO": null, "PUEBLO INDIGENA O AFROMEXICANO": null, "LOCALIDAD": null, "CLAVE LOC": null, "TIPO DE ASENTAMIENTO": null, "NOMBRE": null, "MONTO ASIGNADO (PESOS)": null, "LATITUD": null, "LONGITUD": null }, "geometry": null },
{ "type": "Feature", "properties": { "NO": null, "ENTIDAD": null, "MUNICIPIO": null, "PUEBLO INDIGENA O AFROMEXICANO": null, "LOCALIDAD": null, "CLAVE LOC": null, "TIPO DE ASENTAMIENTO": null, "NOMBRE": null, "MONTO ASIGNADO (PESOS)": null, "LATITUD": null, "LONGITUD": null }, "geometry": null },
{ "type": "Feature", "properties": { "NO": null, "ENTIDAD": null, "MUNICIPIO": null, "PUEBLO INDIGENA O AFROMEXICANO": null, "LOCALIDAD": null, "CLAVE LOC": null, "TIPO DE ASENTAMIENTO": null, "NOMBRE": null, "MONTO ASIGNADO (PESOS)": null, "LATITUD": null, "LONGITUD": null }, "geometry": null },
{ "type": "Feature", "properties": { "NO": null, "ENTIDAD": null, "MUNICIPIO": null, "PUEBLO INDIGENA O AFROMEXICANO": null, "LOCALIDAD": null, "CLAVE LOC": null, "TIPO DE ASENTAMIENTO": null, "NOMBRE": null, "MONTO ASIGNADO (PESOS)": null, "LATITUD": null, "LONGITUD": null }, "geometry": null },
{ "type": "Feature", "properties": { "NO": null, "ENTIDAD": null, "MUNICIPIO": null, "PUEBLO INDIGENA O AFROMEXICANO": null, "LOCALIDAD": null, "CLAVE LOC": null, "TIPO DE ASENTAMIENTO": null, "NOMBRE": null, "MONTO ASIGNADO (PESOS)": null, "LATITUD": null, "LONGITUD": null }, "geometry": null },
{ "type": "Feature", "properties": { "NO": null, "ENTIDAD": null, "MUNICIPIO": null, "PUEBLO INDIGENA O AFROMEXICANO": null, "LOCALIDAD": null, "CLAVE LOC": null, "TIPO DE ASENTAMIENTO": null, "NOMBRE": null, "MONTO ASIGNADO (PESOS)": null, "LATITUD": null, "LONGITUD": null }, "geometry": null },
{ "type": "Feature", "properties": { "NO": null, "ENTIDAD": null, "MUNICIPIO": null, "PUEBLO INDIGENA O AFROMEXICANO": null, "LOCALIDAD": null, "CLAVE LOC": null, "TIPO DE ASENTAMIENTO": null, "NOMBRE": null, "MONTO ASIGNADO (PESOS)": null, "LATITUD": null, "LONGITUD": null }, "geometry": null },
{ "type": "Feature", "properties": { "NO": null, "ENTIDAD": null, "MUNICIPIO": null, "PUEBLO INDIGENA O AFROMEXICANO": null, "LOCALIDAD": null, "CLAVE LOC": null, "TIPO DE ASENTAMIENTO": null, "NOMBRE": null, "MONTO ASIGNADO (PESOS)": null, "LATITUD": null, "LONGITUD": null }, "geometry": null },
{ "type": "Feature", "properties": { "NO": null, "ENTIDAD": null, "MUNICIPIO": null, "PUEBLO INDIGENA O AFROMEXICANO": null, "LOCALIDAD": null, "CLAVE LOC": null, "TIPO DE ASENTAMIENTO": null, "NOMBRE": null, "MONTO ASIGNADO (PESOS)": null, "LATITUD": null, "LONGITUD": null }, "geometry": null },
{ "type": "Feature", "properties": { "NO": null, "ENTIDAD": null, "MUNICIPIO": null, "PUEBLO INDIGENA O AFROMEXICANO": null, "LOCALIDAD": null, "CLAVE LOC": null, "TIPO DE ASENTAMIENTO": null, "NOMBRE": null, "MONTO ASIGNADO (PESOS)": null, "LATITUD": null, "LONGITUD": null }, "geometry": null },
{ "type": "Feature", "properties": { "NO": null, "ENTIDAD": null, "MUNICIPIO": null, "PUEBLO INDIGENA O AFROMEXICANO": null, "LOCALIDAD": null, "CLAVE LOC": null, "TIPO DE ASENTAMIENTO": null, "NOMBRE": null, "MONTO ASIGNADO (PESOS)": null, "LATITUD": null, "LONGITUD": null }, "geometry": null },
{ "type": "Feature", "properties": { "NO": null, "ENTIDAD": null, "MUNICIPIO": null, "PUEBLO INDIGENA O AFROMEXICANO": null, "LOCALIDAD": null, "CLAVE LOC": null, "TIPO DE ASENTAMIENTO": null, "NOMBRE": null, "MONTO ASIGNADO (PESOS)": null, "LATITUD": null, "LONGITUD": null }, "geometry": null },
{ "type": "Feature", "properties": { "NO": null, "ENTIDAD": null, "MUNICIPIO": null, "PUEBLO INDIGENA O AFROMEXICANO": null, "LOCALIDAD": null, "CLAVE LOC": null, "TIPO DE ASENTAMIENTO": null, "NOMBRE": null, "MONTO ASIGNADO (PESOS)": null, "LATITUD": null, "LONGITUD": null }, "geometry": null },
{ "type": "Feature", "properties": { "NO": null, "ENTIDAD": null, "MUNICIPIO": null, "PUEBLO INDIGENA O AFROMEXICANO": null, "LOCALIDAD": null, "CLAVE LOC": null, "TIPO DE ASENTAMIENTO": null, "NOMBRE": null, "MONTO ASIGNADO (PESOS)": null, "LATITUD": null, "LONGITUD": null }, "geometry": null },
{ "type": "Feature", "properties": { "NO": null, "ENTIDAD": null, "MUNICIPIO": null, "PUEBLO INDIGENA O AFROMEXICANO": null, "LOCALIDAD": null, "CLAVE LOC": null, "TIPO DE ASENTAMIENTO": null, "NOMBRE": null, "MONTO ASIGNADO (PESOS)": null, "LATITUD": null, "LONGITUD": null }, "geometry": null },
{ "type": "Feature", "properties": { "NO": null, "ENTIDAD": null, "MUNICIPIO": null, "PUEBLO INDIGENA O AFROMEXICANO": null, "LOCALIDAD": null, "CLAVE LOC": null, "TIPO DE ASENTAMIENTO": null, "NOMBRE": null, "MONTO ASIGNADO (PESOS)": null, "LATITUD": null, "LONGITUD": null }, "geometry": null },
{ "type": "Feature", "properties": { "NO": null, "ENTIDAD": null, "MUNICIPIO": null, "PUEBLO INDIGENA O AFROMEXICANO": null, "LOCALIDAD": null, "CLAVE LOC": null, "TIPO DE ASENTAMIENTO": null, "NOMBRE": null, "MONTO ASIGNADO (PESOS)": null, "LATITUD": null, "LONGITUD": null }, "geometry": null },
{ "type": "Feature", "properties": { "NO": null, "ENTIDAD": null, "MUNICIPIO": null, "PUEBLO INDIGENA O AFROMEXICANO": null, "LOCALIDAD": null, "CLAVE LOC": null, "TIPO DE ASENTAMIENTO": null, "NOMBRE": null, "MONTO ASIGNADO (PESOS)": null, "LATITUD": null, "LONGITUD": null }, "geometry": null },
{ "type": "Feature", "properties": { "NO": null, "ENTIDAD": null, "MUNICIPIO": null, "PUEBLO INDIGENA O AFROMEXICANO": null, "LOCALIDAD": null, "CLAVE LOC": null, "TIPO DE ASENTAMIENTO": null, "NOMBRE": null, "MONTO ASIGNADO (PESOS)": null, "LATITUD": null, "LONGITUD": null }, "geometry": null },
{ "type": "Feature", "properties": { "NO": null, "ENTIDAD": null, "MUNICIPIO": null, "PUEBLO INDIGENA O AFROMEXICANO": null, "LOCALIDAD": null, "CLAVE LOC": null, "TIPO DE ASENTAMIENTO": null, "NOMBRE": null, "MONTO ASIGNADO (PESOS)": null, "LATITUD": null, "LONGITUD": null }, "geometry": null },
{ "type": "Feature", "properties": { "NO": null, "ENTIDAD": null, "MUNICIPIO": null, "PUEBLO INDIGENA O AFROMEXICANO": null, "LOCALIDAD": null, "CLAVE LOC": null, "TIPO DE ASENTAMIENTO": null, "NOMBRE": null, "MONTO ASIGNADO (PESOS)": null, "LATITUD": null, "LONGITUD": null }, "geometry": null },
{ "type": "Feature", "properties": { "NO": null, "ENTIDAD": null, "MUNICIPIO": null, "PUEBLO INDIGENA O AFROMEXICANO": null, "LOCALIDAD": null, "CLAVE LOC": null, "TIPO DE ASENTAMIENTO": null, "NOMBRE": null, "MONTO ASIGNADO (PESOS)": null, "LATITUD": null, "LONGITUD": null }, "geometry": null },
{ "type": "Feature", "properties": { "NO": null, "ENTIDAD": null, "MUNICIPIO": null, "PUEBLO INDIGENA O AFROMEXICANO": null, "LOCALIDAD": null, "CLAVE LOC": null, "TIPO DE ASENTAMIENTO": null, "NOMBRE": null, "MONTO ASIGNADO (PESOS)": null, "LATITUD": null, "LONGITUD": null }, "geometry": null },
{ "type": "Feature", "properties": { "NO": null, "ENTIDAD": null, "MUNICIPIO": null, "PUEBLO INDIGENA O AFROMEXICANO": null, "LOCALIDAD": null, "CLAVE LOC": null, "TIPO DE ASENTAMIENTO": null, "NOMBRE": null, "MONTO ASIGNADO (PESOS)": null, "LATITUD": null, "LONGITUD": null }, "geometry": null },
{ "type": "Feature", "properties": { "NO": null, "ENTIDAD": null, "MUNICIPIO": null, "PUEBLO INDIGENA O AFROMEXICANO": null, "LOCALIDAD": null, "CLAVE LOC": null, "TIPO DE ASENTAMIENTO": null, "NOMBRE": null, "MONTO ASIGNADO (PESOS)": null, "LATITUD": null, "LONGITUD": null }, "geometry": null },
{ "type": "Feature", "properties": { "NO": null, "ENTIDAD": null, "MUNICIPIO": null, "PUEBLO INDIGENA O AFROMEXICANO": null, "LOCALIDAD": null, "CLAVE LOC": null, "TIPO DE ASENTAMIENTO": null, "NOMBRE": null, "MONTO ASIGNADO (PESOS)": null, "LATITUD": null, "LONGITUD": null }, "geometry": null },
{ "type": "Feature", "properties": { "NO": null, "ENTIDAD": null, "MUNICIPIO": null, "PUEBLO INDIGENA O AFROMEXICANO": null, "LOCALIDAD": null, "CLAVE LOC": null, "TIPO DE ASENTAMIENTO": null, "NOMBRE": null, "MONTO ASIGNADO (PESOS)": null, "LATITUD": null, "LONGITUD": null }, "geometry": null },
{ "type": "Feature", "properties": { "NO": null, "ENTIDAD": null, "MUNICIPIO": null, "PUEBLO INDIGENA O AFROMEXICANO": null, "LOCALIDAD": null, "CLAVE LOC": null, "TIPO DE ASENTAMIENTO": null, "NOMBRE": null, "MONTO ASIGNADO (PESOS)": null, "LATITUD": null, "LONGITUD": null }, "geometry": null },
{ "type": "Feature", "properties": { "NO": null, "ENTIDAD": null, "MUNICIPIO": null, "PUEBLO INDIGENA O AFROMEXICANO": null, "LOCALIDAD": null, "CLAVE LOC": null, "TIPO DE ASENTAMIENTO": null, "NOMBRE": null, "MONTO ASIGNADO (PESOS)": null, "LATITUD": null, "LONGITUD": null }, "geometry": null },
{ "type": "Feature", "properties": { "NO": null, "ENTIDAD": null, "MUNICIPIO": null, "PUEBLO INDIGENA O AFROMEXICANO": null, "LOCALIDAD": null, "CLAVE LOC": null, "TIPO DE ASENTAMIENTO": null, "NOMBRE": null, "MONTO ASIGNADO (PESOS)": null, "LATITUD": null, "LONGITUD": null }, "geometry": null },
{ "type": "Feature", "properties": { "NO": null, "ENTIDAD": null, "MUNICIPIO": null, "PUEBLO INDIGENA O AFROMEXICANO": null, "LOCALIDAD": null, "CLAVE LOC": null, "TIPO DE ASENTAMIENTO": null, "NOMBRE": null, "MONTO ASIGNADO (PESOS)": null, "LATITUD": null, "LONGITUD": null }, "geometry": null },
{ "type": "Feature", "properties": { "NO": null, "ENTIDAD": null, "MUNICIPIO": null, "PUEBLO INDIGENA O AFROMEXICANO": null, "LOCALIDAD": null, "CLAVE LOC": null, "TIPO DE ASENTAMIENTO": null, "NOMBRE": null, "MONTO ASIGNADO (PESOS)": null, "LATITUD": null, "LONGITUD": null }, "geometry": null },
{ "type": "Feature", "properties": { "NO": null, "ENTIDAD": null, "MUNICIPIO": null, "PUEBLO INDIGENA O AFROMEXICANO": null, "LOCALIDAD": null, "CLAVE LOC": null, "TIPO DE ASENTAMIENTO": null, "NOMBRE": null, "MONTO ASIGNADO (PESOS)": null, "LATITUD": null, "LONGITUD": null }, "geometry": null },
{ "type": "Feature", "properties": { "NO": null, "ENTIDAD": null, "MUNICIPIO": null, "PUEBLO INDIGENA O AFROMEXICANO": null, "LOCALIDAD": null, "CLAVE LOC": null, "TIPO DE ASENTAMIENTO": null, "NOMBRE": null, "MONTO ASIGNADO (PESOS)": null, "LATITUD": null, "LONGITUD": null }, "geometry": null },
{ "type": "Feature", "properties": { "NO": null, "ENTIDAD": null, "MUNICIPIO": null, "PUEBLO INDIGENA O AFROMEXICANO": null, "LOCALIDAD": null, "CLAVE LOC": null, "TIPO DE ASENTAMIENTO": null, "NOMBRE": null, "MONTO ASIGNADO (PESOS)": null, "LATITUD": null, "LONGITUD": null }, "geometry": null },
{ "type": "Feature", "properties": { "NO": null, "ENTIDAD": null, "MUNICIPIO": null, "PUEBLO INDIGENA O AFROMEXICANO": null, "LOCALIDAD": null, "CLAVE LOC": null, "TIPO DE ASENTAMIENTO": null, "NOMBRE": null, "MONTO ASIGNADO (PESOS)": null, "LATITUD": null, "LONGITUD": null }, "geometry": null },
{ "type": "Feature", "properties": { "NO": null, "ENTIDAD": null, "MUNICIPIO": null, "PUEBLO INDIGENA O AFROMEXICANO": null, "LOCALIDAD": null, "CLAVE LOC": null, "TIPO DE ASENTAMIENTO": null, "NOMBRE": null, "MONTO ASIGNADO (PESOS)": null, "LATITUD": null, "LONGITUD": null }, "geometry": null },
{ "type": "Feature", "properties": { "NO": null, "ENTIDAD": null, "MUNICIPIO": null, "PUEBLO INDIGENA O AFROMEXICANO": null, "LOCALIDAD": null, "CLAVE LOC": null, "TIPO DE ASENTAMIENTO": null, "NOMBRE": null, "MONTO ASIGNADO (PESOS)": null, "LATITUD": null, "LONGITUD": null }, "geometry": null },
{ "type": "Feature", "properties": { "NO": null, "ENTIDAD": null, "MUNICIPIO": null, "PUEBLO INDIGENA O AFROMEXICANO": null, "LOCALIDAD": null, "CLAVE LOC": null, "TIPO DE ASENTAMIENTO": null, "NOMBRE": null, "MONTO ASIGNADO (PESOS)": null, "LATITUD": null, "LONGITUD": null }, "geometry": null },
{ "type": "Feature", "properties": { "NO": null, "ENTIDAD": null, "MUNICIPIO": null, "PUEBLO INDIGENA O AFROMEXICANO": null, "LOCALIDAD": null, "CLAVE LOC": null, "TIPO DE ASENTAMIENTO": null, "NOMBRE": null, "MONTO ASIGNADO (PESOS)": null, "LATITUD": null, "LONGITUD": null }, "geometry": null },
{ "type": "Feature", "properties": { "NO": null, "ENTIDAD": null, "MUNICIPIO": null, "PUEBLO INDIGENA O AFROMEXICANO": null, "LOCALIDAD": null, "CLAVE LOC": null, "TIPO DE ASENTAMIENTO": null, "NOMBRE": null, "MONTO ASIGNADO (PESOS)": null, "LATITUD": null, "LONGITUD": null }, "geometry": null },
{ "type": "Feature", "properties": { "NO": null, "ENTIDAD": null, "MUNICIPIO": null, "PUEBLO INDIGENA O AFROMEXICANO": null, "LOCALIDAD": null, "CLAVE LOC": null, "TIPO DE ASENTAMIENTO": null, "NOMBRE": null, "MONTO ASIGNADO (PESOS)": null, "LATITUD": null, "LONGITUD": null }, "geometry": null },
{ "type": "Feature", "properties": { "NO": null, "ENTIDAD": null, "MUNICIPIO": null, "PUEBLO INDIGENA O AFROMEXICANO": null, "LOCALIDAD": null, "CLAVE LOC": null, "TIPO DE ASENTAMIENTO": null, "NOMBRE": null, "MONTO ASIGNADO (PESOS)": null, "LATITUD": null, "LONGITUD": null }, "geometry": null },
{ "type": "Feature", "properties": { "NO": null, "ENTIDAD": null, "MUNICIPIO": null, "PUEBLO INDIGENA O AFROMEXICANO": null, "LOCALIDAD": null, "CLAVE LOC": null, "TIPO DE ASENTAMIENTO": null, "NOMBRE": null, "MONTO ASIGNADO (PESOS)": null, "LATITUD": null, "LONGITUD": null }, "geometry": null },
{ "type": "Feature", "properties": { "NO": null, "ENTIDAD": null, "MUNICIPIO": null, "PUEBLO INDIGENA O AFROMEXICANO": null, "LOCALIDAD": null, "CLAVE LOC": null, "TIPO DE ASENTAMIENTO": null, "NOMBRE": null, "MONTO ASIGNADO (PESOS)": null, "LATITUD": null, "LONGITUD": null }, "geometry": null },
{ "type": "Feature", "properties": { "NO": null, "ENTIDAD": null, "MUNICIPIO": null, "PUEBLO INDIGENA O AFROMEXICANO": null, "LOCALIDAD": null, "CLAVE LOC": null, "TIPO DE ASENTAMIENTO": null, "NOMBRE": null, "MONTO ASIGNADO (PESOS)": null, "LATITUD": null, "LONGITUD": null }, "geometry": null },
{ "type": "Feature", "properties": { "NO": null, "ENTIDAD": null, "MUNICIPIO": null, "PUEBLO INDIGENA O AFROMEXICANO": null, "LOCALIDAD": null, "CLAVE LOC": null, "TIPO DE ASENTAMIENTO": null, "NOMBRE": null, "MONTO ASIGNADO (PESOS)": null, "LATITUD": null, "LONGITUD": null }, "geometry": null },
{ "type": "Feature", "properties": { "NO": null, "ENTIDAD": null, "MUNICIPIO": null, "PUEBLO INDIGENA O AFROMEXICANO": null, "LOCALIDAD": null, "CLAVE LOC": null, "TIPO DE ASENTAMIENTO": null, "NOMBRE": null, "MONTO ASIGNADO (PESOS)": null, "LATITUD": null, "LONGITUD": null }, "geometry": null },
{ "type": "Feature", "properties": { "NO": null, "ENTIDAD": null, "MUNICIPIO": null, "PUEBLO INDIGENA O AFROMEXICANO": null, "LOCALIDAD": null, "CLAVE LOC": null, "TIPO DE ASENTAMIENTO": null, "NOMBRE": null, "MONTO ASIGNADO (PESOS)": null, "LATITUD": null, "LONGITUD": null }, "geometry": null },
{ "type": "Feature", "properties": { "NO": null, "ENTIDAD": null, "MUNICIPIO": null, "PUEBLO INDIGENA O AFROMEXICANO": null, "LOCALIDAD": null, "CLAVE LOC": null, "TIPO DE ASENTAMIENTO": null, "NOMBRE": null, "MONTO ASIGNADO (PESOS)": null, "LATITUD": null, "LONGITUD": null }, "geometry": null },
{ "type": "Feature", "properties": { "NO": null, "ENTIDAD": null, "MUNICIPIO": null, "PUEBLO INDIGENA O AFROMEXICANO": null, "LOCALIDAD": null, "CLAVE LOC": null, "TIPO DE ASENTAMIENTO": null, "NOMBRE": null, "MONTO ASIGNADO (PESOS)": null, "LATITUD": null, "LONGITUD": null }, "geometry": null },
{ "type": "Feature", "properties": { "NO": null, "ENTIDAD": null, "MUNICIPIO": null, "PUEBLO INDIGENA O AFROMEXICANO": null, "LOCALIDAD": null, "CLAVE LOC": null, "TIPO DE ASENTAMIENTO": null, "NOMBRE": null, "MONTO ASIGNADO (PESOS)": null, "LATITUD": null, "LONGITUD": null }, "geometry": null },
{ "type": "Feature", "properties": { "NO": null, "ENTIDAD": null, "MUNICIPIO": null, "PUEBLO INDIGENA O AFROMEXICANO": null, "LOCALIDAD": null, "CLAVE LOC": null, "TIPO DE ASENTAMIENTO": null, "NOMBRE": null, "MONTO ASIGNADO (PESOS)": null, "LATITUD": null, "LONGITUD": null }, "geometry": null },
{ "type": "Feature", "properties": { "NO": null, "ENTIDAD": null, "MUNICIPIO": null, "PUEBLO INDIGENA O AFROMEXICANO": null, "LOCALIDAD": null, "CLAVE LOC": null, "TIPO DE ASENTAMIENTO": null, "NOMBRE": null, "MONTO ASIGNADO (PESOS)": null, "LATITUD": null, "LONGITUD": null }, "geometry": null },
{ "type": "Feature", "properties": { "NO": null, "ENTIDAD": null, "MUNICIPIO": null, "PUEBLO INDIGENA O AFROMEXICANO": null, "LOCALIDAD": null, "CLAVE LOC": null, "TIPO DE ASENTAMIENTO": null, "NOMBRE": null, "MONTO ASIGNADO (PESOS)": null, "LATITUD": null, "LONGITUD": null }, "geometry": null },
{ "type": "Feature", "properties": { "NO": null, "ENTIDAD": null, "MUNICIPIO": null, "PUEBLO INDIGENA O AFROMEXICANO": null, "LOCALIDAD": null, "CLAVE LOC": null, "TIPO DE ASENTAMIENTO": null, "NOMBRE": null, "MONTO ASIGNADO (PESOS)": null, "LATITUD": null, "LONGITUD": null }, "geometry": null },
{ "type": "Feature", "properties": { "NO": null, "ENTIDAD": null, "MUNICIPIO": null, "PUEBLO INDIGENA O AFROMEXICANO": null, "LOCALIDAD": null, "CLAVE LOC": null, "TIPO DE ASENTAMIENTO": null, "NOMBRE": null, "MONTO ASIGNADO (PESOS)": null, "LATITUD": null, "LONGITUD": null }, "geometry": null },
{ "type": "Feature", "properties": { "NO": null, "ENTIDAD": null, "MUNICIPIO": null, "PUEBLO INDIGENA O AFROMEXICANO": null, "LOCALIDAD": null, "CLAVE LOC": null, "TIPO DE ASENTAMIENTO": null, "NOMBRE": null, "MONTO ASIGNADO (PESOS)": null, "LATITUD": null, "LONGITUD": null }, "geometry": null },
{ "type": "Feature", "properties": { "NO": null, "ENTIDAD": null, "MUNICIPIO": null, "PUEBLO INDIGENA O AFROMEXICANO": null, "LOCALIDAD": null, "CLAVE LOC": null, "TIPO DE ASENTAMIENTO": null, "NOMBRE": null, "MONTO ASIGNADO (PESOS)": null, "LATITUD": null, "LONGITUD": null }, "geometry": null },
{ "type": "Feature", "properties": { "NO": null, "ENTIDAD": null, "MUNICIPIO": null, "PUEBLO INDIGENA O AFROMEXICANO": null, "LOCALIDAD": null, "CLAVE LOC": null, "TIPO DE ASENTAMIENTO": null, "NOMBRE": null, "MONTO ASIGNADO (PESOS)": null, "LATITUD": null, "LONGITUD": null }, "geometry": null },
{ "type": "Feature", "properties": { "NO": null, "ENTIDAD": null, "MUNICIPIO": null, "PUEBLO INDIGENA O AFROMEXICANO": null, "LOCALIDAD": null, "CLAVE LOC": null, "TIPO DE ASENTAMIENTO": null, "NOMBRE": null, "MONTO ASIGNADO (PESOS)": null, "LATITUD": null, "LONGITUD": null }, "geometry": null },
{ "type": "Feature", "properties": { "NO": null, "ENTIDAD": null, "MUNICIPIO": null, "PUEBLO INDIGENA O AFROMEXICANO": null, "LOCALIDAD": null, "CLAVE LOC": null, "TIPO DE ASENTAMIENTO": null, "NOMBRE": null, "MONTO ASIGNADO (PESOS)": null, "LATITUD": null, "LONGITUD": null }, "geometry": null },
{ "type": "Feature", "properties": { "NO": null, "ENTIDAD": null, "MUNICIPIO": null, "PUEBLO INDIGENA O AFROMEXICANO": null, "LOCALIDAD": null, "CLAVE LOC": null, "TIPO DE ASENTAMIENTO": null, "NOMBRE": null, "MONTO ASIGNADO (PESOS)": null, "LATITUD": null, "LONGITUD": null }, "geometry": null },
{ "type": "Feature", "properties": { "NO": null, "ENTIDAD": null, "MUNICIPIO": null, "PUEBLO INDIGENA O AFROMEXICANO": null, "LOCALIDAD": null, "CLAVE LOC": null, "TIPO DE ASENTAMIENTO": null, "NOMBRE": null, "MONTO ASIGNADO (PESOS)": null, "LATITUD": null, "LONGITUD": null }, "geometry": null },
{ "type": "Feature", "properties": { "NO": null, "ENTIDAD": null, "MUNICIPIO": null, "PUEBLO INDIGENA O AFROMEXICANO": null, "LOCALIDAD": null, "CLAVE LOC": null, "TIPO DE ASENTAMIENTO": null, "NOMBRE": null, "MONTO ASIGNADO (PESOS)": null, "LATITUD": null, "LONGITUD": null }, "geometry": null },
{ "type": "Feature", "properties": { "NO": null, "ENTIDAD": null, "MUNICIPIO": null, "PUEBLO INDIGENA O AFROMEXICANO": null, "LOCALIDAD": null, "CLAVE LOC": null, "TIPO DE ASENTAMIENTO": null, "NOMBRE": null, "MONTO ASIGNADO (PESOS)": null, "LATITUD": null, "LONGITUD": null }, "geometry": null },
{ "type": "Feature", "properties": { "NO": null, "ENTIDAD": null, "MUNICIPIO": null, "PUEBLO INDIGENA O AFROMEXICANO": null, "LOCALIDAD": null, "CLAVE LOC": null, "TIPO DE ASENTAMIENTO": null, "NOMBRE": null, "MONTO ASIGNADO (PESOS)": null, "LATITUD": null, "LONGITUD": null }, "geometry": null },
{ "type": "Feature", "properties": { "NO": null, "ENTIDAD": null, "MUNICIPIO": null, "PUEBLO INDIGENA O AFROMEXICANO": null, "LOCALIDAD": null, "CLAVE LOC": null, "TIPO DE ASENTAMIENTO": null, "NOMBRE": null, "MONTO ASIGNADO (PESOS)": null, "LATITUD": null, "LONGITUD": null }, "geometry": null },
{ "type": "Feature", "properties": { "NO": null, "ENTIDAD": null, "MUNICIPIO": null, "PUEBLO INDIGENA O AFROMEXICANO": null, "LOCALIDAD": null, "CLAVE LOC": null, "TIPO DE ASENTAMIENTO": null, "NOMBRE": null, "MONTO ASIGNADO (PESOS)": null, "LATITUD": null, "LONGITUD": null }, "geometry": null },
{ "type": "Feature", "properties": { "NO": null, "ENTIDAD": null, "MUNICIPIO": null, "PUEBLO INDIGENA O AFROMEXICANO": null, "LOCALIDAD": null, "CLAVE LOC": null, "TIPO DE ASENTAMIENTO": null, "NOMBRE": null, "MONTO ASIGNADO (PESOS)": null, "LATITUD": null, "LONGITUD": null }, "geometry": null },
{ "type": "Feature", "properties": { "NO": null, "ENTIDAD": null, "MUNICIPIO": null, "PUEBLO INDIGENA O AFROMEXICANO": null, "LOCALIDAD": null, "CLAVE LOC": null, "TIPO DE ASENTAMIENTO": null, "NOMBRE": null, "MONTO ASIGNADO (PESOS)": null, "LATITUD": null, "LONGITUD": null }, "geometry": null },
{ "type": "Feature", "properties": { "NO": null, "ENTIDAD": null, "MUNICIPIO": null, "PUEBLO INDIGENA O AFROMEXICANO": null, "LOCALIDAD": null, "CLAVE LOC": null, "TIPO DE ASENTAMIENTO": null, "NOMBRE": null, "MONTO ASIGNADO (PESOS)": null, "LATITUD": null, "LONGITUD": null }, "geometry": null },
{ "type": "Feature", "properties": { "NO": null, "ENTIDAD": null, "MUNICIPIO": null, "PUEBLO INDIGENA O AFROMEXICANO": null, "LOCALIDAD": null, "CLAVE LOC": null, "TIPO DE ASENTAMIENTO": null, "NOMBRE": null, "MONTO ASIGNADO (PESOS)": null, "LATITUD": null, "LONGITUD": null }, "geometry": null },
{ "type": "Feature", "properties": { "NO": null, "ENTIDAD": null, "MUNICIPIO": null, "PUEBLO INDIGENA O AFROMEXICANO": null, "LOCALIDAD": null, "CLAVE LOC": null, "TIPO DE ASENTAMIENTO": null, "NOMBRE": null, "MONTO ASIGNADO (PESOS)": null, "LATITUD": null, "LONGITUD": null }, "geometry": null },
{ "type": "Feature", "properties": { "NO": null, "ENTIDAD": null, "MUNICIPIO": null, "PUEBLO INDIGENA O AFROMEXICANO": null, "LOCALIDAD": null, "CLAVE LOC": null, "TIPO DE ASENTAMIENTO": null, "NOMBRE": null, "MONTO ASIGNADO (PESOS)": null, "LATITUD": null, "LONGITUD": null }, "geometry": null },
{ "type": "Feature", "properties": { "NO": null, "ENTIDAD": null, "MUNICIPIO": null, "PUEBLO INDIGENA O AFROMEXICANO": null, "LOCALIDAD": null, "CLAVE LOC": null, "TIPO DE ASENTAMIENTO": null, "NOMBRE": null, "MONTO ASIGNADO (PESOS)": null, "LATITUD": null, "LONGITUD": null }, "geometry": null },
{ "type": "Feature", "properties": { "NO": null, "ENTIDAD": null, "MUNICIPIO": null, "PUEBLO INDIGENA O AFROMEXICANO": null, "LOCALIDAD": null, "CLAVE LOC": null, "TIPO DE ASENTAMIENTO": null, "NOMBRE": null, "MONTO ASIGNADO (PESOS)": null, "LATITUD": null, "LONGITUD": null }, "geometry": null },
{ "type": "Feature", "properties": { "NO": null, "ENTIDAD": null, "MUNICIPIO": null, "PUEBLO INDIGENA O AFROMEXICANO": null, "LOCALIDAD": null, "CLAVE LOC": null, "TIPO DE ASENTAMIENTO": null, "NOMBRE": null, "MONTO ASIGNADO (PESOS)": null, "LATITUD": null, "LONGITUD": null }, "geometry": null },
{ "type": "Feature", "properties": { "NO": null, "ENTIDAD": null, "MUNICIPIO": null, "PUEBLO INDIGENA O AFROMEXICANO": null, "LOCALIDAD": null, "CLAVE LOC": null, "TIPO DE ASENTAMIENTO": null, "NOMBRE": null, "MONTO ASIGNADO (PESOS)": null, "LATITUD": null, "LONGITUD": null }, "geometry": null },
{ "type": "Feature", "properties": { "NO": null, "ENTIDAD": null, "MUNICIPIO": null, "PUEBLO INDIGENA O AFROMEXICANO": null, "LOCALIDAD": null, "CLAVE LOC": null, "TIPO DE ASENTAMIENTO": null, "NOMBRE": null, "MONTO ASIGNADO (PESOS)": null, "LATITUD": null, "LONGITUD": null }, "geometry": null },
{ "type": "Feature", "properties": { "NO": null, "ENTIDAD": null, "MUNICIPIO": null, "PUEBLO INDIGENA O AFROMEXICANO": null, "LOCALIDAD": null, "CLAVE LOC": null, "TIPO DE ASENTAMIENTO": null, "NOMBRE": null, "MONTO ASIGNADO (PESOS)": null, "LATITUD": null, "LONGITUD": null }, "geometry": null },
{ "type": "Feature", "properties": { "NO": null, "ENTIDAD": null, "MUNICIPIO": null, "PUEBLO INDIGENA O AFROMEXICANO": null, "LOCALIDAD": null, "CLAVE LOC": null, "TIPO DE ASENTAMIENTO": null, "NOMBRE": null, "MONTO ASIGNADO (PESOS)": null, "LATITUD": null, "LONGITUD": null }, "geometry": null },
{ "type": "Feature", "properties": { "NO": null, "ENTIDAD": null, "MUNICIPIO": null, "PUEBLO INDIGENA O AFROMEXICANO": null, "LOCALIDAD": null, "CLAVE LOC": null, "TIPO DE ASENTAMIENTO": null, "NOMBRE": null, "MONTO ASIGNADO (PESOS)": null, "LATITUD": null, "LONGITUD": null }, "geometry": null },
{ "type": "Feature", "properties": { "NO": null, "ENTIDAD": null, "MUNICIPIO": null, "PUEBLO INDIGENA O AFROMEXICANO": null, "LOCALIDAD": null, "CLAVE LOC": null, "TIPO DE ASENTAMIENTO": null, "NOMBRE": null, "MONTO ASIGNADO (PESOS)": null, "LATITUD": null, "LONGITUD": null }, "geometry": null },
{ "type": "Feature", "properties": { "NO": null, "ENTIDAD": null, "MUNICIPIO": null, "PUEBLO INDIGENA O AFROMEXICANO": null, "LOCALIDAD": null, "CLAVE LOC": null, "TIPO DE ASENTAMIENTO": null, "NOMBRE": null, "MONTO ASIGNADO (PESOS)": null, "LATITUD": null, "LONGITUD": null }, "geometry": null },
{ "type": "Feature", "properties": { "NO": null, "ENTIDAD": null, "MUNICIPIO": null, "PUEBLO INDIGENA O AFROMEXICANO": null, "LOCALIDAD": null, "CLAVE LOC": null, "TIPO DE ASENTAMIENTO": null, "NOMBRE": null, "MONTO ASIGNADO (PESOS)": null, "LATITUD": null, "LONGITUD": null }, "geometry": null },
{ "type": "Feature", "properties": { "NO": null, "ENTIDAD": null, "MUNICIPIO": null, "PUEBLO INDIGENA O AFROMEXICANO": null, "LOCALIDAD": null, "CLAVE LOC": null, "TIPO DE ASENTAMIENTO": null, "NOMBRE": null, "MONTO ASIGNADO (PESOS)": null, "LATITUD": null, "LONGITUD": null }, "geometry": null },
{ "type": "Feature", "properties": { "NO": null, "ENTIDAD": null, "MUNICIPIO": null, "PUEBLO INDIGENA O AFROMEXICANO": null, "LOCALIDAD": null, "CLAVE LOC": null, "TIPO DE ASENTAMIENTO": null, "NOMBRE": null, "MONTO ASIGNADO (PESOS)": null, "LATITUD": null, "LONGITUD": null }, "geometry": null },
{ "type": "Feature", "properties": { "NO": null, "ENTIDAD": null, "MUNICIPIO": null, "PUEBLO INDIGENA O AFROMEXICANO": null, "LOCALIDAD": null, "CLAVE LOC": null, "TIPO DE ASENTAMIENTO": null, "NOMBRE": null, "MONTO ASIGNADO (PESOS)": null, "LATITUD": null, "LONGITUD": null }, "geometry": null },
{ "type": "Feature", "properties": { "NO": null, "ENTIDAD": null, "MUNICIPIO": null, "PUEBLO INDIGENA O AFROMEXICANO": null, "LOCALIDAD": null, "CLAVE LOC": null, "TIPO DE ASENTAMIENTO": null, "NOMBRE": null, "MONTO ASIGNADO (PESOS)": null, "LATITUD": null, "LONGITUD": null }, "geometry": null },
{ "type": "Feature", "properties": { "NO": null, "ENTIDAD": null, "MUNICIPIO": null, "PUEBLO INDIGENA O AFROMEXICANO": null, "LOCALIDAD": null, "CLAVE LOC": null, "TIPO DE ASENTAMIENTO": null, "NOMBRE": null, "MONTO ASIGNADO (PESOS)": null, "LATITUD": null, "LONGITUD": null }, "geometry": null },
{ "type": "Feature", "properties": { "NO": null, "ENTIDAD": null, "MUNICIPIO": null, "PUEBLO INDIGENA O AFROMEXICANO": null, "LOCALIDAD": null, "CLAVE LOC": null, "TIPO DE ASENTAMIENTO": null, "NOMBRE": null, "MONTO ASIGNADO (PESOS)": null, "LATITUD": null, "LONGITUD": null }, "geometry": null },
{ "type": "Feature", "properties": { "NO": null, "ENTIDAD": null, "MUNICIPIO": null, "PUEBLO INDIGENA O AFROMEXICANO": null, "LOCALIDAD": null, "CLAVE LOC": null, "TIPO DE ASENTAMIENTO": null, "NOMBRE": null, "MONTO ASIGNADO (PESOS)": null, "LATITUD": null, "LONGITUD": null }, "geometry": null },
{ "type": "Feature", "properties": { "NO": null, "ENTIDAD": null, "MUNICIPIO": null, "PUEBLO INDIGENA O AFROMEXICANO": null, "LOCALIDAD": null, "CLAVE LOC": null, "TIPO DE ASENTAMIENTO": null, "NOMBRE": null, "MONTO ASIGNADO (PESOS)": null, "LATITUD": null, "LONGITUD": null }, "geometry": null },
{ "type": "Feature", "properties": { "NO": null, "ENTIDAD": null, "MUNICIPIO": null, "PUEBLO INDIGENA O AFROMEXICANO": null, "LOCALIDAD": null, "CLAVE LOC": null, "TIPO DE ASENTAMIENTO": null, "NOMBRE": null, "MONTO ASIGNADO (PESOS)": null, "LATITUD": null, "LONGITUD": null }, "geometry": null },
{ "type": "Feature", "properties": { "NO": null, "ENTIDAD": null, "MUNICIPIO": null, "PUEBLO INDIGENA O AFROMEXICANO": null, "LOCALIDAD": null, "CLAVE LOC": null, "TIPO DE ASENTAMIENTO": null, "NOMBRE": null, "MONTO ASIGNADO (PESOS)": null, "LATITUD": null, "LONGITUD": null }, "geometry": null },
{ "type": "Feature", "properties": { "NO": null, "ENTIDAD": null, "MUNICIPIO": null, "PUEBLO INDIGENA O AFROMEXICANO": null, "LOCALIDAD": null, "CLAVE LOC": null, "TIPO DE ASENTAMIENTO": null, "NOMBRE": null, "MONTO ASIGNADO (PESOS)": null, "LATITUD": null, "LONGITUD": null }, "geometry": null },
{ "type": "Feature", "properties": { "NO": null, "ENTIDAD": null, "MUNICIPIO": null, "PUEBLO INDIGENA O AFROMEXICANO": null, "LOCALIDAD": null, "CLAVE LOC": null, "TIPO DE ASENTAMIENTO": null, "NOMBRE": null, "MONTO ASIGNADO (PESOS)": null, "LATITUD": null, "LONGITUD": null }, "geometry": null },
{ "type": "Feature", "properties": { "NO": null, "ENTIDAD": null, "MUNICIPIO": null, "PUEBLO INDIGENA O AFROMEXICANO": null, "LOCALIDAD": null, "CLAVE LOC": null, "TIPO DE ASENTAMIENTO": null, "NOMBRE": null, "MONTO ASIGNADO (PESOS)": null, "LATITUD": null, "LONGITUD": null }, "geometry": null },
{ "type": "Feature", "properties": { "NO": null, "ENTIDAD": null, "MUNICIPIO": null, "PUEBLO INDIGENA O AFROMEXICANO": null, "LOCALIDAD": null, "CLAVE LOC": null, "TIPO DE ASENTAMIENTO": null, "NOMBRE": null, "MONTO ASIGNADO (PESOS)": null, "LATITUD": null, "LONGITUD": null }, "geometry": null },
{ "type": "Feature", "properties": { "NO": null, "ENTIDAD": null, "MUNICIPIO": null, "PUEBLO INDIGENA O AFROMEXICANO": null, "LOCALIDAD": null, "CLAVE LOC": null, "TIPO DE ASENTAMIENTO": null, "NOMBRE": null, "MONTO ASIGNADO (PESOS)": null, "LATITUD": null, "LONGITUD": null }, "geometry": null },
{ "type": "Feature", "properties": { "NO": null, "ENTIDAD": null, "MUNICIPIO": null, "PUEBLO INDIGENA O AFROMEXICANO": null, "LOCALIDAD": null, "CLAVE LOC": null, "TIPO DE ASENTAMIENTO": null, "NOMBRE": null, "MONTO ASIGNADO (PESOS)": null, "LATITUD": null, "LONGITUD": null }, "geometry": null },
{ "type": "Feature", "properties": { "NO": null, "ENTIDAD": null, "MUNICIPIO": null, "PUEBLO INDIGENA O AFROMEXICANO": null, "LOCALIDAD": null, "CLAVE LOC": null, "TIPO DE ASENTAMIENTO": null, "NOMBRE": null, "MONTO ASIGNADO (PESOS)": null, "LATITUD": null, "LONGITUD": null }, "geometry": null },
{ "type": "Feature", "properties": { "NO": null, "ENTIDAD": null, "MUNICIPIO": null, "PUEBLO INDIGENA O AFROMEXICANO": null, "LOCALIDAD": null, "CLAVE LOC": null, "TIPO DE ASENTAMIENTO": null, "NOMBRE": null, "MONTO ASIGNADO (PESOS)": null, "LATITUD": null, "LONGITUD": null }, "geometry": null },
{ "type": "Feature", "properties": { "NO": null, "ENTIDAD": null, "MUNICIPIO": null, "PUEBLO INDIGENA O AFROMEXICANO": null, "LOCALIDAD": null, "CLAVE LOC": null, "TIPO DE ASENTAMIENTO": null, "NOMBRE": null, "MONTO ASIGNADO (PESOS)": null, "LATITUD": null, "LONGITUD": null }, "geometry": null },
{ "type": "Feature", "properties": { "NO": null, "ENTIDAD": null, "MUNICIPIO": null, "PUEBLO INDIGENA O AFROMEXICANO": null, "LOCALIDAD": null, "CLAVE LOC": null, "TIPO DE ASENTAMIENTO": null, "NOMBRE": null, "MONTO ASIGNADO (PESOS)": null, "LATITUD": null, "LONGITUD": null }, "geometry": null },
{ "type": "Feature", "properties": { "NO": null, "ENTIDAD": null, "MUNICIPIO": null, "PUEBLO INDIGENA O AFROMEXICANO": null, "LOCALIDAD": null, "CLAVE LOC": null, "TIPO DE ASENTAMIENTO": null, "NOMBRE": null, "MONTO ASIGNADO (PESOS)": null, "LATITUD": null, "LONGITUD": null }, "geometry": null },
{ "type": "Feature", "properties": { "NO": null, "ENTIDAD": null, "MUNICIPIO": null, "PUEBLO INDIGENA O AFROMEXICANO": null, "LOCALIDAD": null, "CLAVE LOC": null, "TIPO DE ASENTAMIENTO": null, "NOMBRE": null, "MONTO ASIGNADO (PESOS)": null, "LATITUD": null, "LONGITUD": null }, "geometry": null },
{ "type": "Feature", "properties": { "NO": null, "ENTIDAD": null, "MUNICIPIO": null, "PUEBLO INDIGENA O AFROMEXICANO": null, "LOCALIDAD": null, "CLAVE LOC": null, "TIPO DE ASENTAMIENTO": null, "NOMBRE": null, "MONTO ASIGNADO (PESOS)": null, "LATITUD": null, "LONGITUD": null }, "geometry": null },
{ "type": "Feature", "properties": { "NO": null, "ENTIDAD": null, "MUNICIPIO": null, "PUEBLO INDIGENA O AFROMEXICANO": null, "LOCALIDAD": null, "CLAVE LOC": null, "TIPO DE ASENTAMIENTO": null, "NOMBRE": null, "MONTO ASIGNADO (PESOS)": null, "LATITUD": null, "LONGITUD": null }, "geometry": null },
{ "type": "Feature", "properties": { "NO": null, "ENTIDAD": null, "MUNICIPIO": null, "PUEBLO INDIGENA O AFROMEXICANO": null, "LOCALIDAD": null, "CLAVE LOC": null, "TIPO DE ASENTAMIENTO": null, "NOMBRE": null, "MONTO ASIGNADO (PESOS)": null, "LATITUD": null, "LONGITUD": null }, "geometry": null },
{ "type": "Feature", "properties": { "NO": null, "ENTIDAD": null, "MUNICIPIO": null, "PUEBLO INDIGENA O AFROMEXICANO": null, "LOCALIDAD": null, "CLAVE LOC": null, "TIPO DE ASENTAMIENTO": null, "NOMBRE": null, "MONTO ASIGNADO (PESOS)": null, "LATITUD": null, "LONGITUD": null }, "geometry": null },
{ "type": "Feature", "properties": { "NO": null, "ENTIDAD": null, "MUNICIPIO": null, "PUEBLO INDIGENA O AFROMEXICANO": null, "LOCALIDAD": null, "CLAVE LOC": null, "TIPO DE ASENTAMIENTO": null, "NOMBRE": null, "MONTO ASIGNADO (PESOS)": null, "LATITUD": null, "LONGITUD": null }, "geometry": null },
{ "type": "Feature", "properties": { "NO": null, "ENTIDAD": null, "MUNICIPIO": null, "PUEBLO INDIGENA O AFROMEXICANO": null, "LOCALIDAD": null, "CLAVE LOC": null, "TIPO DE ASENTAMIENTO": null, "NOMBRE": null, "MONTO ASIGNADO (PESOS)": null, "LATITUD": null, "LONGITUD": null }, "geometry": null },
{ "type": "Feature", "properties": { "NO": null, "ENTIDAD": null, "MUNICIPIO": null, "PUEBLO INDIGENA O AFROMEXICANO": null, "LOCALIDAD": null, "CLAVE LOC": null, "TIPO DE ASENTAMIENTO": null, "NOMBRE": null, "MONTO ASIGNADO (PESOS)": null, "LATITUD": null, "LONGITUD": null }, "geometry": null },
{ "type": "Feature", "properties": { "NO": null, "ENTIDAD": null, "MUNICIPIO": null, "PUEBLO INDIGENA O AFROMEXICANO": null, "LOCALIDAD": null, "CLAVE LOC": null, "TIPO DE ASENTAMIENTO": null, "NOMBRE": null, "MONTO ASIGNADO (PESOS)": null, "LATITUD": null, "LONGITUD": null }, "geometry": null },
{ "type": "Feature", "properties": { "NO": null, "ENTIDAD": null, "MUNICIPIO": null, "PUEBLO INDIGENA O AFROMEXICANO": null, "LOCALIDAD": null, "CLAVE LOC": null, "TIPO DE ASENTAMIENTO": null, "NOMBRE": null, "MONTO ASIGNADO (PESOS)": null, "LATITUD": null, "LONGITUD": null }, "geometry": null },
{ "type": "Feature", "properties": { "NO": null, "ENTIDAD": null, "MUNICIPIO": null, "PUEBLO INDIGENA O AFROMEXICANO": null, "LOCALIDAD": null, "CLAVE LOC": null, "TIPO DE ASENTAMIENTO": null, "NOMBRE": null, "MONTO ASIGNADO (PESOS)": null, "LATITUD": null, "LONGITUD": null }, "geometry": null },
{ "type": "Feature", "properties": { "NO": null, "ENTIDAD": null, "MUNICIPIO": null, "PUEBLO INDIGENA O AFROMEXICANO": null, "LOCALIDAD": null, "CLAVE LOC": null, "TIPO DE ASENTAMIENTO": null, "NOMBRE": null, "MONTO ASIGNADO (PESOS)": null, "LATITUD": null, "LONGITUD": null }, "geometry": null },
{ "type": "Feature", "properties": { "NO": null, "ENTIDAD": null, "MUNICIPIO": null, "PUEBLO INDIGENA O AFROMEXICANO": null, "LOCALIDAD": null, "CLAVE LOC": null, "TIPO DE ASENTAMIENTO": null, "NOMBRE": null, "MONTO ASIGNADO (PESOS)": null, "LATITUD": null, "LONGITUD": null }, "geometry": null },
{ "type": "Feature", "properties": { "NO": null, "ENTIDAD": null, "MUNICIPIO": null, "PUEBLO INDIGENA O AFROMEXICANO": null, "LOCALIDAD": null, "CLAVE LOC": null, "TIPO DE ASENTAMIENTO": null, "NOMBRE": null, "MONTO ASIGNADO (PESOS)": null, "LATITUD": null, "LONGITUD": null }, "geometry": null },
{ "type": "Feature", "properties": { "NO": null, "ENTIDAD": null, "MUNICIPIO": null, "PUEBLO INDIGENA O AFROMEXICANO": null, "LOCALIDAD": null, "CLAVE LOC": null, "TIPO DE ASENTAMIENTO": null, "NOMBRE": null, "MONTO ASIGNADO (PESOS)": null, "LATITUD": null, "LONGITUD": null }, "geometry": null },
{ "type": "Feature", "properties": { "NO": null, "ENTIDAD": null, "MUNICIPIO": null, "PUEBLO INDIGENA O AFROMEXICANO": null, "LOCALIDAD": null, "CLAVE LOC": null, "TIPO DE ASENTAMIENTO": null, "NOMBRE": null, "MONTO ASIGNADO (PESOS)": null, "LATITUD": null, "LONGITUD": null }, "geometry": null },
{ "type": "Feature", "properties": { "NO": null, "ENTIDAD": null, "MUNICIPIO": null, "PUEBLO INDIGENA O AFROMEXICANO": null, "LOCALIDAD": null, "CLAVE LOC": null, "TIPO DE ASENTAMIENTO": null, "NOMBRE": null, "MONTO ASIGNADO (PESOS)": null, "LATITUD": null, "LONGITUD": null }, "geometry": null },
{ "type": "Feature", "properties": { "NO": null, "ENTIDAD": null, "MUNICIPIO": null, "PUEBLO INDIGENA O AFROMEXICANO": null, "LOCALIDAD": null, "CLAVE LOC": null, "TIPO DE ASENTAMIENTO": null, "NOMBRE": null, "MONTO ASIGNADO (PESOS)": null, "LATITUD": null, "LONGITUD": null }, "geometry": null },
{ "type": "Feature", "properties": { "NO": null, "ENTIDAD": null, "MUNICIPIO": null, "PUEBLO INDIGENA O AFROMEXICANO": null, "LOCALIDAD": null, "CLAVE LOC": null, "TIPO DE ASENTAMIENTO": null, "NOMBRE": null, "MONTO ASIGNADO (PESOS)": null, "LATITUD": null, "LONGITUD": null }, "geometry": null },
{ "type": "Feature", "properties": { "NO": null, "ENTIDAD": null, "MUNICIPIO": null, "PUEBLO INDIGENA O AFROMEXICANO": null, "LOCALIDAD": null, "CLAVE LOC": null, "TIPO DE ASENTAMIENTO": null, "NOMBRE": null, "MONTO ASIGNADO (PESOS)": null, "LATITUD": null, "LONGITUD": null }, "geometry": null },
{ "type": "Feature", "properties": { "NO": null, "ENTIDAD": null, "MUNICIPIO": null, "PUEBLO INDIGENA O AFROMEXICANO": null, "LOCALIDAD": null, "CLAVE LOC": null, "TIPO DE ASENTAMIENTO": null, "NOMBRE": null, "MONTO ASIGNADO (PESOS)": null, "LATITUD": null, "LONGITUD": null }, "geometry": null },
{ "type": "Feature", "properties": { "NO": null, "ENTIDAD": null, "MUNICIPIO": null, "PUEBLO INDIGENA O AFROMEXICANO": null, "LOCALIDAD": null, "CLAVE LOC": null, "TIPO DE ASENTAMIENTO": null, "NOMBRE": null, "MONTO ASIGNADO (PESOS)": null, "LATITUD": null, "LONGITUD": null }, "geometry": null },
{ "type": "Feature", "properties": { "NO": null, "ENTIDAD": null, "MUNICIPIO": null, "PUEBLO INDIGENA O AFROMEXICANO": null, "LOCALIDAD": null, "CLAVE LOC": null, "TIPO DE ASENTAMIENTO": null, "NOMBRE": null, "MONTO ASIGNADO (PESOS)": null, "LATITUD": null, "LONGITUD": null }, "geometry": null },
{ "type": "Feature", "properties": { "NO": null, "ENTIDAD": null, "MUNICIPIO": null, "PUEBLO INDIGENA O AFROMEXICANO": null, "LOCALIDAD": null, "CLAVE LOC": null, "TIPO DE ASENTAMIENTO": null, "NOMBRE": null, "MONTO ASIGNADO (PESOS)": null, "LATITUD": null, "LONGITUD": null }, "geometry": null },
{ "type": "Feature", "properties": { "NO": null, "ENTIDAD": null, "MUNICIPIO": null, "PUEBLO INDIGENA O AFROMEXICANO": null, "LOCALIDAD": null, "CLAVE LOC": null, "TIPO DE ASENTAMIENTO": null, "NOMBRE": null, "MONTO ASIGNADO (PESOS)": null, "LATITUD": null, "LONGITUD": null }, "geometry": null },
{ "type": "Feature", "properties": { "NO": null, "ENTIDAD": null, "MUNICIPIO": null, "PUEBLO INDIGENA O AFROMEXICANO": null, "LOCALIDAD": null, "CLAVE LOC": null, "TIPO DE ASENTAMIENTO": null, "NOMBRE": null, "MONTO ASIGNADO (PESOS)": null, "LATITUD": null, "LONGITUD": null }, "geometry": null },
{ "type": "Feature", "properties": { "NO": null, "ENTIDAD": null, "MUNICIPIO": null, "PUEBLO INDIGENA O AFROMEXICANO": null, "LOCALIDAD": null, "CLAVE LOC": null, "TIPO DE ASENTAMIENTO": null, "NOMBRE": null, "MONTO ASIGNADO (PESOS)": null, "LATITUD": null, "LONGITUD": null }, "geometry": null },
{ "type": "Feature", "properties": { "NO": null, "ENTIDAD": null, "MUNICIPIO": null, "PUEBLO INDIGENA O AFROMEXICANO": null, "LOCALIDAD": null, "CLAVE LOC": null, "TIPO DE ASENTAMIENTO": null, "NOMBRE": null, "MONTO ASIGNADO (PESOS)": null, "LATITUD": null, "LONGITUD": null }, "geometry": null },
{ "type": "Feature", "properties": { "NO": null, "ENTIDAD": null, "MUNICIPIO": null, "PUEBLO INDIGENA O AFROMEXICANO": null, "LOCALIDAD": null, "CLAVE LOC": null, "TIPO DE ASENTAMIENTO": null, "NOMBRE": null, "MONTO ASIGNADO (PESOS)": null, "LATITUD": null, "LONGITUD": null }, "geometry": null },
{ "type": "Feature", "properties": { "NO": null, "ENTIDAD": null, "MUNICIPIO": null, "PUEBLO INDIGENA O AFROMEXICANO": null, "LOCALIDAD": null, "CLAVE LOC": null, "TIPO DE ASENTAMIENTO": null, "NOMBRE": null, "MONTO ASIGNADO (PESOS)": null, "LATITUD": null, "LONGITUD": null }, "geometry": null },
{ "type": "Feature", "properties": { "NO": null, "ENTIDAD": null, "MUNICIPIO": null, "PUEBLO INDIGENA O AFROMEXICANO": null, "LOCALIDAD": null, "CLAVE LOC": null, "TIPO DE ASENTAMIENTO": null, "NOMBRE": null, "MONTO ASIGNADO (PESOS)": null, "LATITUD": null, "LONGITUD": null }, "geometry": null },
{ "type": "Feature", "properties": { "NO": null, "ENTIDAD": null, "MUNICIPIO": null, "PUEBLO INDIGENA O AFROMEXICANO": null, "LOCALIDAD": null, "CLAVE LOC": null, "TIPO DE ASENTAMIENTO": null, "NOMBRE": null, "MONTO ASIGNADO (PESOS)": null, "LATITUD": null, "LONGITUD": null }, "geometry": null },
{ "type": "Feature", "properties": { "NO": null, "ENTIDAD": null, "MUNICIPIO": null, "PUEBLO INDIGENA O AFROMEXICANO": null, "LOCALIDAD": null, "CLAVE LOC": null, "TIPO DE ASENTAMIENTO": null, "NOMBRE": null, "MONTO ASIGNADO (PESOS)": null, "LATITUD": null, "LONGITUD": null }, "geometry": null },
{ "type": "Feature", "properties": { "NO": null, "ENTIDAD": null, "MUNICIPIO": null, "PUEBLO INDIGENA O AFROMEXICANO": null, "LOCALIDAD": null, "CLAVE LOC": null, "TIPO DE ASENTAMIENTO": null, "NOMBRE": null, "MONTO ASIGNADO (PESOS)": null, "LATITUD": null, "LONGITUD": null }, "geometry": null },
{ "type": "Feature", "properties": { "NO": null, "ENTIDAD": null, "MUNICIPIO": null, "PUEBLO INDIGENA O AFROMEXICANO": null, "LOCALIDAD": null, "CLAVE LOC": null, "TIPO DE ASENTAMIENTO": null, "NOMBRE": null, "MONTO ASIGNADO (PESOS)": null, "LATITUD": null, "LONGITUD": null }, "geometry": null },
{ "type": "Feature", "properties": { "NO": null, "ENTIDAD": null, "MUNICIPIO": null, "PUEBLO INDIGENA O AFROMEXICANO": null, "LOCALIDAD": null, "CLAVE LOC": null, "TIPO DE ASENTAMIENTO": null, "NOMBRE": null, "MONTO ASIGNADO (PESOS)": null, "LATITUD": null, "LONGITUD": null }, "geometry": null },
{ "type": "Feature", "properties": { "NO": null, "ENTIDAD": null, "MUNICIPIO": null, "PUEBLO INDIGENA O AFROMEXICANO": null, "LOCALIDAD": null, "CLAVE LOC": null, "TIPO DE ASENTAMIENTO": null, "NOMBRE": null, "MONTO ASIGNADO (PESOS)": null, "LATITUD": null, "LONGITUD": null }, "geometry": null },
{ "type": "Feature", "properties": { "NO": null, "ENTIDAD": null, "MUNICIPIO": null, "PUEBLO INDIGENA O AFROMEXICANO": null, "LOCALIDAD": null, "CLAVE LOC": null, "TIPO DE ASENTAMIENTO": null, "NOMBRE": null, "MONTO ASIGNADO (PESOS)": null, "LATITUD": null, "LONGITUD": null }, "geometry": null },
{ "type": "Feature", "properties": { "NO": null, "ENTIDAD": null, "MUNICIPIO": null, "PUEBLO INDIGENA O AFROMEXICANO": null, "LOCALIDAD": null, "CLAVE LOC": null, "TIPO DE ASENTAMIENTO": null, "NOMBRE": null, "MONTO ASIGNADO (PESOS)": null, "LATITUD": null, "LONGITUD": null }, "geometry": null },
{ "type": "Feature", "properties": { "NO": null, "ENTIDAD": null, "MUNICIPIO": null, "PUEBLO INDIGENA O AFROMEXICANO": null, "LOCALIDAD": null, "CLAVE LOC": null, "TIPO DE ASENTAMIENTO": null, "NOMBRE": null, "MONTO ASIGNADO (PESOS)": null, "LATITUD": null, "LONGITUD": null }, "geometry": null },
{ "type": "Feature", "properties": { "NO": null, "ENTIDAD": null, "MUNICIPIO": null, "PUEBLO INDIGENA O AFROMEXICANO": null, "LOCALIDAD": null, "CLAVE LOC": null, "TIPO DE ASENTAMIENTO": null, "NOMBRE": null, "MONTO ASIGNADO (PESOS)": null, "LATITUD": null, "LONGITUD": null }, "geometry": null },
{ "type": "Feature", "properties": { "NO": null, "ENTIDAD": null, "MUNICIPIO": null, "PUEBLO INDIGENA O AFROMEXICANO": null, "LOCALIDAD": null, "CLAVE LOC": null, "TIPO DE ASENTAMIENTO": null, "NOMBRE": null, "MONTO ASIGNADO (PESOS)": null, "LATITUD": null, "LONGITUD": null }, "geometry": null },
{ "type": "Feature", "properties": { "NO": null, "ENTIDAD": null, "MUNICIPIO": null, "PUEBLO INDIGENA O AFROMEXICANO": null, "LOCALIDAD": null, "CLAVE LOC": null, "TIPO DE ASENTAMIENTO": null, "NOMBRE": null, "MONTO ASIGNADO (PESOS)": null, "LATITUD": null, "LONGITUD": null }, "geometry": null },
{ "type": "Feature", "properties": { "NO": null, "ENTIDAD": null, "MUNICIPIO": null, "PUEBLO INDIGENA O AFROMEXICANO": null, "LOCALIDAD": null, "CLAVE LOC": null, "TIPO DE ASENTAMIENTO": null, "NOMBRE": null, "MONTO ASIGNADO (PESOS)": null, "LATITUD": null, "LONGITUD": null }, "geometry": null },
{ "type": "Feature", "properties": { "NO": null, "ENTIDAD": null, "MUNICIPIO": null, "PUEBLO INDIGENA O AFROMEXICANO": null, "LOCALIDAD": null, "CLAVE LOC": null, "TIPO DE ASENTAMIENTO": null, "NOMBRE": null, "MONTO ASIGNADO (PESOS)": null, "LATITUD": null, "LONGITUD": null }, "geometry": null },
{ "type": "Feature", "properties": { "NO": null, "ENTIDAD": null, "MUNICIPIO": null, "PUEBLO INDIGENA O AFROMEXICANO": null, "LOCALIDAD": null, "CLAVE LOC": null, "TIPO DE ASENTAMIENTO": null, "NOMBRE": null, "MONTO ASIGNADO (PESOS)": null, "LATITUD": null, "LONGITUD": null }, "geometry": null },
{ "type": "Feature", "properties": { "NO": null, "ENTIDAD": null, "MUNICIPIO": null, "PUEBLO INDIGENA O AFROMEXICANO": null, "LOCALIDAD": null, "CLAVE LOC": null, "TIPO DE ASENTAMIENTO": null, "NOMBRE": null, "MONTO ASIGNADO (PESOS)": null, "LATITUD": null, "LONGITUD": null }, "geometry": null },
{ "type": "Feature", "properties": { "NO": null, "ENTIDAD": null, "MUNICIPIO": null, "PUEBLO INDIGENA O AFROMEXICANO": null, "LOCALIDAD": null, "CLAVE LOC": null, "TIPO DE ASENTAMIENTO": null, "NOMBRE": null, "MONTO ASIGNADO (PESOS)": null, "LATITUD": null, "LONGITUD": null }, "geometry": null },
{ "type": "Feature", "properties": { "NO": null, "ENTIDAD": null, "MUNICIPIO": null, "PUEBLO INDIGENA O AFROMEXICANO": null, "LOCALIDAD": null, "CLAVE LOC": null, "TIPO DE ASENTAMIENTO": null, "NOMBRE": null, "MONTO ASIGNADO (PESOS)": null, "LATITUD": null, "LONGITUD": null }, "geometry": null },
{ "type": "Feature", "properties": { "NO": null, "ENTIDAD": null, "MUNICIPIO": null, "PUEBLO INDIGENA O AFROMEXICANO": null, "LOCALIDAD": null, "CLAVE LOC": null, "TIPO DE ASENTAMIENTO": null, "NOMBRE": null, "MONTO ASIGNADO (PESOS)": null, "LATITUD": null, "LONGITUD": null }, "geometry": null },
{ "type": "Feature", "properties": { "NO": null, "ENTIDAD": null, "MUNICIPIO": null, "PUEBLO INDIGENA O AFROMEXICANO": null, "LOCALIDAD": null, "CLAVE LOC": null, "TIPO DE ASENTAMIENTO": null, "NOMBRE": null, "MONTO ASIGNADO (PESOS)": null, "LATITUD": null, "LONGITUD": null }, "geometry": null },
{ "type": "Feature", "properties": { "NO": null, "ENTIDAD": null, "MUNICIPIO": null, "PUEBLO INDIGENA O AFROMEXICANO": null, "LOCALIDAD": null, "CLAVE LOC": null, "TIPO DE ASENTAMIENTO": null, "NOMBRE": null, "MONTO ASIGNADO (PESOS)": null, "LATITUD": null, "LONGITUD": null }, "geometry": null },
{ "type": "Feature", "properties": { "NO": null, "ENTIDAD": null, "MUNICIPIO": null, "PUEBLO INDIGENA O AFROMEXICANO": null, "LOCALIDAD": null, "CLAVE LOC": null, "TIPO DE ASENTAMIENTO": null, "NOMBRE": null, "MONTO ASIGNADO (PESOS)": null, "LATITUD": null, "LONGITUD": null }, "geometry": null },
{ "type": "Feature", "properties": { "NO": null, "ENTIDAD": null, "MUNICIPIO": null, "PUEBLO INDIGENA O AFROMEXICANO": null, "LOCALIDAD": null, "CLAVE LOC": null, "TIPO DE ASENTAMIENTO": null, "NOMBRE": null, "MONTO ASIGNADO (PESOS)": null, "LATITUD": null, "LONGITUD": null }, "geometry": null },
{ "type": "Feature", "properties": { "NO": null, "ENTIDAD": null, "MUNICIPIO": null, "PUEBLO INDIGENA O AFROMEXICANO": null, "LOCALIDAD": null, "CLAVE LOC": null, "TIPO DE ASENTAMIENTO": null, "NOMBRE": null, "MONTO ASIGNADO (PESOS)": null, "LATITUD": null, "LONGITUD": null }, "geometry": null },
{ "type": "Feature", "properties": { "NO": null, "ENTIDAD": null, "MUNICIPIO": null, "PUEBLO INDIGENA O AFROMEXICANO": null, "LOCALIDAD": null, "CLAVE LOC": null, "TIPO DE ASENTAMIENTO": null, "NOMBRE": null, "MONTO ASIGNADO (PESOS)": null, "LATITUD": null, "LONGITUD": null }, "geometry": null },
{ "type": "Feature", "properties": { "NO": null, "ENTIDAD": null, "MUNICIPIO": null, "PUEBLO INDIGENA O AFROMEXICANO": null, "LOCALIDAD": null, "CLAVE LOC": null, "TIPO DE ASENTAMIENTO": null, "NOMBRE": null, "MONTO ASIGNADO (PESOS)": null, "LATITUD": null, "LONGITUD": null }, "geometry": null },
{ "type": "Feature", "properties": { "NO": null, "ENTIDAD": null, "MUNICIPIO": null, "PUEBLO INDIGENA O AFROMEXICANO": null, "LOCALIDAD": null, "CLAVE LOC": null, "TIPO DE ASENTAMIENTO": null, "NOMBRE": null, "MONTO ASIGNADO (PESOS)": null, "LATITUD": null, "LONGITUD": null }, "geometry": null },
{ "type": "Feature", "properties": { "NO": null, "ENTIDAD": null, "MUNICIPIO": null, "PUEBLO INDIGENA O AFROMEXICANO": null, "LOCALIDAD": null, "CLAVE LOC": null, "TIPO DE ASENTAMIENTO": null, "NOMBRE": null, "MONTO ASIGNADO (PESOS)": null, "LATITUD": null, "LONGITUD": null }, "geometry": null },
{ "type": "Feature", "properties": { "NO": null, "ENTIDAD": null, "MUNICIPIO": null, "PUEBLO INDIGENA O AFROMEXICANO": null, "LOCALIDAD": null, "CLAVE LOC": null, "TIPO DE ASENTAMIENTO": null, "NOMBRE": null, "MONTO ASIGNADO (PESOS)": null, "LATITUD": null, "LONGITUD": null }, "geometry": null },
{ "type": "Feature", "properties": { "NO": null, "ENTIDAD": null, "MUNICIPIO": null, "PUEBLO INDIGENA O AFROMEXICANO": null, "LOCALIDAD": null, "CLAVE LOC": null, "TIPO DE ASENTAMIENTO": null, "NOMBRE": null, "MONTO ASIGNADO (PESOS)": null, "LATITUD": null, "LONGITUD": null }, "geometry": null },
{ "type": "Feature", "properties": { "NO": null, "ENTIDAD": null, "MUNICIPIO": null, "PUEBLO INDIGENA O AFROMEXICANO": null, "LOCALIDAD": null, "CLAVE LOC": null, "TIPO DE ASENTAMIENTO": null, "NOMBRE": null, "MONTO ASIGNADO (PESOS)": null, "LATITUD": null, "LONGITUD": null }, "geometry": null },
{ "type": "Feature", "properties": { "NO": null, "ENTIDAD": null, "MUNICIPIO": null, "PUEBLO INDIGENA O AFROMEXICANO": null, "LOCALIDAD": null, "CLAVE LOC": null, "TIPO DE ASENTAMIENTO": null, "NOMBRE": null, "MONTO ASIGNADO (PESOS)": null, "LATITUD": null, "LONGITUD": null }, "geometry": null },
{ "type": "Feature", "properties": { "NO": null, "ENTIDAD": null, "MUNICIPIO": null, "PUEBLO INDIGENA O AFROMEXICANO": null, "LOCALIDAD": null, "CLAVE LOC": null, "TIPO DE ASENTAMIENTO": null, "NOMBRE": null, "MONTO ASIGNADO (PESOS)": null, "LATITUD": null, "LONGITUD": null }, "geometry": null },
{ "type": "Feature", "properties": { "NO": null, "ENTIDAD": null, "MUNICIPIO": null, "PUEBLO INDIGENA O AFROMEXICANO": null, "LOCALIDAD": null, "CLAVE LOC": null, "TIPO DE ASENTAMIENTO": null, "NOMBRE": null, "MONTO ASIGNADO (PESOS)": null, "LATITUD": null, "LONGITUD": null }, "geometry": null },
{ "type": "Feature", "properties": { "NO": null, "ENTIDAD": null, "MUNICIPIO": null, "PUEBLO INDIGENA O AFROMEXICANO": null, "LOCALIDAD": null, "CLAVE LOC": null, "TIPO DE ASENTAMIENTO": null, "NOMBRE": null, "MONTO ASIGNADO (PESOS)": null, "LATITUD": null, "LONGITUD": null }, "geometry": null },
{ "type": "Feature", "properties": { "NO": null, "ENTIDAD": null, "MUNICIPIO": null, "PUEBLO INDIGENA O AFROMEXICANO": null, "LOCALIDAD": null, "CLAVE LOC": null, "TIPO DE ASENTAMIENTO": null, "NOMBRE": null, "MONTO ASIGNADO (PESOS)": null, "LATITUD": null, "LONGITUD": null }, "geometry": null },
{ "type": "Feature", "properties": { "NO": null, "ENTIDAD": null, "MUNICIPIO": null, "PUEBLO INDIGENA O AFROMEXICANO": null, "LOCALIDAD": null, "CLAVE LOC": null, "TIPO DE ASENTAMIENTO": null, "NOMBRE": null, "MONTO ASIGNADO (PESOS)": null, "LATITUD": null, "LONGITUD": null }, "geometry": null },
{ "type": "Feature", "properties": { "NO": null, "ENTIDAD": null, "MUNICIPIO": null, "PUEBLO INDIGENA O AFROMEXICANO": null, "LOCALIDAD": null, "CLAVE LOC": null, "TIPO DE ASENTAMIENTO": null, "NOMBRE": null, "MONTO ASIGNADO (PESOS)": null, "LATITUD": null, "LONGITUD": null }, "geometry": null },
{ "type": "Feature", "properties": { "NO": null, "ENTIDAD": null, "MUNICIPIO": null, "PUEBLO INDIGENA O AFROMEXICANO": null, "LOCALIDAD": null, "CLAVE LOC": null, "TIPO DE ASENTAMIENTO": null, "NOMBRE": null, "MONTO ASIGNADO (PESOS)": null, "LATITUD": null, "LONGITUD": null }, "geometry": null },
{ "type": "Feature", "properties": { "NO": null, "ENTIDAD": null, "MUNICIPIO": null, "PUEBLO INDIGENA O AFROMEXICANO": null, "LOCALIDAD": null, "CLAVE LOC": null, "TIPO DE ASENTAMIENTO": null, "NOMBRE": null, "MONTO ASIGNADO (PESOS)": null, "LATITUD": null, "LONGITUD": null }, "geometry": null },
{ "type": "Feature", "properties": { "NO": null, "ENTIDAD": null, "MUNICIPIO": null, "PUEBLO INDIGENA O AFROMEXICANO": null, "LOCALIDAD": null, "CLAVE LOC": null, "TIPO DE ASENTAMIENTO": null, "NOMBRE": null, "MONTO ASIGNADO (PESOS)": null, "LATITUD": null, "LONGITUD": null }, "geometry": null },
{ "type": "Feature", "properties": { "NO": null, "ENTIDAD": null, "MUNICIPIO": null, "PUEBLO INDIGENA O AFROMEXICANO": null, "LOCALIDAD": null, "CLAVE LOC": null, "TIPO DE ASENTAMIENTO": null, "NOMBRE": null, "MONTO ASIGNADO (PESOS)": null, "LATITUD": null, "LONGITUD": null }, "geometry": null },
{ "type": "Feature", "properties": { "NO": null, "ENTIDAD": null, "MUNICIPIO": null, "PUEBLO INDIGENA O AFROMEXICANO": null, "LOCALIDAD": null, "CLAVE LOC": null, "TIPO DE ASENTAMIENTO": null, "NOMBRE": null, "MONTO ASIGNADO (PESOS)": null, "LATITUD": null, "LONGITUD": null }, "geometry": null },
{ "type": "Feature", "properties": { "NO": null, "ENTIDAD": null, "MUNICIPIO": null, "PUEBLO INDIGENA O AFROMEXICANO": null, "LOCALIDAD": null, "CLAVE LOC": null, "TIPO DE ASENTAMIENTO": null, "NOMBRE": null, "MONTO ASIGNADO (PESOS)": null, "LATITUD": null, "LONGITUD": null }, "geometry": null },
{ "type": "Feature", "properties": { "NO": null, "ENTIDAD": null, "MUNICIPIO": null, "PUEBLO INDIGENA O AFROMEXICANO": null, "LOCALIDAD": null, "CLAVE LOC": null, "TIPO DE ASENTAMIENTO": null, "NOMBRE": null, "MONTO ASIGNADO (PESOS)": null, "LATITUD": null, "LONGITUD": null }, "geometry": null },
{ "type": "Feature", "properties": { "NO": null, "ENTIDAD": null, "MUNICIPIO": null, "PUEBLO INDIGENA O AFROMEXICANO": null, "LOCALIDAD": null, "CLAVE LOC": null, "TIPO DE ASENTAMIENTO": null, "NOMBRE": null, "MONTO ASIGNADO (PESOS)": null, "LATITUD": null, "LONGITUD": null }, "geometry": null },
{ "type": "Feature", "properties": { "NO": null, "ENTIDAD": null, "MUNICIPIO": null, "PUEBLO INDIGENA O AFROMEXICANO": null, "LOCALIDAD": null, "CLAVE LOC": null, "TIPO DE ASENTAMIENTO": null, "NOMBRE": null, "MONTO ASIGNADO (PESOS)": null, "LATITUD": null, "LONGITUD": null }, "geometry": null },
{ "type": "Feature", "properties": { "NO": null, "ENTIDAD": null, "MUNICIPIO": null, "PUEBLO INDIGENA O AFROMEXICANO": null, "LOCALIDAD": null, "CLAVE LOC": null, "TIPO DE ASENTAMIENTO": null, "NOMBRE": null, "MONTO ASIGNADO (PESOS)": null, "LATITUD": null, "LONGITUD": null }, "geometry": null },
{ "type": "Feature", "properties": { "NO": null, "ENTIDAD": null, "MUNICIPIO": null, "PUEBLO INDIGENA O AFROMEXICANO": null, "LOCALIDAD": null, "CLAVE LOC": null, "TIPO DE ASENTAMIENTO": null, "NOMBRE": null, "MONTO ASIGNADO (PESOS)": null, "LATITUD": null, "LONGITUD": null }, "geometry": null },
{ "type": "Feature", "properties": { "NO": null, "ENTIDAD": null, "MUNICIPIO": null, "PUEBLO INDIGENA O AFROMEXICANO": null, "LOCALIDAD": null, "CLAVE LOC": null, "TIPO DE ASENTAMIENTO": null, "NOMBRE": null, "MONTO ASIGNADO (PESOS)": null, "LATITUD": null, "LONGITUD": null }, "geometry": null },
{ "type": "Feature", "properties": { "NO": null, "ENTIDAD": null, "MUNICIPIO": null, "PUEBLO INDIGENA O AFROMEXICANO": null, "LOCALIDAD": null, "CLAVE LOC": null, "TIPO DE ASENTAMIENTO": null, "NOMBRE": null, "MONTO ASIGNADO (PESOS)": null, "LATITUD": null, "LONGITUD": null }, "geometry": null },
{ "type": "Feature", "properties": { "NO": null, "ENTIDAD": null, "MUNICIPIO": null, "PUEBLO INDIGENA O AFROMEXICANO": null, "LOCALIDAD": null, "CLAVE LOC": null, "TIPO DE ASENTAMIENTO": null, "NOMBRE": null, "MONTO ASIGNADO (PESOS)": null, "LATITUD": null, "LONGITUD": null }, "geometry": null },
{ "type": "Feature", "properties": { "NO": null, "ENTIDAD": null, "MUNICIPIO": null, "PUEBLO INDIGENA O AFROMEXICANO": null, "LOCALIDAD": null, "CLAVE LOC": null, "TIPO DE ASENTAMIENTO": null, "NOMBRE": null, "MONTO ASIGNADO (PESOS)": null, "LATITUD": null, "LONGITUD": null }, "geometry": null },
{ "type": "Feature", "properties": { "NO": null, "ENTIDAD": null, "MUNICIPIO": null, "PUEBLO INDIGENA O AFROMEXICANO": null, "LOCALIDAD": null, "CLAVE LOC": null, "TIPO DE ASENTAMIENTO": null, "NOMBRE": null, "MONTO ASIGNADO (PESOS)": null, "LATITUD": null, "LONGITUD": null }, "geometry": null },
{ "type": "Feature", "properties": { "NO": null, "ENTIDAD": null, "MUNICIPIO": null, "PUEBLO INDIGENA O AFROMEXICANO": null, "LOCALIDAD": null, "CLAVE LOC": null, "TIPO DE ASENTAMIENTO": null, "NOMBRE": null, "MONTO ASIGNADO (PESOS)": null, "LATITUD": null, "LONGITUD": null }, "geometry": null },
{ "type": "Feature", "properties": { "NO": null, "ENTIDAD": null, "MUNICIPIO": null, "PUEBLO INDIGENA O AFROMEXICANO": null, "LOCALIDAD": null, "CLAVE LOC": null, "TIPO DE ASENTAMIENTO": null, "NOMBRE": null, "MONTO ASIGNADO (PESOS)": null, "LATITUD": null, "LONGITUD": null }, "geometry": null },
{ "type": "Feature", "properties": { "NO": null, "ENTIDAD": null, "MUNICIPIO": null, "PUEBLO INDIGENA O AFROMEXICANO": null, "LOCALIDAD": null, "CLAVE LOC": null, "TIPO DE ASENTAMIENTO": null, "NOMBRE": null, "MONTO ASIGNADO (PESOS)": null, "LATITUD": null, "LONGITUD": null }, "geometry": null },
{ "type": "Feature", "properties": { "NO": null, "ENTIDAD": null, "MUNICIPIO": null, "PUEBLO INDIGENA O AFROMEXICANO": null, "LOCALIDAD": null, "CLAVE LOC": null, "TIPO DE ASENTAMIENTO": null, "NOMBRE": null, "MONTO ASIGNADO (PESOS)": null, "LATITUD": null, "LONGITUD": null }, "geometry": null },
{ "type": "Feature", "properties": { "NO": null, "ENTIDAD": null, "MUNICIPIO": null, "PUEBLO INDIGENA O AFROMEXICANO": null, "LOCALIDAD": null, "CLAVE LOC": null, "TIPO DE ASENTAMIENTO": null, "NOMBRE": null, "MONTO ASIGNADO (PESOS)": null, "LATITUD": null, "LONGITUD": null }, "geometry": null },
{ "type": "Feature", "properties": { "NO": null, "ENTIDAD": null, "MUNICIPIO": null, "PUEBLO INDIGENA O AFROMEXICANO": null, "LOCALIDAD": null, "CLAVE LOC": null, "TIPO DE ASENTAMIENTO": null, "NOMBRE": null, "MONTO ASIGNADO (PESOS)": null, "LATITUD": null, "LONGITUD": null }, "geometry": null },
{ "type": "Feature", "properties": { "NO": null, "ENTIDAD": null, "MUNICIPIO": null, "PUEBLO INDIGENA O AFROMEXICANO": null, "LOCALIDAD": null, "CLAVE LOC": null, "TIPO DE ASENTAMIENTO": null, "NOMBRE": null, "MONTO ASIGNADO (PESOS)": null, "LATITUD": null, "LONGITUD": null }, "geometry": null },
{ "type": "Feature", "properties": { "NO": null, "ENTIDAD": null, "MUNICIPIO": null, "PUEBLO INDIGENA O AFROMEXICANO": null, "LOCALIDAD": null, "CLAVE LOC": null, "TIPO DE ASENTAMIENTO": null, "NOMBRE": null, "MONTO ASIGNADO (PESOS)": null, "LATITUD": null, "LONGITUD": null }, "geometry": null },
{ "type": "Feature", "properties": { "NO": null, "ENTIDAD": null, "MUNICIPIO": null, "PUEBLO INDIGENA O AFROMEXICANO": null, "LOCALIDAD": null, "CLAVE LOC": null, "TIPO DE ASENTAMIENTO": null, "NOMBRE": null, "MONTO ASIGNADO (PESOS)": null, "LATITUD": null, "LONGITUD": null }, "geometry": null },
{ "type": "Feature", "properties": { "NO": null, "ENTIDAD": null, "MUNICIPIO": null, "PUEBLO INDIGENA O AFROMEXICANO": null, "LOCALIDAD": null, "CLAVE LOC": null, "TIPO DE ASENTAMIENTO": null, "NOMBRE": null, "MONTO ASIGNADO (PESOS)": null, "LATITUD": null, "LONGITUD": null }, "geometry": null },
{ "type": "Feature", "properties": { "NO": null, "ENTIDAD": null, "MUNICIPIO": null, "PUEBLO INDIGENA O AFROMEXICANO": null, "LOCALIDAD": null, "CLAVE LOC": null, "TIPO DE ASENTAMIENTO": null, "NOMBRE": null, "MONTO ASIGNADO (PESOS)": null, "LATITUD": null, "LONGITUD": null }, "geometry": null },
{ "type": "Feature", "properties": { "NO": null, "ENTIDAD": null, "MUNICIPIO": null, "PUEBLO INDIGENA O AFROMEXICANO": null, "LOCALIDAD": null, "CLAVE LOC": null, "TIPO DE ASENTAMIENTO": null, "NOMBRE": null, "MONTO ASIGNADO (PESOS)": null, "LATITUD": null, "LONGITUD": null }, "geometry": null },
{ "type": "Feature", "properties": { "NO": null, "ENTIDAD": null, "MUNICIPIO": null, "PUEBLO INDIGENA O AFROMEXICANO": null, "LOCALIDAD": null, "CLAVE LOC": null, "TIPO DE ASENTAMIENTO": null, "NOMBRE": null, "MONTO ASIGNADO (PESOS)": null, "LATITUD": null, "LONGITUD": null }, "geometry": null },
{ "type": "Feature", "properties": { "NO": null, "ENTIDAD": null, "MUNICIPIO": null, "PUEBLO INDIGENA O AFROMEXICANO": null, "LOCALIDAD": null, "CLAVE LOC": null, "TIPO DE ASENTAMIENTO": null, "NOMBRE": null, "MONTO ASIGNADO (PESOS)": null, "LATITUD": null, "LONGITUD": null }, "geometry": null },
{ "type": "Feature", "properties": { "NO": null, "ENTIDAD": null, "MUNICIPIO": null, "PUEBLO INDIGENA O AFROMEXICANO": null, "LOCALIDAD": null, "CLAVE LOC": null, "TIPO DE ASENTAMIENTO": null, "NOMBRE": null, "MONTO ASIGNADO (PESOS)": null, "LATITUD": null, "LONGITUD": null }, "geometry": null },
{ "type": "Feature", "properties": { "NO": null, "ENTIDAD": null, "MUNICIPIO": null, "PUEBLO INDIGENA O AFROMEXICANO": null, "LOCALIDAD": null, "CLAVE LOC": null, "TIPO DE ASENTAMIENTO": null, "NOMBRE": null, "MONTO ASIGNADO (PESOS)": null, "LATITUD": null, "LONGITUD": null }, "geometry": null },
{ "type": "Feature", "properties": { "NO": null, "ENTIDAD": null, "MUNICIPIO": null, "PUEBLO INDIGENA O AFROMEXICANO": null, "LOCALIDAD": null, "CLAVE LOC": null, "TIPO DE ASENTAMIENTO": null, "NOMBRE": null, "MONTO ASIGNADO (PESOS)": null, "LATITUD": null, "LONGITUD": null }, "geometry": null },
{ "type": "Feature", "properties": { "NO": null, "ENTIDAD": null, "MUNICIPIO": null, "PUEBLO INDIGENA O AFROMEXICANO": null, "LOCALIDAD": null, "CLAVE LOC": null, "TIPO DE ASENTAMIENTO": null, "NOMBRE": null, "MONTO ASIGNADO (PESOS)": null, "LATITUD": null, "LONGITUD": null }, "geometry": null },
{ "type": "Feature", "properties": { "NO": null, "ENTIDAD": null, "MUNICIPIO": null, "PUEBLO INDIGENA O AFROMEXICANO": null, "LOCALIDAD": null, "CLAVE LOC": null, "TIPO DE ASENTAMIENTO": null, "NOMBRE": null, "MONTO ASIGNADO (PESOS)": null, "LATITUD": null, "LONGITUD": null }, "geometry": null },
{ "type": "Feature", "properties": { "NO": null, "ENTIDAD": null, "MUNICIPIO": null, "PUEBLO INDIGENA O AFROMEXICANO": null, "LOCALIDAD": null, "CLAVE LOC": null, "TIPO DE ASENTAMIENTO": null, "NOMBRE": null, "MONTO ASIGNADO (PESOS)": null, "LATITUD": null, "LONGITUD": null }, "geometry": null },
{ "type": "Feature", "properties": { "NO": null, "ENTIDAD": null, "MUNICIPIO": null, "PUEBLO INDIGENA O AFROMEXICANO": null, "LOCALIDAD": null, "CLAVE LOC": null, "TIPO DE ASENTAMIENTO": null, "NOMBRE": null, "MONTO ASIGNADO (PESOS)": null, "LATITUD": null, "LONGITUD": null }, "geometry": null },
{ "type": "Feature", "properties": { "NO": null, "ENTIDAD": null, "MUNICIPIO": null, "PUEBLO INDIGENA O AFROMEXICANO": null, "LOCALIDAD": null, "CLAVE LOC": null, "TIPO DE ASENTAMIENTO": null, "NOMBRE": null, "MONTO ASIGNADO (PESOS)": null, "LATITUD": null, "LONGITUD": null }, "geometry": null },
{ "type": "Feature", "properties": { "NO": null, "ENTIDAD": null, "MUNICIPIO": null, "PUEBLO INDIGENA O AFROMEXICANO": null, "LOCALIDAD": null, "CLAVE LOC": null, "TIPO DE ASENTAMIENTO": null, "NOMBRE": null, "MONTO ASIGNADO (PESOS)": null, "LATITUD": null, "LONGITUD": null }, "geometry": null },
{ "type": "Feature", "properties": { "NO": null, "ENTIDAD": null, "MUNICIPIO": null, "PUEBLO INDIGENA O AFROMEXICANO": null, "LOCALIDAD": null, "CLAVE LOC": null, "TIPO DE ASENTAMIENTO": null, "NOMBRE": null, "MONTO ASIGNADO (PESOS)": null, "LATITUD": null, "LONGITUD": null }, "geometry": null },
{ "type": "Feature", "properties": { "NO": null, "ENTIDAD": null, "MUNICIPIO": null, "PUEBLO INDIGENA O AFROMEXICANO": null, "LOCALIDAD": null, "CLAVE LOC": null, "TIPO DE ASENTAMIENTO": null, "NOMBRE": null, "MONTO ASIGNADO (PESOS)": null, "LATITUD": null, "LONGITUD": null }, "geometry": null },
{ "type": "Feature", "properties": { "NO": null, "ENTIDAD": null, "MUNICIPIO": null, "PUEBLO INDIGENA O AFROMEXICANO": null, "LOCALIDAD": null, "CLAVE LOC": null, "TIPO DE ASENTAMIENTO": null, "NOMBRE": null, "MONTO ASIGNADO (PESOS)": null, "LATITUD": null, "LONGITUD": null }, "geometry": null },
{ "type": "Feature", "properties": { "NO": null, "ENTIDAD": null, "MUNICIPIO": null, "PUEBLO INDIGENA O AFROMEXICANO": null, "LOCALIDAD": null, "CLAVE LOC": null, "TIPO DE ASENTAMIENTO": null, "NOMBRE": null, "MONTO ASIGNADO (PESOS)": null, "LATITUD": null, "LONGITUD": null }, "geometry": null },
{ "type": "Feature", "properties": { "NO": null, "ENTIDAD": null, "MUNICIPIO": null, "PUEBLO INDIGENA O AFROMEXICANO": null, "LOCALIDAD": null, "CLAVE LOC": null, "TIPO DE ASENTAMIENTO": null, "NOMBRE": null, "MONTO ASIGNADO (PESOS)": null, "LATITUD": null, "LONGITUD": null }, "geometry": null }
]
}
