{
"type": "FeatureCollection",
"name": "yucatan_loc_monto",
"crs": { "type": "name", "properties": { "name": "urn:ogc:def:crs:OGC:1.3:CRS84" } },
"features": [
{ "type": "Feature", "properties": { "NO": 1, "ENTIDAD": "YUCATAN", "MUNICIPIO": "ABALA", "PUEBLO INDIGENA O AFROMEXICANO": "MAYA", "LOCALIDAD": "CACAO", "CLAVE LOC": 310010009, "TIPO DE ASENTAMIENTO": "COMUNIDAD INDIGENA", "NOMBRE": "CACAO", "MONTO ASIGNADO (PESOS)": 262480, "LATITUD": 20.692983, "LONGITUD": -89.747531 }, "geometry": { "type": "Point", "coordinates": [ -89.747531, 20.692983 ] } },
{ "type": "Feature", "properties": { "NO": 2, "ENTIDAD": "YUCATAN", "MUNICIPIO": "ABALA", "PUEBLO INDIGENA O AFROMEXICANO": "MAYA", "LOCALIDAD": "MUCUYCHÉ", "CLAVE LOC": 310010003, "TIPO DE ASENTAMIENTO": "COMUNIDAD INDIGENA", "NOMBRE": "MUCUYCHÉ", "MONTO ASIGNADO (PESOS)": 480740, "LATITUD": 20.623662, "LONGITUD": -89.604006 }, "geometry": { "type": "Point", "coordinates": [ -89.604006, 20.623662 ] } },
{ "type": "Feature", "properties": { "NO": 3, "ENTIDAD": "YUCATAN", "MUNICIPIO": "ABALA", "PUEBLO INDIGENA O AFROMEXICANO": "MAYA", "LOCALIDAD": "PEBA", "CLAVE LOC": 310010008, "TIPO DE ASENTAMIENTO": "COMUNIDAD INDIGENA", "NOMBRE": "PEBA", "MONTO ASIGNADO (PESOS)": 277839, "LATITUD": 20.719429, "LONGITUD": -89.686907 }, "geometry": { "type": "Point", "coordinates": [ -89.686907, 20.719429 ] } },
{ "type": "Feature", "properties": { "NO": 4, "ENTIDAD": "YUCATAN", "MUNICIPIO": "ABALA", "PUEBLO INDIGENA O AFROMEXICANO": "MAYA", "LOCALIDAD": "SIHUNCHÉN", "CLAVE LOC": 310010005, "TIPO DE ASENTAMIENTO": "COMUNIDAD INDIGENA", "NOMBRE": "SIHUNCHÉN", "MONTO ASIGNADO (PESOS)": 312599, "LATITUD": 20.694137, "LONGITUD": -89.682681 }, "geometry": { "type": "Point", "coordinates": [ -89.682681, 20.694137 ] } },
{ "type": "Feature", "properties": { "NO": 5, "ENTIDAD": "YUCATAN", "MUNICIPIO": "ABALA", "PUEBLO INDIGENA O AFROMEXICANO": "MAYA", "LOCALIDAD": "TEMOZÓN", "CLAVE LOC": 310010006, "TIPO DE ASENTAMIENTO": "COMUNIDAD INDIGENA", "NOMBRE": "TEMOZÓN", "MONTO ASIGNADO (PESOS)": 624630, "LATITUD": 20.688542, "LONGITUD": -89.652399 }, "geometry": { "type": "Point", "coordinates": [ -89.652399, 20.688542 ] } },
{ "type": "Feature", "properties": { "NO": 6, "ENTIDAD": "YUCATAN", "MUNICIPIO": "ABALA", "PUEBLO INDIGENA O AFROMEXICANO": "MAYA", "LOCALIDAD": "UAYALCEH", "CLAVE LOC": 310010007, "TIPO DE ASENTAMIENTO": "LOCALIDAD CON POBLACION INDIGENA", "NOMBRE": "UAYALCEH", "MONTO ASIGNADO (PESOS)": 2180739, "LATITUD": 20.695558, "LONGITUD": -89.594125 }, "geometry": { "type": "Point", "coordinates": [ -89.594125, 20.695558 ] } },
{ "type": "Feature", "properties": { "NO": 7, "ENTIDAD": "YUCATAN", "MUNICIPIO": "ABALA", "PUEBLO INDIGENA O AFROMEXICANO": "MAYA", "LOCALIDAD": "UAYALCEH", "CLAVE LOC": 310010007, "TIPO DE ASENTAMIENTO": "COMUNIDAD INDIGENA", "NOMBRE": "UAYALCEH", "MONTO ASIGNADO (PESOS)": 2180739, "LATITUD": 20.695558, "LONGITUD": -89.594125 }, "geometry": { "type": "Point", "coordinates": [ -89.594125, 20.695558 ] } },
{ "type": "Feature", "properties": { "NO": 8, "ENTIDAD": "YUCATAN", "MUNICIPIO": "ACANCEH", "PUEBLO INDIGENA O AFROMEXICANO": "MAYA", "LOCALIDAD": "CIBCEH", "CLAVE LOC": 310020003, "TIPO DE ASENTAMIENTO": "COMUNIDAD INDIGENA", "NOMBRE": "CIBCEH", "MONTO ASIGNADO (PESOS)": 775794, "LATITUD": 20.82037, "LONGITUD": -89.48721 }, "geometry": { "type": "Point", "coordinates": [ -89.48721, 20.82037 ] } },
{ "type": "Feature", "properties": { "NO": 9, "ENTIDAD": "YUCATAN", "MUNICIPIO": "ACANCEH", "PUEBLO INDIGENA O AFROMEXICANO": "MAYA", "LOCALIDAD": "CIBCEH", "CLAVE LOC": 310020003, "TIPO DE ASENTAMIENTO": "COMUNIDAD INDIGENA", "NOMBRE": "CIBCEH", "MONTO ASIGNADO (PESOS)": 149964, "LATITUD": 20.82037, "LONGITUD": -89.48721 }, "geometry": { "type": "Point", "coordinates": [ -89.48721, 20.82037 ] } },
{ "type": "Feature", "properties": { "NO": 10, "ENTIDAD": "YUCATAN", "MUNICIPIO": "ACANCEH", "PUEBLO INDIGENA O AFROMEXICANO": "MAYA", "LOCALIDAD": "DZITINÁ", "CLAVE LOC": 310020014, "TIPO DE ASENTAMIENTO": "COMUNIDAD INDIGENA", "NOMBRE": "DZITINÁ", "MONTO ASIGNADO (PESOS)": 174368, "LATITUD": 20.784237, "LONGITUD": -89.400368 }, "geometry": { "type": "Point", "coordinates": [ -89.400368, 20.784237 ] } },
{ "type": "Feature", "properties": { "NO": 11, "ENTIDAD": "YUCATAN", "MUNICIPIO": "ACANCEH", "PUEBLO INDIGENA O AFROMEXICANO": "MAYA", "LOCALIDAD": "PETECTUNICH", "CLAVE LOC": 310020005, "TIPO DE ASENTAMIENTO": "LOCALIDAD CON POBLACION INDIGENA", "NOMBRE": "PETECTUNICH", "MONTO ASIGNADO (PESOS)": 646456, "LATITUD": 20.841558, "LONGITUD": -89.476133 }, "geometry": { "type": "Point", "coordinates": [ -89.476133, 20.841558 ] } },
{ "type": "Feature", "properties": { "NO": 12, "ENTIDAD": "YUCATAN", "MUNICIPIO": "ACANCEH", "PUEBLO INDIGENA O AFROMEXICANO": "MAYA", "LOCALIDAD": "SANTA GERTRUDIS TZUC", "CLAVE LOC": 310020007, "TIPO DE ASENTAMIENTO": "COMUNIDAD INDIGENA", "NOMBRE": "SANTA GERTRUDIS TZUC", "MONTO ASIGNADO (PESOS)": 84639, "LATITUD": 20.802929, "LONGITUD": -89.431297 }, "geometry": { "type": "Point", "coordinates": [ -89.431297, 20.802929 ] } },
{ "type": "Feature", "properties": { "NO": 13, "ENTIDAD": "YUCATAN", "MUNICIPIO": "ACANCEH", "PUEBLO INDIGENA O AFROMEXICANO": "MAYA", "LOCALIDAD": "TEPICH CARRILLO", "CLAVE LOC": 310020010, "TIPO DE ASENTAMIENTO": "COMUNIDAD INDIGENA", "NOMBRE": "TEPICH CARRILLO", "MONTO ASIGNADO (PESOS)": 864715, "LATITUD": 20.876639, "LONGITUD": -89.498231 }, "geometry": { "type": "Point", "coordinates": [ -89.498231, 20.876639 ] } },
{ "type": "Feature", "properties": { "NO": 14, "ENTIDAD": "YUCATAN", "MUNICIPIO": "ACANCEH", "PUEBLO INDIGENA O AFROMEXICANO": "MAYA", "LOCALIDAD": "TICOPÓ", "CLAVE LOC": 310020011, "TIPO DE ASENTAMIENTO": "COMUNIDAD INDIGENA", "NOMBRE": "TICOPÓ", "MONTO ASIGNADO (PESOS)": 1595480, "LATITUD": 20.889389, "LONGITUD": -89.441198 }, "geometry": { "type": "Point", "coordinates": [ -89.441198, 20.889389 ] } },
{ "type": "Feature", "properties": { "NO": 15, "ENTIDAD": "YUCATAN", "MUNICIPIO": "AKIL", "PUEBLO INDIGENA O AFROMEXICANO": "MAYA", "LOCALIDAD": "CINCO DE MAYO", "CLAVE LOC": 310030051, "TIPO DE ASENTAMIENTO": "LOCALIDAD CON POBLACION INDIGENA", "NOMBRE": "CINCO DE MAYO", "MONTO ASIGNADO (PESOS)": 130716, "LATITUD": 20.277339, "LONGITUD": -89.351462 }, "geometry": { "type": "Point", "coordinates": [ -89.351462, 20.277339 ] } },
{ "type": "Feature", "properties": { "NO": 16, "ENTIDAD": "YUCATAN", "MUNICIPIO": "AKIL", "PUEBLO INDIGENA O AFROMEXICANO": "MAYA", "LOCALIDAD": "SAN DIEGO", "CLAVE LOC": 310030003, "TIPO DE ASENTAMIENTO": "LOCALIDAD CON POBLACION INDIGENA", "NOMBRE": "SAN DIEGO", "MONTO ASIGNADO (PESOS)": 163860, "LATITUD": 20.255979, "LONGITUD": -89.362509 }, "geometry": { "type": "Point", "coordinates": [ -89.362509, 20.255979 ] } },
{ "type": "Feature", "properties": { "NO": 17, "ENTIDAD": "YUCATAN", "MUNICIPIO": "BACA", "PUEBLO INDIGENA O AFROMEXICANO": "MAYA", "LOCALIDAD": "TIXKUNCHEIL", "CLAVE LOC": 310040010, "TIPO DE ASENTAMIENTO": "COMUNIDAD INDIGENA", "NOMBRE": "TIXKUNCHEIL", "MONTO ASIGNADO (PESOS)": 803279, "LATITUD": 21.079799, "LONGITUD": -89.39774 }, "geometry": { "type": "Point", "coordinates": [ -89.39774, 21.079799 ] } },
{ "type": "Feature", "properties": { "NO": 18, "ENTIDAD": "YUCATAN", "MUNICIPIO": "BOKOBA", "PUEBLO INDIGENA O AFROMEXICANO": "MAYA", "LOCALIDAD": "BOKOBÁ", "CLAVE LOC": 310050001, "TIPO DE ASENTAMIENTO": "COMUNIDAD INDIGENA", "NOMBRE": "BOKOBÁ", "MONTO ASIGNADO (PESOS)": 84639, "LATITUD": 21.00694, "LONGITUD": -89.179524 }, "geometry": { "type": "Point", "coordinates": [ -89.179524, 21.00694 ] } },
{ "type": "Feature", "properties": { "NO": 19, "ENTIDAD": "YUCATAN", "MUNICIPIO": "BUCTZOTZ", "PUEBLO INDIGENA O AFROMEXICANO": "MAYA", "LOCALIDAD": "LA GRAN LUCHA", "CLAVE LOC": 310060004, "TIPO DE ASENTAMIENTO": "COMUNIDAD INDIGENA", "NOMBRE": "LA GRAN LUCHA", "MONTO ASIGNADO (PESOS)": 279456, "LATITUD": 21.20888, "LONGITUD": -88.554764 }, "geometry": { "type": "Point", "coordinates": [ -88.554764, 21.20888 ] } },
{ "type": "Feature", "properties": { "NO": 20, "ENTIDAD": "YUCATAN", "MUNICIPIO": "BUCTZOTZ", "PUEBLO INDIGENA O AFROMEXICANO": "MAYA", "LOCALIDAD": "SAN FRANCISCO", "CLAVE LOC": 310060080, "TIPO DE ASENTAMIENTO": "COMUNIDAD INDIGENA", "NOMBRE": "SAN FRANCISCO", "MONTO ASIGNADO (PESOS)": 320814, "LATITUD": 21.244522, "LONGITUD": -88.482659 }, "geometry": { "type": "Point", "coordinates": [ -88.482659, 21.244522 ] } },
{ "type": "Feature", "properties": { "NO": 21, "ENTIDAD": "YUCATAN", "MUNICIPIO": "BUCTZOTZ", "PUEBLO INDIGENA O AFROMEXICANO": "MAYA", "LOCALIDAD": "SANTO DOMINGO", "CLAVE LOC": 310060003, "TIPO DE ASENTAMIENTO": "COMUNIDAD INDIGENA", "NOMBRE": "SANTO DOMINGO", "MONTO ASIGNADO (PESOS)": 260055, "LATITUD": 21.141879, "LONGITUD": -88.666159 }, "geometry": { "type": "Point", "coordinates": [ -88.666159, 21.141879 ] } },
{ "type": "Feature", "properties": { "NO": 22, "ENTIDAD": "YUCATAN", "MUNICIPIO": "BUCTZOTZ", "PUEBLO INDIGENA O AFROMEXICANO": "MAYA", "LOCALIDAD": "X-BEC", "CLAVE LOC": 310060002, "TIPO DE ASENTAMIENTO": "COMUNIDAD INDIGENA", "NOMBRE": "X-BEC", "MONTO ASIGNADO (PESOS)": 483165, "LATITUD": 21.250243, "LONGITUD": -88.825312 }, "geometry": { "type": "Point", "coordinates": [ -88.825312, 21.250243 ] } },
{ "type": "Feature", "properties": { "NO": 23, "ENTIDAD": "YUCATAN", "MUNICIPIO": "CALOTMUL", "PUEBLO INDIGENA O AFROMEXICANO": "MAYA", "LOCALIDAD": "POCOBOCH", "CLAVE LOC": 310080006, "TIPO DE ASENTAMIENTO": "COMUNIDAD INDIGENA", "NOMBRE": "POCOBOCH", "MONTO ASIGNADO (PESOS)": 810554, "LATITUD": 20.973711, "LONGITUD": -88.11602 }, "geometry": { "type": "Point", "coordinates": [ -88.11602, 20.973711 ] } },
{ "type": "Feature", "properties": { "NO": 24, "ENTIDAD": "YUCATAN", "MUNICIPIO": "CALOTMUL", "PUEBLO INDIGENA O AFROMEXICANO": "MAYA", "LOCALIDAD": "TAHCABO", "CLAVE LOC": 310080013, "TIPO DE ASENTAMIENTO": "COMUNIDAD INDIGENA", "NOMBRE": "TAHCABO", "MONTO ASIGNADO (PESOS)": 441938, "LATITUD": 21.055994, "LONGITUD": -88.081776 }, "geometry": { "type": "Point", "coordinates": [ -88.081776, 21.055994 ] } },
{ "type": "Feature", "properties": { "NO": 25, "ENTIDAD": "YUCATAN", "MUNICIPIO": "CANSAHCAB", "PUEBLO INDIGENA O AFROMEXICANO": "MAYA", "LOCALIDAD": "SAN ANTONIO XIAT", "CLAVE LOC": 310090003, "TIPO DE ASENTAMIENTO": "COMUNIDAD INDIGENA", "NOMBRE": "SAN ANTONIO XIAT", "MONTO ASIGNADO (PESOS)": 256014, "LATITUD": 21.1305, "LONGITUD": -89.160818 }, "geometry": { "type": "Point", "coordinates": [ -89.160818, 21.1305 ] } },
{ "type": "Feature", "properties": { "NO": 26, "ENTIDAD": "YUCATAN", "MUNICIPIO": "CANSAHCAB", "PUEBLO INDIGENA O AFROMEXICANO": "MAYA", "LOCALIDAD": "SANTA MARÍA", "CLAVE LOC": 310090004, "TIPO DE ASENTAMIENTO": "COMUNIDAD INDIGENA", "NOMBRE": "SANTA MARÍA", "MONTO ASIGNADO (PESOS)": 222062, "LATITUD": 21.150415, "LONGITUD": -89.071934 }, "geometry": { "type": "Point", "coordinates": [ -89.071934, 21.150415 ] } },
{ "type": "Feature", "properties": { "NO": 27, "ENTIDAD": "YUCATAN", "MUNICIPIO": "CANTAMAYEC", "PUEBLO INDIGENA O AFROMEXICANO": "MAYA", "LOCALIDAD": "CANTAMAYEC", "CLAVE LOC": 310100001, "TIPO DE ASENTAMIENTO": "COMUNIDAD INDIGENA", "NOMBRE": "CANTAMAYEC", "MONTO ASIGNADO (PESOS)": 1631048, "LATITUD": 20.470555, "LONGITUD": -89.080944 }, "geometry": { "type": "Point", "coordinates": [ -89.080944, 20.470555 ] } },
{ "type": "Feature", "properties": { "NO": 28, "ENTIDAD": "YUCATAN", "MUNICIPIO": "CANTAMAYEC", "PUEBLO INDIGENA O AFROMEXICANO": "MAYA", "LOCALIDAD": "CHOLUL", "CLAVE LOC": 310100012, "TIPO DE ASENTAMIENTO": "COMUNIDAD INDIGENA", "NOMBRE": "CHOLUL", "MONTO ASIGNADO (PESOS)": 458106, "LATITUD": 20.442621, "LONGITUD": -89.154461 }, "geometry": { "type": "Point", "coordinates": [ -89.154461, 20.442621 ] } },
{ "type": "Feature", "properties": { "NO": 29, "ENTIDAD": "YUCATAN", "MUNICIPIO": "CANTAMAYEC", "PUEBLO INDIGENA O AFROMEXICANO": "MAYA", "LOCALIDAD": "NENELÁ", "CLAVE LOC": 310100023, "TIPO DE ASENTAMIENTO": "COMUNIDAD INDIGENA", "NOMBRE": "NENELÁ", "MONTO ASIGNADO (PESOS)": 524327, "LATITUD": 20.349726, "LONGITUD": -89.020437 }, "geometry": { "type": "Point", "coordinates": [ -89.020437, 20.349726 ] } },
{ "type": "Feature", "properties": { "NO": 30, "ENTIDAD": "YUCATAN", "MUNICIPIO": "CENOTILLO", "PUEBLO INDIGENA O AFROMEXICANO": "MAYA", "LOCALIDAD": "CENOTILLO", "CLAVE LOC": 310120001, "TIPO DE ASENTAMIENTO": "COMUNIDAD INDIGENA", "NOMBRE": "CENOTILLO", "MONTO ASIGNADO (PESOS)": 647354, "LATITUD": 20.965772, "LONGITUD": -88.60442 }, "geometry": { "type": "Point", "coordinates": [ -88.60442, 20.965772 ] } },
{ "type": "Feature", "properties": { "NO": 31, "ENTIDAD": "YUCATAN", "MUNICIPIO": "CHACSINKIN", "PUEBLO INDIGENA O AFROMEXICANO": "MAYA", "LOCALIDAD": "X-BOX", "CLAVE LOC": 310160009, "TIPO DE ASENTAMIENTO": "COMUNIDAD INDIGENA", "NOMBRE": "X-BOX", "MONTO ASIGNADO (PESOS)": 248738, "LATITUD": 20.204548, "LONGITUD": -89.004818 }, "geometry": { "type": "Point", "coordinates": [ -89.004818, 20.204548 ] } },
{ "type": "Feature", "properties": { "NO": 32, "ENTIDAD": "YUCATAN", "MUNICIPIO": "CHACSINKIN", "PUEBLO INDIGENA O AFROMEXICANO": "MAYA", "LOCALIDAD": "X-BOX", "CLAVE LOC": 310160009, "TIPO DE ASENTAMIENTO": "LOCALIDAD CON POBLACION INDIGENA", "NOMBRE": "X-BOX", "MONTO ASIGNADO (PESOS)": 248738, "LATITUD": 20.204548, "LONGITUD": -89.004818 }, "geometry": { "type": "Point", "coordinates": [ -89.004818, 20.204548 ] } },
{ "type": "Feature", "properties": { "NO": 33, "ENTIDAD": "YUCATAN", "MUNICIPIO": "CHACSINKIN", "PUEBLO INDIGENA O AFROMEXICANO": "MAYA", "LOCALIDAD": "XNO-HUAYAB", "CLAVE LOC": 310160012, "TIPO DE ASENTAMIENTO": "LOCALIDAD CON POBLACION INDIGENA", "NOMBRE": "XNO-HUAYAB", "MONTO ASIGNADO (PESOS)": 110507, "LATITUD": 20.189122, "LONGITUD": -88.990301 }, "geometry": { "type": "Point", "coordinates": [ -88.990301, 20.189122 ] } },
{ "type": "Feature", "properties": { "NO": 34, "ENTIDAD": "YUCATAN", "MUNICIPIO": "CHANKOM", "PUEBLO INDIGENA O AFROMEXICANO": "MAYA", "LOCALIDAD": "MUCHUCUXCÁH", "CLAVE LOC": 310170083, "TIPO DE ASENTAMIENTO": "COMUNIDAD INDIGENA", "NOMBRE": "MUCHUCUXCÁH", "MONTO ASIGNADO (PESOS)": 370802, "LATITUD": 20.477713, "LONGITUD": -88.451037 }, "geometry": { "type": "Point", "coordinates": [ -88.451037, 20.477713 ] } },
{ "type": "Feature", "properties": { "NO": 35, "ENTIDAD": "YUCATAN", "MUNICIPIO": "CHANKOM", "PUEBLO INDIGENA O AFROMEXICANO": "MAYA", "LOCALIDAD": "NICTE-HÁ", "CLAVE LOC": 310170003, "TIPO DE ASENTAMIENTO": "COMUNIDAD INDIGENA", "NOMBRE": "NICTE-HÁ", "MONTO ASIGNADO (PESOS)": 195189, "LATITUD": 20.597553, "LONGITUD": -88.591497 }, "geometry": { "type": "Point", "coordinates": [ -88.591497, 20.597553 ] } },
{ "type": "Feature", "properties": { "NO": 36, "ENTIDAD": "YUCATAN", "MUNICIPIO": "CHANKOM", "PUEBLO INDIGENA O AFROMEXICANO": "MAYA", "LOCALIDAD": "SAN JUAN XKALAKDZONOT", "CLAVE LOC": 310170035, "TIPO DE ASENTAMIENTO": "COMUNIDAD INDIGENA", "NOMBRE": "SAN JUAN XKALAKDZONOT", "MONTO ASIGNADO (PESOS)": 105996, "LATITUD": 20.346506, "LONGITUD": -88.614645 }, "geometry": { "type": "Point", "coordinates": [ -88.614645, 20.346506 ] } },
{ "type": "Feature", "properties": { "NO": 37, "ENTIDAD": "YUCATAN", "MUNICIPIO": "CHANKOM", "PUEBLO INDIGENA O AFROMEXICANO": "MAYA", "LOCALIDAD": "TICIMUL", "CLAVE LOC": 310170011, "TIPO DE ASENTAMIENTO": "COMUNIDAD INDIGENA", "NOMBRE": "TICIMUL", "MONTO ASIGNADO (PESOS)": 797620, "LATITUD": 20.596968, "LONGITUD": -88.552586 }, "geometry": { "type": "Point", "coordinates": [ -88.552586, 20.596968 ] } },
{ "type": "Feature", "properties": { "NO": 38, "ENTIDAD": "YUCATAN", "MUNICIPIO": "CHANKOM", "PUEBLO INDIGENA O AFROMEXICANO": "MAYA", "LOCALIDAD": "TZUKMUC", "CLAVE LOC": 310170012, "TIPO DE ASENTAMIENTO": "COMUNIDAD INDIGENA", "NOMBRE": "TZUKMUC", "MONTO ASIGNADO (PESOS)": 237421, "LATITUD": 20.590664, "LONGITUD": -88.456861 }, "geometry": { "type": "Point", "coordinates": [ -88.456861, 20.590664 ] } },
{ "type": "Feature", "properties": { "NO": 39, "ENTIDAD": "YUCATAN", "MUNICIPIO": "CHANKOM", "PUEBLO INDIGENA O AFROMEXICANO": "MAYA", "LOCALIDAD": "XANLÁ", "CLAVE LOC": 310170013, "TIPO DE ASENTAMIENTO": "COMUNIDAD INDIGENA", "NOMBRE": "XANLÁ", "MONTO ASIGNADO (PESOS)": 392628, "LATITUD": 20.51795, "LONGITUD": -88.494042 }, "geometry": { "type": "Point", "coordinates": [ -88.494042, 20.51795 ] } },
{ "type": "Feature", "properties": { "NO": 40, "ENTIDAD": "YUCATAN", "MUNICIPIO": "CHANKOM", "PUEBLO INDIGENA O AFROMEXICANO": "MAYA", "LOCALIDAD": "X-BOHOM", "CLAVE LOC": 310170014, "TIPO DE ASENTAMIENTO": "COMUNIDAD INDIGENA", "NOMBRE": "X-BOHOM", "MONTO ASIGNADO (PESOS)": 167901, "LATITUD": 20.558379, "LONGITUD": -88.475651 }, "geometry": { "type": "Point", "coordinates": [ -88.475651, 20.558379 ] } },
{ "type": "Feature", "properties": { "NO": 41, "ENTIDAD": "YUCATAN", "MUNICIPIO": "CHANKOM", "PUEBLO INDIGENA O AFROMEXICANO": "MAYA", "LOCALIDAD": "X-COCAIL", "CLAVE LOC": 310170016, "TIPO DE ASENTAMIENTO": "COMUNIDAD INDIGENA", "NOMBRE": "X-COCAIL", "MONTO ASIGNADO (PESOS)": 246313, "LATITUD": 20.572645, "LONGITUD": -88.564458 }, "geometry": { "type": "Point", "coordinates": [ -88.564458, 20.572645 ] } },
{ "type": "Feature", "properties": { "NO": 42, "ENTIDAD": "YUCATAN", "MUNICIPIO": "CHANKOM", "PUEBLO INDIGENA O AFROMEXICANO": "MAYA", "LOCALIDAD": "XKALAKDZONOT", "CLAVE LOC": 310170015, "TIPO DE ASENTAMIENTO": "COMUNIDAD INDIGENA", "NOMBRE": "XKALAKDZONOT", "MONTO ASIGNADO (PESOS)": 699808, "LATITUD": 20.439463, "LONGITUD": -88.569648 }, "geometry": { "type": "Point", "coordinates": [ -88.569648, 20.439463 ] } },
{ "type": "Feature", "properties": { "NO": 43, "ENTIDAD": "YUCATAN", "MUNICIPIO": "CHANKOM", "PUEBLO INDIGENA O AFROMEXICANO": "MAYA", "LOCALIDAD": "XKATÚN", "CLAVE LOC": 310170018, "TIPO DE ASENTAMIENTO": "COMUNIDAD INDIGENA", "NOMBRE": "XKATÚN", "MONTO ASIGNADO (PESOS)": 228529, "LATITUD": 20.632309, "LONGITUD": -88.543009 }, "geometry": { "type": "Point", "coordinates": [ -88.543009, 20.632309 ] } },
{ "type": "Feature", "properties": { "NO": 44, "ENTIDAD": "YUCATAN", "MUNICIPIO": "CHANKOM", "PUEBLO INDIGENA O AFROMEXICANO": "MAYA", "LOCALIDAD": "XKOPTEIL", "CLAVE LOC": 310170017, "TIPO DE ASENTAMIENTO": "LOCALIDAD CON POBLACION INDIGENA", "NOMBRE": "XKOPTEIL", "MONTO ASIGNADO (PESOS)": 684449, "LATITUD": 20.513455, "LONGITUD": -88.58206 }, "geometry": { "type": "Point", "coordinates": [ -88.58206, 20.513455 ] } },
{ "type": "Feature", "properties": { "NO": 45, "ENTIDAD": "YUCATAN", "MUNICIPIO": "CHAPAB", "PUEBLO INDIGENA O AFROMEXICANO": "MAYA", "LOCALIDAD": "CITINCABCHÉN", "CLAVE LOC": 310180003, "TIPO DE ASENTAMIENTO": "COMUNIDAD INDIGENA", "NOMBRE": "CITINCABCHÉN", "MONTO ASIGNADO (PESOS)": 864715, "LATITUD": 20.518687, "LONGITUD": -89.53596 }, "geometry": { "type": "Point", "coordinates": [ -89.53596, 20.518687 ] } },
{ "type": "Feature", "properties": { "NO": 46, "ENTIDAD": "YUCATAN", "MUNICIPIO": "CHAPAB", "PUEBLO INDIGENA O AFROMEXICANO": "MAYA", "LOCALIDAD": "HUNABCHÉN", "CLAVE LOC": 310180004, "TIPO DE ASENTAMIENTO": "COMUNIDAD INDIGENA", "NOMBRE": "HUNABCHÉN", "MONTO ASIGNADO (PESOS)": 110507, "LATITUD": 20.532915, "LONGITUD": -89.513589 }, "geometry": { "type": "Point", "coordinates": [ -89.513589, 20.532915 ] } },
{ "type": "Feature", "properties": { "NO": 47, "ENTIDAD": "YUCATAN", "MUNICIPIO": "CHEMAX", "PUEBLO INDIGENA O AFROMEXICANO": "MAYA", "LOCALIDAD": "BLANCA FLOR", "CLAVE LOC": 310190323, "TIPO DE ASENTAMIENTO": "COMUNIDAD INDIGENA", "NOMBRE": "BLANCA FLOR", "MONTO ASIGNADO (PESOS)": 93433, "LATITUD": 20.782237, "LONGITUD": -87.888011 }, "geometry": { "type": "Point", "coordinates": [ -87.888011, 20.782237 ] } },
{ "type": "Feature", "properties": { "NO": 48, "ENTIDAD": "YUCATAN", "MUNICIPIO": "CHEMAX", "PUEBLO INDIGENA O AFROMEXICANO": "MAYA", "LOCALIDAD": "BUENAVISTA", "CLAVE LOC": 310190276, "TIPO DE ASENTAMIENTO": "COMUNIDAD INDIGENA", "NOMBRE": "BUENAVISTA", "MONTO ASIGNADO (PESOS)": 160014, "LATITUD": 20.790963, "LONGITUD": -87.712232 }, "geometry": { "type": "Point", "coordinates": [ -87.712232, 20.790963 ] } },
{ "type": "Feature", "properties": { "NO": 49, "ENTIDAD": "YUCATAN", "MUNICIPIO": "CHEMAX", "PUEBLO INDIGENA O AFROMEXICANO": "MAYA", "LOCALIDAD": "CHECHMIL", "CLAVE LOC": 310190066, "TIPO DE ASENTAMIENTO": "COMUNIDAD INDIGENA", "NOMBRE": "CHECHMIL", "MONTO ASIGNADO (PESOS)": 627055, "LATITUD": 20.772652, "LONGITUD": -87.96436 }, "geometry": { "type": "Point", "coordinates": [ -87.96436, 20.772652 ] } },
{ "type": "Feature", "properties": { "NO": 50, "ENTIDAD": "YUCATAN", "MUNICIPIO": "CHEMAX", "PUEBLO INDIGENA O AFROMEXICANO": "MAYA", "LOCALIDAD": "CHOLUL", "CLAVE LOC": 310190016, "TIPO DE ASENTAMIENTO": "COMUNIDAD INDIGENA", "NOMBRE": "CHOLUL", "MONTO ASIGNADO (PESOS)": 213978, "LATITUD": 20.773388, "LONGITUD": -87.793852 }, "geometry": { "type": "Point", "coordinates": [ -87.793852, 20.773388 ] } },
{ "type": "Feature", "properties": { "NO": 51, "ENTIDAD": "YUCATAN", "MUNICIPIO": "CHEMAX", "PUEBLO INDIGENA O AFROMEXICANO": "MAYA", "LOCALIDAD": "CHULUTÁN", "CLAVE LOC": 310190019, "TIPO DE ASENTAMIENTO": "COMUNIDAD INDIGENA", "NOMBRE": "CHULUTÁN", "MONTO ASIGNADO (PESOS)": 847183, "LATITUD": 20.567044, "LONGITUD": -87.962919 }, "geometry": { "type": "Point", "coordinates": [ -87.962919, 20.567044 ] } },
{ "type": "Feature", "properties": { "NO": 52, "ENTIDAD": "YUCATAN", "MUNICIPIO": "CHEMAX", "PUEBLO INDIGENA O AFROMEXICANO": "MAYA", "LOCALIDAD": "COCOYOL", "CLAVE LOC": 310190006, "TIPO DE ASENTAMIENTO": "COMUNIDAD INDIGENA", "NOMBRE": "COCOYOL", "MONTO ASIGNADO (PESOS)": 995420, "LATITUD": 20.79189, "LONGITUD": -87.75139 }, "geometry": { "type": "Point", "coordinates": [ -87.75139, 20.79189 ] } },
{ "type": "Feature", "properties": { "NO": 53, "ENTIDAD": "YUCATAN", "MUNICIPIO": "CHEMAX", "PUEBLO INDIGENA O AFROMEXICANO": "MAYA", "LOCALIDAD": "ESTRELLA", "CLAVE LOC": 310190487, "TIPO DE ASENTAMIENTO": "COMUNIDAD INDIGENA", "NOMBRE": "ESTRELLA", "MONTO ASIGNADO (PESOS)": 134758, "LATITUD": 20.807816, "LONGITUD": -87.737776 }, "geometry": { "type": "Point", "coordinates": [ -87.737776, 20.807816 ] } },
{ "type": "Feature", "properties": { "NO": 54, "ENTIDAD": "YUCATAN", "MUNICIPIO": "CHEMAX", "PUEBLO INDIGENA O AFROMEXICANO": "MAYA", "LOCALIDAD": "HOTEOCH", "CLAVE LOC": 310190460, "TIPO DE ASENTAMIENTO": "COMUNIDAD INDIGENA", "NOMBRE": "HOTEOCH", "MONTO ASIGNADO (PESOS)": 393677, "LATITUD": 20.694357, "LONGITUD": -87.816622 }, "geometry": { "type": "Point", "coordinates": [ -87.816622, 20.694357 ] } },
{ "type": "Feature", "properties": { "NO": 55, "ENTIDAD": "YUCATAN", "MUNICIPIO": "CHEMAX", "PUEBLO INDIGENA O AFROMEXICANO": "MAYA", "LOCALIDAD": "KANTÓ", "CLAVE LOC": 310190056, "TIPO DE ASENTAMIENTO": "COMUNIDAD INDIGENA", "NOMBRE": "KANTÓ", "MONTO ASIGNADO (PESOS)": 314533, "LATITUD": 20.704798, "LONGITUD": -87.998246 }, "geometry": { "type": "Point", "coordinates": [ -87.998246, 20.704798 ] } },
{ "type": "Feature", "properties": { "NO": 56, "ENTIDAD": "YUCATAN", "MUNICIPIO": "CHEMAX", "PUEBLO INDIGENA O AFROMEXICANO": "MAYA", "LOCALIDAD": "KUXEB", "CLAVE LOC": 310190026, "TIPO DE ASENTAMIENTO": "COMUNIDAD INDIGENA", "NOMBRE": "KUXEB", "MONTO ASIGNADO (PESOS)": 818638, "LATITUD": 20.856898, "LONGITUD": -87.870415 }, "geometry": { "type": "Point", "coordinates": [ -87.870415, 20.856898 ] } },
{ "type": "Feature", "properties": { "NO": 57, "ENTIDAD": "YUCATAN", "MUNICIPIO": "CHEMAX", "PUEBLO INDIGENA O AFROMEXICANO": "MAYA", "LOCALIDAD": "LOL-BÉ", "CLAVE LOC": 310190098, "TIPO DE ASENTAMIENTO": "COMUNIDAD INDIGENA", "NOMBRE": "LOL-BÉ", "MONTO ASIGNADO (PESOS)": 283498, "LATITUD": 20.501071, "LONGITUD": -87.923082 }, "geometry": { "type": "Point", "coordinates": [ -87.923082, 20.501071 ] } },
{ "type": "Feature", "properties": { "NO": 58, "ENTIDAD": "YUCATAN", "MUNICIPIO": "CHEMAX", "PUEBLO INDIGENA O AFROMEXICANO": "MAYA", "LOCALIDAD": "MUCEL", "CLAVE LOC": 310190029, "TIPO DE ASENTAMIENTO": "COMUNIDAD INDIGENA", "NOMBRE": "MUCEL", "MONTO ASIGNADO (PESOS)": 1549427, "LATITUD": 20.895737, "LONGITUD": -87.838673 }, "geometry": { "type": "Point", "coordinates": [ -87.838673, 20.895737 ] } },
{ "type": "Feature", "properties": { "NO": 59, "ENTIDAD": "YUCATAN", "MUNICIPIO": "CHEMAX", "PUEBLO INDIGENA O AFROMEXICANO": "MAYA", "LOCALIDAD": "PABALAM", "CLAVE LOC": 310190083, "TIPO DE ASENTAMIENTO": "COMUNIDAD INDIGENA", "NOMBRE": "PABALAM", "MONTO ASIGNADO (PESOS)": 216403, "LATITUD": 20.736958, "LONGITUD": -87.829316 }, "geometry": { "type": "Point", "coordinates": [ -87.829316, 20.736958 ] } },
{ "type": "Feature", "properties": { "NO": 60, "ENTIDAD": "YUCATAN", "MUNICIPIO": "CHEMAX", "PUEBLO INDIGENA O AFROMEXICANO": "MAYA", "LOCALIDAD": "SAN JOSÉ CHAHUAY", "CLAVE LOC": 310190324, "TIPO DE ASENTAMIENTO": "COMUNIDAD INDIGENA", "NOMBRE": "SAN JOSÉ CHAHUAY", "MONTO ASIGNADO (PESOS)": 202661, "LATITUD": 20.75526, "LONGITUD": -87.838382 }, "geometry": { "type": "Point", "coordinates": [ -87.838382, 20.75526 ] } },
{ "type": "Feature", "properties": { "NO": 61, "ENTIDAD": "YUCATAN", "MUNICIPIO": "CHEMAX", "PUEBLO INDIGENA O AFROMEXICANO": "MAYA", "LOCALIDAD": "SAN JUAN CHEN", "CLAVE LOC": 310190041, "TIPO DE ASENTAMIENTO": "COMUNIDAD INDIGENA", "NOMBRE": "SAN JUAN CHEN", "MONTO ASIGNADO (PESOS)": 724070, "LATITUD": 20.926177, "LONGITUD": -87.733084 }, "geometry": { "type": "Point", "coordinates": [ -87.733084, 20.926177 ] } },
{ "type": "Feature", "properties": { "NO": 62, "ENTIDAD": "YUCATAN", "MUNICIPIO": "CHEMAX", "PUEBLO INDIGENA O AFROMEXICANO": "MAYA", "LOCALIDAD": "SAN PEDRO CHEMAX", "CLAVE LOC": 310190042, "TIPO DE ASENTAMIENTO": "COMUNIDAD INDIGENA", "NOMBRE": "SAN PEDRO CHEMAX", "MONTO ASIGNADO (PESOS)": 765527, "LATITUD": 20.944767, "LONGITUD": -87.787912 }, "geometry": { "type": "Point", "coordinates": [ -87.787912, 20.944767 ] } },
{ "type": "Feature", "properties": { "NO": 63, "ENTIDAD": "YUCATAN", "MUNICIPIO": "CHEMAX", "PUEBLO INDIGENA O AFROMEXICANO": "MAYA", "LOCALIDAD": "SAN ROMÁN", "CLAVE LOC": 310190043, "TIPO DE ASENTAMIENTO": "COMUNIDAD INDIGENA", "NOMBRE": "SAN ROMÁN", "MONTO ASIGNADO (PESOS)": 198619, "LATITUD": 20.957126, "LONGITUD": -87.73024 }, "geometry": { "type": "Point", "coordinates": [ -87.73024, 20.957126 ] } },
{ "type": "Feature", "properties": { "NO": 64, "ENTIDAD": "YUCATAN", "MUNICIPIO": "CHEMAX", "PUEBLO INDIGENA O AFROMEXICANO": "MAYA", "LOCALIDAD": "SANTA CLARA", "CLAVE LOC": 310190045, "TIPO DE ASENTAMIENTO": "COMUNIDAD INDIGENA", "NOMBRE": "SANTA CLARA", "MONTO ASIGNADO (PESOS)": 163783, "LATITUD": 20.772571, "LONGITUD": -87.879201 }, "geometry": { "type": "Point", "coordinates": [ -87.879201, 20.772571 ] } },
{ "type": "Feature", "properties": { "NO": 65, "ENTIDAD": "YUCATAN", "MUNICIPIO": "CHEMAX", "PUEBLO INDIGENA O AFROMEXICANO": "MAYA", "LOCALIDAD": "SANTA CRUZ", "CLAVE LOC": 310190046, "TIPO DE ASENTAMIENTO": "COMUNIDAD INDIGENA", "NOMBRE": "SANTA CRUZ", "MONTO ASIGNADO (PESOS)": 407178, "LATITUD": 20.849762, "LONGITUD": -87.747861 }, "geometry": { "type": "Point", "coordinates": [ -87.747861, 20.849762 ] } },
{ "type": "Feature", "properties": { "NO": 66, "ENTIDAD": "YUCATAN", "MUNICIPIO": "CHEMAX", "PUEBLO INDIGENA O AFROMEXICANO": "MAYA", "LOCALIDAD": "SISBICHÉN", "CLAVE LOC": 310190054, "TIPO DE ASENTAMIENTO": "COMUNIDAD INDIGENA", "NOMBRE": "SISBICHÉN", "MONTO ASIGNADO (PESOS)": 1840416, "LATITUD": 20.822988, "LONGITUD": -87.92446 }, "geometry": { "type": "Point", "coordinates": [ -87.92446, 20.822988 ] } },
{ "type": "Feature", "properties": { "NO": 67, "ENTIDAD": "YUCATAN", "MUNICIPIO": "CHEMAX", "PUEBLO INDIGENA O AFROMEXICANO": "MAYA", "LOCALIDAD": "TULÍN", "CLAVE LOC": 310190468, "TIPO DE ASENTAMIENTO": "COMUNIDAD INDIGENA", "NOMBRE": "TULÍN", "MONTO ASIGNADO (PESOS)": 236646, "LATITUD": 20.659808, "LONGITUD": -88.008498 }, "geometry": { "type": "Point", "coordinates": [ -88.008498, 20.659808 ] } },
{ "type": "Feature", "properties": { "NO": 68, "ENTIDAD": "YUCATAN", "MUNICIPIO": "CHEMAX", "PUEBLO INDIGENA O AFROMEXICANO": "MAYA", "LOCALIDAD": "USPIBIL", "CLAVE LOC": 310190059, "TIPO DE ASENTAMIENTO": "COMUNIDAD INDIGENA", "NOMBRE": "USPIBIL", "MONTO ASIGNADO (PESOS)": 1430083, "LATITUD": 20.768822, "LONGITUD": -88.004194 }, "geometry": { "type": "Point", "coordinates": [ -88.004194, 20.768822 ] } },
{ "type": "Feature", "properties": { "NO": 69, "ENTIDAD": "YUCATAN", "MUNICIPIO": "CHEMAX", "PUEBLO INDIGENA O AFROMEXICANO": "MAYA", "LOCALIDAD": "XALAÚ (X-ALAU)", "CLAVE LOC": 310190062, "TIPO DE ASENTAMIENTO": "COMUNIDAD INDIGENA", "NOMBRE": "XALAÚ (X-ALAU)", "MONTO ASIGNADO (PESOS)": 2210649, "LATITUD": 20.677464, "LONGITUD": -88.006416 }, "geometry": { "type": "Point", "coordinates": [ -88.006416, 20.677464 ] } },
{ "type": "Feature", "properties": { "NO": 70, "ENTIDAD": "YUCATAN", "MUNICIPIO": "CHEMAX", "PUEBLO INDIGENA O AFROMEXICANO": "MAYA", "LOCALIDAD": "X-CAN", "CLAVE LOC": 310190063, "TIPO DE ASENTAMIENTO": "COMUNIDAD INDIGENA", "NOMBRE": "X-CAN", "MONTO ASIGNADO (PESOS)": 4478931, "LATITUD": 20.858001, "LONGITUD": -87.668874 }, "geometry": { "type": "Point", "coordinates": [ -87.668874, 20.858001 ] } },
{ "type": "Feature", "properties": { "NO": 71, "ENTIDAD": "YUCATAN", "MUNICIPIO": "CHEMAX", "PUEBLO INDIGENA O AFROMEXICANO": "MAYA", "LOCALIDAD": "X-CATZÍN (CATZÍN)", "CLAVE LOC": 310190005, "TIPO DE ASENTAMIENTO": "COMUNIDAD INDIGENA", "NOMBRE": "X-CATZÍN (CATZÍN)", "MONTO ASIGNADO (PESOS)": 2072418, "LATITUD": 20.716928, "LONGITUD": -87.866241 }, "geometry": { "type": "Point", "coordinates": [ -87.866241, 20.716928 ] } },
{ "type": "Feature", "properties": { "NO": 72, "ENTIDAD": "YUCATAN", "MUNICIPIO": "CHEMAX", "PUEBLO INDIGENA O AFROMEXICANO": "MAYA", "LOCALIDAD": "X-JUJILCHÉN", "CLAVE LOC": 310190469, "TIPO DE ASENTAMIENTO": "LOCALIDAD CON POBLACION INDIGENA", "NOMBRE": "X-JUJILCHÉN", "MONTO ASIGNADO (PESOS)": 158758, "LATITUD": 20.671162, "LONGITUD": -88.000334 }, "geometry": { "type": "Point", "coordinates": [ -88.000334, 20.671162 ] } },
{ "type": "Feature", "properties": { "NO": 73, "ENTIDAD": "YUCATAN", "MUNICIPIO": "CHICHIMILA", "PUEBLO INDIGENA O AFROMEXICANO": "MAYA", "LOCALIDAD": "CELTÚN", "CLAVE LOC": 310210004, "TIPO DE ASENTAMIENTO": "COMUNIDAD INDIGENA", "NOMBRE": "CELTÚN", "MONTO ASIGNADO (PESOS)": 347196, "LATITUD": 20.459294, "LONGITUD": -88.210633 }, "geometry": { "type": "Point", "coordinates": [ -88.210633, 20.459294 ] } },
{ "type": "Feature", "properties": { "NO": 74, "ENTIDAD": "YUCATAN", "MUNICIPIO": "CHICHIMILA", "PUEBLO INDIGENA O AFROMEXICANO": "MAYA", "LOCALIDAD": "CHAN PICH", "CLAVE LOC": 310210033, "TIPO DE ASENTAMIENTO": "COMUNIDAD INDIGENA", "NOMBRE": "CHAN PICH", "MONTO ASIGNADO (PESOS)": 205239, "LATITUD": 20.446841, "LONGITUD": -88.151139 }, "geometry": { "type": "Point", "coordinates": [ -88.151139, 20.446841 ] } },
{ "type": "Feature", "properties": { "NO": 75, "ENTIDAD": "YUCATAN", "MUNICIPIO": "CHICHIMILA", "PUEBLO INDIGENA O AFROMEXICANO": "MAYA", "LOCALIDAD": "CHAN X-CAIL", "CLAVE LOC": 310210022, "TIPO DE ASENTAMIENTO": "COMUNIDAD INDIGENA", "NOMBRE": "CHAN X-CAIL", "MONTO ASIGNADO (PESOS)": 634330, "LATITUD": 20.356879, "LONGITUD": -88.138736 }, "geometry": { "type": "Point", "coordinates": [ -88.138736, 20.356879 ] } },
{ "type": "Feature", "properties": { "NO": 76, "ENTIDAD": "YUCATAN", "MUNICIPIO": "CHICHIMILA", "PUEBLO INDIGENA O AFROMEXICANO": "MAYA", "LOCALIDAD": "CHIBILUB", "CLAVE LOC": 310210064, "TIPO DE ASENTAMIENTO": "COMUNIDAD INDIGENA", "NOMBRE": "CHIBILUB", "MONTO ASIGNADO (PESOS)": 158758, "LATITUD": 20.370517, "LONGITUD": -88.086332 }, "geometry": { "type": "Point", "coordinates": [ -88.086332, 20.370517 ] } },
{ "type": "Feature", "properties": { "NO": 77, "ENTIDAD": "YUCATAN", "MUNICIPIO": "CHICHIMILA", "PUEBLO INDIGENA O AFROMEXICANO": "MAYA", "LOCALIDAD": "DZITOX", "CLAVE LOC": 310210008, "TIPO DE ASENTAMIENTO": "COMUNIDAD INDIGENA", "NOMBRE": "DZITOX", "MONTO ASIGNADO (PESOS)": 1455208, "LATITUD": 20.383934, "LONGITUD": -88.086576 }, "geometry": { "type": "Point", "coordinates": [ -88.086576, 20.383934 ] } },
{ "type": "Feature", "properties": { "NO": 78, "ENTIDAD": "YUCATAN", "MUNICIPIO": "CHICHIMILA", "PUEBLO INDIGENA O AFROMEXICANO": "MAYA", "LOCALIDAD": "NUEVO X-HABÍN", "CLAVE LOC": 310210024, "TIPO DE ASENTAMIENTO": "COMUNIDAD INDIGENA", "NOMBRE": "NUEVO X-HABÍN", "MONTO ASIGNADO (PESOS)": 246696, "LATITUD": 20.447289, "LONGITUD": -88.266553 }, "geometry": { "type": "Point", "coordinates": [ -88.266553, 20.447289 ] } },
{ "type": "Feature", "properties": { "NO": 79, "ENTIDAD": "YUCATAN", "MUNICIPIO": "CHICHIMILA", "PUEBLO INDIGENA O AFROMEXICANO": "MAYA", "LOCALIDAD": "SAN PEDRO", "CLAVE LOC": 310210018, "TIPO DE ASENTAMIENTO": "COMUNIDAD INDIGENA", "NOMBRE": "SAN PEDRO", "MONTO ASIGNADO (PESOS)": 509033, "LATITUD": 20.352024, "LONGITUD": -88.215937 }, "geometry": { "type": "Point", "coordinates": [ -88.215937, 20.352024 ] } },
{ "type": "Feature", "properties": { "NO": 80, "ENTIDAD": "YUCATAN", "MUNICIPIO": "CHICHIMILA", "PUEBLO INDIGENA O AFROMEXICANO": "MAYA", "LOCALIDAD": "TIXCANCAL DZONOT", "CLAVE LOC": 310210021, "TIPO DE ASENTAMIENTO": "COMUNIDAD INDIGENA", "NOMBRE": "TIXCANCAL DZONOT", "MONTO ASIGNADO (PESOS)": 103483, "LATITUD": 20.366541, "LONGITUD": -88.191484 }, "geometry": { "type": "Point", "coordinates": [ -88.191484, 20.366541 ] } },
{ "type": "Feature", "properties": { "NO": 81, "ENTIDAD": "YUCATAN", "MUNICIPIO": "CHICHIMILA", "PUEBLO INDIGENA O AFROMEXICANO": "MAYA", "LOCALIDAD": "X-CHAY", "CLAVE LOC": 310210023, "TIPO DE ASENTAMIENTO": "COMUNIDAD INDIGENA", "NOMBRE": "X-CHAY", "MONTO ASIGNADO (PESOS)": 192077, "LATITUD": 20.447032, "LONGITUD": -88.197182 }, "geometry": { "type": "Point", "coordinates": [ -88.197182, 20.447032 ] } },
{ "type": "Feature", "properties": { "NO": 82, "ENTIDAD": "YUCATAN", "MUNICIPIO": "CHIKINDZONOT", "PUEBLO INDIGENA O AFROMEXICANO": "MAYA", "LOCALIDAD": "CHAN SANTA MARÍA", "CLAVE LOC": 310220012, "TIPO DE ASENTAMIENTO": "COMUNIDAD INDIGENA", "NOMBRE": "CHAN SANTA MARÍA", "MONTO ASIGNADO (PESOS)": 114789, "LATITUD": 20.381788, "LONGITUD": -88.557107 }, "geometry": { "type": "Point", "coordinates": [ -88.557107, 20.381788 ] } },
{ "type": "Feature", "properties": { "NO": 83, "ENTIDAD": "YUCATAN", "MUNICIPIO": "CHIKINDZONOT", "PUEBLO INDIGENA O AFROMEXICANO": "MAYA", "LOCALIDAD": "CHAN-CHICHIMILÁ", "CLAVE LOC": 310220002, "TIPO DE ASENTAMIENTO": "COMUNIDAD INDIGENA", "NOMBRE": "CHAN-CHICHIMILÁ", "MONTO ASIGNADO (PESOS)": 423346, "LATITUD": 20.388984, "LONGITUD": -88.474924 }, "geometry": { "type": "Point", "coordinates": [ -88.474924, 20.388984 ] } },
{ "type": "Feature", "properties": { "NO": 84, "ENTIDAD": "YUCATAN", "MUNICIPIO": "CHIKINDZONOT", "PUEBLO INDIGENA O AFROMEXICANO": "MAYA", "LOCALIDAD": "CHIKINDZONOT", "CLAVE LOC": 310220001, "TIPO DE ASENTAMIENTO": "COMUNIDAD INDIGENA", "NOMBRE": "CHIKINDZONOT", "MONTO ASIGNADO (PESOS)": 2802803, "LATITUD": 20.333655, "LONGITUD": -88.486485 }, "geometry": { "type": "Point", "coordinates": [ -88.486485, 20.333655 ] } },
{ "type": "Feature", "properties": { "NO": 85, "ENTIDAD": "YUCATAN", "MUNICIPIO": "CHIKINDZONOT", "PUEBLO INDIGENA O AFROMEXICANO": "MAYA", "LOCALIDAD": "ICHMUL", "CLAVE LOC": 310220003, "TIPO DE ASENTAMIENTO": "COMUNIDAD INDIGENA", "NOMBRE": "ICHMUL", "MONTO ASIGNADO (PESOS)": 779836, "LATITUD": 20.161348, "LONGITUD": -88.609927 }, "geometry": { "type": "Point", "coordinates": [ -88.609927, 20.161348 ] } },
{ "type": "Feature", "properties": { "NO": 86, "ENTIDAD": "YUCATAN", "MUNICIPIO": "CONKAL", "PUEBLO INDIGENA O AFROMEXICANO": "MAYA", "LOCALIDAD": "KANTOYNA", "CLAVE LOC": 310130002, "TIPO DE ASENTAMIENTO": "COMUNIDAD INDIGENA", "NOMBRE": "KANTOYNA", "MONTO ASIGNADO (PESOS)": 198619, "LATITUD": 21.110748, "LONGITUD": -89.523545 }, "geometry": { "type": "Point", "coordinates": [ -89.523545, 21.110748 ] } },
{ "type": "Feature", "properties": { "NO": 87, "ENTIDAD": "YUCATAN", "MUNICIPIO": "CONKAL", "PUEBLO INDIGENA O AFROMEXICANO": "MAYA", "LOCALIDAD": "X-CUYUM", "CLAVE LOC": 310130006, "TIPO DE ASENTAMIENTO": "COMUNIDAD INDIGENA", "NOMBRE": "X-CUYUM", "MONTO ASIGNADO (PESOS)": 1666617, "LATITUD": 21.050949, "LONGITUD": -89.495635 }, "geometry": { "type": "Point", "coordinates": [ -89.495635, 21.050949 ] } },
{ "type": "Feature", "properties": { "NO": 88, "ENTIDAD": "YUCATAN", "MUNICIPIO": "CUNCUNUL", "PUEBLO INDIGENA O AFROMEXICANO": "MAYA", "LOCALIDAD": "CHEBALAM", "CLAVE LOC": 310140013, "TIPO DE ASENTAMIENTO": "COMUNIDAD INDIGENA", "NOMBRE": "CHEBALAM", "MONTO ASIGNADO (PESOS)": 172577, "LATITUD": 20.549168, "LONGITUD": -88.415867 }, "geometry": { "type": "Point", "coordinates": [ -88.415867, 20.549168 ] } },
{ "type": "Feature", "properties": { "NO": 89, "ENTIDAD": "YUCATAN", "MUNICIPIO": "CUNCUNUL", "PUEBLO INDIGENA O AFROMEXICANO": "MAYA", "LOCALIDAD": "SAN DIEGO", "CLAVE LOC": 310140025, "TIPO DE ASENTAMIENTO": "COMUNIDAD INDIGENA", "NOMBRE": "SAN DIEGO", "MONTO ASIGNADO (PESOS)": 184877, "LATITUD": 20.638517, "LONGITUD": -88.334124 }, "geometry": { "type": "Point", "coordinates": [ -88.334124, 20.638517 ] } },
{ "type": "Feature", "properties": { "NO": 90, "ENTIDAD": "YUCATAN", "MUNICIPIO": "CUNCUNUL", "PUEBLO INDIGENA O AFROMEXICANO": "MAYA", "LOCALIDAD": "SAN FRANCISCO", "CLAVE LOC": 310140010, "TIPO DE ASENTAMIENTO": "COMUNIDAD INDIGENA", "NOMBRE": "SAN FRANCISCO", "MONTO ASIGNADO (PESOS)": 115357, "LATITUD": 20.651995, "LONGITUD": -88.344412 }, "geometry": { "type": "Point", "coordinates": [ -88.344412, 20.651995 ] } },
{ "type": "Feature", "properties": { "NO": 91, "ENTIDAD": "YUCATAN", "MUNICIPIO": "CUNCUNUL", "PUEBLO INDIGENA O AFROMEXICANO": "MAYA", "LOCALIDAD": "X-AKABCHÉN", "CLAVE LOC": 310140040, "TIPO DE ASENTAMIENTO": "COMUNIDAD INDIGENA", "NOMBRE": "X-AKABCHÉN", "MONTO ASIGNADO (PESOS)": 115357, "LATITUD": 20.51139, "LONGITUD": -88.521607 }, "geometry": { "type": "Point", "coordinates": [ -88.521607, 20.51139 ] } },
{ "type": "Feature", "properties": { "NO": 92, "ENTIDAD": "YUCATAN", "MUNICIPIO": "CUZAMA", "PUEBLO INDIGENA O AFROMEXICANO": "MAYA", "LOCALIDAD": "CUZAMÁ", "CLAVE LOC": 310150001, "TIPO DE ASENTAMIENTO": "COMUNIDAD INDIGENA", "NOMBRE": "CUZAMÁ", "MONTO ASIGNADO (PESOS)": 701994, "LATITUD": 20.741484, "LONGITUD": -89.31696 }, "geometry": { "type": "Point", "coordinates": [ -89.31696, 20.741484 ] } },
{ "type": "Feature", "properties": { "NO": 93, "ENTIDAD": "YUCATAN", "MUNICIPIO": "CUZAMA", "PUEBLO INDIGENA O AFROMEXICANO": "MAYA", "LOCALIDAD": "EKNAKÁN", "CLAVE LOC": 310150005, "TIPO DE ASENTAMIENTO": "COMUNIDAD INDIGENA", "NOMBRE": "EKNAKÁN", "MONTO ASIGNADO (PESOS)": 638372, "LATITUD": 20.758747, "LONGITUD": -89.37001 }, "geometry": { "type": "Point", "coordinates": [ -89.37001, 20.758747 ] } },
{ "type": "Feature", "properties": { "NO": 94, "ENTIDAD": "YUCATAN", "MUNICIPIO": "DZEMUL", "PUEBLO INDIGENA O AFROMEXICANO": "MAYA", "LOCALIDAD": "SAN EDUARDO", "CLAVE LOC": 310260006, "TIPO DE ASENTAMIENTO": "COMUNIDAD INDIGENA", "NOMBRE": "SAN EDUARDO", "MONTO ASIGNADO (PESOS)": 130716, "LATITUD": 21.233117, "LONGITUD": -89.276284 }, "geometry": { "type": "Point", "coordinates": [ -89.276284, 21.233117 ] } },
{ "type": "Feature", "properties": { "NO": 95, "ENTIDAD": "YUCATAN", "MUNICIPIO": "DZIDZANTUN", "PUEBLO INDIGENA O AFROMEXICANO": "MAYA", "LOCALIDAD": "SAN FRANCISCO MANZANILLA", "CLAVE LOC": 310270002, "TIPO DE ASENTAMIENTO": "COMUNIDAD INDIGENA", "NOMBRE": "SAN FRANCISCO MANZANILLA", "MONTO ASIGNADO (PESOS)": 677982, "LATITUD": 21.253222, "LONGITUD": -89.022985 }, "geometry": { "type": "Point", "coordinates": [ -89.022985, 21.253222 ] } },
{ "type": "Feature", "properties": { "NO": 96, "ENTIDAD": "YUCATAN", "MUNICIPIO": "DZIDZANTUN", "PUEBLO INDIGENA O AFROMEXICANO": "MAYA", "LOCALIDAD": "SANTA CLARA", "CLAVE LOC": 310270004, "TIPO DE ASENTAMIENTO": "COMUNIDAD INDIGENA", "NOMBRE": "SANTA CLARA", "MONTO ASIGNADO (PESOS)": 115357, "LATITUD": 21.37382, "LONGITUD": -89.013754 }, "geometry": { "type": "Point", "coordinates": [ -89.013754, 21.37382 ] } },
{ "type": "Feature", "properties": { "NO": 97, "ENTIDAD": "YUCATAN", "MUNICIPIO": "DZILAMDEBRAVO", "PUEBLO INDIGENA O AFROMEXICANO": "MAYA", "LOCALIDAD": "DZILAM DE BRAVO", "CLAVE LOC": 310280001, "TIPO DE ASENTAMIENTO": "COMUNIDAD INDIGENA", "NOMBRE": "DZILAM DE BRAVO", "MONTO ASIGNADO (PESOS)": 84639, "LATITUD": 21.393204, "LONGITUD": -88.891924 }, "geometry": { "type": "Point", "coordinates": [ -88.891924, 21.393204 ] } },
{ "type": "Feature", "properties": { "NO": 98, "ENTIDAD": "YUCATAN", "MUNICIPIO": "DZITAS", "PUEBLO INDIGENA O AFROMEXICANO": "MAYA", "LOCALIDAD": "DZITÁS", "CLAVE LOC": 310300001, "TIPO DE ASENTAMIENTO": "COMUNIDAD INDIGENA", "NOMBRE": "DZITÁS", "MONTO ASIGNADO (PESOS)": 2218732, "LATITUD": 20.839865, "LONGITUD": -88.527822 }, "geometry": { "type": "Point", "coordinates": [ -88.527822, 20.839865 ] } },
{ "type": "Feature", "properties": { "NO": 99, "ENTIDAD": "YUCATAN", "MUNICIPIO": "DZITAS", "PUEBLO INDIGENA O AFROMEXICANO": "MAYA", "LOCALIDAD": "XOCEMPICH", "CLAVE LOC": 310300008, "TIPO DE ASENTAMIENTO": "COMUNIDAD INDIGENA", "NOMBRE": "XOCEMPICH", "MONTO ASIGNADO (PESOS)": 690107, "LATITUD": 20.771369, "LONGITUD": -88.571809 }, "geometry": { "type": "Point", "coordinates": [ -88.571809, 20.771369 ] } },
{ "type": "Feature", "properties": { "NO": 100, "ENTIDAD": "YUCATAN", "MUNICIPIO": "DZITAS", "PUEBLO INDIGENA O AFROMEXICANO": "MAYA", "LOCALIDAD": "YAXCHÉ", "CLAVE LOC": 310300076, "TIPO DE ASENTAMIENTO": "COMUNIDAD INDIGENA", "NOMBRE": "YAXCHÉ", "MONTO ASIGNADO (PESOS)": 157502, "LATITUD": 20.72941, "LONGITUD": -88.547568 }, "geometry": { "type": "Point", "coordinates": [ -88.547568, 20.72941 ] } },
{ "type": "Feature", "properties": { "NO": 101, "ENTIDAD": "YUCATAN", "MUNICIPIO": "DZONCAUICH", "PUEBLO INDIGENA O AFROMEXICANO": "MAYA", "LOCALIDAD": "CHACMAY", "CLAVE LOC": 310310002, "TIPO DE ASENTAMIENTO": "COMUNIDAD INDIGENA", "NOMBRE": "CHACMAY", "MONTO ASIGNADO (PESOS)": 455681, "LATITUD": 21.050991, "LONGITUD": -88.892509 }, "geometry": { "type": "Point", "coordinates": [ -88.892509, 21.050991 ] } },
{ "type": "Feature", "properties": { "NO": 102, "ENTIDAD": "YUCATAN", "MUNICIPIO": "ESPITA", "PUEBLO INDIGENA O AFROMEXICANO": "MAYA", "LOCALIDAD": "ESPITA", "CLAVE LOC": 310320001, "TIPO DE ASENTAMIENTO": "COMUNIDAD INDIGENA", "NOMBRE": "ESPITA", "MONTO ASIGNADO (PESOS)": 8369608, "LATITUD": 21.011053, "LONGITUD": -88.306823 }, "geometry": { "type": "Point", "coordinates": [ -88.306823, 21.011053 ] } },
{ "type": "Feature", "properties": { "NO": 103, "ENTIDAD": "YUCATAN", "MUNICIPIO": "ESPITA", "PUEBLO INDIGENA O AFROMEXICANO": "MAYA", "LOCALIDAD": "HOLCÁ", "CLAVE LOC": 310320002, "TIPO DE ASENTAMIENTO": "COMUNIDAD INDIGENA", "NOMBRE": "HOLCÁ", "MONTO ASIGNADO (PESOS)": 586636, "LATITUD": 21.091864, "LONGITUD": -88.268715 }, "geometry": { "type": "Point", "coordinates": [ -88.268715, 21.091864 ] } },
{ "type": "Feature", "properties": { "NO": 104, "ENTIDAD": "YUCATAN", "MUNICIPIO": "ESPITA", "PUEBLO INDIGENA O AFROMEXICANO": "MAYA", "LOCALIDAD": "KUNCHÉ", "CLAVE LOC": 310320003, "TIPO DE ASENTAMIENTO": "COMUNIDAD INDIGENA", "NOMBRE": "KUNCHÉ", "MONTO ASIGNADO (PESOS)": 807321, "LATITUD": 20.909833, "LONGITUD": -88.304144 }, "geometry": { "type": "Point", "coordinates": [ -88.304144, 20.909833 ] } },
{ "type": "Feature", "properties": { "NO": 105, "ENTIDAD": "YUCATAN", "MUNICIPIO": "ESPITA", "PUEBLO INDIGENA O AFROMEXICANO": "MAYA", "LOCALIDAD": "NACUCHÉ", "CLAVE LOC": 310320004, "TIPO DE ASENTAMIENTO": "COMUNIDAD INDIGENA", "NOMBRE": "NACUCHÉ", "MONTO ASIGNADO (PESOS)": 1218780, "LATITUD": 20.923228, "LONGITUD": -88.296482 }, "geometry": { "type": "Point", "coordinates": [ -88.296482, 20.923228 ] } },
{ "type": "Feature", "properties": { "NO": 106, "ENTIDAD": "YUCATAN", "MUNICIPIO": "ESPITA", "PUEBLO INDIGENA O AFROMEXICANO": "MAYA", "LOCALIDAD": "SAN PEDRO CHENCHELÁ", "CLAVE LOC": 310320005, "TIPO DE ASENTAMIENTO": "COMUNIDAD INDIGENA", "NOMBRE": "SAN PEDRO CHENCHELÁ", "MONTO ASIGNADO (PESOS)": 344126, "LATITUD": 20.874802, "LONGITUD": -88.314081 }, "geometry": { "type": "Point", "coordinates": [ -88.314081, 20.874802 ] } },
{ "type": "Feature", "properties": { "NO": 107, "ENTIDAD": "YUCATAN", "MUNICIPIO": "ESPITA", "PUEBLO INDIGENA O AFROMEXICANO": "MAYA", "LOCALIDAD": "SANTA CRUZ REGADÍO", "CLAVE LOC": 310320006, "TIPO DE ASENTAMIENTO": "COMUNIDAD INDIGENA", "NOMBRE": "SANTA CRUZ REGADÍO", "MONTO ASIGNADO (PESOS)": 116046, "LATITUD": 21.09299, "LONGITUD": -88.296809 }, "geometry": { "type": "Point", "coordinates": [ -88.296809, 21.09299 ] } },
{ "type": "Feature", "properties": { "NO": 108, "ENTIDAD": "YUCATAN", "MUNICIPIO": "ESPITA", "PUEBLO INDIGENA O AFROMEXICANO": "MAYA", "LOCALIDAD": "TUZIK", "CLAVE LOC": 310320007, "TIPO DE ASENTAMIENTO": "COMUNIDAD INDIGENA", "NOMBRE": "TUZIK", "MONTO ASIGNADO (PESOS)": 407178, "LATITUD": 21.11302, "LONGITUD": -88.472068 }, "geometry": { "type": "Point", "coordinates": [ -88.472068, 21.11302 ] } },
{ "type": "Feature", "properties": { "NO": 109, "ENTIDAD": "YUCATAN", "MUNICIPIO": "ESPITA", "PUEBLO INDIGENA O AFROMEXICANO": "MAYA", "LOCALIDAD": "X-UALTEZ", "CLAVE LOC": 310320008, "TIPO DE ASENTAMIENTO": "COMUNIDAD INDIGENA", "NOMBRE": "X-UALTEZ", "MONTO ASIGNADO (PESOS)": 338467, "LATITUD": 21.123367, "LONGITUD": -88.472327 }, "geometry": { "type": "Point", "coordinates": [ -88.472327, 21.123367 ] } },
{ "type": "Feature", "properties": { "NO": 110, "ENTIDAD": "YUCATAN", "MUNICIPIO": "ESPITA", "PUEBLO INDIGENA O AFROMEXICANO": "MAYA", "LOCALIDAD": "XUILUB", "CLAVE LOC": 310320009, "TIPO DE ASENTAMIENTO": "COMUNIDAD INDIGENA", "NOMBRE": "XUILUB", "MONTO ASIGNADO (PESOS)": 437896, "LATITUD": 20.916801, "LONGITUD": -88.420573 }, "geometry": { "type": "Point", "coordinates": [ -88.420573, 20.916801 ] } },
{ "type": "Feature", "properties": { "NO": 111, "ENTIDAD": "YUCATAN", "MUNICIPIO": "HALACHO", "PUEBLO INDIGENA O AFROMEXICANO": "MAYA", "LOCALIDAD": "CEPEDA", "CLAVE LOC": 310330002, "TIPO DE ASENTAMIENTO": "COMUNIDAD INDIGENA", "NOMBRE": "CEPEDA", "MONTO ASIGNADO (PESOS)": 2992341, "LATITUD": 20.506149, "LONGITUD": -90.109612 }, "geometry": { "type": "Point", "coordinates": [ -90.109612, 20.506149 ] } },
{ "type": "Feature", "properties": { "NO": 112, "ENTIDAD": "YUCATAN", "MUNICIPIO": "HALACHO", "PUEBLO INDIGENA O AFROMEXICANO": "MAYA", "LOCALIDAD": "CUCH HOLOCH", "CLAVE LOC": 310330003, "TIPO DE ASENTAMIENTO": "COMUNIDAD INDIGENA", "NOMBRE": "CUCH HOLOCH", "MONTO ASIGNADO (PESOS)": 2027957, "LATITUD": 20.435434, "LONGITUD": -90.097452 }, "geometry": { "type": "Point", "coordinates": [ -90.097452, 20.435434 ] } },
{ "type": "Feature", "properties": { "NO": 113, "ENTIDAD": "YUCATAN", "MUNICIPIO": "HALACHO", "PUEBLO INDIGENA O AFROMEXICANO": "MAYA", "LOCALIDAD": "DZIDZIBACHÍ", "CLAVE LOC": 310330008, "TIPO DE ASENTAMIENTO": "COMUNIDAD INDIGENA", "NOMBRE": "DZIDZIBACHÍ", "MONTO ASIGNADO (PESOS)": 771753, "LATITUD": 20.570234, "LONGITUD": -90.12642 }, "geometry": { "type": "Point", "coordinates": [ -90.12642, 20.570234 ] } },
{ "type": "Feature", "properties": { "NO": 114, "ENTIDAD": "YUCATAN", "MUNICIPIO": "HALACHO", "PUEBLO INDIGENA O AFROMEXICANO": "MAYA", "LOCALIDAD": "KANCABCHÉN", "CLAVE LOC": 310330004, "TIPO DE ASENTAMIENTO": "COMUNIDAD INDIGENA", "NOMBRE": "KANCABCHÉN", "MONTO ASIGNADO (PESOS)": 521967, "LATITUD": 20.525927, "LONGITUD": -90.138143 }, "geometry": { "type": "Point", "coordinates": [ -90.138143, 20.525927 ] } },
{ "type": "Feature", "properties": { "NO": 115, "ENTIDAD": "YUCATAN", "MUNICIPIO": "HALACHO", "PUEBLO INDIGENA O AFROMEXICANO": "MAYA", "LOCALIDAD": "SAN MATEO", "CLAVE LOC": 310330005, "TIPO DE ASENTAMIENTO": "COMUNIDAD INDIGENA", "NOMBRE": "SAN MATEO", "MONTO ASIGNADO (PESOS)": 336850, "LATITUD": 20.590813, "LONGITUD": -90.212992 }, "geometry": { "type": "Point", "coordinates": [ -90.212992, 20.590813 ] } },
{ "type": "Feature", "properties": { "NO": 116, "ENTIDAD": "YUCATAN", "MUNICIPIO": "HALACHO", "PUEBLO INDIGENA O AFROMEXICANO": "MAYA", "LOCALIDAD": "SANTA MARÍA ACÚ", "CLAVE LOC": 310330006, "TIPO DE ASENTAMIENTO": "COMUNIDAD INDIGENA", "NOMBRE": "SANTA MARÍA ACÚ", "MONTO ASIGNADO (PESOS)": 1306893, "LATITUD": 20.547781, "LONGITUD": -90.163537 }, "geometry": { "type": "Point", "coordinates": [ -90.163537, 20.547781 ] } },
{ "type": "Feature", "properties": { "NO": 117, "ENTIDAD": "YUCATAN", "MUNICIPIO": "HALACHO", "PUEBLO INDIGENA O AFROMEXICANO": "MAYA", "LOCALIDAD": "SIHÓ", "CLAVE LOC": 310330007, "TIPO DE ASENTAMIENTO": "COMUNIDAD INDIGENA", "NOMBRE": "SIHÓ", "MONTO ASIGNADO (PESOS)": 1487159, "LATITUD": 20.486623, "LONGITUD": -90.16311 }, "geometry": { "type": "Point", "coordinates": [ -90.16311, 20.486623 ] } },
{ "type": "Feature", "properties": { "NO": 118, "ENTIDAD": "YUCATAN", "MUNICIPIO": "HOCABA", "PUEBLO INDIGENA O AFROMEXICANO": "MAYA", "LOCALIDAD": "SAHCABÁ", "CLAVE LOC": 310340003, "TIPO DE ASENTAMIENTO": "COMUNIDAD INDIGENA", "NOMBRE": "SAHCABÁ", "MONTO ASIGNADO (PESOS)": 1770088, "LATITUD": 20.792164, "LONGITUD": -89.182381 }, "geometry": { "type": "Point", "coordinates": [ -89.182381, 20.792164 ] } },
{ "type": "Feature", "properties": { "NO": 119, "ENTIDAD": "YUCATAN", "MUNICIPIO": "HOCTUN", "PUEBLO INDIGENA O AFROMEXICANO": "MAYA", "LOCALIDAD": "SAN JOSÉ ORIENTE", "CLAVE LOC": 310350007, "TIPO DE ASENTAMIENTO": "COMUNIDAD INDIGENA", "NOMBRE": "SAN JOSÉ ORIENTE", "MONTO ASIGNADO (PESOS)": 1613495, "LATITUD": 20.859353, "LONGITUD": -89.102933 }, "geometry": { "type": "Point", "coordinates": [ -89.102933, 20.859353 ] } },
{ "type": "Feature", "properties": { "NO": 120, "ENTIDAD": "YUCATAN", "MUNICIPIO": "HOMUN", "PUEBLO INDIGENA O AFROMEXICANO": "MAYA", "LOCALIDAD": "HOMÚN", "CLAVE LOC": 310360001, "TIPO DE ASENTAMIENTO": "COMUNIDAD INDIGENA", "NOMBRE": "HOMÚN", "MONTO ASIGNADO (PESOS)": 274367, "LATITUD": 20.739515, "LONGITUD": -89.285754 }, "geometry": { "type": "Point", "coordinates": [ -89.285754, 20.739515 ] } },
{ "type": "Feature", "properties": { "NO": 121, "ENTIDAD": "YUCATAN", "MUNICIPIO": "HOMUN", "PUEBLO INDIGENA O AFROMEXICANO": "MAYA", "LOCALIDAD": "SAN ISIDRO OCHIL", "CLAVE LOC": 310360012, "TIPO DE ASENTAMIENTO": "COMUNIDAD INDIGENA", "NOMBRE": "SAN ISIDRO OCHIL", "MONTO ASIGNADO (PESOS)": 977078, "LATITUD": 20.636502, "LONGITUD": -89.342086 }, "geometry": { "type": "Point", "coordinates": [ -89.342086, 20.636502 ] } },
{ "type": "Feature", "properties": { "NO": 122, "ENTIDAD": "YUCATAN", "MUNICIPIO": "HUHI", "PUEBLO INDIGENA O AFROMEXICANO": "MAYA", "LOCALIDAD": "HUHÍ", "CLAVE LOC": 310370001, "TIPO DE ASENTAMIENTO": "COMUNIDAD INDIGENA", "NOMBRE": "HUHÍ", "MONTO ASIGNADO (PESOS)": 129100, "LATITUD": 20.72499, "LONGITUD": -89.162199 }, "geometry": { "type": "Point", "coordinates": [ -89.162199, 20.72499 ] } },
{ "type": "Feature", "properties": { "NO": 123, "ENTIDAD": "YUCATAN", "MUNICIPIO": "HUNUCMA", "PUEBLO INDIGENA O AFROMEXICANO": "MAYA", "LOCALIDAD": "HUNKANAB", "CLAVE LOC": 310380002, "TIPO DE ASENTAMIENTO": "COMUNIDAD INDIGENA", "NOMBRE": "HUNKANAB", "MONTO ASIGNADO (PESOS)": 585020, "LATITUD": 20.964753, "LONGITUD": -89.857071 }, "geometry": { "type": "Point", "coordinates": [ -89.857071, 20.964753 ] } },
{ "type": "Feature", "properties": { "NO": 124, "ENTIDAD": "YUCATAN", "MUNICIPIO": "HUNUCMA", "PUEBLO INDIGENA O AFROMEXICANO": "MAYA", "LOCALIDAD": "SAN ANTONIO CHEL", "CLAVE LOC": 310380003, "TIPO DE ASENTAMIENTO": "COMUNIDAD INDIGENA", "NOMBRE": "SAN ANTONIO CHEL", "MONTO ASIGNADO (PESOS)": 247930, "LATITUD": 20.996854, "LONGITUD": -89.813893 }, "geometry": { "type": "Point", "coordinates": [ -89.813893, 20.996854 ] } },
{ "type": "Feature", "properties": { "NO": 125, "ENTIDAD": "YUCATAN", "MUNICIPIO": "HUNUCMA", "PUEBLO INDIGENA O AFROMEXICANO": "MAYA", "LOCALIDAD": "SISAL", "CLAVE LOC": 310380004, "TIPO DE ASENTAMIENTO": "COMUNIDAD INDIGENA", "NOMBRE": "SISAL", "MONTO ASIGNADO (PESOS)": 1764429, "LATITUD": 21.164898, "LONGITUD": -90.03254 }, "geometry": { "type": "Point", "coordinates": [ -90.03254, 21.164898 ] } },
{ "type": "Feature", "properties": { "NO": 126, "ENTIDAD": "YUCATAN", "MUNICIPIO": "HUNUCMA", "PUEBLO INDIGENA O AFROMEXICANO": "MAYA", "LOCALIDAD": "TEXÁN DE PALOMEQUE", "CLAVE LOC": 310380005, "TIPO DE ASENTAMIENTO": "COMUNIDAD INDIGENA", "NOMBRE": "TEXÁN DE PALOMEQUE", "MONTO ASIGNADO (PESOS)": 3128955, "LATITUD": 20.932051, "LONGITUD": -89.829731 }, "geometry": { "type": "Point", "coordinates": [ -89.829731, 20.932051 ] } },
{ "type": "Feature", "properties": { "NO": 127, "ENTIDAD": "YUCATAN", "MUNICIPIO": "IZAMAL", "PUEBLO INDIGENA O AFROMEXICANO": "MAYA", "LOCALIDAD": "CITILCUM", "CLAVE LOC": 310400003, "TIPO DE ASENTAMIENTO": "COMUNIDAD INDIGENA", "NOMBRE": "CITILCUM", "MONTO ASIGNADO (PESOS)": 1975413, "LATITUD": 20.951776, "LONGITUD": -89.11854 }, "geometry": { "type": "Point", "coordinates": [ -89.11854, 20.951776 ] } },
{ "type": "Feature", "properties": { "NO": 128, "ENTIDAD": "YUCATAN", "MUNICIPIO": "IZAMAL", "PUEBLO INDIGENA O AFROMEXICANO": "MAYA", "LOCALIDAD": "CUAUHTÉMOC", "CLAVE LOC": 310400004, "TIPO DE ASENTAMIENTO": "COMUNIDAD INDIGENA", "NOMBRE": "CUAUHTÉMOC", "MONTO ASIGNADO (PESOS)": 667473, "LATITUD": 20.887583, "LONGITUD": -89.000788 }, "geometry": { "type": "Point", "coordinates": [ -89.000788, 20.887583 ] } },
{ "type": "Feature", "properties": { "NO": 129, "ENTIDAD": "YUCATAN", "MUNICIPIO": "IZAMAL", "PUEBLO INDIGENA O AFROMEXICANO": "MAYA", "LOCALIDAD": "SITILPECH", "CLAVE LOC": 310400024, "TIPO DE ASENTAMIENTO": "COMUNIDAD INDIGENA", "NOMBRE": "SITILPECH", "MONTO ASIGNADO (PESOS)": 1639132, "LATITUD": 20.940719, "LONGITUD": -88.957458 }, "geometry": { "type": "Point", "coordinates": [ -88.957458, 20.940719 ] } },
{ "type": "Feature", "properties": { "NO": 130, "ENTIDAD": "YUCATAN", "MUNICIPIO": "IZAMAL", "PUEBLO INDIGENA O AFROMEXICANO": "MAYA", "LOCALIDAD": "XANABÁ", "CLAVE LOC": 310400028, "TIPO DE ASENTAMIENTO": "COMUNIDAD INDIGENA", "NOMBRE": "XANABÁ", "MONTO ASIGNADO (PESOS)": 1327910, "LATITUD": 20.836272, "LONGITUD": -89.014114 }, "geometry": { "type": "Point", "coordinates": [ -89.014114, 20.836272 ] } },
{ "type": "Feature", "properties": { "NO": 131, "ENTIDAD": "YUCATAN", "MUNICIPIO": "KANASIN", "PUEBLO INDIGENA O AFROMEXICANO": "MAYA", "LOCALIDAD": "SAN ANTONIO TEHUITZ", "CLAVE LOC": 310410003, "TIPO DE ASENTAMIENTO": "COMUNIDAD INDIGENA", "NOMBRE": "SAN ANTONIO TEHUITZ", "MONTO ASIGNADO (PESOS)": 660198, "LATITUD": 20.900422, "LONGITUD": -89.520709 }, "geometry": { "type": "Point", "coordinates": [ -89.520709, 20.900422 ] } },
{ "type": "Feature", "properties": { "NO": 132, "ENTIDAD": "YUCATAN", "MUNICIPIO": "KANASIN", "PUEBLO INDIGENA O AFROMEXICANO": "MAYA", "LOCALIDAD": "TEYA", "CLAVE LOC": 310410006, "TIPO DE ASENTAMIENTO": "COMUNIDAD INDIGENA", "NOMBRE": "TEYA", "MONTO ASIGNADO (PESOS)": 690916, "LATITUD": 20.936378, "LONGITUD": -89.522751 }, "geometry": { "type": "Point", "coordinates": [ -89.522751, 20.936378 ] } },
{ "type": "Feature", "properties": { "NO": 133, "ENTIDAD": "YUCATAN", "MUNICIPIO": "KANTUNIL", "PUEBLO INDIGENA O AFROMEXICANO": "MAYA", "LOCALIDAD": "HOLCÁ", "CLAVE LOC": 310420002, "TIPO DE ASENTAMIENTO": "COMUNIDAD INDIGENA", "NOMBRE": "HOLCÁ", "MONTO ASIGNADO (PESOS)": 1672275, "LATITUD": 20.756661, "LONGITUD": -88.929408 }, "geometry": { "type": "Point", "coordinates": [ -88.929408, 20.756661 ] } },
{ "type": "Feature", "properties": { "NO": 134, "ENTIDAD": "YUCATAN", "MUNICIPIO": "KAUA", "PUEBLO INDIGENA O AFROMEXICANO": "MAYA", "LOCALIDAD": "DZEAL", "CLAVE LOC": 310430006, "TIPO DE ASENTAMIENTO": "COMUNIDAD INDIGENA", "NOMBRE": "DZEAL", "MONTO ASIGNADO (PESOS)": 454064, "LATITUD": 20.566318, "LONGITUD": -88.431728 }, "geometry": { "type": "Point", "coordinates": [ -88.431728, 20.566318 ] } },
{ "type": "Feature", "properties": { "NO": 135, "ENTIDAD": "YUCATAN", "MUNICIPIO": "KAUA", "PUEBLO INDIGENA O AFROMEXICANO": "MAYA", "LOCALIDAD": "DZIBIAC", "CLAVE LOC": 310430003, "TIPO DE ASENTAMIENTO": "COMUNIDAD INDIGENA", "NOMBRE": "DZIBIAC", "MONTO ASIGNADO (PESOS)": 100807, "LATITUD": 20.574288, "LONGITUD": -88.441215 }, "geometry": { "type": "Point", "coordinates": [ -88.441215, 20.574288 ] } },
{ "type": "Feature", "properties": { "NO": 136, "ENTIDAD": "YUCATAN", "MUNICIPIO": "KAUA", "PUEBLO INDIGENA O AFROMEXICANO": "MAYA", "LOCALIDAD": "SAN ESTEBAN", "CLAVE LOC": 310430023, "TIPO DE ASENTAMIENTO": "COMUNIDAD INDIGENA", "NOMBRE": "SAN ESTEBAN", "MONTO ASIGNADO (PESOS)": 97202, "LATITUD": 20.658853, "LONGITUD": -88.410887 }, "geometry": { "type": "Point", "coordinates": [ -88.410887, 20.658853 ] } },
{ "type": "Feature", "properties": { "NO": 137, "ENTIDAD": "YUCATAN", "MUNICIPIO": "KAUA", "PUEBLO INDIGENA O AFROMEXICANO": "MAYA", "LOCALIDAD": "YAXLÉ", "CLAVE LOC": 310430012, "TIPO DE ASENTAMIENTO": "COMUNIDAD INDIGENA", "NOMBRE": "YAXLÉ", "MONTO ASIGNADO (PESOS)": 92723, "LATITUD": 20.597571, "LONGITUD": -88.443019 }, "geometry": { "type": "Point", "coordinates": [ -88.443019, 20.597571 ] } },
{ "type": "Feature", "properties": { "NO": 138, "ENTIDAD": "YUCATAN", "MUNICIPIO": "KINCHIL", "PUEBLO INDIGENA O AFROMEXICANO": "MAYA", "LOCALIDAD": "TAMCHÉN", "CLAVE LOC": 310440002, "TIPO DE ASENTAMIENTO": "COMUNIDAD INDIGENA", "NOMBRE": "TAMCHÉN", "MONTO ASIGNADO (PESOS)": 353826, "LATITUD": 20.87544, "LONGITUD": -89.931638 }, "geometry": { "type": "Point", "coordinates": [ -89.931638, 20.87544 ] } },
{ "type": "Feature", "properties": { "NO": 139, "ENTIDAD": "YUCATAN", "MUNICIPIO": "KOPOMA", "PUEBLO INDIGENA O AFROMEXICANO": "MAYA", "LOCALIDAD": "SAN BERNARDO", "CLAVE LOC": 310450002, "TIPO DE ASENTAMIENTO": "COMUNIDAD INDIGENA", "NOMBRE": "SAN BERNARDO", "MONTO ASIGNADO (PESOS)": 461339, "LATITUD": 20.63628, "LONGITUD": -89.952198 }, "geometry": { "type": "Point", "coordinates": [ -89.952198, 20.63628 ] } },
{ "type": "Feature", "properties": { "NO": 140, "ENTIDAD": "YUCATAN", "MUNICIPIO": "MAMA", "PUEBLO INDIGENA O AFROMEXICANO": "MAYA", "LOCALIDAD": "NUEVO SAN JUAN", "CLAVE LOC": 310460065, "TIPO DE ASENTAMIENTO": "LOCALIDAD CON POBLACION INDIGENA", "NOMBRE": "NUEVO SAN JUAN", "MONTO ASIGNADO (PESOS)": 164668, "LATITUD": 20.525859, "LONGITUD": -89.338428 }, "geometry": { "type": "Point", "coordinates": [ -89.338428, 20.525859 ] } },
{ "type": "Feature", "properties": { "NO": 141, "ENTIDAD": "YUCATAN", "MUNICIPIO": "MANI", "PUEBLO INDIGENA O AFROMEXICANO": "MAYA", "LOCALIDAD": "MANÍ", "CLAVE LOC": 310470001, "TIPO DE ASENTAMIENTO": "COMUNIDAD INDIGENA", "NOMBRE": "MANÍ", "MONTO ASIGNADO (PESOS)": 228529, "LATITUD": 20.387701, "LONGITUD": -89.392971 }, "geometry": { "type": "Point", "coordinates": [ -89.392971, 20.387701 ] } },
{ "type": "Feature", "properties": { "NO": 142, "ENTIDAD": "YUCATAN", "MUNICIPIO": "MANI", "PUEBLO INDIGENA O AFROMEXICANO": "MAYA", "LOCALIDAD": "TIPIKAL", "CLAVE LOC": 310470009, "TIPO DE ASENTAMIENTO": "COMUNIDAD INDIGENA", "NOMBRE": "TIPIKAL", "MONTO ASIGNADO (PESOS)": 931001, "LATITUD": 20.406751, "LONGITUD": -89.344686 }, "geometry": { "type": "Point", "coordinates": [ -89.344686, 20.406751 ] } },
{ "type": "Feature", "properties": { "NO": 143, "ENTIDAD": "YUCATAN", "MUNICIPIO": "MAXCANU", "PUEBLO INDIGENA O AFROMEXICANO": "MAYA", "LOCALIDAD": "CHACTÚN (SAN JOSÉ CHACTÚN)", "CLAVE LOC": 310480003, "TIPO DE ASENTAMIENTO": "COMUNIDAD INDIGENA", "NOMBRE": "CHACTÚN (SAN JOSÉ CHACTÚN)", "MONTO ASIGNADO (PESOS)": 241671, "LATITUD": 20.523865, "LONGITUD": -90.008749 }, "geometry": { "type": "Point", "coordinates": [ -90.008749, 20.523865 ] } },
{ "type": "Feature", "properties": { "NO": 144, "ENTIDAD": "YUCATAN", "MUNICIPIO": "MAXCANU", "PUEBLO INDIGENA O AFROMEXICANO": "MAYA", "LOCALIDAD": "CHAN CHOCHOLÁ (SANTA EDUVIGES CHAN CHOCHOLÁ)", "CLAVE LOC": 310480004, "TIPO DE ASENTAMIENTO": "COMUNIDAD INDIGENA", "NOMBRE": "CHAN CHOCHOLÁ (SANTA EDUVIGES CHAN CHOCHOLÁ)", "MONTO ASIGNADO (PESOS)": 436280, "LATITUD": 20.523579, "LONGITUD": -90.038299 }, "geometry": { "type": "Point", "coordinates": [ -90.038299, 20.523579 ] } },
{ "type": "Feature", "properties": { "NO": 145, "ENTIDAD": "YUCATAN", "MUNICIPIO": "MAXCANU", "PUEBLO INDIGENA O AFROMEXICANO": "MAYA", "LOCALIDAD": "CHAN SANTA CRUZ", "CLAVE LOC": 310480168, "TIPO DE ASENTAMIENTO": "COMUNIDAD INDIGENA", "NOMBRE": "CHAN SANTA CRUZ", "MONTO ASIGNADO (PESOS)": 206703, "LATITUD": 20.603099, "LONGITUD": -89.979629 }, "geometry": { "type": "Point", "coordinates": [ -89.979629, 20.603099 ] } },
{ "type": "Feature", "properties": { "NO": 146, "ENTIDAD": "YUCATAN", "MUNICIPIO": "MAXCANU", "PUEBLO INDIGENA O AFROMEXICANO": "MAYA", "LOCALIDAD": "CHUNCHUCMIL", "CLAVE LOC": 310480006, "TIPO DE ASENTAMIENTO": "COMUNIDAD INDIGENA", "NOMBRE": "CHUNCHUCMIL", "MONTO ASIGNADO (PESOS)": 1002138, "LATITUD": 20.643635, "LONGITUD": -90.212733 }, "geometry": { "type": "Point", "coordinates": [ -90.212733, 20.643635 ] } },
{ "type": "Feature", "properties": { "NO": 147, "ENTIDAD": "YUCATAN", "MUNICIPIO": "MAXCANU", "PUEBLO INDIGENA O AFROMEXICANO": "MAYA", "LOCALIDAD": "COAHUILA (SANTA TERESA COAHUILA)", "CLAVE LOC": 310480002, "TIPO DE ASENTAMIENTO": "COMUNIDAD INDIGENA", "NOMBRE": "COAHUILA (SANTA TERESA COAHUILA)", "MONTO ASIGNADO (PESOS)": 530859, "LATITUD": 20.665445, "LONGITUD": -90.169864 }, "geometry": { "type": "Point", "coordinates": [ -90.169864, 20.665445 ] } },
{ "type": "Feature", "properties": { "NO": 148, "ENTIDAD": "YUCATAN", "MUNICIPIO": "MAXCANU", "PUEBLO INDIGENA O AFROMEXICANO": "MAYA", "LOCALIDAD": "GRANADA (CHICAN GRANADA)", "CLAVE LOC": 310480007, "TIPO DE ASENTAMIENTO": "COMUNIDAD INDIGENA", "NOMBRE": "GRANADA (CHICAN GRANADA)", "MONTO ASIGNADO (PESOS)": 519542, "LATITUD": 20.578732, "LONGITUD": -90.047451 }, "geometry": { "type": "Point", "coordinates": [ -90.047451, 20.578732 ] } },
{ "type": "Feature", "properties": { "NO": 149, "ENTIDAD": "YUCATAN", "MUNICIPIO": "MAXCANU", "PUEBLO INDIGENA O AFROMEXICANO": "MAYA", "LOCALIDAD": "KANACHÉN", "CLAVE LOC": 310480010, "TIPO DE ASENTAMIENTO": "COMUNIDAD INDIGENA", "NOMBRE": "KANACHÉN", "MONTO ASIGNADO (PESOS)": 353018, "LATITUD": 20.605635, "LONGITUD": -89.888203 }, "geometry": { "type": "Point", "coordinates": [ -89.888203, 20.605635 ] } },
{ "type": "Feature", "properties": { "NO": 150, "ENTIDAD": "YUCATAN", "MUNICIPIO": "MAXCANU", "PUEBLO INDIGENA O AFROMEXICANO": "MAYA", "LOCALIDAD": "KOCHOL", "CLAVE LOC": 310480011, "TIPO DE ASENTAMIENTO": "COMUNIDAD INDIGENA", "NOMBRE": "KOCHOL", "MONTO ASIGNADO (PESOS)": 1513027, "LATITUD": 20.62016, "LONGITUD": -90.159219 }, "geometry": { "type": "Point", "coordinates": [ -90.159219, 20.62016 ] } },
{ "type": "Feature", "properties": { "NO": 151, "ENTIDAD": "YUCATAN", "MUNICIPIO": "MAXCANU", "PUEBLO INDIGENA O AFROMEXICANO": "MAYA", "LOCALIDAD": "PARAÍSO", "CLAVE LOC": 310480012, "TIPO DE ASENTAMIENTO": "COMUNIDAD INDIGENA", "NOMBRE": "PARAÍSO", "MONTO ASIGNADO (PESOS)": 669090, "LATITUD": 20.675399, "LONGITUD": -90.117704 }, "geometry": { "type": "Point", "coordinates": [ -90.117704, 20.675399 ] } },
{ "type": "Feature", "properties": { "NO": 152, "ENTIDAD": "YUCATAN", "MUNICIPIO": "MAXCANU", "PUEBLO INDIGENA O AFROMEXICANO": "MAYA", "LOCALIDAD": "SAN FERNANDO", "CLAVE LOC": 310480014, "TIPO DE ASENTAMIENTO": "COMUNIDAD INDIGENA", "NOMBRE": "SAN FERNANDO", "MONTO ASIGNADO (PESOS)": 329575, "LATITUD": 20.650375, "LONGITUD": -90.067627 }, "geometry": { "type": "Point", "coordinates": [ -90.067627, 20.650375 ] } },
{ "type": "Feature", "properties": { "NO": 153, "ENTIDAD": "YUCATAN", "MUNICIPIO": "MAXCANU", "PUEBLO INDIGENA O AFROMEXICANO": "MAYA", "LOCALIDAD": "SAN RAFAEL", "CLAVE LOC": 310480017, "TIPO DE ASENTAMIENTO": "COMUNIDAD INDIGENA", "NOMBRE": "SAN RAFAEL", "MONTO ASIGNADO (PESOS)": 1345694, "LATITUD": 20.705137, "LONGITUD": -90.157791 }, "geometry": { "type": "Point", "coordinates": [ -90.157791, 20.705137 ] } },
{ "type": "Feature", "properties": { "NO": 154, "ENTIDAD": "YUCATAN", "MUNICIPIO": "MAXCANU", "PUEBLO INDIGENA O AFROMEXICANO": "MAYA", "LOCALIDAD": "SANTA ROSA (SANTA ROSA DE LIMA)", "CLAVE LOC": 310480020, "TIPO DE ASENTAMIENTO": "COMUNIDAD INDIGENA", "NOMBRE": "SANTA ROSA (SANTA ROSA DE LIMA)", "MONTO ASIGNADO (PESOS)": 910792, "LATITUD": 20.606176, "LONGITUD": -90.088372 }, "geometry": { "type": "Point", "coordinates": [ -90.088372, 20.606176 ] } },
{ "type": "Feature", "properties": { "NO": 155, "ENTIDAD": "YUCATAN", "MUNICIPIO": "MAXCANU", "PUEBLO INDIGENA O AFROMEXICANO": "MAYA", "LOCALIDAD": "SANTO DOMINGO", "CLAVE LOC": 310480021, "TIPO DE ASENTAMIENTO": "COMUNIDAD INDIGENA", "NOMBRE": "SANTO DOMINGO", "MONTO ASIGNADO (PESOS)": 1172703, "LATITUD": 20.600156, "LONGITUD": -90.115033 }, "geometry": { "type": "Point", "coordinates": [ -90.115033, 20.600156 ] } },
{ "type": "Feature", "properties": { "NO": 156, "ENTIDAD": "YUCATAN", "MUNICIPIO": "MAYAPAN", "PUEBLO INDIGENA O AFROMEXICANO": "MAYA", "LOCALIDAD": "MAYAPÁN", "CLAVE LOC": 310490001, "TIPO DE ASENTAMIENTO": "COMUNIDAD INDIGENA", "NOMBRE": "MAYAPÁN", "MONTO ASIGNADO (PESOS)": 3248594, "LATITUD": 20.468744, "LONGITUD": -89.215171 }, "geometry": { "type": "Point", "coordinates": [ -89.215171, 20.468744 ] } },
{ "type": "Feature", "properties": { "NO": 157, "ENTIDAD": "YUCATAN", "MUNICIPIO": "MERIDA", "PUEBLO INDIGENA O AFROMEXICANO": "MAYA", "LOCALIDAD": "CHALMUCH", "CLAVE LOC": 310500079, "TIPO DE ASENTAMIENTO": "COMUNIDAD INDIGENA", "NOMBRE": "CHALMUCH", "MONTO ASIGNADO (PESOS)": 562385, "LATITUD": 20.972687, "LONGITUD": -89.728966 }, "geometry": { "type": "Point", "coordinates": [ -89.728966, 20.972687 ] } },
{ "type": "Feature", "properties": { "NO": 158, "ENTIDAD": "YUCATAN", "MUNICIPIO": "MERIDA", "PUEBLO INDIGENA O AFROMEXICANO": "MAYA", "LOCALIDAD": "CHEUMÁN", "CLAVE LOC": 310500081, "TIPO DE ASENTAMIENTO": "COMUNIDAD INDIGENA", "NOMBRE": "CHEUMÁN", "MONTO ASIGNADO (PESOS)": 260864, "LATITUD": 21.067078, "LONGITUD": -89.706533 }, "geometry": { "type": "Point", "coordinates": [ -89.706533, 21.067078 ] } },
{ "type": "Feature", "properties": { "NO": 159, "ENTIDAD": "YUCATAN", "MUNICIPIO": "MERIDA", "PUEBLO INDIGENA O AFROMEXICANO": "MAYA", "LOCALIDAD": "COSGAYA", "CLAVE LOC": 310500076, "TIPO DE ASENTAMIENTO": "COMUNIDAD INDIGENA", "NOMBRE": "COSGAYA", "MONTO ASIGNADO (PESOS)": 738610, "LATITUD": 21.097905, "LONGITUD": -89.704761 }, "geometry": { "type": "Point", "coordinates": [ -89.704761, 21.097905 ] } },
{ "type": "Feature", "properties": { "NO": 160, "ENTIDAD": "YUCATAN", "MUNICIPIO": "MERIDA", "PUEBLO INDIGENA O AFROMEXICANO": "MAYA", "LOCALIDAD": "DZIBILCHALTÚN", "CLAVE LOC": 310500086, "TIPO DE ASENTAMIENTO": "COMUNIDAD INDIGENA", "NOMBRE": "DZIBILCHALTÚN", "MONTO ASIGNADO (PESOS)": 207511, "LATITUD": 21.098456, "LONGITUD": -89.598536 }, "geometry": { "type": "Point", "coordinates": [ -89.598536, 21.098456 ] } },
{ "type": "Feature", "properties": { "NO": 161, "ENTIDAD": "YUCATAN", "MUNICIPIO": "MERIDA", "PUEBLO INDIGENA O AFROMEXICANO": "MAYA", "LOCALIDAD": "DZIDZILCHÉ", "CLAVE LOC": 310500087, "TIPO DE ASENTAMIENTO": "COMUNIDAD INDIGENA", "NOMBRE": "DZIDZILCHÉ", "MONTO ASIGNADO (PESOS)": 300474, "LATITUD": 21.152365, "LONGITUD": -89.689657 }, "geometry": { "type": "Point", "coordinates": [ -89.689657, 21.152365 ] } },
{ "type": "Feature", "properties": { "NO": 162, "ENTIDAD": "YUCATAN", "MUNICIPIO": "MERIDA", "PUEBLO INDIGENA O AFROMEXICANO": "MAYA", "LOCALIDAD": "DZITYÁ", "CLAVE LOC": 310500088, "TIPO DE ASENTAMIENTO": "COMUNIDAD INDIGENA", "NOMBRE": "DZITYÁ", "MONTO ASIGNADO (PESOS)": 1999664, "LATITUD": 21.050233, "LONGITUD": -89.679216 }, "geometry": { "type": "Point", "coordinates": [ -89.679216, 21.050233 ] } },
{ "type": "Feature", "properties": { "NO": 163, "ENTIDAD": "YUCATAN", "MUNICIPIO": "MERIDA", "PUEBLO INDIGENA O AFROMEXICANO": "MAYA", "LOCALIDAD": "DZOYAXCHÉ", "CLAVE LOC": 310500089, "TIPO DE ASENTAMIENTO": "COMUNIDAD INDIGENA", "NOMBRE": "DZOYAXCHÉ", "MONTO ASIGNADO (PESOS)": 515500, "LATITUD": 20.789369, "LONGITUD": -89.590389 }, "geometry": { "type": "Point", "coordinates": [ -89.590389, 20.789369 ] } },
{ "type": "Feature", "properties": { "NO": 164, "ENTIDAD": "YUCATAN", "MUNICIPIO": "MERIDA", "PUEBLO INDIGENA O AFROMEXICANO": "MAYA", "LOCALIDAD": "DZUNUNCÁN", "CLAVE LOC": 310500090, "TIPO DE ASENTAMIENTO": "COMUNIDAD INDIGENA", "NOMBRE": "DZUNUNCÁN", "MONTO ASIGNADO (PESOS)": 2015023, "LATITUD": 20.865709, "LONGITUD": -89.653478 }, "geometry": { "type": "Point", "coordinates": [ -89.653478, 20.865709 ] } },
{ "type": "Feature", "properties": { "NO": 165, "ENTIDAD": "YUCATAN", "MUNICIPIO": "MERIDA", "PUEBLO INDIGENA O AFROMEXICANO": "MAYA", "LOCALIDAD": "HUNXECTAMÁN", "CLAVE LOC": 310500336, "TIPO DE ASENTAMIENTO": "COMUNIDAD INDIGENA", "NOMBRE": "HUNXECTAMÁN", "MONTO ASIGNADO (PESOS)": 227721, "LATITUD": 20.883175, "LONGITUD": -89.558629 }, "geometry": { "type": "Point", "coordinates": [ -89.558629, 20.883175 ] } },
{ "type": "Feature", "properties": { "NO": 166, "ENTIDAD": "YUCATAN", "MUNICIPIO": "MERIDA", "PUEBLO INDIGENA O AFROMEXICANO": "MAYA", "LOCALIDAD": "KIKTEIL", "CLAVE LOC": 310500092, "TIPO DE ASENTAMIENTO": "COMUNIDAD INDIGENA", "NOMBRE": "KIKTEIL", "MONTO ASIGNADO (PESOS)": 281073, "LATITUD": 21.12969, "LONGITUD": -89.693568 }, "geometry": { "type": "Point", "coordinates": [ -89.693568, 21.12969 ] } },
{ "type": "Feature", "properties": { "NO": 167, "ENTIDAD": "YUCATAN", "MUNICIPIO": "MERIDA", "PUEBLO INDIGENA O AFROMEXICANO": "MAYA", "LOCALIDAD": "MOLAS", "CLAVE LOC": 310500095, "TIPO DE ASENTAMIENTO": "COMUNIDAD INDIGENA", "NOMBRE": "MOLAS", "MONTO ASIGNADO (PESOS)": 2025532, "LATITUD": 20.816407, "LONGITUD": -89.632106 }, "geometry": { "type": "Point", "coordinates": [ -89.632106, 20.816407 ] } },
{ "type": "Feature", "properties": { "NO": 168, "ENTIDAD": "YUCATAN", "MUNICIPIO": "MERIDA", "PUEBLO INDIGENA O AFROMEXICANO": "MAYA", "LOCALIDAD": "NOC AC", "CLAVE LOC": 310500097, "TIPO DE ASENTAMIENTO": "COMUNIDAD INDIGENA", "NOMBRE": "NOC AC", "MONTO ASIGNADO (PESOS)": 514691, "LATITUD": 21.078888, "LONGITUD": -89.717284 }, "geometry": { "type": "Point", "coordinates": [ -89.717284, 21.078888 ] } },
{ "type": "Feature", "properties": { "NO": 169, "ENTIDAD": "YUCATAN", "MUNICIPIO": "MERIDA", "PUEBLO INDIGENA O AFROMEXICANO": "MAYA", "LOCALIDAD": "ONCÁN", "CLAVE LOC": 310500268, "TIPO DE ASENTAMIENTO": "COMUNIDAD INDIGENA", "NOMBRE": "ONCÁN", "MONTO ASIGNADO (PESOS)": 710317, "LATITUD": 20.964976, "LONGITUD": -89.483488 }, "geometry": { "type": "Point", "coordinates": [ -89.483488, 20.964976 ] } },
{ "type": "Feature", "properties": { "NO": 170, "ENTIDAD": "YUCATAN", "MUNICIPIO": "MERIDA", "PUEBLO INDIGENA O AFROMEXICANO": "MAYA", "LOCALIDAD": "OPICHÉN", "CLAVE LOC": 310500130, "TIPO DE ASENTAMIENTO": "COMUNIDAD INDIGENA", "NOMBRE": "OPICHÉN", "MONTO ASIGNADO (PESOS)": 669898, "LATITUD": 20.950173, "LONGITUD": -89.679301 }, "geometry": { "type": "Point", "coordinates": [ -89.679301, 20.950173 ] } },
{ "type": "Feature", "properties": { "NO": 171, "ENTIDAD": "YUCATAN", "MUNICIPIO": "MERIDA", "PUEBLO INDIGENA O AFROMEXICANO": "MAYA", "LOCALIDAD": "PETAC", "CLAVE LOC": 310500100, "TIPO DE ASENTAMIENTO": "COMUNIDAD INDIGENA", "NOMBRE": "PETAC", "MONTO ASIGNADO (PESOS)": 273798, "LATITUD": 20.769954, "LONGITUD": -89.657908 }, "geometry": { "type": "Point", "coordinates": [ -89.657908, 20.769954 ] } },
{ "type": "Feature", "properties": { "NO": 172, "ENTIDAD": "YUCATAN", "MUNICIPIO": "MERIDA", "PUEBLO INDIGENA O AFROMEXICANO": "MAYA", "LOCALIDAD": "SAC-NICTÉ", "CLAVE LOC": 310500102, "TIPO DE ASENTAMIENTO": "COMUNIDAD INDIGENA", "NOMBRE": "SAC-NICTÉ", "MONTO ASIGNADO (PESOS)": 397478, "LATITUD": 21.141458, "LONGITUD": -89.584617 }, "geometry": { "type": "Point", "coordinates": [ -89.584617, 21.141458 ] } },
{ "type": "Feature", "properties": { "NO": 173, "ENTIDAD": "YUCATAN", "MUNICIPIO": "MERIDA", "PUEBLO INDIGENA O AFROMEXICANO": "MAYA", "LOCALIDAD": "SAN ANTONIO HOOL", "CLAVE LOC": 310500103, "TIPO DE ASENTAMIENTO": "COMUNIDAD INDIGENA", "NOMBRE": "SAN ANTONIO HOOL", "MONTO ASIGNADO (PESOS)": 230146, "LATITUD": 21.065398, "LONGITUD": -89.674581 }, "geometry": { "type": "Point", "coordinates": [ -89.674581, 21.065398 ] } },
{ "type": "Feature", "properties": { "NO": 174, "ENTIDAD": "YUCATAN", "MUNICIPIO": "MERIDA", "PUEBLO INDIGENA O AFROMEXICANO": "MAYA", "LOCALIDAD": "SAN ANTONIO TZACALÁ", "CLAVE LOC": 310500133, "TIPO DE ASENTAMIENTO": "COMUNIDAD INDIGENA", "NOMBRE": "SAN ANTONIO TZACALÁ", "MONTO ASIGNADO (PESOS)": 662623, "LATITUD": 20.750233, "LONGITUD": -89.654195 }, "geometry": { "type": "Point", "coordinates": [ -89.654195, 20.750233 ] } },
{ "type": "Feature", "properties": { "NO": 175, "ENTIDAD": "YUCATAN", "MUNICIPIO": "MERIDA", "PUEBLO INDIGENA O AFROMEXICANO": "MAYA", "LOCALIDAD": "SAN IGNACIO TESIP", "CLAVE LOC": 310500108, "TIPO DE ASENTAMIENTO": "COMUNIDAD INDIGENA", "NOMBRE": "SAN IGNACIO TESIP", "MONTO ASIGNADO (PESOS)": 412029, "LATITUD": 20.842355, "LONGITUD": -89.611837 }, "geometry": { "type": "Point", "coordinates": [ -89.611837, 20.842355 ] } },
{ "type": "Feature", "properties": { "NO": 176, "ENTIDAD": "YUCATAN", "MUNICIPIO": "MERIDA", "PUEBLO INDIGENA O AFROMEXICANO": "MAYA", "LOCALIDAD": "SAN PEDRO CHIMAY", "CLAVE LOC": 310500116, "TIPO DE ASENTAMIENTO": "COMUNIDAD INDIGENA", "NOMBRE": "SAN PEDRO CHIMAY", "MONTO ASIGNADO (PESOS)": 1360245, "LATITUD": 20.865545, "LONGITUD": -89.579736 }, "geometry": { "type": "Point", "coordinates": [ -89.579736, 20.865545 ] } },
{ "type": "Feature", "properties": { "NO": 177, "ENTIDAD": "YUCATAN", "MUNICIPIO": "MERIDA", "PUEBLO INDIGENA O AFROMEXICANO": "MAYA", "LOCALIDAD": "SANTA CRUZ PALOMEQUE", "CLAVE LOC": 310500117, "TIPO DE ASENTAMIENTO": "COMUNIDAD INDIGENA", "NOMBRE": "SANTA CRUZ PALOMEQUE", "MONTO ASIGNADO (PESOS)": 1084591, "LATITUD": 20.879296, "LONGITUD": -89.653759 }, "geometry": { "type": "Point", "coordinates": [ -89.653759, 20.879296 ] } },
{ "type": "Feature", "properties": { "NO": 178, "ENTIDAD": "YUCATAN", "MUNICIPIO": "MERIDA", "PUEBLO INDIGENA O AFROMEXICANO": "MAYA", "LOCALIDAD": "SANTA MARÍA CHÍ", "CLAVE LOC": 310500119, "TIPO DE ASENTAMIENTO": "COMUNIDAD INDIGENA", "NOMBRE": "SANTA MARÍA CHÍ", "MONTO ASIGNADO (PESOS)": 395861, "LATITUD": 21.033857, "LONGITUD": -89.48219 }, "geometry": { "type": "Point", "coordinates": [ -89.48219, 21.033857 ] } },
{ "type": "Feature", "properties": { "NO": 179, "ENTIDAD": "YUCATAN", "MUNICIPIO": "MERIDA", "PUEBLO INDIGENA O AFROMEXICANO": "MAYA", "LOCALIDAD": "SANTA MARÍA YAXCHÉ", "CLAVE LOC": 310500145, "TIPO DE ASENTAMIENTO": "COMUNIDAD INDIGENA", "NOMBRE": "SANTA MARÍA YAXCHÉ", "MONTO ASIGNADO (PESOS)": 141225, "LATITUD": 21.118327, "LONGITUD": -89.635371 }, "geometry": { "type": "Point", "coordinates": [ -89.635371, 21.118327 ] } },
{ "type": "Feature", "properties": { "NO": 180, "ENTIDAD": "YUCATAN", "MUNICIPIO": "MERIDA", "PUEBLO INDIGENA O AFROMEXICANO": "MAYA", "LOCALIDAD": "SIERRA PAPACAL", "CLAVE LOC": 310500120, "TIPO DE ASENTAMIENTO": "COMUNIDAD INDIGENA", "NOMBRE": "SIERRA PAPACAL", "MONTO ASIGNADO (PESOS)": 1342461, "LATITUD": 21.122594, "LONGITUD": -89.728589 }, "geometry": { "type": "Point", "coordinates": [ -89.728589, 21.122594 ] } },
{ "type": "Feature", "properties": { "NO": 181, "ENTIDAD": "YUCATAN", "MUNICIPIO": "MERIDA", "PUEBLO INDIGENA O AFROMEXICANO": "MAYA", "LOCALIDAD": "SITPACH", "CLAVE LOC": 310500121, "TIPO DE ASENTAMIENTO": "COMUNIDAD INDIGENA", "NOMBRE": "SITPACH", "MONTO ASIGNADO (PESOS)": 1884068, "LATITUD": 21.02675, "LONGITUD": -89.521154 }, "geometry": { "type": "Point", "coordinates": [ -89.521154, 21.02675 ] } },
{ "type": "Feature", "properties": { "NO": 182, "ENTIDAD": "YUCATAN", "MUNICIPIO": "MERIDA", "PUEBLO INDIGENA O AFROMEXICANO": "MAYA", "LOCALIDAD": "SUSULÁ", "CLAVE LOC": 310500123, "TIPO DE ASENTAMIENTO": "COMUNIDAD INDIGENA", "NOMBRE": "SUSULÁ", "MONTO ASIGNADO (PESOS)": 513075, "LATITUD": 20.972904, "LONGITUD": -89.697077 }, "geometry": { "type": "Point", "coordinates": [ -89.697077, 20.972904 ] } },
{ "type": "Feature", "properties": { "NO": 183, "ENTIDAD": "YUCATAN", "MUNICIPIO": "MERIDA", "PUEBLO INDIGENA O AFROMEXICANO": "MAYA", "LOCALIDAD": "SUYTUNCHÉN", "CLAVE LOC": 310500124, "TIPO DE ASENTAMIENTO": "COMUNIDAD INDIGENA", "NOMBRE": "SUYTUNCHÉN", "MONTO ASIGNADO (PESOS)": 205895, "LATITUD": 21.101141, "LONGITUD": -89.731233 }, "geometry": { "type": "Point", "coordinates": [ -89.731233, 21.101141 ] } },
{ "type": "Feature", "properties": { "NO": 184, "ENTIDAD": "YUCATAN", "MUNICIPIO": "MERIDA", "PUEBLO INDIGENA O AFROMEXICANO": "MAYA", "LOCALIDAD": "TAHDZIBICHÉN", "CLAVE LOC": 310500125, "TIPO DE ASENTAMIENTO": "COMUNIDAD INDIGENA", "NOMBRE": "TAHDZIBICHÉN", "MONTO ASIGNADO (PESOS)": 775794, "LATITUD": 20.885015, "LONGITUD": -89.598043 }, "geometry": { "type": "Point", "coordinates": [ -89.598043, 20.885015 ] } },
{ "type": "Feature", "properties": { "NO": 185, "ENTIDAD": "YUCATAN", "MUNICIPIO": "MERIDA", "PUEBLO INDIGENA O AFROMEXICANO": "MAYA", "LOCALIDAD": "TAMANCHÉ", "CLAVE LOC": 310500238, "TIPO DE ASENTAMIENTO": "COMUNIDAD INDIGENA", "NOMBRE": "TAMANCHÉ", "MONTO ASIGNADO (PESOS)": 609271, "LATITUD": 21.138915, "LONGITUD": -89.641407 }, "geometry": { "type": "Point", "coordinates": [ -89.641407, 21.138915 ] } },
{ "type": "Feature", "properties": { "NO": 186, "ENTIDAD": "YUCATAN", "MUNICIPIO": "MERIDA", "PUEBLO INDIGENA O AFROMEXICANO": "MAYA", "LOCALIDAD": "TEMOZÓN NORTE", "CLAVE LOC": 310500128, "TIPO DE ASENTAMIENTO": "COMUNIDAD INDIGENA", "NOMBRE": "TEMOZÓN NORTE", "MONTO ASIGNADO (PESOS)": 968995, "LATITUD": 21.064547, "LONGITUD": -89.596886 }, "geometry": { "type": "Point", "coordinates": [ -89.596886, 21.064547 ] } },
{ "type": "Feature", "properties": { "NO": 187, "ENTIDAD": "YUCATAN", "MUNICIPIO": "MERIDA", "PUEBLO INDIGENA O AFROMEXICANO": "MAYA", "LOCALIDAD": "TEXÁN CÁMARA", "CLAVE LOC": 310500129, "TIPO DE ASENTAMIENTO": "COMUNIDAD INDIGENA", "NOMBRE": "TEXÁN CÁMARA", "MONTO ASIGNADO (PESOS)": 621396, "LATITUD": 20.78945, "LONGITUD": -89.66575 }, "geometry": { "type": "Point", "coordinates": [ -89.66575, 20.78945 ] } },
{ "type": "Feature", "properties": { "NO": 188, "ENTIDAD": "YUCATAN", "MUNICIPIO": "MERIDA", "PUEBLO INDIGENA O AFROMEXICANO": "MAYA", "LOCALIDAD": "TIXCACAL", "CLAVE LOC": 310500131, "TIPO DE ASENTAMIENTO": "COMUNIDAD INDIGENA", "NOMBRE": "TIXCACAL", "MONTO ASIGNADO (PESOS)": 989204, "LATITUD": 20.944156, "LONGITUD": -89.715726 }, "geometry": { "type": "Point", "coordinates": [ -89.715726, 20.944156 ] } },
{ "type": "Feature", "properties": { "NO": 189, "ENTIDAD": "YUCATAN", "MUNICIPIO": "MERIDA", "PUEBLO INDIGENA O AFROMEXICANO": "MAYA", "LOCALIDAD": "TIXCUYTÚN", "CLAVE LOC": 310500132, "TIPO DE ASENTAMIENTO": "COMUNIDAD INDIGENA", "NOMBRE": "TIXCUYTÚN", "MONTO ASIGNADO (PESOS)": 551876, "LATITUD": 21.06632, "LONGITUD": -89.570234 }, "geometry": { "type": "Point", "coordinates": [ -89.570234, 21.06632 ] } },
{ "type": "Feature", "properties": { "NO": 190, "ENTIDAD": "YUCATAN", "MUNICIPIO": "MERIDA", "PUEBLO INDIGENA O AFROMEXICANO": "MAYA", "LOCALIDAD": "XCANATÚN", "CLAVE LOC": 310500135, "TIPO DE ASENTAMIENTO": "COMUNIDAD INDIGENA", "NOMBRE": "XCANATÚN", "MONTO ASIGNADO (PESOS)": 1485542, "LATITUD": 21.075549, "LONGITUD": -89.628051 }, "geometry": { "type": "Point", "coordinates": [ -89.628051, 21.075549 ] } },
{ "type": "Feature", "properties": { "NO": 191, "ENTIDAD": "YUCATAN", "MUNICIPIO": "MERIDA", "PUEBLO INDIGENA O AFROMEXICANO": "MAYA", "LOCALIDAD": "XCUNYÁ", "CLAVE LOC": 310500144, "TIPO DE ASENTAMIENTO": "COMUNIDAD INDIGENA", "NOMBRE": "XCUNYÁ", "MONTO ASIGNADO (PESOS)": 888158, "LATITUD": 21.132643, "LONGITUD": -89.613314 }, "geometry": { "type": "Point", "coordinates": [ -89.613314, 21.132643 ] } },
{ "type": "Feature", "properties": { "NO": 192, "ENTIDAD": "YUCATAN", "MUNICIPIO": "MERIDA", "PUEBLO INDIGENA O AFROMEXICANO": "MAYA", "LOCALIDAD": "XMATKUIL", "CLAVE LOC": 310500138, "TIPO DE ASENTAMIENTO": "COMUNIDAD INDIGENA", "NOMBRE": "XMATKUIL", "MONTO ASIGNADO (PESOS)": 1129860, "LATITUD": 20.861589, "LONGITUD": -89.625031 }, "geometry": { "type": "Point", "coordinates": [ -89.625031, 20.861589 ] } },
{ "type": "Feature", "properties": { "NO": 193, "ENTIDAD": "YUCATAN", "MUNICIPIO": "MERIDA", "PUEBLO INDIGENA O AFROMEXICANO": "MAYA", "LOCALIDAD": "YAXCHÉ CASARES", "CLAVE LOC": 310500140, "TIPO DE ASENTAMIENTO": "COMUNIDAD INDIGENA", "NOMBRE": "YAXCHÉ CASARES", "MONTO ASIGNADO (PESOS)": 184069, "LATITUD": 21.034585, "LONGITUD": -89.498922 }, "geometry": { "type": "Point", "coordinates": [ -89.498922, 21.034585 ] } },
{ "type": "Feature", "properties": { "NO": 194, "ENTIDAD": "YUCATAN", "MUNICIPIO": "MERIDA", "PUEBLO INDIGENA O AFROMEXICANO": "MAYA", "LOCALIDAD": "YAXNIC", "CLAVE LOC": 310500141, "TIPO DE ASENTAMIENTO": "COMUNIDAD INDIGENA", "NOMBRE": "YAXNIC", "MONTO ASIGNADO (PESOS)": 817830, "LATITUD": 20.790743, "LONGITUD": -89.619248 }, "geometry": { "type": "Point", "coordinates": [ -89.619248, 20.790743 ] } },
{ "type": "Feature", "properties": { "NO": 195, "ENTIDAD": "YUCATAN", "MUNICIPIO": "MOCOCHA", "PUEBLO INDIGENA O AFROMEXICANO": "MAYA", "LOCALIDAD": "TEKAT", "CLAVE LOC": 310510006, "TIPO DE ASENTAMIENTO": "COMUNIDAD INDIGENA", "NOMBRE": "TEKAT", "MONTO ASIGNADO (PESOS)": 599570, "LATITUD": 21.097242, "LONGITUD": -89.474123 }, "geometry": { "type": "Point", "coordinates": [ -89.474123, 21.097242 ] } },
{ "type": "Feature", "properties": { "NO": 196, "ENTIDAD": "YUCATAN", "MUNICIPIO": "MOCOCHA", "PUEBLO INDIGENA O AFROMEXICANO": "MAYA", "LOCALIDAD": "TOÓ", "CLAVE LOC": 310510007, "TIPO DE ASENTAMIENTO": "COMUNIDAD INDIGENA", "NOMBRE": "TOÓ", "MONTO ASIGNADO (PESOS)": 439513, "LATITUD": 21.143889, "LONGITUD": -89.452049 }, "geometry": { "type": "Point", "coordinates": [ -89.452049, 21.143889 ] } },
{ "type": "Feature", "properties": { "NO": 197, "ENTIDAD": "YUCATAN", "MUNICIPIO": "MOTUL", "PUEBLO INDIGENA O AFROMEXICANO": "MAYA", "LOCALIDAD": "DZUNUNCÁN", "CLAVE LOC": 310520030, "TIPO DE ASENTAMIENTO": "COMUNIDAD INDIGENA", "NOMBRE": "DZUNUNCÁN", "MONTO ASIGNADO (PESOS)": 297240, "LATITUD": 21.101254, "LONGITUD": -89.256431 }, "geometry": { "type": "Point", "coordinates": [ -89.256431, 21.101254 ] } },
{ "type": "Feature", "properties": { "NO": 198, "ENTIDAD": "YUCATAN", "MUNICIPIO": "MOTUL", "PUEBLO INDIGENA O AFROMEXICANO": "MAYA", "LOCALIDAD": "KAMBUL", "CLAVE LOC": 310520013, "TIPO DE ASENTAMIENTO": "COMUNIDAD INDIGENA", "NOMBRE": "KAMBUL", "MONTO ASIGNADO (PESOS)": 253588, "LATITUD": 21.094722, "LONGITUD": -89.201568 }, "geometry": { "type": "Point", "coordinates": [ -89.201568, 21.094722 ] } },
{ "type": "Feature", "properties": { "NO": 199, "ENTIDAD": "YUCATAN", "MUNICIPIO": "MOTUL", "PUEBLO INDIGENA O AFROMEXICANO": "MAYA", "LOCALIDAD": "KANCABAL", "CLAVE LOC": 310520029, "TIPO DE ASENTAMIENTO": "COMUNIDAD INDIGENA", "NOMBRE": "KANCABAL", "MONTO ASIGNADO (PESOS)": 659389, "LATITUD": 21.110823, "LONGITUD": -89.260094 }, "geometry": { "type": "Point", "coordinates": [ -89.260094, 21.110823 ] } },
{ "type": "Feature", "properties": { "NO": 200, "ENTIDAD": "YUCATAN", "MUNICIPIO": "MOTUL", "PUEBLO INDIGENA O AFROMEXICANO": "MAYA", "LOCALIDAD": "KANCABCHÉN", "CLAVE LOC": 310520011, "TIPO DE ASENTAMIENTO": "COMUNIDAD INDIGENA", "NOMBRE": "KANCABCHÉN", "MONTO ASIGNADO (PESOS)": 396670, "LATITUD": 21.063153, "LONGITUD": -89.235339 }, "geometry": { "type": "Point", "coordinates": [ -89.235339, 21.063153 ] } },
{ "type": "Feature", "properties": { "NO": 201, "ENTIDAD": "YUCATAN", "MUNICIPIO": "MOTUL", "PUEBLO INDIGENA O AFROMEXICANO": "MAYA", "LOCALIDAD": "KANCABCHÉN UCÍ", "CLAVE LOC": 310520020, "TIPO DE ASENTAMIENTO": "COMUNIDAD INDIGENA", "NOMBRE": "KANCABCHÉN UCÍ", "MONTO ASIGNADO (PESOS)": 153351, "LATITUD": 21.170777, "LONGITUD": -89.240902 }, "geometry": { "type": "Point", "coordinates": [ -89.240902, 21.170777 ] } },
{ "type": "Feature", "properties": { "NO": 202, "ENTIDAD": "YUCATAN", "MUNICIPIO": "MOTUL", "PUEBLO INDIGENA O AFROMEXICANO": "MAYA", "LOCALIDAD": "KAXATAH", "CLAVE LOC": 310520015, "TIPO DE ASENTAMIENTO": "COMUNIDAD INDIGENA", "NOMBRE": "KAXATAH", "MONTO ASIGNADO (PESOS)": 1056298, "LATITUD": 21.092622, "LONGITUD": -89.253833 }, "geometry": { "type": "Point", "coordinates": [ -89.253833, 21.092622 ] } },
{ "type": "Feature", "properties": { "NO": 203, "ENTIDAD": "YUCATAN", "MUNICIPIO": "MOTUL", "PUEBLO INDIGENA O AFROMEXICANO": "MAYA", "LOCALIDAD": "KINÍ", "CLAVE LOC": 310520023, "TIPO DE ASENTAMIENTO": "COMUNIDAD INDIGENA", "NOMBRE": "KINÍ", "MONTO ASIGNADO (PESOS)": 1488776, "LATITUD": 21.135292, "LONGITUD": -89.315928 }, "geometry": { "type": "Point", "coordinates": [ -89.315928, 21.135292 ] } },
{ "type": "Feature", "properties": { "NO": 204, "ENTIDAD": "YUCATAN", "MUNICIPIO": "MOTUL", "PUEBLO INDIGENA O AFROMEXICANO": "MAYA", "LOCALIDAD": "KOMCHÉN MARTÍNEZ", "CLAVE LOC": 310520021, "TIPO DE ASENTAMIENTO": "COMUNIDAD INDIGENA", "NOMBRE": "KOMCHÉN MARTÍNEZ", "MONTO ASIGNADO (PESOS)": 175177, "LATITUD": 21.152445, "LONGITUD": -89.264101 }, "geometry": { "type": "Point", "coordinates": [ -89.264101, 21.152445 ] } },
{ "type": "Feature", "properties": { "NO": 205, "ENTIDAD": "YUCATAN", "MUNICIPIO": "MOTUL", "PUEBLO INDIGENA O AFROMEXICANO": "MAYA", "LOCALIDAD": "KOPTÉ", "CLAVE LOC": 310520008, "TIPO DE ASENTAMIENTO": "COMUNIDAD INDIGENA", "NOMBRE": "KOPTÉ", "MONTO ASIGNADO (PESOS)": 563194, "LATITUD": 21.054044, "LONGITUD": -89.229096 }, "geometry": { "type": "Point", "coordinates": [ -89.229096, 21.054044 ] } },
{ "type": "Feature", "properties": { "NO": 206, "ENTIDAD": "YUCATAN", "MUNICIPIO": "MOTUL", "PUEBLO INDIGENA O AFROMEXICANO": "MAYA", "LOCALIDAD": "MESATUNICH", "CLAVE LOC": 310520014, "TIPO DE ASENTAMIENTO": "COMUNIDAD INDIGENA", "NOMBRE": "MESATUNICH", "MONTO ASIGNADO (PESOS)": 661006, "LATITUD": 21.076856, "LONGITUD": -89.201458 }, "geometry": { "type": "Point", "coordinates": [ -89.201458, 21.076856 ] } },
{ "type": "Feature", "properties": { "NO": 207, "ENTIDAD": "YUCATAN", "MUNICIPIO": "MOTUL", "PUEBLO INDIGENA O AFROMEXICANO": "MAYA", "LOCALIDAD": "SACAPUC", "CLAVE LOC": 310520005, "TIPO DE ASENTAMIENTO": "COMUNIDAD INDIGENA", "NOMBRE": "SACAPUC", "MONTO ASIGNADO (PESOS)": 616546, "LATITUD": 21.166559, "LONGITUD": -89.358953 }, "geometry": { "type": "Point", "coordinates": [ -89.358953, 21.166559 ] } },
{ "type": "Feature", "properties": { "NO": 208, "ENTIDAD": "YUCATAN", "MUNICIPIO": "MOTUL", "PUEBLO INDIGENA O AFROMEXICANO": "MAYA", "LOCALIDAD": "SAKOLÁ", "CLAVE LOC": 310520033, "TIPO DE ASENTAMIENTO": "COMUNIDAD INDIGENA", "NOMBRE": "SAKOLÁ", "MONTO ASIGNADO (PESOS)": 131525, "LATITUD": 21.099232, "LONGITUD": -89.326283 }, "geometry": { "type": "Point", "coordinates": [ -89.326283, 21.099232 ] } },
{ "type": "Feature", "properties": { "NO": 209, "ENTIDAD": "YUCATAN", "MUNICIPIO": "MOTUL", "PUEBLO INDIGENA O AFROMEXICANO": "MAYA", "LOCALIDAD": "SAN JOSÉ HILI", "CLAVE LOC": 310520024, "TIPO DE ASENTAMIENTO": "COMUNIDAD INDIGENA", "NOMBRE": "SAN JOSÉ HILI", "MONTO ASIGNADO (PESOS)": 325533, "LATITUD": 21.132099, "LONGITUD": -89.35688 }, "geometry": { "type": "Point", "coordinates": [ -89.35688, 21.132099 ] } },
{ "type": "Feature", "properties": { "NO": 210, "ENTIDAD": "YUCATAN", "MUNICIPIO": "MOTUL", "PUEBLO INDIGENA O AFROMEXICANO": "MAYA", "LOCALIDAD": "SAN PEDRO CÁMARA", "CLAVE LOC": 310520016, "TIPO DE ASENTAMIENTO": "COMUNIDAD INDIGENA", "NOMBRE": "SAN PEDRO CÁMARA", "MONTO ASIGNADO (PESOS)": 231762, "LATITUD": 21.057505, "LONGITUD": -89.215698 }, "geometry": { "type": "Point", "coordinates": [ -89.215698, 21.057505 ] } },
{ "type": "Feature", "properties": { "NO": 211, "ENTIDAD": "YUCATAN", "MUNICIPIO": "MOTUL", "PUEBLO INDIGENA O AFROMEXICANO": "MAYA", "LOCALIDAD": "SAN PEDRO CHACABAL", "CLAVE LOC": 310520017, "TIPO DE ASENTAMIENTO": "COMUNIDAD INDIGENA", "NOMBRE": "SAN PEDRO CHACABAL", "MONTO ASIGNADO (PESOS)": 829955, "LATITUD": 21.135582, "LONGITUD": -89.193292 }, "geometry": { "type": "Point", "coordinates": [ -89.193292, 21.135582 ] } },
{ "type": "Feature", "properties": { "NO": 212, "ENTIDAD": "YUCATAN", "MUNICIPIO": "MOTUL", "PUEBLO INDIGENA O AFROMEXICANO": "MAYA", "LOCALIDAD": "SANTA CRUZ PACHÓN", "CLAVE LOC": 310520012, "TIPO DE ASENTAMIENTO": "COMUNIDAD INDIGENA", "NOMBRE": "SANTA CRUZ PACHÓN", "MONTO ASIGNADO (PESOS)": 281073, "LATITUD": 21.076856, "LONGITUD": -89.282302 }, "geometry": { "type": "Point", "coordinates": [ -89.282302, 21.076856 ] } },
{ "type": "Feature", "properties": { "NO": 213, "ENTIDAD": "YUCATAN", "MUNICIPIO": "MOTUL", "PUEBLO INDIGENA O AFROMEXICANO": "MAYA", "LOCALIDAD": "TANYÁ", "CLAVE LOC": 310520018, "TIPO DE ASENTAMIENTO": "COMUNIDAD INDIGENA", "NOMBRE": "TANYÁ", "MONTO ASIGNADO (PESOS)": 903517, "LATITUD": 21.110836, "LONGITUD": -89.251814 }, "geometry": { "type": "Point", "coordinates": [ -89.251814, 21.110836 ] } },
{ "type": "Feature", "properties": { "NO": 214, "ENTIDAD": "YUCATAN", "MUNICIPIO": "MOTUL", "PUEBLO INDIGENA O AFROMEXICANO": "MAYA", "LOCALIDAD": "TIMUL", "CLAVE LOC": 310520003, "TIPO DE ASENTAMIENTO": "COMUNIDAD INDIGENA", "NOMBRE": "TIMUL", "MONTO ASIGNADO (PESOS)": 905133, "LATITUD": 21.193152, "LONGITUD": -89.393248 }, "geometry": { "type": "Point", "coordinates": [ -89.393248, 21.193152 ] } },
{ "type": "Feature", "properties": { "NO": 215, "ENTIDAD": "YUCATAN", "MUNICIPIO": "MOTUL", "PUEBLO INDIGENA O AFROMEXICANO": "MAYA", "LOCALIDAD": "UCÍ", "CLAVE LOC": 310520002, "TIPO DE ASENTAMIENTO": "COMUNIDAD INDIGENA", "NOMBRE": "UCÍ", "MONTO ASIGNADO (PESOS)": 1064382, "LATITUD": 21.125475, "LONGITUD": -89.270062 }, "geometry": { "type": "Point", "coordinates": [ -89.270062, 21.125475 ] } },
{ "type": "Feature", "properties": { "NO": 216, "ENTIDAD": "YUCATAN", "MUNICIPIO": "MUNA", "PUEBLO INDIGENA O AFROMEXICANO": "MAYA", "LOCALIDAD": "CHOYOB", "CLAVE LOC": 310530002, "TIPO DE ASENTAMIENTO": "COMUNIDAD INDIGENA", "NOMBRE": "CHOYOB", "MONTO ASIGNADO (PESOS)": 159009, "LATITUD": 20.532381, "LONGITUD": -89.701723 }, "geometry": { "type": "Point", "coordinates": [ -89.701723, 20.532381 ] } },
{ "type": "Feature", "properties": { "NO": 217, "ENTIDAD": "YUCATAN", "MUNICIPIO": "MUNA", "PUEBLO INDIGENA O AFROMEXICANO": "MAYA", "LOCALIDAD": "SAN JOSÉ TIPCEH", "CLAVE LOC": 310530003, "TIPO DE ASENTAMIENTO": "COMUNIDAD INDIGENA", "NOMBRE": "SAN JOSÉ TIPCEH", "MONTO ASIGNADO (PESOS)": 574511, "LATITUD": 20.462074, "LONGITUD": -89.670087 }, "geometry": { "type": "Point", "coordinates": [ -89.670087, 20.462074 ] } },
{ "type": "Feature", "properties": { "NO": 218, "ENTIDAD": "YUCATAN", "MUNICIPIO": "MUNA", "PUEBLO INDIGENA O AFROMEXICANO": "MAYA", "LOCALIDAD": "YAXHÁ", "CLAVE LOC": 310530004, "TIPO DE ASENTAMIENTO": "COMUNIDAD INDIGENA", "NOMBRE": "YAXHÁ", "MONTO ASIGNADO (PESOS)": 265714, "LATITUD": 20.534525, "LONGITUD": -89.666631 }, "geometry": { "type": "Point", "coordinates": [ -89.666631, 20.534525 ] } },
{ "type": "Feature", "properties": { "NO": 219, "ENTIDAD": "YUCATAN", "MUNICIPIO": "MUXUPIP", "PUEBLO INDIGENA O AFROMEXICANO": "MAYA", "LOCALIDAD": "SAN JOSÉ GRANDE", "CLAVE LOC": 310540005, "TIPO DE ASENTAMIENTO": "COMUNIDAD INDIGENA", "NOMBRE": "SAN JOSÉ GRANDE", "MONTO ASIGNADO (PESOS)": 115357, "LATITUD": 21.027982, "LONGITUD": -89.308002 }, "geometry": { "type": "Point", "coordinates": [ -89.308002, 21.027982 ] } },
{ "type": "Feature", "properties": { "NO": 220, "ENTIDAD": "YUCATAN", "MUNICIPIO": "MUXUPIP", "PUEBLO INDIGENA O AFROMEXICANO": "MAYA", "LOCALIDAD": "SAN JUAN KOOP", "CLAVE LOC": 310540006, "TIPO DE ASENTAMIENTO": "COMUNIDAD INDIGENA", "NOMBRE": "SAN JUAN KOOP", "MONTO ASIGNADO (PESOS)": 375652, "LATITUD": 21.030663, "LONGITUD": -89.344421 }, "geometry": { "type": "Point", "coordinates": [ -89.344421, 21.030663 ] } },
{ "type": "Feature", "properties": { "NO": 221, "ENTIDAD": "YUCATAN", "MUNICIPIO": "OPICHEN", "PUEBLO INDIGENA O AFROMEXICANO": "MAYA", "LOCALIDAD": "CALCEHTOK", "CLAVE LOC": 310550002, "TIPO DE ASENTAMIENTO": "COMUNIDAD INDIGENA", "NOMBRE": "CALCEHTOK", "MONTO ASIGNADO (PESOS)": 1428956, "LATITUD": 20.567204, "LONGITUD": -89.912198 }, "geometry": { "type": "Point", "coordinates": [ -89.912198, 20.567204 ] } },
{ "type": "Feature", "properties": { "NO": 222, "ENTIDAD": "YUCATAN", "MUNICIPIO": "OXKUTZCAB", "PUEBLO INDIGENA O AFROMEXICANO": "MAYA", "LOCALIDAD": "BOMBAHALTÚN", "CLAVE LOC": 310560022, "TIPO DE ASENTAMIENTO": "COMUNIDAD INDIGENA", "NOMBRE": "BOMBAHALTÚN", "MONTO ASIGNADO (PESOS)": 131121, "LATITUD": 20.059033, "LONGITUD": -89.422594 }, "geometry": { "type": "Point", "coordinates": [ -89.422594, 20.059033 ] } },
{ "type": "Feature", "properties": { "NO": 223, "ENTIDAD": "YUCATAN", "MUNICIPIO": "OXKUTZCAB", "PUEBLO INDIGENA O AFROMEXICANO": "MAYA", "LOCALIDAD": "EMILIANO ZAPATA", "CLAVE LOC": 310560004, "TIPO DE ASENTAMIENTO": "COMUNIDAD INDIGENA", "NOMBRE": "EMILIANO ZAPATA", "MONTO ASIGNADO (PESOS)": 1434615, "LATITUD": 20.227395, "LONGITUD": -89.467093 }, "geometry": { "type": "Point", "coordinates": [ -89.467093, 20.227395 ] } },
{ "type": "Feature", "properties": { "NO": 224, "ENTIDAD": "YUCATAN", "MUNICIPIO": "OXKUTZCAB", "PUEBLO INDIGENA O AFROMEXICANO": "MAYA", "LOCALIDAD": "HUNTOCHAC", "CLAVE LOC": 310560149, "TIPO DE ASENTAMIENTO": "COMUNIDAD INDIGENA", "NOMBRE": "HUNTOCHAC", "MONTO ASIGNADO (PESOS)": 325533, "LATITUD": 19.806101, "LONGITUD": -89.499726 }, "geometry": { "type": "Point", "coordinates": [ -89.499726, 19.806101 ] } },
{ "type": "Feature", "properties": { "NO": 225, "ENTIDAD": "YUCATAN", "MUNICIPIO": "OXKUTZCAB", "PUEBLO INDIGENA O AFROMEXICANO": "MAYA", "LOCALIDAD": "POTOIT", "CLAVE LOC": 310560037, "TIPO DE ASENTAMIENTO": "COMUNIDAD INDIGENA", "NOMBRE": "POTOIT", "MONTO ASIGNADO (PESOS)": 165476, "LATITUD": 20.235271, "LONGITUD": -89.488441 }, "geometry": { "type": "Point", "coordinates": [ -89.488441, 20.235271 ] } },
{ "type": "Feature", "properties": { "NO": 226, "ENTIDAD": "YUCATAN", "MUNICIPIO": "OXKUTZCAB", "PUEBLO INDIGENA O AFROMEXICANO": "MAYA", "LOCALIDAD": "SAHCAHMUCUY", "CLAVE LOC": 310560010, "TIPO DE ASENTAMIENTO": "COMUNIDAD INDIGENA", "NOMBRE": "SAHCAHMUCUY", "MONTO ASIGNADO (PESOS)": 148708, "LATITUD": 20.176503, "LONGITUD": -89.492079 }, "geometry": { "type": "Point", "coordinates": [ -89.492079, 20.176503 ] } },
{ "type": "Feature", "properties": { "NO": 227, "ENTIDAD": "YUCATAN", "MUNICIPIO": "OXKUTZCAB", "PUEBLO INDIGENA O AFROMEXICANO": "MAYA", "LOCALIDAD": "SAN JOSÉ KUNCHÉ", "CLAVE LOC": 310560018, "TIPO DE ASENTAMIENTO": "COMUNIDAD INDIGENA", "NOMBRE": "SAN JOSÉ KUNCHÉ", "MONTO ASIGNADO (PESOS)": 124839, "LATITUD": 20.247689, "LONGITUD": -89.387812 }, "geometry": { "type": "Point", "coordinates": [ -89.387812, 20.247689 ] } },
{ "type": "Feature", "properties": { "NO": 228, "ENTIDAD": "YUCATAN", "MUNICIPIO": "OXKUTZCAB", "PUEBLO INDIGENA O AFROMEXICANO": "MAYA", "LOCALIDAD": "X-KOBENHALTÚN", "CLAVE LOC": 310560007, "TIPO DE ASENTAMIENTO": "COMUNIDAD INDIGENA", "NOMBRE": "X-KOBENHALTÚN", "MONTO ASIGNADO (PESOS)": 193933, "LATITUD": 20.08004, "LONGITUD": -89.522844 }, "geometry": { "type": "Point", "coordinates": [ -89.522844, 20.08004 ] } },
{ "type": "Feature", "properties": { "NO": 229, "ENTIDAD": "YUCATAN", "MUNICIPIO": "OXKUTZCAB", "PUEBLO INDIGENA O AFROMEXICANO": "MAYA", "LOCALIDAD": "XOHUAYÁN", "CLAVE LOC": 310560013, "TIPO DE ASENTAMIENTO": "COMUNIDAD INDIGENA", "NOMBRE": "XOHUAYÁN", "MONTO ASIGNADO (PESOS)": 1378029, "LATITUD": 20.187189, "LONGITUD": -89.3833 }, "geometry": { "type": "Point", "coordinates": [ -89.3833, 20.187189 ] } },
{ "type": "Feature", "properties": { "NO": 230, "ENTIDAD": "YUCATAN", "MUNICIPIO": "OXKUTZCAB", "PUEBLO INDIGENA O AFROMEXICANO": "MAYA", "LOCALIDAD": "XUL", "CLAVE LOC": 310560014, "TIPO DE ASENTAMIENTO": "COMUNIDAD INDIGENA", "NOMBRE": "XUL", "MONTO ASIGNADO (PESOS)": 1243840, "LATITUD": 20.102099, "LONGITUD": -89.462776 }, "geometry": { "type": "Point", "coordinates": [ -89.462776, 20.102099 ] } },
{ "type": "Feature", "properties": { "NO": 231, "ENTIDAD": "YUCATAN", "MUNICIPIO": "OXKUTZCAB", "PUEBLO INDIGENA O AFROMEXICANO": "MAYA", "LOCALIDAD": "YAXHACHÉN", "CLAVE LOC": 310560016, "TIPO DE ASENTAMIENTO": "COMUNIDAD INDIGENA", "NOMBRE": "YAXHACHÉN", "MONTO ASIGNADO (PESOS)": 1566379, "LATITUD": 20.051149, "LONGITUD": -89.566223 }, "geometry": { "type": "Point", "coordinates": [ -89.566223, 20.051149 ] } },
{ "type": "Feature", "properties": { "NO": 232, "ENTIDAD": "YUCATAN", "MUNICIPIO": "PANABA", "PUEBLO INDIGENA O AFROMEXICANO": "MAYA", "LOCALIDAD": "CENOTE YALSIHÓN BUENA FE", "CLAVE LOC": 310570006, "TIPO DE ASENTAMIENTO": "COMUNIDAD INDIGENA", "NOMBRE": "CENOTE YALSIHÓN BUENA FE", "MONTO ASIGNADO (PESOS)": 517925, "LATITUD": 21.40775, "LONGITUD": -88.504172 }, "geometry": { "type": "Point", "coordinates": [ -88.504172, 21.40775 ] } },
{ "type": "Feature", "properties": { "NO": 233, "ENTIDAD": "YUCATAN", "MUNICIPIO": "PANABA", "PUEBLO INDIGENA O AFROMEXICANO": "MAYA", "LOCALIDAD": "LOCHÉ", "CLAVE LOC": 310570002, "TIPO DE ASENTAMIENTO": "COMUNIDAD INDIGENA", "NOMBRE": "LOCHÉ", "MONTO ASIGNADO (PESOS)": 1290725, "LATITUD": 21.388765, "LONGITUD": -88.146281 }, "geometry": { "type": "Point", "coordinates": [ -88.146281, 21.388765 ] } },
{ "type": "Feature", "properties": { "NO": 234, "ENTIDAD": "YUCATAN", "MUNICIPIO": "PANABA", "PUEBLO INDIGENA O AFROMEXICANO": "MAYA", "LOCALIDAD": "SAN FRANCISCO", "CLAVE LOC": 310570158, "TIPO DE ASENTAMIENTO": "COMUNIDAD INDIGENA", "NOMBRE": "SAN FRANCISCO", "MONTO ASIGNADO (PESOS)": 249547, "LATITUD": 21.391497, "LONGITUD": -88.329826 }, "geometry": { "type": "Point", "coordinates": [ -88.329826, 21.391497 ] } },
{ "type": "Feature", "properties": { "NO": 235, "ENTIDAD": "YUCATAN", "MUNICIPIO": "PANABA", "PUEBLO INDIGENA O AFROMEXICANO": "MAYA", "LOCALIDAD": "SAN JUAN DEL RÍO", "CLAVE LOC": 310570005, "TIPO DE ASENTAMIENTO": "COMUNIDAD INDIGENA", "NOMBRE": "SAN JUAN DEL RÍO", "MONTO ASIGNADO (PESOS)": 136375, "LATITUD": 21.446607, "LONGITUD": -88.156788 }, "geometry": { "type": "Point", "coordinates": [ -88.156788, 21.446607 ] } },
{ "type": "Feature", "properties": { "NO": 236, "ENTIDAD": "YUCATAN", "MUNICIPIO": "PETO", "PUEBLO INDIGENA O AFROMEXICANO": "MAYA", "LOCALIDAD": "CHAN CALOTMUL", "CLAVE LOC": 310580003, "TIPO DE ASENTAMIENTO": "COMUNIDAD INDIGENA", "NOMBRE": "CHAN CALOTMUL", "MONTO ASIGNADO (PESOS)": 142842, "LATITUD": 20.122118, "LONGITUD": -88.698243 }, "geometry": { "type": "Point", "coordinates": [ -88.698243, 20.122118 ] } },
{ "type": "Feature", "properties": { "NO": 237, "ENTIDAD": "YUCATAN", "MUNICIPIO": "PETO", "PUEBLO INDIGENA O AFROMEXICANO": "MAYA", "LOCALIDAD": "DZONOTCHEL", "CLAVE LOC": 310580007, "TIPO DE ASENTAMIENTO": "COMUNIDAD INDIGENA", "NOMBRE": "DZONOTCHEL", "MONTO ASIGNADO (PESOS)": 222062, "LATITUD": 20.109703, "LONGITUD": -88.761567 }, "geometry": { "type": "Point", "coordinates": [ -88.761567, 20.109703 ] } },
{ "type": "Feature", "properties": { "NO": 238, "ENTIDAD": "YUCATAN", "MUNICIPIO": "PETO", "PUEBLO INDIGENA O AFROMEXICANO": "MAYA", "LOCALIDAD": "JUSTICIA SOCIAL", "CLAVE LOC": 310580060, "TIPO DE ASENTAMIENTO": "COMUNIDAD INDIGENA", "NOMBRE": "JUSTICIA SOCIAL", "MONTO ASIGNADO (PESOS)": 285923, "LATITUD": 19.931102, "LONGITUD": -88.859442 }, "geometry": { "type": "Point", "coordinates": [ -88.859442, 19.931102 ] } },
{ "type": "Feature", "properties": { "NO": 239, "ENTIDAD": "YUCATAN", "MUNICIPIO": "PETO", "PUEBLO INDIGENA O AFROMEXICANO": "MAYA", "LOCALIDAD": "KAMBUL", "CLAVE LOC": 310580047, "TIPO DE ASENTAMIENTO": "COMUNIDAD INDIGENA", "NOMBRE": "KAMBUL", "MONTO ASIGNADO (PESOS)": 261672, "LATITUD": 19.985191, "LONGITUD": -88.886549 }, "geometry": { "type": "Point", "coordinates": [ -88.886549, 19.985191 ] } },
{ "type": "Feature", "properties": { "NO": 240, "ENTIDAD": "YUCATAN", "MUNICIPIO": "PETO", "PUEBLO INDIGENA O AFROMEXICANO": "MAYA", "LOCALIDAD": "LA ESPERANZA", "CLAVE LOC": 310580055, "TIPO DE ASENTAMIENTO": "COMUNIDAD INDIGENA", "NOMBRE": "LA ESPERANZA", "MONTO ASIGNADO (PESOS)": 147692, "LATITUD": 20.017319, "LONGITUD": -88.789552 }, "geometry": { "type": "Point", "coordinates": [ -88.789552, 20.017319 ] } },
{ "type": "Feature", "properties": { "NO": 241, "ENTIDAD": "YUCATAN", "MUNICIPIO": "PETO", "PUEBLO INDIGENA O AFROMEXICANO": "MAYA", "LOCALIDAD": "PAPACAL", "CLAVE LOC": 310580014, "TIPO DE ASENTAMIENTO": "COMUNIDAD INDIGENA", "NOMBRE": "PAPACAL", "MONTO ASIGNADO (PESOS)": 663771, "LATITUD": 20.153929, "LONGITUD": -88.816318 }, "geometry": { "type": "Point", "coordinates": [ -88.816318, 20.153929 ] } },
{ "type": "Feature", "properties": { "NO": 242, "ENTIDAD": "YUCATAN", "MUNICIPIO": "PETO", "PUEBLO INDIGENA O AFROMEXICANO": "MAYA", "LOCALIDAD": "PETULILLO", "CLAVE LOC": 310580016, "TIPO DE ASENTAMIENTO": "COMUNIDAD INDIGENA", "NOMBRE": "PETULILLO", "MONTO ASIGNADO (PESOS)": 175985, "LATITUD": 20.050515, "LONGITUD": -88.702588 }, "geometry": { "type": "Point", "coordinates": [ -88.702588, 20.050515 ] } },
{ "type": "Feature", "properties": { "NO": 243, "ENTIDAD": "YUCATAN", "MUNICIPIO": "PETO", "PUEBLO INDIGENA O AFROMEXICANO": "MAYA", "LOCALIDAD": "PROGRESITO", "CLAVE LOC": 310580018, "TIPO DE ASENTAMIENTO": "COMUNIDAD INDIGENA", "NOMBRE": "PROGRESITO", "MONTO ASIGNADO (PESOS)": 333617, "LATITUD": 20.091633, "LONGITUD": -88.849499 }, "geometry": { "type": "Point", "coordinates": [ -88.849499, 20.091633 ] } },
{ "type": "Feature", "properties": { "NO": 244, "ENTIDAD": "YUCATAN", "MUNICIPIO": "PETO", "PUEBLO INDIGENA O AFROMEXICANO": "MAYA", "LOCALIDAD": "SAN DIONISIO", "CLAVE LOC": 310580023, "TIPO DE ASENTAMIENTO": "COMUNIDAD INDIGENA", "NOMBRE": "SAN DIONISIO", "MONTO ASIGNADO (PESOS)": 279456, "LATITUD": 20.04997, "LONGITUD": -88.771867 }, "geometry": { "type": "Point", "coordinates": [ -88.771867, 20.04997 ] } },
{ "type": "Feature", "properties": { "NO": 245, "ENTIDAD": "YUCATAN", "MUNICIPIO": "PETO", "PUEBLO INDIGENA O AFROMEXICANO": "MAYA", "LOCALIDAD": "SAN FRANCISCO DE ASÍS", "CLAVE LOC": 310580080, "TIPO DE ASENTAMIENTO": "COMUNIDAD INDIGENA", "NOMBRE": "SAN FRANCISCO DE ASÍS", "MONTO ASIGNADO (PESOS)": 196194, "LATITUD": 20.141618, "LONGITUD": -88.658519 }, "geometry": { "type": "Point", "coordinates": [ -88.658519, 20.141618 ] } },
{ "type": "Feature", "properties": { "NO": 246, "ENTIDAD": "YUCATAN", "MUNICIPIO": "PETO", "PUEBLO INDIGENA O AFROMEXICANO": "MAYA", "LOCALIDAD": "SAN MATEO", "CLAVE LOC": 310580029, "TIPO DE ASENTAMIENTO": "COMUNIDAD INDIGENA", "NOMBRE": "SAN MATEO", "MONTO ASIGNADO (PESOS)": 100807, "LATITUD": 20.114687, "LONGITUD": -88.717008 }, "geometry": { "type": "Point", "coordinates": [ -88.717008, 20.114687 ] } },
{ "type": "Feature", "properties": { "NO": 247, "ENTIDAD": "YUCATAN", "MUNICIPIO": "PETO", "PUEBLO INDIGENA O AFROMEXICANO": "MAYA", "LOCALIDAD": "SAN SEBASTIÁN", "CLAVE LOC": 310580031, "TIPO DE ASENTAMIENTO": "COMUNIDAD INDIGENA", "NOMBRE": "SAN SEBASTIÁN", "MONTO ASIGNADO (PESOS)": 136146, "LATITUD": 19.990018, "LONGITUD": -88.901041 }, "geometry": { "type": "Point", "coordinates": [ -88.901041, 19.990018 ] } },
{ "type": "Feature", "properties": { "NO": 248, "ENTIDAD": "YUCATAN", "MUNICIPIO": "PETO", "PUEBLO INDIGENA O AFROMEXICANO": "MAYA", "LOCALIDAD": "SAN SEBASTIÁN YAXCHÉ", "CLAVE LOC": 310580218, "TIPO DE ASENTAMIENTO": "COMUNIDAD INDIGENA", "NOMBRE": "SAN SEBASTIÁN YAXCHÉ", "MONTO ASIGNADO (PESOS)": 175985, "LATITUD": 19.967894, "LONGITUD": -88.919531 }, "geometry": { "type": "Point", "coordinates": [ -88.919531, 19.967894 ] } },
{ "type": "Feature", "properties": { "NO": 249, "ENTIDAD": "YUCATAN", "MUNICIPIO": "PETO", "PUEBLO INDIGENA O AFROMEXICANO": "MAYA", "LOCALIDAD": "SANTA ELENA", "CLAVE LOC": 310580079, "TIPO DE ASENTAMIENTO": "COMUNIDAD INDIGENA", "NOMBRE": "SANTA ELENA", "MONTO ASIGNADO (PESOS)": 86256, "LATITUD": 20.188795, "LONGITUD": -88.686599 }, "geometry": { "type": "Point", "coordinates": [ -88.686599, 20.188795 ] } },
{ "type": "Feature", "properties": { "NO": 250, "ENTIDAD": "YUCATAN", "MUNICIPIO": "PETO", "PUEBLO INDIGENA O AFROMEXICANO": "MAYA", "LOCALIDAD": "TEMOZÓN", "CLAVE LOC": 310580037, "TIPO DE ASENTAMIENTO": "COMUNIDAD INDIGENA", "NOMBRE": "TEMOZÓN", "MONTO ASIGNADO (PESOS)": 312599, "LATITUD": 20.069997, "LONGITUD": -88.928294 }, "geometry": { "type": "Point", "coordinates": [ -88.928294, 20.069997 ] } },
{ "type": "Feature", "properties": { "NO": 251, "ENTIDAD": "YUCATAN", "MUNICIPIO": "PETO", "PUEBLO INDIGENA O AFROMEXICANO": "MAYA", "LOCALIDAD": "TIXHUALATÚN", "CLAVE LOC": 310580040, "TIPO DE ASENTAMIENTO": "COMUNIDAD INDIGENA", "NOMBRE": "TIXHUALATÚN", "MONTO ASIGNADO (PESOS)": 430621, "LATITUD": 20.178816, "LONGITUD": -88.885909 }, "geometry": { "type": "Point", "coordinates": [ -88.885909, 20.178816 ] } },
{ "type": "Feature", "properties": { "NO": 252, "ENTIDAD": "YUCATAN", "MUNICIPIO": "PETO", "PUEBLO INDIGENA O AFROMEXICANO": "MAYA", "LOCALIDAD": "TOBXILÁ", "CLAVE LOC": 310580041, "TIPO DE ASENTAMIENTO": "COMUNIDAD INDIGENA", "NOMBRE": "TOBXILÁ", "MONTO ASIGNADO (PESOS)": 116166, "LATITUD": 19.855124, "LONGITUD": -88.917348 }, "geometry": { "type": "Point", "coordinates": [ -88.917348, 19.855124 ] } },
{ "type": "Feature", "properties": { "NO": 253, "ENTIDAD": "YUCATAN", "MUNICIPIO": "PETO", "PUEBLO INDIGENA O AFROMEXICANO": "MAYA", "LOCALIDAD": "XCABANCHÉ", "CLAVE LOC": 310580044, "TIPO DE ASENTAMIENTO": "COMUNIDAD INDIGENA", "NOMBRE": "XCABANCHÉ", "MONTO ASIGNADO (PESOS)": 92177, "LATITUD": 20.231887, "LONGITUD": -88.729494 }, "geometry": { "type": "Point", "coordinates": [ -88.729494, 20.231887 ] } },
{ "type": "Feature", "properties": { "NO": 254, "ENTIDAD": "YUCATAN", "MUNICIPIO": "PETO", "PUEBLO INDIGENA O AFROMEXICANO": "MAYA", "LOCALIDAD": "XOY", "CLAVE LOC": 310580048, "TIPO DE ASENTAMIENTO": "COMUNIDAD INDIGENA", "NOMBRE": "XOY", "MONTO ASIGNADO (PESOS)": 665856, "LATITUD": 20.123515, "LONGITUD": -88.97153 }, "geometry": { "type": "Point", "coordinates": [ -88.97153, 20.123515 ] } },
{ "type": "Feature", "properties": { "NO": 255, "ENTIDAD": "YUCATAN", "MUNICIPIO": "PETO", "PUEBLO INDIGENA O AFROMEXICANO": "MAYA", "LOCALIDAD": "X-PECHIL", "CLAVE LOC": 310580049, "TIPO DE ASENTAMIENTO": "COMUNIDAD INDIGENA", "NOMBRE": "X-PECHIL", "MONTO ASIGNADO (PESOS)": 166285, "LATITUD": 20.026926, "LONGITUD": -88.879907 }, "geometry": { "type": "Point", "coordinates": [ -88.879907, 20.026926 ] } },
{ "type": "Feature", "properties": { "NO": 256, "ENTIDAD": "YUCATAN", "MUNICIPIO": "PETO", "PUEBLO INDIGENA O AFROMEXICANO": "MAYA", "LOCALIDAD": "YAXCOPIL", "CLAVE LOC": 310580051, "TIPO DE ASENTAMIENTO": "COMUNIDAD INDIGENA", "NOMBRE": "YAXCOPIL", "MONTO ASIGNADO (PESOS)": 558343, "LATITUD": 20.066937, "LONGITUD": -88.908355 }, "geometry": { "type": "Point", "coordinates": [ -88.908355, 20.066937 ] } },
{ "type": "Feature", "properties": { "NO": 257, "ENTIDAD": "YUCATAN", "MUNICIPIO": "PROGRESO", "PUEBLO INDIGENA O AFROMEXICANO": "MAYA", "LOCALIDAD": "EL PARAÍSO", "CLAVE LOC": 310590078, "TIPO DE ASENTAMIENTO": "COMUNIDAD INDIGENA", "NOMBRE": "EL PARAÍSO", "MONTO ASIGNADO (PESOS)": 439513, "LATITUD": 21.194326, "LONGITUD": -89.651647 }, "geometry": { "type": "Point", "coordinates": [ -89.651647, 21.194326 ] } },
{ "type": "Feature", "properties": { "NO": 258, "ENTIDAD": "YUCATAN", "MUNICIPIO": "PROGRESO", "PUEBLO INDIGENA O AFROMEXICANO": "MAYA", "LOCALIDAD": "SAN IGNACIO", "CLAVE LOC": 310590009, "TIPO DE ASENTAMIENTO": "COMUNIDAD INDIGENA", "NOMBRE": "SAN IGNACIO", "MONTO ASIGNADO (PESOS)": 801662, "LATITUD": 21.160263, "LONGITUD": -89.654228 }, "geometry": { "type": "Point", "coordinates": [ -89.654228, 21.160263 ] } },
{ "type": "Feature", "properties": { "NO": 259, "ENTIDAD": "YUCATAN", "MUNICIPIO": "RIOLAGARTOS", "PUEBLO INDIGENA O AFROMEXICANO": "MAYA", "LOCALIDAD": "LAS COLORADAS", "CLAVE LOC": 310610002, "TIPO DE ASENTAMIENTO": "COMUNIDAD INDIGENA", "NOMBRE": "LAS COLORADAS", "MONTO ASIGNADO (PESOS)": 1215547, "LATITUD": 21.608725, "LONGITUD": -87.990607 }, "geometry": { "type": "Point", "coordinates": [ -87.990607, 21.608725 ] } },
{ "type": "Feature", "properties": { "NO": 260, "ENTIDAD": "YUCATAN", "MUNICIPIO": "SACALUM", "PUEBLO INDIGENA O AFROMEXICANO": "MAYA", "LOCALIDAD": "PLAN CHAC", "CLAVE LOC": 310620007, "TIPO DE ASENTAMIENTO": "COMUNIDAD INDIGENA", "NOMBRE": "PLAN CHAC", "MONTO ASIGNADO (PESOS)": 351401, "LATITUD": 20.452426, "LONGITUD": -89.624615 }, "geometry": { "type": "Point", "coordinates": [ -89.624615, 20.452426 ] } },
{ "type": "Feature", "properties": { "NO": 261, "ENTIDAD": "YUCATAN", "MUNICIPIO": "SACALUM", "PUEBLO INDIGENA O AFROMEXICANO": "MAYA", "LOCALIDAD": "SAN ANTONIO SODZIL", "CLAVE LOC": 310620002, "TIPO DE ASENTAMIENTO": "COMUNIDAD INDIGENA", "NOMBRE": "SAN ANTONIO SODZIL", "MONTO ASIGNADO (PESOS)": 458106, "LATITUD": 20.539711, "LONGITUD": -89.606518 }, "geometry": { "type": "Point", "coordinates": [ -89.606518, 20.539711 ] } },
{ "type": "Feature", "properties": { "NO": 262, "ENTIDAD": "YUCATAN", "MUNICIPIO": "SACALUM", "PUEBLO INDIGENA O AFROMEXICANO": "MAYA", "LOCALIDAD": "YUNKÚ", "CLAVE LOC": 310620006, "TIPO DE ASENTAMIENTO": "COMUNIDAD INDIGENA", "NOMBRE": "YUNKÚ", "MONTO ASIGNADO (PESOS)": 213170, "LATITUD": 20.578287, "LONGITUD": -89.603276 }, "geometry": { "type": "Point", "coordinates": [ -89.603276, 20.578287 ] } },
{ "type": "Feature", "properties": { "NO": 263, "ENTIDAD": "YUCATAN", "MUNICIPIO": "SAMAHIL", "PUEBLO INDIGENA O AFROMEXICANO": "MAYA", "LOCALIDAD": "KUCHEL", "CLAVE LOC": 310630003, "TIPO DE ASENTAMIENTO": "COMUNIDAD INDIGENA", "NOMBRE": "KUCHEL", "MONTO ASIGNADO (PESOS)": 874415, "LATITUD": 20.848863, "LONGITUD": -89.898248 }, "geometry": { "type": "Point", "coordinates": [ -89.898248, 20.848863 ] } },
{ "type": "Feature", "properties": { "NO": 264, "ENTIDAD": "YUCATAN", "MUNICIPIO": "SAMAHIL", "PUEBLO INDIGENA O AFROMEXICANO": "MAYA", "LOCALIDAD": "SAN ANTONIO TEDZIDZ", "CLAVE LOC": 310630004, "TIPO DE ASENTAMIENTO": "COMUNIDAD INDIGENA", "NOMBRE": "SAN ANTONIO TEDZIDZ", "MONTO ASIGNADO (PESOS)": 1122585, "LATITUD": 20.833826, "LONGITUD": -89.976064 }, "geometry": { "type": "Point", "coordinates": [ -89.976064, 20.833826 ] } },
{ "type": "Feature", "properties": { "NO": 265, "ENTIDAD": "YUCATAN", "MUNICIPIO": "SANAHCAT", "PUEBLO INDIGENA O AFROMEXICANO": "MAYA", "LOCALIDAD": "SANAHCAT", "CLAVE LOC": 310640001, "TIPO DE ASENTAMIENTO": "COMUNIDAD INDIGENA", "NOMBRE": "SANAHCAT", "MONTO ASIGNADO (PESOS)": 84639, "LATITUD": 20.771262, "LONGITUD": -89.214761 }, "geometry": { "type": "Point", "coordinates": [ -89.214761, 20.771262 ] } },
{ "type": "Feature", "properties": { "NO": 266, "ENTIDAD": "YUCATAN", "MUNICIPIO": "SANTAELENA", "PUEBLO INDIGENA O AFROMEXICANO": "MAYA", "LOCALIDAD": "SAN SIMÓN", "CLAVE LOC": 310660005, "TIPO DE ASENTAMIENTO": "COMUNIDAD INDIGENA", "NOMBRE": "SAN SIMÓN", "MONTO ASIGNADO (PESOS)": 426579, "LATITUD": 20.217136, "LONGITUD": -89.809559 }, "geometry": { "type": "Point", "coordinates": [ -89.809559, 20.217136 ] } },
{ "type": "Feature", "properties": { "NO": 267, "ENTIDAD": "YUCATAN", "MUNICIPIO": "SEYE", "PUEBLO INDIGENA O AFROMEXICANO": "MAYA", "LOCALIDAD": "HOLACTÚN", "CLAVE LOC": 310670046, "TIPO DE ASENTAMIENTO": "COMUNIDAD INDIGENA", "NOMBRE": "HOLACTÚN", "MONTO ASIGNADO (PESOS)": 576127, "LATITUD": 20.876382, "LONGITUD": -89.329139 }, "geometry": { "type": "Point", "coordinates": [ -89.329139, 20.876382 ] } },
{ "type": "Feature", "properties": { "NO": 268, "ENTIDAD": "YUCATAN", "MUNICIPIO": "SINANCHE", "PUEBLO INDIGENA O AFROMEXICANO": "MAYA", "LOCALIDAD": "SAN CRISANTO", "CLAVE LOC": 310680003, "TIPO DE ASENTAMIENTO": "COMUNIDAD INDIGENA", "NOMBRE": "SAN CRISANTO", "MONTO ASIGNADO (PESOS)": 573702, "LATITUD": 21.353281, "LONGITUD": -89.171808 }, "geometry": { "type": "Point", "coordinates": [ -89.171808, 21.353281 ] } },
{ "type": "Feature", "properties": { "NO": 269, "ENTIDAD": "YUCATAN", "MUNICIPIO": "SOTUTA", "PUEBLO INDIGENA O AFROMEXICANO": "MAYA", "LOCALIDAD": "TABÍ", "CLAVE LOC": 310690003, "TIPO DE ASENTAMIENTO": "COMUNIDAD INDIGENA", "NOMBRE": "TABÍ", "MONTO ASIGNADO (PESOS)": 726484, "LATITUD": 20.598611, "LONGITUD": -88.899166 }, "geometry": { "type": "Point", "coordinates": [ -88.899166, 20.598611 ] } },
{ "type": "Feature", "properties": { "NO": 270, "ENTIDAD": "YUCATAN", "MUNICIPIO": "SOTUTA", "PUEBLO INDIGENA O AFROMEXICANO": "MAYA", "LOCALIDAD": "TIBOLÓN", "CLAVE LOC": 310690004, "TIPO DE ASENTAMIENTO": "COMUNIDAD INDIGENA", "NOMBRE": "TIBOLÓN", "MONTO ASIGNADO (PESOS)": 1577696, "LATITUD": 20.666505, "LONGITUD": -88.939691 }, "geometry": { "type": "Point", "coordinates": [ -88.939691, 20.666505 ] } },
{ "type": "Feature", "properties": { "NO": 271, "ENTIDAD": "YUCATAN", "MUNICIPIO": "SOTUTA", "PUEBLO INDIGENA O AFROMEXICANO": "MAYA", "LOCALIDAD": "ZAVALA", "CLAVE LOC": 310690005, "TIPO DE ASENTAMIENTO": "COMUNIDAD INDIGENA", "NOMBRE": "ZAVALA", "MONTO ASIGNADO (PESOS)": 527625, "LATITUD": 20.608897, "LONGITUD": -89.113682 }, "geometry": { "type": "Point", "coordinates": [ -89.113682, 20.608897 ] } },
{ "type": "Feature", "properties": { "NO": 272, "ENTIDAD": "YUCATAN", "MUNICIPIO": "SUDZAL", "PUEBLO INDIGENA O AFROMEXICANO": "MAYA", "LOCALIDAD": "KANCABCHÉN DE VALENCIA", "CLAVE LOC": 310710006, "TIPO DE ASENTAMIENTO": "COMUNIDAD INDIGENA", "NOMBRE": "KANCABCHÉN DE VALENCIA", "MONTO ASIGNADO (PESOS)": 133633, "LATITUD": 20.725132, "LONGITUD": -88.850953 }, "geometry": { "type": "Point", "coordinates": [ -88.850953, 20.725132 ] } },
{ "type": "Feature", "properties": { "NO": 273, "ENTIDAD": "YUCATAN", "MUNICIPIO": "SUDZAL", "PUEBLO INDIGENA O AFROMEXICANO": "MAYA", "LOCALIDAD": "NUEVO TZALAM", "CLAVE LOC": 310710078, "TIPO DE ASENTAMIENTO": "COMUNIDAD INDIGENA", "NOMBRE": "NUEVO TZALAM", "MONTO ASIGNADO (PESOS)": 183260, "LATITUD": 20.822116, "LONGITUD": -88.877812 }, "geometry": { "type": "Point", "coordinates": [ -88.877812, 20.822116 ] } },
{ "type": "Feature", "properties": { "NO": 274, "ENTIDAD": "YUCATAN", "MUNICIPIO": "SUDZAL", "PUEBLO INDIGENA O AFROMEXICANO": "MAYA", "LOCALIDAD": "SUDZAL", "CLAVE LOC": 310710001, "TIPO DE ASENTAMIENTO": "COMUNIDAD INDIGENA", "NOMBRE": "SUDZAL", "MONTO ASIGNADO (PESOS)": 329575, "LATITUD": 20.872095, "LONGITUD": -88.988792 }, "geometry": { "type": "Point", "coordinates": [ -88.988792, 20.872095 ] } },
{ "type": "Feature", "properties": { "NO": 275, "ENTIDAD": "YUCATAN", "MUNICIPIO": "TAHDZIU", "PUEBLO INDIGENA O AFROMEXICANO": "MAYA", "LOCALIDAD": "MOCTÉ", "CLAVE LOC": 310730009, "TIPO DE ASENTAMIENTO": "LOCALIDAD CON POBLACION INDIGENA", "NOMBRE": "MOCTÉ", "MONTO ASIGNADO (PESOS)": 117302, "LATITUD": 20.213561, "LONGITUD": -88.876455 }, "geometry": { "type": "Point", "coordinates": [ -88.876455, 20.213561 ] } },
{ "type": "Feature", "properties": { "NO": 276, "ENTIDAD": "YUCATAN", "MUNICIPIO": "TAHDZIU", "PUEBLO INDIGENA O AFROMEXICANO": "MAYA", "LOCALIDAD": "SAN ISIDRO UNO", "CLAVE LOC": 310730083, "TIPO DE ASENTAMIENTO": "LOCALIDAD CON POBLACION INDIGENA", "NOMBRE": "SAN ISIDRO UNO", "MONTO ASIGNADO (PESOS)": 113533, "LATITUD": 20.204889, "LONGITUD": -88.980957 }, "geometry": { "type": "Point", "coordinates": [ -88.980957, 20.204889 ] } },
{ "type": "Feature", "properties": { "NO": 277, "ENTIDAD": "YUCATAN", "MUNICIPIO": "TAHDZIU", "PUEBLO INDIGENA O AFROMEXICANO": "MAYA", "LOCALIDAD": "SAN LORENZO", "CLAVE LOC": 310730025, "TIPO DE ASENTAMIENTO": "LOCALIDAD CON POBLACION INDIGENA", "NOMBRE": "SAN LORENZO", "MONTO ASIGNADO (PESOS)": 123583, "LATITUD": 20.24581, "LONGITUD": -88.948228 }, "geometry": { "type": "Point", "coordinates": [ -88.948228, 20.24581 ] } },
{ "type": "Feature", "properties": { "NO": 278, "ENTIDAD": "YUCATAN", "MUNICIPIO": "TAHDZIU", "PUEBLO INDIGENA O AFROMEXICANO": "MAYA", "LOCALIDAD": "SAN MIGUEL", "CLAVE LOC": 310730027, "TIPO DE ASENTAMIENTO": "LOCALIDAD CON POBLACION INDIGENA", "NOMBRE": "SAN MIGUEL", "MONTO ASIGNADO (PESOS)": 129864, "LATITUD": 20.221811, "LONGITUD": -88.827249 }, "geometry": { "type": "Point", "coordinates": [ -88.827249, 20.221811 ] } },
{ "type": "Feature", "properties": { "NO": 279, "ENTIDAD": "YUCATAN", "MUNICIPIO": "TAHDZIU", "PUEBLO INDIGENA O AFROMEXICANO": "MAYA", "LOCALIDAD": "TAHDZIÚ", "CLAVE LOC": 310730001, "TIPO DE ASENTAMIENTO": "COMUNIDAD INDIGENA", "NOMBRE": "TAHDZIÚ", "MONTO ASIGNADO (PESOS)": 4071513, "LATITUD": 20.203821, "LONGITUD": -88.944903 }, "geometry": { "type": "Point", "coordinates": [ -88.944903, 20.203821 ] } },
{ "type": "Feature", "properties": { "NO": 280, "ENTIDAD": "YUCATAN", "MUNICIPIO": "TAHDZIU", "PUEBLO INDIGENA O AFROMEXICANO": "MAYA", "LOCALIDAD": "TIMUL", "CLAVE LOC": 310730076, "TIPO DE ASENTAMIENTO": "COMUNIDAD INDIGENA", "NOMBRE": "TIMUL", "MONTO ASIGNADO (PESOS)": 1021802, "LATITUD": 20.311827, "LONGITUD": -88.935976 }, "geometry": { "type": "Point", "coordinates": [ -88.935976, 20.311827 ] } },
{ "type": "Feature", "properties": { "NO": 281, "ENTIDAD": "YUCATAN", "MUNICIPIO": "TAHMEK", "PUEBLO INDIGENA O AFROMEXICANO": "MAYA", "LOCALIDAD": "TAHMEK", "CLAVE LOC": 310740001, "TIPO DE ASENTAMIENTO": "COMUNIDAD INDIGENA", "NOMBRE": "TAHMEK", "MONTO ASIGNADO (PESOS)": 230364, "LATITUD": 20.875534, "LONGITUD": -89.255795 }, "geometry": { "type": "Point", "coordinates": [ -89.255795, 20.875534 ] } },
{ "type": "Feature", "properties": { "NO": 282, "ENTIDAD": "YUCATAN", "MUNICIPIO": "TEABO", "PUEBLO INDIGENA O AFROMEXICANO": "MAYA", "LOCALIDAD": "TEABO", "CLAVE LOC": 310750001, "TIPO DE ASENTAMIENTO": "COMUNIDAD INDIGENA", "NOMBRE": "TEABO", "MONTO ASIGNADO (PESOS)": 5510409, "LATITUD": 20.400411, "LONGITUD": -89.284919 }, "geometry": { "type": "Point", "coordinates": [ -89.284919, 20.400411 ] } },
{ "type": "Feature", "properties": { "NO": 283, "ENTIDAD": "YUCATAN", "MUNICIPIO": "TECOH", "PUEBLO INDIGENA O AFROMEXICANO": "MAYA", "LOCALIDAD": "CHINKILÁ", "CLAVE LOC": 310760002, "TIPO DE ASENTAMIENTO": "COMUNIDAD INDIGENA", "NOMBRE": "CHINKILÁ", "MONTO ASIGNADO (PESOS)": 382119, "LATITUD": 20.695249, "LONGITUD": -89.392036 }, "geometry": { "type": "Point", "coordinates": [ -89.392036, 20.695249 ] } },
{ "type": "Feature", "properties": { "NO": 284, "ENTIDAD": "YUCATAN", "MUNICIPIO": "TECOH", "PUEBLO INDIGENA O AFROMEXICANO": "MAYA", "LOCALIDAD": "ITZINCAB", "CLAVE LOC": 310760003, "TIPO DE ASENTAMIENTO": "COMUNIDAD INDIGENA", "NOMBRE": "ITZINCAB", "MONTO ASIGNADO (PESOS)": 472656, "LATITUD": 20.753114, "LONGITUD": -89.561881 }, "geometry": { "type": "Point", "coordinates": [ -89.561881, 20.753114 ] } },
{ "type": "Feature", "properties": { "NO": 285, "ENTIDAD": "YUCATAN", "MUNICIPIO": "TECOH", "PUEBLO INDIGENA O AFROMEXICANO": "MAYA", "LOCALIDAD": "LEPÁN", "CLAVE LOC": 310760005, "TIPO DE ASENTAMIENTO": "COMUNIDAD INDIGENA", "NOMBRE": "LEPÁN", "MONTO ASIGNADO (PESOS)": 1196954, "LATITUD": 20.712623, "LONGITUD": -89.498188 }, "geometry": { "type": "Point", "coordinates": [ -89.498188, 20.712623 ] } },
{ "type": "Feature", "properties": { "NO": 286, "ENTIDAD": "YUCATAN", "MUNICIPIO": "TECOH", "PUEBLO INDIGENA O AFROMEXICANO": "MAYA", "LOCALIDAD": "MAHZUCIL", "CLAVE LOC": 310760006, "TIPO DE ASENTAMIENTO": "COMUNIDAD INDIGENA", "NOMBRE": "MAHZUCIL", "MONTO ASIGNADO (PESOS)": 411220, "LATITUD": 20.553267, "LONGITUD": -89.461906 }, "geometry": { "type": "Point", "coordinates": [ -89.461906, 20.553267 ] } },
{ "type": "Feature", "properties": { "NO": 287, "ENTIDAD": "YUCATAN", "MUNICIPIO": "TECOH", "PUEBLO INDIGENA O AFROMEXICANO": "MAYA", "LOCALIDAD": "OXTAPACAB", "CLAVE LOC": 310760007, "TIPO DE ASENTAMIENTO": "COMUNIDAD INDIGENA", "NOMBRE": "OXTAPACAB", "MONTO ASIGNADO (PESOS)": 375652, "LATITUD": 20.771552, "LONGITUD": -89.504371 }, "geometry": { "type": "Point", "coordinates": [ -89.504371, 20.771552 ] } },
{ "type": "Feature", "properties": { "NO": 288, "ENTIDAD": "YUCATAN", "MUNICIPIO": "TECOH", "PUEBLO INDIGENA O AFROMEXICANO": "MAYA", "LOCALIDAD": "PIXYÁ", "CLAVE LOC": 310760008, "TIPO DE ASENTAMIENTO": "COMUNIDAD INDIGENA", "NOMBRE": "PIXYÁ", "MONTO ASIGNADO (PESOS)": 986779, "LATITUD": 20.642253, "LONGITUD": -89.414754 }, "geometry": { "type": "Point", "coordinates": [ -89.414754, 20.642253 ] } },
{ "type": "Feature", "properties": { "NO": 289, "ENTIDAD": "YUCATAN", "MUNICIPIO": "TECOH", "PUEBLO INDIGENA O AFROMEXICANO": "MAYA", "LOCALIDAD": "SABACCHÉ", "CLAVE LOC": 310760009, "TIPO DE ASENTAMIENTO": "COMUNIDAD INDIGENA", "NOMBRE": "SABACCHÉ", "MONTO ASIGNADO (PESOS)": 234188, "LATITUD": 20.659762, "LONGITUD": -89.370575 }, "geometry": { "type": "Point", "coordinates": [ -89.370575, 20.659762 ] } },
{ "type": "Feature", "properties": { "NO": 290, "ENTIDAD": "YUCATAN", "MUNICIPIO": "TECOH", "PUEBLO INDIGENA O AFROMEXICANO": "MAYA", "LOCALIDAD": "TECOH", "CLAVE LOC": 310760001, "TIPO DE ASENTAMIENTO": "COMUNIDAD INDIGENA", "NOMBRE": "TECOH", "MONTO ASIGNADO (PESOS)": 344934, "LATITUD": 20.741726, "LONGITUD": -89.474302 }, "geometry": { "type": "Point", "coordinates": [ -89.474302, 20.741726 ] } },
{ "type": "Feature", "properties": { "NO": 291, "ENTIDAD": "YUCATAN", "MUNICIPIO": "TECOH", "PUEBLO INDIGENA O AFROMEXICANO": "MAYA", "LOCALIDAD": "TELCHAQUILLO", "CLAVE LOC": 310760012, "TIPO DE ASENTAMIENTO": "COMUNIDAD INDIGENA", "NOMBRE": "TELCHAQUILLO", "MONTO ASIGNADO (PESOS)": 1283450, "LATITUD": 20.646214, "LONGITUD": -89.463574 }, "geometry": { "type": "Point", "coordinates": [ -89.463574, 20.646214 ] } },
{ "type": "Feature", "properties": { "NO": 292, "ENTIDAD": "YUCATAN", "MUNICIPIO": "TECOH", "PUEBLO INDIGENA O AFROMEXICANO": "MAYA", "LOCALIDAD": "X-KANCHAKÁN", "CLAVE LOC": 310760013, "TIPO DE ASENTAMIENTO": "COMUNIDAD INDIGENA", "NOMBRE": "X-KANCHAKÁN", "MONTO ASIGNADO (PESOS)": 1528386, "LATITUD": 20.625269, "LONGITUD": -89.501362 }, "geometry": { "type": "Point", "coordinates": [ -89.501362, 20.625269 ] } },
{ "type": "Feature", "properties": { "NO": 293, "ENTIDAD": "YUCATAN", "MUNICIPIO": "TEKANTO", "PUEBLO INDIGENA O AFROMEXICANO": "MAYA", "LOCALIDAD": "SAN FRANCISCO DZÓN", "CLAVE LOC": 310780003, "TIPO DE ASENTAMIENTO": "COMUNIDAD INDIGENA", "NOMBRE": "SAN FRANCISCO DZÓN", "MONTO ASIGNADO (PESOS)": 243888, "LATITUD": 20.983139, "LONGITUD": -89.144466 }, "geometry": { "type": "Point", "coordinates": [ -89.144466, 20.983139 ] } },
{ "type": "Feature", "properties": { "NO": 294, "ENTIDAD": "YUCATAN", "MUNICIPIO": "TEKANTO", "PUEBLO INDIGENA O AFROMEXICANO": "MAYA", "LOCALIDAD": "TIXKOCHOH", "CLAVE LOC": 310780005, "TIPO DE ASENTAMIENTO": "COMUNIDAD INDIGENA", "NOMBRE": "TIXKOCHOH", "MONTO ASIGNADO (PESOS)": 374844, "LATITUD": 21.013889, "LONGITUD": -89.080686 }, "geometry": { "type": "Point", "coordinates": [ -89.080686, 21.013889 ] } },
{ "type": "Feature", "properties": { "NO": 295, "ENTIDAD": "YUCATAN", "MUNICIPIO": "TEKAX", "PUEBLO INDIGENA O AFROMEXICANO": "MAYA", "LOCALIDAD": "ALFONSO CASO", "CLAVE LOC": 310790009, "TIPO DE ASENTAMIENTO": "COMUNIDAD INDIGENA", "NOMBRE": "ALFONSO CASO", "MONTO ASIGNADO (PESOS)": 383736, "LATITUD": 20.07731, "LONGITUD": -89.147967 }, "geometry": { "type": "Point", "coordinates": [ -89.147967, 20.07731 ] } },
{ "type": "Feature", "properties": { "NO": 296, "ENTIDAD": "YUCATAN", "MUNICIPIO": "TEKAX", "PUEBLO INDIGENA O AFROMEXICANO": "MAYA", "LOCALIDAD": "AYIM DOS", "CLAVE LOC": 310790058, "TIPO DE ASENTAMIENTO": "COMUNIDAD INDIGENA", "NOMBRE": "AYIM DOS", "MONTO ASIGNADO (PESOS)": 123441, "LATITUD": 19.779325, "LONGITUD": -89.171882 }, "geometry": { "type": "Point", "coordinates": [ -89.171882, 19.779325 ] } },
{ "type": "Feature", "properties": { "NO": 297, "ENTIDAD": "YUCATAN", "MUNICIPIO": "TEKAX", "PUEBLO INDIGENA O AFROMEXICANO": "MAYA", "LOCALIDAD": "BECANCHÉN", "CLAVE LOC": 310790002, "TIPO DE ASENTAMIENTO": "COMUNIDAD INDIGENA", "NOMBRE": "BECANCHÉN", "MONTO ASIGNADO (PESOS)": 1663383, "LATITUD": 19.875559, "LONGITUD": -89.217105 }, "geometry": { "type": "Point", "coordinates": [ -89.217105, 19.875559 ] } },
{ "type": "Feature", "properties": { "NO": 298, "ENTIDAD": "YUCATAN", "MUNICIPIO": "TEKAX", "PUEBLO INDIGENA O AFROMEXICANO": "MAYA", "LOCALIDAD": "BENITO JUÁREZ", "CLAVE LOC": 310790085, "TIPO DE ASENTAMIENTO": "COMUNIDAD INDIGENA", "NOMBRE": "BENITO JUÁREZ", "MONTO ASIGNADO (PESOS)": 295624, "LATITUD": 19.917746, "LONGITUD": -89.499374 }, "geometry": { "type": "Point", "coordinates": [ -89.499374, 19.917746 ] } },
{ "type": "Feature", "properties": { "NO": 299, "ENTIDAD": "YUCATAN", "MUNICIPIO": "TEKAX", "PUEBLO INDIGENA O AFROMEXICANO": "MAYA", "LOCALIDAD": "CANDELARIA", "CLAVE LOC": 310790003, "TIPO DE ASENTAMIENTO": "COMUNIDAD INDIGENA", "NOMBRE": "CANDELARIA", "MONTO ASIGNADO (PESOS)": 104040, "LATITUD": 20.174028, "LONGITUD": -89.328547 }, "geometry": { "type": "Point", "coordinates": [ -89.328547, 20.174028 ] } },
{ "type": "Feature", "properties": { "NO": 300, "ENTIDAD": "YUCATAN", "MUNICIPIO": "TEKAX", "PUEBLO INDIGENA O AFROMEXICANO": "MAYA", "LOCALIDAD": "CANEK", "CLAVE LOC": 310790004, "TIPO DE ASENTAMIENTO": "COMUNIDAD INDIGENA", "NOMBRE": "CANEK", "MONTO ASIGNADO (PESOS)": 390203, "LATITUD": 20.200337, "LONGITUD": -89.329444 }, "geometry": { "type": "Point", "coordinates": [ -89.329444, 20.200337 ] } },
{ "type": "Feature", "properties": { "NO": 301, "ENTIDAD": "YUCATAN", "MUNICIPIO": "TEKAX", "PUEBLO INDIGENA O AFROMEXICANO": "MAYA", "LOCALIDAD": "CHACMULTÚN", "CLAVE LOC": 310790006, "TIPO DE ASENTAMIENTO": "COMUNIDAD INDIGENA", "NOMBRE": "CHACMULTÚN", "MONTO ASIGNADO (PESOS)": 180114, "LATITUD": 20.176291, "LONGITUD": -89.34393 }, "geometry": { "type": "Point", "coordinates": [ -89.34393, 20.176291 ] } },
{ "type": "Feature", "properties": { "NO": 302, "ENTIDAD": "YUCATAN", "MUNICIPIO": "TEKAX", "PUEBLO INDIGENA O AFROMEXICANO": "MAYA", "LOCALIDAD": "CHAN DZINUP", "CLAVE LOC": 310790048, "TIPO DE ASENTAMIENTO": "COMUNIDAD INDIGENA", "NOMBRE": "CHAN DZINUP", "MONTO ASIGNADO (PESOS)": 284306, "LATITUD": 19.871974, "LONGITUD": -89.481698 }, "geometry": { "type": "Point", "coordinates": [ -89.481698, 19.871974 ] } },
{ "type": "Feature", "properties": { "NO": 303, "ENTIDAD": "YUCATAN", "MUNICIPIO": "TEKAX", "PUEBLO INDIGENA O AFROMEXICANO": "MAYA", "LOCALIDAD": "JOSÉ LÓPEZ PORTILLO", "CLAVE LOC": 310790191, "TIPO DE ASENTAMIENTO": "COMUNIDAD INDIGENA", "NOMBRE": "JOSÉ LÓPEZ PORTILLO", "MONTO ASIGNADO (PESOS)": 104040, "LATITUD": 19.934256, "LONGITUD": -89.187691 }, "geometry": { "type": "Point", "coordinates": [ -89.187691, 19.934256 ] } },
{ "type": "Feature", "properties": { "NO": 304, "ENTIDAD": "YUCATAN", "MUNICIPIO": "TEKAX", "PUEBLO INDIGENA O AFROMEXICANO": "MAYA", "LOCALIDAD": "KANCAB", "CLAVE LOC": 310790010, "TIPO DE ASENTAMIENTO": "COMUNIDAD INDIGENA", "NOMBRE": "KANCAB", "MONTO ASIGNADO (PESOS)": 2765189, "LATITUD": 20.195786, "LONGITUD": -89.345789 }, "geometry": { "type": "Point", "coordinates": [ -89.345789, 20.195786 ] } },
{ "type": "Feature", "properties": { "NO": 305, "ENTIDAD": "YUCATAN", "MUNICIPIO": "TEKAX", "PUEBLO INDIGENA O AFROMEXICANO": "MAYA", "LOCALIDAD": "KANTEMÓ", "CLAVE LOC": 310790192, "TIPO DE ASENTAMIENTO": "LOCALIDAD CON POBLACION INDIGENA", "NOMBRE": "KANTEMÓ", "MONTO ASIGNADO (PESOS)": 488015, "LATITUD": 20.001079, "LONGITUD": -89.30814 }, "geometry": { "type": "Point", "coordinates": [ -89.30814, 20.001079 ] } },
{ "type": "Feature", "properties": { "NO": 306, "ENTIDAD": "YUCATAN", "MUNICIPIO": "TEKAX", "PUEBLO INDIGENA O AFROMEXICANO": "MAYA", "LOCALIDAD": "KINIL", "CLAVE LOC": 310790011, "TIPO DE ASENTAMIENTO": "COMUNIDAD INDIGENA", "NOMBRE": "KINIL", "MONTO ASIGNADO (PESOS)": 1106417, "LATITUD": 20.32387, "LONGITUD": -89.133481 }, "geometry": { "type": "Point", "coordinates": [ -89.133481, 20.32387 ] } },
{ "type": "Feature", "properties": { "NO": 307, "ENTIDAD": "YUCATAN", "MUNICIPIO": "TEKAX", "PUEBLO INDIGENA O AFROMEXICANO": "MAYA", "LOCALIDAD": "MAC-YAN (SAN ISIDRO MAC-YAN)", "CLAVE LOC": 310790027, "TIPO DE ASENTAMIENTO": "COMUNIDAD INDIGENA", "NOMBRE": "MAC-YAN (SAN ISIDRO MAC-YAN)", "MONTO ASIGNADO (PESOS)": 148501, "LATITUD": 19.832418, "LONGITUD": -89.418832 }, "geometry": { "type": "Point", "coordinates": [ -89.418832, 19.832418 ] } },
{ "type": "Feature", "properties": { "NO": 308, "ENTIDAD": "YUCATAN", "MUNICIPIO": "TEKAX", "PUEBLO INDIGENA O AFROMEXICANO": "MAYA", "LOCALIDAD": "MANUEL CEPEDA PERAZA", "CLAVE LOC": 310790005, "TIPO DE ASENTAMIENTO": "COMUNIDAD INDIGENA", "NOMBRE": "MANUEL CEPEDA PERAZA", "MONTO ASIGNADO (PESOS)": 573702, "LATITUD": 20.152255, "LONGITUD": -89.251507 }, "geometry": { "type": "Point", "coordinates": [ -89.251507, 20.152255 ] } },
{ "type": "Feature", "properties": { "NO": 309, "ENTIDAD": "YUCATAN", "MUNICIPIO": "TEKAX", "PUEBLO INDIGENA O AFROMEXICANO": "MAYA", "LOCALIDAD": "MESATUNICH", "CLAVE LOC": 310790196, "TIPO DE ASENTAMIENTO": "COMUNIDAD INDIGENA", "NOMBRE": "MESATUNICH", "MONTO ASIGNADO (PESOS)": 89664, "LATITUD": 19.810429, "LONGITUD": -89.418329 }, "geometry": { "type": "Point", "coordinates": [ -89.418329, 19.810429 ] } },
{ "type": "Feature", "properties": { "NO": 310, "ENTIDAD": "YUCATAN", "MUNICIPIO": "TEKAX", "PUEBLO INDIGENA O AFROMEXICANO": "MAYA", "LOCALIDAD": "MOCONTÚN", "CLAVE LOC": 310790120, "TIPO DE ASENTAMIENTO": "COMUNIDAD INDIGENA", "NOMBRE": "MOCONTÚN", "MONTO ASIGNADO (PESOS)": 84639, "LATITUD": 20.012408, "LONGITUD": -89.395102 }, "geometry": { "type": "Point", "coordinates": [ -89.395102, 20.012408 ] } },
{ "type": "Feature", "properties": { "NO": 311, "ENTIDAD": "YUCATAN", "MUNICIPIO": "TEKAX", "PUEBLO INDIGENA O AFROMEXICANO": "MAYA", "LOCALIDAD": "NOHALAL", "CLAVE LOC": 310790012, "TIPO DE ASENTAMIENTO": "COMUNIDAD INDIGENA", "NOMBRE": "NOHALAL", "MONTO ASIGNADO (PESOS)": 217781, "LATITUD": 19.792641, "LONGITUD": -89.332402 }, "geometry": { "type": "Point", "coordinates": [ -89.332402, 19.792641 ] } },
{ "type": "Feature", "properties": { "NO": 312, "ENTIDAD": "YUCATAN", "MUNICIPIO": "TEKAX", "PUEBLO INDIGENA O AFROMEXICANO": "MAYA", "LOCALIDAD": "NUEVA SANTA CRUZ (SANTA CRUZ CUTZÁ)", "CLAVE LOC": 310790031, "TIPO DE ASENTAMIENTO": "COMUNIDAD INDIGENA", "NOMBRE": "NUEVA SANTA CRUZ (SANTA CRUZ CUTZÁ)", "MONTO ASIGNADO (PESOS)": 145267, "LATITUD": 19.837496, "LONGITUD": -89.325649 }, "geometry": { "type": "Point", "coordinates": [ -89.325649, 19.837496 ] } },
{ "type": "Feature", "properties": { "NO": 313, "ENTIDAD": "YUCATAN", "MUNICIPIO": "TEKAX", "PUEBLO INDIGENA O AFROMEXICANO": "MAYA", "LOCALIDAD": "PENCUYUT", "CLAVE LOC": 310790015, "TIPO DE ASENTAMIENTO": "COMUNIDAD INDIGENA", "NOMBRE": "PENCUYUT", "MONTO ASIGNADO (PESOS)": 1540511, "LATITUD": 20.2923, "LONGITUD": -89.290503 }, "geometry": { "type": "Point", "coordinates": [ -89.290503, 20.2923 ] } },
{ "type": "Feature", "properties": { "NO": 314, "ENTIDAD": "YUCATAN", "MUNICIPIO": "TEKAX", "PUEBLO INDIGENA O AFROMEXICANO": "MAYA", "LOCALIDAD": "POCCHEIL", "CLAVE LOC": 310790202, "TIPO DE ASENTAMIENTO": "COMUNIDAD INDIGENA", "NOMBRE": "POCCHEIL", "MONTO ASIGNADO (PESOS)": 91106, "LATITUD": 19.782216, "LONGITUD": -89.361126 }, "geometry": { "type": "Point", "coordinates": [ -89.361126, 19.782216 ] } },
{ "type": "Feature", "properties": { "NO": 315, "ENTIDAD": "YUCATAN", "MUNICIPIO": "TEKAX", "PUEBLO INDIGENA O AFROMEXICANO": "MAYA", "LOCALIDAD": "POCOBOCH", "CLAVE LOC": 310790051, "TIPO DE ASENTAMIENTO": "COMUNIDAD INDIGENA", "NOMBRE": "POCOBOCH", "MONTO ASIGNADO (PESOS)": 159818, "LATITUD": 19.902626, "LONGITUD": -89.308513 }, "geometry": { "type": "Point", "coordinates": [ -89.308513, 19.902626 ] } },
{ "type": "Feature", "properties": { "NO": 316, "ENTIDAD": "YUCATAN", "MUNICIPIO": "TEKAX", "PUEBLO INDIGENA O AFROMEXICANO": "MAYA", "LOCALIDAD": "SACPUKENHÁ", "CLAVE LOC": 310790132, "TIPO DE ASENTAMIENTO": "COMUNIDAD INDIGENA", "NOMBRE": "SACPUKENHÁ", "MONTO ASIGNADO (PESOS)": 99714, "LATITUD": 19.893016, "LONGITUD": -89.154044 }, "geometry": { "type": "Point", "coordinates": [ -89.154044, 19.893016 ] } },
{ "type": "Feature", "properties": { "NO": 317, "ENTIDAD": "YUCATAN", "MUNICIPIO": "TEKAX", "PUEBLO INDIGENA O AFROMEXICANO": "MAYA", "LOCALIDAD": "SAN AGUSTÍN (SALVADOR ALVARADO)", "CLAVE LOC": 310790086, "TIPO DE ASENTAMIENTO": "COMUNIDAD INDIGENA", "NOMBRE": "SAN AGUSTÍN (SALVADOR ALVARADO)", "MONTO ASIGNADO (PESOS)": 218020, "LATITUD": 19.979488, "LONGITUD": -89.488381 }, "geometry": { "type": "Point", "coordinates": [ -89.488381, 19.979488 ] } },
{ "type": "Feature", "properties": { "NO": 318, "ENTIDAD": "YUCATAN", "MUNICIPIO": "TEKAX", "PUEBLO INDIGENA O AFROMEXICANO": "MAYA", "LOCALIDAD": "SAN ANASTACIO", "CLAVE LOC": 310790117, "TIPO DE ASENTAMIENTO": "LOCALIDAD CON POBLACION INDIGENA", "NOMBRE": "SAN ANASTACIO", "MONTO ASIGNADO (PESOS)": 120208, "LATITUD": 20.179138, "LONGITUD": -89.336291 }, "geometry": { "type": "Point", "coordinates": [ -89.336291, 20.179138 ] } },
{ "type": "Feature", "properties": { "NO": 319, "ENTIDAD": "YUCATAN", "MUNICIPIO": "TEKAX", "PUEBLO INDIGENA O AFROMEXICANO": "MAYA", "LOCALIDAD": "SAN ARTURO", "CLAVE LOC": 310790323, "TIPO DE ASENTAMIENTO": "LOCALIDAD CON POBLACION INDIGENA", "NOMBRE": "SAN ARTURO", "MONTO ASIGNADO (PESOS)": 93433, "LATITUD": 20.117579, "LONGITUD": -89.402394 }, "geometry": { "type": "Point", "coordinates": [ -89.402394, 20.117579 ] } },
{ "type": "Feature", "properties": { "NO": 320, "ENTIDAD": "YUCATAN", "MUNICIPIO": "TEKAX", "PUEBLO INDIGENA O AFROMEXICANO": "MAYA", "LOCALIDAD": "SAN DIEGO BUENAVISTA", "CLAVE LOC": 310790020, "TIPO DE ASENTAMIENTO": "COMUNIDAD INDIGENA", "NOMBRE": "SAN DIEGO BUENAVISTA", "MONTO ASIGNADO (PESOS)": 170326, "LATITUD": 19.859399, "LONGITUD": -89.29602 }, "geometry": { "type": "Point", "coordinates": [ -89.29602, 19.859399 ] } },
{ "type": "Feature", "properties": { "NO": 321, "ENTIDAD": "YUCATAN", "MUNICIPIO": "TEKAX", "PUEBLO INDIGENA O AFROMEXICANO": "MAYA", "LOCALIDAD": "SAN FELIPE SEGUNDO", "CLAVE LOC": 310790024, "TIPO DE ASENTAMIENTO": "COMUNIDAD INDIGENA", "NOMBRE": "SAN FELIPE SEGUNDO", "MONTO ASIGNADO (PESOS)": 130716, "LATITUD": 19.812247, "LONGITUD": -89.470222 }, "geometry": { "type": "Point", "coordinates": [ -89.470222, 19.812247 ] } },
{ "type": "Feature", "properties": { "NO": 322, "ENTIDAD": "YUCATAN", "MUNICIPIO": "TEKAX", "PUEBLO INDIGENA O AFROMEXICANO": "MAYA", "LOCALIDAD": "SAN ISIDRO YAXCHÉ", "CLAVE LOC": 310790062, "TIPO DE ASENTAMIENTO": "COMUNIDAD INDIGENA", "NOMBRE": "SAN ISIDRO YAXCHÉ", "MONTO ASIGNADO (PESOS)": 131525, "LATITUD": 19.876973, "LONGITUD": -89.438685 }, "geometry": { "type": "Point", "coordinates": [ -89.438685, 19.876973 ] } },
{ "type": "Feature", "properties": { "NO": 323, "ENTIDAD": "YUCATAN", "MUNICIPIO": "TEKAX", "PUEBLO INDIGENA O AFROMEXICANO": "MAYA", "LOCALIDAD": "SAN JORGE", "CLAVE LOC": 310790220, "TIPO DE ASENTAMIENTO": "COMUNIDAD INDIGENA", "NOMBRE": "SAN JORGE", "MONTO ASIGNADO (PESOS)": 87064, "LATITUD": 19.728922, "LONGITUD": -89.468434 }, "geometry": { "type": "Point", "coordinates": [ -89.468434, 19.728922 ] } },
{ "type": "Feature", "properties": { "NO": 324, "ENTIDAD": "YUCATAN", "MUNICIPIO": "TEKAX", "PUEBLO INDIGENA O AFROMEXICANO": "MAYA", "LOCALIDAD": "SAN JUAN TEKAX", "CLAVE LOC": 310790046, "TIPO DE ASENTAMIENTO": "COMUNIDAD INDIGENA", "NOMBRE": "SAN JUAN TEKAX", "MONTO ASIGNADO (PESOS)": 198619, "LATITUD": 19.715025, "LONGITUD": -89.441858 }, "geometry": { "type": "Point", "coordinates": [ -89.441858, 19.715025 ] } },
{ "type": "Feature", "properties": { "NO": 325, "ENTIDAD": "YUCATAN", "MUNICIPIO": "TEKAX", "PUEBLO INDIGENA O AFROMEXICANO": "MAYA", "LOCALIDAD": "SAN LUIS", "CLAVE LOC": 310790297, "TIPO DE ASENTAMIENTO": "LOCALIDAD CON POBLACION INDIGENA", "NOMBRE": "SAN LUIS", "MONTO ASIGNADO (PESOS)": 118591, "LATITUD": 20.180159, "LONGITUD": -89.338183 }, "geometry": { "type": "Point", "coordinates": [ -89.338183, 20.180159 ] } },
{ "type": "Feature", "properties": { "NO": 326, "ENTIDAD": "YUCATAN", "MUNICIPIO": "TEKAX", "PUEBLO INDIGENA O AFROMEXICANO": "MAYA", "LOCALIDAD": "SAN MARCELINO", "CLAVE LOC": 310790124, "TIPO DE ASENTAMIENTO": "COMUNIDAD INDIGENA", "NOMBRE": "SAN MARCELINO", "MONTO ASIGNADO (PESOS)": 111021, "LATITUD": 20.181877, "LONGITUD": -89.357347 }, "geometry": { "type": "Point", "coordinates": [ -89.357347, 20.181877 ] } },
{ "type": "Feature", "properties": { "NO": 327, "ENTIDAD": "YUCATAN", "MUNICIPIO": "TEKAX", "PUEBLO INDIGENA O AFROMEXICANO": "MAYA", "LOCALIDAD": "SAN MARCOS", "CLAVE LOC": 310790232, "TIPO DE ASENTAMIENTO": "COMUNIDAD INDIGENA", "NOMBRE": "SAN MARCOS", "MONTO ASIGNADO (PESOS)": 248738, "LATITUD": 20.196713, "LONGITUD": -89.325219 }, "geometry": { "type": "Point", "coordinates": [ -89.325219, 20.196713 ] } },
{ "type": "Feature", "properties": { "NO": 328, "ENTIDAD": "YUCATAN", "MUNICIPIO": "TEKAX", "PUEBLO INDIGENA O AFROMEXICANO": "MAYA", "LOCALIDAD": "SAN MARCOS", "CLAVE LOC": 310790231, "TIPO DE ASENTAMIENTO": "COMUNIDAD INDIGENA", "NOMBRE": "SAN MARCOS", "MONTO ASIGNADO (PESOS)": 84639, "LATITUD": 19.99563, "LONGITUD": -89.20938 }, "geometry": { "type": "Point", "coordinates": [ -89.20938, 19.99563 ] } },
{ "type": "Feature", "properties": { "NO": 329, "ENTIDAD": "YUCATAN", "MUNICIPIO": "TEKAX", "PUEBLO INDIGENA O AFROMEXICANO": "MAYA", "LOCALIDAD": "SAN MARTÍN HILI (KICHMÓ)", "CLAVE LOC": 310790044, "TIPO DE ASENTAMIENTO": "COMUNIDAD INDIGENA", "NOMBRE": "SAN MARTÍN HILI (KICHMÓ)", "MONTO ASIGNADO (PESOS)": 144459, "LATITUD": 19.903888, "LONGITUD": -89.524959 }, "geometry": { "type": "Point", "coordinates": [ -89.524959, 19.903888 ] } },
{ "type": "Feature", "properties": { "NO": 330, "ENTIDAD": "YUCATAN", "MUNICIPIO": "TEKAX", "PUEBLO INDIGENA O AFROMEXICANO": "MAYA", "LOCALIDAD": "SAN PEDRO DZULÁ", "CLAVE LOC": 310790087, "TIPO DE ASENTAMIENTO": "COMUNIDAD INDIGENA", "NOMBRE": "SAN PEDRO DZULÁ", "MONTO ASIGNADO (PESOS)": 235389, "LATITUD": 19.91691, "LONGITUD": -89.523764 }, "geometry": { "type": "Point", "coordinates": [ -89.523764, 19.91691 ] } },
{ "type": "Feature", "properties": { "NO": 331, "ENTIDAD": "YUCATAN", "MUNICIPIO": "TEKAX", "PUEBLO INDIGENA O AFROMEXICANO": "MAYA", "LOCALIDAD": "SAN SALVADOR", "CLAVE LOC": 310790063, "TIPO DE ASENTAMIENTO": "COMUNIDAD INDIGENA", "NOMBRE": "SAN SALVADOR", "MONTO ASIGNADO (PESOS)": 111316, "LATITUD": 19.870736, "LONGITUD": -89.428389 }, "geometry": { "type": "Point", "coordinates": [ -89.428389, 19.870736 ] } },
{ "type": "Feature", "properties": { "NO": 332, "ENTIDAD": "YUCATAN", "MUNICIPIO": "TEKAX", "PUEBLO INDIGENA O AFROMEXICANO": "MAYA", "LOCALIDAD": "SUDZAL CHICO", "CLAVE LOC": 310790207, "TIPO DE ASENTAMIENTO": "COMUNIDAD INDIGENA", "NOMBRE": "SUDZAL CHICO", "MONTO ASIGNADO (PESOS)": 213170, "LATITUD": 19.710217, "LONGITUD": -89.103487 }, "geometry": { "type": "Point", "coordinates": [ -89.103487, 19.710217 ] } },
{ "type": "Feature", "properties": { "NO": 333, "ENTIDAD": "YUCATAN", "MUNICIPIO": "TEKAX", "PUEBLO INDIGENA O AFROMEXICANO": "MAYA", "LOCALIDAD": "TICUM", "CLAVE LOC": 310790033, "TIPO DE ASENTAMIENTO": "COMUNIDAD INDIGENA", "NOMBRE": "TICUM", "MONTO ASIGNADO (PESOS)": 952019, "LATITUD": 20.148968, "LONGITUD": -89.216977 }, "geometry": { "type": "Point", "coordinates": [ -89.216977, 20.148968 ] } },
{ "type": "Feature", "properties": { "NO": 334, "ENTIDAD": "YUCATAN", "MUNICIPIO": "TEKAX", "PUEBLO INDIGENA O AFROMEXICANO": "MAYA", "LOCALIDAD": "TIXCUYTÚN", "CLAVE LOC": 310790034, "TIPO DE ASENTAMIENTO": "COMUNIDAD INDIGENA", "NOMBRE": "TIXCUYTÚN", "MONTO ASIGNADO (PESOS)": 532476, "LATITUD": 20.209148, "LONGITUD": -89.20443 }, "geometry": { "type": "Point", "coordinates": [ -89.20443, 20.209148 ] } },
{ "type": "Feature", "properties": { "NO": 335, "ENTIDAD": "YUCATAN", "MUNICIPIO": "TEKAX", "PUEBLO INDIGENA O AFROMEXICANO": "MAYA", "LOCALIDAD": "TZEKELHALTÚN", "CLAVE LOC": 310790035, "TIPO DE ASENTAMIENTO": "COMUNIDAD INDIGENA", "NOMBRE": "TZEKELHALTÚN", "MONTO ASIGNADO (PESOS)": 88681, "LATITUD": 20.180549, "LONGITUD": -89.372802 }, "geometry": { "type": "Point", "coordinates": [ -89.372802, 20.180549 ] } },
{ "type": "Feature", "properties": { "NO": 336, "ENTIDAD": "YUCATAN", "MUNICIPIO": "TEKAX", "PUEBLO INDIGENA O AFROMEXICANO": "MAYA", "LOCALIDAD": "XAYA", "CLAVE LOC": 310790036, "TIPO DE ASENTAMIENTO": "COMUNIDAD INDIGENA", "NOMBRE": "XAYA", "MONTO ASIGNADO (PESOS)": 1843649, "LATITUD": 20.296309, "LONGITUD": -89.187258 }, "geometry": { "type": "Point", "coordinates": [ -89.187258, 20.296309 ] } },
{ "type": "Feature", "properties": { "NO": 337, "ENTIDAD": "YUCATAN", "MUNICIPIO": "TEKAX", "PUEBLO INDIGENA O AFROMEXICANO": "MAYA", "LOCALIDAD": "YALCOBÁ NUEVO", "CLAVE LOC": 310790088, "TIPO DE ASENTAMIENTO": "COMUNIDAD INDIGENA", "NOMBRE": "YALCOBÁ NUEVO", "MONTO ASIGNADO (PESOS)": 161271, "LATITUD": 19.891146, "LONGITUD": -89.577237 }, "geometry": { "type": "Point", "coordinates": [ -89.577237, 19.891146 ] } },
{ "type": "Feature", "properties": { "NO": 338, "ENTIDAD": "YUCATAN", "MUNICIPIO": "TEKOM", "PUEBLO INDIGENA O AFROMEXICANO": "MAYA", "LOCALIDAD": "CHIBILUB", "CLAVE LOC": 310810002, "TIPO DE ASENTAMIENTO": "COMUNIDAD INDIGENA", "NOMBRE": "CHIBILUB", "MONTO ASIGNADO (PESOS)": 391164, "LATITUD": 20.437099, "LONGITUD": -88.39393 }, "geometry": { "type": "Point", "coordinates": [ -88.39393, 20.437099 ] } },
{ "type": "Feature", "properties": { "NO": 339, "ENTIDAD": "YUCATAN", "MUNICIPIO": "TEKOM", "PUEBLO INDIGENA O AFROMEXICANO": "MAYA", "LOCALIDAD": "POCBICHÉN", "CLAVE LOC": 310810013, "TIPO DE ASENTAMIENTO": "COMUNIDAD INDIGENA", "NOMBRE": "POCBICHÉN", "MONTO ASIGNADO (PESOS)": 179219, "LATITUD": 20.462349, "LONGITUD": -88.481817 }, "geometry": { "type": "Point", "coordinates": [ -88.481817, 20.462349 ] } },
{ "type": "Feature", "properties": { "NO": 340, "ENTIDAD": "YUCATAN", "MUNICIPIO": "TEKOM", "PUEBLO INDIGENA O AFROMEXICANO": "MAYA", "LOCALIDAD": "TEKOM", "CLAVE LOC": 310810001, "TIPO DE ASENTAMIENTO": "COMUNIDAD INDIGENA", "NOMBRE": "TEKOM", "MONTO ASIGNADO (PESOS)": 699924, "LATITUD": 20.602225, "LONGITUD": -88.264438 }, "geometry": { "type": "Point", "coordinates": [ -88.264438, 20.602225 ] } },
{ "type": "Feature", "properties": { "NO": 341, "ENTIDAD": "YUCATAN", "MUNICIPIO": "TEKOM", "PUEBLO INDIGENA O AFROMEXICANO": "MAYA", "LOCALIDAD": "X-COCMIL", "CLAVE LOC": 310810011, "TIPO DE ASENTAMIENTO": "COMUNIDAD INDIGENA", "NOMBRE": "X-COCMIL", "MONTO ASIGNADO (PESOS)": 188919, "LATITUD": 20.345551, "LONGITUD": -88.485731 }, "geometry": { "type": "Point", "coordinates": [ -88.485731, 20.345551 ] } },
{ "type": "Feature", "properties": { "NO": 342, "ENTIDAD": "YUCATAN", "MUNICIPIO": "TEKOM", "PUEBLO INDIGENA O AFROMEXICANO": "MAYA", "LOCALIDAD": "XUXCÁB", "CLAVE LOC": 310810014, "TIPO DE ASENTAMIENTO": "COMUNIDAD INDIGENA", "NOMBRE": "XUXCÁB", "MONTO ASIGNADO (PESOS)": 128291, "LATITUD": 20.447244, "LONGITUD": -88.456483 }, "geometry": { "type": "Point", "coordinates": [ -88.456483, 20.447244 ] } },
{ "type": "Feature", "properties": { "NO": 343, "ENTIDAD": "YUCATAN", "MUNICIPIO": "TEMAX", "PUEBLO INDIGENA O AFROMEXICANO": "MAYA", "LOCALIDAD": "CHENCHÉ DE LAS TORRES", "CLAVE LOC": 310840003, "TIPO DE ASENTAMIENTO": "COMUNIDAD INDIGENA", "NOMBRE": "CHENCHÉ DE LAS TORRES", "MONTO ASIGNADO (PESOS)": 289157, "LATITUD": 21.130212, "LONGITUD": -88.981273 }, "geometry": { "type": "Point", "coordinates": [ -88.981273, 21.130212 ] } },
{ "type": "Feature", "properties": { "NO": 344, "ENTIDAD": "YUCATAN", "MUNICIPIO": "TEMAX", "PUEBLO INDIGENA O AFROMEXICANO": "MAYA", "LOCALIDAD": "SAN ANTONIO CÁMARA", "CLAVE LOC": 310840005, "TIPO DE ASENTAMIENTO": "COMUNIDAD INDIGENA", "NOMBRE": "SAN ANTONIO CÁMARA", "MONTO ASIGNADO (PESOS)": 283498, "LATITUD": 21.180064, "LONGITUD": -88.859668 }, "geometry": { "type": "Point", "coordinates": [ -88.859668, 21.180064 ] } },
{ "type": "Feature", "properties": { "NO": 345, "ENTIDAD": "YUCATAN", "MUNICIPIO": "TEMOZON", "PUEBLO INDIGENA O AFROMEXICANO": "MAYA", "LOCALIDAD": "ACTUNCOH", "CLAVE LOC": 310850002, "TIPO DE ASENTAMIENTO": "COMUNIDAD INDIGENA", "NOMBRE": "ACTUNCOH", "MONTO ASIGNADO (PESOS)": 492865, "LATITUD": 20.916311, "LONGITUD": -88.112578 }, "geometry": { "type": "Point", "coordinates": [ -88.112578, 20.916311 ] } },
{ "type": "Feature", "properties": { "NO": 346, "ENTIDAD": "YUCATAN", "MUNICIPIO": "TEMOZON", "PUEBLO INDIGENA O AFROMEXICANO": "MAYA", "LOCALIDAD": "DZALBAY", "CLAVE LOC": 310850016, "TIPO DE ASENTAMIENTO": "COMUNIDAD INDIGENA", "NOMBRE": "DZALBAY", "MONTO ASIGNADO (PESOS)": 611696, "LATITUD": 20.834798, "LONGITUD": -88.053159 }, "geometry": { "type": "Point", "coordinates": [ -88.053159, 20.834798 ] } },
{ "type": "Feature", "properties": { "NO": 347, "ENTIDAD": "YUCATAN", "MUNICIPIO": "TEMOZON", "PUEBLO INDIGENA O AFROMEXICANO": "MAYA", "LOCALIDAD": "EKBALAM", "CLAVE LOC": 310850178, "TIPO DE ASENTAMIENTO": "COMUNIDAD INDIGENA", "NOMBRE": "EKBALAM", "MONTO ASIGNADO (PESOS)": 386969, "LATITUD": 20.892082, "LONGITUD": -88.145763 }, "geometry": { "type": "Point", "coordinates": [ -88.145763, 20.892082 ] } },
{ "type": "Feature", "properties": { "NO": 348, "ENTIDAD": "YUCATAN", "MUNICIPIO": "TEMOZON", "PUEBLO INDIGENA O AFROMEXICANO": "MAYA", "LOCALIDAD": "HUNUKÚ", "CLAVE LOC": 310850021, "TIPO DE ASENTAMIENTO": "COMUNIDAD INDIGENA", "NOMBRE": "HUNUKÚ", "MONTO ASIGNADO (PESOS)": 2945456, "LATITUD": 20.851845, "LONGITUD": -88.090576 }, "geometry": { "type": "Point", "coordinates": [ -88.090576, 20.851845 ] } },
{ "type": "Feature", "properties": { "NO": 349, "ENTIDAD": "YUCATAN", "MUNICIPIO": "TEMOZON", "PUEBLO INDIGENA O AFROMEXICANO": "MAYA", "LOCALIDAD": "NAHBALAM", "CLAVE LOC": 310850030, "TIPO DE ASENTAMIENTO": "COMUNIDAD INDIGENA", "NOMBRE": "NAHBALAM", "MONTO ASIGNADO (PESOS)": 1979455, "LATITUD": 20.935401, "LONGITUD": -88.008902 }, "geometry": { "type": "Point", "coordinates": [ -88.008902, 20.935401 ] } },
{ "type": "Feature", "properties": { "NO": 350, "ENTIDAD": "YUCATAN", "MUNICIPIO": "TEMOZON", "PUEBLO INDIGENA O AFROMEXICANO": "MAYA", "LOCALIDAD": "SANTA RITA", "CLAVE LOC": 310850057, "TIPO DE ASENTAMIENTO": "COMUNIDAD INDIGENA", "NOMBRE": "SANTA RITA", "MONTO ASIGNADO (PESOS)": 513883, "LATITUD": 20.861294, "LONGITUD": -88.145953 }, "geometry": { "type": "Point", "coordinates": [ -88.145953, 20.861294 ] } },
{ "type": "Feature", "properties": { "NO": 351, "ENTIDAD": "YUCATAN", "MUNICIPIO": "TEMOZON", "PUEBLO INDIGENA O AFROMEXICANO": "MAYA", "LOCALIDAD": "X-KANCHECHÉN", "CLAVE LOC": 310850024, "TIPO DE ASENTAMIENTO": "COMUNIDAD INDIGENA", "NOMBRE": "X-KANCHECHÉN", "MONTO ASIGNADO (PESOS)": 154989, "LATITUD": 20.884536, "LONGITUD": -88.01862 }, "geometry": { "type": "Point", "coordinates": [ -88.01862, 20.884536 ] } },
{ "type": "Feature", "properties": { "NO": 352, "ENTIDAD": "YUCATAN", "MUNICIPIO": "TEMOZON", "PUEBLO INDIGENA O AFROMEXICANO": "MAYA", "LOCALIDAD": "X'TUT", "CLAVE LOC": 310850094, "TIPO DE ASENTAMIENTO": "COMUNIDAD INDIGENA", "NOMBRE": "X'TUT", "MONTO ASIGNADO (PESOS)": 319066, "LATITUD": 20.867011, "LONGITUD": -87.965482 }, "geometry": { "type": "Point", "coordinates": [ -87.965482, 20.867011 ] } },
{ "type": "Feature", "properties": { "NO": 353, "ENTIDAD": "YUCATAN", "MUNICIPIO": "TEMOZON", "PUEBLO INDIGENA O AFROMEXICANO": "MAYA", "LOCALIDAD": "X-UCH", "CLAVE LOC": 310850095, "TIPO DE ASENTAMIENTO": "COMUNIDAD INDIGENA", "NOMBRE": "X-UCH", "MONTO ASIGNADO (PESOS)": 499093, "LATITUD": 20.80533, "LONGITUD": -88.135986 }, "geometry": { "type": "Point", "coordinates": [ -88.135986, 20.80533 ] } },
{ "type": "Feature", "properties": { "NO": 354, "ENTIDAD": "YUCATAN", "MUNICIPIO": "TEMOZON", "PUEBLO INDIGENA O AFROMEXICANO": "MAYA", "LOCALIDAD": "YOKDZONOT PRESENTADO", "CLAVE LOC": 310850285, "TIPO DE ASENTAMIENTO": "COMUNIDAD INDIGENA", "NOMBRE": "YOKDZONOT PRESENTADO", "MONTO ASIGNADO (PESOS)": 487207, "LATITUD": 20.940794, "LONGITUD": -87.858596 }, "geometry": { "type": "Point", "coordinates": [ -87.858596, 20.940794 ] } },
{ "type": "Feature", "properties": { "NO": 355, "ENTIDAD": "YUCATAN", "MUNICIPIO": "TEPAKAN", "PUEBLO INDIGENA O AFROMEXICANO": "MAYA", "LOCALIDAD": "KANTIRIX", "CLAVE LOC": 310860002, "TIPO DE ASENTAMIENTO": "COMUNIDAD INDIGENA", "NOMBRE": "KANTIRIX", "MONTO ASIGNADO (PESOS)": 229337, "LATITUD": 21.031076, "LONGITUD": -89.030791 }, "geometry": { "type": "Point", "coordinates": [ -89.030791, 21.031076 ] } },
{ "type": "Feature", "properties": { "NO": 356, "ENTIDAD": "YUCATAN", "MUNICIPIO": "TETIZ", "PUEBLO INDIGENA O AFROMEXICANO": "MAYA", "LOCALIDAD": "NOHUAYÚN", "CLAVE LOC": 310870002, "TIPO DE ASENTAMIENTO": "COMUNIDAD INDIGENA", "NOMBRE": "NOHUAYÚN", "MONTO ASIGNADO (PESOS)": 810554, "LATITUD": 20.974718, "LONGITUD": -89.969038 }, "geometry": { "type": "Point", "coordinates": [ -89.969038, 20.974718 ] } },
{ "type": "Feature", "properties": { "NO": 357, "ENTIDAD": "YUCATAN", "MUNICIPIO": "TIMUCUY", "PUEBLO INDIGENA O AFROMEXICANO": "MAYA", "LOCALIDAD": "SUBINCANCAB", "CLAVE LOC": 310900002, "TIPO DE ASENTAMIENTO": "COMUNIDAD INDIGENA", "NOMBRE": "SUBINCANCAB", "MONTO ASIGNADO (PESOS)": 1008605, "LATITUD": 20.867082, "LONGITUD": -89.531803 }, "geometry": { "type": "Point", "coordinates": [ -89.531803, 20.867082 ] } },
{ "type": "Feature", "properties": { "NO": 358, "ENTIDAD": "YUCATAN", "MUNICIPIO": "TIMUCUY", "PUEBLO INDIGENA O AFROMEXICANO": "MAYA", "LOCALIDAD": "TEKIK DE REGIL", "CLAVE LOC": 310900003, "TIPO DE ASENTAMIENTO": "COMUNIDAD INDIGENA", "NOMBRE": "TEKIK DE REGIL", "MONTO ASIGNADO (PESOS)": 1766046, "LATITUD": 20.81711, "LONGITUD": -89.560624 }, "geometry": { "type": "Point", "coordinates": [ -89.560624, 20.81711 ] } },
{ "type": "Feature", "properties": { "NO": 359, "ENTIDAD": "YUCATAN", "MUNICIPIO": "TINUM", "PUEBLO INDIGENA O AFROMEXICANO": "MAYA", "LOCALIDAD": "LOP-XUL", "CLAVE LOC": 310910005, "TIPO DE ASENTAMIENTO": "COMUNIDAD INDIGENA", "NOMBRE": "LOP-XUL", "MONTO ASIGNADO (PESOS)": 126096, "LATITUD": 20.669159, "LONGITUD": -88.450588 }, "geometry": { "type": "Point", "coordinates": [ -88.450588, 20.669159 ] } },
{ "type": "Feature", "properties": { "NO": 360, "ENTIDAD": "YUCATAN", "MUNICIPIO": "TINUM", "PUEBLO INDIGENA O AFROMEXICANO": "MAYA", "LOCALIDAD": "SAN FELIPE", "CLAVE LOC": 310910008, "TIPO DE ASENTAMIENTO": "COMUNIDAD INDIGENA", "NOMBRE": "SAN FELIPE", "MONTO ASIGNADO (PESOS)": 161434, "LATITUD": 20.666944, "LONGITUD": -88.511805 }, "geometry": { "type": "Point", "coordinates": [ -88.511805, 20.666944 ] } },
{ "type": "Feature", "properties": { "NO": 361, "ENTIDAD": "YUCATAN", "MUNICIPIO": "TINUM", "PUEBLO INDIGENA O AFROMEXICANO": "MAYA", "LOCALIDAD": "SAN FELIPE NUEVO", "CLAVE LOC": 310910021, "TIPO DE ASENTAMIENTO": "COMUNIDAD INDIGENA", "NOMBRE": "SAN FELIPE NUEVO", "MONTO ASIGNADO (PESOS)": 139608, "LATITUD": 20.683724, "LONGITUD": -88.562932 }, "geometry": { "type": "Point", "coordinates": [ -88.562932, 20.683724 ] } },
{ "type": "Feature", "properties": { "NO": 362, "ENTIDAD": "YUCATAN", "MUNICIPIO": "TINUM", "PUEBLO INDIGENA O AFROMEXICANO": "MAYA", "LOCALIDAD": "SAN FRANCISCO GRANDE", "CLAVE LOC": 310910009, "TIPO DE ASENTAMIENTO": "COMUNIDAD INDIGENA", "NOMBRE": "SAN FRANCISCO GRANDE", "MONTO ASIGNADO (PESOS)": 1534044, "LATITUD": 20.70104, "LONGITUD": -88.47229 }, "geometry": { "type": "Point", "coordinates": [ -88.47229, 20.70104 ] } },
{ "type": "Feature", "properties": { "NO": 363, "ENTIDAD": "YUCATAN", "MUNICIPIO": "TINUM", "PUEBLO INDIGENA O AFROMEXICANO": "MAYA", "LOCALIDAD": "TOHOPKÚ", "CLAVE LOC": 310910011, "TIPO DE ASENTAMIENTO": "COMUNIDAD INDIGENA", "NOMBRE": "TOHOPKÚ", "MONTO ASIGNADO (PESOS)": 631097, "LATITUD": 20.653969, "LONGITUD": -88.464103 }, "geometry": { "type": "Point", "coordinates": [ -88.464103, 20.653969 ] } },
{ "type": "Feature", "properties": { "NO": 364, "ENTIDAD": "YUCATAN", "MUNICIPIO": "TINUM", "PUEBLO INDIGENA O AFROMEXICANO": "MAYA", "LOCALIDAD": "X-CALAKOOP", "CLAVE LOC": 310910012, "TIPO DE ASENTAMIENTO": "COMUNIDAD INDIGENA", "NOMBRE": "X-CALAKOOP", "MONTO ASIGNADO (PESOS)": 1292342, "LATITUD": 20.652138, "LONGITUD": -88.526474 }, "geometry": { "type": "Point", "coordinates": [ -88.526474, 20.652138 ] } },
{ "type": "Feature", "properties": { "NO": 365, "ENTIDAD": "YUCATAN", "MUNICIPIO": "TIXCACALCUPUL", "PUEBLO INDIGENA O AFROMEXICANO": "MAYA", "LOCALIDAD": "CAROLINA", "CLAVE LOC": 310920002, "TIPO DE ASENTAMIENTO": "COMUNIDAD INDIGENA", "NOMBRE": "CAROLINA", "MONTO ASIGNADO (PESOS)": 146196, "LATITUD": 20.358019, "LONGITUD": -88.301792 }, "geometry": { "type": "Point", "coordinates": [ -88.301792, 20.358019 ] } },
{ "type": "Feature", "properties": { "NO": 366, "ENTIDAD": "YUCATAN", "MUNICIPIO": "TIXCACALCUPUL", "PUEBLO INDIGENA O AFROMEXICANO": "MAYA", "LOCALIDAD": "EKPEDZ", "CLAVE LOC": 310920004, "TIPO DE ASENTAMIENTO": "COMUNIDAD INDIGENA", "NOMBRE": "EKPEDZ", "MONTO ASIGNADO (PESOS)": 1391771, "LATITUD": 20.317184, "LONGITUD": -88.430329 }, "geometry": { "type": "Point", "coordinates": [ -88.430329, 20.317184 ] } },
{ "type": "Feature", "properties": { "NO": 367, "ENTIDAD": "YUCATAN", "MUNICIPIO": "TIXCACALCUPUL", "PUEBLO INDIGENA O AFROMEXICANO": "MAYA", "LOCALIDAD": "MAHAS", "CLAVE LOC": 310920007, "TIPO DE ASENTAMIENTO": "COMUNIDAD INDIGENA", "NOMBRE": "MAHAS", "MONTO ASIGNADO (PESOS)": 454064, "LATITUD": 20.31121, "LONGITUD": -88.331892 }, "geometry": { "type": "Point", "coordinates": [ -88.331892, 20.31121 ] } },
{ "type": "Feature", "properties": { "NO": 368, "ENTIDAD": "YUCATAN", "MUNICIPIO": "TIXCACALCUPUL", "PUEBLO INDIGENA O AFROMEXICANO": "MAYA", "LOCALIDAD": "POOP", "CLAVE LOC": 310920009, "TIPO DE ASENTAMIENTO": "COMUNIDAD INDIGENA", "NOMBRE": "POOP", "MONTO ASIGNADO (PESOS)": 550260, "LATITUD": 20.330743, "LONGITUD": -88.401195 }, "geometry": { "type": "Point", "coordinates": [ -88.401195, 20.330743 ] } },
{ "type": "Feature", "properties": { "NO": 369, "ENTIDAD": "YUCATAN", "MUNICIPIO": "TIXCACALCUPUL", "PUEBLO INDIGENA O AFROMEXICANO": "MAYA", "LOCALIDAD": "SAN JOSÉ", "CLAVE LOC": 310920023, "TIPO DE ASENTAMIENTO": "COMUNIDAD INDIGENA", "NOMBRE": "SAN JOSÉ", "MONTO ASIGNADO (PESOS)": 562385, "LATITUD": 20.356117, "LONGITUD": -88.415439 }, "geometry": { "type": "Point", "coordinates": [ -88.415439, 20.356117 ] } },
{ "type": "Feature", "properties": { "NO": 370, "ENTIDAD": "YUCATAN", "MUNICIPIO": "TIXCACALCUPUL", "PUEBLO INDIGENA O AFROMEXICANO": "MAYA", "LOCALIDAD": "TIXCACALCUPUL", "CLAVE LOC": 310920001, "TIPO DE ASENTAMIENTO": "COMUNIDAD INDIGENA", "NOMBRE": "TIXCACALCUPUL", "MONTO ASIGNADO (PESOS)": 3431285, "LATITUD": 20.537088, "LONGITUD": -88.270266 }, "geometry": { "type": "Point", "coordinates": [ -88.270266, 20.537088 ] } },
{ "type": "Feature", "properties": { "NO": 371, "ENTIDAD": "YUCATAN", "MUNICIPIO": "TIXCACALCUPUL", "PUEBLO INDIGENA O AFROMEXICANO": "MAYA", "LOCALIDAD": "X-TOHBIL", "CLAVE LOC": 310920019, "TIPO DE ASENTAMIENTO": "COMUNIDAD INDIGENA", "NOMBRE": "X-TOHBIL", "MONTO ASIGNADO (PESOS)": 412029, "LATITUD": 20.304388, "LONGITUD": -88.268297 }, "geometry": { "type": "Point", "coordinates": [ -88.268297, 20.304388 ] } },
{ "type": "Feature", "properties": { "NO": 372, "ENTIDAD": "YUCATAN", "MUNICIPIO": "TIXKOKOB", "PUEBLO INDIGENA O AFROMEXICANO": "MAYA", "LOCALIDAD": "EKMUL", "CLAVE LOC": 310930004, "TIPO DE ASENTAMIENTO": "COMUNIDAD INDIGENA", "NOMBRE": "EKMUL", "MONTO ASIGNADO (PESOS)": 1946312, "LATITUD": 20.965338, "LONGITUD": -89.348985 }, "geometry": { "type": "Point", "coordinates": [ -89.348985, 20.965338 ] } },
{ "type": "Feature", "properties": { "NO": 373, "ENTIDAD": "YUCATAN", "MUNICIPIO": "TIXKOKOB", "PUEBLO INDIGENA O AFROMEXICANO": "MAYA", "LOCALIDAD": "EUÁN", "CLAVE LOC": 310930005, "TIPO DE ASENTAMIENTO": "COMUNIDAD INDIGENA", "NOMBRE": "EUÁN", "MONTO ASIGNADO (PESOS)": 1128243, "LATITUD": 20.9979, "LONGITUD": -89.341876 }, "geometry": { "type": "Point", "coordinates": [ -89.341876, 20.9979 ] } },
{ "type": "Feature", "properties": { "NO": 374, "ENTIDAD": "YUCATAN", "MUNICIPIO": "TIXKOKOB", "PUEBLO INDIGENA O AFROMEXICANO": "MAYA", "LOCALIDAD": "HUBILÁ", "CLAVE LOC": 310930006, "TIPO DE ASENTAMIENTO": "COMUNIDAD INDIGENA", "NOMBRE": "HUBILÁ", "MONTO ASIGNADO (PESOS)": 274606, "LATITUD": 20.926243, "LONGITUD": -89.33468 }, "geometry": { "type": "Point", "coordinates": [ -89.33468, 20.926243 ] } },
{ "type": "Feature", "properties": { "NO": 375, "ENTIDAD": "YUCATAN", "MUNICIPIO": "TIXKOKOB", "PUEBLO INDIGENA O AFROMEXICANO": "MAYA", "LOCALIDAD": "NOLO", "CLAVE LOC": 310930009, "TIPO DE ASENTAMIENTO": "COMUNIDAD INDIGENA", "NOMBRE": "NOLO", "MONTO ASIGNADO (PESOS)": 1369945, "LATITUD": 21.009161, "LONGITUD": -89.423644 }, "geometry": { "type": "Point", "coordinates": [ -89.423644, 21.009161 ] } },
{ "type": "Feature", "properties": { "NO": 376, "ENTIDAD": "YUCATAN", "MUNICIPIO": "TIXKOKOB", "PUEBLO INDIGENA O AFROMEXICANO": "MAYA", "LOCALIDAD": "RUINAS DE AKÉ", "CLAVE LOC": 310930010, "TIPO DE ASENTAMIENTO": "COMUNIDAD INDIGENA", "NOMBRE": "RUINAS DE AKÉ", "MONTO ASIGNADO (PESOS)": 361910, "LATITUD": 20.949402, "LONGITUD": -89.301864 }, "geometry": { "type": "Point", "coordinates": [ -89.301864, 20.949402 ] } },
{ "type": "Feature", "properties": { "NO": 377, "ENTIDAD": "YUCATAN", "MUNICIPIO": "TIXKOKOB", "PUEBLO INDIGENA O AFROMEXICANO": "MAYA", "LOCALIDAD": "SAN ANTONIO MILLET", "CLAVE LOC": 310930003, "TIPO DE ASENTAMIENTO": "COMUNIDAD INDIGENA", "NOMBRE": "SAN ANTONIO MILLET", "MONTO ASIGNADO (PESOS)": 602804, "LATITUD": 20.97283, "LONGITUD": -89.397618 }, "geometry": { "type": "Point", "coordinates": [ -89.397618, 20.97283 ] } },
{ "type": "Feature", "properties": { "NO": 378, "ENTIDAD": "YUCATAN", "MUNICIPIO": "TIXKOKOB", "PUEBLO INDIGENA O AFROMEXICANO": "MAYA", "LOCALIDAD": "SANTA CRUZ", "CLAVE LOC": 310930013, "TIPO DE ASENTAMIENTO": "COMUNIDAD INDIGENA", "NOMBRE": "SANTA CRUZ", "MONTO ASIGNADO (PESOS)": 117783, "LATITUD": 21.023639, "LONGITUD": -89.435274 }, "geometry": { "type": "Point", "coordinates": [ -89.435274, 21.023639 ] } },
{ "type": "Feature", "properties": { "NO": 379, "ENTIDAD": "YUCATAN", "MUNICIPIO": "TIXMEHUAC", "PUEBLO INDIGENA O AFROMEXICANO": "MAYA", "LOCALIDAD": "CHALTUNPUHUY", "CLAVE LOC": 310940004, "TIPO DE ASENTAMIENTO": "COMUNIDAD INDIGENA", "NOMBRE": "CHALTUNPUHUY", "MONTO ASIGNADO (PESOS)": 103232, "LATITUD": 20.28235, "LONGITUD": -89.076917 }, "geometry": { "type": "Point", "coordinates": [ -89.076917, 20.28235 ] } },
{ "type": "Feature", "properties": { "NO": 380, "ENTIDAD": "YUCATAN", "MUNICIPIO": "TIXMEHUAC", "PUEBLO INDIGENA O AFROMEXICANO": "MAYA", "LOCALIDAD": "CHICÁN", "CLAVE LOC": 310940005, "TIPO DE ASENTAMIENTO": "COMUNIDAD INDIGENA", "NOMBRE": "CHICÁN", "MONTO ASIGNADO (PESOS)": 654539, "LATITUD": 20.338976, "LONGITUD": -89.159112 }, "geometry": { "type": "Point", "coordinates": [ -89.159112, 20.338976 ] } },
{ "type": "Feature", "properties": { "NO": 381, "ENTIDAD": "YUCATAN", "MUNICIPIO": "TIXMEHUAC", "PUEBLO INDIGENA O AFROMEXICANO": "MAYA", "LOCALIDAD": "DZUTOH", "CLAVE LOC": 310940008, "TIPO DE ASENTAMIENTO": "COMUNIDAD INDIGENA", "NOMBRE": "DZUTOH", "MONTO ASIGNADO (PESOS)": 280614, "LATITUD": 20.261395, "LONGITUD": -89.062926 }, "geometry": { "type": "Point", "coordinates": [ -89.062926, 20.261395 ] } },
{ "type": "Feature", "properties": { "NO": 382, "ENTIDAD": "YUCATAN", "MUNICIPIO": "TIXMEHUAC", "PUEBLO INDIGENA O AFROMEXICANO": "MAYA", "LOCALIDAD": "KIMBILÁ", "CLAVE LOC": 310940010, "TIPO DE ASENTAMIENTO": "COMUNIDAD INDIGENA", "NOMBRE": "KIMBILÁ", "MONTO ASIGNADO (PESOS)": 953964, "LATITUD": 20.296399, "LONGITUD": -89.084915 }, "geometry": { "type": "Point", "coordinates": [ -89.084915, 20.296399 ] } },
{ "type": "Feature", "properties": { "NO": 383, "ENTIDAD": "YUCATAN", "MUNICIPIO": "TIXMEHUAC", "PUEBLO INDIGENA O AFROMEXICANO": "MAYA", "LOCALIDAD": "SABACCHÉ", "CLAVE LOC": 310940015, "TIPO DE ASENTAMIENTO": "COMUNIDAD INDIGENA", "NOMBRE": "SABACCHÉ", "MONTO ASIGNADO (PESOS)": 727292, "LATITUD": 20.315763, "LONGITUD": -89.026888 }, "geometry": { "type": "Point", "coordinates": [ -89.026888, 20.315763 ] } },
{ "type": "Feature", "properties": { "NO": 384, "ENTIDAD": "YUCATAN", "MUNICIPIO": "TIXMEHUAC", "PUEBLO INDIGENA O AFROMEXICANO": "MAYA", "LOCALIDAD": "SISBIC", "CLAVE LOC": 310940023, "TIPO DE ASENTAMIENTO": "COMUNIDAD INDIGENA", "NOMBRE": "SISBIC", "MONTO ASIGNADO (PESOS)": 227721, "LATITUD": 20.287719, "LONGITUD": -89.066535 }, "geometry": { "type": "Point", "coordinates": [ -89.066535, 20.287719 ] } },
{ "type": "Feature", "properties": { "NO": 385, "ENTIDAD": "YUCATAN", "MUNICIPIO": "TIXMEHUAC", "PUEBLO INDIGENA O AFROMEXICANO": "MAYA", "LOCALIDAD": "XCOHIL", "CLAVE LOC": 310940025, "TIPO DE ASENTAMIENTO": "COMUNIDAD INDIGENA", "NOMBRE": "XCOHIL", "MONTO ASIGNADO (PESOS)": 165039, "LATITUD": 20.294429, "LONGITUD": -89.036119 }, "geometry": { "type": "Point", "coordinates": [ -89.036119, 20.294429 ] } },
{ "type": "Feature", "properties": { "NO": 386, "ENTIDAD": "YUCATAN", "MUNICIPIO": "TIXMEHUAC", "PUEBLO INDIGENA O AFROMEXICANO": "MAYA", "LOCALIDAD": "(SINNOMBRE)", "CLAVE LOC": 310940003, "TIPO DE ASENTAMIENTO": "COMUNIDAD INDIGENA", "NOMBRE": "CHUCHUB", "MONTO ASIGNADO (PESOS)": 84639, "LATITUD": 20.353754, "LONGITUD": -89.075561 }, "geometry": { "type": "Point", "coordinates": [ -89.075561, 20.353754 ] } },
{ "type": "Feature", "properties": { "NO": 387, "ENTIDAD": "YUCATAN", "MUNICIPIO": "TIXPEHUAL", "PUEBLO INDIGENA O AFROMEXICANO": "MAYA", "LOCALIDAD": "CHOCHOH", "CLAVE LOC": 310950003, "TIPO DE ASENTAMIENTO": "COMUNIDAD INDIGENA", "NOMBRE": "CHOCHOH", "MONTO ASIGNADO (PESOS)": 560768, "LATITUD": 20.993393, "LONGITUD": -89.467137 }, "geometry": { "type": "Point", "coordinates": [ -89.467137, 20.993393 ] } },
{ "type": "Feature", "properties": { "NO": 388, "ENTIDAD": "YUCATAN", "MUNICIPIO": "TIXPEHUAL", "PUEBLO INDIGENA O AFROMEXICANO": "MAYA", "LOCALIDAD": "CUCÁ", "CLAVE LOC": 310950023, "TIPO DE ASENTAMIENTO": "COMUNIDAD INDIGENA", "NOMBRE": "CUCÁ", "MONTO ASIGNADO (PESOS)": 187302, "LATITUD": 20.93985, "LONGITUD": -89.406585 }, "geometry": { "type": "Point", "coordinates": [ -89.406585, 20.93985 ] } },
{ "type": "Feature", "properties": { "NO": 389, "ENTIDAD": "YUCATAN", "MUNICIPIO": "TIXPEHUAL", "PUEBLO INDIGENA O AFROMEXICANO": "MAYA", "LOCALIDAD": "KILINCHÉ", "CLAVE LOC": 310950004, "TIPO DE ASENTAMIENTO": "COMUNIDAD INDIGENA", "NOMBRE": "KILINCHÉ", "MONTO ASIGNADO (PESOS)": 329575, "LATITUD": 20.997222, "LONGITUD": -89.436851 }, "geometry": { "type": "Point", "coordinates": [ -89.436851, 20.997222 ] } },
{ "type": "Feature", "properties": { "NO": 390, "ENTIDAD": "YUCATAN", "MUNICIPIO": "TIXPEHUAL", "PUEBLO INDIGENA O AFROMEXICANO": "MAYA", "LOCALIDAD": "SAHÉ", "CLAVE LOC": 310950005, "TIPO DE ASENTAMIENTO": "COMUNIDAD INDIGENA", "NOMBRE": "SAHÉ", "MONTO ASIGNADO (PESOS)": 526009, "LATITUD": 20.922239, "LONGITUD": -89.462737 }, "geometry": { "type": "Point", "coordinates": [ -89.462737, 20.922239 ] } },
{ "type": "Feature", "properties": { "NO": 391, "ENTIDAD": "YUCATAN", "MUNICIPIO": "TIXPEHUAL", "PUEBLO INDIGENA O AFROMEXICANO": "MAYA", "LOCALIDAD": "TECHOH", "CLAVE LOC": 310950006, "TIPO DE ASENTAMIENTO": "COMUNIDAD INDIGENA", "NOMBRE": "TECHOH", "MONTO ASIGNADO (PESOS)": 396670, "LATITUD": 20.972103, "LONGITUD": -89.521298 }, "geometry": { "type": "Point", "coordinates": [ -89.521298, 20.972103 ] } },
{ "type": "Feature", "properties": { "NO": 392, "ENTIDAD": "YUCATAN", "MUNICIPIO": "TIZIMIN", "PUEBLO INDIGENA O AFROMEXICANO": "MAYA", "LOCALIDAD": "ÁLAMO", "CLAVE LOC": 310960886, "TIPO DE ASENTAMIENTO": "COMUNIDAD INDIGENA", "NOMBRE": "ÁLAMO", "MONTO ASIGNADO (PESOS)": 192961, "LATITUD": 21.032938, "LONGITUD": -87.642265 }, "geometry": { "type": "Point", "coordinates": [ -87.642265, 21.032938 ] } },
{ "type": "Feature", "properties": { "NO": 393, "ENTIDAD": "YUCATAN", "MUNICIPIO": "TIZIMIN", "PUEBLO INDIGENA O AFROMEXICANO": "MAYA", "LOCALIDAD": "CENOTE AZUL", "CLAVE LOC": 310960007, "TIPO DE ASENTAMIENTO": "COMUNIDAD INDIGENA", "NOMBRE": "CENOTE AZUL", "MONTO ASIGNADO (PESOS)": 253588, "LATITUD": 21.276056, "LONGITUD": -87.718532 }, "geometry": { "type": "Point", "coordinates": [ -87.718532, 21.276056 ] } },
{ "type": "Feature", "properties": { "NO": 394, "ENTIDAD": "YUCATAN", "MUNICIPIO": "TIZIMIN", "PUEBLO INDIGENA O AFROMEXICANO": "MAYA", "LOCALIDAD": "CHAN CENOTE", "CLAVE LOC": 310960509, "TIPO DE ASENTAMIENTO": "COMUNIDAD INDIGENA", "NOMBRE": "CHAN CENOTE", "MONTO ASIGNADO (PESOS)": 2129003, "LATITUD": 20.991602, "LONGITUD": -87.785214 }, "geometry": { "type": "Point", "coordinates": [ -87.785214, 20.991602 ] } },
{ "type": "Feature", "properties": { "NO": 395, "ENTIDAD": "YUCATAN", "MUNICIPIO": "TIZIMIN", "PUEBLO INDIGENA O AFROMEXICANO": "MAYA", "LOCALIDAD": "CHAN SAN ANTONIO", "CLAVE LOC": 310960011, "TIPO DE ASENTAMIENTO": "COMUNIDAD INDIGENA", "NOMBRE": "CHAN SAN ANTONIO", "MONTO ASIGNADO (PESOS)": 502566, "LATITUD": 21.222502, "LONGITUD": -88.240087 }, "geometry": { "type": "Point", "coordinates": [ -88.240087, 21.222502 ] } },
{ "type": "Feature", "properties": { "NO": 396, "ENTIDAD": "YUCATAN", "MUNICIPIO": "TIZIMIN", "PUEBLO INDIGENA O AFROMEXICANO": "MAYA", "LOCALIDAD": "CHAN TRES REYES", "CLAVE LOC": 310960506, "TIPO DE ASENTAMIENTO": "COMUNIDAD INDIGENA", "NOMBRE": "CHAN TRES REYES", "MONTO ASIGNADO (PESOS)": 170326, "LATITUD": 21.000518, "LONGITUD": -87.682135 }, "geometry": { "type": "Point", "coordinates": [ -87.682135, 21.000518 ] } },
{ "type": "Feature", "properties": { "NO": 397, "ENTIDAD": "YUCATAN", "MUNICIPIO": "TIZIMIN", "PUEBLO INDIGENA O AFROMEXICANO": "MAYA", "LOCALIDAD": "CHENKEKÉN", "CLAVE LOC": 310960013, "TIPO DE ASENTAMIENTO": "COMUNIDAD INDIGENA", "NOMBRE": "CHENKEKÉN", "MONTO ASIGNADO (PESOS)": 348168, "LATITUD": 21.303903, "LONGITUD": -88.057634 }, "geometry": { "type": "Point", "coordinates": [ -88.057634, 21.303903 ] } },
{ "type": "Feature", "properties": { "NO": 398, "ENTIDAD": "YUCATAN", "MUNICIPIO": "TIZIMIN", "PUEBLO INDIGENA O AFROMEXICANO": "MAYA", "LOCALIDAD": "COLONIA YUCATÁN", "CLAVE LOC": 310960008, "TIPO DE ASENTAMIENTO": "COMUNIDAD INDIGENA", "NOMBRE": "COLONIA YUCATÁN", "MONTO ASIGNADO (PESOS)": 1069232, "LATITUD": 21.212248, "LONGITUD": -87.725487 }, "geometry": { "type": "Point", "coordinates": [ -87.725487, 21.212248 ] } },
{ "type": "Feature", "properties": { "NO": 399, "ENTIDAD": "YUCATAN", "MUNICIPIO": "TIZIMIN", "PUEBLO INDIGENA O AFROMEXICANO": "MAYA", "LOCALIDAD": "DZONOT AKÉ", "CLAVE LOC": 310960017, "TIPO DE ASENTAMIENTO": "COMUNIDAD INDIGENA", "NOMBRE": "DZONOT AKÉ", "MONTO ASIGNADO (PESOS)": 455681, "LATITUD": 21.236746, "LONGITUD": -87.93668 }, "geometry": { "type": "Point", "coordinates": [ -87.93668, 21.236746 ] } },
{ "type": "Feature", "properties": { "NO": 400, "ENTIDAD": "YUCATAN", "MUNICIPIO": "TIZIMIN", "PUEBLO INDIGENA O AFROMEXICANO": "MAYA", "LOCALIDAD": "DZONOT BOX", "CLAVE LOC": 310960018, "TIPO DE ASENTAMIENTO": "COMUNIDAD INDIGENA", "NOMBRE": "DZONOT BOX", "MONTO ASIGNADO (PESOS)": 163860, "LATITUD": 21.324033, "LONGITUD": -87.909289 }, "geometry": { "type": "Point", "coordinates": [ -87.909289, 21.324033 ] } },
{ "type": "Feature", "properties": { "NO": 401, "ENTIDAD": "YUCATAN", "MUNICIPIO": "TIZIMIN", "PUEBLO INDIGENA O AFROMEXICANO": "MAYA", "LOCALIDAD": "DZONOT CARRETERO", "CLAVE LOC": 310960019, "TIPO DE ASENTAMIENTO": "COMUNIDAD INDIGENA", "NOMBRE": "DZONOT CARRETERO", "MONTO ASIGNADO (PESOS)": 1935803, "LATITUD": 21.402027, "LONGITUD": -87.878171 }, "geometry": { "type": "Point", "coordinates": [ -87.878171, 21.402027 ] } },
{ "type": "Feature", "properties": { "NO": 402, "ENTIDAD": "YUCATAN", "MUNICIPIO": "TIZIMIN", "PUEBLO INDIGENA O AFROMEXICANO": "MAYA", "LOCALIDAD": "DZONOT MEZO", "CLAVE LOC": 310960021, "TIPO DE ASENTAMIENTO": "COMUNIDAD INDIGENA", "NOMBRE": "DZONOT MEZO", "MONTO ASIGNADO (PESOS)": 354634, "LATITUD": 21.038911, "LONGITUD": -87.94661 }, "geometry": { "type": "Point", "coordinates": [ -87.94661, 21.038911 ] } },
{ "type": "Feature", "properties": { "NO": 403, "ENTIDAD": "YUCATAN", "MUNICIPIO": "TIZIMIN", "PUEBLO INDIGENA O AFROMEXICANO": "MAYA", "LOCALIDAD": "DZONOT TIGRE", "CLAVE LOC": 310960022, "TIPO DE ASENTAMIENTO": "COMUNIDAD INDIGENA", "NOMBRE": "DZONOT TIGRE", "MONTO ASIGNADO (PESOS)": 180027, "LATITUD": 21.246436, "LONGITUD": -87.910401 }, "geometry": { "type": "Point", "coordinates": [ -87.910401, 21.246436 ] } },
{ "type": "Feature", "properties": { "NO": 404, "ENTIDAD": "YUCATAN", "MUNICIPIO": "TIZIMIN", "PUEBLO INDIGENA O AFROMEXICANO": "MAYA", "LOCALIDAD": "EL CUYO", "CLAVE LOC": 310960009, "TIPO DE ASENTAMIENTO": "COMUNIDAD INDIGENA", "NOMBRE": "EL CUYO", "MONTO ASIGNADO (PESOS)": 1529194, "LATITUD": 21.516858, "LONGITUD": -87.67814 }, "geometry": { "type": "Point", "coordinates": [ -87.67814, 21.516858 ] } },
{ "type": "Feature", "properties": { "NO": 405, "ENTIDAD": "YUCATAN", "MUNICIPIO": "TIZIMIN", "PUEBLO INDIGENA O AFROMEXICANO": "MAYA", "LOCALIDAD": "EL EDÉN (YAXIC)", "CLAVE LOC": 310960023, "TIPO DE ASENTAMIENTO": "COMUNIDAD INDIGENA", "NOMBRE": "EL EDÉN (YAXIC)", "MONTO ASIGNADO (PESOS)": 343317, "LATITUD": 21.044487, "LONGITUD": -87.678844 }, "geometry": { "type": "Point", "coordinates": [ -87.678844, 21.044487 ] } },
{ "type": "Feature", "properties": { "NO": 406, "ENTIDAD": "YUCATAN", "MUNICIPIO": "TIZIMIN", "PUEBLO INDIGENA O AFROMEXICANO": "MAYA", "LOCALIDAD": "EL LIMONAR", "CLAVE LOC": 310960329, "TIPO DE ASENTAMIENTO": "COMUNIDAD INDIGENA", "NOMBRE": "EL LIMONAR", "MONTO ASIGNADO (PESOS)": 119814, "LATITUD": 21.318962, "LONGITUD": -87.566208 }, "geometry": { "type": "Point", "coordinates": [ -87.566208, 21.318962 ] } },
{ "type": "Feature", "properties": { "NO": 407, "ENTIDAD": "YUCATAN", "MUNICIPIO": "TIZIMIN", "PUEBLO INDIGENA O AFROMEXICANO": "MAYA", "LOCALIDAD": "EL RAMONAL", "CLAVE LOC": 310960037, "TIPO DE ASENTAMIENTO": "COMUNIDAD INDIGENA", "NOMBRE": "EL RAMONAL", "MONTO ASIGNADO (PESOS)": 84639, "LATITUD": 21.131954, "LONGITUD": -87.933838 }, "geometry": { "type": "Point", "coordinates": [ -87.933838, 21.131954 ] } },
{ "type": "Feature", "properties": { "NO": 408, "ENTIDAD": "YUCATAN", "MUNICIPIO": "TIZIMIN", "PUEBLO INDIGENA O AFROMEXICANO": "MAYA", "LOCALIDAD": "EMILIANO ZAPATA", "CLAVE LOC": 310960323, "TIPO DE ASENTAMIENTO": "COMUNIDAD INDIGENA", "NOMBRE": "EMILIANO ZAPATA", "MONTO ASIGNADO (PESOS)": 160626, "LATITUD": 21.202162, "LONGITUD": -87.737176 }, "geometry": { "type": "Point", "coordinates": [ -87.737176, 21.202162 ] } },
{ "type": "Feature", "properties": { "NO": 409, "ENTIDAD": "YUCATAN", "MUNICIPIO": "TIZIMIN", "PUEBLO INDIGENA O AFROMEXICANO": "MAYA", "LOCALIDAD": "FELIPE CARRILLO PUERTO DOS", "CLAVE LOC": 310960317, "TIPO DE ASENTAMIENTO": "COMUNIDAD INDIGENA", "NOMBRE": "FELIPE CARRILLO PUERTO DOS", "MONTO ASIGNADO (PESOS)": 118591, "LATITUD": 21.172957, "LONGITUD": -87.724936 }, "geometry": { "type": "Point", "coordinates": [ -87.724936, 21.172957 ] } },
{ "type": "Feature", "properties": { "NO": 410, "ENTIDAD": "YUCATAN", "MUNICIPIO": "TIZIMIN", "PUEBLO INDIGENA O AFROMEXICANO": "MAYA", "LOCALIDAD": "FELIPE CARRILLO PUERTO NÚMERO UNO", "CLAVE LOC": 310960319, "TIPO DE ASENTAMIENTO": "COMUNIDAD INDIGENA", "NOMBRE": "FELIPE CARRILLO PUERTO NÚMERO UNO", "MONTO ASIGNADO (PESOS)": 190164, "LATITUD": 21.038091, "LONGITUD": -87.658487 }, "geometry": { "type": "Point", "coordinates": [ -87.658487, 21.038091 ] } },
{ "type": "Feature", "properties": { "NO": 411, "ENTIDAD": "YUCATAN", "MUNICIPIO": "TIZIMIN", "PUEBLO INDIGENA O AFROMEXICANO": "MAYA", "LOCALIDAD": "FRANCISCO VILLA", "CLAVE LOC": 310960327, "TIPO DE ASENTAMIENTO": "COMUNIDAD INDIGENA", "NOMBRE": "FRANCISCO VILLA", "MONTO ASIGNADO (PESOS)": 122633, "LATITUD": 21.231512, "LONGITUD": -87.689871 }, "geometry": { "type": "Point", "coordinates": [ -87.689871, 21.231512 ] } },
{ "type": "Feature", "properties": { "NO": 412, "ENTIDAD": "YUCATAN", "MUNICIPIO": "TIZIMIN", "PUEBLO INDIGENA O AFROMEXICANO": "MAYA", "LOCALIDAD": "KABICHÉN", "CLAVE LOC": 310960497, "TIPO DE ASENTAMIENTO": "COMUNIDAD INDIGENA", "NOMBRE": "KABICHÉN", "MONTO ASIGNADO (PESOS)": 289965, "LATITUD": 21.149504, "LONGITUD": -87.958638 }, "geometry": { "type": "Point", "coordinates": [ -87.958638, 21.149504 ] } },
{ "type": "Feature", "properties": { "NO": 413, "ENTIDAD": "YUCATAN", "MUNICIPIO": "TIZIMIN", "PUEBLO INDIGENA O AFROMEXICANO": "MAYA", "LOCALIDAD": "KALAX YOKDZONOT", "CLAVE LOC": 310960055, "TIPO DE ASENTAMIENTO": "COMUNIDAD INDIGENA", "NOMBRE": "KALAX YOKDZONOT", "MONTO ASIGNADO (PESOS)": 168710, "LATITUD": 21.328262, "LONGITUD": -87.890107 }, "geometry": { "type": "Point", "coordinates": [ -87.890107, 21.328262 ] } },
{ "type": "Feature", "properties": { "NO": 414, "ENTIDAD": "YUCATAN", "MUNICIPIO": "TIZIMIN", "PUEBLO INDIGENA O AFROMEXICANO": "MAYA", "LOCALIDAD": "KIKIL", "CLAVE LOC": 310960026, "TIPO DE ASENTAMIENTO": "COMUNIDAD INDIGENA", "NOMBRE": "KIKIL", "MONTO ASIGNADO (PESOS)": 281881, "LATITUD": 21.191053, "LONGITUD": -88.16834 }, "geometry": { "type": "Point", "coordinates": [ -88.16834, 21.191053 ] } },
{ "type": "Feature", "properties": { "NO": 415, "ENTIDAD": "YUCATAN", "MUNICIPIO": "TIZIMIN", "PUEBLO INDIGENA O AFROMEXICANO": "MAYA", "LOCALIDAD": "LA LIBERTAD", "CLAVE LOC": 310960027, "TIPO DE ASENTAMIENTO": "COMUNIDAD INDIGENA", "NOMBRE": "LA LIBERTAD", "MONTO ASIGNADO (PESOS)": 167093, "LATITUD": 21.252072, "LONGITUD": -87.780142 }, "geometry": { "type": "Point", "coordinates": [ -87.780142, 21.252072 ] } },
{ "type": "Feature", "properties": { "NO": 416, "ENTIDAD": "YUCATAN", "MUNICIPIO": "TIZIMIN", "PUEBLO INDIGENA O AFROMEXICANO": "MAYA", "LOCALIDAD": "LA SIERRA", "CLAVE LOC": 310960068, "TIPO DE ASENTAMIENTO": "COMUNIDAD INDIGENA", "NOMBRE": "LA SIERRA", "MONTO ASIGNADO (PESOS)": 452447, "LATITUD": 21.197755, "LONGITUD": -87.71861 }, "geometry": { "type": "Point", "coordinates": [ -87.71861, 21.197755 ] } },
{ "type": "Feature", "properties": { "NO": 417, "ENTIDAD": "YUCATAN", "MUNICIPIO": "TIZIMIN", "PUEBLO INDIGENA O AFROMEXICANO": "MAYA", "LOCALIDAD": "LUIS ROSADO VEGA", "CLAVE LOC": 310960315, "TIPO DE ASENTAMIENTO": "COMUNIDAD INDIGENA", "NOMBRE": "LUIS ROSADO VEGA", "MONTO ASIGNADO (PESOS)": 187302, "LATITUD": 21.183838, "LONGITUD": -87.643011 }, "geometry": { "type": "Point", "coordinates": [ -87.643011, 21.183838 ] } },
{ "type": "Feature", "properties": { "NO": 418, "ENTIDAD": "YUCATAN", "MUNICIPIO": "TIZIMIN", "PUEBLO INDIGENA O AFROMEXICANO": "MAYA", "LOCALIDAD": "MANUEL CEPEDA PERAZA", "CLAVE LOC": 310960029, "TIPO DE ASENTAMIENTO": "COMUNIDAD INDIGENA", "NOMBRE": "MANUEL CEPEDA PERAZA", "MONTO ASIGNADO (PESOS)": 442747, "LATITUD": 21.231298, "LONGITUD": -87.652947 }, "geometry": { "type": "Point", "coordinates": [ -87.652947, 21.231298 ] } },
{ "type": "Feature", "properties": { "NO": 419, "ENTIDAD": "YUCATAN", "MUNICIPIO": "TIZIMIN", "PUEBLO INDIGENA O AFROMEXICANO": "MAYA", "LOCALIDAD": "MOCTEZUMA", "CLAVE LOC": 310960031, "TIPO DE ASENTAMIENTO": "COMUNIDAD INDIGENA", "NOMBRE": "MOCTEZUMA", "MONTO ASIGNADO (PESOS)": 441130, "LATITUD": 21.411251, "LONGITUD": -87.708016 }, "geometry": { "type": "Point", "coordinates": [ -87.708016, 21.411251 ] } },
{ "type": "Feature", "properties": { "NO": 420, "ENTIDAD": "YUCATAN", "MUNICIPIO": "TIZIMIN", "PUEBLO INDIGENA O AFROMEXICANO": "MAYA", "LOCALIDAD": "POPOLNÁH", "CLAVE LOC": 310960034, "TIPO DE ASENTAMIENTO": "COMUNIDAD INDIGENA", "NOMBRE": "POPOLNÁH", "MONTO ASIGNADO (PESOS)": 2744980, "LATITUD": 20.993604, "LONGITUD": -87.564194 }, "geometry": { "type": "Point", "coordinates": [ -87.564194, 20.993604 ] } },
{ "type": "Feature", "properties": { "NO": 421, "ENTIDAD": "YUCATAN", "MUNICIPIO": "TIZIMIN", "PUEBLO INDIGENA O AFROMEXICANO": "MAYA", "LOCALIDAD": "RANCHO GRANDE", "CLAVE LOC": 310960915, "TIPO DE ASENTAMIENTO": "COMUNIDAD INDIGENA", "NOMBRE": "RANCHO GRANDE", "MONTO ASIGNADO (PESOS)": 120208, "LATITUD": 21.242286, "LONGITUD": -87.681148 }, "geometry": { "type": "Point", "coordinates": [ -87.681148, 21.242286 ] } },
{ "type": "Feature", "properties": { "NO": 422, "ENTIDAD": "YUCATAN", "MUNICIPIO": "TIZIMIN", "PUEBLO INDIGENA O AFROMEXICANO": "MAYA", "LOCALIDAD": "SAMARIA", "CLAVE LOC": 310960039, "TIPO DE ASENTAMIENTO": "COMUNIDAD INDIGENA", "NOMBRE": "SAMARIA", "MONTO ASIGNADO (PESOS)": 254397, "LATITUD": 21.261639, "LONGITUD": -87.748239 }, "geometry": { "type": "Point", "coordinates": [ -87.748239, 21.261639 ] } },
{ "type": "Feature", "properties": { "NO": 423, "ENTIDAD": "YUCATAN", "MUNICIPIO": "TIZIMIN", "PUEBLO INDIGENA O AFROMEXICANO": "MAYA", "LOCALIDAD": "SAN ANDRÉS", "CLAVE LOC": 310960471, "TIPO DE ASENTAMIENTO": "COMUNIDAD INDIGENA", "NOMBRE": "SAN ANDRÉS", "MONTO ASIGNADO (PESOS)": 346551, "LATITUD": 20.985185, "LONGITUD": -87.6912 }, "geometry": { "type": "Point", "coordinates": [ -87.6912, 20.985185 ] } },
{ "type": "Feature", "properties": { "NO": 424, "ENTIDAD": "YUCATAN", "MUNICIPIO": "TIZIMIN", "PUEBLO INDIGENA O AFROMEXICANO": "MAYA", "LOCALIDAD": "SAN ARTURO", "CLAVE LOC": 310960041, "TIPO DE ASENTAMIENTO": "COMUNIDAD INDIGENA", "NOMBRE": "SAN ARTURO", "MONTO ASIGNADO (PESOS)": 139608, "LATITUD": 21.26702, "LONGITUD": -87.537384 }, "geometry": { "type": "Point", "coordinates": [ -87.537384, 21.26702 ] } },
{ "type": "Feature", "properties": { "NO": 425, "ENTIDAD": "YUCATAN", "MUNICIPIO": "TIZIMIN", "PUEBLO INDIGENA O AFROMEXICANO": "MAYA", "LOCALIDAD": "SAN FRANCISCO YOHACTÚN", "CLAVE LOC": 310960044, "TIPO DE ASENTAMIENTO": "COMUNIDAD INDIGENA", "NOMBRE": "SAN FRANCISCO YOHACTÚN", "MONTO ASIGNADO (PESOS)": 199428, "LATITUD": 21.431556, "LONGITUD": -87.927104 }, "geometry": { "type": "Point", "coordinates": [ -87.927104, 21.431556 ] } },
{ "type": "Feature", "properties": { "NO": 426, "ENTIDAD": "YUCATAN", "MUNICIPIO": "TIZIMIN", "PUEBLO INDIGENA O AFROMEXICANO": "MAYA", "LOCALIDAD": "SAN HIPÓLITO", "CLAVE LOC": 310960314, "TIPO DE ASENTAMIENTO": "COMUNIDAD INDIGENA", "NOMBRE": "SAN HIPÓLITO", "MONTO ASIGNADO (PESOS)": 137183, "LATITUD": 21.183793, "LONGITUD": -87.653167 }, "geometry": { "type": "Point", "coordinates": [ -87.653167, 21.183793 ] } },
{ "type": "Feature", "properties": { "NO": 427, "ENTIDAD": "YUCATAN", "MUNICIPIO": "TIZIMIN", "PUEBLO INDIGENA O AFROMEXICANO": "MAYA", "LOCALIDAD": "SAN ISIDRO", "CLAVE LOC": 310960201, "TIPO DE ASENTAMIENTO": "COMUNIDAD INDIGENA", "NOMBRE": "SAN ISIDRO", "MONTO ASIGNADO (PESOS)": 84639, "LATITUD": 21.22604, "LONGITUD": -87.837911 }, "geometry": { "type": "Point", "coordinates": [ -87.837911, 21.22604 ] } },
{ "type": "Feature", "properties": { "NO": 428, "ENTIDAD": "YUCATAN", "MUNICIPIO": "TIZIMIN", "PUEBLO INDIGENA O AFROMEXICANO": "MAYA", "LOCALIDAD": "SAN ISIDRO KANCABDZONOT", "CLAVE LOC": 310960142, "TIPO DE ASENTAMIENTO": "COMUNIDAD INDIGENA", "NOMBRE": "SAN ISIDRO KANCABDZONOT", "MONTO ASIGNADO (PESOS)": 182452, "LATITUD": 21.007781, "LONGITUD": -87.9339 }, "geometry": { "type": "Point", "coordinates": [ -87.9339, 21.007781 ] } },
{ "type": "Feature", "properties": { "NO": 429, "ENTIDAD": "YUCATAN", "MUNICIPIO": "TIZIMIN", "PUEBLO INDIGENA O AFROMEXICANO": "MAYA", "LOCALIDAD": "SAN ISIDRO KILÓMETRO CATORCE (SAN ISIDRO)", "CLAVE LOC": 310960045, "TIPO DE ASENTAMIENTO": "COMUNIDAD INDIGENA", "NOMBRE": "SAN ISIDRO KILÓMETRO CATORCE (SAN ISIDRO)", "MONTO ASIGNADO (PESOS)": 348452, "LATITUD": 21.097014, "LONGITUD": -87.673955 }, "geometry": { "type": "Point", "coordinates": [ -87.673955, 21.097014 ] } },
{ "type": "Feature", "properties": { "NO": 430, "ENTIDAD": "YUCATAN", "MUNICIPIO": "TIZIMIN", "PUEBLO INDIGENA O AFROMEXICANO": "MAYA", "LOCALIDAD": "SAN JOSÉ CONDE", "CLAVE LOC": 310960213, "TIPO DE ASENTAMIENTO": "COMUNIDAD INDIGENA", "NOMBRE": "SAN JOSÉ CONDE", "MONTO ASIGNADO (PESOS)": 189727, "LATITUD": 21.163708, "LONGITUD": -87.663229 }, "geometry": { "type": "Point", "coordinates": [ -87.663229, 21.163708 ] } },
{ "type": "Feature", "properties": { "NO": 431, "ENTIDAD": "YUCATAN", "MUNICIPIO": "TIZIMIN", "PUEBLO INDIGENA O AFROMEXICANO": "MAYA", "LOCALIDAD": "SAN JOSÉ MONTECRISTO", "CLAVE LOC": 310960322, "TIPO DE ASENTAMIENTO": "COMUNIDAD INDIGENA", "NOMBRE": "SAN JOSÉ MONTECRISTO", "MONTO ASIGNADO (PESOS)": 243080, "LATITUD": 21.065706, "LONGITUD": -87.677317 }, "geometry": { "type": "Point", "coordinates": [ -87.677317, 21.065706 ] } },
{ "type": "Feature", "properties": { "NO": 432, "ENTIDAD": "YUCATAN", "MUNICIPIO": "TIZIMIN", "PUEBLO INDIGENA O AFROMEXICANO": "MAYA", "LOCALIDAD": "SAN JUAN KILÓMETRO CUATRO", "CLAVE LOC": 310960398, "TIPO DE ASENTAMIENTO": "COMUNIDAD INDIGENA", "NOMBRE": "SAN JUAN KILÓMETRO CUATRO", "MONTO ASIGNADO (PESOS)": 231762, "LATITUD": 21.190142, "LONGITUD": -87.688761 }, "geometry": { "type": "Point", "coordinates": [ -87.688761, 21.190142 ] } },
{ "type": "Feature", "properties": { "NO": 433, "ENTIDAD": "YUCATAN", "MUNICIPIO": "TIZIMIN", "PUEBLO INDIGENA O AFROMEXICANO": "MAYA", "LOCALIDAD": "SAN LORENZO CHIQUILÁ", "CLAVE LOC": 310960050, "TIPO DE ASENTAMIENTO": "COMUNIDAD INDIGENA", "NOMBRE": "SAN LORENZO CHIQUILÁ", "MONTO ASIGNADO (PESOS)": 399095, "LATITUD": 21.007315, "LONGITUD": -87.901212 }, "geometry": { "type": "Point", "coordinates": [ -87.901212, 21.007315 ] } },
{ "type": "Feature", "properties": { "NO": 434, "ENTIDAD": "YUCATAN", "MUNICIPIO": "TIZIMIN", "PUEBLO INDIGENA O AFROMEXICANO": "MAYA", "LOCALIDAD": "SAN LUIS TZUCTUK", "CLAVE LOC": 310960052, "TIPO DE ASENTAMIENTO": "COMUNIDAD INDIGENA", "NOMBRE": "SAN LUIS TZUCTUK", "MONTO ASIGNADO (PESOS)": 279456, "LATITUD": 21.082202, "LONGITUD": -87.852646 }, "geometry": { "type": "Point", "coordinates": [ -87.852646, 21.082202 ] } },
{ "type": "Feature", "properties": { "NO": 435, "ENTIDAD": "YUCATAN", "MUNICIPIO": "TIZIMIN", "PUEBLO INDIGENA O AFROMEXICANO": "MAYA", "LOCALIDAD": "SAN MANUEL KILÓMETRO ONCE", "CLAVE LOC": 310960218, "TIPO DE ASENTAMIENTO": "COMUNIDAD INDIGENA", "NOMBRE": "SAN MANUEL KILÓMETRO ONCE", "MONTO ASIGNADO (PESOS)": 351401, "LATITUD": 21.122867, "LONGITUD": -87.675395 }, "geometry": { "type": "Point", "coordinates": [ -87.675395, 21.122867 ] } },
{ "type": "Feature", "properties": { "NO": 436, "ENTIDAD": "YUCATAN", "MUNICIPIO": "TIZIMIN", "PUEBLO INDIGENA O AFROMEXICANO": "MAYA", "LOCALIDAD": "SAN MIGUEL", "CLAVE LOC": 310960223, "TIPO DE ASENTAMIENTO": "LOCALIDAD CON POBLACION INDIGENA", "NOMBRE": "SAN MIGUEL", "MONTO ASIGNADO (PESOS)": 87873, "LATITUD": 21.333851, "LONGITUD": -87.771711 }, "geometry": { "type": "Point", "coordinates": [ -87.771711, 21.333851 ] } },
{ "type": "Feature", "properties": { "NO": 437, "ENTIDAD": "YUCATAN", "MUNICIPIO": "TIZIMIN", "PUEBLO INDIGENA O AFROMEXICANO": "MAYA", "LOCALIDAD": "SAN PEDRO BACAB", "CLAVE LOC": 310960230, "TIPO DE ASENTAMIENTO": "COMUNIDAD INDIGENA", "NOMBRE": "SAN PEDRO BACAB", "MONTO ASIGNADO (PESOS)": 221254, "LATITUD": 21.296404, "LONGITUD": -87.654561 }, "geometry": { "type": "Point", "coordinates": [ -87.654561, 21.296404 ] } },
{ "type": "Feature", "properties": { "NO": 438, "ENTIDAD": "YUCATAN", "MUNICIPIO": "TIZIMIN", "PUEBLO INDIGENA O AFROMEXICANO": "MAYA", "LOCALIDAD": "SAN PEDRO JUÁREZ", "CLAVE LOC": 310960058, "TIPO DE ASENTAMIENTO": "COMUNIDAD INDIGENA", "NOMBRE": "SAN PEDRO JUÁREZ", "MONTO ASIGNADO (PESOS)": 317450, "LATITUD": 21.159139, "LONGITUD": -87.901331 }, "geometry": { "type": "Point", "coordinates": [ -87.901331, 21.159139 ] } },
{ "type": "Feature", "properties": { "NO": 439, "ENTIDAD": "YUCATAN", "MUNICIPIO": "TIZIMIN", "PUEBLO INDIGENA O AFROMEXICANO": "MAYA", "LOCALIDAD": "SANTA ANA", "CLAVE LOC": 310960470, "TIPO DE ASENTAMIENTO": "COMUNIDAD INDIGENA", "NOMBRE": "SANTA ANA", "MONTO ASIGNADO (PESOS)": 299665, "LATITUD": 21.254855, "LONGITUD": -87.765119 }, "geometry": { "type": "Point", "coordinates": [ -87.765119, 21.254855 ] } },
{ "type": "Feature", "properties": { "NO": 440, "ENTIDAD": "YUCATAN", "MUNICIPIO": "TIZIMIN", "PUEBLO INDIGENA O AFROMEXICANO": "MAYA", "LOCALIDAD": "SANTA CLARA DZIBALKÚ", "CLAVE LOC": 310960060, "TIPO DE ASENTAMIENTO": "COMUNIDAD INDIGENA", "NOMBRE": "SANTA CLARA DZIBALKÚ", "MONTO ASIGNADO (PESOS)": 246313, "LATITUD": 21.372826, "LONGITUD": -88.066382 }, "geometry": { "type": "Point", "coordinates": [ -88.066382, 21.372826 ] } },
{ "type": "Feature", "properties": { "NO": 441, "ENTIDAD": "YUCATAN", "MUNICIPIO": "TIZIMIN", "PUEBLO INDIGENA O AFROMEXICANO": "MAYA", "LOCALIDAD": "SANTA ELENA", "CLAVE LOC": 310960063, "TIPO DE ASENTAMIENTO": "COMUNIDAD INDIGENA", "NOMBRE": "SANTA ELENA", "MONTO ASIGNADO (PESOS)": 167901, "LATITUD": 21.187889, "LONGITUD": -87.674518 }, "geometry": { "type": "Point", "coordinates": [ -87.674518, 21.187889 ] } },
{ "type": "Feature", "properties": { "NO": 442, "ENTIDAD": "YUCATAN", "MUNICIPIO": "TIZIMIN", "PUEBLO INDIGENA O AFROMEXICANO": "MAYA", "LOCALIDAD": "SANTA ISABEL", "CLAVE LOC": 310960064, "TIPO DE ASENTAMIENTO": "COMUNIDAD INDIGENA", "NOMBRE": "SANTA ISABEL", "MONTO ASIGNADO (PESOS)": 90921, "LATITUD": 21.341487, "LONGITUD": -87.692746 }, "geometry": { "type": "Point", "coordinates": [ -87.692746, 21.341487 ] } },
{ "type": "Feature", "properties": { "NO": 443, "ENTIDAD": "YUCATAN", "MUNICIPIO": "TIZIMIN", "PUEBLO INDIGENA O AFROMEXICANO": "MAYA", "LOCALIDAD": "SANTA MARÍA", "CLAVE LOC": 310960377, "TIPO DE ASENTAMIENTO": "COMUNIDAD INDIGENA", "NOMBRE": "SANTA MARÍA", "MONTO ASIGNADO (PESOS)": 513075, "LATITUD": 21.354579, "LONGITUD": -87.744297 }, "geometry": { "type": "Point", "coordinates": [ -87.744297, 21.354579 ] } },
{ "type": "Feature", "properties": { "NO": 444, "ENTIDAD": "YUCATAN", "MUNICIPIO": "TIZIMIN", "PUEBLO INDIGENA O AFROMEXICANO": "MAYA", "LOCALIDAD": "SANTA ROSA CONCEPCIÓN", "CLAVE LOC": 310960067, "TIPO DE ASENTAMIENTO": "COMUNIDAD INDIGENA", "NOMBRE": "SANTA ROSA CONCEPCIÓN", "MONTO ASIGNADO (PESOS)": 212362, "LATITUD": 21.152109, "LONGITUD": -87.66402 }, "geometry": { "type": "Point", "coordinates": [ -87.66402, 21.152109 ] } },
{ "type": "Feature", "properties": { "NO": 445, "ENTIDAD": "YUCATAN", "MUNICIPIO": "TIZIMIN", "PUEBLO INDIGENA O AFROMEXICANO": "MAYA", "LOCALIDAD": "SANTA ROSA Y ANEXAS", "CLAVE LOC": 310960375, "TIPO DE ASENTAMIENTO": "COMUNIDAD INDIGENA", "NOMBRE": "SANTA ROSA Y ANEXAS", "MONTO ASIGNADO (PESOS)": 578553, "LATITUD": 21.311589, "LONGITUD": -87.747561 }, "geometry": { "type": "Point", "coordinates": [ -87.747561, 21.311589 ] } },
{ "type": "Feature", "properties": { "NO": 446, "ENTIDAD": "YUCATAN", "MUNICIPIO": "TIZIMIN", "PUEBLO INDIGENA O AFROMEXICANO": "MAYA", "LOCALIDAD": "SUCOPÓ", "CLAVE LOC": 310960069, "TIPO DE ASENTAMIENTO": "COMUNIDAD INDIGENA", "NOMBRE": "SUCOPÓ", "MONTO ASIGNADO (PESOS)": 1432998, "LATITUD": 21.161161, "LONGITUD": -88.048771 }, "geometry": { "type": "Point", "coordinates": [ -88.048771, 21.161161 ] } },
{ "type": "Feature", "properties": { "NO": 447, "ENTIDAD": "YUCATAN", "MUNICIPIO": "TIZIMIN", "PUEBLO INDIGENA O AFROMEXICANO": "MAYA", "LOCALIDAD": "TEAPA", "CLAVE LOC": 310960404, "TIPO DE ASENTAMIENTO": "COMUNIDAD INDIGENA", "NOMBRE": "TEAPA", "MONTO ASIGNADO (PESOS)": 117783, "LATITUD": 21.196804, "LONGITUD": -87.71115 }, "geometry": { "type": "Point", "coordinates": [ -87.71115, 21.196804 ] } },
{ "type": "Feature", "properties": { "NO": 448, "ENTIDAD": "YUCATAN", "MUNICIPIO": "TIZIMIN", "PUEBLO INDIGENA O AFROMEXICANO": "MAYA", "LOCALIDAD": "TEZOCO NUEVO", "CLAVE LOC": 310960070, "TIPO DE ASENTAMIENTO": "COMUNIDAD INDIGENA", "NOMBRE": "TEZOCO NUEVO", "MONTO ASIGNADO (PESOS)": 218020, "LATITUD": 21.310428, "LONGITUD": -87.561613 }, "geometry": { "type": "Point", "coordinates": [ -87.561613, 21.310428 ] } },
{ "type": "Feature", "properties": { "NO": 449, "ENTIDAD": "YUCATAN", "MUNICIPIO": "TIZIMIN", "PUEBLO INDIGENA O AFROMEXICANO": "MAYA", "LOCALIDAD": "TIXCANCAL", "CLAVE LOC": 310960071, "TIPO DE ASENTAMIENTO": "COMUNIDAD INDIGENA", "NOMBRE": "TIXCANCAL", "MONTO ASIGNADO (PESOS)": 1891343, "LATITUD": 21.035335, "LONGITUD": -87.851476 }, "geometry": { "type": "Point", "coordinates": [ -87.851476, 21.035335 ] } },
{ "type": "Feature", "properties": { "NO": 450, "ENTIDAD": "YUCATAN", "MUNICIPIO": "TIZIMIN", "PUEBLO INDIGENA O AFROMEXICANO": "MAYA", "LOCALIDAD": "TRASCORRAL", "CLAVE LOC": 310960440, "TIPO DE ASENTAMIENTO": "COMUNIDAD INDIGENA", "NOMBRE": "TRASCORRAL", "MONTO ASIGNADO (PESOS)": 237902, "LATITUD": 21.014905, "LONGITUD": -87.755197 }, "geometry": { "type": "Point", "coordinates": [ -87.755197, 21.014905 ] } },
{ "type": "Feature", "properties": { "NO": 451, "ENTIDAD": "YUCATAN", "MUNICIPIO": "TIZIMIN", "PUEBLO INDIGENA O AFROMEXICANO": "MAYA", "LOCALIDAD": "XBOHOM", "CLAVE LOC": 310960003, "TIPO DE ASENTAMIENTO": "COMUNIDAD INDIGENA", "NOMBRE": "XBOHOM", "MONTO ASIGNADO (PESOS)": 169518, "LATITUD": 21.162735, "LONGITUD": -88.191847 }, "geometry": { "type": "Point", "coordinates": [ -88.191847, 21.162735 ] } },
{ "type": "Feature", "properties": { "NO": 452, "ENTIDAD": "YUCATAN", "MUNICIPIO": "TIZIMIN", "PUEBLO INDIGENA O AFROMEXICANO": "MAYA", "LOCALIDAD": "XKALAX DE DZIBALKÚ", "CLAVE LOC": 310960073, "TIPO DE ASENTAMIENTO": "COMUNIDAD INDIGENA", "NOMBRE": "XKALAX DE DZIBALKÚ", "MONTO ASIGNADO (PESOS)": 210745, "LATITUD": 21.393147, "LONGITUD": -87.975486 }, "geometry": { "type": "Point", "coordinates": [ -87.975486, 21.393147 ] } },
{ "type": "Feature", "properties": { "NO": 453, "ENTIDAD": "YUCATAN", "MUNICIPIO": "TIZIMIN", "PUEBLO INDIGENA O AFROMEXICANO": "MAYA", "LOCALIDAD": "X-MAKULÁN", "CLAVE LOC": 310960074, "TIPO DE ASENTAMIENTO": "COMUNIDAD INDIGENA", "NOMBRE": "X-MAKULÁN", "MONTO ASIGNADO (PESOS)": 169518, "LATITUD": 21.296013, "LONGITUD": -87.953025 }, "geometry": { "type": "Point", "coordinates": [ -87.953025, 21.296013 ] } },
{ "type": "Feature", "properties": { "NO": 454, "ENTIDAD": "YUCATAN", "MUNICIPIO": "TIZIMIN", "PUEBLO INDIGENA O AFROMEXICANO": "MAYA", "LOCALIDAD": "XPANBIHÁ", "CLAVE LOC": 310961452, "TIPO DE ASENTAMIENTO": "COMUNIDAD INDIGENA", "NOMBRE": "XPANBIHÁ", "MONTO ASIGNADO (PESOS)": 84639, "LATITUD": 21.020779, "LONGITUD": -87.880999 }, "geometry": { "type": "Point", "coordinates": [ -87.880999, 21.020779 ] } },
{ "type": "Feature", "properties": { "NO": 455, "ENTIDAD": "YUCATAN", "MUNICIPIO": "TIZIMIN", "PUEBLO INDIGENA O AFROMEXICANO": "MAYA", "LOCALIDAD": "X-PANHATORO", "CLAVE LOC": 310960033, "TIPO DE ASENTAMIENTO": "COMUNIDAD INDIGENA", "NOMBRE": "X-PANHATORO", "MONTO ASIGNADO (PESOS)": 305324, "LATITUD": 21.320047, "LONGITUD": -88.1015 }, "geometry": { "type": "Point", "coordinates": [ -88.1015, 21.320047 ] } },
{ "type": "Feature", "properties": { "NO": 456, "ENTIDAD": "YUCATAN", "MUNICIPIO": "TIZIMIN", "PUEBLO INDIGENA O AFROMEXICANO": "MAYA", "LOCALIDAD": "YAXCHEKÚ", "CLAVE LOC": 310960076, "TIPO DE ASENTAMIENTO": "COMUNIDAD INDIGENA", "NOMBRE": "YAXCHEKÚ", "MONTO ASIGNADO (PESOS)": 298857, "LATITUD": 21.207598, "LONGITUD": -87.933157 }, "geometry": { "type": "Point", "coordinates": [ -87.933157, 21.207598 ] } },
{ "type": "Feature", "properties": { "NO": 457, "ENTIDAD": "YUCATAN", "MUNICIPIO": "TIZIMIN", "PUEBLO INDIGENA O AFROMEXICANO": "MAYA", "LOCALIDAD": "YOHACTÚN DE HIDALGO", "CLAVE LOC": 310960077, "TIPO DE ASENTAMIENTO": "COMUNIDAD INDIGENA", "NOMBRE": "YOHACTÚN DE HIDALGO", "MONTO ASIGNADO (PESOS)": 368377, "LATITUD": 21.417175, "LONGITUD": -88.020658 }, "geometry": { "type": "Point", "coordinates": [ -88.020658, 21.417175 ] } },
{ "type": "Feature", "properties": { "NO": 458, "ENTIDAD": "YUCATAN", "MUNICIPIO": "TUNKAS", "PUEBLO INDIGENA O AFROMEXICANO": "MAYA", "LOCALIDAD": "ONICHÉN", "CLAVE LOC": 310970068, "TIPO DE ASENTAMIENTO": "COMUNIDAD INDIGENA", "NOMBRE": "ONICHÉN", "MONTO ASIGNADO (PESOS)": 180027, "LATITUD": 20.835278, "LONGITUD": -88.840741 }, "geometry": { "type": "Point", "coordinates": [ -88.840741, 20.835278 ] } },
{ "type": "Feature", "properties": { "NO": 459, "ENTIDAD": "YUCATAN", "MUNICIPIO": "TUNKAS", "PUEBLO INDIGENA O AFROMEXICANO": "MAYA", "LOCALIDAD": "SAN ANTONIO CHUC", "CLAVE LOC": 310970007, "TIPO DE ASENTAMIENTO": "COMUNIDAD INDIGENA", "NOMBRE": "SAN ANTONIO CHUC", "MONTO ASIGNADO (PESOS)": 369993, "LATITUD": 20.813036, "LONGITUD": -88.779616 }, "geometry": { "type": "Point", "coordinates": [ -88.779616, 20.813036 ] } },
{ "type": "Feature", "properties": { "NO": 460, "ENTIDAD": "YUCATAN", "MUNICIPIO": "TUNKAS", "PUEBLO INDIGENA O AFROMEXICANO": "MAYA", "LOCALIDAD": "SAN JOSÉ PIBTUCH", "CLAVE LOC": 310970005, "TIPO DE ASENTAMIENTO": "COMUNIDAD INDIGENA", "NOMBRE": "SAN JOSÉ PIBTUCH", "MONTO ASIGNADO (PESOS)": 226104, "LATITUD": 20.946541, "LONGITUD": -88.67478 }, "geometry": { "type": "Point", "coordinates": [ -88.67478, 20.946541 ] } },
{ "type": "Feature", "properties": { "NO": 461, "ENTIDAD": "YUCATAN", "MUNICIPIO": "TZUCACAB", "PUEBLO INDIGENA O AFROMEXICANO": "MAYA", "LOCALIDAD": "BLANCA FLOR", "CLAVE LOC": 310980045, "TIPO DE ASENTAMIENTO": "COMUNIDAD INDIGENA", "NOMBRE": "BLANCA FLOR", "MONTO ASIGNADO (PESOS)": 132333, "LATITUD": 19.797161, "LONGITUD": -89.104978 }, "geometry": { "type": "Point", "coordinates": [ -89.104978, 19.797161 ] } },
{ "type": "Feature", "properties": { "NO": 462, "ENTIDAD": "YUCATAN", "MUNICIPIO": "TZUCACAB", "PUEBLO INDIGENA O AFROMEXICANO": "MAYA", "LOCALIDAD": "CATMÍS", "CLAVE LOC": 310980005, "TIPO DE ASENTAMIENTO": "COMUNIDAD INDIGENA", "NOMBRE": "CATMÍS", "MONTO ASIGNADO (PESOS)": 861482, "LATITUD": 19.957393, "LONGITUD": -88.949374 }, "geometry": { "type": "Point", "coordinates": [ -88.949374, 19.957393 ] } },
{ "type": "Feature", "properties": { "NO": 463, "ENTIDAD": "YUCATAN", "MUNICIPIO": "TZUCACAB", "PUEBLO INDIGENA O AFROMEXICANO": "MAYA", "LOCALIDAD": "CAXAYTUK", "CLAVE LOC": 310980006, "TIPO DE ASENTAMIENTO": "COMUNIDAD INDIGENA", "NOMBRE": "CAXAYTUK", "MONTO ASIGNADO (PESOS)": 437088, "LATITUD": 20.090855, "LONGITUD": -89.133473 }, "geometry": { "type": "Point", "coordinates": [ -89.133473, 20.090855 ] } },
{ "type": "Feature", "properties": { "NO": 464, "ENTIDAD": "YUCATAN", "MUNICIPIO": "TZUCACAB", "PUEBLO INDIGENA O AFROMEXICANO": "MAYA", "LOCALIDAD": "CORRAL", "CLAVE LOC": 310980008, "TIPO DE ASENTAMIENTO": "COMUNIDAD INDIGENA", "NOMBRE": "CORRAL", "MONTO ASIGNADO (PESOS)": 398286, "LATITUD": 19.812255, "LONGITUD": -89.004053 }, "geometry": { "type": "Point", "coordinates": [ -89.004053, 19.812255 ] } },
{ "type": "Feature", "properties": { "NO": 465, "ENTIDAD": "YUCATAN", "MUNICIPIO": "TZUCACAB", "PUEBLO INDIGENA O AFROMEXICANO": "MAYA", "LOCALIDAD": "DZÍ", "CLAVE LOC": 310980011, "TIPO DE ASENTAMIENTO": "COMUNIDAD INDIGENA", "NOMBRE": "DZÍ", "MONTO ASIGNADO (PESOS)": 442747, "LATITUD": 20.090318, "LONGITUD": -89.046422 }, "geometry": { "type": "Point", "coordinates": [ -89.046422, 20.090318 ] } },
{ "type": "Feature", "properties": { "NO": 466, "ENTIDAD": "YUCATAN", "MUNICIPIO": "TZUCACAB", "PUEBLO INDIGENA O AFROMEXICANO": "MAYA", "LOCALIDAD": "EK-BALAM", "CLAVE LOC": 310980012, "TIPO DE ASENTAMIENTO": "COMUNIDAD INDIGENA", "NOMBRE": "EK-BALAM", "MONTO ASIGNADO (PESOS)": 730287, "LATITUD": 20.123394, "LONGITUD": -89.065052 }, "geometry": { "type": "Point", "coordinates": [ -89.065052, 20.123394 ] } },
{ "type": "Feature", "properties": { "NO": 467, "ENTIDAD": "YUCATAN", "MUNICIPIO": "TZUCACAB", "PUEBLO INDIGENA O AFROMEXICANO": "MAYA", "LOCALIDAD": "EL ESCONDIDO", "CLAVE LOC": 310980043, "TIPO DE ASENTAMIENTO": "COMUNIDAD INDIGENA", "NOMBRE": "EL ESCONDIDO", "MONTO ASIGNADO (PESOS)": 207511, "LATITUD": 19.785803, "LONGITUD": -89.052928 }, "geometry": { "type": "Point", "coordinates": [ -89.052928, 19.785803 ] } },
{ "type": "Feature", "properties": { "NO": 468, "ENTIDAD": "YUCATAN", "MUNICIPIO": "TZUCACAB", "PUEBLO INDIGENA O AFROMEXICANO": "MAYA", "LOCALIDAD": "NOH-BEC", "CLAVE LOC": 310980022, "TIPO DE ASENTAMIENTO": "COMUNIDAD INDIGENA", "NOMBRE": "NOH-BEC", "MONTO ASIGNADO (PESOS)": 407987, "LATITUD": 19.87056, "LONGITUD": -89.041759 }, "geometry": { "type": "Point", "coordinates": [ -89.041759, 19.87056 ] } },
{ "type": "Feature", "properties": { "NO": 469, "ENTIDAD": "YUCATAN", "MUNICIPIO": "TZUCACAB", "PUEBLO INDIGENA O AFROMEXICANO": "MAYA", "LOCALIDAD": "POLHUACXIL", "CLAVE LOC": 310980025, "TIPO DE ASENTAMIENTO": "COMUNIDAD INDIGENA", "NOMBRE": "POLHUACXIL", "MONTO ASIGNADO (PESOS)": 205086, "LATITUD": 19.896595, "LONGITUD": -88.995701 }, "geometry": { "type": "Point", "coordinates": [ -88.995701, 19.896595 ] } },
{ "type": "Feature", "properties": { "NO": 470, "ENTIDAD": "YUCATAN", "MUNICIPIO": "TZUCACAB", "PUEBLO INDIGENA O AFROMEXICANO": "MAYA", "LOCALIDAD": "SACBECÁN", "CLAVE LOC": 310980028, "TIPO DE ASENTAMIENTO": "COMUNIDAD INDIGENA", "NOMBRE": "SACBECÁN", "MONTO ASIGNADO (PESOS)": 307749, "LATITUD": 19.913686, "LONGITUD": -89.037412 }, "geometry": { "type": "Point", "coordinates": [ -89.037412, 19.913686 ] } },
{ "type": "Feature", "properties": { "NO": 471, "ENTIDAD": "YUCATAN", "MUNICIPIO": "TZUCACAB", "PUEBLO INDIGENA O AFROMEXICANO": "MAYA", "LOCALIDAD": "SAN SALVADOR PISTE AKAL", "CLAVE LOC": 310980024, "TIPO DE ASENTAMIENTO": "COMUNIDAD INDIGENA", "NOMBRE": "SAN SALVADOR PISTE AKAL", "MONTO ASIGNADO (PESOS)": 298202, "LATITUD": 19.84205, "LONGITUD": -89.106113 }, "geometry": { "type": "Point", "coordinates": [ -89.106113, 19.84205 ] } },
{ "type": "Feature", "properties": { "NO": 472, "ENTIDAD": "YUCATAN", "MUNICIPIO": "TZUCACAB", "PUEBLO INDIGENA O AFROMEXICANO": "MAYA", "LOCALIDAD": "TIGRE GRANDE", "CLAVE LOC": 310980037, "TIPO DE ASENTAMIENTO": "COMUNIDAD INDIGENA", "NOMBRE": "TIGRE GRANDE", "MONTO ASIGNADO (PESOS)": 206703, "LATITUD": 19.710182, "LONGITUD": -89.041964 }, "geometry": { "type": "Point", "coordinates": [ -89.041964, 19.710182 ] } },
{ "type": "Feature", "properties": { "NO": 473, "ENTIDAD": "YUCATAN", "MUNICIPIO": "TZUCACAB", "PUEBLO INDIGENA O AFROMEXICANO": "MAYA", "LOCALIDAD": "XCOBIAKAL (XCOBILAKAL)", "CLAVE LOC": 310980039, "TIPO DE ASENTAMIENTO": "COMUNIDAD INDIGENA", "NOMBRE": "XCOBIAKAL (XCOBILAKAL)", "MONTO ASIGNADO (PESOS)": 133950, "LATITUD": 19.83855, "LONGITUD": -88.982555 }, "geometry": { "type": "Point", "coordinates": [ -88.982555, 19.83855 ] } },
{ "type": "Feature", "properties": { "NO": 474, "ENTIDAD": "YUCATAN", "MUNICIPIO": "UAYMA", "PUEBLO INDIGENA O AFROMEXICANO": "MAYA", "LOCALIDAD": "SAN LORENZO", "CLAVE LOC": 310990080, "TIPO DE ASENTAMIENTO": "COMUNIDAD INDIGENA", "NOMBRE": "SAN LORENZO", "MONTO ASIGNADO (PESOS)": 177602, "LATITUD": 20.674308, "LONGITUD": -88.407551 }, "geometry": { "type": "Point", "coordinates": [ -88.407551, 20.674308 ] } },
{ "type": "Feature", "properties": { "NO": 475, "ENTIDAD": "YUCATAN", "MUNICIPIO": "UAYMA", "PUEBLO INDIGENA O AFROMEXICANO": "MAYA", "LOCALIDAD": "SANTA MARÍA AZNAR", "CLAVE LOC": 310990023, "TIPO DE ASENTAMIENTO": "COMUNIDAD INDIGENA", "NOMBRE": "SANTA MARÍA AZNAR", "MONTO ASIGNADO (PESOS)": 906227, "LATITUD": 20.825206, "LONGITUD": -88.319125 }, "geometry": { "type": "Point", "coordinates": [ -88.319125, 20.825206 ] } },
{ "type": "Feature", "properties": { "NO": 476, "ENTIDAD": "YUCATAN", "MUNICIPIO": "UAYMA", "PUEBLO INDIGENA O AFROMEXICANO": "MAYA", "LOCALIDAD": "UAYMA", "CLAVE LOC": 310990001, "TIPO DE ASENTAMIENTO": "COMUNIDAD INDIGENA", "NOMBRE": "UAYMA", "MONTO ASIGNADO (PESOS)": 2863002, "LATITUD": 20.717787, "LONGITUD": -88.317138 }, "geometry": { "type": "Point", "coordinates": [ -88.317138, 20.717787 ] } },
{ "type": "Feature", "properties": { "NO": 477, "ENTIDAD": "YUCATAN", "MUNICIPIO": "UCU", "PUEBLO INDIGENA O AFROMEXICANO": "MAYA", "LOCALIDAD": "YAXCHÉ DE PEÓN", "CLAVE LOC": 311000003, "TIPO DE ASENTAMIENTO": "COMUNIDAD INDIGENA", "NOMBRE": "YAXCHÉ DE PEÓN", "MONTO ASIGNADO (PESOS)": 820255, "LATITUD": 21.044963, "LONGITUD": -89.756743 }, "geometry": { "type": "Point", "coordinates": [ -89.756743, 21.044963 ] } },
{ "type": "Feature", "properties": { "NO": 478, "ENTIDAD": "YUCATAN", "MUNICIPIO": "UMAN", "PUEBLO INDIGENA O AFROMEXICANO": "MAYA", "LOCALIDAD": "BOLÓN", "CLAVE LOC": 311010002, "TIPO DE ASENTAMIENTO": "COMUNIDAD INDIGENA", "NOMBRE": "BOLÓN", "MONTO ASIGNADO (PESOS)": 1288300, "LATITUD": 20.849992, "LONGITUD": -89.832162 }, "geometry": { "type": "Point", "coordinates": [ -89.832162, 20.849992 ] } },
{ "type": "Feature", "properties": { "NO": 479, "ENTIDAD": "YUCATAN", "MUNICIPIO": "UMAN", "PUEBLO INDIGENA O AFROMEXICANO": "MAYA", "LOCALIDAD": "DZIBIKAK", "CLAVE LOC": 311010005, "TIPO DE ASENTAMIENTO": "COMUNIDAD INDIGENA", "NOMBRE": "DZIBIKAK", "MONTO ASIGNADO (PESOS)": 1356203, "LATITUD": 20.900681, "LONGITUD": -89.793898 }, "geometry": { "type": "Point", "coordinates": [ -89.793898, 20.900681 ] } },
{ "type": "Feature", "properties": { "NO": 480, "ENTIDAD": "YUCATAN", "MUNICIPIO": "UMAN", "PUEBLO INDIGENA O AFROMEXICANO": "MAYA", "LOCALIDAD": "HOTZUC", "CLAVE LOC": 311010006, "TIPO DE ASENTAMIENTO": "COMUNIDAD INDIGENA", "NOMBRE": "HOTZUC", "MONTO ASIGNADO (PESOS)": 284306, "LATITUD": 20.807065, "LONGITUD": -89.692576 }, "geometry": { "type": "Point", "coordinates": [ -89.692576, 20.807065 ] } },
{ "type": "Feature", "properties": { "NO": 481, "ENTIDAD": "YUCATAN", "MUNICIPIO": "UMAN", "PUEBLO INDIGENA O AFROMEXICANO": "MAYA", "LOCALIDAD": "HUNXECTAMÁN", "CLAVE LOC": 311010007, "TIPO DE ASENTAMIENTO": "COMUNIDAD INDIGENA", "NOMBRE": "HUNXECTAMÁN", "MONTO ASIGNADO (PESOS)": 357060, "LATITUD": 20.908047, "LONGITUD": -89.738736 }, "geometry": { "type": "Point", "coordinates": [ -89.738736, 20.908047 ] } },
{ "type": "Feature", "properties": { "NO": 482, "ENTIDAD": "YUCATAN", "MUNICIPIO": "UMAN", "PUEBLO INDIGENA O AFROMEXICANO": "MAYA", "LOCALIDAD": "OXCUM", "CLAVE LOC": 311010009, "TIPO DE ASENTAMIENTO": "COMUNIDAD INDIGENA", "NOMBRE": "OXCUM", "MONTO ASIGNADO (PESOS)": 1222014, "LATITUD": 20.945071, "LONGITUD": -89.763098 }, "geometry": { "type": "Point", "coordinates": [ -89.763098, 20.945071 ] } },
{ "type": "Feature", "properties": { "NO": 483, "ENTIDAD": "YUCATAN", "MUNICIPIO": "UMAN", "PUEBLO INDIGENA O AFROMEXICANO": "MAYA", "LOCALIDAD": "OXHOLÓN", "CLAVE LOC": 311010010, "TIPO DE ASENTAMIENTO": "COMUNIDAD INDIGENA", "NOMBRE": "OXHOLÓN", "MONTO ASIGNADO (PESOS)": 852589, "LATITUD": 20.875427, "LONGITUD": -89.807595 }, "geometry": { "type": "Point", "coordinates": [ -89.807595, 20.875427 ] } },
{ "type": "Feature", "properties": { "NO": 484, "ENTIDAD": "YUCATAN", "MUNICIPIO": "UMAN", "PUEBLO INDIGENA O AFROMEXICANO": "MAYA", "LOCALIDAD": "PETEC BILTÚN", "CLAVE LOC": 311010113, "TIPO DE ASENTAMIENTO": "COMUNIDAD INDIGENA", "NOMBRE": "PETEC BILTÚN", "MONTO ASIGNADO (PESOS)": 221254, "LATITUD": 20.828237, "LONGITUD": -89.686754 }, "geometry": { "type": "Point", "coordinates": [ -89.686754, 20.828237 ] } },
{ "type": "Feature", "properties": { "NO": 485, "ENTIDAD": "YUCATAN", "MUNICIPIO": "UMAN", "PUEBLO INDIGENA O AFROMEXICANO": "MAYA", "LOCALIDAD": "POXILÁ", "CLAVE LOC": 311010011, "TIPO DE ASENTAMIENTO": "COMUNIDAD INDIGENA", "NOMBRE": "POXILÁ", "MONTO ASIGNADO (PESOS)": 802471, "LATITUD": 20.818281, "LONGITUD": -89.804319 }, "geometry": { "type": "Point", "coordinates": [ -89.804319, 20.818281 ] } },
{ "type": "Feature", "properties": { "NO": 486, "ENTIDAD": "YUCATAN", "MUNICIPIO": "UMAN", "PUEBLO INDIGENA O AFROMEXICANO": "MAYA", "LOCALIDAD": "SAC NICTÉ", "CLAVE LOC": 311010057, "TIPO DE ASENTAMIENTO": "COMUNIDAD INDIGENA", "NOMBRE": "SAC NICTÉ", "MONTO ASIGNADO (PESOS)": 114789, "LATITUD": 20.897169, "LONGITUD": -89.817328 }, "geometry": { "type": "Point", "coordinates": [ -89.817328, 20.897169 ] } },
{ "type": "Feature", "properties": { "NO": 487, "ENTIDAD": "YUCATAN", "MUNICIPIO": "UMAN", "PUEBLO INDIGENA O AFROMEXICANO": "MAYA", "LOCALIDAD": "SAN ANTONIO CHUM", "CLAVE LOC": 311010012, "TIPO DE ASENTAMIENTO": "COMUNIDAD INDIGENA", "NOMBRE": "SAN ANTONIO CHUM", "MONTO ASIGNADO (PESOS)": 905133, "LATITUD": 20.87725, "LONGITUD": -89.860119 }, "geometry": { "type": "Point", "coordinates": [ -89.860119, 20.87725 ] } },
{ "type": "Feature", "properties": { "NO": 488, "ENTIDAD": "YUCATAN", "MUNICIPIO": "UMAN", "PUEBLO INDIGENA O AFROMEXICANO": "MAYA", "LOCALIDAD": "SAN ANTONIO MULIX", "CLAVE LOC": 311010013, "TIPO DE ASENTAMIENTO": "COMUNIDAD INDIGENA", "NOMBRE": "SAN ANTONIO MULIX", "MONTO ASIGNADO (PESOS)": 117783, "LATITUD": 20.668446, "LONGITUD": -89.754168 }, "geometry": { "type": "Point", "coordinates": [ -89.754168, 20.668446 ] } },
{ "type": "Feature", "properties": { "NO": 489, "ENTIDAD": "YUCATAN", "MUNICIPIO": "UMAN", "PUEBLO INDIGENA O AFROMEXICANO": "MAYA", "LOCALIDAD": "TANÍL", "CLAVE LOC": 311010014, "TIPO DE ASENTAMIENTO": "COMUNIDAD INDIGENA", "NOMBRE": "TANÍL", "MONTO ASIGNADO (PESOS)": 579361, "LATITUD": 20.891228, "LONGITUD": -89.70967 }, "geometry": { "type": "Point", "coordinates": [ -89.70967, 20.891228 ] } },
{ "type": "Feature", "properties": { "NO": 490, "ENTIDAD": "YUCATAN", "MUNICIPIO": "UMAN", "PUEBLO INDIGENA O AFROMEXICANO": "MAYA", "LOCALIDAD": "TEBEC", "CLAVE LOC": 311010015, "TIPO DE ASENTAMIENTO": "COMUNIDAD INDIGENA", "NOMBRE": "TEBEC", "MONTO ASIGNADO (PESOS)": 454872, "LATITUD": 20.844103, "LONGITUD": -89.707869 }, "geometry": { "type": "Point", "coordinates": [ -89.707869, 20.844103 ] } },
{ "type": "Feature", "properties": { "NO": 491, "ENTIDAD": "YUCATAN", "MUNICIPIO": "UMAN", "PUEBLO INDIGENA O AFROMEXICANO": "MAYA", "LOCALIDAD": "TICIMUL", "CLAVE LOC": 311010016, "TIPO DE ASENTAMIENTO": "COMUNIDAD INDIGENA", "NOMBRE": "TICIMUL", "MONTO ASIGNADO (PESOS)": 894625, "LATITUD": 20.881357, "LONGITUD": -89.682026 }, "geometry": { "type": "Point", "coordinates": [ -89.682026, 20.881357 ] } },
{ "type": "Feature", "properties": { "NO": 492, "ENTIDAD": "YUCATAN", "MUNICIPIO": "UMAN", "PUEBLO INDIGENA O AFROMEXICANO": "MAYA", "LOCALIDAD": "XCUCUL SUR", "CLAVE LOC": 311010017, "TIPO DE ASENTAMIENTO": "COMUNIDAD INDIGENA", "NOMBRE": "XCUCUL SUR", "MONTO ASIGNADO (PESOS)": 484782, "LATITUD": 20.856951, "LONGITUD": -89.6717 }, "geometry": { "type": "Point", "coordinates": [ -89.6717, 20.856951 ] } },
{ "type": "Feature", "properties": { "NO": 493, "ENTIDAD": "YUCATAN", "MUNICIPIO": "UMAN", "PUEBLO INDIGENA O AFROMEXICANO": "MAYA", "LOCALIDAD": "XTEPÉN", "CLAVE LOC": 311010018, "TIPO DE ASENTAMIENTO": "COMUNIDAD INDIGENA", "NOMBRE": "XTEPÉN", "MONTO ASIGNADO (PESOS)": 530859, "LATITUD": 20.823166, "LONGITUD": -89.743324 }, "geometry": { "type": "Point", "coordinates": [ -89.743324, 20.823166 ] } },
{ "type": "Feature", "properties": { "NO": 494, "ENTIDAD": "YUCATAN", "MUNICIPIO": "UMAN", "PUEBLO INDIGENA O AFROMEXICANO": "MAYA", "LOCALIDAD": "YAXCOPOIL", "CLAVE LOC": 311010019, "TIPO DE ASENTAMIENTO": "COMUNIDAD INDIGENA", "NOMBRE": "YAXCOPOIL", "MONTO ASIGNADO (PESOS)": 1104800, "LATITUD": 20.745553, "LONGITUD": -89.72202 }, "geometry": { "type": "Point", "coordinates": [ -89.72202, 20.745553 ] } },
{ "type": "Feature", "properties": { "NO": 495, "ENTIDAD": "YUCATAN", "MUNICIPIO": "VALLADOLID", "PUEBLO INDIGENA O AFROMEXICANO": "MAYA", "LOCALIDAD": "BOLMAY", "CLAVE LOC": 311020631, "TIPO DE ASENTAMIENTO": "COMUNIDAD INDIGENA", "NOMBRE": "BOLMAY", "MONTO ASIGNADO (PESOS)": 403945, "LATITUD": 20.549029, "LONGITUD": -87.934761 }, "geometry": { "type": "Point", "coordinates": [ -87.934761, 20.549029 ] } },
{ "type": "Feature", "properties": { "NO": 496, "ENTIDAD": "YUCATAN", "MUNICIPIO": "VALLADOLID", "PUEBLO INDIGENA O AFROMEXICANO": "MAYA", "LOCALIDAD": "CHAMUL", "CLAVE LOC": 311020300, "TIPO DE ASENTAMIENTO": "COMUNIDAD INDIGENA", "NOMBRE": "CHAMUL", "MONTO ASIGNADO (PESOS)": 138800, "LATITUD": 20.377749, "LONGITUD": -88.065678 }, "geometry": { "type": "Point", "coordinates": [ -88.065678, 20.377749 ] } },
{ "type": "Feature", "properties": { "NO": 497, "ENTIDAD": "YUCATAN", "MUNICIPIO": "VALLADOLID", "PUEBLO INDIGENA O AFROMEXICANO": "MAYA", "LOCALIDAD": "CHAN YOKDZONOT", "CLAVE LOC": 311020263, "TIPO DE ASENTAMIENTO": "COMUNIDAD INDIGENA", "NOMBRE": "CHAN YOKDZONOT", "MONTO ASIGNADO (PESOS)": 201853, "LATITUD": 20.768731, "LONGITUD": -88.182876 }, "geometry": { "type": "Point", "coordinates": [ -88.182876, 20.768731 ] } },
{ "type": "Feature", "properties": { "NO": 498, "ENTIDAD": "YUCATAN", "MUNICIPIO": "VALLADOLID", "PUEBLO INDIGENA O AFROMEXICANO": "MAYA", "LOCALIDAD": "CHANYOKDZONOT II", "CLAVE LOC": 311020745, "TIPO DE ASENTAMIENTO": "COMUNIDAD INDIGENA", "NOMBRE": "CHANYOKDZONOT II", "MONTO ASIGNADO (PESOS)": 153351, "LATITUD": 20.735673, "LONGITUD": -88.20051 }, "geometry": { "type": "Point", "coordinates": [ -88.20051, 20.735673 ] } },
{ "type": "Feature", "properties": { "NO": 499, "ENTIDAD": "YUCATAN", "MUNICIPIO": "VALLADOLID", "PUEBLO INDIGENA O AFROMEXICANO": "MAYA", "LOCALIDAD": "DZIBIL", "CLAVE LOC": 311020044, "TIPO DE ASENTAMIENTO": "COMUNIDAD INDIGENA", "NOMBRE": "DZIBIL", "MONTO ASIGNADO (PESOS)": 122327, "LATITUD": 20.525677, "LONGITUD": -88.024412 }, "geometry": { "type": "Point", "coordinates": [ -88.024412, 20.525677 ] } },
{ "type": "Feature", "properties": { "NO": 500, "ENTIDAD": "YUCATAN", "MUNICIPIO": "VALLADOLID", "PUEBLO INDIGENA O AFROMEXICANO": "MAYA", "LOCALIDAD": "DZITNUP", "CLAVE LOC": 311020045, "TIPO DE ASENTAMIENTO": "COMUNIDAD INDIGENA", "NOMBRE": "DZITNUP", "MONTO ASIGNADO (PESOS)": 1311743, "LATITUD": 20.647104, "LONGITUD": -88.244774 }, "geometry": { "type": "Point", "coordinates": [ -88.244774, 20.647104 ] } },
{ "type": "Feature", "properties": { "NO": 501, "ENTIDAD": "YUCATAN", "MUNICIPIO": "VALLADOLID", "PUEBLO INDIGENA O AFROMEXICANO": "MAYA", "LOCALIDAD": "EBTÚN", "CLAVE LOC": 311020047, "TIPO DE ASENTAMIENTO": "COMUNIDAD INDIGENA", "NOMBRE": "EBTÚN", "MONTO ASIGNADO (PESOS)": 868757, "LATITUD": 20.664943, "LONGITUD": -88.257634 }, "geometry": { "type": "Point", "coordinates": [ -88.257634, 20.664943 ] } },
{ "type": "Feature", "properties": { "NO": 502, "ENTIDAD": "YUCATAN", "MUNICIPIO": "VALLADOLID", "PUEBLO INDIGENA O AFROMEXICANO": "MAYA", "LOCALIDAD": "KANXOC", "CLAVE LOC": 311020055, "TIPO DE ASENTAMIENTO": "COMUNIDAD INDIGENA", "NOMBRE": "KANXOC", "MONTO ASIGNADO (PESOS)": 4564426, "LATITUD": 20.617355, "LONGITUD": -88.09994 }, "geometry": { "type": "Point", "coordinates": [ -88.09994, 20.617355 ] } },
{ "type": "Feature", "properties": { "NO": 503, "ENTIDAD": "YUCATAN", "MUNICIPIO": "VALLADOLID", "PUEBLO INDIGENA O AFROMEXICANO": "MAYA", "LOCALIDAD": "KOOPCHÉN", "CLAVE LOC": 311020060, "TIPO DE ASENTAMIENTO": "COMUNIDAD INDIGENA", "NOMBRE": "KOOPCHÉN", "MONTO ASIGNADO (PESOS)": 141171, "LATITUD": 20.753716, "LONGITUD": -88.183062 }, "geometry": { "type": "Point", "coordinates": [ -88.183062, 20.753716 ] } },
{ "type": "Feature", "properties": { "NO": 504, "ENTIDAD": "YUCATAN", "MUNICIPIO": "VALLADOLID", "PUEBLO INDIGENA O AFROMEXICANO": "MAYA", "LOCALIDAD": "NOHSUYTÚN", "CLAVE LOC": 311020069, "TIPO DE ASENTAMIENTO": "COMUNIDAD INDIGENA", "NOMBRE": "NOHSUYTÚN", "MONTO ASIGNADO (PESOS)": 530608, "LATITUD": 20.435151, "LONGITUD": -88.096535 }, "geometry": { "type": "Point", "coordinates": [ -88.096535, 20.435151 ] } },
{ "type": "Feature", "properties": { "NO": 505, "ENTIDAD": "YUCATAN", "MUNICIPIO": "VALLADOLID", "PUEBLO INDIGENA O AFROMEXICANO": "MAYA", "LOCALIDAD": "PIXOY", "CLAVE LOC": 311020075, "TIPO DE ASENTAMIENTO": "COMUNIDAD INDIGENA", "NOMBRE": "PIXOY", "MONTO ASIGNADO (PESOS)": 1020730, "LATITUD": 20.715661, "LONGITUD": -88.262811 }, "geometry": { "type": "Point", "coordinates": [ -88.262811, 20.715661 ] } },
{ "type": "Feature", "properties": { "NO": 506, "ENTIDAD": "YUCATAN", "MUNICIPIO": "VALLADOLID", "PUEBLO INDIGENA O AFROMEXICANO": "MAYA", "LOCALIDAD": "POPOLÁ", "CLAVE LOC": 311020077, "TIPO DE ASENTAMIENTO": "COMUNIDAD INDIGENA", "NOMBRE": "POPOLÁ", "MONTO ASIGNADO (PESOS)": 4079597, "LATITUD": 20.732481, "LONGITUD": -88.23786 }, "geometry": { "type": "Point", "coordinates": [ -88.23786, 20.732481 ] } },
{ "type": "Feature", "properties": { "NO": 507, "ENTIDAD": "YUCATAN", "MUNICIPIO": "VALLADOLID", "PUEBLO INDIGENA O AFROMEXICANO": "MAYA", "LOCALIDAD": "SAN ANDRÉS X-BAC", "CLAVE LOC": 311020081, "TIPO DE ASENTAMIENTO": "COMUNIDAD INDIGENA", "NOMBRE": "SAN ANDRÉS X-BAC", "MONTO ASIGNADO (PESOS)": 167093, "LATITUD": 20.718498, "LONGITUD": -88.068244 }, "geometry": { "type": "Point", "coordinates": [ -88.068244, 20.718498 ] } },
{ "type": "Feature", "properties": { "NO": 508, "ENTIDAD": "YUCATAN", "MUNICIPIO": "VALLADOLID", "PUEBLO INDIGENA O AFROMEXICANO": "MAYA", "LOCALIDAD": "SAN VICENTE", "CLAVE LOC": 311020117, "TIPO DE ASENTAMIENTO": "COMUNIDAD INDIGENA", "NOMBRE": "SAN VICENTE", "MONTO ASIGNADO (PESOS)": 108508, "LATITUD": 20.717074, "LONGITUD": -88.072506 }, "geometry": { "type": "Point", "coordinates": [ -88.072506, 20.717074 ] } },
{ "type": "Feature", "properties": { "NO": 509, "ENTIDAD": "YUCATAN", "MUNICIPIO": "VALLADOLID", "PUEBLO INDIGENA O AFROMEXICANO": "MAYA", "LOCALIDAD": "SANTA ELEUTERIA", "CLAVE LOC": 311020655, "TIPO DE ASENTAMIENTO": "COMUNIDAD INDIGENA", "NOMBRE": "SANTA ELEUTERIA", "MONTO ASIGNADO (PESOS)": 146884, "LATITUD": 20.668887, "LONGITUD": -88.330956 }, "geometry": { "type": "Point", "coordinates": [ -88.330956, 20.668887 ] } },
{ "type": "Feature", "properties": { "NO": 510, "ENTIDAD": "YUCATAN", "MUNICIPIO": "VALLADOLID", "PUEBLO INDIGENA O AFROMEXICANO": "MAYA", "LOCALIDAD": "SANTA ROSA", "CLAVE LOC": 311020116, "TIPO DE ASENTAMIENTO": "COMUNIDAD INDIGENA", "NOMBRE": "SANTA ROSA", "MONTO ASIGNADO (PESOS)": 111021, "LATITUD": 20.493134, "LONGITUD": -88.095699 }, "geometry": { "type": "Point", "coordinates": [ -88.095699, 20.493134 ] } },
{ "type": "Feature", "properties": { "NO": 511, "ENTIDAD": "YUCATAN", "MUNICIPIO": "VALLADOLID", "PUEBLO INDIGENA O AFROMEXICANO": "MAYA", "LOCALIDAD": "TAHMUY", "CLAVE LOC": 311020127, "TIPO DE ASENTAMIENTO": "COMUNIDAD INDIGENA", "NOMBRE": "TAHMUY", "MONTO ASIGNADO (PESOS)": 1182165, "LATITUD": 20.759257, "LONGITUD": -88.142208 }, "geometry": { "type": "Point", "coordinates": [ -88.142208, 20.759257 ] } },
{ "type": "Feature", "properties": { "NO": 512, "ENTIDAD": "YUCATAN", "MUNICIPIO": "VALLADOLID", "PUEBLO INDIGENA O AFROMEXICANO": "MAYA", "LOCALIDAD": "TEPAKÁN", "CLAVE LOC": 311020608, "TIPO DE ASENTAMIENTO": "COMUNIDAD INDIGENA", "NOMBRE": "TEPAKÁN", "MONTO ASIGNADO (PESOS)": 130716, "LATITUD": 20.742741, "LONGITUD": -88.166478 }, "geometry": { "type": "Point", "coordinates": [ -88.166478, 20.742741 ] } },
{ "type": "Feature", "properties": { "NO": 513, "ENTIDAD": "YUCATAN", "MUNICIPIO": "VALLADOLID", "PUEBLO INDIGENA O AFROMEXICANO": "MAYA", "LOCALIDAD": "TESOCO", "CLAVE LOC": 311020129, "TIPO DE ASENTAMIENTO": "COMUNIDAD INDIGENA", "NOMBRE": "TESOCO", "MONTO ASIGNADO (PESOS)": 1597905, "LATITUD": 20.722469, "LONGITUD": -88.154545 }, "geometry": { "type": "Point", "coordinates": [ -88.154545, 20.722469 ] } },
{ "type": "Feature", "properties": { "NO": 514, "ENTIDAD": "YUCATAN", "MUNICIPIO": "VALLADOLID", "PUEBLO INDIGENA O AFROMEXICANO": "MAYA", "LOCALIDAD": "TIKUCH", "CLAVE LOC": 311020130, "TIPO DE ASENTAMIENTO": "COMUNIDAD INDIGENA", "NOMBRE": "TIKUCH", "MONTO ASIGNADO (PESOS)": 1750503, "LATITUD": 20.703078, "LONGITUD": -88.112183 }, "geometry": { "type": "Point", "coordinates": [ -88.112183, 20.703078 ] } },
{ "type": "Feature", "properties": { "NO": 515, "ENTIDAD": "YUCATAN", "MUNICIPIO": "VALLADOLID", "PUEBLO INDIGENA O AFROMEXICANO": "MAYA", "LOCALIDAD": "TIMAS", "CLAVE LOC": 311020621, "TIPO DE ASENTAMIENTO": "LOCALIDAD CON POBLACION INDIGENA", "NOMBRE": "TIMAS", "MONTO ASIGNADO (PESOS)": 100807, "LATITUD": 20.486916, "LONGITUD": -87.991616 }, "geometry": { "type": "Point", "coordinates": [ -87.991616, 20.486916 ] } },
{ "type": "Feature", "properties": { "NO": 516, "ENTIDAD": "YUCATAN", "MUNICIPIO": "VALLADOLID", "PUEBLO INDIGENA O AFROMEXICANO": "MAYA", "LOCALIDAD": "TIXHUALACTÚN", "CLAVE LOC": 311020132, "TIPO DE ASENTAMIENTO": "COMUNIDAD INDIGENA", "NOMBRE": "TIXHUALACTÚN", "MONTO ASIGNADO (PESOS)": 1686826, "LATITUD": 20.643974, "LONGITUD": -88.143043 }, "geometry": { "type": "Point", "coordinates": [ -88.143043, 20.643974 ] } },
{ "type": "Feature", "properties": { "NO": 517, "ENTIDAD": "YUCATAN", "MUNICIPIO": "VALLADOLID", "PUEBLO INDIGENA O AFROMEXICANO": "MAYA", "LOCALIDAD": "USPIB", "CLAVE LOC": 311020324, "TIPO DE ASENTAMIENTO": "COMUNIDAD INDIGENA", "NOMBRE": "USPIB", "MONTO ASIGNADO (PESOS)": 124839, "LATITUD": 20.798369, "LONGITUD": -88.048445 }, "geometry": { "type": "Point", "coordinates": [ -88.048445, 20.798369 ] } },
{ "type": "Feature", "properties": { "NO": 518, "ENTIDAD": "YUCATAN", "MUNICIPIO": "VALLADOLID", "PUEBLO INDIGENA O AFROMEXICANO": "MAYA", "LOCALIDAD": "X-BACAB", "CLAVE LOC": 311020481, "TIPO DE ASENTAMIENTO": "COMUNIDAD INDIGENA", "NOMBRE": "X-BACAB", "MONTO ASIGNADO (PESOS)": 137183, "LATITUD": 20.792644, "LONGITUD": -87.980029 }, "geometry": { "type": "Point", "coordinates": [ -87.980029, 20.792644 ] } },
{ "type": "Feature", "properties": { "NO": 519, "ENTIDAD": "YUCATAN", "MUNICIPIO": "VALLADOLID", "PUEBLO INDIGENA O AFROMEXICANO": "MAYA", "LOCALIDAD": "X-BATÚN", "CLAVE LOC": 311020523, "TIPO DE ASENTAMIENTO": "COMUNIDAD INDIGENA", "NOMBRE": "X-BATÚN", "MONTO ASIGNADO (PESOS)": 109764, "LATITUD": 20.549175, "LONGITUD": -88.060318 }, "geometry": { "type": "Point", "coordinates": [ -88.060318, 20.549175 ] } },
{ "type": "Feature", "properties": { "NO": 520, "ENTIDAD": "YUCATAN", "MUNICIPIO": "VALLADOLID", "PUEBLO INDIGENA O AFROMEXICANO": "MAYA", "LOCALIDAD": "X-COHUÓ", "CLAVE LOC": 311020149, "TIPO DE ASENTAMIENTO": "COMUNIDAD INDIGENA", "NOMBRE": "X-COHUÓ", "MONTO ASIGNADO (PESOS)": 199428, "LATITUD": 20.804186, "LONGITUD": -87.94924 }, "geometry": { "type": "Point", "coordinates": [ -87.94924, 20.804186 ] } },
{ "type": "Feature", "properties": { "NO": 521, "ENTIDAD": "YUCATAN", "MUNICIPIO": "VALLADOLID", "PUEBLO INDIGENA O AFROMEXICANO": "MAYA", "LOCALIDAD": "XKAMPEPÉN", "CLAVE LOC": 311020051, "TIPO DE ASENTAMIENTO": "COMUNIDAD INDIGENA", "NOMBRE": "XKAMPEPÉN", "MONTO ASIGNADO (PESOS)": 122327, "LATITUD": 20.478414, "LONGITUD": -88.095928 }, "geometry": { "type": "Point", "coordinates": [ -88.095928, 20.478414 ] } },
{ "type": "Feature", "properties": { "NO": 522, "ENTIDAD": "YUCATAN", "MUNICIPIO": "VALLADOLID", "PUEBLO INDIGENA O AFROMEXICANO": "MAYA", "LOCALIDAD": "XOCÉN", "CLAVE LOC": 311020174, "TIPO DE ASENTAMIENTO": "COMUNIDAD INDIGENA", "NOMBRE": "XOCÉN", "MONTO ASIGNADO (PESOS)": 2360197, "LATITUD": 20.598843, "LONGITUD": -88.163692 }, "geometry": { "type": "Point", "coordinates": [ -88.163692, 20.598843 ] } },
{ "type": "Feature", "properties": { "NO": 523, "ENTIDAD": "YUCATAN", "MUNICIPIO": "VALLADOLID", "PUEBLO INDIGENA O AFROMEXICANO": "MAYA", "LOCALIDAD": "XUILUB", "CLAVE LOC": 311020182, "TIPO DE ASENTAMIENTO": "COMUNIDAD INDIGENA", "NOMBRE": "XUILUB", "MONTO ASIGNADO (PESOS)": 84639, "LATITUD": 20.640605, "LONGITUD": -88.151799 }, "geometry": { "type": "Point", "coordinates": [ -88.151799, 20.640605 ] } },
{ "type": "Feature", "properties": { "NO": 524, "ENTIDAD": "YUCATAN", "MUNICIPIO": "VALLADOLID", "PUEBLO INDIGENA O AFROMEXICANO": "MAYA", "LOCALIDAD": "XUILUB", "CLAVE LOC": 311020183, "TIPO DE ASENTAMIENTO": "LOCALIDAD CON POBLACION INDIGENA", "NOMBRE": "XUILUB", "MONTO ASIGNADO (PESOS)": 635947, "LATITUD": 20.417552, "LONGITUD": -88.030039 }, "geometry": { "type": "Point", "coordinates": [ -88.030039, 20.417552 ] } },
{ "type": "Feature", "properties": { "NO": 525, "ENTIDAD": "YUCATAN", "MUNICIPIO": "VALLADOLID", "PUEBLO INDIGENA O AFROMEXICANO": "MAYA", "LOCALIDAD": "YAAX-HAL", "CLAVE LOC": 311020671, "TIPO DE ASENTAMIENTO": "COMUNIDAD INDIGENA", "NOMBRE": "YAAX-HAL", "MONTO ASIGNADO (PESOS)": 413777, "LATITUD": 20.83135, "LONGITUD": -88.027832 }, "geometry": { "type": "Point", "coordinates": [ -88.027832, 20.83135 ] } },
{ "type": "Feature", "properties": { "NO": 526, "ENTIDAD": "YUCATAN", "MUNICIPIO": "VALLADOLID", "PUEBLO INDIGENA O AFROMEXICANO": "MAYA", "LOCALIDAD": "YALCOBÁ", "CLAVE LOC": 311020188, "TIPO DE ASENTAMIENTO": "COMUNIDAD INDIGENA", "NOMBRE": "YALCOBÁ", "MONTO ASIGNADO (PESOS)": 2692842, "LATITUD": 20.790674, "LONGITUD": -88.038337 }, "geometry": { "type": "Point", "coordinates": [ -88.038337, 20.790674 ] } },
{ "type": "Feature", "properties": { "NO": 527, "ENTIDAD": "YUCATAN", "MUNICIPIO": "VALLADOLID", "PUEBLO INDIGENA O AFROMEXICANO": "MAYA", "LOCALIDAD": "YALCÓN", "CLAVE LOC": 311020189, "TIPO DE ASENTAMIENTO": "COMUNIDAD INDIGENA", "NOMBRE": "YALCÓN", "MONTO ASIGNADO (PESOS)": 285923, "LATITUD": 20.679529, "LONGITUD": -88.157846 }, "geometry": { "type": "Point", "coordinates": [ -88.157846, 20.679529 ] } },
{ "type": "Feature", "properties": { "NO": 528, "ENTIDAD": "YUCATAN", "MUNICIPIO": "VALLADOLID", "PUEBLO INDIGENA O AFROMEXICANO": "MAYA", "LOCALIDAD": "YAXCHÉ", "CLAVE LOC": 311020192, "TIPO DE ASENTAMIENTO": "COMUNIDAD INDIGENA", "NOMBRE": "YAXCHÉ", "MONTO ASIGNADO (PESOS)": 189727, "LATITUD": 20.718013, "LONGITUD": -88.088854 }, "geometry": { "type": "Point", "coordinates": [ -88.088854, 20.718013 ] } },
{ "type": "Feature", "properties": { "NO": 529, "ENTIDAD": "YUCATAN", "MUNICIPIO": "VALLADOLID", "PUEBLO INDIGENA O AFROMEXICANO": "MAYA", "LOCALIDAD": "ZODZILCHÉN", "CLAVE LOC": 311020538, "TIPO DE ASENTAMIENTO": "COMUNIDAD INDIGENA", "NOMBRE": "ZODZILCHÉN", "MONTO ASIGNADO (PESOS)": 177602, "LATITUD": 20.747712, "LONGITUD": -88.124391 }, "geometry": { "type": "Point", "coordinates": [ -88.124391, 20.747712 ] } },
{ "type": "Feature", "properties": { "NO": 530, "ENTIDAD": "YUCATAN", "MUNICIPIO": "YAXCABA", "PUEBLO INDIGENA O AFROMEXICANO": "MAYA", "LOCALIDAD": "CANAKOM", "CLAVE LOC": 311040002, "TIPO DE ASENTAMIENTO": "COMUNIDAD INDIGENA", "NOMBRE": "CANAKOM", "MONTO ASIGNADO (PESOS)": 469423, "LATITUD": 20.441488, "LONGITUD": -88.761936 }, "geometry": { "type": "Point", "coordinates": [ -88.761936, 20.441488 ] } },
{ "type": "Feature", "properties": { "NO": 531, "ENTIDAD": "YUCATAN", "MUNICIPIO": "YAXCABA", "PUEBLO INDIGENA O AFROMEXICANO": "MAYA", "LOCALIDAD": "CHIMAY", "CLAVE LOC": 311040045, "TIPO DE ASENTAMIENTO": "COMUNIDAD INDIGENA", "NOMBRE": "CHIMAY", "MONTO ASIGNADO (PESOS)": 230364, "LATITUD": 20.540647, "LONGITUD": -88.727669 }, "geometry": { "type": "Point", "coordinates": [ -88.727669, 20.540647 ] } },
{ "type": "Feature", "properties": { "NO": 532, "ENTIDAD": "YUCATAN", "MUNICIPIO": "YAXCABA", "PUEBLO INDIGENA O AFROMEXICANO": "MAYA", "LOCALIDAD": "CIPCHÉ", "CLAVE LOC": 311040011, "TIPO DE ASENTAMIENTO": "COMUNIDAD INDIGENA", "NOMBRE": "CIPCHÉ", "MONTO ASIGNADO (PESOS)": 158758, "LATITUD": 20.312063, "LONGITUD": -88.597037 }, "geometry": { "type": "Point", "coordinates": [ -88.597037, 20.312063 ] } },
{ "type": "Feature", "properties": { "NO": 533, "ENTIDAD": "YUCATAN", "MUNICIPIO": "YAXCABA", "PUEBLO INDIGENA O AFROMEXICANO": "MAYA", "LOCALIDAD": "CISTEIL", "CLAVE LOC": 311040067, "TIPO DE ASENTAMIENTO": "COMUNIDAD INDIGENA", "NOMBRE": "CISTEIL", "MONTO ASIGNADO (PESOS)": 246696, "LATITUD": 20.320156, "LONGITUD": -88.845132 }, "geometry": { "type": "Point", "coordinates": [ -88.845132, 20.320156 ] } },
{ "type": "Feature", "properties": { "NO": 534, "ENTIDAD": "YUCATAN", "MUNICIPIO": "YAXCABA", "PUEBLO INDIGENA O AFROMEXICANO": "MAYA", "LOCALIDAD": "HUECHEN BALAM", "CLAVE LOC": 311040031, "TIPO DE ASENTAMIENTO": "COMUNIDAD INDIGENA", "NOMBRE": "HUECHEN BALAM", "MONTO ASIGNADO (PESOS)": 318302, "LATITUD": 20.394271, "LONGITUD": -88.68136 }, "geometry": { "type": "Point", "coordinates": [ -88.68136, 20.394271 ] } },
{ "type": "Feature", "properties": { "NO": 535, "ENTIDAD": "YUCATAN", "MUNICIPIO": "YAXCABA", "PUEBLO INDIGENA O AFROMEXICANO": "MAYA", "LOCALIDAD": "KANCABDZONOT", "CLAVE LOC": 311040051, "TIPO DE ASENTAMIENTO": "COMUNIDAD INDIGENA", "NOMBRE": "KANCABDZONOT", "MONTO ASIGNADO (PESOS)": 877649, "LATITUD": 20.509478, "LONGITUD": -88.71128 }, "geometry": { "type": "Point", "coordinates": [ -88.71128, 20.509478 ] } },
{ "type": "Feature", "properties": { "NO": 536, "ENTIDAD": "YUCATAN", "MUNICIPIO": "YAXCABA", "PUEBLO INDIGENA O AFROMEXICANO": "MAYA", "LOCALIDAD": "LIBRE UNIÓN", "CLAVE LOC": 311040032, "TIPO DE ASENTAMIENTO": "COMUNIDAD INDIGENA", "NOMBRE": "LIBRE UNIÓN", "MONTO ASIGNADO (PESOS)": 1621348, "LATITUD": 20.707355, "LONGITUD": -88.809972 }, "geometry": { "type": "Point", "coordinates": [ -88.809972, 20.707355 ] } },
{ "type": "Feature", "properties": { "NO": 537, "ENTIDAD": "YUCATAN", "MUNICIPIO": "YAXCABA", "PUEBLO INDIGENA O AFROMEXICANO": "MAYA", "LOCALIDAD": "POPOLÁ", "CLAVE LOC": 311040056, "TIPO DE ASENTAMIENTO": "LOCALIDAD CON POBLACION INDIGENA", "NOMBRE": "POPOLÁ", "MONTO ASIGNADO (PESOS)": 273798, "LATITUD": 20.595597, "LONGITUD": -88.650273 }, "geometry": { "type": "Point", "coordinates": [ -88.650273, 20.595597 ] } },
{ "type": "Feature", "properties": { "NO": 538, "ENTIDAD": "YUCATAN", "MUNICIPIO": "YAXCABA", "PUEBLO INDIGENA O AFROMEXICANO": "MAYA", "LOCALIDAD": "SAN MARCOS", "CLAVE LOC": 311040054, "TIPO DE ASENTAMIENTO": "COMUNIDAD INDIGENA", "NOMBRE": "SAN MARCOS", "MONTO ASIGNADO (PESOS)": 266522, "LATITUD": 20.257198, "LONGITUD": -88.650089 }, "geometry": { "type": "Point", "coordinates": [ -88.650089, 20.257198 ] } },
{ "type": "Feature", "properties": { "NO": 539, "ENTIDAD": "YUCATAN", "MUNICIPIO": "YAXCABA", "PUEBLO INDIGENA O AFROMEXICANO": "MAYA", "LOCALIDAD": "SAN PEDRO", "CLAVE LOC": 311040018, "TIPO DE ASENTAMIENTO": "COMUNIDAD INDIGENA", "NOMBRE": "SAN PEDRO", "MONTO ASIGNADO (PESOS)": 337146, "LATITUD": 20.390487, "LONGITUD": -88.722362 }, "geometry": { "type": "Point", "coordinates": [ -88.722362, 20.390487 ] } },
{ "type": "Feature", "properties": { "NO": 540, "ENTIDAD": "YUCATAN", "MUNICIPIO": "YAXCABA", "PUEBLO INDIGENA O AFROMEXICANO": "MAYA", "LOCALIDAD": "SANTA MARÍA", "CLAVE LOC": 311040047, "TIPO DE ASENTAMIENTO": "COMUNIDAD INDIGENA", "NOMBRE": "SANTA MARÍA", "MONTO ASIGNADO (PESOS)": 260864, "LATITUD": 20.505456, "LONGITUD": -88.660668 }, "geometry": { "type": "Point", "coordinates": [ -88.660668, 20.505456 ] } },
{ "type": "Feature", "properties": { "NO": 541, "ENTIDAD": "YUCATAN", "MUNICIPIO": "YAXCABA", "PUEBLO INDIGENA O AFROMEXICANO": "MAYA", "LOCALIDAD": "SANTA MARÍA", "CLAVE LOC": 311040169, "TIPO DE ASENTAMIENTO": "LOCALIDAD CON POBLACION INDIGENA", "NOMBRE": "SANTA MARÍA", "MONTO ASIGNADO (PESOS)": 167552, "LATITUD": 20.395771, "LONGITUD": -88.904961 }, "geometry": { "type": "Point", "coordinates": [ -88.904961, 20.395771 ] } },
{ "type": "Feature", "properties": { "NO": 542, "ENTIDAD": "YUCATAN", "MUNICIPIO": "YAXCABA", "PUEBLO INDIGENA O AFROMEXICANO": "MAYA", "LOCALIDAD": "TAHDZIBICHÉN", "CLAVE LOC": 311040060, "TIPO DE ASENTAMIENTO": "COMUNIDAD INDIGENA", "NOMBRE": "TAHDZIBICHÉN", "MONTO ASIGNADO (PESOS)": 1472608, "LATITUD": 20.450098, "LONGITUD": -88.831711 }, "geometry": { "type": "Point", "coordinates": [ -88.831711, 20.450098 ] } },
{ "type": "Feature", "properties": { "NO": 543, "ENTIDAD": "YUCATAN", "MUNICIPIO": "YAXCABA", "PUEBLO INDIGENA O AFROMEXICANO": "MAYA", "LOCALIDAD": "TIHOLOP", "CLAVE LOC": 311040019, "TIPO DE ASENTAMIENTO": "COMUNIDAD INDIGENA", "NOMBRE": "TIHOLOP", "MONTO ASIGNADO (PESOS)": 1382071, "LATITUD": 20.331722, "LONGITUD": -88.688902 }, "geometry": { "type": "Point", "coordinates": [ -88.688902, 20.331722 ] } },
{ "type": "Feature", "properties": { "NO": 544, "ENTIDAD": "YUCATAN", "MUNICIPIO": "YAXCABA", "PUEBLO INDIGENA O AFROMEXICANO": "MAYA", "LOCALIDAD": "TINUNCAH", "CLAVE LOC": 311040010, "TIPO DE ASENTAMIENTO": "COMUNIDAD INDIGENA", "NOMBRE": "TINUNCAH", "MONTO ASIGNADO (PESOS)": 303227, "LATITUD": 20.262555, "LONGITUD": -88.682799 }, "geometry": { "type": "Point", "coordinates": [ -88.682799, 20.262555 ] } },
{ "type": "Feature", "properties": { "NO": 545, "ENTIDAD": "YUCATAN", "MUNICIPIO": "YAXCABA", "PUEBLO INDIGENA O AFROMEXICANO": "MAYA", "LOCALIDAD": "TIXCACALTUYUB", "CLAVE LOC": 311040052, "TIPO DE ASENTAMIENTO": "COMUNIDAD INDIGENA", "NOMBRE": "TIXCACALTUYUB", "MONTO ASIGNADO (PESOS)": 2162146, "LATITUD": 20.493149, "LONGITUD": -88.917557 }, "geometry": { "type": "Point", "coordinates": [ -88.917557, 20.493149 ] } },
{ "type": "Feature", "properties": { "NO": 546, "ENTIDAD": "YUCATAN", "MUNICIPIO": "YAXCABA", "PUEBLO INDIGENA O AFROMEXICANO": "MAYA", "LOCALIDAD": "TIXCACALTUYUB", "CLAVE LOC": 311040052, "TIPO DE ASENTAMIENTO": "LOCALIDAD CON POBLACION INDIGENA", "NOMBRE": "TIXCACALTUYUB", "MONTO ASIGNADO (PESOS)": 2162146, "LATITUD": 20.493149, "LONGITUD": -88.917557 }, "geometry": { "type": "Point", "coordinates": [ -88.917557, 20.493149 ] } },
{ "type": "Feature", "properties": { "NO": 547, "ENTIDAD": "YUCATAN", "MUNICIPIO": "YAXCABA", "PUEBLO INDIGENA O AFROMEXICANO": "MAYA", "LOCALIDAD": "XLAPAK", "CLAVE LOC": 311040021, "TIPO DE ASENTAMIENTO": "COMUNIDAD INDIGENA", "NOMBRE": "XLAPAK", "MONTO ASIGNADO (PESOS)": 304483, "LATITUD": 20.256314, "LONGITUD": -88.628967 }, "geometry": { "type": "Point", "coordinates": [ -88.628967, 20.256314 ] } },
{ "type": "Feature", "properties": { "NO": 548, "ENTIDAD": "YUCATAN", "MUNICIPIO": "YAXCABA", "PUEBLO INDIGENA O AFROMEXICANO": "MAYA", "LOCALIDAD": "X-MEXIL", "CLAVE LOC": 311040041, "TIPO DE ASENTAMIENTO": "COMUNIDAD INDIGENA", "NOMBRE": "X-MEXIL", "MONTO ASIGNADO (PESOS)": 170326, "LATITUD": 20.657217, "LONGITUD": -88.735994 }, "geometry": { "type": "Point", "coordinates": [ -88.735994, 20.657217 ] } },
{ "type": "Feature", "properties": { "NO": 549, "ENTIDAD": "YUCATAN", "MUNICIPIO": "YAXCABA", "PUEBLO INDIGENA O AFROMEXICANO": "MAYA", "LOCALIDAD": "XNICTEIL", "CLAVE LOC": 311040015, "TIPO DE ASENTAMIENTO": "COMUNIDAD INDIGENA", "NOMBRE": "XNICTEIL", "MONTO ASIGNADO (PESOS)": 88681, "LATITUD": 20.228175, "LONGITUD": -88.618702 }, "geometry": { "type": "Point", "coordinates": [ -88.618702, 20.228175 ] } },
{ "type": "Feature", "properties": { "NO": 550, "ENTIDAD": "YUCATAN", "MUNICIPIO": "YAXCABA", "PUEBLO INDIGENA O AFROMEXICANO": "MAYA", "LOCALIDAD": "X-POM", "CLAVE LOC": 311040131, "TIPO DE ASENTAMIENTO": "COMUNIDAD INDIGENA", "NOMBRE": "X-POM", "MONTO ASIGNADO (PESOS)": 215289, "LATITUD": 20.361062, "LONGITUD": -88.867821 }, "geometry": { "type": "Point", "coordinates": [ -88.867821, 20.361062 ] } },
{ "type": "Feature", "properties": { "NO": 551, "ENTIDAD": "YUCATAN", "MUNICIPIO": "YAXCABA", "PUEBLO INDIGENA O AFROMEXICANO": "MAYA", "LOCALIDAD": "YAXUNAH", "CLAVE LOC": 311040043, "TIPO DE ASENTAMIENTO": "COMUNIDAD INDIGENA", "NOMBRE": "YAXUNAH", "MONTO ASIGNADO (PESOS)": 694958, "LATITUD": 20.541021, "LONGITUD": -88.676534 }, "geometry": { "type": "Point", "coordinates": [ -88.676534, 20.541021 ] } },
{ "type": "Feature", "properties": { "NO": 552, "ENTIDAD": "YUCATAN", "MUNICIPIO": "YAXCABA", "PUEBLO INDIGENA O AFROMEXICANO": "MAYA", "LOCALIDAD": "YOKDZONOT", "CLAVE LOC": 311040035, "TIPO DE ASENTAMIENTO": "COMUNIDAD INDIGENA", "NOMBRE": "YOKDZONOT", "MONTO ASIGNADO (PESOS)": 720825, "LATITUD": 20.710833, "LONGITUD": -88.731026 }, "geometry": { "type": "Point", "coordinates": [ -88.731026, 20.710833 ] } },
{ "type": "Feature", "properties": { "NO": 553, "ENTIDAD": "YUCATAN", "MUNICIPIO": "YAXCABA", "PUEBLO INDIGENA O AFROMEXICANO": "MAYA", "LOCALIDAD": "YOKDZONOT-HÚ", "CLAVE LOC": 311040027, "TIPO DE ASENTAMIENTO": "COMUNIDAD INDIGENA", "NOMBRE": "YOKDZONOT-HÚ", "MONTO ASIGNADO (PESOS)": 147692, "LATITUD": 20.460305, "LONGITUD": -88.642756 }, "geometry": { "type": "Point", "coordinates": [ -88.642756, 20.460305 ] } },
{ "type": "Feature", "properties": { "NO": 554, "ENTIDAD": "YUCATAN", "MUNICIPIO": "YAXCABA", "PUEBLO INDIGENA O AFROMEXICANO": "MAYA", "LOCALIDAD": "(SINNOMBRE)", "CLAVE LOC": 311041052, "TIPO DE ASENTAMIENTO": "COMUNIDAD INDIGENA", "NOMBRE": "CHANSANTAMARIA", "MONTO ASIGNADO (PESOS)": 84639, "LATITUD": 21.113922, "LONGITUD": -89.633554 }, "geometry": { "type": "Point", "coordinates": [ -89.633554, 21.113922 ] } },
{ "type": "Feature", "properties": { "NO": 555, "ENTIDAD": "YUCATAN", "MUNICIPIO": "YAXCABA", "PUEBLO INDIGENA O AFROMEXICANO": "MAYA", "LOCALIDAD": "(SINNOMBRE)", "CLAVE LOC": 311040066, "TIPO DE ASENTAMIENTO": "COMUNIDAD INDIGENA", "NOMBRE": "POPOLÁ.", "MONTO ASIGNADO (PESOS)": 84639, "LATITUD": 20.59492, "LONGITUD": -88.650697 }, "geometry": { "type": "Point", "coordinates": [ -88.650697, 20.59492 ] } },
{ "type": "Feature", "properties": { "NO": 556, "ENTIDAD": "YUCATAN", "MUNICIPIO": "YAXKUKUL", "PUEBLO INDIGENA O AFROMEXICANO": "MAYA", "LOCALIDAD": "YAXKUKUL", "CLAVE LOC": 311050001, "TIPO DE ASENTAMIENTO": "COMUNIDAD INDIGENA", "NOMBRE": "YAXKUKUL", "MONTO ASIGNADO (PESOS)": 104040, "LATITUD": 21.063479, "LONGITUD": -89.419238 }, "geometry": { "type": "Point", "coordinates": [ -89.419238, 21.063479 ] } },
{ "type": "Feature", "properties": { "NO": 557, "ENTIDAD": "YUCATAN", "MUNICIPIO": "YOBAIN", "PUEBLO INDIGENA O AFROMEXICANO": "MAYA", "LOCALIDAD": "CHABIHAU", "CLAVE LOC": 311060002, "TIPO DE ASENTAMIENTO": "COMUNIDAD INDIGENA", "NOMBRE": "CHABIHAU", "MONTO ASIGNADO (PESOS)": 350593, "LATITUD": 21.356283, "LONGITUD": -89.117918 }, "geometry": { "type": "Point", "coordinates": [ -89.117918, 21.356283 ] } },
{ "type": "Feature", "properties": { "NO": 558, "ENTIDAD": "YUCATAN", "MUNICIPIO": "IZAMAL", "PUEBLO INDIGENA O AFROMEXICANO": "MAYA", "LOCALIDAD": "KIMBILÁ", "CLAVE LOC": 310400041, "TIPO DE ASENTAMIENTO": "LOCALIDAD CON POBLACION INDIGENA", "NOMBRE": "KIMBILÁ", "MONTO ASIGNADO (PESOS)": 84639, "LATITUD": 20.934634, "LONGITUD": -89.125231 }, "geometry": { "type": "Point", "coordinates": [ -89.125231, 20.934634 ] } }
]
}
